"","V1","V2","V3","V4","V5","V6","V7"
"1",-1.46932076923353,0.492535609374355,-2.31185718473541,0.976194451304879,-7.63184829607822,-2.82578931057429,-0.435072854847042
"2",-0.574215936487915,4.94467038631179,-2.30129785478897,-1.02554373949828,-9.49025563113621,1.06232827608334,-0.131844150037692
"3",0.115428961454672,2.57190797182101,1.67398768969313,-0.274402851389963,-1.07924591429662,0.569987726356095,0.541748229176686
"4",3.0872004379742,-0.564991845519283,-7.18497203220442,0.189617965103508,5.02819931224197,0.549430391269085,0.397010835034358
"5",-3.70625734026014,1.79929671876105,-6.85338308293725,0.449345111486067,-3.97088922638601,1.57878440054955,-2.32081621011459
"6",-0.82058569067045,-0.894579027344038,2.08647800804433,-0.166513546554886,-3.58362286064235,2.55171945937416,-0.703863937113431
"7",2.39952568862834,-2.88661283393012,-1.23470178895508,0.19584636893843,4.52864345908193,-1.16237586609152,-0.241688417624715
"8",2.93522970327859,-2.18109771191133,-0.812344536292795,2.78383660365239,3.8436414183949,-8.63705539707937,3.73750281983861
"9",2.01782669522567,2.37067126140926,0.0831151897375524,0.300800089385818,-0.664833420948629,2.07755301268734,-0.0939635502569236
"10",1.65691053923635,2.25447330795208,-4.22647500592438,0.304725808800716,-9.570710863988,0.935785840106713,-2.1109083597693
"11",1.47127698632005,1.90483099453281,0.554342564831196,-1.06593013599829,4.42127160020655,0.241557650486297,1.4773985550385
"12",2.3795589748322,0.701963199534005,-3.90093272582418,1.09767545770997,-1.96471206621504,2.79286622375631,-1.33060076923952
"13",-0.531440456549552,-3.77751481744451,-0.63868682637351,0.0423834268847614,-0.256258572120326,1.73928615026335,0.817331794491618
"14",2.05539560790503,-1.3476931992005,0.810721723136549,2.05866350025278,3.47221679267244,-7.25270315622888,1.3451351231142
"15",2.7568146165284,0.820000462925738,0.152182690012527,-1.20782543391495,-7.19792951177284,2.04332970561552,1.03152402978395
"16",-2.75424652079593,-0.683853939484852,0.994054354349277,-0.378134946671189,0.466794970121022,2.05803928313381,-0.246289965994564
"17",-4.11648895966389,-3.42911479009936,2.5894412790303,0.662723606429727,1.6816385262925,0.545995594801967,1.03095522747868
"18",-2.75610073604199,0.224519538324185,1.63943730091096,-2.36326229737663,0.579484091177053,2.34974045092464,-0.695237863869794
"19",-4.65765653781488,7.9250739680474,2.46377023223598,-0.322342613977094,-2.07545552150899,1.95208934204532,-0.0465419580531056
"20",2.1781816713583,-3.22120928637778,-2.20657843639466,0.959222092542852,2.20118191146789,2.26526732609359,-0.133120233009893
"21",2.09305232258611,3.31913595056138,-1.54483415031838,-0.826274531965006,-1.04242978063616,-0.113669248753962,-0.101947029334092
"22",1.19323095281722,-2.12165313618832,0.975528115609913,0.159772034270075,6.66531952653392,0.501504021670999,-0.231611998973015
"23",-4.68115248233165,3.1590704124896,0.0772109921803316,-1.67264924712575,-2.2088959490569,1.51315393972348,-1.96366014444521
"24",2.58110494227889,0.79397211139446,1.09273211650602,0.395005630739162,2.65275872034908,1.11484446426148,0.84552404902125
"25",-3.02625132824429,2.57401749657906,2.08004639769846,-0.329300319725472,4.61492948991267,0.384810631626356,0.289524069515286
"26",-8.88465406575947,-2.09331318078084,0.917726525375764,-0.636404851201619,3.27724072195153,-1.56241108833047,1.67818793615682
"27",1.13770279271296,-3.71830341540398,-2.63685211902176,-0.171880696623878,4.87297541087163,0.24043885220181,-3.86937390708786
"28",2.87875681647335,-2.68626890216996,-0.434287590288879,1.17563781555066,12.4977048677669,-12.4465224891361,-0.645662161758208
"29",-3.71602059811034,-0.431137099060477,-0.919786037176949,0.596768467773539,-10.4190615350734,-0.58668328974286,-0.234363114281671
"30",-0.235378567080451,-6.44667763979942,2.46734895861532,-1.47110825869564,-2.0232670273964,2.05106313990213,0.749569173078348
"31",0.573953096309895,-2.24504920404509,0.802561973775743,-1.02244235509304,-1.0344641181,1.98650930789881,0.00782304024671389
"32",-7.75559436276857,-0.909527736340193,0.922314962021315,1.13371060278628,-7.42946699044911,0.926577527686931,-0.0842473666469153
"33",-2.5448440889931,1.25119765797238,2.08783065424882,-1.01717728015029,-2.95544878163806,1.71639989826713,0.109396919080628
"34",-0.119441041016017,1.29045775704333,0.212994308598177,-0.293117632817184,-0.320468297327034,2.0246135810623,0.0803499146858535
"35",-5.56369955998648,4.46076947318786,2.71698729814533,-0.346541962693191,-1.75846333202326,1.82053991317749,0.147190253521566
"36",3.07137484405489,-1.35858327010104,1.18716263978954,0.596472733376012,-0.908454415441433,1.95782427880755,0.833508779551481
"37",0.158221197230635,4.44828911546521,0.974613083596806,0.0713278479250064,-7.03367251599953,1.91532486203232,-0.220051700141064
"38",3.04568924837314,-0.49741849067429,1.40190125835426,-0.490222641755139,1.46340090986156,1.870085442103,1.18840879474715
"39",2.139621969547,2.58015077434031,-2.26223264964394,-1.26642972927015,0.935110410525361,2.07150998934048,-0.115882625351698
"40",1.92872853466354,1.27355562148665,2.39987784396686,-0.493804325333064,-10.2218694442962,2.76900280528086,-0.0504007155336063
"41",3.12837319479142,-2.57103904239804,-2.0584661319736,2.32569745511903,-1.02664885270398,-3.88834854078956,3.18288819685321
"42",2.85369663355896,-0.428297614506134,-0.798805485033306,-0.37126120680596,14.5924142854883,-13.0165519131401,0.210818602157911
"43",-20.1179066015447,10.5085031736134,0.62080608671403,0.254021738831776,-12.8760516541948,-16.9085289456143,-0.0235589084502378
"44",-3.27457750447342,-8.44905163917685,1.08609180324752,0.192899204291228,6.30855227704471,-0.108918629007504,1.46420810692343
"45",2.37931734004218,-2.65315130347521,-0.646428041266133,2.81888526168241,3.74896857474815,-6.43487423082842,2.15985633245609
"46",2.0954045900125,1.91502997907194,1.27113049565698,-0.904649449640586,-3.99183231147593,2.27660313440459,0.3518907492352
"47",-3.60491578033254,-0.659480202395035,-1.1330793725831,0.146136302214021,0.687344467525044,-2.74693651059431,-1.96987031446843
"48",0.17362117416718,1.93552916421721,2.35530514920035,-1.683164638639,0.690092168492979,0.693158335961309,1.03263914811178
"49",2.91372331742928,0.22780309291052,0.807360127578317,-0.988507603768065,6.31434772006182,-3.41656755399067,3.20191836696487
"50",2.13825247642153,1.44347803529921,0.963629753911076,-0.0113573740367759,3.41553311836625,-2.51522463188677,0.243930169318857
"51",1.8748973335528,-0.436886199759702,2.08582597122484,0.800804576903866,-2.81797683896503,1.72952675708541,0.612685052225577
"52",-0.0298766976246783,-2.35054095128711,0.243478996856916,-0.546676472394763,3.4816643552246,0.417858554292257,0.416317751411201
"53",1.28713267505127,0.51327757133232,-1.94255893202952,-1.21835229499517,1.6941437425446,2.00257685589029,0.140119427351269
"54",-4.23729727620313,-0.257953890287,1.90238858208984,0.189225866225397,-1.12358814657284,1.9383213770809,0.348659317635535
"55",0.559467516155765,1.7805387166198,-1.14341184974505,-0.1204770291538,-7.35264776442322,-3.2000242588098,1.20504866169448
"56",-0.248503750420595,-1.67714460593747,2.09263210772392,0.429719487033641,0.60608264740786,-4.33591072634845,3.00384052181486
"57",2.9359195211491,-0.259004769749778,-0.576456037288516,0.590412261843354,-0.922074814654417,0.951927743503985,0.79447453395471
"58",-0.576479712003281,4.78170857027867,1.65045512151767,-0.461035517535604,0.572921022710256,1.04089438000245,-4.25912221855032
"59",2.92747115273463,1.27356948095633,-4.73578183565307,0.932039001809768,-7.39144731721033,-0.115957144068315,1.29668487899583
"60",3.05076091580166,-0.415021186110924,-5.56567818178845,0.518750309470934,0.894296004604658,2.23255908858936,-0.579745263104934
"61",2.12900816372814,2.16899512870453,-2.41031710311603,0.98202156346808,0.625637933907781,2.22184842987238,-4.07376586419827
"62",-0.723545894864298,-7.69683041586479,2.39495278432995,-0.498926360256204,-0.392871802667223,0.799989425583233,1.26893604841219
"63",2.78383068267016,1.88726114376958,-0.817310109520161,-0.458084786674974,3.01239015013112,1.88472900188641,0.556975270279825
"64",3.06279261379309,-0.553376069790324,-2.21814806851978,0.299664108513482,3.41333902711651,0.800265268483628,-1.42294820350506
"65",0.632225639950176,1.66567552399896,-1.21344660923547,-0.60740445526118,-5.00428208313783,1.66975675275588,1.25444516229351
"66",-3.02414019759418,4.84728449176482,-1.04034295559718,-1.68150240990636,4.00839895365616,-8.25270048157274,-0.363114732926271
"67",-3.54197936806369,-1.04150570303319,0.82506285261118,-1.87914798995489,3.83760460109854,0.963995665375881,-4.02814190587867
"68",3.1238155821159,-3.6777294790879,0.700025556680458,-0.161618936015355,2.99133649809534,2.25024490757428,0.972126878288591
"69",1.68365435991159,1.58978846647093,-7.64188147419271,-0.390278345167971,4.21289275220637,0.519580668303479,-0.640641670183402
"70",-4.23073909344396,8.94307657554236,-2.27505829937584,-0.464910762853261,-9.3724378526778,2.28766395572833,-0.0505678235607187
"71",1.94012843661531,0.701846314195414,0.800722719794116,-0.206218140927151,-0.535628363129088,1.62873935366025,-0.0689976427687777
"72",-4.32868094746902,7.98614398949393,0.585560850562834,0.240280664765049,-4.79806548518348,1.35457975174018,0.352110625307129
"73",2.12385574470366,-2.69503376047593,1.41307512580679,-0.547349698814223,2.74542628387589,1.78464099309081,1.11310280705668
"74",2.52397874280529,-0.899929512233723,-0.576526545105712,0.241929941495533,-0.658578542858379,2.22806929907363,-0.0699744909190671
"75",-7.37431940959996,-1.87561801063037,1.00421320163245,0.593907572040753,4.84055912354458,-4.62594405507845,1.69490990831927
"76",-0.777721660131287,2.14261639494011,-2.39238634885883,-0.329599592407876,-3.42022896009283,2.21432759741774,0.0332997518303652
"77",3.12367571658473,-0.52157908706905,0.242605849931919,-0.276978940826081,-0.561810669938393,2.16542412508677,0.0616984468092083
"78",-13.4532475953638,-2.0214332724115,0.883818439509769,0.443563553669363,-2.14797809414276,-1.55952725715644,1.43120792047079
"79",1.24996332440721,-1.35113719300607,0.961003123937989,1.18797967929085,2.18106886741643,1.16958880630051,0.309041610122346
"80",2.41698848423239,-3.67369795237244,1.03123133002349,0.191969479968223,4.83379372564801,-0.653653458137986,0.0855575944033563
"81",-0.696820225615271,0.350843999904652,0.288386153798904,0.241056157214145,3.27736934396471,1.61140991784966,-0.121463048301643
"82",2.93621941610754,0.0397817076168363,-2.35447383731787,0.802048609819052,-1.473722782847,1.1879141919956,0.533310706687974
"83",1.61506937498858,-2.76332307450928,0.384905418349589,0.967125994173121,-0.627455242405119,1.55852625815583,-2.64658713754613
"84",-0.402002018713611,4.63354475936736,-0.765890876583391,-1.68152232996445,2.94332353315101,0.877157702028517,0.855340869731089
"85",2.53511858548335,-2.62579852429025,0.106047923751792,0.589673679751786,7.22694783737898,-2.56999373177136,1.62799296104622
"86",1.04434027264353,-1.33590452303993,0.930457893074116,0.145238510671119,-1.95413266426023,1.77199435320681,1.03866447028049
"87",2.58587155387115,0.247909979565614,-0.65817435652421,0.377492809714865,0.610553411319905,-0.641452356139118,0.0882724614898401
"88",3.04802109401389,0.501338257790909,1.34708439359713,-0.244095495297892,0.892662931516791,2.68758371303273,-0.119831560610961
"89",2.48687743062468,2.14245413152496,0.665275189467751,0.165513439860527,0.659703256637826,1.67609360846786,-0.676827090196505
"90",2.58739832775417,2.07861343412062,1.08776964925404,-0.995853218300993,0.578122506873872,2.22065073740371,0.349724255341749
"91",1.24975135504522,-3.40076459582849,-3.06917179899889,-0.338373836729364,2.86344684699673,1.65966028236032,-0.166741006708646
"92",-6.93324550997783,8.00435476507353,-0.0906033739713718,-0.00877784663684338,-2.42906917159012,1.60727066604764,-1.46420826919617
"93",3.0349230219125,-1.45355973608393,-0.137593526351836,0.969486247782252,2.18199449824508,1.92994031967071,1.22383364473639
"94",1.48031360331033,-2.94121459515584,-2.19175301715546,2.20881817228015,-7.19932282734449,1.89891547672452,-0.448646072862778
"95",-5.76147566460904,-2.80360472439205,2.40347800508483,0.464374567378303,-0.94904033196771,-0.925918035583872,0.229923403178941
"96",0.738178270273437,4.9253013403045,-0.678914509845851,-1.30257599094182,-1.78142554796566,2.0641485359563,-2.12193451059112
"97",2.61141112034278,1.88996827183174,-0.628957272186446,0.588680440318992,-0.448714464872061,0.925745897014683,1.02650454673528
"98",-0.236620853834932,-1.37983770014451,0.972930420662477,0.0136132094745569,0.634044429463361,1.67679637144463,0.228707209385453
"99",-3.67891772688059,-0.506967420488388,-1.29313397701602,-0.258650456582017,-0.155094159049667,0.606590214040213,0.201606837104586
"100",-0.117813937822631,5.56725526893641,-3.52961654661701,0.193153040213336,-2.108203347615,2.61149775231845,-2.09198265772691
"101",-2.99562587342109,-8.16344212896019,-6.39749050111977,3.11097527006779,-1.10352967033506,-2.58904268666815,-4.17470435976589
"102",2.46882209631409,1.1321581902555,2.21233484734817,-1.0027346718374,-0.582700277715631,2.3647194237362,-1.76467976541666
"103",-0.25755603969395,6.33825838017478,-3.15536298645634,-0.999653260109901,5.40268616383741,0.252517412970591,-2.66963856656106
"104",2.2391559733418,3.32734626749533,-3.23522269957657,0.422366843212516,1.95764428866219,-3.1805766046981,-0.620143562233416
"105",1.61301394002623,1.74473668720372,0.822242316021844,1.80194582939395,4.19145576144422,-2.54692087852111,0.243061721282446
"106",0.160490292696555,-4.837294023706,-4.20395002525468,3.42278293758755,-2.20789766479219,-16.6338118799108,1.67479418690011
"107",-2.75430675553208,7.57607901280361,0.287510408307617,0.140983665439298,-2.86115924130257,-0.705741706815731,1.23315751458619
"108",1.97227543558458,1.8909943413009,-0.451709636395578,1.52324769949854,1.33586557971174,-14.2390402437125,0.318040519523801
"109",-0.975239059787894,-10.4357806306672,0.999698836771311,-2.133691108082,3.649589972207,2.076901552624,-0.066470946291564
"110",1.85711594817736,1.89104979565423,1.25159547374145,-1.50762965300014,0.613174191038789,1.88085703212506,1.04316551328221
"111",-3.70375413045409,4.44612461629852,1.81514465464973,0.802117711832217,-3.62019678973566,-5.44041984525207,3.49980108697719
"112",1.99155976269787,-3.4209394021913,0.287127518952311,2.64664401576411,2.00100050644807,-5.63020640233495,1.19737680378823
"113",-3.65944507805173,7.59377760728154,0.237662706243996,0.290247819344327,0.510281105681638,1.61329920209757,-4.64587020292712
"114",-0.405246717997766,1.30771280715418,0.237034589741778,-0.555524397844581,-1.78704333724169,2.21417200341964,0.22505988711684
"115",-3.55952950144758,-0.469632984051,-6.44829012491451,0.165987081208971,-2.20951946353131,1.88182000050453,-3.40023476564111
"116",2.62326815478516,-1.53077406304364,0.173856859982929,0.225593074011972,0.952677283201498,1.51006563890164,-0.346887611273638
"117",1.25072099071833,-2.69456333079628,1.08795701782855,0.197871254665752,-2.30880770221542,2.06697999699965,-1.38541592630456
"118",-3.35536221917461,-2.6713643941261,-0.189789633373099,0.285126766395875,3.22986988248933,1.9360463908755,0.2114342423612
"119",3.2473186527713,-2.45117852551777,-0.679108298560855,1.09676893461989,-0.601812603046772,1.71388635791287,1.18727288355895
"120",1.88041489531674,-2.29540380422862,0.556565958164004,1.31002111261088,0.61122803773226,-8.3658696689156,-3.54924958701224
"121",1.5404034653868,2.19502846507463,-2.28731164752417,-0.119728697677819,-0.966243658823939,2.45469993689472,-1.98370598535857
"122",2.53468202795986,-2.58548396118958,1.81931763446605,-0.00977327603853369,1.94384466672791,2.3041275470771,0.151295691065406
"123",3.07435645182074,-2.90927571217469,0.956684191506105,0.509549393648884,-0.470636578816592,-1.3812997167134,1.39670842551476
"124",2.16636464152249,-2.10835357016625,-0.370881763519174,-0.633498183181542,1.30718616784747,1.01207216846674,-0.315839380278674
"125",-0.224076833213045,-0.440806518208863,0.657806622358479,0.0708511308580777,-1.37004508894793,-2.55532232060609,1.7041627968883
"126",-7.36650975880353,1.45940056054454,1.09714482606016,0.593342639009753,-9.52287206568848,1.01031776452514,-2.10185285203559
"127",1.95221184958395,-5.20655605505358,-1.30554304312792,2.80003863880852,-1.01558838830686,2.96835131039585,-1.62341970169967
"128",1.63183026308144,-3.95114519377325,1.37492436379633,1.53082010601558,1.99351699251189,1.98200974031125,0.271662490072654
"129",2.1607858699276,-5.46398991259169,2.07604352037394,-1.00251315532301,-1.54520967562363,1.18596709206026,1.25591670457829
"130",0.788217593651043,-4.58823369812454,2.08724171335587,-0.618933743233034,6.31782913739975,-1.37748742474644,1.7181360422079
"131",-0.460912126666883,4.81325835693216,-4.34422650102562,1.00771903228008,-1.82722928996439,-0.760153917991857,0.268070575512649
"132",-3.83101683007915,-10.2414267954142,2.5791818532143,-0.486520413044161,5.40564418874466,0.900971409306293,-0.113567146413568
"133",2.56774867158119,0.0188372766502575,0.233241621002114,-0.48209437589771,-2.20815149508166,2.21676391939373,0.139400265045434
"134",2.51471532605704,1.28222014507445,-6.40403627278328,0.286461872709201,0.459579660569833,1.61414918756751,0.414097472940339
"135",0.0179254719754728,3.90874588962952,1.93448086108654,0.144478488024498,1.75522918684063,-1.56348179542366,1.03839589147849
"136",1.05755640184343,3.25303327448501,-0.77762655384249,-0.577583911001104,-10.0132799604737,-2.57598158274592,-0.32214518934197
"137",-3.98551072679327,4.275273637628,0.818889111217102,0.603234729585471,1.35182947490287,1.87243385887807,-0.302335703531916
"138",2.37318487294463,-3.29415858385521,-3.26148843987868,1.52064333791992,1.85646707610697,0.969278883606269,0.556922805477595
"139",2.17581294489806,1.4640979031464,1.10655670584865,0.587878660894497,3.9507210989652,0.306548969890372,1.09944833003242
"140",2.16159339528185,-2.82971757443991,0.774438235293121,1.25415154592841,3.29442442954401,-8.56036565303626,1.11568372455748
"141",0.0905821493667225,-8.61511706396577,2.2895906061221,-0.72655969906315,3.14240911292029,2.80575743460808,-0.329011319749502
"142",0.738983549158853,1.81566991893675,0.301077268069495,1.18731522292546,4.31594979012445,-2.55412208114884,0.415260782611715
"143",2.27037491808244,1.89104278850075,0.0682381175469398,-0.273240605168081,1.35786694640549,2.36005905988719,-1.71525451817129
"144",-6.04385300310824,7.51025546024968,1.40378699534792,-2.3780011665137,3.19666685992889,-0.118138748733003,1.38795065767524
"145",-0.224172115164576,-1.47156386650191,-0.0410428002831298,-1.00850376883961,1.20521959749328,1.71818319363863,0.803508736416055
"146",2.13638972981953,3.21720632583635,-6.37909530098177,0.660298405768502,3.30741681324093,2.23320480608801,-4.29335952009966
"147",0.700987940412204,2.06872086354094,1.08481992456636,0.204957153695637,-1.04161015506929,2.42968054381556,0.150314472289188
"148",0.350129266314076,-1.56840572044059,0.700022101853274,-0.998833162262681,3.84577210145425,-1.54537607960892,1.35001525106175
"149",0.432476133860946,0.672124854702069,0.959919174133136,-1.1002062319482,-0.912914271128183,2.04924415860073,-1.83141516675302
"150",1.91408712743045,3.67613901445817,-0.923254582450489,0.227736614189994,-4.25581687274799,1.72810480406256,-1.48311102719764
"151",2.6003834316424,-1.58906974363133,1.89349301139132,-0.17449268045967,2.95025430001398,1.69611031907521,0.501515962376929
"152",-0.121513930378199,3.76887913320138,-0.84193152176019,-0.293350028576712,1.2764318287141,1.94371616289746,-4.59756524812106
"153",-4.09971231534798,8.07321073899752,0.826125461957752,-1.33425818187273,-4.23445926618986,1.94359086852303,0.217283548174644
"154",-0.0749931465817226,-4.80116862428138,0.144365182165449,-2.04678653258014,0.484108721816324,1.2473547719961,0.0616205124158465
"155",-1.4608699701835,-1.63837468409308,-0.678856521006187,-1.68457509251631,-0.838379471426613,1.93014861736823,0.118669959879354
"156",-3.6913640881887,3.96730432434229,0.2207099575858,1.82872630798066,2.23198316037047,-5.02565364741334,-0.673269563103112
"157",0.812491112622188,-3.54082265307288,-2.40510879559661,0.289238515936475,0.561571426398828,1.89530694960613,-0.00523350448458119
"158",-1.38450718761801,2.07017292010296,1.3699733073982,0.174508861881019,-2.12381656687107,0.693670869959978,1.22420143768087
"159",-2.97456149896515,-1.54610721740594,2.46890971199456,-1.16172072588218,4.73625146407432,1.61177943526601,-0.247079771962357
"160",1.46025455536454,2.21137851257184,0.281746318032341,0.916094456168856,0.0985028746497745,-1.57444216470869,0.0145283732882731
"161",3.09048968303011,-3.23960276464878,0.978205834840664,0.200421061757056,-3.57035956333342,-2.14494896916505,3.9276242362186
"162",-9.69866243861728,10.078504993134,-0.48163606531606,-0.566045713878934,-1.55838001936686,-0.858188413657631,-1.74150427976028
"163",-5.54270023775593,1.57362220599219,-0.14372692953325,0.295583226547643,1.32258576035785,1.17315763800487,0.213554159917817
"164",0.939571311499398,1.24317714860211,0.616226891804176,0.961312292283575,0.723180435902474,1.67305912160565,0.0504452382011567
"165",1.23166159289039,-0.436080261549075,0.220779079322424,-0.287070765890285,-10.5186507653007,2.46804580998834,-1.68854379120214
"166",-0.820006322209967,-8.18340041748401,-0.679571805475531,0.595569884021758,8.03821255178598,-1.55764804417174,1.13263447646838
"167",-0.10081032728394,4.55908258684336,0.278919991028563,0.43821145637582,-1.41058506890689,0.51037185086251,0.907813842990361
"168",-2.53853668033703,1.28831868049229,0.612131958382906,0.123776839320242,1.72872688395232,-0.704224805350901,0.49014754062065
"169",3.02349313338075,-2.66952089825618,-2.30027853308695,-1.16856190299329,1.69888398103656,0.955499776022339,0.556765979882774
"170",3.19546377146679,-8.20221265108468,-0.104001746620382,-0.116506998504747,0.556513927324397,1.78835490230568,0.19809385152838
"171",1.42054623070701,-0.415329831212394,1.07708873239648,1.52280812076699,-9.33400501986881,0.755950035076235,1.12854994220527
"172",1.24059250982535,2.86913271532755,2.06210149819006,-1.57532516466421,-1.72412620262919,-2.38377436275114,0.0442053101592489
"173",0.785348350994061,0.525312349714125,2.46832466764715,-0.0772889562241257,-4.77808655519839,2.79338556434877,-0.166320212543405
"174",-8.77338618958167,4.8507140275236,-2.16914497041811,0.415819999514483,-7.25221799028443,0.171547578929778,1.1134591005728
"175",1.3266489895892,-0.988950383086333,0.0751821795191185,1.19543578852122,5.24969657620794,-4.54649507765764,3.32722149704238
"176",1.63410792010124,4.85788611862853,-6.41636642310833,0.240820363903555,-1.40437499318555,2.76074682356586,-3.85674956077683
"177",0.161847256545551,-3.00850248293951,-0.634813774239427,-0.563783879430495,1.744754893495,2.45791063756401,-1.70379927771663
"178",2.92273917898023,-3.55532701702798,-0.528201404103913,-0.370416785337507,2.37571623296385,2.76412918563724,0.141938823957044
"179",-1.06571389535052,4.12649535673331,-0.119641285893442,-0.0558038286157194,5.52573514975819,-2.54500286357305,-3.38396997126791
"180",-1.32534068380713,-1.33624089552297,-1.18207797530377,0.803156461378152,4.25573813475249,-4.35026384183422,-0.0579871872891777
"181",2.5161813396797,-8.00990260533142,-6.41672923214585,2.84376737263609,3.97178440978742,-1.4460988081587,0.0668300161289892
"182",0.918766467204698,-1.00630225254599,-3.41862401179557,2.01786775099625,0.783640422104225,2.17499909492099,-0.568899974819871
"183",1.95064086694435,-5.10201253730903,-1.3110503676998,1.83941542775868,3.31540560229556,1.92099159282797,-0.0936470961451324
"184",-3.28585977548938,-2.42087201135348,0.73766326056745,-2.16849767424882,-4.00630707525361,0.34784200457312,1.01742623684056
"185",-6.16625643290099,0.22841961264103,0.823483265357261,1.13426484030698,-7.33013465377253,-0.223871045720113,1.29724353020422
"186",-4.23863218985887,7.88520286951984,0.627349859296396,-0.0101161277378039,-9.02010946848803,1.65660616058435,-0.307609344727994
"187",3.14275740611879,-3.2155789203684,0.534067296650352,-0.285085316399368,-2.43007454805276,1.9316495489295,1.36024420170501
"188",2.49208362601004,0.0942594751902387,-0.846063587209276,0.476891217897185,-1.15077067903475,2.5319800715099,-1.62285442459286
"189",-0.24175756437985,0.120409984914882,0.530353735093897,-1.65173051825412,-2.18430557699791,1.61777967780596,-1.37063723372041
"190",3.13431340360969,-8.47243694393848,1.01142681910774,0.457766144824144,3.83113867601929,1.92211770511289,0.143144393940274
"191",2.26764402359819,1.28727097750955,0.0531258034883575,0.2470664602759,-2.20945013511823,2.2000088501693,-1.77784048336819
"192",0.967379851939322,2.61182479148632,0.763333348054837,-0.179307041200468,-3.96252361057897,2.21204122121929,-1.90098838610039
"193",0.687555842827313,0.061825638603828,2.29617139355591,0.165425345268387,3.01854933777823,1.68891526440789,0.856141625407776
"194",1.53287338363574,-6.50675024411751,-0.787369482836912,-1.00067824821692,1.94781683198819,0.253895324119243,0.0524526638614674
"195",3.15409539713714,0.543304355482102,-4.29599035162242,0.299871266812186,7.1648663617707,-0.411124005149675,-2.07463039546444
"196",2.30528100659741,1.30979513635859,0.287726510621896,-0.494697160730753,2.80885709360349,1.95531741264537,-0.417665605806111
"197",0.181168988498527,-0.501952028793182,1.02462757363837,-1.34623493110881,-1.38101875203156,0.917034199731666,0.363853367587532
"198",2.24515399540933,2.68352323206525,0.808453255395653,-0.274819256002161,-0.261113817839436,1.71462738653443,1.10226655850999
"199",-0.298876678418214,1.27360625717174,-2.19839896362654,1.01046066568673,-7.60870976747237,0.836353477247596,-0.119302886441341
"200",1.97143699419253,2.5156235357731,-1.54942370811397,-0.272489351121453,-7.3504015161607,-1.8209289559417,0.346912823339649
"201",-11.2157802141148,10.2202998825162,-0.539542118337907,-0.488559630445831,-11.2947705585708,-1.52835189409873,-0.353697801012848
"202",1.99653959021339,2.60303291010366,-2.59139321943876,-0.729928670911411,-0.58316452479808,1.90076508182956,0.256512285968451
"203",3.05568304511111,-1.35658061227101,-1.07523562250917,-0.491273611414012,-1.85725982965753,2.77418664958405,-0.329442660460267
"204",1.45780325354871,2.5848109075535,1.96674082787076,-0.123955092799542,-2.13569389491373,2.95673897224887,-1.70580357032309
"205",3.14559260905958,1.56978615383582,-1.22282933790425,-0.280020632419691,0.121770596358253,2.21105540457344,0.200825294122205
"206",2.37757355673878,-2.72156033047005,0.518811727768158,-0.440430721633059,1.69408885036095,0.801764121390786,1.38891040600282
"207",0.90564368138525,2.19483613984255,-1.45931121298854,0.478865598753741,-0.893890603797182,0.234615725064742,-1.78679462872975
"208",2.16327343011099,0.679956152350732,1.75208574090754,0.483201684327688,-0.581892606318595,1.61742234570165,1.03653871029773
"209",2.75764521115343,-0.515046778010158,-1.15070643722053,-0.480711466129478,-0.38821224621063,1.71881167983439,0.683424494592935
"210",-3.71182737042435,8.0970904572928,-1.5689599201839,0.960958584183147,8.74445393547245,-11.8797019529446,0.147792982378586
"211",-0.0628139618760631,4.11922632760366,0.823508569278421,-1.32373145199834,-0.208195536442222,1.72079313000263,0.534884996087037
"212",3.11871985732886,-1.51480381883878,-2.12740628841459,-0.186993226720232,7.20418407148237,0.149210982591062,-0.0940075806079791
"213",0.399206126786385,-8.45239604485149,1.89743039439212,0.200943153171286,4.46740137073724,-6.62638217600168,3.06327045352079
"214",1.69812183666678,-3.20246025035254,1.7072532261503,0.269244863617771,1.69838303535592,2.05394770745287,-0.244744099746281
"215",0.159519599412995,4.65285419496266,0.611606852050158,-1.12589593731877,0.625785404857658,1.95782077450961,0.532193125569425
"216",1.61415529971433,1.72909499745351,-1.56933050743433,0.170061333921461,-3.21449944449712,0.432386564559762,-0.397732749623741
"217",2.41695840252894,1.86890834743355,-0.622249535446467,2.81221454517851,6.88688712516113,-10.2153331636305,1.31554212707409
"218",2.50640570372883,-10.2363433870277,-4.31890316476562,2.95456270881421,3.82601883568806,1.60876296416422,0.00947657441964506
"219",2.09874959552913,-2.40575364331698,1.48987322502693,-1.43522985075752,0.578401157329474,2.22182398195473,0.43399741247176
"220",-0.576353228351483,-2.77158741888302,2.42047836440582,-1.68867960731634,-0.873123365386954,2.74627889212685,-1.27437626694039
"221",-3.26537545515221,7.83491589429564,1.00714925162122,0.921421919797078,-7.2270743993705,-3.01056835870263,0.309701354764939
"222",-5.56196257206393,2.78924934483858,2.60746121690613,-0.621009964361668,1.96506682447026,1.61089791040169,1.50582650767001
"223",0.723161259725466,-2.29750900309375,0.564049168660595,0.249375235558848,-1.29936245305699,-4.18122936841624,0.367077113876844
"224",-3.76844777800132,2.28814212841619,2.7631964401725,-0.491699624444007,3.83131841045538,0.555587609834439,1.38959588260851
"225",-2.76635153323657,2.42648155004166,2.55352122100824,0.398037398248986,-1.37891577716745,2.26084523727813,0.32862049231186
"226",2.55052422666648,-1.88586351301264,-5.2871102686582,1.5308516023605,0.296425172755424,-9.49174507234873,-1.87723347692683
"227",-3.65600928527485,0.227775207829145,1.67072154786475,-0.313525184662335,1.69571388456902,2.0802562963223,0.349210292209271
"228",3.27911485539524,-4.06074573115055,-2.66025503100269,0.265002707250401,1.71975946748595,2.05844468749856,-0.0691946064626091
"229",3.04922396546594,-2.65417180453144,-2.31541383442764,1.29506046976527,3.83185195239029,0.758995299542132,0.140101266530555
"230",3.21884321626453,-2.89959091692997,-0.0966215393337453,-0.119795235357631,-1.09492614486101,0.598210781324165,0.856903313499518
"231",-6.59966993351367,4.58249921284801,1.08673227765401,0.590774390969743,-2.0052971554039,0.886848198663467,0.419435790319299
"232",1.55774745210219,2.40593089433578,1.39339811206645,0.294878498604359,5.52396061182621,-1.56082408085674,1.3841930768331
"233",3.1342298843418,-1.84480959295961,0.772491903004451,-0.268025088922156,1.94979288963079,1.78681554563524,0.514499767319099
"234",1.91982921991512,1.26126013002992,1.94116081993605,-1.12312704529997,0.457820116198195,1.60409750673893,1.43901445955313
"235",1.98545425513445,-0.460682264231238,0.795385514904248,-1.33648860443734,3.386828313989,-7.21000130375474,3.07432854613313
"236",2.61130529925021,-0.430326468642594,0.964088870854647,-0.556920787000074,1.3512372734375,-0.942521646555686,-3.76617976589707
"237",2.93566995532152,-2.00589576309774,-0.473426428752958,-0.32422236825171,1.69552837637283,1.89771324975197,-0.146914580255362
"238",2.23352789300631,-2.40199366555752,0.216033867087257,0.159373502356322,0.582576842591539,2.22100125499021,0.14484933067623
"239",1.17913516103408,-0.711813275265139,0.0502395023323819,1.18391538363816,-1.35581727623445,-4.91109426853373,1.387462110105
"240",-1.22732318924343,4.44909663231327,1.67713103940096,-0.239319870632537,-3.58009261259497,1.88301457469029,1.09292043570943
"241",3.02227866466117,-5.91479684599125,1.65976312665141,0.215112867750809,1.45137903774242,0.253004387699608,1.23732506064833
"242",-3.61107036802556,1.79190770430241,2.2138853259245,0.225713227774535,-6.91338551075717,1.98731446086004,-0.455524785603057
"243",-1.3742065527406,-2.19822976573094,0.980416186722607,-0.144216752403956,-0.730730925750363,2.36756481085381,-0.957655777702052
"244",3.28234993226455,-2.8737670392402,0.872254414639889,-0.219953321751077,1.28702078511356,1.60849084635214,0.899892586667788
"245",1.51114963950837,0.561392087709525,-0.139267853759198,0.256504103873796,-5.17061875820136,1.7841001389988,0.236937164498989
"246",1.92983464688877,1.25621883845582,0.869112868480818,0.591691330045773,1.68265042790539,-1.11254033560131,1.10242470502109
"247",-13.3291655591554,10.0901458028459,-2.20184597665474,1.1855604537698,-10.9967904634436,-2.52821455043965,-2.16211704781977
"248",2.2359045414712,-1.33824291222222,-5.05857931209885,-0.159204263243687,2.63513383068757,2.44936285708881,-2.96044854766782
"249",2.17807166323042,-2.54329086529458,1.08832315304381,0.615743205277438,0.568462459365266,2.74671068492907,0.0934756068300993
"250",2.28890953988311,-0.619663179525836,1.41110588200157,-0.136204812629686,0.487115439077064,2.41547833602699,0.329460528109557
"251",1.41284700866195,3.4475324237442,-0.732598496582731,0.144894066923575,1.43931731264419,1.7115137273861,-0.0977289450575036
"252",-0.703012420811486,4.30333482719069,-6.38874136058574,-0.282567517632422,0.599501204070977,0.709125221663846,-1.91264680023136
"253",2.90508929046507,0.524320051991824,-0.773525999469142,0.202377813181137,-3.9974461137566,1.99892756160937,0.35366619273724
"254",-6.97233641767316,-1.03742145383119,0.213561004500269,-0.621291311345511,-1.41009467008721,0.570202171871788,-3.47468906304257
"255",-0.00192561534609642,3.48237593496955,-2.58167726004799,-0.321839879725822,-0.982730934310295,1.6312756859186,0.312876952396188
"256",-15.1286816671341,-1.38612823321529,2.27733516385684,-2.89416093519253,-6.19583137171069,-1.55986886998338,1.200455210905
"257",-0.0550295863985252,1.27346493336522,1.66048099231222,0.0631512008386061,-0.466389945727499,0.90263155632443,-1.86956378180591
"258",2.92407668893842,1.76741059248401,0.213995309098542,-0.142500132126683,-1.04040864108969,-0.106980226433983,1.39015270953171
"259",1.0520049152375,3.44605533019155,-3.4731808863271,-0.861221169617816,-1.01938024257915,2.08060878879405,-0.700033349912843
"260",2.57531057799517,2.54701133529096,0.213821544556893,0.195624445969418,-1.88792227493183,2.97672475821994,-1.27641340727902
"261",2.17817741876857,2.57852357938601,1.87673292930774,0.206182768807986,-3.8733146035374,0.613705008434468,1.27531206625498
"262",-0.186759760179724,4.97929408187515,-1.23744824925327,0.80185993655738,0.121054926526764,-2.58124927638448,-1.67452385071241
"263",1.00181636853204,-1.54236266687666,-4.28651501226192,-0.620966550394839,1.68178097054955,0.157155004193957,-2.61684694917697
"264",0.155635763909409,4.9812402896043,-2.23171693794429,-0.598133388655884,1.36693340435578,1.61220222411648,-0.167420626786018
"265",2.94369812663413,-2.37550260878294,0.569029972479925,-0.999025549567016,5.01540625840598,0.15965202618827,0.850335157870532
"266",1.62225206083096,0.783257118415783,2.24293693943982,0.144016700975427,-2.20991597331429,1.87606916328942,1.62521476386874
"267",-4.06653001452462,-5.02708990016018,-0.163486307820323,0.240502382273865,0.655339290917403,1.68634136190171,1.25506098197774
"268",2.1311570396613,-6.86685504279508,0.792392284973191,-1.33822495374091,-7.00904759899663,1.8175031085251,-1.48304773528311
"269",-0.698129358982776,3.07811340500394,2.4648885071376,0.164034335966902,2.58945027960991,1.72878903861407,1.19490024353164
"270",-3.70568372276057,-0.504178650841861,1.07220565912164,-0.279342571862218,-1.0496851762658,2.22060390073858,-2.30577202553557
"271",-3.66687386231707,0.154797777361035,1.07625417928079,-0.332072186485245,0.7210966601559,2.08058313676225,0.0246037652414364
"272",1.86681260850174,-2.64225822983412,1.88656752092144,-0.48188561433322,3.50832813633618,0.563597347583428,0.0260729512389891
"273",2.14357254838894,0.728691981614814,-0.799479217593744,-0.573721667960578,-2.37839162384077,2.23769637088015,0.154801852480623
"274",-5.52945872309246,7.75927069081771,-0.27511653597055,1.80258819240188,-4.39987628718227,-10.9145912954239,1.197069782639
"275",-4.23519140974809,-0.421780909863177,-2.32426231233064,1.13343687318369,-6.20166289085413,2.04707500656823,0.93424708764238
"276",1.68657310541949,-3.11594536134528,-2.51420584375411,-1.00463171947392,-3.58428193024573,2.05969263366621,-0.664872594199321
"277",-4.27258211756077,7.94420180667132,1.92876076237311,0.302518542715754,-0.645259313792391,1.78154791669568,-0.104015032605941
"278",2.41948623567406,-5.789000797626,0.797652152986951,-1.23430727498462,0.207080065117228,1.72504607307105,0.516058798425786
"279",3.08221807351736,-0.386452906205451,0.617938212082047,-0.577101714664649,0.367403485139154,1.94716805728204,0.213996541639823
"280",2.142641498184,1.29802134396689,-1.8818023235787,0.144922155823033,0.709417515060332,-0.955089253570199,1.39463835229693
"281",-18.2492023140482,-2.21887933757787,1.67436967112967,1.18115556001732,-3.22731442155014,-6.20144826794585,-0.308805614759256
"282",1.67232344075994,0.645944531878641,-2.43035370861997,-0.611787091280891,-0.666175898095139,1.91829958681653,-0.120991158237566
"283",-5.89105363925906,1.10266450336651,-1.16884558011415,0.590461975862392,-1.7731021381244,1.61603375351589,-0.05108549141575
"284",-3.30514070051705,4.15814316161886,-1.13264817163277,-1.07434601322866,-0.407784196019592,-0.343602493444092,1.18851332912262
"285",2.0991397654001,1.4120001663963,-2.41083230672644,-0.302747315609793,-12.1566472175138,2.45348327071968,-2.91457990242253
"286",1.18438913081882,-0.542417212919804,0.570576275965896,0.550531329020026,3.8349058271794,0.171087015304266,-2.00688518242049
"287",2.465219563791,-0.801255875780884,2.09032249620178,-0.615737934943668,-1.77203880301547,1.99169713262438,0.42156939639635
"288",0.980684232810739,-3.2904315937684,2.3426697907996,0.190705532228671,2.81491576938952,1.60451214585297,1.11813919088299
"289",2.79260471084676,-3.3162738423284,0.391251824222106,0.593268939147603,3.82244868395781,0.448509527606583,0.344146640388488
"290",3.12669164411338,-1.63895839914121,0.0524030643207648,-0.49664609807478,-1.02541324348032,2.50487934632181,-2.97858398647801
"291",-4.62924733835279,-2.24650503579069,-4.35720975860456,-0.485103296919654,3.98202022183188,0.288745576274974,-2.02040558481573
"292",-0.687239521659104,-0.438168466378331,0.218735183454925,-0.555155368686459,2.00743551889374,1.65566540623564,-0.0949596299659355
"293",3.12424065939023,0.224636045344309,1.00436257119595,0.291129524935809,-6.74084142792127,-0.218540904816573,2.13098868328948
"294",-0.225503100055914,0.197163747542104,0.610120110637207,-0.0921680284624458,-2.75046267253852,-0.222766097098879,0.561914380112774
"295",0.793378792350272,4.17793520192311,2.17186966125807,0.0767744851555518,-1.48678120149613,1.71835612105588,1.52418936654776
"296",1.61390511266746,2.70532941526681,-2.5510057563164,-0.119261692363856,2.64747602074148,2.40371071779517,-2.66270440519184
"297",-4.05811781101513,1.27364030117228,0.645825825978831,-1.01003137078225,-0.631462298117774,1.93504845033691,-0.23070252897354
"298",3.08697909261187,-7.40053059588045,-2.23175292841257,0.209154869561434,-9.32348350388769,2.17971223555038,0.348558788936333
"299",-3.41988870662957,7.53242793389069,-1.17000309782872,-1.9991057437102,10.7861482484585,-12.4912863092574,-4.58534972729797
"300",-7.02861614979969,3.43435382819361,0.0532692272304115,-0.231248743726849,-8.79369356831297,0.693975275531141,1.02270853300844
"301",3.03569091892266,-2.74883605669845,1.07523847827476,2.74053891501063,-2.05905857876726,-3.96124331628536,1.88101477298799
"302",1.05396000765026,-2.74880572967507,0.297763851130253,-1.00272554630582,-1.89489099378687,1.45227442647862,1.18811699341941
"303",-3.39144426319954,0.986121810963667,2.46966023589965,-2.2620767795063,-1.2220366283656,1.79022403768934,0.371680692427366
"304",1.5522881071955,1.8923506724804,1.08180935538628,-0.559746152412042,1.27750131245052,-3.66127892716502,1.2489328021019
"305",0.18718335928247,4.65093966180185,0.164178045831547,0.142969985572036,3.27735191305352,-0.118235312283755,-0.0940584828948043
"306",-0.697850251231606,-0.449461530196008,0.806541735858089,-1.23661809925625,0.680006918271361,1.61121515784123,0.221183078065909
"307",-0.0917472075054682,-0.00647819931008747,0.993562045759081,-1.98401536250982,-3.98730227400655,2.23737688283928,0.0106135099183629
"308",-3.39808519928284,4.58391138043315,-0.796722030108228,0.299473044827656,-1.91264405740367,0.570045517051051,-3.22449748809291
"309",2.41622397889905,1.77642109498168,0.578074769775629,0.300437147354116,-2.0427161588602,2.30601209338775,-0.0691766822422626
"310",1.71564171738018,1.27987924579175,1.90691175481232,0.418410369968367,-1.51391931868998,2.45623213524167,0.21333628666346
"311",2.41752529075948,-2.75473158090316,1.65273480919043,-0.721234729575365,0.689527731370277,0.352469792117502,1.29562621584557
"312",0.726490295166313,-2.88220158776168,1.66196353801962,-1.33570867504815,3.74449383420517,1.01853394311868,1.06295710569326
"313",3.02209793663132,-0.374683412235444,-4.24273681094882,0.445568163640222,-3.57582877797427,1.69278255781926,-0.118347233384222
"314",3.03992950852415,-0.590813742611502,0.656507475658735,0.196616389969516,-1.09619061085063,1.89232827787251,-0.155913426719959
"315",-1.42159392399977,6.55875608768293,-0.0136717515521039,-0.131349093451674,-4.44610979272993,1.6118975088781,-0.665151143942651
"316",-0.0963640845407553,7.53602862138298,1.06463203656341,-1.80434454660811,-11.2118809892681,0.814085739440256,0.100148910181345
"317",1.97984264430484,-0.819479654231857,2.3182221729539,0.437556315017945,-2.03419804354971,2.19522308269241,0.297673546173319
"318",2.41693084872441,1.89151656680784,0.213272804206462,0.241079052210043,1.47094463921988,1.72724817713569,0.290183591386894
"319",0.86012349751788,2.5316088638524,0.894815305360663,-1.33688193729965,1.79322700908951,1.08867913438959,0.838505886123689
"320",-0.701105185864107,-7.01179991379754,-6.43821351515214,2.84384689517382,3.27738630122886,-0.855378935690313,-0.674563394470034
"321",3.15523052152519,-6.90148511324229,-3.22661493343757,-0.166661473480301,-8.46274700612273,2.0766069492232,-0.0951480830758905
"322",0.155811862895925,0.687125003841505,-2.3075312003219,-0.137935885283676,-1.12759532338766,2.24554162778032,-4.57846291110198
"323",-0.0661039937740151,0.767173997651505,2.38367650296399,0.0807008315717851,-1.97433701658547,2.03666136233371,0.205918814274814
"324",-0.240869574524435,4.91324626437198,0.671674769751715,0.698277884781039,-2.20156166164989,1.10954266865734,1.19335808781072
"325",-16.8021922349331,0.216288380287103,-2.56007677773628,-0.0946540833310212,-9.56167260938999,-4.58287494956747,-0.10621568769643
"326",2.87499731269931,0.612380566047573,-0.734905969017239,-0.498848071721908,0.0966953153561359,0.158331378550967,0.363667807133065
"327",0.788751964196687,3.30198688806828,-0.704151979258415,-1.34797686512442,3.28365623314372,0.99481165649154,0.317919009807243
"328",2.13975832174532,1.88961636976963,0.997068519549095,-0.483616706606717,6.73639354773704,-4.1293846753957,1.18944538962074
"329",-14.9648122846245,-1.53391802398448,-1.30323313809446,0.143301517881456,-10.3458040522448,-2.52360810763914,0.143167515745199
"330",2.20410673105339,2.38127071858451,0.807686457298034,-0.103194616342132,-5.06197376573445,2.17875427424028,0.709833671775042
"331",2.88831249954482,-2.62976587585191,0.23749158974409,0.132132070240623,0.607323602885315,0.740352643072573,1.01958046610802
"332",-0.623171806008819,-1.52243696569203,1.64339009237224,0.957125020221281,0.532754328041401,0.800675198002738,1.15894189715712
"333",2.42148901157791,0.371119727242939,0.826862867694656,-0.0098383074883568,1.69366575288711,2.6970773900682,-0.677780514602071
"334",3.18911282832608,-2.17735911315169,0.826172629318593,0.0679829677612391,3.84145028504861,1.6533074546591,-0.620991684499281
"335",2.92841126935236,-1.51697290844388,-0.472910526573847,-0.575157502759514,-1.15063543363021,1.89139157763021,0.0331829069271524
"336",2.84836071573895,-3.12051093419979,0.539321298742014,-0.33876853132207,3.60584181503637,1.69590307651418,0.556002858348882
"337",0.989993694899581,2.67458005399675,-0.677998015227044,-1.08985047165693,3.47244725337489,1.9504919767494,0.0758873509873344
"338",2.16627541168999,-7.3612783993258,-1.15156424972732,2.89930142524381,1.69615605502632,1.62400517873885,1.01965741278388
"339",3.1686166302743,-3.81665906277691,0.0472928942078612,2.74146400155025,3.84368704968014,-0.654538847437242,1.20406055479923
"340",-0.685930838842566,6.73300789554992,-1.18372290255985,-0.267507536613767,0.852566387063029,-4.49713848638952,-0.156266906556993
"341",2.93668247637182,-0.415425084456422,0.803051659706812,1.11975638472962,5.40628640000972,-3.05148793339266,3.02053683477154
"342",2.3964717050494,-0.185270210568196,1.97539322535147,-0.102567578437123,4.33953467019087,1.64469632336279,0.417714005090171
"343",1.848728446857,-3.62161752718046,0.114525631810842,2.55801263834872,-4.02905317109246,2.05925858735818,1.2244566265134
"344",2.90216586896177,-3.04093008868202,-1.55512650926161,2.72444702156618,4.326420243845,-4.78583929554404,3.15816125875389
"345",2.36889683526381,2.77648171565847,-1.43324605070897,-1.33661246214992,0.66178156561614,0.142028634032302,0.211473729366537
"346",3.13091893872666,-0.340438378238263,0.0529111209428934,0.592252533253527,-1.7808835737939,2.30447086177881,0.552529852474087
"347",2.54906848546447,0.526447712450669,0.82040008181105,0.595282947660174,2.41999138459484,2.07747144273012,-0.112081672065034
"348",2.60507700101556,0.0438280689723697,0.286337825808106,0.299427170249206,-1.14946699851176,2.26132252697942,-0.0431674316203964
"349",2.84364717915081,1.75003829352234,0.671735219102725,0.241289063968063,-4.20781115877583,0.800125335671804,1.03583299350247
"350",1.89764377282505,-0.576942281836485,0.839055006131832,-1.23692502915733,2.61553403420924,1.23213231557221,0.259369703736679
"351",3.03898149416128,0.889802166435464,0.533728681020463,0.172144885091608,3.28820514837637,2.05214921524739,0.226626653158757
"352",2.16610177356974,-5.00290879776934,-2.07931574925933,0.308086853106284,0.0964871231708365,2.45396294953346,-0.119775818090746
"353",2.65800009218365,-0.687433119037406,0.829857482203064,-1.11766932199187,3.48108863431262,0.609089240391452,0.0848563581868601
"354",0.784131919403327,3.56949814625539,-3.55515276996721,0.589200448795898,1.66495878788044,1.65543067713513,-2.27243386302043
"355",2.75809486170394,-2.66723288209776,0.213259871724228,2.33045689287029,-1.73678166859644,2.27944594252088,0.370865415879597
"356",2.41165712990779,-0.948968073540538,1.97569664731081,-0.402284992522448,0.602711399026564,1.04574056265768,1.3950740016134
"357",-0.12173858840334,1.86913137210653,1.96848744763904,-1.00618739602304,-6.82104203800812,2.7481878039627,-0.21038669670888
"358",1.87624598235653,1.96031071442699,-2.61952274486909,0.997481861341282,-3.99535389132283,-2.51089620758269,1.67236496671364
"359",1.90282929668094,-1.9553273175107,-3.81975673043067,0.393161300752755,1.68875021400183,-2.53923019130254,0.313453549283005
"360",-1.23147415350135,2.59551924643234,0.650175752056919,1.13440393820823,-8.55151706310347,2.21747205090638,-1.47831751351609
"361",0.724151115481506,-1.34854034918939,-2.36085642307268,-0.614806139490409,3.82328690162574,0.566297163334326,-0.245052251644291
"362",0.778875354570468,-3.26612021651679,1.66287705801515,0.240040459699669,5.78609010672711,-4.7595233954194,2.23509177565534
"363",-0.656723707818953,-2.19849443672431,0.0487493065781515,0.14973760137706,-0.976732813451069,1.31725052655907,-4.53851708830418
"364",2.16402954943085,1.51107694680607,0.597734513723266,0.207271226251786,4.394227234368,0.284556456877779,0.510814212785679
"365",1.15772207013555,-1.32027588990433,-0.37526210660423,0.982191816317048,5.27615666716427,0.0822127021359979,-1.49359157586328
"366",3.13235480002623,-8.05965476057674,0.0504379625512335,0.0694049326209067,-2.61006073840549,1.93229024457141,0.167477005584037
"367",0.874902897613249,3.42922783228976,0.95035352773997,-1.00454462320008,-1.02075241675886,2.3062975989646,-1.85065540827778
"368",0.85816448283059,-8.21159988716924,-6.37957124710963,3.00942195220258,-7.07962992109192,1.6635979201787,0.21387014189175
"369",-0.696862219667412,2.83531647831045,0.705807813045035,1.15767837748804,4.97754388290928,-6.39835561825594,0.364864293272836
"370",2.57897630786448,-4.76796520544864,1.07716095980679,-1.23416122475162,1.69013476189606,2.27637208450811,0.160568200690097
"371",-0.699670496605415,-1.4005891932633,2.46834777924784,-0.522363111491351,2.79055074672456,1.9763796612,0.828314682180521
"372",1.39936982183769,1.30131201559948,1.82801792622094,-1.01964372747206,3.83275268834579,0.238703693984887,0.195531153069235
"373",2.81041267338874,2.4342620984559,0.654657970764117,-1.06845770799917,-3.7005684925863,0.9651974441342,0.795241853969598
"374",-4.07182078672288,7.70792130338345,0.994117836518349,0.980772810318631,0.649247768337504,-4.57753494441171,1.04320217621535
"375",-1.73460269681803,4.9933468341895,-6.42574358164409,0.182366846045795,0.093029083010124,0.20318391526168,-0.246563196479284
"376",3.29141454279463,-6.28685090720989,-2.28007475759123,0.30033926225505,1.70255523266995,1.93836178939017,0.153277743314393
"377",2.54535756103841,1.77103026357116,-3.30997432658142,0.203416609516856,-0.582983449268645,0.570388594629105,1.20562082283311
"378",2.95907727273635,-7.98001150708021,-0.0977597271863758,-0.103510864336541,2.2074267773602,2.22089140380992,0.213198197489611
"379",2.91954062326598,-2.1469736598558,-1.9923905202545,-0.163213591471204,0.565479142346943,2.45432654443186,-0.0296031963944247
"380",3.08524479121862,-1.93457108656637,0.574272650662394,3.34363924964482,0.599403291150691,-16.6857544105043,4.04691247301958
"381",1.85610058268872,1.46832244977789,0.214574304665453,-0.314465309210681,2.19770086313654,0.570452383002854,-0.567325282833141
"382",0.763982211811947,3.5961444739191,0.288183425630295,-1.67249870783826,1.68465889179559,0.800568297116952,-0.118965516223406
"383",2.18646778097184,1.34879494060705,-2.15013854909565,1.15670450399075,4.50025103806087,-1.57276007291765,-1.48273477721064
"384",2.5777836993586,1.26500712221353,0.827578293676327,0.130684578972096,3.44523922741331,-0.852287602606218,1.28392827202544
"385",1.6018269176007,-4.62451054468186,0.820770404498312,0.967563542042693,3.27733494580648,1.22459630158881,0.1964395983219
"386",2.02994597040421,1.2460475368899,-2.72135900887871,-0.492183103475999,1.68665064948605,2.07858732560581,0.212600531966876
"387",3.05437909177557,1.26087104987306,-0.59379216233516,0.588001064011899,-1.03038430152587,1.11109973024268,0.364412615471969
"388",3.14277752313157,-3.26273406907101,-2.33768186984115,-0.118522358984687,3.27825594685688,1.92950849045644,0.132664354171174
"389",2.04691832450172,-0.151360286722717,1.39535289985538,0.281991040162936,0.531223306102641,-0.118223950972437,1.39653179495096
"390",2.60955039672455,-8.13159895465749,0.584413981976249,1.16855486508678,-1.44852138550856,2.76135266554337,-0.703090617052068
"391",-1.00700042915452,-1.16588388144627,0.316279312666709,0.588269612143155,3.27723574692331,1.2764291979966,-0.245361747586713
"392",-0.607257156468687,-0.08065069180757,-0.39688894874534,-1.3037200810364,-0.530589664736406,0.695742692201783,0.712668138978628
"393",-0.580717931363874,-0.570403340897923,1.0038246895345,0.812159873967874,-0.445418972543016,1.26170674876008,-2.44113396473514
"394",3.12204631967353,-0.499904215487969,0.62749702181269,0.172204192511141,0.651441430207587,2.19366275402594,0.796626811115015
"395",2.15986038746684,-0.434255459666826,-2.41905470422591,1.05005718619575,3.48841667501571,0.66763300846496,0.3670240800648
"396",2.41237742530065,-6.99453636488063,-0.535487419440398,1.13478443734011,3.16854963180146,1.68060267171227,-0.0956318717540506
"397",-3.56944056249092,7.68130271575714,2.46600328996593,-0.376190755801764,-1.66856209356759,-1.54448683087742,1.65023801860089
"398",1.50222280619502,-3.43375424425242,1.08548084710259,-1.00824763507928,3.48529506251885,0.570057065185331,1.3922354086116
"399",-3.77934784583682,-3.40460358880296,-2.1401257757935,-2.16299736531042,-1.88756473916073,2.23149367971455,-1.91039251362475
"400",1.9832640036012,-0.245726265598649,-1.0393873383123,-0.455677573325907,3.73799958902872,-2.65841313714403,0.181219581515803
"401",1.45252418470049,-1.33781454877974,2.11988881017095,0.300957953937475,-4.15803395299431,2.41818515671988,-0.312094900742991
"402",-0.701481899845033,0.401084894990647,1.08638902010407,-1.33731693200174,-9.77539089659507,1.57680966048466,0.554650620692056
"403",-0.212568224886901,1.84080084825794,0.533108136658317,-0.215709760374822,-2.07596661619704,2.81382217030253,-2.24604354805496
"404",3.29563782827573,-0.712939831118419,1.07402069307284,-0.101515913247685,1.30116730625117,2.22171767740676,0.811863504944463
"405",-2.74782336813968,7.45158772308957,0.0803460409487716,1.18014467465583,2.59813686221337,-7.14528790998892,1.1690249602056
"406",3.20666251314523,-0.415414025266116,-1.71118554154442,0.200475714651734,3.83614326870971,-2.51826846692682,0.36812597680092
"407",1.82611944469321,2.56214103675617,0.115426676102233,-0.511963021258626,-0.291185169831839,0.759385059953454,1.03405550440826
"408",1.03594482474646,-9.06020866072171,1.59788645186633,-0.560732930382702,1.29567908768835,1.90157547492656,0.622853574275638
"409",1.92021155023783,1.74115567877918,0.864509565255484,0.973514712079154,-1.45404182656343,1.84104371038021,1.18916211788162
"410",0.694767444595165,-1.52952775915502,-6.43999062199862,-0.480308291145849,0.595293259675852,1.87833528524279,-7.36214778629308
"411",-3.65596594747733,7.80536884977667,2.47035163095635,-0.202120250556774,-11.0162976739925,2.21303153840975,0.327548186803626
"412",-1.83163479518769,-7.86428342711965,2.23508795195661,-0.394951116768367,7.28579799869245,-1.54206121179662,1.3891913391025
"413",1.98350338649218,2.6074272259773,0.0528550465194311,0.299326839135204,6.28974602557796,-2.12693677090921,1.83654729176964
"414",-3.65615830416261,0.477536478952358,1.75834423530949,0.684620910448371,-9.28881274245626,2.22097532120306,0.0547218111342562
"415",2.15379369431172,-0.419008052095751,0.273116642637931,-0.248698608686543,-7.43319707306438,1.62140229666903,1.07480163995523
"416",1.64379753608991,2.89342766144535,-3.0604611740398,0.0471601526172091,1.38433475887697,2.75868408376009,-0.186050984688813
"417",2.86457950381069,1.78149012014073,0.0536702242791817,0.774724309395068,-0.490869355288148,-2.57073723635884,-1.56178270024072
"418",2.51731032518443,-2.11975343977743,0.272735011031035,0.270873164070648,-0.172098141896372,2.22142695464329,-0.242194648797934
"419",-5.52136704194166,-0.64374233171712,-1.52085786043295,1.89850774771601,5.1932563148869,-1.54992349249692,-4.03427022382962
"420",2.85895131947856,0.890700667023608,0.866299590464259,-0.722231588363739,0.631610293523703,1.86804161515033,0.68354528454878
"421",0.795470716524026,2.96541167514923,1.97916073319123,0.59572737290867,2.3791615438962,-2.79109248003063,0.213706268148437
"422",1.06700899351213,1.22837722110491,2.17688473772406,-0.275961770871525,-1.54901294566957,2.05328038955,0.0945220274215
"423",-0.699825098692701,4.46293274741287,1.97459491185608,-1.62004001881078,-5.32709407635005,-0.90417869291781,-2.63662390282688
"424",3.07070372844544,-0.488274441710465,1.00388540403556,-0.510798589227859,-2.57885352063609,1.50732215607464,1.01762779430621
"425",3.26987148868726,-0.771245811498347,-0.510314106454371,0.279528924302461,2.96906298195051,0.570452678523396,1.25942817083003
"426",-1.55559751520131,4.3976332333197,-0.45359973064445,-0.262070703961604,-7.79953244813842,2.1319411597152,0.150276638274623
"427",-5.113501315183,3.74230058872238,3.68574080370293,-0.559468632464009,-1.05134429639123,1.78880216588559,0.348880808640305
"428",2.67908241229733,-2.9090645959438,0.805581633245026,1.05598463977876,-7.91073346013379,0.233796656372134,0.361189223704137
"429",2.4797410314485,-0.92070097136458,0.572314785008548,1.52901081482195,2.58928116551297,-1.71065991686114,1.63787728887606
"430",1.81332785163073,-7.08626142136865,1.90056460627145,1.11603893547453,14.1301295262401,-7.92085490794151,3.49885092520857
"431",-1.25846623797622,4.99157543281411,-0.104591845377872,0.216722529422303,2.93149060978919,0.843581451990605,-0.648554513765751
"432",1.51496576308142,-7.88112422900174,0.277687978233311,1.53230126197365,2.73628749864066,-2.52439560978378,0.776038349986701
"433",-4.01022254333785,-0.935808060580063,-1.1657893182521,-0.0378521901015555,2.7229612414277,1.64831660982349,-1.93966505634152
"434",2.24420737564636,2.53467656302937,2.05996003918336,-1.11477227945084,-9.46889954345846,2.35096090381124,-1.340033889898
"435",0.745051530575555,-3.44409718826884,-0.143181395204073,-1.31066871386477,1.92538197556182,2.25357797874094,-3.40000472249486
"436",1.95556955977148,-1.04333087661379,1.96565920731769,0.382476162860928,4.3911874183229,0.563856794432041,1.67539695427851
"437",-3.62590766559708,-3.19678821666323,1.91016386092144,0.192743065794487,1.10475740332717,0.535308714284398,0.316301134566816
"438",3.19524880580402,-7.47956721996008,1.28084430833661,-0.308896782025586,1.66640683147302,1.87521596550762,0.557596912683098
"439",-3.65853594407908,5.46649191367148,-0.0332448982841069,-1.13111277907869,0.665312984156269,-2.55276386168003,0.793005462308907
"440",1.62751628693005,3.39674248386302,1.90784687789806,0.953639578707092,7.19961538615909,-3.48714193606728,0.456983422052386
"441",-7.75516205243753,-8.25728739881369,0.770965577487227,-0.589569985160973,1.3112399996794,0.60631199688982,-1.48361852664593
"442",-1.41719539113668,3.82993699224046,1.84445487669582,0.145577357095027,3.82383798509118,-4.08559440848639,2.5184146282519
"443",1.27267898280329,-1.9989750082778,1.0837186969111,-1.32028855290635,0.459150559247589,0.637559546888633,0.31457518037635
"444",0.99803373885638,2.56541463687914,0.999939658464711,-0.0913262388687548,-2.84683886684349,-5.42110706969183,2.37128628424172
"445",2.17197748109382,1.30000122216275,-2.55565183379093,-0.289013610342604,-1.19326406027846,0.730767569078179,-2.34948466258267
"446",1.59191552655538,-0.661894989951737,-0.791791830771478,0.596594799035955,2.99663664388785,1.68763524883697,0.210495150037474
"447",2.58558736735943,0.152287633018293,-3.83136098078794,0.00874566826252807,3.27722316587043,0.25970015877246,-2.75939835655594
"448",2.24087161185225,0.726643351424376,0.824668169212715,1.52679412373987,-7.16473338681317,-0.118027493274756,-0.729004531105191
"449",0.69628408622873,1.36102212481811,0.0887508812055517,0.420654946623322,4.47386583211154,-0.72684605352179,0.049477024475307
"450",2.75830854315344,-0.796864089876806,-0.152862890903763,-0.503561271061166,-1.13783261026061,-1.56259522878727,1.73856766987949
"451",1.71627153844048,0.425333570331598,1.74363269462075,0.181193432506011,3.47714199925329,1.61429944060606,0.138487153284461
"452",2.29905054359232,-2.72940379851994,0.295333653969243,-1.0134754762425,2.98801890208715,1.92467001388438,-1.40950956553503
"453",3.20264204767985,-2.81918108118715,1.07342830001679,-0.120428939138254,-1.82660367988021,2.49009742815061,0.106401699007874
"454",2.09403551942763,2.99810038625119,-0.145476197064481,-0.998517139181045,-1.36182269806639,2.0462244809904,0.882053670796016
"455",-0.185368042606288,0.22063968577811,2.42376584287003,0.844034462788959,-4.90470774387048,1.79077689742619,0.556729338329411
"456",2.60721471283146,-2.71062620639296,-2.42262971640578,0.590372895520078,3.26233934212786,0.479637343692952,-2.31252678280821
"457",-2.92402154749671,4.95447614251294,-0.645028155141438,-2.35108059368219,1.36589149003631,-2.55767908918016,-0.094687161188915
"458",-0.578130388173289,4.52136462471995,-1.22477380626607,-0.998650868107,3.27731916198457,1.08332526779894,0.412759033580747
"459",0.15870640176268,0.377506328095661,2.089379830706,0.675434927334624,-2.79296157555341,-1.5680712596865,1.68335494862099
"460",-15.5689139812431,0.955663663515081,1.30567664786814,-0.0878712671081006,-0.519905579163204,-3.0289436964698,-0.233074253522338
"461",-0.698589212297511,4.31966990064698,0.569496800082179,-0.00845374607300975,-1.2998898408824,1.61392444220836,0.907528292352785
"462",1.17310759564927,-8.25702905373589,-0.442422283458814,2.1382738286437,-2.06843080772906,2.97251516181631,-1.77152608038977
"463",3.17303056386667,-5.30206326491591,1.15298127927186,-0.265486243950406,-1.71109255447162,1.90141228705067,0.420947592121105
"464",2.60383117715114,-8.1085437855081,0.295537351571519,-0.36399391793138,1.17011651207616,1.93993092525019,-0.0393699474183718
"465",2.18484254557652,-0.0277416307421962,1.16113955025254,-1.00357438620149,-9.26436083216019,1.96160286515526,0.0631958360828516
"466",-18.618962975411,0.486990761426471,0.638862517895567,-0.105528124876387,0.171919158218656,-6.9895057158394,-0.676572530497585
"467",-1.37210487517981,-0.499030870620297,0.36283871462471,-1.67026441394675,1.41179290021423,1.87191817419355,-0.350607848801652
"468",-4.2317121901706,-10.3980304462356,-4.34548719784344,1.53524504422772,4.86838221244712,0.612576391862439,-0.0539140133153781
"469",-2.01238039398347,1.23675874213321,1.52331416861626,-1.67774481690862,-1.40079555869302,2.45309951634445,-3.08983895171239
"470",1.87187433973352,3.02212378353884,-1.18407274031486,-0.0995159339336496,-1.77929679155895,1.55184384872591,1.026701139931
"471",-5.55218667251104,3.44223525874923,-0.777172056815978,0.403906128006346,0.877257320668877,1.15351604831628,0.269498396474435
"472",2.12855634685153,-2.18299608358418,-4.44804040644662,-0.620384706676779,-0.279885695119239,0.459260073730686,1.3940192884636
"473",1.46946026980697,3.92370854104764,-0.46922231691283,0.0631222426604992,-1.2776674778925,1.78411395855899,0.171430515180496
"474",2.17321656513157,2.55261956589196,1.39434323518268,0.796384277535753,4.88266816670468,-2.51155244046339,1.7354026741542
"475",-0.575486873912177,-6.47037867222614,-1.12619964700279,-1.08796723838316,1.68356464546225,1.61658715377157,1.19373170337118
"476",0.162870955967606,-1.33812029123639,-2.83969731119332,2.79678469166915,-1.12148220767328,-3.9617057240164,1.67316553518034
"477",-0.0218132396568769,4.39361507677338,1.83556120969338,-1.63159825959577,-4.81850989100758,2.4531620351986,-1.33370674831599
"478",2.93189508095872,-2.76031154399628,-0.462778178705131,-0.524403081395662,-3.52726251802255,1.65917530718789,0.493423013435755
"479",2.18294136853469,3.03027685295038,-0.678008477996964,1.04883763988806,1.7461840877714,-13.0296321646532,3.97644729244648
"480",1.73497419108738,2.5014447157741,1.87530183109959,-0.151995338762351,-10.7209474767192,2.22057056827079,0.315083640244277
"481",-0.744186608713156,-5.3915234306596,0.542762425353056,-0.166047241195176,1.69781427905407,1.92663438626366,-0.702215876107113
"482",2.47544472841674,-1.67764296929086,-1.56380308824772,-0.169233684416308,1.03451883034544,2.61829991822925,-0.703051511845183
"483",-3.24056460144379,1.33656110124109,0.0467319378137612,-0.115719427208118,-1.85112139009171,-2.04817373660249,0.512223907858705
"484",1.61658184061138,-7.41630780503236,1.3497143326817,0.0691726812562907,0.880385294723991,0.982714391492986,0.557610662187124
"485",-3.47234403413102,-2.80449542047426,2.35686238944015,0.407336321866581,1.54524561443989,1.91355340322279,1.01953153759764
"486",-0.403404049115787,-3.40594757448886,2.46221297419533,-2.80828932791138,-2.21004836732038,2.04286296790859,0.267562066085364
"487",2.94051548033071,-2.79812746875621,-1.24275201425931,1.02827147849949,0.543376099031148,1.92510083061971,0.530340664832169
"488",0.24583913253742,-7.30419705590642,2.44468336187372,-0.567985990473137,-1.02297650855935,2.30629351312943,0.0706379572544156
"489",3.05854027689758,0.131128235605027,-0.652205180761835,-0.120097256352447,1.68679326589232,1.87698702048291,-0.201377986996644
"490",2.3730159363781,-0.568660577093842,0.161743740002666,-0.995552164195376,-3.54404488529024,2.78864067446889,-2.16053295844234
"491",1.96014778770767,1.94332631274009,0.968486448502009,1.135068849964,1.34701683671549,0.284038449508516,0.769769168656497
"492",3.0459284979278,-3.22227213626127,1.39279197315484,0.362388264649356,2.63489658520446,-1.78706517523486,2.92120532703137
"493",-6.17040068224709,-1.93907005493284,2.93248404669603,-1.15464043160573,-2.0477292675541,1.31094709061404,-0.6229618224307
"494",2.38036811563172,0.360804699490217,1.8974244380367,0.21084164837984,0.457487294231226,0.863926046280963,-0.675167410918382
"495",-7.47501366774367,9.8674382763619,-2.82446517330785,0.568754643597684,1.09287782083751,0.557090588105921,0.332259379196044
"496",-7.22959681519847,9.11918336769505,0.388697201506828,-1.09168600321239,-2.79630154629547,1.01901298843081,-1.02961891353982
"497",2.62341901085494,2.20368344344391,-1.21980401717878,-0.0510264074130771,-0.459305475338251,-1.04052707691799,-1.52777730892771
"498",0.723555110303374,3.32750127967924,-2.34566904232194,-0.291096937616888,2.20577910448094,1.71804690248128,0.226873040923145
"499",2.22225313731606,-0.429258892818847,0.960493248212945,-0.115740599929905,3.72390119950789,-0.943583406833771,1.21125877572169
"500",3.19281798608329,-1.30391721944244,-0.479840305375107,-0.162376668032854,4.91801898927681,2.04277294122604,-4.07628430344527
"501",0.885702659876447,1.24230874449802,0.0522883426511637,1.10118916753058,0.563531096950865,-2.58264093246926,-0.119689120857699
"502",2.5745684070074,0.420731973107291,1.0829810599181,-1.33742386563874,3.26228090449505,0.57032093027685,0.904239913179357
"503",0.795532983596929,1.04338861610698,-2.28507141968824,0.78593118863299,0.100162312598051,2.5269572745248,0.0759215246974944
"504",1.95519450212822,1.27357356143739,0.996639449838346,0.234647339906934,4.7331509701361,1.71734391129774,0.252684233667059
"505",2.53135921485384,2.60900715504435,0.625270713664584,-0.0318507831653753,-1.41368477930046,1.68820710356638,0.0820702037323162
"506",-8.77522796151661,-3.32594099565467,-2.34036080124085,-0.880606997025205,0.463556834491781,-0.665242421928292,0.546697587384835
"507",3.16376007036719,-2.66686368326262,-5.42496887398088,-0.307294961077062,2.01832114360217,1.73352626402857,0.39106498963353
"508",-0.0911172555837679,4.35889088505247,0.83071776232694,-1.26363299936525,0.723558883579374,1.49840328139973,0.821689117471169
"509",2.23973305319519,-0.41563162950152,1.39302200370085,-0.11145210777112,-6.86223589637927,0.226733647108899,1.27323901376654
"510",0.678196497347692,-2.59862249381109,0.287075632323389,-0.601678830441959,2.98289018534231,0.24276809746361,0.552425323006602
"511",0.264600424123769,4.93904587833337,-2.39140131959494,-1.13599629655251,0.444869288476182,2.04570207790026,-1.46302207180833
"512",2.15027454591603,3.95475179605985,-4.2471739226108,-0.475376989529572,-0.305087866209609,2.30694459276697,-1.53235454993215
"513",0.997567005734109,-2.63533129199573,0.757214454144701,-1.33063243789325,2.58954484433362,1.93049717444894,-1.29439340041316
"514",1.90736309060869,-2.24150029269452,0.62943343315863,-1.0407047632705,-0.657971388510593,1.92616079666571,-0.00765990235357797
"515",3.09471662366243,-8.26765900345669,-4.28112193397092,0.162134674321138,-2.17123747388944,1.70754040916347,0.979400057413861
"516",2.7294592920005,-4.05397665806793,-0.787684131587781,-0.257059008743159,-1.45438457288316,2.26615909524961,0.204544368868531
"517",3.08127540090035,0.410992261641345,-2.35248858860042,-0.174139541977525,-1.76635463552363,2.04041790953735,-0.0499877007888414
"518",-3.63358171262386,7.7240813177264,-2.12423604613439,-2.53468942781762,-0.901802049416771,2.270536821434,-4.52417978768193
"519",-4.6601570230251,-8.71483655023959,1.33583412532354,-1.07862198632651,4.84419501177679,1.55189597556407,-0.713638961616491
"520",1.91441406632028,-1.18753056193313,-1.33670158934753,0.242332481879341,2.17973316403962,1.87612703785561,0.537763257698679
"521",-7.52636444490148,2.61511739514467,-2.16540744249858,-1.00377185654912,-4.63181227382175,0.899229847723219,-0.608893074811047
"522",2.96663829895865,-0.500982597564576,0.817785053274057,0.300347593728701,-2.06412445451014,-0.198250099375901,0.225793757201319
"523",2.07695367256493,1.46306189775144,1.06968350603387,-0.486801186365551,1.68422636391915,0.540608081640456,1.27213185949092
"524",1.98279365730196,1.7300809255694,0.0536644395502675,1.1890660705343,3.77566676738734,-13.26912526584,1.63184686718483
"525",3.20624209191192,-0.46278892133026,-0.0129143588511428,1.53046600147896,-3.64872681783442,-2.56308208997064,1.42637849705847
"526",2.52502516817298,2.90073383600843,-0.0748835810442256,-0.273870685915358,-0.148844391376684,1.10096541502549,0.435341708731395
"527",-1.37492038257092,1.89348820808024,2.32539593136958,0.167202787263634,-4.87833907307153,2.46463955630018,0.0684004906054335
"528",2.38519369678799,-0.415683142398378,0.795148732465745,-0.306874781259395,-1.77903255534169,1.75549740273516,1.03171748482266
"529",1.6586803843231,0.169436640320352,-0.956158373666373,-1.59097363608923,7.314526774103,-6.60745529959338,0.292116095154368
"530",-3.25876580112353,1.27355393119076,0.288389851914783,0.278245647785047,5.40522969931172,-1.54170990962773,-0.628456389028545
"531",2.89847783626354,-0.514100322806602,0.824288176517512,-0.684368432012861,3.59831600618908,1.63955656989454,0.52348019335563
"532",1.63658552750853,-1.31877043885094,0.82336140636395,1.03375039409624,-0.72299079185749,0.803916129518473,0.0290714637588576
"533",-0.0271703049756471,2.07909800007121,0.0540247724960207,-0.285428830443345,-9.71341371194409,2.91507594300445,-1.49541998897133
"534",3.20833523072544,-0.445878692307998,1.08485020932737,-1.00132494156747,-2.2583325350388,1.58971505516983,1.20186121861119
"535",2.51480130175697,-2.07527182122841,-6.4041681844842,1.13410908828866,3.19285837858349,1.72131225521488,-2.48337164030854
"536",1.7918749925096,2.56729965171319,1.07493123025859,-1.23540009689834,-1.39387583850515,1.98117942394991,0.535109816663533
"537",3.31362112589926,-4.13973058112771,0.115260335936722,1.5198821212398,3.14608904820118,0.867217016810008,0.780503101355308
"538",-3.66534973474681,-5.1504295564932,1.59176313058241,2.83665797396985,-1.89594484943439,-3.11209637927109,2.79085493320227
"539",1.38374863690391,-2.69004536582848,2.33566616878341,-1.04544726079436,1.96404128566757,2.3037565164513,0.187496389648151
"540",-2.10644652426587,-1.53244934099489,0.796264575936884,-1.20433134565199,1.46040748767668,1.88583864257995,-0.630465756385252
"541",3.03115102127195,-3.39204829871477,-2.70687352996498,-0.268711229630848,-0.780700140159614,2.96596400951116,-1.67655612803901
"542",-0.134551880395505,1.30301104001605,-1.57936737869572,-1.01650553934634,-2.04332673380425,1.88334203896694,0.211186118538793
"543",0.251605881231715,-7.03011464478392,0.610730355214878,-0.227422669460194,3.9200520422606,1.62657026236476,0.0525991316235911
"544",2.37473295516726,-5.00483798318201,1.04736570827854,-0.718855973725791,0.868960855796931,2.44237574954501,-0.0901367396239359
"545",-18.8872463110119,-0.683382889547457,2.02685604971405,0.148878113905418,-7.5595350176047,-7.9298203627436,2.275408168048
"546",-1.54709670112203,-2.5739287275333,0.767121707027506,2.77402089935052,0.117886413934415,-4.10878468887205,0.422867633521022
"547",-0.108247991793006,0.597401491547879,-0.169811741869985,-1.78516826174913,-1.05637102706205,1.78284727093341,-0.115999937104395
"548",1.57203049948053,1.89196186237556,1.90468442718081,-0.113565743575757,-7.09882276778628,2.30424751039164,0.0445116696827644
"549",-1.09325714013255,4.72909684820875,1.99488099932622,-0.567868152507133,-1.08331603396554,1.65962789345414,0.303972021911517
"550",2.23925939138095,1.34889469927538,0.326812678790394,-0.356777823709934,3.84462041758858,2.0525628766316,-3.99514596508509
"551",2.24428610459608,-2.76800234332729,0.0248562904231922,0.660763485243179,3.08618865919638,-2.57745989488191,-4.42343286265959
"552",1.54119126787857,-2.8317642688977,-0.360189333048323,0.240729400882581,0.576419452956928,2.25059872528611,-0.112446227896009
"553",0.692247355865928,-2.63448917407492,0.0503150254975721,2.3768111418072,1.9500440619116,-0.586951072393632,0.303548286410359
"554",3.12381437229649,-1.33271225672736,0.0533069995000447,0.253340329337279,0.622122182334596,2.45531689538918,-0.195273443695346
"555",0.0397621595517845,1.77348242295064,0.824427580861182,0.170595505134513,-0.919523731095901,2.29456058487003,-0.51609896663782
"556",2.03858403869049,-3.30510980064559,1.83505694876181,1.52979931540054,3.72321843495769,-1.54769231250731,1.42837845081147
"557",2.3722344871161,2.58106852767903,-1.58992444377573,-0.291846988159715,-0.364013401907177,0.245349822014562,0.212821755428576
"558",-1.12193832847228,-2.7719212728271,0.633160472955168,-0.393302554226378,4.39320320187644,1.61182933023905,-1.81423233592847
"559",2.57924241282164,1.95982001454572,1.62694491947802,-0.368281468680386,-9.25865397947833,0.9688312869399,1.2975304991945
"560",2.27020321334894,0.543242467528112,-0.876639877537997,-0.474987416686014,1.16322084349788,-0.99067379187299,0.263948201280763
"561",-5.61663319028149,4.73070877165343,2.54045169632472,-0.121165957532056,-7.60718900679937,1.54269675441145,0.959228106312079
"562",2.59094609867319,-6.19140432173466,1.16868057560997,-0.154472914680369,3.07062961582456,1.66707812109301,0.875833936009968
"563",1.42281942992676,-1.90553480507129,0.0535452804461263,0.064485582586233,-1.29280523330782,-1.13117531726871,0.853809290176088
"564",-3.26358498581271,6.97858654194174,2.46785447082389,-0.331608275051921,0.721914977713436,0.854904226387593,0.717281441090714
"565",1.69939727212824,-3.29586559333132,-0.487390708670788,3.14640646290653,0.334746412238276,-4.11020388307598,0.62913228985677
"566",2.56585635750968,-1.34931724778445,1.39246051637057,-0.738050424957358,-1.12441796491975,2.6626816106209,0.0886315642416629
"567",-1.82604819544702,-2.50343146386206,-0.468307242484863,0.66392610885798,-1.38603543671817,-5.48893010643311,2.925209008817
"568",3.13292884333806,0.172301979256331,1.0455390551542,0.184220045607567,0.596238107779864,2.07412396013254,0.285002227926117
"569",3.04049949275674,-7.49595612813701,0.0499749403905841,1.52021074275455,1.26910809877992,2.3538031892139,-0.355710818399473
"570",-2.00890312864164,-3.14067859193277,1.41003268908317,0.836388279675888,4.44462226283819,-0.292709615973945,1.29549902785897
"571",3.22859570738173,-0.435956123289739,0.666114627767893,0.596544415537536,-1.39663700249909,0.616190724484669,1.18911403235007
"572",3.16754687283976,-2.75379301518758,1.00727771964367,-0.120047014409907,-1.14135519288753,0.800536553069654,1.26861790817432
"573",1.95981963105962,2.7656267137192,1.13757640917458,-0.0816590707434281,6.7954895651099,-2.55970894792127,1.39373753598328
"574",3.04472615002564,1.95791221898358,0.347521589446134,-0.384002321040681,2.17983296173153,0.925519985539659,0.249010599466855
"575",-5.72699101685373,8.65768112013899,1.66927126812153,-2.29668292547959,-0.414588540742361,-0.66158103793457,1.28717319660095
"576",-0.0820493318273299,-1.40365961302251,1.08501445579176,-0.150371275551192,3.20449406108043,1.88163623526203,-2.59513236403803
"577",2.11753451752602,2.49414079475358,1.82078302838958,0.304468692490569,3.28837157906375,1.59722667654,0.0589923597592967
"578",2.80247890806155,-0.435556224630637,2.07042500891401,0.160675940319705,-0.582675042033901,2.56282687772292,-0.676736803814244
"579",-7.029953624896,-1.34350908114739,1.68535266642622,1.15698704120508,-2.10829428587387,0.606219394976395,0.452288441035889
"580",-0.578898893062557,4.04040472022594,2.39844633986424,0.58922357931004,-1.9901811781668,0.525099111335692,0.521143297548678
"581",-1.14340002133668,3.06830242210728,1.09729627232945,-0.473640879649068,2.37590759881296,2.22139561409141,-2.93486948990617
"582",2.93689176506884,-2.37530053057786,1.14268936541295,0.972021544891348,5.64497756107128,0.113129676494979,-0.0180058009870872
"583",2.56211860148006,-0.594483200148809,-2.17395671086988,0.272199212070247,6.47730292072611,-3.77526326266545,-2.01320102940927
"584",2.41833795980224,-3.44715605372662,1.6267187374184,2.49162530406709,2.70390035328274,1.61576085212584,1.18286818177361
"585",-3.68833362074069,1.76772059151406,1.41087732264822,0.61574089816965,-0.546025133164682,-6.44599066116709,-0.0500245153796214
"586",2.52330203461503,2.01520029564726,-3.68466438519484,-0.0837545361130376,1.09005552608339,2.24684061963057,0.83304769943833
"587",-3.0165829532788,4.89397770985774,-2.69100328870224,0.221282509823356,-1.77456202883151,0.932094534961835,-0.0940755385080549
"588",1.70847909695957,-2.18994284281419,0.671264010046797,1.39314244316878,-12.3585003164124,0.466682109651501,1.65034895316446
"589",1.43434978074791,0.225956325932314,0.213453507895985,-1.320845329958,0.265848105816372,1.60594224969892,0.192116324873597
"590",2.51922779958425,-0.368992512963117,-2.30558793465113,-0.1317015509326,-2.24294668095852,1.61745909942309,0.245715029628118
"591",0.0803143653709818,2.01680139973339,-2.02455741279968,0.166556267169382,-3.57994457605308,2.19871641882611,-0.330391791185729
"592",3.215631412904,-0.331424659322557,-0.70814958684821,0.583052599895609,-2.53145995851537,0.798580750482553,1.21514646712362
"593",2.1631779117018,-0.826875148812636,1.97460307925422,-1.1165553214506,-3.54465227063166,2.22015529527788,0.141595433003
"594",-0.286651560475348,0.381940632051946,0.697055651439452,0.587823930907938,1.69005111649597,0.600085621367486,0.107879243896107
"595",1.42952894698382,2.61161558102993,2.39503201284279,-1.11780252973565,-4.01708940896947,2.45344653587807,0.0826339387181789
"596",-5.31517780140152,7.7116311234978,-2.81334179006421,-0.558505443966758,2.84611391908731,0.15853588040883,-0.108638987191288
"597",1.52925329319706,-0.391654231722963,-0.298375463465624,0.277253204064843,3.58933507680595,1.71127130674391,0.149716149870006
"598",0.949454442660598,3.61977641058315,-4.2628422688456,-0.726797401822037,-11.8370912755514,2.30401677090019,-4.06494010031382
"599",2.75813861044971,-3.20605659318999,-1.20322346467681,2.96875258264343,-2.16470321330364,-2.54020323045182,-6.31778643746075
"600",-0.218837666707916,2.60518441750168,-1.3029108692666,-0.145268917035733,-0.458348065326254,1.93763609318222,0.216030325395607
"601",0.355056966770305,-10.4288005179582,-2.5920195035842,-0.195255311383844,5.40550661709511,1.29699498028344,0.0890744061427933
"602",2.43580023587986,-2.74716536214048,0.179078171109555,-0.364175042388081,6.04650257067535,-2.50795464558633,1.29650932653109
"603",-0.522565958727211,2.50027037849728,1.43738337794737,0.166914297620044,2.89275428886811,0.616999050431797,1.20839847655985
"604",-3.27918762462679,4.42803067689314,2.29160392588249,-1.01086872499894,3.31248921410372,0.798505483110515,0.211794693584272
"605",2.95689761119421,-0.116878596324102,-1.20981548088243,-1.29512644669279,-4.23333031686237,0.878084337214047,1.47079126197272
"606",2.50514662123253,-2.19253294045041,0.244118639409056,0.823047435374436,-1.78302664670443,1.85477062885656,0.251077113273554
"607",3.03706585705114,-2.18726451641408,0.772759893299106,1.56278991976208,-4.66274908056196,-4.43600222064973,2.28344887887515
"608",-3.65555785186327,-1.72307265894975,-2.17179339035299,0.591880367721531,3.82746403666186,-0.466169924165384,1.39665379682131
"609",2.09336013342179,2.21415198115503,-5.88252968879287,-0.00968081374789234,-0.519100330017313,0.823862858958487,0.836594503145404
"610",1.23570584067725,-0.2121346727431,2.08480553865155,-2.08053420046051,0.011620606924451,2.3616590552467,0.21170825009551
"611",2.94131645148566,-2.19364173811616,-0.0985848869723474,-0.400979806724112,-1.02878354754927,2.09475218235719,0.323876825260331
"612",2.24245877266787,1.27345064611005,1.41532783314764,-0.576541503513725,-1.07416292351335,0.659850909535613,1.19723269154917
"613",3.00790027463904,1.27339224023005,1.39315619120743,0.241503036180707,5.40368013449929,0.531177976089731,0.00623884869476041
"614",3.12471701283834,-1.82650794666329,-2.10919000259595,0.230662822111559,2.00577828784224,2.21805809770782,-1.49429646940522
"615",-7.48606333802015,-0.850604787699967,-3.86567487529979,1.35123246131379,-1.38501510386447,0.610461424386409,-1.20299523687085
"616",2.41706240508005,-2.18067903195022,0.760482003979592,1.4446307903942,1.3077035925273,-0.124513288179912,0.431799301378397
"617",0.114528195828585,3.10180894913495,0.705313096954855,-1.26807745181727,-1.7739601993817,2.01600502912858,-1.46929438540646
"618",1.93556517279407,-3.46597365305847,0.963933464027185,-1.33763139171553,4.75810777829824,1.22928915553938,-0.0951641244185735
"619",3.02623256027856,0.301919727255359,-0.0765856993981057,-0.560209723948621,0.657828305307783,1.78770643195223,0.110095286711484
"620",2.24234379103811,-2.91406425011509,0.629199024675141,-0.16666679787805,3.4843387657032,1.70224624205644,0.161796740417584
"621",2.40784536985941,0.227956500735091,1.04349795157396,-0.559480129075317,-5.18592532362704,1.64743554684423,1.19585201960239
"622",1.69233288786703,1.24774634451262,0.878315103882309,-0.571508236413742,-7.14351303255088,2.84440363468392,-0.414047232204864
"623",0.75718288624066,2.69128150520729,1.00444071254298,-1.8183642536178,2.78965935916297,0.618787612047314,-0.24612663283417
"624",1.98012022459,1.32384476246144,0.926512841900681,-1.2390821826448,0.151814837945977,1.9370906160154,0.21278757354078
"625",-0.502794824067418,-2.13141340880483,-0.437522734789277,0.448963845602834,2.60912208165554,1.03873942131096,0.0105038482600708
"626",-1.01969776458285,-3.05288052721312,0.817024761864409,0.167211274948919,1.455561144482,2.30655760170041,0.152223434796339
"627",2.6226845635397,2.06623712237128,-0.464309259957741,0.593765256607508,-1.51805143416499,-5.59735039087793,1.26702260455412
"628",1.63740162006743,3.28856526044909,-2.12325030169664,0.110156319714102,-4.37083904262374,2.21928843111103,-1.48861469939117
"629",2.4172881370157,1.30192298800014,-0.118811060312897,0.304602212252513,1.2912068203503,-2.71555208144457,-0.00571680599984417
"630",1.80534214269829,0.201538074206491,-0.0900518466166792,-0.480066172560783,2.62134273013163,-1.5449344141591,0.955984759293663
"631",3.12621905871519,-10.384026421152,-1.18713554825507,-0.161187967066247,4.53936955938886,1.87997962403749,-1.42090505750512
"632",1.6562061388114,1.89168319675171,1.57137450081115,0.202238233377189,1.49272224022152,2.24035056159152,-0.113558438849887
"633",-15.4178145971364,0.330936732143688,0.923761970894809,0.366895045689057,-1.43903731357062,-2.94078387083562,-0.157361410752855
"634",1.41889323675891,2.60157435837324,0.213500652713026,-0.101145804312644,-1.02283118427186,1.78902774078432,0.268170383869913
"635",-4.22184407388698,-8.2853792390013,1.82816808802763,-0.0949623969448694,7.14990427581441,-3.90012145921008,-0.670090724238835
"636",2.24765418734232,2.55298682097229,0.195798922199566,0.292937611441609,-0.587661883374454,1.65690104046295,0.0604814066188686
"637",2.20432671299499,-0.751906890834905,-0.0981570046232155,-1.06052835210524,-1.39488230012268,1.92912026255563,1.09823194390142
"638",-0.57930021006307,2.10344983585704,-1.18695606149166,-0.38066501532852,-2.03297020865236,2.75661308705197,-4.16767804019769
"639",2.53768633634115,0.100671741536423,1.07415822986795,-0.999965088466794,-0.35433167713896,2.70657348190063,-0.491995859072137
"640",-4.7329327903714,0.52127221447994,1.64696263284336,0.942022661095788,-2.20976273106042,2.06238683522295,-0.145136185411037
"641",-4.1823571373452,2.2641775978847,0.985854449914306,-1.73663849824912,-11.2997879329717,1.90072756373075,-1.41182936196771
"642",1.5170855422106,-2.70292943100257,1.00706970456375,0.166650348036869,0.581635807285182,2.50324831450894,-1.11385113107508
"643",-0.375725288087988,-8.18351643145318,-3.9332278066658,-1.46556221113803,6.38909947020972,1.01512848809374,-4.65953967555425
"644",0.0287685472681609,-4.74302753377671,0.805372728776591,0.570063864432779,3.84596020962025,1.7178703039329,0.35205056345841
"645",1.52503849392453,-3.27533739809127,1.67880768074012,-1.33198864070318,4.87911575863169,-2.0522128166998,1.73535752320836
"646",1.0281428713277,-2.64792031059375,2.08173577376059,0.205320872941248,0.465494862573526,1.65576948724678,-3.20114441860194
"647",-2.81176807050817,4.17946697275978,2.42443057054573,-1.01205903074624,-1.04270940925813,1.93676599763384,-0.67946389076048
"648",3.1108505548011,-1.31548793842433,-0.773617800085671,1.52973040530176,2.98920497783969,1.88879687582206,0.29900205119451
"649",-2.72906767868836,-8.44937936715222,0.798619959100445,-0.300206100647563,3.43056191695695,1.85035287015343,-0.724616640239176
"650",-3.77823583906201,4.06305821042263,0.851832522495169,-0.154455732200915,-2.78041405426153,0.340436358633842,-2.60210736410977
"651",1.91594600274333,-3.34057864780271,0.11566607102387,-1.33650781671693,1.94733241868347,2.22187810376774,0.237837004853066
"652",2.53547613335526,-7.78821326317742,1.7758587185943,-0.480021513933582,5.40313190107929,1.71459511592166,-1.20875948059722
"653",-3.45470807204051,-1.59824558731909,2.46530319558283,-1.9266736048889,-11.5000996853368,-0.727111817048931,1.65903921594875
"654",2.6057596447629,-0.785476359516309,-2.42030832650002,-0.152710472072868,-1.94476105272317,2.28298151558378,-0.468388259804259
"655",2.12596063892124,2.61187928213095,0.809958517709,-0.162106918406561,-1.28459985131563,1.61517253548866,1.29592960928733
"656",-0.204188212059701,-0.415537770364166,-1.23537042387049,0.996601719375511,3.06929842118962,-3.20922795082959,-2.24619611284898
"657",3.12706030303491,-2.90364211099487,-3.5545423744435,0.144513422830347,1.02961436980644,0.907029390526814,0.0267352949079356
"658",2.47733744406258,1.76462795262518,0.959921879720093,-0.580823755772901,4.64177114994526,-7.65080210583616,2.95440745701678
"659",3.03339987859046,-0.369431864821744,0.585150279006859,-0.619995101960758,0.808270909310569,1.61117376642475,-0.665368603216084
"660",1.64654567118615,-2.2783532383938,2.09105813904577,-0.610657548411117,-0.633307175925844,0.799860246792011,1.5148756795707
"661",2.5324631064917,0.193532377911021,-1.40632018924783,-0.312158383678047,3.99155016741818,0.748460319256947,-0.570600902686929
"662",2.99798256956246,-0.76186697544996,1.41182928284101,0.165088586387776,-1.39817808505444,2.77232239659556,-0.175518541595321
"663",2.35113571101388,3.99444309222172,-1.54376327752151,0.20588802138072,-3.99449798012611,2.75312073906448,-0.23317060617427
"664",-0.469616820844189,-1.9220861169361,1.70144265826708,0.301235838253355,4.44388801344957,-0.697609406297976,-1.60363460833415
"665",2.41557634799602,1.75141290291439,1.89698568648386,-0.716160089607168,2.84701351360191,0.887068319533413,0.860475125270362
"666",2.15833766564372,-0.291234139365364,1.08656175513458,1.52942782011243,3.37347210129379,-6.68021130865489,3.57479055728782
"667",2.43654192745147,-2.54665433444701,-2.25097997155687,-1.00269786457407,3.22697089161637,1.71724418716701,0.220541261171042
"668",1.85721419997012,-0.438535841211537,1.08557441199111,0.903543409154868,-0.64785800705686,2.77779213847712,-0.586407663271406
"669",3.14393755878393,-2.77222668302563,1.00380823074345,-0.353589941248751,3.48190298336887,1.9416420022417,0.349459618201291
"670",1.61581580740512,-2.48952761463148,0.169399238319902,-0.469620467209562,3.60193684900139,1.67666845039873,-0.699700008949909
"671",1.67896663325741,-5.76447168264747,0.217021749212133,0.0607435746486458,-0.614321053535733,2.00083646814826,0.768851049542875
"672",-17.7406552959255,-3.18373670845096,2.32636357246968,-0.56960543767802,-1.51097810050625,-5.40047399722506,2.40509551784901
"673",-0.972915367619304,-8.0751685372335,-2.18535870208191,0.300335735927025,5.22929040259398,0.248174871468128,-2.21671210875856
"674",-2.82319868184811,5.37317967634873,2.32856988333634,-0.478673891670027,0.147774009594135,0.159420170646714,1.21420707017525
"675",0.476215384225728,-2.77433666265644,1.7724605898777,0.0573666415951731,5.4055950388766,-0.929631174817929,1.19327416034248
"676",-15.760152325915,-4.23621870378541,4.41747613128205,0.983202272173527,3.34551165910211,-4.58707745631121,1.74552412837549
"677",3.10387076654533,-8.55933721690827,0.286916901075794,1.18585062341443,4.48894574947637,1.94289512921745,0.291568929791452
"678",0.924237710075003,3.31437369877959,1.65001291843616,-1.17847657537373,-1.72344189480785,2.67166254973311,-0.640765680650135
"679",-0.697477765271471,2.46209742349993,-0.18515223757119,-0.565231170269416,-4.43092526201483,1.55614911743212,0.854001457902537
"680",-0.702139566747542,5.7536515587193,0.0475054721478441,-2.07808583362513,-1.11558701424394,2.04774925749684,-1.25292803059667
"681",-3.63621049002944,-2.09832418624759,1.00256964006429,0.630545460817555,0.672016862273486,1.87187205734533,-0.2281687271527
"682",2.1555744122678,2.55252335950309,0.94880038502586,0.86821822663503,0.683417182165663,-1.5675433547027,2.5657334932767
"683",2.81273271556116,-5.86474170074875,0.775096416192244,0.299198601079724,13.4436326947716,-8.47421972976048,0.532459174468348
"684",-8.87819618335129,1.89209927175715,3.27031753349071,-0.605040007341956,-9.3111181118567,-0.206000595085856,0.348061653384501
"685",2.59965104540356,-8.15138386909017,-2.36704235932276,1.06406812526936,-10.2123446104361,2.62637967612952,-0.154214297689518
"686",2.4029037744663,1.14671647517198,0.961904319646067,-0.36074841859637,0.0998039516399953,1.74806957825119,0.315844889044593
"687",-0.10739776960214,-3.16053409591354,-2.32557261366896,1.52532431036746,-3.68661959350289,2.08987967085063,-1.48776749076916
"688",3.08731779624314,-7.89825737262974,-0.53638167516474,-0.0771048943112138,3.83460061924412,1.67805153920486,-1.25747570207148
"689",3.30146028826939,-3.63759794288117,-1.18888428027387,0.88896067321463,-0.918358028694556,1.87133982392272,0.857716548144876
"690",-3.76001780841687,3.54196626628718,2.46385878343655,-0.494922775345848,0.301181642602963,1.72015094693689,0.796539320482681
"691",2.61835133384787,-1.35791192106971,-1.16912833882928,0.273574063461276,0.868743007361441,1.94133259730417,0.235632989053682
"692",-4.00906928462558,7.15362670424505,1.00426663809001,0.491201119331458,-0.299249242353638,1.7145238566374,1.18127741204153
"693",2.56945988726074,-2.17739445783501,-4.22967058271113,0.163062571393327,-1.03165051773774,2.22039110207871,0.332983878495135
"694",-19.7886120075122,-1.36430563159715,-0.762183228182475,-0.241923226155869,-10.9239934545786,-13.4536673402457,0.783883000125301
"695",3.10093174393767,-0.46892904768994,-0.513189083018376,0.201338294658703,1.26299057036011,1.66995762263018,0.373958153055584
"696",2.47490051065715,-0.508932004721351,-7.85121484500794,-0.0993760000786157,-1.78259065024812,-6.3111782458062,0.692644233041354
"697",-8.03251915163407,9.70847842206175,3.48033542978897,-2.47367521281624,-5.32782283982733,0.800308160996312,-0.585017195666146
"698",1.86186367745253,0.660535316287339,-0.679597197423741,0.242132787198129,-7.19976251882656,2.85718425567793,-2.81378870153879
"699",-0.930474857316157,4.95851025457091,0.103213070805133,-1.12304815906553,3.08393353692357,-0.422389963679792,0.681924689871612
"700",1.61911056631984,-0.34501955045736,-2.18129889038778,-0.488673752786159,3.47556379131147,1.61478234699889,0.0563356119214656
"701",3.08983180394293,-3.35142776306633,0.0930648353761649,0.200735255125247,-1.07574713851605,2.80228950178998,0.0523983343984899
"702",-0.262386259139455,-2.0827852196359,0.561139820824196,0.995542082246485,1.33225319477001,-0.675243075833291,0.383236235600581
"703",1.47468829659461,4.17670791351142,-2.47274075239555,-1.08395569414989,1.21665544697725,2.34857536210031,-1.4536592965754
"704",0.705285853698273,4.17037792422724,1.6735572011085,0.20061390597503,-4.00536413453255,0.901406861851917,-4.09548900865166
"705",2.49070389044597,-5.54045303679043,-0.588214741243649,-0.562570695700397,2.73029748689326,1.65475123463608,0.0177136026558405
"706",1.24267788319501,4.21667789212456,0.885453215670807,-1.2372369940434,-2.15492911610241,1.00413108781245,-0.0922777223167155
"707",2.03090136942863,-7.5688810638304,-3.29022378296283,0.308673141626453,7.15966156766018,0.397392831413551,-6.31158332073975
"708",-5.52630568145756,0.225284787735113,0.111102285531732,0.0531011841937114,-2.28634197716427,1.88104828053866,-3.93573285629727
"709",1.34565599838546,-0.682609217197512,-4.32977635071041,-0.613324191165781,-3.9926687422479,-0.126111527488931,0.171784998469081
"710",-0.369057291411385,-0.272871620965911,1.57452424457865,0.0600066729496204,0.655302043646691,1.88856687821558,1.20211136901767
"711",2.37961619392288,-1.79295387789792,1.52772857980069,-0.53244651285884,0.290375403187142,2.40507958321496,-1.98453012462186
"712",2.72606359921279,-0.0446372325224793,2.11487969588211,0.0696401265539664,-1.44754048131511,2.46460269311311,0.0108049627343512
"713",-4.44017545345036,7.9564014062374,2.4689387105857,-0.390451866784596,1.68323474365601,1.61275218322407,0.849074488862632
"714",-19.7987262216195,-0.00333441134343596,5.03018694553603,0.458943524797779,-4.91455468327918,-14.0039314871343,3.98635274812329
"715",3.09461539795991,-2.4091580012177,0.823456727151179,0.331102373889184,4.56558392068376,-1.2920463359552,1.07054145222115
"716",-6.99598623815704,8.33629282965746,1.07932689040107,0.0987861615708271,5.08012018359823,-5.18584198094852,0.90718629356037
"717",3.12552528163129,-0.917839816198858,0.772412284741497,3.15459073470065,-1.01503035658557,-15.4537896857696,3.98409002068684
"718",-16.3990931777935,1.3638529865747,-0.0990664136334021,-1.67153343195963,-9.54747605693381,-3.00088229038586,1.73039589429593
"719",2.29045366326928,1.89017724373526,0.164524249654448,-1.07414957630063,1.33477311887156,1.65653182047092,-0.446438889297059
"720",-7.82409221126622,0.460162589289642,3.04433826024245,-0.268485916874918,3.47597106705824,0.575633703040839,-0.44464899359483
"721",2.91360287851384,-1.22425516614287,1.08722790954058,0.0322557321851956,-7.07764669108149,2.04050781966334,-3.53699338161764
"722",-3.71285937894331,7.75109264609901,-2.67258633530956,0.24060961042748,-2.86794779299393,-0.702819769060454,0.0470900983473334
"723",-0.0455062209525712,-3.22270873409693,1.64355366275628,0.221713947795522,6.87874058863814,-0.897876100221346,-1.31020407285669
"724",-0.296431531756322,2.60720689870604,1.43141075982501,-1.44121785182618,-1.63514479002683,-2.3934824000226,1.39136112316307
"725",1.90740419309044,2.35479936844163,0.804255990199057,3.39317175909378,-0.60265457945782,-16.9819623929825,4.05057808020246
"726",1.51435220406254,-0.459467729994822,-0.744937724981719,-0.290923406667463,0.636188524298726,1.23332770602045,0.423275598294925
"727",2.93099163039283,1.27369358195806,0.0550111478289128,0.206474100876495,-1.07951611771469,-2.5426265623931,3.3533777901359
"728",2.11626137465309,0.681229110721648,0.0984874952665524,-0.724616747461791,-2.20875301715445,2.27042479387804,-2.1833288338107
"729",1.61393444504393,2.60693079454499,-0.128586041661708,-0.982863975649184,-0.333783212118306,1.87197989385039,-1.58502162983405
"730",2.97546162254938,-0.502964270115136,-1.5699222503818,-0.487223343471831,-1.37842888275597,2.24181858820302,-0.112750185023358
"731",-1.22394971348591,-0.979496324669546,0.8246608823381,-0.279817750422332,1.96321449611055,0.306753604950462,-0.701846933035723
"732",-16.5550025074817,10.3348343419002,2.10440608031718,-0.145412693062332,-12.0568076487203,-3.5485546308785,1.20885399668916
"733",2.51860673116153,1.30977823495812,1.53146399199582,0.164177656465017,-3.64709318443806,2.7440641776304,0.131914255918393
"734",2.60523330805383,0.413787368167615,1.39743672481678,0.301856969163661,-0.404551219112385,-4.1689677316909,3.9095461026233
"735",2.52075712985865,0.563457310311861,1.65835990577159,-0.341919802274948,0.10232165451176,1.07946021716532,-0.244520265934848
"736",-0.305057361702204,-2.74391037039782,-0.239462966771688,2.6276744264484,8.18363308830973,-11.9798862353377,1.19997128392547
"737",-1.26726255012413,-0.693058299999258,-0.677739822934535,-0.150832880685337,1.68444860799565,2.20832635437042,0.379195602377184
"738",-3.57772645736298,-2.31853913415306,0.889149266829169,1.13452539352596,1.31229481386363,1.71778056273242,-0.115249566780599
"739",1.87269252999304,2.19798100876816,0.612330253128641,1.22281672500708,0.923153471459526,0.503216511886692,-1.6852480241421
"740",0.704647978979665,-0.322654166818721,-2.15334552790188,-0.118975026390985,0.857386499313181,-1.97318229501671,0.979551179178526
"741",2.40392948567754,1.03378751862976,-4.61425774179842,0.365621834573437,-6.92908396791957,2.45316118836609,-0.701931080761247
"742",2.14077409673367,-2.65313220739359,1.84222924182851,0.59467269324095,-1.02560277630108,2.07321534922163,0.429239287512129
"743",-0.0889265308548166,3.90219923701106,1.90047402045154,-1.96197129315343,0.931369266708196,1.99412463259378,-0.731578313317468
"744",3.0624118973794,-0.415592954228701,0.640687980349822,-0.160892718435301,-4.81220763455801,1.45549508483815,1.1208828939855
"745",1.8729544479516,-3.19538614626921,2.01929643050829,0.806975550859807,3.48961813369258,0.798932325858816,1.24915435601876
"746",-3.32363934921358,7.98631930214491,-0.128905802382649,-2.22786910348087,-1.36985236166003,2.2150529610367,-4.16433281922611
"747",2.60436078426646,-0.418955248705762,0.863783269239022,1.53064019647411,0.580805575042475,-1.01089165385705,1.18965344169649
"748",3.03461883423035,-0.114587651137658,0.0708651552900356,0.40207559104962,1.87605158786884,0.162434780883037,0.853066252964196
"749",3.2994600989536,-1.35759973732181,-2.07850377324119,0.807123975272673,1.79737767118104,2.22556576350833,-0.286364786644716
"750",0.737298351756546,4.67341753185518,1.10391845966156,-1.48079385492316,-1.16695236684714,-2.0913866108767,0.557153510572049
"751",3.12576239528353,0.671373738458359,0.122864725926147,0.417427687151395,-1.89828840394149,1.60095245889263,0.959411573189404
"752",-4.36239788988924,-3.34105173641725,3.25577733933946,-0.772120123152517,2.30987500260424,1.74140013371166,0.90738118139903
"753",1.85606588965398,-2.67854985400901,1.40601352905688,-0.355602257749474,-1.02352566266439,1.62609030267164,1.18967110124617
"754",-0.266444902875011,5.32836157186982,-2.74404591418547,0.426610688840751,3.83852645952901,0.0259986617114887,1.20056436136197
"755",3.12771278873556,0.0877554252339005,0.803667052066028,1.13490330596885,-9.36149750887532,2.95236735803528,-2.11553441976392
"756",3.12690294447459,-0.778807619407764,1.01657575225742,0.301800038430622,1.94571709656788,1.00214036738444,0.95764600751245
"757",-1.61925854229665,4.94757097991748,1.06263870968499,-0.488475136718135,4.78751661209086,-3.02995194710163,1.38212233025016
"758",-7.33529119003354,9.71284867732574,1.69927459670762,0.166845765820673,-9.33426161700492,0.57039957966622,0.769713417833111
"759",3.16693038354636,-0.827191974744714,-2.09917208019177,0.238034868002446,-1.59072716755591,1.68176050189466,0.802021958243816
"760",2.86562524024896,0.224797044837183,-2.33699555609112,0.208535264195519,-0.586978214470983,0.772254328740901,1.16523323803823
"761",-4.22946103116389,8.25780436287465,-0.318187304933325,-0.578359665492422,-5.91084732441291,1.78298883348393,0.0437853080643554
"762",2.09135599143543,0.183514148612862,1.89750209365849,-1.23585983106725,0.669941200758353,2.24018275358349,0.0849930294909212
"763",-5.12861540923009,2.16377969206283,-1.89576227182988,0.216850007431527,1.44559948906746,1.60236052795996,0.0113643378997669
"764",0.971496897505243,-2.34719675093532,-2.06055244573998,1.18778864762327,-1.04224202828505,-0.69899481426192,0.558410106884383
"765",1.24423051324429,1.82691868918824,2.08570655118343,-0.113128783777589,-1.04277955054891,2.01841852409844,-0.0418086890868753
"766",2.4368162456281,1.30102962431809,-0.92668121120467,0.65711120479793,6.32270797336589,-1.54343533230766,0.396160634233799
"767",2.28145788923621,-1.5066902129351,-3.07295297187997,-0.140379863470541,-1.07369104211432,0.244697853115351,1.03780406073909
"768",2.46337021148061,0.24893808952938,0.774641387404739,0.489665538894506,-1.92663910590453,-0.814395671891462,1.38820331616253
"769",-0.820054109115192,1.70075626730306,0.893020524612381,0.577667449726958,1.30634170181626,1.88644659894241,0.22938323659049
"770",3.11808792967583,-2.90801289786038,0.246521752603399,1.06304895944468,3.2773830111893,0.610389880192726,2.60417654382663
"771",2.564849461611,3.48819188660862,-2.14352286200946,0.149983826041652,-1.95871816106812,2.81759023441258,-1.89956041865021
"772",0.953294967287113,2.21416163942285,0.00995446832101475,-0.376915920245947,1.48582606625279,2.24022099138599,-1.54105437576304
"773",2.75796395336881,1.84687132698605,-2.82936410605376,-0.577843226837413,7.44038717127886,-3.87250141815754,-1.69656775832425
"774",-7.3290991636444,1.3745702029457,1.00435270026852,-2.68715987014017,7.80452412045059,-8.72121978029607,1.09257316107721
"775",1.56010772733321,2.78537652425295,-1.29217031198067,1.10736224822554,-3.18073530455886,-2.54865249850473,0.0440987299990499
"776",1.9091639083473,1.89265037335189,0.961465585517914,-0.0398067624424532,-0.571916769131963,0.611959646335997,0.213651338523872
"777",-1.14432059896205,-6.34551242995817,2.37654571036407,2.61599682462592,6.58654964039861,-1.18817644755064,1.18880881887874
"778",2.96081784573803,-0.22049702021382,-1.22627426910233,3.21980241913237,5.94013153171896,-16.1895097239516,2.93953890015754
"779",-4.22496558883549,7.65242520188094,2.5059649048654,0.302322249148833,-7.43769970907421,0.985026778064217,1.04202081094696
"780",1.99425159702595,-0.426080658980636,0.120703587665341,-0.714681529740737,-0.396981124188679,2.51306213519961,-1.72125719177516
"781",2.23753306926204,-0.41575977193348,0.966649869187317,-0.141169083498239,-7.52855471479327,2.12960526449693,0.154730788944937
"782",2.68636859077181,1.2912977582152,-0.688772150744089,-0.162104543287063,4.70617431795655,-2.95900198026284,1.29703581332213
"783",1.85785869476177,2.52736357731078,0.973202284881175,0.0781551248781827,-0.138676472422665,0.334991058964098,1.48503163019152
"784",2.57511308109599,-1.56428128586757,1.41606588518942,-1.23931690107273,1.41805296966195,2.05383376357768,1.0351431335536
"785",1.25286639542773,1.9180154064209,-1.07887914987328,-1.29000426706293,0.698014214953076,2.2325303571198,-0.179815235549589
"786",0.162994639901536,-10.4926004898212,0.645436010451777,-0.547404868511779,1.0843976119513,2.04323204690407,1.07035714515455
"787",-8.28418220672036,9.9007101282938,-2.32992808482711,0.591002966106006,5.40751139753525,-2.56382102026269,-2.34465243233823
"788",-3.69764225295813,7.57272439239274,-3.15167564396113,-0.496472185230678,0.261869257111295,1.95643199498157,-0.137771761202263
"789",0.00890369254636749,-6.41260509013535,0.584818472367365,2.98578939544497,0.740248889700376,-0.729220435679379,0.0386855880187852
"790",1.11196581383114,3.48016065159435,0.960824501089522,-0.109802570250743,-0.898141259294347,0.990354572804334,-0.248241474039219
"791",1.86706531032311,0.689338850516237,-0.365359143599429,0.450854794824569,-10.6338013157959,1.98186086777376,0.923832065691134
"792",-3.84504170586246,8.18438236193172,1.63093631779535,-2.46332391165329,0.458641846758649,1.72158135273888,-0.1194074888818
"793",1.68686049605322,-0.0379929339106262,1.98985476404988,-1.05551697763743,3.27726659785885,1.73232227794569,0.303830789342806
"794",0.791315785212486,-8.2257947575274,1.97193384401858,-1.13967869021986,5.40399945314246,-2.68363699251605,2.05875139420849
"795",1.65997717830464,-0.617007322776544,1.89604241440394,-1.66873426561412,1.96912174263838,0.598392121292956,1.26011708129968
"796",0.506436038527762,-2.15214595892916,-2.26108730943718,0.594378925873168,2.40867009117499,0.829023850060078,0.904043850061424
"797",3.12076930764071,0.448014628162858,-2.34765683582974,0.537432730128786,-2.70491774153962,2.93186316749868,-1.51982889843969
"798",2.38410378620068,-2.84925120430503,-0.422125831356946,0.599348474893501,6.33760489696017,-2.56647035255936,2.62939156121904
"799",-7.21543820185366,9.9846521440029,-1.29678734726411,-0.552219503694347,3.48965585565972,-2.03026902831838,-1.72038877366226
"800",3.08556247913182,-3.4575489860639,-2.34907776314579,-0.121357468546401,4.27296497098347,0.915617036223054,0.0804810365630211
"801",1.10366329952704,2.97442262557555,2.08265262380772,-1.23531114435493,7.28304545487878,-4.25427892166983,1.20145875074588
"802",3.12863944208216,-1.25056980519622,-0.099520647343883,-0.328336565803681,-0.512995809189201,2.24733490362529,0.280494498902825
"803",1.61585607867578,3.3172949804118,1.03168147988909,-0.2416941846505,-1.02159865178644,2.27967539088383,0.343602225589607
"804",-3.06985330138447,-2.90312024589635,0.79815703039011,0.279563606419589,1.71576238073285,2.30547400487013,-4.4489164636462
"805",3.20758000378018,-0.585665297571987,-1.19258428151912,-0.164296806330387,15.5558175056403,-12.4661852508131,0.84014470418784
"806",1.11702046701325,-0.328645502763999,1.40962393538527,-0.00276540108573492,-0.892770735239558,2.83627279537896,0.14954701086323
"807",-1.29639985538018,4.99960425447737,1.35043655963331,-1.41993953002777,-8.76284414477889,-1.36786533248488,0.557578750605965
"808",-0.551388686466321,-7.06918113916106,-3.71705324337061,0.300570504131622,5.04020757143332,0.0284774282349043,0.470752695130991
"809",1.52084352023135,2.6035882281556,-1.53508617914178,0.608661316332885,-4.53958807128608,-1.56181589824456,0.389550320515029
"810",-3.51342747104551,2.13574936586409,1.57367185992157,0.9516422696055,3.27735934459735,1.07252772543023,0.621941070797076
"811",0.514142944764216,3.29032325455871,1.60117459971949,0.166052848923124,-1.32573012940122,-2.60554072654154,1.35233193767868
"812",1.86634906746884,0.951647904802842,0.953063196049089,0.238557860128744,-1.71692680587315,0.788821625557277,0.516125019240314
"813",2.14135906104132,1.53171701060332,0.806920568307472,0.0965284208793165,-0.486515721606708,0.980556741671651,1.19625249843035
"814",-0.601251874627389,4.90510053946463,-7.0771146515009,0.219860765703938,-1.01910424318119,0.61295451114935,-0.699623868848988
"815",2.23835127624689,2.28608193295003,1.88490675242484,-0.370551795735181,2.06845600800116,0.257053216280027,1.38963395860112
"816",0.0502489797763634,-2.75241080114608,1.34674073899103,2.80478821426654,-1.69338619326165,-0.106947244721767,0.554450612948602
"817",-3.19016574504105,7.92658991896181,-4.33046701946013,1.0520679869768,-4.32744181548458,-1.72976295933664,-5.18014443971234
"818",0.689720868745252,0.291839446404532,0.0535937019716374,0.0999043824119589,0.613189841445727,2.25432654913664,-0.701954666069275
"819",-0.562230045587451,-0.438613915767042,0.580730454616857,-1.02134661324678,6.74382230969483,-6.73663592145351,3.38890484591197
"820",3.29737211638886,-2.01866954743849,0.631052519593482,-0.144680883506447,-0.88917362959451,1.56045908746115,2.67690407251213
"821",2.51486390993441,-5.22441330063307,1.95163723324132,-0.280538709414554,-1.41122572843903,1.1413153123178,1.03374916168764
"822",2.0289258956512,-0.931105853520432,2.39419190706125,-0.158218016233215,-0.380441158195318,2.84102553941344,-0.11982424563198
"823",0.794161739621225,0.679332927265552,2.34637008935358,-0.28002569411782,-2.07853713859623,2.7543888118569,-0.701645973166831
"824",2.18246178667261,1.89339514338621,-1.98840142556926,-0.110417440355537,3.65770518411858,0.546800543871604,-0.478155427811525
"825",0.612678514461402,4.31361111357981,0.570039607717599,-0.404628913773544,4.78164893999956,-1.19495227418739,1.01211507485606
"826",2.62072297841053,-2.7415781907732,-3.51365010820689,0.304431636698003,-1.38818398418987,1.55225182956721,-0.102410716844414
"827",1.54649358153478,2.97236074534458,0.614192921349841,-0.464467583897565,3.96001716618556,0.747481416837707,0.0221908562227158
"828",2.7582080764567,-1.36376905631146,-2.3080918783307,0.241910617909698,-2.17946938933169,-0.124241437782571,0.46587320882075
"829",3.09567002775455,-0.432087761496997,-2.31820432974103,-0.27623319177604,-0.605013604772488,1.91862914125822,0.348231473138112
"830",2.982432449887,-1.86370247383476,0.578334563146828,-0.0842968108750242,5.40525493619613,0.156701817786172,2.4247109984608
"831",1.05930824812464,-0.418155043487604,-1.97962376703222,0.263166370025319,0.471038834233624,2.43200620091796,-7.15967957011624
"832",3.05435970034269,-0.0313681035662259,0.81756318590305,0.147021612163905,-1.63462605362327,-4.65323373878434,-0.649455382031979
"833",2.50561622241838,-8.35028499259334,-0.883375767791489,0.955706300702521,3.08393528003199,2.7347165413783,-1.81608421643269
"834",-3.25937200686868,1.80584905010731,-0.128874505441347,-0.123915666728767,-0.522112505854362,1.86817452205781,0.115704124113811
"835",0.499972168625355,-0.247962736604606,-1.57669779901548,0.0956235169181177,2.67495817525931,-1.44457502903221,-4.19573879781251
"836",-5.2630986798725,-0.635289538972623,0.247630624390532,-2.04347556003868,-0.255456867663944,1.01711592375713,-2.16769624616484
"837",-0.775931995052568,-0.668118445241092,-4.45211879334864,1.18485024005887,7.05035636262831,-2.39719146273051,-2.91775694630669
"838",1.22688498642963,4.12253038023586,-1.89344937464263,1.52033476121098,-1.48159472263756,-8.50624505449971,0.773901816130256
"839",-16.8744089229186,-1.68966373698189,0.754926019475319,-2.64828370718216,-3.97334993081002,-6.56212151345533,0.0625001808929174
"840",3.07861074179287,0.644381610722141,-0.801153549954529,-0.144661396299955,-2.14549780918619,2.40458231030105,-0.0106574152418292
"841",0.0926896485898075,2.6310815939442,1.00419987294961,-1.81503974775571,1.54984507229235,0.552477382424435,0.0888699420169506
"842",0.157240447560174,-0.257640929587767,-0.155752517636071,2.85126307842187,-2.08048250203097,-13.4626719191537,0.811634145042518
"843",-1.50022723906239,4.65441839642567,2.27657544725474,0.20733140831143,-0.966123240173813,-0.241898735720555,1.1075401368065
"844",2.10160343724549,1.6106912375553,0.290209430637287,-1.01535583424464,-2.20796791459212,1.99345766383668,0.174108105571284
"845",-3.35598905577254,2.58759412924529,0.563522791062019,-0.28922967129098,-2.09645150925809,1.38242706845213,-0.0689753127848674
"846",-0.0461096962850779,6.2293342777702,-2.85565050940372,-2.32674583215459,1.2916942849949,0.845858665338191,-1.48584250422418
"847",0.624508532967481,2.39481110045642,-1.18410284619129,2.09888554627234,3.79474445151122,-11.2835266439134,-1.39590469582479
"848",2.63373746799836,-8.4309777412817,0.404162265162535,1.13410916691321,0.637368904877693,2.08438181437476,0.320156814991852
"849",2.15846833927942,-2.86441749786353,-1.27846006503844,-1.3699096094493,1.46607809629549,2.75603612697535,-0.100729631829397
"850",0.0801048545983803,-8.45374607303253,-5.9111844208607,-0.115115878878652,1.4782548515763,2.45710912504298,-3.97199641649724
"851",2.8730307615567,1.73370283531726,-7.32318663174216,0.588841692918758,-10.8882408333251,2.22968028001665,-0.609657678487734
"852",1.01175588766677,2.91099120290969,1.73705578122406,0.476560627195349,-2.01679219373876,2.7630160102372,-0.262134534318427
"853",-0.698747814826655,0.166351272429275,0.634524421456902,-0.426589972098172,3.27741470563662,1.9061232433265,-4.07418724410087
"854",-2.94368440894986,1.67335657848227,-0.100478894273585,-0.577114291782417,-0.617364675008735,1.63993935888245,0.139594635688335
"855",3.27796439249248,-0.783777814549371,-3.25280375030272,-0.203056724589547,0.629151942038598,2.2161310156387,-1.25212554874836
"856",2.1381792390085,-0.104528495187254,-0.104381314716902,0.957053452893706,-2.19207576967472,2.07785057996509,0.526186398708275
"857",1.9235016652657,1.98456116553421,1.62384759582363,-0.303360464278629,-1.03425157016655,2.22947333917165,0.907938968849725
"858",-0.400519112646148,-2.74666325574689,1.91674883741448,-0.550708228190253,7.31926962949185,-8.49334510738426,3.64766110688452
"859",2.37014200195027,1.87378956423735,-0.153517599644858,1.0801619699391,-2.24320239100205,-0.0830438232903791,-0.104137999107656
"860",2.88270283366648,1.27338908802439,1.36477231248792,-0.740143288268529,-1.91615800849304,0.981974372692213,0.898420241717797
"861",1.4600245492385,1.78085388595918,1.5282222581679,-1.6718211885774,-2.02227641481017,2.07348369401052,0.771614685365858
"862",-3.86584219870261,7.77737827765087,2.26936429179276,-2.3148029211408,-4.28755231243968,2.15445865675477,-0.0815982279926286
"863",2.23686727771059,-2.00490172880805,2.29459451253788,-0.394573356049273,0.914587352134217,2.07651718314472,0.27666239861994
"864",-4.90991965806464,1.42326012194615,0.959775505418565,0.283184282576559,4.32509555142048,-2.53002496287894,-1.16845798217118
"865",1.00090727963532,-2.62271843379364,0.827844512691131,1.1450950035551,4.73461883821777,-16.4281945282048,0.387496802930537
"866",-2.77959738199474,-3.41705152342425,0.827243022924139,-0.112659764087579,1.96967081355974,1.90132341779781,-4.099546488614
"867",-0.574492828181329,0.690014711263587,1.07812056419196,-0.299276297483445,-4.27021434474566,1.82749083105287,-0.0833566917078181
"868",1.5085848059541,1.89127505495726,0.552557303210717,-1.32002777577775,-4.10587763214334,2.74936091656178,-0.361884399491436
"869",2.57129474453265,-3.21746174806468,-0.146724209593708,0.304433453038311,-0.197998021523863,1.88137277710376,0.835647354226616
"870",-18.254556426606,10.4178802886804,0.588180541512847,-2.68013276497056,-6.3526033982028,-6.47489174020373,3.07652909636594
"871",-0.979351924806536,-1.26678128940893,1.6640318515446,0.300913234984315,3.62724401399334,0.157871347614783,0.235765883399357
"872",2.60543211769727,-0.579035559381609,-3.03661755110584,2.83407699043979,-1.09931756433945,-2.80067312258521,1.04211789840788
"873",2.79868395448399,1.72623955665779,-4.23921614280897,0.272976894052578,-1.93516072016305,1.92967961395263,-0.0257589659131418
"874",0.78876102713941,2.59648375602697,1.06120451191253,1.18844106920418,-1.39432573886719,-8.91617415112365,4.0019762746819
"875",3.02834320873384,0.602381952631862,-0.229276371511857,2.76567424665507,0.583620148116473,-11.8758807881302,3.85041353761863
"876",2.94011712140951,-0.537795535408975,-1.31773524446216,-0.0639256296339617,2.21057563535299,1.714129560861,-0.200417176986775
"877",2.39081460246331,1.89291722826046,-2.36106426894293,0.240654300164289,2.99762633164816,-1.57104533976346,0.268080214100882
"878",2.05775758678435,4.13104262256176,-1.18247488049713,-1.23555087372158,2.38861576491563,0.977632012383221,-1.45348714344652
"879",-0.120002723718018,-0.415629954402524,-0.123058444187982,3.31662229247993,0.577078550614211,-13.0694089683023,4.0328862449589
"880",-0.627721742758339,1.70264187493779,0.999463575110286,0.164318826893569,0.374085587602555,0.601108698302,-1.26025949566278
"881",2.91617627235777,-0.427316816367406,-0.467546664420172,-0.291587472448266,-0.66499144345422,2.75702100300994,-0.0494135980472377
"882",-3.72988365711515,0.560988058993471,2.32437536244006,0.149190563558511,-7.23373505381022,2.06306711314078,0.1510321312482
"883",2.62397236748526,0.314269683071737,-3.30297449583327,1.03342255798995,3.19666105281118,-0.660133358995145,0.266931028883364
"884",-4.22990848068478,-1.3620256378815,-0.0942363729992468,-0.375409665215513,1.39430586308561,1.63166113387515,-1.71281236357939
"885",1.29967490248138,3.43300867111847,-0.581167826221055,0.423787922162466,7.57413847144707,-4.00753561970861,3.72277824177587
"886",-4.95584071335524,8.53373363201668,1.00382252764922,-0.136830583749278,0.319268168740017,1.91138952226777,0.218099247280435
"887",2.85008879572622,-0.0980694747692475,1.81572633011383,0.427241885853204,-1.02962574213381,1.90729412426317,1.2341582559151
"888",1.63053945992859,-2.11966358362443,1.62576303224221,-0.147746912728821,1.13845750703389,2.09105297412308,0.527928218382925
"889",-4.33827657733867,-0.881420695338971,-6.9494312719329,0.656897289023831,-7.2737211459179,-2.53916295992499,1.41760702016344
"890",2.05767866614907,1.5065466033459,-1.19023567605335,-0.342374898690503,-9.33270484240098,1.92807297653831,0.36581285297206
"891",1.10322510150485,1.88779984110042,2.1324250775731,1.04773408046691,-1.93649171631946,2.0066723621669,0.0865130232888587
"892",2.40794205612842,-2.64584130433267,-0.471061278252817,1.16875101291624,-1.49772538993121,2.30455892558101,-0.321796405262756
"893",1.73872475847589,-0.0156142424819062,-0.397009274772564,-1.12991041701058,-1.50097556035703,-0.546072278952578,1.19109967339226
"894",-4.05166175212067,0.700915691295695,-3.2364207314575,0.590744998876089,3.21201662312617,1.75674933831305,-0.722798684692964
"895",-8.78187258317476,0.948624559971083,0.644740762617764,-2.6530412101771,-2.46766470234305,-1.27397741988223,-4.40720039253721
"896",1.07276652911483,4.13466912047136,-0.253469376191463,0.72253540983018,-0.833910767289244,-0.111425354362958,1.01095654566795
"897",2.75687500912808,0.815590898875249,0.543613598651659,-0.386473140040313,2.02604744011597,0.616851026160877,1.25075406386322
"898",2.40623443272552,1.94137668555706,0.277097413566098,0.340103926624711,3.78371324787329,-3.00804807153595,1.8042106648367
"899",-8.43725645789546,8.04774040289204,0.335892612596243,-0.945839100205349,-9.92880071985048,0.197343637632068,-0.190794985028431
"900",-3.26314008725904,-2.19315122495357,2.44703117055031,1.08137221254987,-2.10727285988722,2.04566404333019,0.415296993888369
"901",-4.15603727898277,7.114730038095,-2.23082426980856,-1.84423692718089,6.34485331403188,-2.55881944019673,1.56554110650172
"902",2.59879850999554,1.9400280298712,-0.789334940691947,-0.618286206603439,-2.19292192160052,1.76363710736988,0.303322860858732
"903",-1.60315680651966,0.612424666667777,2.25166020360099,-2.41603040337573,-3.99246159216047,-0.114347733013749,-0.0530776644523288
"904",-3.69708082000706,-7.67463004526808,2.46132136873634,2.67941964177432,6.78920544784826,-3.0149431274131,0.333067270137598
"905",-5.23830633434457,-3.38047436427085,-0.157078243062548,-2.66286161170594,-4.02829766426582,1.57610763572928,-1.35803696337788
"906",1.61368829892125,-2.73625866210233,1.8980864507815,0.970994687610274,1.4571243980549,2.21556487303983,-2.15194065580617
"907",-12.711840948675,2.56168811838489,1.650168294132,-0.550187963570884,-9.22201006361733,-1.54222422986364,0.828288394940635
"908",2.75801583651781,-2.17764152744885,-5.83602489928598,-1.32739910084439,3.68471900448258,0.930866349075123,0.781985345127302
"909",3.14885335527373,-5.9014221173465,0.0499189152743949,0.238998920097256,1.29186992890323,2.80643096500261,-0.183660674287392
"910",-3.1593059716266,4.86145192752149,2.00875348611158,-1.00738427346758,1.25471251118922,-6.64365878920999,3.25381473767699
"911",-5.51879111092985,-1.36647899315943,0.046280948081185,-0.0338874409607354,0.110547294737078,1.65546360253469,-2.66662293649595
"912",2.10106301419065,2.74572136669592,1.62304482859576,0.14271823488508,-2.8352421619924,2.22350607019211,-0.188914778841507
"913",-7.89142280472797,9.23546803560692,0.804044991212546,-2.72713084548491,-7.41199229475416,0.159683560658653,-1.4929625472936
"914",-1.02617636698572,-1.77469549948642,-2.95018228039108,3.18183454765692,4.41825462671258,-4.99832387229638,-0.163335469862574
"915",2.56555795383166,-0.784304189237014,0.621389562911574,-1.33490522943529,2.67769291405773,2.21917473390711,-0.730226040204799
"916",-8.94814582236013,0.344806426158912,0.252051403332512,0.551127177818397,-8.99945029446961,-1.54475482530333,0.899224515958319
"917",0.00578530263315442,-2.74336722671817,0.050973467599818,0.145077024514452,1.29220962729863,2.43894554659583,-3.56049037286243
"918",1.59579120912928,2.51561871003662,-0.125579964271566,-0.493983221038516,3.06704797830911,0.566480687336732,-0.119661593380903
"919",3.05005909911148,-3.23364298849672,-0.804271908366678,0.957773505205732,-1.27975860399056,2.37300337042153,0.174286810888839
"920",-5.00964556706968,1.89320153424333,2.6303993043707,-2.66650640904961,-1.02205973891064,1.87311615381261,-0.0876656435475729
"921",-3.46165444594561,5.60684668318063,-1.26304291563013,-0.142614920056579,-5.62316998133812,1.61534621457586,-2.21682142613983
"922",-7.68374657002412,2.61055989494517,0.658725673681837,0.239539650434734,-1.15528418191356,0.630827770665132,-1.34478096506927
"923",3.09551034270232,1.76120874286973,-3.55663726186421,-0.166198866134939,-10.9916834731393,1.9893624293577,0.153486330859681
"924",2.11957446959086,1.23368373015452,-1.00839136000542,2.81105438267908,1.06255352677552,-7.95114986658803,2.71576686113417
"925",0.249439978698321,4.25019915496733,0.21423385262424,0.538103676834673,1.18708776733096,-0.669361857883692,1.25036661661608
"926",3.30482715332452,-7.77791719388969,-1.2172795881935,1.96886755121457,3.83362273643771,0.952196486080866,0.988753233245199
"927",2.7605381393421,2.17845639999171,-0.504044918503173,-0.164673403600256,-11.0497253465563,2.75449133371407,-0.700946202782484
"928",-0.478133324639983,6.22626204598173,0.792220494961868,-1.28407698438391,-1.77155856795204,0.455467102352037,-0.0939687319496766
"929",2.57513796982487,-1.53886351992111,0.405399295551939,-0.305548925789565,-0.583192822022474,2.81208179372953,-4.24574307216898
"930",0.792715211886431,-1.22419338666471,-1.34231333880215,-1.37517971833862,0.702507994785474,1.92857115988596,-1.63545221271588
"931",3.12810760671286,-0.619729915525376,0.758356975694205,-0.273726965281959,2.86641070491603,0.501463613670535,1.29500725280124
"932",2.5361227854804,2.31640033569249,-0.480239686809979,-0.482845072832107,0.623376176221884,1.61089839480406,-2.02530381823191
"933",3.30674962879263,-2.77061906197221,-3.5119469578289,2.2876381635797,1.30841709942431,-3.03314788048579,1.24932881128101
"934",0.697564155535536,-1.87473552825919,-0.628829234341,-1.33681250960634,1.45874327408221,1.02888780181424,0.429045136182921
"935",2.17301678548847,-4.51147303126049,0.457087007953817,0.639110206050796,2.64895370470973,0.798427874978002,0.75543273958735
"936",-4.23566435750677,1.73139653877928,-0.421986439763712,0.445222723111768,-3.2984091770307,1.71594661942068,-2.27098002946768
"937",3.0376133774908,0.227367325998401,0.767582747417606,1.07144771591725,3.65531955119849,-12.7018456629104,3.99394379580209
"938",1.18280416657134,-2.54102105670425,0.0213932808269675,1.20877313661249,1.7195279787517,1.71046072456372,0.102907121496633
"939",-3.95285157650593,1.29905438933107,-0.860504847218959,-1.23832967782403,-1.04139460191299,2.07397974684658,-1.83929861378059
"940",2.98738349504762,1.75932851340725,-0.497461350885287,-0.480970339852591,1.8801542312096,2.21370183801396,0.316261427617028
"941",-0.575579465578177,4.41201126795962,-2.43980071866473,0.200811702669095,-1.27814107464373,2.07435310341531,0.0552746956840684
"942",1.69594926521652,2.58309461687633,-0.635602038632238,0.5475794181282,2.15613010603759,-2.58371017399151,1.32242885708463
"943",2.37254854849024,-1.7148884090575,1.0988912534502,-0.114710038574884,0.494919524580355,2.04210264333589,0.901424876258508
"944",2.37462113460172,-10.3632219609024,0.78576127204563,-0.781492158614705,7.86572580333748,0.581921985161089,0.801927132777399
"945",-6.02987195898326,4.88109504865527,-0.116629304177719,-0.562835670591176,-2.2092413536135,0.599277584687599,0.363424597069388
"946",3.20733911472929,0.804387707294805,-0.405927629507812,-0.479885943902353,0.585344370573603,2.84828902506664,-0.641282895542333
"947",-5.12753935790896,-4.04282530823042,-0.401852608383839,3.36886796757441,-10.0638115325872,-11.1519427590521,-0.185188184797825
"948",-6.65011602972045,-1.34359993955643,-2.50297299184309,-2.23357280720052,-2.20869230636544,1.68004125679095,-0.729259971568591
"949",1.19160556340412,-2.76398080117362,0.809655144968771,-1.85503251920061,-7.21136165329601,2.05315756662298,0.172220925794715
"950",1.93804448167072,-2.38580577312078,0.823530716053246,-0.2283797271057,4.36254934709103,-2.73484109359878,3.73066804447713
"951",2.91682374962417,-0.4151484881783,-1.39125397497092,0.414348880034131,-0.253883281352803,1.93436017938354,-0.384956300389194
"952",-0.633979216379017,-1.21450468123532,-1.38498264053452,1.51739765758768,-6.92658697756358,2.77601915209698,-2.77110481712351
"953",1.57969602544472,-0.722244350664371,0.286348246331292,0.64087024105533,-0.887210290664117,1.39845979433196,-0.177525467801907
"954",-1.26950604135868,4.99040259567374,-1.26681572516211,0.668873006132333,-0.32680399403192,1.62453581294194,0.0714263091819783
"955",-0.128341775992121,-1.23738980499625,2.39124545718898,-1.15877833791481,3.2773204635246,1.20957232380097,0.777430070059827
"956",2.61396624342444,0.128420480229564,0.0888391733494162,-0.546674171313155,1.13542369101279,2.76532827364734,-0.113291696147438
"957",1.4570479835135,2.6804554835857,2.07935882242071,-1.33769371743017,-0.895134254812626,2.51250325506517,0.216322528557823
"958",-3.32995372125089,-5.6658162415342,-1.27172853559898,-0.15081293481725,-0.609252611023449,1.65831845907922,-3.15748234930982
"959",-3.26037078095514,-2.77672891462004,1.65763138609026,-0.274334831514355,8.83451998624041,-4.22842731009121,1.67958773781041
"960",-3.70364349047592,1.29962703909147,-1.19126832742716,-2.12641641685256,-0.662953721213957,-0.0496316043520095,-2.444370002081
"961",2.50842041553762,-5.3049114628055,-0.465600452858658,1.30023323052123,3.50556945916943,-3.31155740472279,-2.30735181005927
"962",1.89977469111278,-2.67369804041553,0.242229240710143,0.441421626475829,0.0983523930547759,-8.58771503271146,3.76080315573409
"963",3.0415586718622,-0.538986594547632,0.288268787922499,-0.327363513931306,1.68295812810949,-0.697135023954188,1.43594011558945
"964",3.16951028211867,-1.98091374259843,0.823641841957429,1.16772915111613,-2.20861428276929,0.604211943955112,0.556004391956133
"965",3.2778671783199,-8.92016491207752,0.406609429405473,-0.164094029789954,-0.583236245564937,1.26207399307541,1.18058682632384
"966",1.62126983474729,-1.92855391474269,-0.664140231632394,0.982171901671402,0.177111026254094,2.46266121105206,-8.26321407087975
"967",0.6863803896254,2.5598245475808,1.61502319356824,-0.36740529542212,7.35696972131318,-2.06142788505773,0.656101917476369
"968",2.75737178650999,-10.1307554154144,-6.67220627425233,2.84934364487507,-0.391824985697842,0.363796999077943,-0.687051370987498
"969",-0.0142436298674375,4.33673078397495,-3.9288874819732,1.17091747580504,-2.20840241877308,-6.70832611000367,-0.653163120603528
"970",1.03954999568819,-2.26038678277742,-2.12727831460573,0.378279691955749,-0.568349221974599,1.88802013047584,-3.48057773588274
"971",2.9386406035039,0.543015549504066,0.0533152268624854,1.03488845842449,-0.412663163771881,-2.7398095532758,0.107521224082746
"972",-0.0635571984832092,3.14943773499546,0.806930103343388,-0.0599827469856727,1.59939902742266,-0.733034418450639,0.887150974580463
"973",0.156664034395831,3.69798716630203,0.541143205228195,-0.119565147837365,-0.898151700483751,2.78069961392365,-4.6359966107141
"974",2.1480100068748,-0.681633378109349,-1.15154961833698,0.219635771367869,4.83763618491308,1.94149207347403,-2.82288155313328
"975",-19.7581228197547,-1.36330669428803,2.81966727750756,-0.291843895165354,-1.27131148500603,-13.5285278228701,0.839944568820229
"976",2.17229397896106,3.24038373740336,-3.33634909861302,-0.216681733258276,-1.62134254978491,2.05043613336914,-0.00430887447209184
"977",2.58127030611202,2.09344976259814,1.00412452154733,-1.29470873987501,6.3526559842873,-3.61954456974986,3.08540468603224
"978",-7.99803653153899,8.81508979684595,-0.768941891201579,-0.543707258369947,-1.9036526562765,0.603769633049259,0.0498209686553561
"979",3.20645953458896,-2.76358487054503,1.00427283310827,0.239475814498441,-0.510515048798281,0.880314653444429,1.24554012496128
"980",-0.0709018347392457,5.00410215698268,0.140577922753691,2.0032312882264,-1.01826313507168,-16.5959859351954,1.06768254571116
"981",2.27145691908269,-10.2349829808779,1.80924404925244,-0.0341837268876631,2.92901150518984,0.601472675076967,1.30105342049074
"982",-0.365180794670724,4.94307066180392,0.823348132788355,0.162064733751195,-1.05072004754671,0.800188068793266,0.541325357892922
"983",2.54296236984828,-10.3781720936447,-2.10248526876909,0.155111760638508,1.94868075898081,2.77626203038336,-4.12103722488136
"984",1.5081346032082,1.92414722113942,-0.11246481101414,-0.368275381831308,-4.92718516748136,2.82811563673252,0.0794968485100298
"985",-3.7083186534242,6.10977375759038,1.65556390086434,0.425695802399007,1.60566968972539,1.8781715742736,0.0438178934058661
"986",2.12210203911671,0.221752281908265,-1.24263359075821,0.201110258192257,-7.64128093741968,1.72024026088479,-0.0691712917580116
"987",-0.700395097044839,0.446191403031486,-2.96344605165647,1.77379282066864,-2.76188026243335,-5.84029769849755,-1.47723187350791
"988",3.29627277626219,-0.499748030005423,1.96517683130721,-0.0602924298841743,-6.34606892277112,2.91914429338296,0.210955639269736
"989",3.08001727484534,-1.16506605208927,1.53975291547924,-0.00920429138603669,0.100616655501102,2.39981308115773,0.317870016818313
"990",-0.525997098158627,0.373447560737333,0.818262497288419,-0.458558274964054,1.96002538722545,1.87632601206215,-2.26881309896838
"991",3.2856576226291,2.52651916697989,-7.34366400129813,0.126463075762771,2.6762264995113,0.1581127286886,0.696598731736324
"992",0.787247817924889,-1.33371276425112,1.82553626717878,0.258485456089278,-2.20939985597677,1.94636571472366,0.554330163196526
"993",2.96302610740815,-1.81527946033178,0.049109284035867,0.426761356816482,-1.01777760672134,2.61368384955265,0.548817288283084
"994",2.58507635483997,-3.18022887161518,2.02109233776051,-0.407045322627095,3.40001452295749,2.02701837363904,0.316913051139336
"995",-0.703028623244169,1.76800219317477,-0.691264392262997,0.500951716298549,-1.40069926077285,1.62366692091935,0.735421430307763
"996",1.85750469079165,-2.23924507238442,-0.800052528272509,1.3920747035446,2.45365427363231,1.6635998260803,0.377635232650288
"997",3.16257672061967,-2.7441072177017,-0.775018167928784,0.290080683448181,0.237899350260145,1.93608771789689,0.386298172499797
"998",1.03603915224935,3.31967021345172,0.0436518388077137,-0.114937467029015,-2.161373746851,2.77566216095725,-0.162045820359257
"999",2.17709520373761,-1.27555160679826,1.20882285230342,1.18924684798733,-10.5109295359859,1.9598176335107,0.877631725226153
"1000",1.67674909058564,0.499759225239206,2.09045520485841,0.593660242774161,0.743891306255484,2.22552734247872,-0.101887486912522
"1001",-0.660690894308372,-3.23554285608004,-1.97551804446077,-0.4018800752788,0.100479681583179,2.454688654068,-0.263152352215855
"1002",-0.355092339320825,-0.932895171042556,1.97105568935826,0.769032782533018,0.649891120107815,2.21297409805466,0.811176373140782
"1003",-6.94660510883149,8.68442220195153,1.07258701157818,0.200701832577285,3.36977165239158,-0.792911597429854,-2.06760517023407
"1004",-3.72571154480625,0.165485754867758,0.287927431052838,-2.79005308701665,5.38989701931965,-1.56867928551786,2.40232075680197
"1005",1.61542083493201,-0.720163881226975,0.804923032705928,-1.0762983114715,4.51989722022338,1.9406102062655,-0.609312585735932
"1006",3.06566366640838,-1.34566008585196,0.577794052172608,-0.901554952464955,-1.78267850012816,2.45476918619096,-0.0511761069506409
"1007",3.07016565200023,-3.47487761283817,1.40992944632171,0.968164608768225,-0.0944924815038418,2.04836917889523,0.893743257470781
"1008",2.92302674661685,0.0390167453226894,0.995498713160968,-0.491675104525388,-1.02725011590575,-6.54107001992111,0.806989910520985
"1009",1.36974258489252,3.4437775099479,0.695900050509126,-0.432146157633248,1.68398663016794,2.22008765206061,-0.591275691038038
"1010",-5.51650054311126,9.84082910834103,-2.12070610792194,-0.558335598740059,-8.64908843231947,1.61916668189344,-0.703050529614939
"1011",-0.578839130260711,4.38964505302749,-2.63094919928952,-1.6365267427805,-7.53053294425172,2.74237146840848,-1.10784476562578
"1012",-3.27533459301854,4.13313884347269,1.71216887121372,0.596351295684454,0.723059640879995,-2.54608579259291,0.463112594365149
"1013",3.13918345793915,-5.86790297887265,1.38131886272798,0.239245579705403,1.96717504079715,1.66142301212806,1.31670177096873
"1014",1.01080524910604,-1.22297897251397,0.287740725430778,-1.89598859911393,-2.75323175305453,1.61492720112558,0.817799105258174
"1015",2.49376909989259,-0.692481461251292,0.61161757233259,0.143894745185718,3.20414267082148,0.171010883849052,-1.68068024214228
"1016",2.34056571403934,0.426219105883629,-2.02432427726816,-0.115859744648446,0.570508792713989,1.99812709276715,-0.0945847694037198
"1017",1.96617639336456,1.57826184966834,0.616700891156062,0.171073436631189,0.108550105027853,2.25220904665164,-2.54748016482642
"1018",2.93361229606692,2.42300978386437,-4.05527169254309,0.95831560158609,-1.1784037965272,0.158078932475998,1.14776999840581
"1019",2.13471875441174,0.270275745507653,-0.380492709715392,1.14814633090229,0.460854980842098,1.98958674320961,0.212271124699911
"1020",2.41761982478356,-7.45504436735019,1.34808905879416,0.596026460310017,-0.66351891527768,1.95508515425062,0.747958420622554
"1021",0.786223043078975,2.07666542497608,2.11854601444555,-1.47928208361603,-0.661997103198761,-1.25040925188441,1.19973801382375
"1022",-0.696280021105503,-2.86589503549562,-0.640603028181435,0.258866911468949,2.94741443951096,2.2143715319261,-2.18432941975964
"1023",2.75724205072237,1.27350288905848,-3.77836845686731,0.983290563349334,-2.06670367941963,1.63210423004836,0.838357746022274
"1024",2.75440402159976,0.702183880216464,1.00418121931248,0.797710252410443,1.96178800838397,0.897395944616807,1.39279978745609
"1025",2.12299133486864,3.16843536395385,1.00433868156475,-1.64045166064477,4.55597140950723,0.930807542064083,0.819873011142937
"1026",2.44385393245316,1.51138532090048,-0.210518393677647,-1.32620980764261,2.99697530534829,2.03629605139862,-2.28866330259179
"1027",0.801087064331406,4.04128077074748,2.03289786995388,1.18679078506595,-0.69500930219576,-4.93396220210033,0.594051191763016
"1028",3.0472567559172,-3.55712361951699,-0.806235386504,-0.12078278247059,3.72339692090986,1.97852356980921,0.14827020518424
"1029",3.17414593228845,-0.436706259062841,0.0585002680422758,0.0325223888415292,-1.76989652272087,2.74694585046562,-0.114979758508296
"1030",-3.75029333927195,5.17125732994332,2.37367998664244,-0.357087213451367,-12.6399680034851,-2.67532044027689,1.8734975192087
"1031",0.492923504283887,-1.23920186563528,-0.117037929888156,0.0640381121503716,-4.10761714788926,0.604070619229959,-1.43451358403329
"1032",1.85713635832676,2.81360097972978,1.91279465148769,-1.18530189673596,0.217899753146973,-4.10743368554455,1.89189353193106
"1033",0.163149664070975,0.242696545392125,-1.18677106262904,0.961210441764217,1.23530781535961,2.34173133780929,-0.0641820126736572
"1034",3.05616076444812,-8.65933188550703,1.00440603340546,-0.262933648684241,6.06243108130638,1.07062524808958,0.347205901402101
"1035",2.8450069488033,-0.415729984308029,0.682294846253179,0.970971099460214,4.791879206794,0.157385001543291,1.11619243556539
"1036",-2.78022342347817,4.99684689516647,0.642054972412317,-0.27278308350533,-0.322650633050493,1.62584059527553,0.0433834009951889
"1037",-0.159231871245473,-3.51439924295556,-2.60105575664375,1.08835486238182,6.32190528148077,0.478717448715872,-0.220462911038785
"1038",2.58124860211163,0.562638052343266,1.25323295541108,-0.394385688568107,-1.49084506247562,1.63457129201099,1.2497821812485
"1039",-1.66715409728529,4.95121868384504,0.919820273454772,0.0657875318608289,-9.30936315839037,1.84789426076489,-6.19336572741
"1040",0.0176283775382573,4.72836823093362,-0.676826427453334,0.0481437813767009,0.212612287007583,2.3046612647526,-0.665940735794618
"1041",3.03842855847107,-1.29469543478136,0.212974919223776,0.468870546634603,4.13118822348131,0.946571914070101,-1.67006543154726
"1042",2.13055193572188,-1.91358169410149,0.287214427432659,1.10874185955508,0.471698817243888,2.39724381763074,-0.350032912026483
"1043",-0.710724295218679,-10.463946943347,-2.01931724546242,1.07600348776435,1.89406505771762,2.57569373209859,-0.104080959598159
"1044",2.72121898558143,-0.415866815475939,-0.633788030421209,2.54922779451066,-0.442965364634426,-13.4676998343275,0.146860793498057
"1045",0.695380276997891,2.1789898022414,-1.56633578600819,-0.806711135448603,-0.606653988703751,2.09110229964844,-0.704575280679319
"1046",1.32859691075209,0.37969395463261,1.08403427926019,0.598951683800697,-1.45045635090772,2.32519531563052,-0.00415225660723531
"1047",1.42013623016096,-8.44875446304555,0.414975022584967,-1.67821238343361,4.37059214515943,1.25291578012881,0.534368041374928
"1048",1.93786673593451,1.245528494928,1.81872911848825,-0.00908881782016442,1.88644287314435,1.71929364919783,0.530675582764655
"1049",-8.93713291271013,-2.91447602430115,-4.66981346512921,1.52889537168735,-5.44435912630484,0.79847567374362,-0.26611144641501
"1050",1.41743928248804,4.2396463388434,-0.0626084223615131,-0.356531955871354,0.877662303632967,2.20248559623349,-1.28377220907761
"1051",3.25914392609191,-2.8637763125947,-0.759969193975134,1.19167161101709,3.91016526252521,-3.01492526871749,1.17207849064929
"1052",0.240785173205146,4.08804494615929,1.65087981956953,-1.33803230209398,-3.57209189747164,0.923172084262162,0.528132593608806
"1053",-3.87575574317844,1.19902002946392,0.213226158101305,1.13347362920147,3.27741667137357,-0.707354325025865,0.288827023966723
"1054",0.0751197808289398,-3.37352429878634,-1.56571812294808,0.0718728469981176,0.629640454620007,2.36372710731456,-3.66223616889297
"1055",-7.27532713777524,8.59341081727555,1.36691284154983,-1.23707094632258,-2.2715457631277,0.619039802534962,-1.92999070413943
"1056",1.42128171793465,0.680240699340054,0.632298658723795,-0.372859145898314,-2.06817306176844,0.885575791355156,0.769873971398103
"1057",1.04514266073642,-10.5061168281897,-2.16963388436329,0.320597122959073,16.2863695723312,-2.56348106582757,-8.41626478541586
"1058",-0.373541601833223,-0.499956513199408,-7.90843715316661,2.18663492338746,-2.3571115268543,-0.645002865196401,-4.60293977696605
"1059",-3.58217617171427,-2.74968075368091,0.801270022643981,-0.492471185127553,4.72306984195514,-0.782865165864254,0.0801114782836934
"1060",-2.90194212343714,-2.3176048443153,0.326929773898865,1.53166447070142,4.12174862083756,-0.698388266825466,1.26003595426113
"1061",2.61315030210168,0.27645182298905,-2.29148483038893,2.80844310868402,-0.632877256764782,-8.40938296558834,3.04386439695188
"1062",1.05768297895102,-0.226249336020671,0.823567087351248,0.658474080920833,-0.659110513409769,2.45399716229805,-0.243418560741286
"1063",0.965468272654183,2.95291985742254,0.857692905053733,2.81235886256395,-2.16185904465243,-12.0624906347645,0.535801635675894
"1064",2.46673021683316,-6.65807066197669,1.83631962064974,0.451859832403173,-0.369247429400314,0.938552966452777,0.39788921988445
"1065",-4.22607215960573,1.7264144696672,1.43696895921033,-1.3317904864969,-7.64405917229733,2.05201780748552,-2.05488542956289
"1066",2.46962302621791,-7.75017667506995,1.05683581410301,2.33569539285481,-0.0849196459450013,0.81685571908596,0.962082074327821
"1067",-0.601577264509616,-9.8230389006305,0.78110743885389,1.14153274472679,0.701907566387335,-2.2773555143455,1.29481838114732
"1068",2.39371828491797,-0.479275710373892,0.260877483268369,-0.580115948105581,-0.453742106866065,2.04512016146106,0.0569261837664543
"1069",3.18884519783578,-2.48375152565022,-0.390360619733525,-0.413746476025237,-2.20029785051833,0.0271597336849004,1.09662931584908
"1070",3.04845706438786,-10.4246527965651,0.620586022436735,2.38401758323301,3.17403676613022,-2.51329165788408,1.41678006772206
"1071",0.7003696462277,-0.254915236151797,1.30853810778228,1.18570913336633,10.1167120815187,-10.8222785357974,3.81866543444552
"1072",2.08850400813893,2.17347417314296,0.8758967678774,-0.00913279078245177,1.68279348036602,1.71587396246924,0.478501034222433
"1073",1.57077587013089,1.49003621055605,0.0477364389775414,0.594691686015978,-1.40246807244117,2.05197865717726,-0.398213341479256
"1074",-19.4821822778995,-0.432955900826503,-7.62321989586122,2.82807848130974,-12.6112563098367,-12.7835546398435,-1.75455312995185
"1075",-0.737912794610051,4.92739158693121,-2.8108723171984,-0.723696336423177,-1.40671652879204,0.54104728227715,-1.59561659843852
"1076",1.85741632852164,-7.60959089764466,0.826218930265207,0.981461370013438,13.3571301481893,-7.44269586905431,0.793998722550692
"1077",-5.15058109536271,2.28695116586609,-1.16759526600658,-2.4675698151901,-7.47513321439123,1.8309069185271,-1.38780575038676
"1078",0.916208126610676,2.73617143469677,0.161745226462878,0.593407656374735,-6.71282084825106,1.81458581322281,-0.06934231875307
"1079",2.59485290432125,-0.442622157295036,1.07921495684977,0.0611544534142518,-2.20981657948795,2.32243049176891,-0.3657374337958
"1080",0.984481733797352,3.47163342802717,0.898569253212073,-0.162870085490167,0.516146259285007,0.845412338962846,-3.24153084602722
"1081",1.54952217667053,2.56125645955021,-6.23115246363435,2.02812954484525,-4.95573683798155,2.23588625132806,0.311504374659552
"1082",2.23158455738934,1.82617159299064,0.328229202917547,-0.118923359329386,-1.03925676837869,1.97170734139693,0.384087409933113
"1083",-7.31437901947656,-0.693773374920841,1.65767519425348,0.982457183572474,-0.631377025951331,0.882762379525793,0.423097955527892
"1084",2.49372532949889,0.971615252378785,0.8236208153414,-1.14648102688491,5.40100194309017,2.22268933152837,-0.321441415763594
"1085",2.61884495818148,-1.33812968819536,1.97665052036927,-0.572669919192943,0.563170740725085,2.0130041916135,0.275341320622644
"1086",-4.06919219460644,7.903200821565,-0.643983500659662,-0.45320121536845,3.15101674507723,0.957971336913875,-0.227119827870876
"1087",2.52195967263902,-3.41703903282017,-7.51989537003384,2.81819086803621,0.907596487808519,1.79170037470791,-0.634486716508006
"1088",-3.56639026342306,6.06870293336429,1.01084278750571,-0.1204944544095,-1.2020301474479,1.73046723766025,-0.096964634893017
"1089",2.85655271642948,-0.505746604692083,1.40264691100967,-0.14568014933668,0.867675917286528,2.06294092882276,0.902626840218048
"1090",2.31215519822797,1.73075833376764,-0.759330361816061,-1.00419804207142,0.0429656127515826,0.798451391315918,1.64410737352855
"1091",1.00562945238926,2.63255221414859,1.07577875710211,-0.100021475151907,-3.54009771806501,0.4106871977388,1.24278189612706
"1092",1.47256467541835,1.89267924956521,0.960445318416979,0.600106727362008,-4.7756211456698,2.23526667562505,-0.104632221478246
"1093",1.63122504986456,2.95471976565364,-0.85294270725019,-0.532047968738651,0.0995393841709158,2.20877523427364,-0.0484317211688484
"1094",2.75715402641947,-0.418697451210484,-1.27115349481111,-0.0271277369580797,-1.02818183997167,2.2132328067201,-0.720247580275925
"1095",1.63977096576474,-0.309719802049421,2.36236225533802,1.18439143484527,-3.94530856076902,2.44616865139758,0.303268520234237
"1096",-2.05050658017784,-1.5625287422305,0.656866835366134,-1.33753797919516,2.64943780960254,1.68237706235074,-0.0174305039322704
"1097",0.158205896032017,1.37134308984208,1.93240901333759,-0.555606622472872,3.05203547546953,1.09526373666062,0.226453603622698
"1098",0.0164456549088559,-10.2045145262864,-1.99730643142446,0.670005204252542,-1.36845774945257,0.789411434473281,-2.66679588654398
"1099",1.45151827200933,-1.21169460189268,0.793788694905813,0.695877910467638,3.49103918731486,2.11230180504845,1.19913861469295
"1100",-0.114469816350855,-2.75939547535785,2.09000086244266,-0.383392937471466,3.61268863320122,0.776526571455616,-2.91988524279384
"1101",2.54600178659404,-0.77841625904469,1.01325121379007,-0.164718693684111,0.722613311531872,2.20735096231578,-0.509041270176871
"1102",1.58745788561998,-2.20943964069416,-2.30105207779443,0.982302245142705,2.69753577379057,-2.51310425959723,3.12217122019656
"1103",2.3819764112498,2.37647263167867,1.35827263548001,0.0591066641835727,5.40547092499017,-1.54501182373638,0.603318963384653
"1104",3.26334121125554,-4.75746058407668,-0.851795955001737,0.471481566953138,3.66106385337452,1.76871204098767,-3.48842162461081
"1105",2.85130748728351,-4.69838570366546,0.629657859844023,2.76608109017894,3.47254815967712,-3.79503231006614,1.105822211831
"1106",3.07651139362425,-2.74902612361103,-2.19898369154439,-0.999231381554208,3.98357069205238,0.57024503030093,-0.662529907656053
"1107",2.3970074036591,-0.434677698291059,2.08799907685899,-0.473261906056236,-0.247046587722438,2.8578401645895,-0.0754359353467013
"1108",-12.7210990043224,9.98610830135992,-2.11810437284941,0.461683352328168,-11.4920470610786,-2.28062927951815,-2.99981899746519
"1109",1.00056508088277,4.51656464028408,0.827125188183652,-0.493834887112348,-1.4051983763633,2.81756462383853,-4.11114663978026
"1110",0.530128661874947,0.501841375762419,-2.43520304134244,-1.23576974696524,0.268878669079495,2.52223339835237,-1.51525495697162
"1111",2.03985455498196,4.12445114404575,0.0533839764089204,-0.418625360833005,-5.60352499551828,-1.56381789664088,1.43502146464201
"1112",2.93373138287198,0.908778748835058,-3.28989119439709,-0.590084689052955,3.15315595102814,0.798667082704661,-1.73940902966153
"1113",0.79263296789418,-8.45146408893757,0.252871987681447,0.157616526343804,9.16574035048815,-2.07667553564267,0.558087301229163
"1114",3.05349667344678,-10.340507867906,0.823544515693776,0.211249325225976,2.86366387148643,1.95270275202171,1.15298119145818
"1115",2.37046321767062,-0.415017270219638,0.822721318778262,-1.18307960631815,2.67877020216076,1.92901165575615,0.259589562504702
"1116",-3.56995288333178,4.96853112452977,-2.08825351011726,1.52598585112019,-7.23009732314141,2.3712767734624,-1.39829711280343
"1117",2.23469531285398,-0.539470474975874,1.00379405843766,-0.151785547497514,0.582692875066257,0.898531043513174,1.30808883901773
"1118",-0.616138389294584,-1.2350597795257,-0.60779216340213,0.807175697606185,-7.17625220538335,1.23205728009237,0.264765249620677
"1119",3.04951764712758,-0.501882638742568,-6.41268831349779,1.01817362614552,-1.2577627514521,2.30309837164929,-2.08935424077684
"1120",2.90525881452041,2.58642529738904,-0.471451907712975,-0.684717324646618,0.114448973786906,2.62120689840892,-1.85778866322519
"1121",1.6003803411827,1.73939996299611,0.823385453697551,-0.455135699865221,-2.00717357704488,0.495089120753944,0.426703057250063
"1122",3.08151374823463,-0.497979480480321,0.803638458198125,-0.279329745416106,0.638393922860121,1.90854465794508,0.899313777955034
"1123",2.24274292876271,-2.76382068809942,0.590989729349893,0.875264597073854,3.27730927411305,0.497336337338589,0.300042489053329
"1124",1.05270556653433,-7.87913183316945,1.4747598805412,-1.80518563777855,0.441407874162802,0.563668267103244,0.902280631438394
"1125",1.88889754563941,1.89279459232305,-1.4492636240653,0.436054361042958,-1.7860556676568,0.578969170593622,1.25096985092298
"1126",-3.262139820437,4.33891687783848,-4.05576170738558,0.671596635461042,-0.458249162541533,-0.928653254535873,1.24050369949237
"1127",-8.77144793577714,2.33590254873302,1.57407132975783,-2.70723872633525,1.42327849939077,0.251534405625654,-0.437203005908438
"1128",0.155272759028899,3.47985311170796,0.770734388904675,0.20042870108341,-0.319724593248527,2.58363954990785,-0.707081509265385
"1129",2.96034664371707,-10.349879130411,-0.160557650864139,2.46896104819113,10.3208748125469,-3.03316202996591,1.72198562017989
"1130",3.12809646627749,0.190799317593574,1.00180314840272,0.0680636925603749,1.68777840292939,1.77841852361801,0.818420175716964
"1131",-0.239324194498329,-1.35782915889037,-2.44020110785568,0.200038181301773,-1.35715665232519,2.45578372385613,-1.24837880345298
"1132",1.70238654013404,1.03139170887398,1.92585340288807,-1.33788755825553,-1.96981125281018,2.34737584393817,-0.500412222126829
"1133",2.553574850978,-3.20289593300352,0.744596911034528,0.606984418955821,-1.03106876995689,2.95958523198091,-0.227719995295186
"1134",-3.5464339660677,-1.31521367920517,-7.41615943845523,-2.25925813806227,-9.55618477266962,-0.702905086905484,0.55708421439024
"1135",-0.109293189253492,-3.45889699066339,1.08152595232257,0.590987831599273,-0.659309310543268,2.2483024313449,0.201932055056691
"1136",-0.0934112253885047,-0.424671073482591,-0.482303849603359,0.458138636672403,-0.887463085920607,0.950763825946404,-0.698680389041596
"1137",-0.086189628681842,4.90796334269769,-2.77739193358101,1.08879134670385,6.92442076997082,-3.18920603859608,-5.16669296580888
"1138",3.01421448871321,1.24990490433638,-3.21198018342621,0.144358049445322,0.704869659627525,2.21616403062515,-0.246226209288201
"1139",3.06756064502849,1.00949360817727,-0.151460281886352,0.272239948666357,-5.3620357420333,1.29544641859209,0.947631582441649
"1140",1.92415034010733,-8.15158308537874,-2.27658548574782,0.239063122623237,-1.37681492301015,-4.62486185112906,1.63707531834338
"1141",-16.7545698501473,0.946956693319965,-0.0708662546956332,0.451176480036987,-11.2187737468688,-3.15021959726323,-0.0658365941403543
"1142",1.03854226990306,4.09349788486658,-2.34778902203732,0.191478311716017,-1.98087467268135,-0.905774624194847,-4.33963897830332
"1143",-5.45357617560413,-0.419922663165614,-2.28834538302541,-0.981675476111207,-7.66032633715803,1.77185957265606,-0.0954235053031155
"1144",-0.300538303327571,-2.72279280257784,2.38637567788669,0.795520980964809,2.96073285055026,0.189711157574093,1.3944069536568
"1145",-3.24999884998746,-0.115713615976765,-3.49547882285574,-0.733206029913539,1.10921877087477,1.99289484899418,-3.61501976156993
"1146",3.29639838609366,-1.59298822798377,-0.213906341907934,1.12875137930212,7.12455424199882,-2.54879851258564,0.347765098769331
"1147",1.02845531738532,2.54808547269026,2.01939125019265,1.11215407845938,-4.79553606458176,-2.50565473452481,2.50799833395775
"1148",2.89028087288291,1.24323329416778,1.07433274915435,0.676383752853176,1.27462208900896,-3.00364520412599,1.39449050416398
"1149",-0.121219900790726,4.96242509613429,0.0591254740535164,1.2296027094092,-1.89662288347779,-2.54252780980558,1.55999066519371
"1150",1.43504726880924,2.94588941498572,1.01913364233688,-1.38466086491174,-1.50238821364453,0.605915926355505,0.414264551208543
"1151",0.136762184254366,-2.7472693633494,-0.109547953995225,0.559753942167983,-2.61587368216942,2.22130432623715,1.04032969885465
"1152",0.726082718498236,4.16670090923299,-3.31707132647686,-0.482465906228635,3.25933097334164,0.948221191784077,-2.58817222041384
"1153",2.77075443964144,-0.420789222223166,1.07172020715952,-0.272770928824545,0.0945870533014226,1.53307117102699,0.852803731904628
"1154",3.0667346223926,-1.33566682530187,0.113785500545006,-0.624356323124914,3.63261696566645,1.68312865928252,0.395004787773842
"1155",2.80425024394857,-3.26203017528697,0.286770678437128,0.265418882961534,2.13292071182042,0.157888039893528,1.29501580335081
"1156",2.81546237912404,-1.68131402147187,0.0834723527152213,2.61978075949188,1.26158750381743,-8.38124461628749,1.82764147664617
"1157",1.61351807010871,3.15456718465021,1.6419154120435,-1.01601661825767,-1.40586375919302,2.19862093792502,-0.108152330496774
"1158",-0.66969544641702,-2.0584700122398,-0.649082874847519,1.67577359520353,-4.49583783038059,2.30072232379149,-1.3220912574882
"1159",3.04426126212884,-3.33657163104912,-0.404479225916616,-0.0119604015044337,6.07320574601381,0.158328705517479,0.366602226876861
"1160",3.09350970091059,0.591739999514737,0.986388123328594,-0.10749768559715,-3.01880056723166,0.159444051156151,0.744821783661272
"1161",-1.2931873771558,4.79572283288533,2.46484842707044,-1.23427341469291,-0.582268170872012,1.52318026207342,0.514596508393277
"1162",-5.52551398112522,-0.414990074202512,2.75431657108191,-0.37325997912843,0.648476514862829,1.01007964558305,1.63227937801792
"1163",1.90071785935183,-2.89675977913333,0.572822362797311,0.300224484657669,-0.498969070798569,2.24625480187112,-0.120938618810188
"1164",2.09574704312976,-3.84386706972595,0.815794065803923,-0.0134213028117555,5.40622690453221,-2.95123264152468,-0.583046431384975
"1165",-6.20549317002114,-8.21046713102344,-0.965771499677867,-2.46885650768034,-8.30947195754037,1.57514788789859,-3.75505942953683
"1166",3.27683576132765,-10.2049834253544,0.139828705907764,0.500427642183271,2.3889093971818,2.28201717323335,-2.4357579637216
"1167",3.25906953995787,0.467332512872198,-2.31564809947923,0.396951341327051,-3.81591290867815,2.20383023948919,-0.092967910445305
"1168",-2.98028205192816,5.92129122190031,-0.00178170395323677,-2.59445646834277,1.29871587147968,1.89040936148233,-1.78994937937804
"1169",2.61700720261389,1.89353204994001,-0.0912258565315741,-1.08973633618667,1.49784965490249,2.13492739238679,-0.0317804097889756
"1170",-0.55343258899494,4.45344094458671,0.592838295496565,-0.995402813238035,2.08221492277308,0.616389748338316,0.261337642273855
"1171",-0.5777793443681,4.73539169289794,-0.396740015372569,0.853968287855697,3.27735517923402,-9.51598936710322,2.22472101276494
"1172",1.61728479931005,2.60311713786923,1.5396939152587,0.363946897323243,-1.51736540461596,2.09671927549139,0.545464206533791
"1173",-5.27620764163889,3.0005138402947,0.541230242362952,0.578023636059068,-6.59336972582725,1.03868021659162,-0.55519178896562
"1174",-0.25330280646831,-0.719265754767725,0.318521918338766,-2.23083510164032,2.60764134577468,0.61381024636205,1.35613254567635
"1175",1.98220101789247,-2.74982913851904,1.47478840961277,2.54296332059606,4.82879787392227,-2.51780841121169,3.03229501934705
"1176",-0.121130711656855,-1.77249494112211,-2.72711851870715,0.661924738957547,-3.54883821423927,-2.10669089630852,1.3951794778598
"1177",0.89677808798659,3.47504811714276,1.52917471819712,-0.00937173865862833,0.729560434513979,2.36479567041396,-1.41459382345856
"1178",-3.58577593083537,-0.456487283017802,0.218884972245601,-0.115496906600346,-1.0545494228601,2.29022098515929,0.114482863915049
"1179",-7.76493380300133,9.00461857821375,3.59309799824457,0.154838548493152,-2.50901721852348,0.383747941942414,1.16015155302384
"1180",-2.53483511872162,3.74132355453659,-1.83857175979414,0.545152527733438,-1.31357722673368,2.29297011367232,-1.95690445184181
"1181",1.67105292877481,2.5478609995777,1.02547514831613,-1.08880789385119,-1.96730283167067,2.22150243935154,0.0997660693440763
"1182",2.6202361230651,-0.688881138488425,0.806675615921814,-0.627170939296297,0.707825430538001,2.30730153298085,0.376008331480353
"1183",2.34806148095448,0.0971211742022253,-1.35602549221845,-0.725609109992775,3.25843936199634,1.58287897424835,0.253440291615284
"1184",0.79619297774806,0.272831488688331,0.561857057445697,-0.498427046385689,4.25656334226232,-2.56216750398319,-3.9575941125095
"1185",2.16543801086283,-4.42696940213383,1.38818859962066,0.496904839763283,-0.67164361581114,2.0352097103423,0.152044807149427
"1186",0.602156962980916,-2.70271029371068,2.26573352657806,-0.493629314706604,1.48656658592251,1.61410292132031,0.25606908391409
"1187",1.02637841376999,-6.18974175865806,1.40785257972813,1.53016668298958,4.43843962686124,0.60779489888904,-0.207938444783631
"1188",1.26419012209891,3.48575465970581,0.634369423555979,0.798747875867996,2.64196328674363,-1.20578390225972,1.36258154705457
"1189",0.235923348643543,0.510670506778969,0.823734909394077,-1.01412295470757,3.27736016641494,2.23185556540961,-2.62810410465536
"1190",3.20712300944556,-1.88071675877509,-0.534082902948252,0.969726153366973,-1.04182826702492,-6.52353623646007,-2.94201274387004
"1191",2.6157434861205,2.56592665765194,-0.476528790053906,-0.116386252188798,0.101889389936772,2.23252157633042,0.0500823523805584
"1192",-0.705206939375533,1.89279600775744,-2.09277177509682,-0.504170616188176,-7.58738991670604,1.93552282847473,-1.66877232912605
"1193",1.54917607228627,2.60170508105202,0.797539285875594,-0.499440737581871,1.76063407069694,1.05508250507623,-0.193859999289552
"1194",2.38037942453171,-0.418420744102731,0.578007443702475,0.963260276687535,3.29437515189907,0.570505548947161,0.776080827207572
"1195",-3.62198485332364,0.653991988435704,2.74490004658903,0.207960355112906,-1.03663098400212,1.12324649465785,1.20111381681654
"1196",1.98715049595619,3.46447340063328,0.961058330421373,-1.33222688837322,-0.583622252800487,-1.54388151663512,0.771920465569639
"1197",2.86400538916829,-0.420248357722522,1.41148246093841,0.617507043604288,0.634229921896581,0.624347506232853,0.795875040957395
"1198",2.9129362747208,-0.671044009429903,1.40890761282366,-0.449136888141908,0.730848360052275,2.22170349049363,-0.283832148974373
"1199",2.86110571243316,2.19503132602996,-3.04051299740789,-0.34130990750647,-3.53226875448889,2.55959984921412,-1.70746010857088
"1200",-0.664010694078629,-2.66002108961856,-0.249300150248126,0.0406361668195405,6.91800065084439,-2.18085333783299,-1.28178107123719
"1201",2.4195714342979,-3.4215265504832,-3.34444005013989,1.0725910388339,1.04895785272711,2.02597123478119,-3.48951320437556
"1202",2.58026802312896,-0.49260750403816,0.0505630673726429,0.145342468904543,-1.03988756426914,1.94503631588206,0.0598277887883589
"1203",2.09158394400372,-0.53578100199349,0.0495158944365783,-1.02736992521299,6.27890441788537,0.166167732476308,-0.0668188879421479
"1204",3.03329778633154,-1.32786818847978,1.81895167231531,0.455518271282289,-5.42836845355182,1.99642567023822,-0.65917168532529
"1205",2.85027346384728,2.13397607854655,-0.709860852502338,-0.099832949617137,-7.67047314988553,2.97722437219779,-4.40210772893819
"1206",-7.78540349135945,6.64468317059944,2.46463777263724,0.0634405408594766,-7.40742329388109,0.195283923958721,1.23936751541598
"1207",2.52422130235313,-0.43519972150921,1.9123711445815,0.163940358420877,-0.583292305719591,1.65946306067793,0.280380399797097
"1208",3.1417681139476,-0.663384031089942,0.622599678866742,0.982378030383853,-0.58309939805458,0.765786526975952,1.14092304589503
"1209",2.03321795051891,-0.703921261392405,-0.0985873965963794,-0.0328110010462092,9.68635506121412,-6.57958647388276,0.556227373450958
"1210",2.16887738765656,-5.60783532205955,-2.12131361405476,0.202333968327021,-0.607307462862467,1.70191034227489,1.24888840931754
"1211",1.86165168275255,-1.89666397514792,1.8960288769295,1.51784213205425,-4.01812428111961,2.85557027547962,-0.73551004391236
"1212",-2.50013244422913,4.69855198379281,0.80825253245268,0.0555445522474753,2.56889982228719,-0.683933455566275,0.986026822103846
"1213",1.33457251730676,1.30208109438863,1.40283136659292,-0.368679423744054,4.65148208856634,-3.03568879834835,1.3944237625144
"1214",3.01259975694999,0.542416675052986,-7.54900901087805,2.79957081156642,1.10287953185773,2.20648965672602,-0.707041929216283
"1215",3.20101414744953,-1.59237510292228,0.214466066484486,0.0674455019323098,4.43331159546766,0.591606706251233,0.845466784979041
"1216",2.1358510314828,-2.63129244976802,1.57132210151989,1.5173053227896,-0.518645214034898,1.93604572945947,0.522581186887989
"1217",1.45737806418197,-2.89778021397742,1.59073508948567,-0.120727237831892,3.3788899724452,0.972584057443044,0.551166041551128
"1218",-0.0800918685860958,-0.0314751358380421,2.2476322058749,0.281007324771003,2.19714406375314,0.570263009546364,-0.100309466099263
"1219",3.29601090623624,-2.6546174805474,0.824122870984667,0.982380463262416,1.70426985587725,0.230177422308019,2.62703085354003
"1220",0.160815341935232,3.44052725853682,0.648597984488759,-1.33767260429703,0.452305473579568,2.25342127636171,-0.118923232108089
"1221",1.9075180866063,1.66437171450048,-0.678809953124031,-0.474381776156228,-0.893162608956423,2.17779629023421,-2.44215304510487
"1222",-0.575734309868608,4.35408349831267,2.41356833461837,-0.69275658910913,-6.23770435184209,2.917774877971,-3.84960068575978
"1223",3.15180400799479,-3.32865345612418,0.340661860258051,-0.272401072004101,3.75095347243693,0.613227373538329,1.39552979820704
"1224",-8.93776140318231,6.76318479281055,0.0474949143359754,-2.8335019837077,0.60073098215426,-1.5423194168331,0.261148032124792
"1225",-3.49444046907003,-3.46172750367544,-0.534909969797814,1.5203272481096,3.82267513290495,0.27713332076616,-4.1556798623486
"1226",-7.14282057494438,-9.77525242693863,2.79625171581452,-1.05151299112546,3.48997550452549,0.607612645264029,0.367872670565275
"1227",2.13876030414136,-0.0867131008734167,0.630722776413907,-0.515674841788856,0.0211093628651814,2.45881056189602,-0.580969515522413
"1228",1.87474783785842,-9.77603924010548,1.07732083740191,-0.293120119634173,6.40940651388146,-0.673408469312743,0.844036500826452
"1229",2.55061883097904,-0.770710529831779,0.551134872033364,-1.12339068525188,5.40580595630814,-1.55411630491971,-0.050867317327621
"1230",1.64578635841212,3.82669344205257,0.134767584062295,-0.470405841553322,2.09614268283781,1.94879988847404,-0.0226718104843726
"1231",3.12600610918473,-8.04367139987259,0.795536633165285,0.477336361281875,3.59154005009037,1.62001200179721,0.299608213359938
"1232",1.65822845937778,-9.44906236990919,1.00425233797638,-0.53281804698123,7.15013278397482,1.71840330843482,1.0162767650046
"1233",-8.77520357121463,0.0902362894536601,3.81977384567202,0.441117734092399,-0.582504054566588,-0.123607643384532,-0.0320663921131629
"1234",2.53652827058059,-8.30734897311631,1.62602180942236,-0.480802625017566,1.45878171722868,0.604875896228312,1.39342286579734
"1235",3.07731887823298,-6.41898901022096,-1.54508096399086,0.47137629243643,-1.42842596813797,2.33681704233549,-0.431681892697017
"1236",2.80093747616674,2.21151973397717,-1.22708757189238,-0.614588525949631,-4.01099142751593,2.20538556435625,-0.0154161797503637
"1237",2.757304311295,-10.349738541272,-0.170592162339394,0.201913830231861,3.84160360940607,2.05248446787017,-5.41412673365154
"1238",2.16823044238565,-1.47145396032724,0.819024953125441,-0.273492173098212,-1.90669350396019,2.24151309095542,0.425790686355862
"1239",2.75775248816665,-3.58059772507857,-0.0917943852605605,2.80074372810741,5.0390788183408,-6.62816249865568,3.53686408504052
"1240",1.63535937122788,-1.77341849006502,1.88124417948925,-0.113225631519394,1.96263822364238,1.94889805431514,-0.163169658267023
"1241",2.59716056626309,-0.389266962424068,-0.507908965849564,0.821381679088839,1.48587815769346,1.12449011044054,0.904892923673583
"1242",3.25947783837367,-0.41499088965788,0.82347961629945,-0.584676450031893,2.59148584495455,1.92641509474263,0.898806885623461
"1243",-4.12531169644566,1.99412260745823,-2.27031338305221,0.475900370509428,-0.616716691896658,-0.769874619430063,0.448200749524195
"1244",3.02436365847226,-2.74991716267566,0.827400858999906,-0.289335683853456,3.28524247029158,2.22050266415726,0.210941772675115
"1245",-4.22424302886868,0.886609983396709,2.3793467423811,-0.99638892814459,1.50061074306127,0.156130499282295,0.0836121132405856
"1246",-0.442417555970353,-2.81495291149613,1.64349946215685,-0.400414786047545,0.483321575418518,1.61311343610763,0.449227579695304
"1247",2.94582333408774,1.75729915716141,1.39131331203059,-0.438319411245512,-1.04021242338886,1.65757785292273,1.19773257584418
"1248",2.93271497273896,-1.8934001682912,-2.96809075181945,-1.23368085670799,-1.03541125026106,-0.422706097664519,1.19382244653097
"1249",3.05244344359751,-0.415853229455073,-1.31585607469029,0.979621688853768,3.25793896079539,1.92573152918225,-0.117934715934824
"1250",2.43980941439176,-0.884987798872767,-2.30133805278084,0.429467424869555,4.82191124267582,1.49619523526311,-3.9845991239112
"1251",2.49169543195037,-0.375083902229448,0.540659044059318,1.20230405367371,-1.98582825784231,2.85101116953686,-2.23332831355718
"1252",2.2537433691565,4.17729157038723,-2.22094535545156,-0.999937200208243,-9.34606699816919,1.91904453148515,-0.0693096003666254
"1253",2.50803557174464,2.19616479934585,0.804186909142384,-1.00121564243419,-8.29574950060282,2.22206175884268,-0.210723658374715
"1254",2.85368115089924,1.76561184458755,0.570436565653216,-0.0609121597008959,3.29122791086204,-2.63359728050577,-3.39288634655381
"1255",-3.42580603437837,4.98979336170662,2.46621639877344,0.255625092710141,3.00691238639391,0.127868906013714,0.149940687468602
"1256",-0.703685301464633,3.10229523860241,-4.27522307003687,-0.674701256242147,-11.3581092382703,-4.7979048954775,-0.242603115366871
"1257",-1.97919694472991,-8.44055664782939,2.45542767972103,1.48328735317746,1.69562967211799,2.45496163035392,0.288505673305254
"1258",-2.21715549945347,-1.8499808689616,-1.53008164819417,1.51950706727955,-3.82172619846708,-6.46413038934804,-2.89081194029526
"1259",2.23700259510277,-5.49802417310656,-0.149323071171169,0.451341265501931,0.616645254238716,1.60782071985024,-0.687042145815024
"1260",-4.62391615089109,2.6313143248502,1.99752943094058,-2.55068329506741,-1.97835166290505,-0.107539037483268,0.418139298808156
"1261",2.37803426182758,0.153826332912834,-2.71085218613202,-1.05719596514636,1.65241907161267,1.91336523243927,-0.200849379286007
"1262",-0.200304162504657,-2.89343175227735,-0.654819062613055,-0.366828801545182,-0.481946062749955,2.25403544049214,-3.83191544749993
"1263",-1.45037601081214,-0.798581072710555,1.83802943514025,1.19727715812851,3.00239186107231,-0.110671325059823,1.02380255260582
"1264",-3.61855135072789,4.46026203922961,-0.868673059888379,0.732598448213529,-1.98111006983838,1.92033889232079,-1.56835204086426
"1265",-3.71632463864067,7.53403547647926,0.899469879130044,-2.40145198277007,-2.72750167877837,1.81863650236886,-0.343144402982712
"1266",-4.22537960871956,-0.777072118203756,0.225519924993856,0.465140164602382,0.584738407491249,1.99189472625591,-2.93750643673707
"1267",-7.03983005987203,3.09541577861467,-0.644854262815129,0.441403812081657,3.31707983025796,0.23692431535436,-2.74571130513562
"1268",-2.80249129413604,-1.29614752169145,2.44605170162231,-0.85153684616738,-1.40600216222803,1.93112082677347,0.213587109829202
"1269",2.7256166049816,1.28699559488383,0.107422454076552,0.382543464173884,3.06974902663582,-7.85898615622149,2.96830245067691
"1270",2.1460440274651,1.72723862433007,0.237858126469806,0.17982044595939,-0.556632936671611,2.46484808852532,-0.242993375615688
"1271",2.17637432474153,0.685209787814525,-0.449793197937977,-1.23613512382491,-0.666122163324081,2.46261162927775,-0.0725082907526721
"1272",1.60469026915089,1.81984555390444,1.09461821124989,0.65581154800254,0.544359838563778,0.971877590902457,1.03655406377798
"1273",0.695604933344036,3.91100644193546,2.33363677007803,-1.23590478621596,-7.09104519590479,1.65628019033832,-0.0692397747629939
"1274",-0.0597835022896049,0.293586516810993,0.804980213873723,0.590400681494638,3.21864039282066,2.03921734203624,0.21465314631839
"1275",0.238977920588886,-3.26184763409107,0.802122098363606,-1.31599323216089,0.640801990512837,2.45557292725517,-2.6182602385581
"1276",2.14324592942226,1.13391551801184,2.17126564892126,-0.291496574734032,5.6959593109751,1.6813232701049,1.15102740152643
"1277",-4.23818252376627,-1.35213844514228,-2.45714194617449,0.982051588552436,-1.0303204304522,1.93895132652421,-0.00563712650630282
"1278",2.55301489420055,2.52649108886852,0.574244697916254,-0.511229826620671,-1.2189275190418,2.05752211167783,0.0276515255835877
"1279",-3.74586924690988,2.70308232131191,2.46929595009088,0.807769928795167,-1.97258705613357,-0.966743817474339,1.39515599687327
"1280",1.53139736182528,-0.203720826836643,1.6443571714259,-1.68884962782733,3.08917899874129,1.78663482706634,0.0792458394605792
"1281",-1.03928854925213,3.80197797145768,1.37805580236024,-0.194557414941434,1.51264060000923,1.59779682466133,-0.0492381950274769
"1282",2.12889989070179,1.80730513348385,-1.32794375257226,0.70872934508817,-4.67442621394557,1.53810955490596,-0.948104955608868
"1283",3.05856830750607,-3.23351384130483,0.886264337094463,-0.217988084080646,0.473559974428162,2.45604107450656,0.0546958424281334
"1284",-0.175783887893437,1.08399400734498,-0.875238394253483,-0.168989946527611,2.20888818344152,-1.54270161691484,0.35505285911806
"1285",0.696064756184565,3.45090184587555,2.06750671420082,-0.480676931850748,-1.90646421707343,1.94722874186455,0.555072940096082
"1286",1.61495319634738,1.88129245552825,1.96992841516724,-0.0431273856603104,1.49689338968268,-0.706274198506204,1.66061861643992
"1287",1.99331704270444,2.88549524411215,1.07803570372224,-1.00198026852671,2.62659592962253,1.78842209197149,0.336763589007488
"1288",0.70085403570446,-1.29331068844052,0.936483430959728,-1.36170362910924,-0.571048886296997,2.17248528135218,-0.118703240092356
"1289",0.169067735415701,0.54361128578178,0.976737379647898,0.473723588066055,4.31247257688892,0.606022274791162,0.243369165749877
"1290",-2.3975140295299,-0.496741891592317,0.986779732288919,-0.0879512264321722,-1.79219967218652,-3.83790467853966,1.16151575183695
"1291",0.69132652574631,4.42684109325704,0.596660094400718,-1.68264556020874,-4.07412663651445,2.95385276279304,-3.38768390215133
"1292",1.90001326112427,0.626803632475581,0.213519263032659,0.217866513566507,-1.00709040507119,2.30910627636923,-0.234974109997289
"1293",2.76575105396211,-0.750572198759841,1.00840344695352,-0.260874262916504,0.570809464833401,1.61605693036145,1.07927282885974
"1294",-3.71075175633771,-8.05483577255078,0.575600817389553,0.669598955116516,2.13305230686734,-11.7148019657903,-2.59571386191606
"1295",-0.695915836829065,-2.76255061838613,-0.151485737290971,1.16022475036116,-1.95939529106997,1.25458870425257,-0.482977226556254
"1296",1.04285312588485,-7.85212907010641,0.247389380602415,2.84524987233991,-0.320258850216211,1.08973057588319,0.344109395350286
"1297",1.61226116766145,1.74036505330181,0.96454255397336,0.29948354384219,-6.91784370000441,2.737604256032,-2.60597632721687
"1298",2.29338354846856,-1.53474144968295,1.94721599083993,-0.27020231385395,3.05679439485866,0.79338824368247,0.903461859968074
"1299",-3.66476598404998,7.36568514303132,0.287576940981304,0.143872205648548,4.61545222898782,-2.5358864701775,-0.0759614649161462
"1300",-1.33509717473399,-0.104019893132199,0.961748986773356,-0.369090421168363,-4.72009546026202,1.94690078691143,0.324909614582808
"1301",-0.564494391047437,1.13565825287836,2.46485095846335,-0.479103739480747,-3.13402853482919,1.93590286251501,1.00073342707804
"1302",1.5523227647037,1.64432921327356,0.765696650518983,-0.373651869712845,-1.0869610644086,1.52110385927617,0.795838566268103
"1303",-0.701582100276735,-2.73346290796751,0.815092435783666,-1.57974476466806,1.6897383492247,2.02327512629319,-0.671814889545178
"1304",-3.4337965445999,-3.05244029287365,0.825357262230773,0.211663392808483,-3.7972921861212,1.6636250619731,-0.0514761006831996
"1305",-0.143756153585687,2.61184608584866,-1.55898881295361,0.241200356265659,-0.891684555029093,0.964058534040439,0.267822179033161
"1306",2.47785665986659,2.60831083888845,-0.411150809412967,-0.25074779174283,4.32338074609202,-0.108907177190226,-0.0691733858593103
"1307",-3.72023829333647,1.91268892113938,2.5064259489922,-0.505855566894681,-1.20185812392243,1.71671240573794,-0.704766211881723
"1308",0.809572140632801,-2.22721774875871,0.281660195106719,0.98551689088994,-0.665243686037658,2.21032776653937,-0.186913480577331
"1309",2.60493303373977,-7.1714624760612,1.81708646846369,0.070652026016241,1.77180494830167,2.29114873957031,0.0416803374832213
"1310",0.531495535179389,-1.27939434291258,-0.168798704031591,0.265067296588762,3.27722324240214,1.85045638768703,0.205728325607268
"1311",2.17904903999502,1.47864597846179,1.10397855839765,0.521348318088082,6.44376405289008,-2.32996008671524,1.52541086772177
"1312",0.196596406365084,4.65401280323461,-0.557005052881428,-1.33768484658428,-0.588772389089649,0.800007515610752,0.207556214646377
"1313",1.88488968852601,4.08183578529069,-1.12761612943587,-1.33665933989443,-9.76450579390018,0.799022372906615,0.370396170398306
"1314",3.05577563338792,-0.578799620647334,0.319122082637457,1.13375334160781,3.30239483803747,0.800626629266193,1.21397840614211
"1315",1.41783686613298,0.22482988584066,-3.0624278362825,0.445780729856042,-2.59384572009551,-2.3750067543039,1.39380003711479
"1316",-4.60675455272331,8.81686147557897,1.00418870183721,0.663559554148355,-10.2250055601545,1.0547951257022,0.7287054679857
"1317",-1.23619618260933,1.53582679857217,1.07989402375005,-0.378911196184322,-0.620150248729208,2.30693579585325,-0.568587338769853
"1318",2.10524053739977,-10.5062120909362,0.764572075212389,-0.121247063918656,16.8075479222462,-5.00449368457561,0.222393269946057
"1319",1.2216424115787,2.59392128756117,0.777917291464808,-0.0505756122866438,3.70676177540804,0.256763824605836,0.770134514331349
"1320",2.53071429049583,-7.16916006872145,0.0532576683277131,-0.487141288513993,3.83531471740971,1.68563680233906,-0.0690729519313793
"1321",2.49545746207058,1.99751769007651,-0.184071647651773,-1.07770642412996,6.31868519353631,-2.07376857418168,0.366914776091378
"1322",3.0466276091919,-8.12568291253926,1.00065443837347,-0.497301940744562,0.605921459173524,2.2394539899234,0.0924334530803887
"1323",-5.22762737704869,1.24958288860252,2.36655136982358,-0.563974540852528,-1.18183334666252,1.95320982093118,0.35331670051768
"1324",-3.77985795689545,2.59656591034106,2.57325981028467,-2.08451934724091,1.45191296446136,0.608215544259487,0.416093338544158
"1325",1.22025523775011,-10.4951749823825,0.802159547190067,-1.14166158258452,14.9547135206984,-1.58089311755524,-8.14271113376005
"1326",-3.73048188120446,-2.6626545411169,-1.37810389535602,0.587710305375814,12.005702859371,-11.7079779510591,0.012610010363538
"1327",1.85660067740414,-0.123070765672448,0.96167621850498,2.30114655519578,0.0952067996292149,-13.2701111255653,3.94732262182439
"1328",2.68510127647514,0.778878690223279,0.826427471537733,0.526153427889602,3.04774656206577,1.04969146947,1.14980559738895
"1329",-3.05169080275352,1.58629074156578,-6.152998126338,0.989617190320374,11.8946564506549,-11.2593707020892,-0.198941408003935
"1330",2.75714870487211,0.901456710664794,-1.90329802143256,-0.272985275974567,-8.69045549645094,-1.57028957873338,-0.0427367178668677
"1331",-2.88661698508321,-1.51302519014093,1.08553048871895,-0.385864169750688,1.42416976106643,1.7251978152072,-1.73724778047692
"1332",2.28429878877069,0.969935594781727,2.25498103165362,-0.995492981912166,3.27740200266109,2.02267271316024,-0.165072123736858
"1333",-8.14147665778161,-3.35696715815136,0.107961465053557,-0.368764024442125,-1.0737055705162,0.544569251756393,-0.137526415416195
"1334",2.976645006299,-3.31030207978704,-3.25773306679555,1.3233262671786,-2.55648661248171,2.24378164476524,0.825688977497849
"1335",1.61626888884138,0.93550862197967,0.775966279969698,0.983034067711771,-2.62447283496883,2.30233288414459,-0.114929172351972
"1336",-15.2484527747107,1.95552445413014,2.84252562791641,0.296188445441124,-4.00906260558072,-2.3151978555604,-0.0944343490296317
"1337",2.56497941561839,0.227490822958358,-3.95123631977215,-0.235062549701231,-1.25023162195987,-0.158397611159752,-0.657708938504664
"1338",3.12655102371014,-6.2912547552428,-7.75886566921422,3.02738064387114,0.60956692593349,-4.8913953136809,1.29637464699113
"1339",-1.63296236065037,2.60502624714568,2.64033780213214,-1.31833241779229,1.68624261686927,2.22078453726885,0.0772478320171619
"1340",1.85553327139773,3.2835330128357,-3.55840097234861,-0.363553564615434,-7.66708475605631,2.82098688802357,-3.38116274905712
"1341",-14.8953220167876,-3.40793103736301,-0.723571659610611,0.454031448360126,-2.27816843606519,-2.54545656092699,0.55438698237601
"1342",-6.02843939100453,7.65907488451235,2.08215069051328,0.607257949219762,-0.611639502472316,1.60546471822053,0.81919680827198
"1343",2.59175952263608,-0.47689561271557,1.15164728886561,-0.55945067344923,-1.04105453195669,2.30255564171809,0.171088801231996
"1344",-2.71154834080317,2.6289400012807,1.0806475611115,-1.01167050786858,0.446377250087405,-10.5789079156651,-0.121922734222616
"1345",1.69324665740242,-0.675018499794752,2.26062451247761,-1.3254058540242,0.499780140017266,2.517629940395,0.19347951180395
"1346",3.08476836163431,2.48376480255283,-2.29808306827364,0.182715470884009,-0.418205050493097,1.49623965117801,-0.0963133411588182
"1347",1.63674172673481,3.27512460343558,2.02230119770497,0.241882019882705,0.611937504219768,1.78575100274327,0.208940948570326
"1348",1.43753053020931,-7.95233077930242,0.294773842484868,1.1334352936396,1.95029783673921,2.77162496368502,-3.6964363195249
"1349",2.09621367591153,-8.16657565731045,-0.79916118620866,-1.00676175589498,1.91055349418686,1.95210798143307,0.538041234350323
"1350",3.26926233125859,-6.4755822686684,-2.72269587369986,0.705638898324231,-7.67333604304336,1.88906910125067,0.255946620729203
"1351",1.42656774206351,-2.64146100698989,-0.819838910032502,-0.405748525715864,-0.522370668818408,2.24083338184261,-2.0368221703814
"1352",-0.0171276900311492,-2.29162337009909,-0.70688302105103,0.394828786461318,-0.599250974146654,1.60983448519979,0.202572205287824
"1353",2.44232458384435,0.189555638791733,0.86549998303429,-0.556517731530544,-1.48500826359702,2.76848201270321,-0.0697943660389577
"1354",2.12334431450239,-2.15350378707399,-0.214090286603117,1.13380550860137,2.12846822141835,-1.54463232139148,1.63621534001594
"1355",-0.0461295809950589,-0.790170005343222,1.37510772106253,0.240279002520899,3.30123004168008,-0.4706372042337,0.211749630922562
"1356",-0.627081560991718,2.60939179384848,-1.42762151261004,0.596257440161261,-10.876984961398,1.72008866994124,-0.0497376186594132
"1357",1.6512199864152,3.530268180721,-0.380757975452767,0.0703242648599028,-9.36547579849803,2.79907814631208,-3.80236557335576
"1358",-0.264431728872764,-1.36320063268933,1.71016865503711,-0.366620877269417,-2.20807013321862,-2.24136391472916,-0.212143169891451
"1359",0.284323474629911,6.25626090730564,1.57517532616646,0.166756923834738,-0.897318735894513,-0.442857380642585,1.39756894522081
"1360",1.85573799077333,-1.4437877132188,0.965575774097542,0.264862032832169,3.48469136621968,1.11212228231366,0.35850682903332
"1361",2.90131223496602,0.0156135682476013,1.40616943337818,-0.282774398526706,6.59040794609332,-1.9673515595094,1.40543572627797
"1362",2.83333753211804,-1.11476435610254,1.59282281313089,-0.64548823280968,-0.889695932040978,1.7112526829387,0.783422026824494
"1363",-0.248722170312325,-9.37809127463924,0.485987646552078,1.207339531787,4.44817881554605,1.90589878248442,-4.03349527775217
"1364",1.61602196873085,0.392894072953843,1.6472778614486,-1.70047081599139,0.757846474638163,2.39816247319012,-0.119976037338435
"1365",3.20259881357427,-3.24008003449085,-0.835582516862116,-0.112884585026019,-0.18104964957742,1.68610841554322,0.29627024522826
"1366",2.09493414703724,2.75082507261928,1.98036050665588,-1.86109511670947,-1.05948263963255,2.24729700632546,0.532932269897391
"1367",0.692127197768265,2.68469229612145,-1.55426940900451,0.996930538309691,-1.83656593725188,2.16464324775382,0.163367435382337
"1368",1.64541237423329,1.7550667028133,0.818006214904473,1.52836265556593,3.59123445096357,-14.4475709570659,1.60132461244997
"1369",2.50388612281654,0.519626685472458,-4.99911661313235,1.13378201325175,2.79123197447496,1.7898615883905,-0.0817474147229594
"1370",3.24501266967725,-3.92966143006496,0.785129454562117,1.51970514978547,3.83256960200693,1.11152925384842,0.899204748973265
"1371",2.5353421018985,-1.50150468002179,-0.81898652746057,0.206473896096385,0.398850769005933,2.59079879598748,-3.50316115013621
"1372",0.50070357948057,2.32691961242494,-4.20210801727926,0.600073222668794,-1.04871857264988,-4.29163664712071,-1.96573397840418
"1373",2.61766022078629,-1.51824354353889,1.41540119382981,-0.280932182479191,2.67192792727704,2.0881555524837,1.04235847919144
"1374",-19.2975055541856,2.62974479034331,1.10237563779401,-1.8804476381171,1.28239070693084,-10.6967873185117,-0.196848646723914
"1375",1.92897923438325,2.58641434187275,1.40889248404009,-1.2800847212562,-1.38141964628933,-1.82979946010269,1.59001130967408
"1376",-7.03980129868937,0.311467610126728,-2.47884292788073,1.27293139218528,3.03945691248773,-2.2625688378008,3.16065306307841
"1377",-0.0471656685068198,-8.2225206133055,-4.268670553665,2.82613962574207,2.24323478903432,0.569205574530187,0.153730617505251
"1378",0.199381083991069,-2.78265504685965,-3.75864412273247,0.295168042569609,1.3133443013515,2.44497383846221,-2.35596597380156
"1379",2.81938802881275,-3.46987576703799,0.891302784265646,0.166783959652746,3.30268164848897,-0.109269584269521,1.1755619440619
"1380",-0.0387766246957212,-1.33516630624758,0.95440243518358,-0.325286085485329,5.40592851335432,2.04595351257156,-3.16127332475351
"1381",2.17083699089578,-0.414991700810311,1.09216438291145,0.588980010575327,-1.40581517107354,-2.56529804540357,1.6347564348819
"1382",2.41586189617996,0.628390276770883,1.7582154578625,0.461498259689102,3.30919285200147,-2.77858534475965,2.17814744735253
"1383",1.27522851384179,-7.63119044919031,0.047768855597534,1.94210230269787,7.10303261914696,-2.52919072257029,-2.32971212353765
"1384",0.860344692472442,3.09652317811506,1.24604661667179,-0.0504118480921665,-7.60641916064288,2.4547838071164,-0.11644715117809
"1385",1.29783749581896,-1.68255436693624,0.597946266900312,0.493527824446781,3.15647290925672,1.73601749074758,0.823034271965829
"1386",1.59777335339998,-3.24816323898236,0.823457244631737,0.18962874383144,5.07585664243924,-0.123832902272687,0.836888244251971
"1387",0.206344497850874,-1.3058306061888,1.64955324677725,-0.184627626539765,-9.30217585592495,0.876161449779082,1.19228690460965
"1388",0.787184169909462,2.94233004394009,-1.18303064001676,-0.560012557289388,0.629933493583138,2.27329262058442,-3.56998864486276
"1389",-4.22971155936966,1.30680392785459,0.0460949338680755,0.171103825080048,3.58576315525831,0.954550700969758,-3.52335656470685
"1390",1.6138393414494,1.84319318527833,1.68871341888465,-0.0124702875731802,2.69777925943194,0.585966476137436,-0.158336536775469
"1391",-3.57736269654078,-7.69768346090116,-1.27246774925351,-1.06098500985384,-2.70486522933466,1.92713337340111,-2.74314400596472
"1392",3.04829328816878,-0.77379154323548,0.125547843496728,0.387841615802931,3.78724582508455,0.829099808869816,0.35945712901849
"1393",-0.330041991030557,-0.542133569022319,-0.641950845374151,1.09148839049453,-1.0540036719067,-1.54310304749406,0.187246362498701
"1394",2.39991239117244,-1.34598235680283,-4.12741642508689,-0.280618373094183,2.20792161213379,1.93475227430676,-2.53398583616988
"1395",1.67927557463575,-2.76953786709288,1.86670091377202,0.461473372436743,1.67800779306068,-0.985447739151858,0.878070673596803
"1396",-0.0540948322743022,4.37959041358927,-0.679385931553698,-1.45491466396314,0.599805333357957,2.50989306612781,-2.27327066254671
"1397",3.07720036976025,-8.10154568623385,-6.43884649139418,3.33473564797098,-1.41135377544542,-3.01420810395338,1.74288013721996
"1398",3.0487955755846,-2.7652041837031,0.60417650088279,-0.509612197572822,-2.11424746043611,0.0163820059410765,1.36999264083193
"1399",3.03335716671191,-2.77118092254303,0.823459886929938,-0.328283949469684,4.30058233469987,0.790783865580732,-0.354525582664595
"1400",0.906118405995242,-4.09195633460122,-0.549918040244671,-1.64431083993197,3.02594972180588,2.21890057115766,-3.5636929779731
"1401",1.32753391505527,2.51224732408175,-0.806132300076995,-1.19162111581527,-7.28215945244472,-10.5771983989919,3.55156347813109
"1402",2.85337066949334,1.06175181886205,-2.18008298434109,0.404505159205629,-1.58102814754638,1.92823716469292,0.157704986541414
"1403",2.21505794050711,1.66597995504197,0.97248240450446,-0.996202506024914,-0.231395348488502,1.42106538060488,0.819675605969308
"1404",-2.05297927123341,2.55200527048691,2.01437893123403,-0.577659828429022,-1.89743504924232,2.42458541167248,-0.410807878071497
"1405",2.90834008897192,1.39568885737907,0.94254253422333,-0.305671154635268,-12.7715976484952,0.555550601222441,0.89955073059694
"1406",1.02426409894425,4.15908456764282,0.635239587671469,-0.285524948008548,0.172778210294378,2.22000807239521,-0.726829707652331
"1407",2.1700006366517,1.24726586599252,-0.125189200767747,-0.476955956242714,0.603596373984819,1.7899571165111,0.145841529505655
"1408",0.785738765156186,-2.30055049097251,-6.38588902152573,0.302724712880568,-1.13099154372342,2.22645526156913,-3.41869460766298
"1409",2.53092271837185,-0.507331656215583,-6.2707600547242,0.841422826601673,1.31279136792805,1.66370095442941,-0.738884701656367
"1410",2.75765213035949,-2.17446365134765,-3.94536839006109,1.07887516926179,-0.599520464582141,0.570014197883401,-0.0690233705148245
"1411",1.05132559005339,1.36489183941592,1.96891651101472,-0.202167516424152,2.81604669449799,0.931400686695544,0.382318051586582
"1412",1.46361458342068,3.85946638682316,-4.10861502051397,0.425988671524459,6.3416779627349,-2.78517993614261,0.263803113118496
"1413",2.53457522226663,1.7711096982228,0.558779795769474,0.166457248229601,-1.34320613875413,2.04301940578712,0.36596313398095
"1414",2.75740901757064,1.40164426781499,-1.90493931637702,0.229504584104767,-6.93693739821292,1.6061768652263,0.534752775648041
"1415",-4.24039565408623,1.43601568394467,0.472109577507229,-0.121104950263752,0.395947803873263,1.90403862715256,-3.24016278313368
"1416",1.48239104910822,0.68410133371849,1.94522317249783,0.166802351527431,-1.1203946657234,0.78542832512197,0.206114708188454
"1417",-3.03504109390123,4.36462393667771,-1.22560056572539,-0.319342633575761,-0.0504361007643055,-0.807471245828774,-0.870283325727899
"1418",1.54742128264697,-1.52351895818408,1.83284686195638,0.981118510048814,2.25596318303522,-0.387641117447446,1.40621396661146
"1419",-0.528375109891636,-0.511357862226797,1.39620138321004,1.18687049934472,-1.04139017062945,2.75946098835995,-0.708234380959624
"1420",2.26414636205512,-0.416207385646172,1.08312142060161,0.596544627899914,9.24032346406131,-4.60543876022114,-1.94932831183844
"1421",2.16600870263465,-1.36298813313327,1.91192544463528,0.409998789906847,-1.95105897755285,2.69116563517826,-0.0685106318602236
"1422",2.17436827688346,0.57991077374294,0.963624845648526,-0.481659139204743,3.21788100806894,1.71512743878217,0.417532107591836
"1423",-8.42348638458893,2.91809357418407,3.17278997326365,0.27666620285419,0.775209728767758,0.218607198691727,1.18224239177879
"1424",-3.54890338300784,2.89147474713189,-2.53469672105048,0.995734714661486,-0.670099272567362,0.949209222829365,0.0715789452653404
"1425",3.04482844017742,-3.37362002706192,-0.128841269041043,0.983515751928826,-1.02939702440712,1.91890164646512,0.824465589247106
"1426",-3.26568925948258,0.226189380152074,-3.06007791037474,-0.117768233608226,-0.583474314271724,1.71303610792982,-0.708442758579042
"1427",1.78253459925794,3.7355148193777,-6.4063223494851,-1.02794241157616,3.47691352488085,-1.54970030600158,0.700619099251874
"1428",1.68335511565613,3.68140264786702,1.07760911708582,-0.365743660569404,-7.5973220199089,2.63425683850053,-0.693032593915185
"1429",2.11488509327944,-2.02425668373596,1.04095323407738,-0.544245950909192,16.0160170169936,-12.7423269374483,-0.706638106557638
"1430",1.87861793329647,-0.890276583381384,0.823375185360983,0.981310959742978,1.19285472287081,1.88263364590956,0.351083418832527
"1431",3.20337582327905,-7.92360991981137,0.154478172151385,3.35847130429298,12.5174512379663,-10.1349392544591,-3.76399078235617
"1432",-5.75876001865722,3.02524162142029,2.3834100032746,0.302005510968011,-2.62142936477422,1.62056744126697,-0.202662564033665
"1433",3.31384138227199,-8.15634163981181,-0.315906686546503,0.978123066325732,2.07437887099407,1.711236774449,-0.703929762764096
"1434",-0.5738879121733,5.7042953126093,0.286357783505309,0.212786660081958,-4.92741244447899,-15.5639879161926,0.533845504968995
"1435",-0.392607187999684,0.688976258363545,0.959179122553548,0.982931638603084,1.5977912028637,0.400024526300537,0.840395201248885
"1436",-3.7017313418183,3.78923248148707,1.97389470626837,-1.31897269675861,-1.48848643394038,0.813927502804821,0.0864814441178448
"1437",2.61521328228281,-2.88409936846659,0.914557802161201,1.12784070132693,5.31349700764831,-0.105881900236695,0.143344880411677
"1438",3.03558199159559,-0.535758519095402,0.21376136861207,0.17808086958358,-1.97178017327888,1.6206697919841,1.25426904233492
"1439",0.883685650732663,3.48316418154249,-1.28305387501043,0.263386659650523,-1.36126374037782,0.948990971821559,1.03206495368473
"1440",-1.63598697138457,7.45738574272608,0.574345986999589,-1.23567025465183,0.25934780210743,1.96933046596428,-0.241027796904607
"1441",3.2876342590491,-0.516202194161437,-0.805931635674561,0.974442613882834,2.19666199720777,-12.436189834538,3.9696356708575
"1442",-3.57397214220053,6.15832518162635,1.62384618799051,-1.23486994806984,3.83316268129756,-0.113291459136433,1.24588341486924
"1443",-7.73185476986376,1.74464247130049,1.17560636665084,-2.26708622390772,-4.01041442600861,0.597593540386646,-0.0945860833972825
"1444",2.11334311608934,2.57381650375488,-3.06317189399743,0.920320434874599,-1.36162154171872,-1.50687327943249,1.68763845432495
"1445",-5.54146364113197,1.72884380377892,-6.42486868221095,0.368658339451217,1.29710999287078,-8.74709421559555,1.32902971492766
"1446",1.5715164899641,2.11440620552079,0.109313161356356,-0.251205111169536,-2.7720799317906,2.63122629011145,-0.682102703213396
"1447",3.20542327286339,-7.974159708201,0.823637111420575,-0.212085947500135,3.83470274330514,2.11627024594427,1.09211165470567
"1448",-5.39398755957733,0.113322051566289,1.36906555271201,-2.57100637448258,-0.961909807346339,1.87629187706876,-0.329960589124482
"1449",2.60701860254077,0.177478289403723,-2.17628900619056,0.277090120364724,2.16427251756252,1.67272966617762,-2.4860142311512
"1450",0.785248922870452,2.9792058158752,1.97081649655555,0.450429415668356,-11.477883266599,1.61645755932499,0.556961784937396
"1451",2.85489536358881,-2.41492043036155,0.234690542580058,2.69912830469701,1.96768089047096,-12.2733406393473,3.94211824807412
"1452",-6.19831450325464,8.1577724590351,1.4674225757918,-0.71399210047492,-6.31029283233856,0.959371537163138,-0.118434210207708
"1453",-7.11921280430449,4.42147985322607,1.08340216160379,-0.617719969610824,4.82454046746222,0.171919585176336,1.2447841858432
"1454",3.25386992275637,-5.82167618170868,1.9321645783997,0.296379264908987,-1.83633694940672,2.79835165767733,-0.0989130038985336
"1455",0.0563989383099705,2.19047719224633,0.804655974432213,0.923117953084953,-1.79265841350866,1.29242602783697,1.23871661964321
"1456",-3.56560665741639,0.03885432303629,0.214620580954617,1.22210797523393,-6.57958795173464,1.17650761848514,-0.240722192162913
"1457",2.90970315471892,-4.74128231641481,1.5987175102047,0.447305021417953,-2.20935678018954,2.7777004281439,0.348427847489862
"1458",1.22875614300559,-8.16222930412487,0.874473032423316,2.83357692554872,13.8839062486407,-12.8200255418124,3.99247172706092
"1459",2.09269039624571,-8.39703115176311,0.884806528931576,-0.166380932360541,6.40447205460271,1.19877626170601,0.547397910726816
"1460",-5.5348413167198,8.08691050349844,0.239816608622274,-2.46013420509596,3.26961064617971,-0.705484637978283,-2.53419572987505
"1461",2.23943528893372,3.73690429518108,1.81788302762042,-1.08875601730318,-2.15905455867632,-1.18346912107234,1.31061752088926
"1462",1.69388433170146,-0.627013205446881,1.31403263399011,0.981587094632863,0.255543341814277,-0.918278103617929,0.712797239762953
"1463",2.50602006986295,2.3772178700548,-2.12896899041615,-0.197286742073915,-6.78237559732333,-1.55782262168691,0.0568884895731444
"1464",-7.98841175363761,-1.26588121901629,3.62316565665254,-2.52291435563381,-7.59686420721238,0.603646159444212,0.146963304777194
"1465",-3.27920480128027,2.57541439328392,2.60818612738105,-1.33762017047883,-3.52484689238001,2.35851246612855,0.836409630856578
"1466",1.61687328425177,1.30945703852639,2.27586469384001,-0.495039759076363,-6.34986678591849,2.83878369145058,-1.39458667028685
"1467",-0.0511375934560464,6.60066600390129,-0.490072701592463,-0.543588713033796,-1.18245900310232,0.977027467795643,-2.20676002879715
"1468",2.49863049851519,-3.70388336844548,1.35218484196646,-0.0493768599708365,3.45471386121351,1.09953190089761,-0.656955462028254
"1469",-2.84869843350179,-3.46174052095484,-3.02717264059633,-1.3356751514382,3.50091112360385,1.73327643896661,1.39200325535609
"1470",-16.8937483149646,2.60810807057579,0.808852439624009,1.00295899312766,-2.19112678919561,-5.85642696979829,1.97305042636998
"1471",3.12520665858348,1.26659692709003,-0.470582548125625,-0.273464348475349,-2.05488133057276,1.69857676134156,0.340509724343637
"1472",2.58515214714361,-10.1653683883812,1.00396045570236,1.52888966550965,7.1053709760318,-0.114211119304335,-0.245628398557818
"1473",-4.92117630281437,-0.51723248227911,-2.35952253320852,1.13403547106178,6.33933938327248,-3.02813603510447,1.80157125281145
"1474",-0.689589629654087,-5.25096326934847,-0.491281689955623,2.16667754883881,-1.9065958479839,2.46511012690614,0.224272315733387
"1475",-0.218211854781497,3.60693776783533,-3.03728397494808,1.13455699582197,1.2824715773239,-1.5581698486846,-0.190275824730218
"1476",2.75804298795359,1.84497813876344,-1.55117150211456,-0.489273320709011,3.84514553464281,-0.122465458270214,0.878688509731129
"1477",-3.67312511882917,4.44622396962639,0.964726569602354,-0.266108275916767,-10.5653984633224,2.08116888101783,0.920751270499184
"1478",-0.0975101690848396,-2.01656207833624,2.30296176661009,-1.67460110751611,2.6064852876307,1.62391319119818,-1.69065454821583
"1479",3.06079845901944,-2.56235506186672,0.286264554452208,0.455527133028243,-1.05962918128523,2.30330018252195,-1.11255257760288
"1480",0.969737586270219,-1.37176892984405,2.09062978490782,-0.591007518100552,3.62795375300092,0.852003372575783,1.29555426940669
"1481",2.5981091790967,1.26363810174179,-0.590714724802909,-0.0119585845160897,-5.15529656743258,0.532994613013434,1.07472849164688
"1482",-0.302201413047483,-0.499523244146716,0.897597619217109,-1.10493346445155,3.38240377171284,1.83531387900895,-4.45725821844163
"1483",2.57253996353626,0.558958367141248,1.04086117882831,0.547775117977506,6.51042012157655,-2.15672670298413,1.39006213723378
"1484",1.45718594256625,-1.34644960213405,-2.35047286231785,1.51794927828007,-0.287251166430802,2.08123880673864,-2.58171623914715
"1485",1.64593813325832,1.12210951169858,1.96717320793594,0.199583865244006,-1.40476774863723,0.491029040286751,1.35464002461135
"1486",1.25000200547275,0.578690617521467,-2.66001522242836,0.986192803439903,-0.416326287983238,0.524808899340038,0.139231575234411
"1487",3.1097687810433,-2.67360815066786,1.00426266943809,0.573213133980242,4.47638729057268,0.550824599357499,-2.5288359028461
"1488",2.41696595661399,-0.241070094423717,0.633180490723193,0.231077954227697,0.579877598767419,1.04147821252852,0.0837786604946105
"1489",-5.73671532441514,8.84631844641972,0.0248148806482692,-0.372378277768037,0.567874834979493,-0.529931733925315,-2.19416894094129
"1490",1.07125417455457,-1.35784736171883,0.569724804383749,-0.162807587047532,7.15732179805387,-6.16297220764174,1.62685682545704
"1491",2.38664604429452,2.55325371651646,-3.22701090786992,-1.26916016205387,-4.75381055257716,2.9305342757,-0.704426826625112
"1492",0.791316075385882,2.54091142003009,-0.126038299213857,-1.62641662907664,1.93886705440496,-4.61901201761138,3.68624321507793
"1493",2.4187763259108,3.79558635800813,1.00421295265103,-0.0722880180594292,-2.20932112790923,2.23845137944024,0.70416147916041
"1494",2.97992655015148,-0.431713491640552,-0.842703652599389,0.304224329435707,1.44869853245872,2.04039797186895,-0.601364300752393
"1495",3.12795065356886,-1.93073707519274,0.605398542997104,0.2024444990503,0.50513432161141,2.01918875712334,-0.00575765165069548
"1496",2.28989335284295,-2.74933147030145,0.805263914257699,0.200647452478575,3.53921770846041,1.94546640686396,0.905319805198129
"1497",0.0114945859238552,-1.3883415083888,-0.463540969444499,-2.18488237514888,2.88471790385049,0.157716210488405,-0.121959562133086
"1498",2.16565395480245,4.12650742095725,0.795105087257535,-0.453979636812194,-3.67894201139269,2.15751057740711,-0.0505470567933535
"1499",-0.0811855872057775,2.36120929012421,1.23339664105118,0.200262467980926,3.69540554227128,2.23362343979901,0.0887087201448347
"1500",2.37785821168034,2.4120315595273,1.0042402540519,-0.327993218779664,12.0670577807203,-10.8667361694573,1.69062311639814
"1501",0.154938634017108,0.292858794401037,2.04105640935341,1.29389055955455,1.28135378991706,-0.708581795798298,0.333306971055475
"1502",1.24347542327326,3.40936482407431,-1.45554450780626,-0.160077576959698,4.60678647731417,-0.871407534136256,1.43326908372757
"1503",-6.17717892598437,7.93996599526901,-0.774379625731304,-0.00842424249125003,-12.1213992690431,1.76977681291188,-0.280210561969006
"1504",-4.11356380738338,4.95505889052182,0.0537771041028946,0.299927513707356,-7.27387463961536,2.05649123703216,-0.0693468725598352
"1505",2.75791528594464,1.27340583455892,1.09176832595524,-1.26016102823247,3.13933622288641,0.155631599564609,1.6015164812775
"1506",0.605609495186474,-2.88439108311564,2.28184303555192,0.167246350563804,-0.372676578664494,0.958567783277853,1.17138748810136
"1507",2.89058812478393,1.76256902674729,-6.44495273080194,-0.260761706293888,2.99676255057802,1.75574380130851,-0.352808081405896
"1508",1.33957883105142,-10.3006884299861,-0.772045015900213,1.53158231388225,6.35432671289574,1.00851557696591,-0.246124815126334
"1509",-3.77448688550833,9.53683640781851,-1.63108565198424,-2.71793862585227,-1.5073866402405,1.66919882814876,-4.39659532842056
"1510",2.4125350232625,-0.186634975675371,0.729601826942665,1.53003279140799,4.84764236860552,-2.81090352314931,1.63663197638987
"1511",3.16883996341689,-0.733225382590948,0.781179889370898,0.239792771300245,1.02304786977985,1.6502372642757,-0.728999647151285
"1512",-8.80198304802182,9.7231051622822,0.650129407501514,-0.710480041728331,6.18816932228955,-2.58143616401642,-2.11944169955233
"1513",3.06260792805838,-4.69365835620621,0.995850287386924,-0.548978374097702,-1.01845339600847,-2.54721674306594,2.00880227769304
"1514",-4.23496853077068,7.97548605264367,-1.92845536075464,-0.00665393514621773,-9.27139418929724,-6.50969744776646,-0.125787386477805
"1515",2.90875009846095,-1.43983829198461,-0.677387957067248,1.2379515307349,0.483459719157245,-3.00677493343553,1.80044287847761
"1516",-0.3396533127335,3.39737627959116,1.41439660726546,0.725404339903152,1.01475148069929,-5.6049177293307,1.78678742968149
"1517",0.0765263403568155,-10.3600419870007,2.22975441719435,0.568757770797468,7.15322461461919,-0.711768345980457,1.30170961734634
"1518",0.271099124595201,-0.639093496811569,-0.604601402428849,0.663297124146155,0.602227223904821,-4.71586451568735,2.31016987994254
"1519",-7.70553665010442,8.73517829899292,0.816068101906001,0.457298162742358,-9.34669693925774,-1.01562205954849,1.68125355418258
"1520",2.91797123790063,0.700230968946204,-1.26519981055869,0.973424439764324,0.922807848197468,1.87508038737538,0.839807102366854
"1521",1.23447501643018,-2.76218375944161,-1.85187853198531,0.238508787371456,0.0874132852320572,-0.123816917596144,0.884236014318962
"1522",1.61446779651058,-0.425379999239846,1.75683413063685,-1.00692007509814,1.74750804936191,0.954302080457312,1.24133641646946
"1523",2.32947163353219,-1.30694749969056,0.0498095653108284,0.673672964317449,2.90323883880186,2.03011986375456,-1.1773185175164
"1524",-0.0993977165638427,-0.415156801107877,-2.28273161502868,-0.161352244122383,-1.81987681850182,-0.753788440857035,-0.705836884565575
"1525",-4.22921858191474,4.96634122887567,-2.16455085873679,-2.3286346452971,-1.04760740104051,2.04930265093598,-5.84148796655519
"1526",2.93260114199351,-3.38902580329586,-3.28775821690426,0.589492023976764,1.73591099823081,2.46379477118053,-2.49050260192118
"1527",1.86942621831915,2.29026252804534,0.783638539284427,-0.273336238641986,-0.274823211266283,1.5754679286922,-0.0942007644207696
"1528",-1.11838052850168,-1.31180113409667,1.80947496501622,0.659370131924647,-0.435951384861537,0.939797731330544,0.609950708471821
"1529",-1.29725868305003,4.52694787728362,0.542969202405665,-0.578736642720752,1.3962567381203,1.94052791504762,-2.49832132099261
"1530",2.85106244034038,-0.649701391035651,-0.845770750832339,-0.1113794378802,15.9409719799272,-13.312212444077,-0.0248216921298361
"1531",2.90598676330757,1.17851366703122,0.554414781403868,-0.501729681045241,-0.74966957343149,2.75020268341209,-0.114570271723645
"1532",1.85674559240646,1.27668205567381,2.04342708449377,0.474044212008093,-6.00729199230079,2.40810195828489,0.55762460249203
"1533",-0.581489154480768,4.95854682688482,0.715363447466736,0.803441253181991,3.48075563876417,-2.05761089259546,-0.126930028372767
"1534",-8.95507969296796,-1.49210234773339,-1.22349494993423,1.19910854045387,-0.568065168364066,-1.72221206275297,-1.62819346652132
"1535",-7.68990608212698,3.79764198826399,0.597576613477288,0.0195734833380271,-1.77290472569267,0.589035688318291,0.427580529363467
"1536",2.41834872503612,1.66686435975397,0.641118048045715,-0.335021071153331,-0.664078660781875,1.06896458911719,1.38952828576426
"1537",-0.702597269144515,4.25012193571956,2.46745086513825,0.200182219439772,-0.743526383610754,2.07414528601961,0.248161636294471
"1538",2.37330782523701,-0.926735518810889,-3.73856779680639,0.989934074721309,-0.431471097013337,1.8477640205976,0.0553856702070158
"1539",-0.0889784336412521,-7.138239066355,-0.81107062026953,0.896227058503662,9.09750989843034,-6.14084336088,-0.237312792885111
"1540",3.14256193183721,-2.62719755776421,0.510599294164714,-0.283061805364038,4.43079557752206,1.78303689163247,1.18928067996151
"1541",2.17866221363258,2.3855107974442,-2.21758706581408,-1.06655010433418,2.19734242815907,1.62078021492093,-0.0246838217912289
"1542",-3.5766530140146,-3.23172845044691,0.807553683854888,-0.363743292125263,-3.95195841203155,1.65857981234795,-2.7492410952259
"1543",2.1626091839268,1.7757171766663,1.02745464258719,-0.0117199477643615,0.607253343893095,2.28228364569897,-0.0804795445549872
"1544",1.49519622611433,2.62061205352064,-1.96508645876296,-0.221821013982322,-8.27889405945502,2.29935997973754,-1.06451674507319
"1545",-17.0458635824045,-0.345311133851934,1.38366114523311,-0.30985850221392,-0.371094951943573,-4.62349233877756,1.39488396067252
"1546",-3.32588072477216,-2.87439580066511,-0.120061874647776,-0.209539192334831,0.185606381082802,2.24940093096263,-1.39527498842334
"1547",2.10613271185353,2.33304958068629,1.93509462338098,0.200400626498318,-7.6422144937174,0.616604519012749,1.22151075442874
"1548",2.11422720985612,3.79630771026378,0.873012930148622,-0.119994823900536,-9.69277489920577,0.197481768255083,1.2983088015669
"1549",2.62142646574918,0.711893246341092,0.76899896316761,0.0162702822873834,0.718835484502715,1.1878406396744,-0.0692476652466631
"1550",2.97049369283839,-0.0729673299814492,-0.802346440974848,0.482592667221206,-1.11706199978268,2.45343989412858,-3.18013800678575
"1551",2.62265640208718,1.27515978697413,0.879261516146048,0.595448668176076,-0.591325068394365,2.36292525280572,0.106230790168993
"1552",-0.0923045948723774,6.85586496157678,-2.2457211444401,0.238814941578036,4.80861021824088,0.15568707441776,-0.0511917650378449
"1553",-2.08005490410298,0.71278510954651,2.46804128606982,0.277143814604608,-0.539561035708399,1.80270296666942,0.28435202327449
"1554",3.05574414689129,-5.40372487961713,0.792228023802911,-1.33568197751441,6.36106490871201,1.93820806726262,-5.41562673757011
"1555",2.1991118040181,-1.41561063984804,-2.13442005028307,0.302564764054421,-1.12771064947507,-1.06605172610692,0.267856765658213
"1556",3.0468298848999,0.279727136436179,0.269866339871088,-1.02370284119401,-7.47851840213754,2.06367707659844,0.172995799792577
"1557",-3.48362737414392,-1.36157129174019,-6.37091628534351,-1.56095357074965,7.4562377927692,-15.779568281697,-2.26168431552604
"1558",2.55139024086118,0.24252629301223,0.823481601433436,-0.268223725118672,0.095084638541903,1.92731257252561,0.169433636664911
"1559",2.75793598851892,-0.94737266044704,0.892555439569908,-0.117786210140221,0.574303776965783,2.07707168885289,0.547647614395874
"1560",2.01891747948462,-1.32084821133663,-2.31024629016497,-0.119572904413344,-0.582217843312705,2.21472080951303,0.0254694571029373
"1561",-1.99574182386246,-0.419048356300342,0.699721651586748,-0.568213957640936,-0.997885736675112,0.820735418562272,1.38959751580537
"1562",1.57117530685799,3.12537827200193,-1.18523349028878,-1.62009628790364,-0.447184073188811,2.7402540782914,0.211488191260587
"1563",1.72904616068724,-8.2346455153173,2.01528151503185,-0.404146269895777,4.29851351715581,1.65500997956204,-6.55042335162012
"1564",1.40506353317898,3.16253422678803,0.820691742808317,0.239008718807337,-0.433158862802694,1.74866537414472,0.315534369891386
"1565",-0.697652187109112,-2.61023974910626,2.37921037062626,-0.53988006213835,-2.47372989337411,-1.01856915789293,1.71863782527815
"1566",3.20674497324015,-2.73823370292968,0.268255686691477,-0.513530540358132,0.926614008552392,-1.55465226508144,1.29683554676438
"1567",-5.10645773193103,0.912633625744459,0.847538347979335,0.797126023791268,-2.82070134320281,1.24958191353882,0.227151956301449
"1568",-3.53342695758932,0.123097223420514,-6.37430829115801,0.994642872849874,0.100662949485099,-2.51200236542623,-2.5573947148665
"1569",2.6267175783128,0.434247322394592,1.88220540798085,-0.101020408426827,-3.14208305493661,0.904169208880411,0.334736302798551
"1570",2.938764484763,0.226367056375999,1.2557766812369,0.980655781290487,-1.28963607710517,-8.55578440153547,3.75797797736281
"1571",2.37889099517883,-1.33632722329189,-2.73303696641659,1.18749662728116,2.90818549026602,0.88596812642241,1.01304184902144
"1572",1.43974057721623,-0.589240212619316,-0.740128333029813,0.200305542422023,2.81613100343363,1.60888544183045,-0.317687976165689
"1573",2.87937752482576,0.637111549090389,1.02999797471608,0.239441975636076,-1.3772754126019,-1.78058297332168,1.60167658753052
"1574",2.93123305679843,-2.17377310661926,0.823331944266675,-0.487747782856924,-0.583565403108832,-0.928969012652092,1.61018822981912
"1575",2.14182244433469,2.21892835496722,1.41562190583805,-1.05095663687302,-2.11492060929799,2.73465134920619,0.348781553813501
"1576",3.19326597273965,-0.43157766325765,-2.30419150450046,-0.428348273667637,1.31210561806518,0.488764062108499,0.928353011227683
"1577",1.70518903924966,2.62434614341189,0.6493058964547,0.200938663173829,1.68397487306605,1.98254863106465,0.0374526693622986
"1578",-0.698115819619403,5.13768023767745,0.823557671300504,-1.08458982216813,-2.18636606165185,2.24340633427813,0.143813738277036
"1579",1.61440057008649,-0.447436783743522,1.80093533073804,0.589554353061183,-0.463415069956454,2.22811308774777,0.317127055289388
"1580",-3.76506864538012,7.03228639160624,0.218570557925396,0.466062401816674,-1.4000955938858,2.2205803259795,-0.260713606382653
"1581",-0.702471466082817,-0.834068396850655,0.33909256912034,-1.8259554293824,0.10143738880585,2.20598593135148,-1.78085739226914
"1582",-0.664821165622991,-10.4814544191253,0.540221736215609,0.17661446451986,4.58736851123519,-0.698912545913078,0.789964169340044
"1583",2.17638099957919,-0.102521574634474,1.00938233147926,0.220816041706517,-3.6933454396564,-0.105854039702404,1.36532361758074
"1584",-8.78109256000514,1.73005134861139,-0.0500017052296887,0.323954500685654,7.21988693059135,-6.41238450731148,-2.88684448832302
"1585",-4.17746615437892,8.61520067062422,-3.51605121354947,-2.60182137299101,0.213412697841294,1.95661574086373,-4.36694544082389
"1586",3.20490312936365,-8.12679184253155,0.805846261549454,2.84866006183842,-1.77172287403982,0.570403309606296,1.39421142274665
"1587",0.016544718642466,2.55341006533113,-1.28766737975012,0.975478685142131,7.10898446771803,-3.55786162305367,-0.112502218219138
"1588",3.08743400521146,-5.48920279010059,1.02193488191391,2.773242084792,1.71082717740059,-4.56743520357291,1.71880025148185
"1589",3.12792225609117,-3.37838366026783,0.453013620723997,0.204014133700996,3.27728128364212,0.570550582032931,1.59854618350643
"1590",1.89416184773384,-4.61013644021389,-0.675070755120582,-0.267393845775799,3.35423265025473,0.0944463345137889,0.758875562373657
"1591",2.24402876511583,1.34721853355597,0.805105147894454,-1.27198164379571,-0.281739998009501,1.53071031828249,0.840258013075532
"1592",-6.27318479953109,4.44731021602368,-2.34918734526632,-1.06348422468165,-5.39999606613424,1.64514633566953,-4.26152953709602
"1593",2.41643390850953,0.908107254557852,1.0125078450153,0.676230340715487,-7.63195680000833,1.06976311215911,1.03995658430528
"1594",2.39849866265815,2.6155371427406,-5.64855983422232,0.299411632640926,-1.40118368173907,2.46918789907794,-0.0680993521426423
"1595",1.44667749429952,0.655141180466534,0.418712530596205,0.290648752189033,-2.03649161062852,1.65748997652437,0.347011148647195
"1596",-1.54800549061366,-5.17322432424427,0.253222535709044,-1.20554491680549,-6.50400745356012,-2.54642972370684,0.556078530946455
"1597",-5.36046602687213,-8.25562174103854,-1.00101507293338,-0.554254938852193,4.79526325076791,1.61030639266804,-3.12288047649317
"1598",2.58215198011494,1.34727814604991,0.623440407500948,-0.518364670347078,3.04260489331743,0.896186882893862,0.955474411557885
"1599",3.03250203744657,0.538014690501402,-0.791676299715189,1.22629997331796,4.53812604377809,-8.98971422654994,3.12546825760704
"1600",3.04908055129759,-3.34565766246956,0.622131908740374,1.15836806304208,-0.789904612067836,1.05912982349545,0.198124140449327
"1601",2.97724880493328,1.35784901313298,0.287626432413282,0.500575898017064,-1.63286795866235,1.87355654412785,0.769995335081698
"1602",2.75677654644137,1.88962393916608,0.102075251910429,0.233649105672231,0.45961561037048,-3.02734228407735,0.0734900255918581
"1603",1.97182570933687,-8.104829804014,0.815527202290757,0.455089736979704,5.36754566078978,0.570346500150311,0.831626042634596
"1604",1.91654099678191,2.55734248374967,1.41442752447793,-0.973937626924852,-7.95109212080123,2.45588946775518,-0.368312370425153
"1605",-6.35116317268977,-0.0893071929550582,1.4163974817988,0.63321441705994,-11.2059209688228,1.71967709461311,-2.12415320409269
"1606",-2.57443109853435,4.32602423602041,1.23896229540595,-1.20471218700976,-1.94504214640443,2.46209925554914,-1.51161415111291
"1607",-7.28511230722459,-2.05301513395674,0.76982876095199,0.300750169722449,-0.320025834247223,1.09968754464526,-3.72417889390761
"1608",0.700162654024008,-2.74177076214823,1.6571622209104,0.593807169347788,0.0999415970421917,2.25370826938691,0.830830225073728
"1609",-0.579248813530227,-2.90178620417174,1.55465548848296,1.00601313436568,0.559612869102795,2.22115433486125,-2.540559224728
"1610",-8.7359426654013,4.38995913935766,-0.482682576139589,-0.369150987385247,-6.3314448697874,0.593391730417543,-3.64811823329349
"1611",1.69200361724172,3.21508157163589,0.802391634891842,-0.267476148717296,-1.04046620472221,0.950073115030191,-0.10352989721181
"1612",-3.18315737932114,0.350207574961173,-1.55018289157907,-0.290530096844306,3.29302627236426,0.577055817923926,0.369049815948751
"1613",0.196882647600373,1.78982409795276,2.24159744223171,-0.998352166702994,0.46403943835667,0.500634367994086,-1.64645241334602
"1614",1.04273851670368,-3.40088180992486,-4.32641355602507,1.2634246764647,-1.12214809260239,2.75888013810187,-2.59066928960643
"1615",2.38610269292216,1.90296820304571,0.720644470164382,-0.273273693526727,-0.583248539068254,1.91354373543295,0.5319939413871
"1616",1.35044421933877,-1.32218765543663,1.86444714318259,-1.31178967560168,-7.80887250407449,1.97796565390781,-0.726885116818253
"1617",0.695009337349442,-2.76831097318554,-0.678699744651822,-2.03144020036606,3.27740667467829,1.71394497752661,0.281989170344216
"1618",2.18552504978154,-10.3385255763445,-2.34422408020388,0.980075628794797,-0.622599480954731,1.71407995512857,-1.43188386117823
"1619",0.189095288896187,4.21424079102439,-0.469396715135601,-1.64041799820459,-9.46861258567297,-5.83174048433502,-1.50195725275056
"1620",-5.90414655353784,7.7513353963646,-0.0900694182334448,-0.268824249303841,-2.02014175797036,0.964458713573591,-0.0508700419737138
"1621",-1.23322414340363,-2.53185235923013,0.599500924530118,-0.136082981037143,0.745660995820814,2.23295842020881,-0.0944700981003154
"1622",3.07555922313281,-0.800714260891583,0.817134779163497,0.589887865419718,0.504309108219845,2.22507059321279,0.55592497490035
"1623",1.02010817861817,-2.03914744962706,0.82696644714836,1.39409694844033,3.48092897441271,-2.57918807985918,1.39939797078148
"1624",2.57705904286198,1.23368281933601,0.817940465269346,-0.486107677641665,1.30099542384069,1.6209984635,-0.595844840147436
"1625",2.41181820951849,2.51555068975254,1.3996311146066,-0.290091380598013,0.205333722558217,0.0888858959910129,0.182517754831927
"1626",-4.18291835424199,3.7391653991207,-1.56567311574704,-0.999260883610124,1.36042988182122,1.87398463940615,1.45705920144228
"1627",1.49026094847989,-2.84211590753213,2.02557516630988,-0.0126383411820645,2.20697717182293,2.28353409437579,0.841987194139883
"1628",1.85461447371819,-0.813861300487171,0.0528156888318575,0.595366650990159,-3.27904603238346,2.21032124384851,-0.119514088928312
"1629",2.93511556851272,-2.76313754023422,-2.04295892240884,-0.547850169111878,-5.72364079976983,2.85824280535363,-1.64289464569628
"1630",1.91901687477986,1.7290669039731,-2.06349413441579,-1.66730419862071,0.519231504173116,1.95811094751655,-1.75213749999771
"1631",2.17061082001079,-2.20155605087798,-0.824104447162857,1.00673509552482,-1.20290825377643,1.70677502536744,-0.691306866098089
"1632",-3.37296585911569,4.36575531168836,1.30840234969695,-1.32664441677472,-1.5038628052852,2.21661600174995,1.26426895123284
"1633",1.95009444136021,2.97402676630601,-0.613918454711709,0.764999937257761,-1.87886722962956,-2.562749636745,0.16188244786663
"1634",-0.394313029381563,-1.57351073209949,0.0516283701263426,-1.00299337099671,2.96795922620867,0.613749669709974,-0.10897378512068
"1635",3.12380512189885,-1.31045432914992,-2.25518283939715,1.18696002830402,2.73745777264988,-9.86052069083175,3.52877624279117
"1636",-0.483435124332218,0.581633486016053,1.07921820281251,0.173210356079793,5.40661397090839,-2.10122629258731,0.310472631787411
"1637",2.51494465284864,-2.75379739241618,-0.149742467126682,-0.121134827169813,-1.09617070719261,1.59714729114644,0.629767842920532
"1638",-3.26201292407742,1.88977888471746,1.63647871329605,0.961908128496838,1.44285733822165,1.01893661617806,0.227884941960279
"1639",1.48846354297954,2.50909594494004,-0.899701094814617,0.301441507235706,-7.67653226529546,0.603398394181031,0.814074636501792
"1640",-8.02037663576184,1.7704509113819,-2.25077988781793,0.997802143389924,-0.581791119129038,0.157176294749971,0.200418304289114
"1641",1.5272992279831,-0.698760480797131,-2.00239055001098,-0.630448243442136,-1.77121933961278,2.04484238660539,-0.878162090497767
"1642",-0.298897612631517,-0.64423745997284,-2.48581535308465,-0.162552938169078,-3.95368437623996,2.28106024418719,-3.00550950283162
"1643",1.4217394355174,1.65699931571423,-6.41586622340051,2.38293589667898,-0.257363124687244,2.45420110791359,-1.66021962996102
"1644",2.23435743757542,1.9359233272738,0.567097088879901,0.599607391759572,-0.337506339327181,1.09213572885875,0.320786426788464
"1645",3.20146953415793,-3.44297932401364,0.855099365705521,0.222930389463455,5.23327804685305,-2.21154817117313,1.72194664917901
"1646",-3.27503071792836,5.00152845707082,2.49174955467914,0.205397403119086,-1.17945682586779,1.61800418393294,0.750302276583005
"1647",2.51725203566787,-1.1777493255055,-2.29685490969788,-1.03459907352655,3.25296940972965,0.612638082797317,-0.215525568924923
"1648",0.69133945176737,4.03772371239167,1.9859119976641,0.216752449757683,-0.269196289928424,-1.54174735605505,1.32262305607034
"1649",-0.132562175964455,2.49488567827671,-0.788617917123979,-0.366103987151445,-0.220422384560286,1.88110677461488,-1.7015135476092
"1650",0.692981345392145,4.16394452601241,-6.38059131489855,-0.377074197691089,-1.37925784236098,2.27468729439895,-1.49271211145866
"1651",2.11926436761667,-7.67054671710011,0.760207937950545,0.973409424372215,7.93759036772214,-4.57671389226525,-0.329463639722394
"1652",-0.0931248190332583,-0.212510939498774,2.09305718104934,0.796567946973972,4.38601941442374,0.81602842859379,-3.35341092600217
"1653",2.41687731204492,-7.6464039860849,1.60901627968477,-0.0894633544356298,-0.612411893906868,2.71000809078063,-0.049203842246051
"1654",-2.77520475597061,-2.73660511354246,1.01418528345015,0.310733480761155,7.12562630214525,-4.42007307458351,-0.118881262343843
"1655",2.15143948117146,3.28348968806889,0.613300418877543,-1.67402365431615,-7.65694742060399,2.84614304271059,-2.94177420301258
"1656",2.16678454881367,3.29771181112248,-3.50299132764715,0.664854809059016,3.72309327223051,0.799991680834709,0.828018224781472
"1657",2.89799946272835,2.59007168166485,-0.629493700156237,0.143613574812284,0.902973663682394,1.65677411369316,0.296812439650798
"1658",-3.21011063648441,-3.31080539043601,2.34742580725149,-1.15343357173838,4.16517456825223,0.570432514568212,1.19444731261212
"1659",-8.9135744970226,-6.53777729275286,-2.30649805273072,-0.318987188421281,-7.30979802297954,-0.707715290757051,-1.9350180966283
"1660",3.03234085230887,-5.43062786520223,1.67123535788843,1.10125348259966,3.48747631571781,0.590985219735859,1.19615717603316
"1661",2.34713564750815,-2.4325532466643,-3.33399302088034,-0.431383147221586,1.61520808616221,2.08934554947903,-0.0453497108739918
"1662",-5.93266346335578,-1.84352034512368,1.92166423710496,0.437547572088759,2.48494675891333,1.08202912590175,1.04367447724582
"1663",1.90051094236846,-0.809316848697044,1.96909862409302,0.16396966347073,3.10235319125378,1.64618109454589,1.1986222135899
"1664",3.2035008896452,-7.90422399755014,-2.04759619069208,-0.484320965658092,1.34295915597243,2.35976204305966,0.247893559532149
"1665",-3.48509388350151,-0.382457576308537,-1.30308127902889,0.445260793999937,0.907420980086908,1.61074960661249,-2.10419381153807
"1666",1.84701625654693,4.1653582700148,0.238100763595445,-0.118831290595827,-2.20297586137097,-2.08411878829729,1.71292485594261
"1667",2.16291764295824,0.67456197174419,1.40674756081169,-0.560089249468264,-2.20957717821258,1.3505230075195,0.600621974862114
"1668",0.767418908169144,-2.46718635450697,2.38948825286316,-0.352331407852144,-1.03158458393579,1.10623993963682,1.02507601089283
"1669",-0.113753269042659,1.00195761765101,-4.31528610665695,-0.234276165731832,0.60251222158395,1.20903395515657,-0.0611442273876505
"1670",2.87944392820699,-0.497018424948936,0.96977426891774,0.164412607013335,-0.495928736327164,2.87712715889702,-0.727485292341763
"1671",2.61803595117859,-0.752212578366091,-0.787571214621484,1.11011535375206,-0.902925505842379,0.971701048259816,0.840497194604505
"1672",1.49198873029211,2.94898981437651,-0.467532760213418,-0.599469167527362,0.561254198757228,-1.1289335046733,-0.0950678734971077
"1673",-3.31624411065287,-3.21168204732921,-0.151072914085889,3.19205140134455,-9.40511228229204,-1.5715074579419,1.68747250967638
"1674",2.84697215926063,-0.484858850938469,0.854161716690786,0.189953691102942,3.22186085947477,0.807671317497981,0.51730498654653
"1675",1.037096771313,3.08284653488395,2.18696202704627,-0.164024533132082,-1.39915324700011,0.240795978035366,1.19003290762892
"1676",2.52929951972179,-1.3850592750295,1.00441691702809,0.581507090902701,-0.657736049006362,2.40084480697163,-0.532702641876114
"1677",1.8864906551957,-2.52713178127035,-1.13225994124482,0.191551517135933,0.600633731561344,1.71022389790622,-0.176866034317492
"1678",-2.70083833820031,2.55605548774856,2.18288071682871,0.338108443902075,-4.44555159545459,1.61715929547828,0.0839714630448579
"1679",2.32756379179203,0.910099802452438,0.280667428893804,0.0150045911922746,0.947402858263362,1.5892106868195,0.0684935843352392
"1680",-1.16422565443463,3.72151598394566,0.572207147189929,0.276611510018557,-5.75031112113562,-4.0101018939959,2.44290157245072
"1681",1.86017839302705,-1.57860325937837,2.1180751986486,-0.37131275806628,4.51863294297381,1.81296661783449,0.913538383623892
"1682",0.740676564727144,2.37340571625597,2.34518841822778,0.359340507602766,1.45703625459452,1.8709631299803,0.367113461975907
"1683",2.36913801496967,-1.34284985961762,1.83518995882697,-0.563978410649759,5.74952902881659,0.155905038316932,0.531671647471433
"1684",3.29499028293503,-0.443704759771424,-0.338423747122612,-0.482815436545994,0.4566939902213,2.24349099781405,-0.177457655612064
"1685",-3.83257126468253,4.91407469512946,1.05527386312423,2.45811235338862,-1.06633026846598,-14.2358027156495,1.24751086488605
"1686",3.12621895905779,-7.84413681837194,1.39790023277261,-0.320663442061683,1.70876461019958,2.24200249982893,0.31463224910032
"1687",2.75727688287978,-6.35644177010499,0.573699560600816,0.489944474357581,2.20373516314684,2.33348553290201,0.314109595631236
"1688",2.21125431388686,-0.775828379785762,-1.56822901196473,0.802678016520164,1.69569885177072,1.00340403707605,-0.0661848523371389
"1689",-0.729495308053734,4.96818443973033,0.544991321472608,-0.467028711033183,-1.77394152278877,1.61735515977241,0.798792018472051
"1690",2.16606406830656,-0.516457607174097,-2.28843867626799,-0.161588978139492,-0.975798863492148,0.993101970321794,1.0216249881694
"1691",-1.30084324533839,1.05023636524669,2.26408670619152,1.15051184635123,-2.69879203084686,2.28983832215321,-0.585438241761796
"1692",-0.835491566859148,4.76926127935075,-0.486294284327544,-2.09374378784232,-1.31903415099447,2.19629642446833,0.347250245746469
"1693",2.10662247720214,3.42420276207852,0.288526308093951,-0.560615592553336,-1.18016457571995,2.45582347592664,0.151077521802848
"1694",0.810478778374914,4.19322881965327,-0.485590852795219,-1.23485082524634,-11.1315958663957,2.35492227951301,-0.702584218608689
"1695",2.17310321985889,-2.38606070058217,0.824777702859437,0.208807725359788,0.462007407961682,2.16246925201402,-0.0210471003049324
"1696",-1.25405307294753,-2.97892675511393,2.08711787414118,0.186142197992773,-9.34552185619511,2.03287907543902,-0.461575799994526
"1697",1.1576541661815,4.02734505698054,0.248861453494222,-0.35019523655936,2.98040894593069,0.193956124269597,0.42808763733855
"1698",3.08270305624648,-1.35530396360879,0.646601088403896,-0.386478641100018,-0.887939905520918,-1.05725437709475,-3.79929527423369
"1699",-0.702887159585544,-0.642366675808115,1.67327299713824,2.76600347541766,-1.9233902690439,0.297747107777611,0.31706347579166
"1700",-0.299740338818364,4.55627965262898,1.40151635643487,-1.8424643176727,-2.15708925521935,2.22190633500095,0.0468391819296421
"1701",-0.881722854663137,4.17195391166628,0.0462288986849033,0.470426602282463,-1.03134659243408,2.19535737721034,0.163930337181541
"1702",2.13338389596479,-1.32584795932984,1.77728775981717,0.200339071906626,0.17227267143345,0.57044276308553,1.54916354894427
"1703",2.17503549977219,-0.656723881606733,1.40536053092896,-1.3359527628179,-0.583393664481334,2.54360995730543,-1.38830364204145
"1704",-0.580274275543872,2.19645559224408,1.37011956468935,-0.72464967728314,-9.29624053697397,0.865855730580532,1.3897704560104
"1705",2.17051965160035,1.89316088790006,0.583118642669707,-1.68836482680079,-1.7813054578177,2.97274963870522,-7.19557697161325
"1706",2.89906449811687,0.514318262930039,-2.50002203547838,0.385741333414928,2.97618912535152,1.62188133005928,0.793160423654451
"1707",1.23658086712632,-2.77558051279454,-1.98009356656836,-1.00071995949097,-1.50357120801127,2.24718243485157,-0.709427378511001
"1708",-4.42725680689558,1.77304740097257,0.801666244704953,0.221526451993054,-7.01063519346475,1.71906126408013,0.234959344249504
"1709",2.70047611963964,0.49773014067057,-1.39501882733321,-1.33754139837258,3.08298093654977,0.635016454120145,0.0469957739410263
"1710",-1.3164708548908,2.19566443436154,1.09980843929849,-1.22539173010886,-0.665791504045887,1.89202175158823,0.276945107613427
"1711",2.49353397132338,1.94183076312477,-3.73399930931371,-1.04501757818425,-3.5316538111374,2.7936314403255,-2.77977438442799
"1712",1.85681729608909,-2.53467558470225,0.778769878511159,-1.2348972125314,-1.33900381119054,2.85609557550105,-0.106607589251749
"1713",-2.77915332118653,0.267918339888513,-0.0707399670010251,0.166659179695045,-1.6842827641934,1.00571249845006,-2.15695932868903
"1714",3.2198050604193,-4.04234295405755,0.8153938064122,1.13825200599923,7.04214267891423,-2.56598058474428,2.93313205304469
"1715",2.00287909005606,-2.19195607137178,0.633659476684564,0.881065292417206,3.63455085966001,0.427939046780596,-0.513738316705363
"1716",3.19778370020208,-1.88081636544817,-1.81148636658966,1.11069764776599,-2.02690270914395,-4.58617227453889,1.8651042594719
"1717",1.46252093255252,1.59007310666608,0.885197380054962,-0.262157600365072,-9.2947528652738,2.063250201233,-0.0525697133397385
"1718",0.154911775390435,3.47060314598977,-0.159410362098566,-1.59596316216033,-2.19351651756485,2.2342479530896,-2.31559539862162
"1719",2.75689537136626,0.636060407761975,0.945521905866462,-0.286329385323983,0.626489893376471,0.944911874146087,0.0705695033448593
"1720",-0.629009627366355,3.7160201330446,-0.49017393697509,-0.0818620903096128,1.23754642673876,2.2408552886291,-1.41022118775708
"1721",-0.41710072060036,-0.433080095311252,-2.39675502288913,-1.24190355835517,-1.89230691051349,1.61273786118346,-0.508660211939259
"1722",2.86449359630633,-0.262097222613223,1.93868654114128,-0.615790161502368,0.711259740733532,2.237776231082,0.147984082132579
"1723",3.03741445180415,-10.0662663769268,0.823477046508667,0.890244397611785,1.59322474301496,2.78829975846611,-0.247996352937565
"1724",1.61489708820376,1.73870411902081,0.323954601554991,-0.0867451551525055,-1.60228126150614,1.7767051190776,0.261181142845865
"1725",0.022469973562747,4.14692763602755,0.815104531865896,-0.237073982692474,-1.73054823079444,0.915246328748877,0.802284491380656
"1726",2.41953485119245,3.57557090865379,1.08712778983478,0.264567473716195,-2.15677233050267,0.963595404378259,0.799632523309119
"1727",-6.41057215598931,8.11902562752444,0.80581414994193,-0.205881194646785,3.46249557350476,0.347491987219465,0.0812751531708852
"1728",2.53122678573647,1.2023780470193,-5.2061054873921,0.959445305364052,3.43301535614165,-0.688099302916393,1.39144323390587
"1729",1.6145740540025,1.72230384645065,0.967920574107878,0.747387239018605,7.32062228910951,-8.75591949267547,0.212520614485355
"1730",-1.50536881260902,-1.36044476828113,-3.53995623599681,1.18376988462221,-1.54263514573085,2.24415888590019,-0.657592336151409
"1731",0.753364427767433,1.56546129098359,2.42418690137382,-1.68205917835221,0.0735189274686313,2.220913573393,1.08369999597939
"1732",1.52724755231434,-1.46493216892422,-0.645956126540433,1.08832108957202,1.03772384447119,0.0259995405215045,1.04821660375932
"1733",2.6196669925848,-10.0722166782712,0.975253391521149,0.970062700977867,-1.4822579046497,0.596002452201752,1.6378291185968
"1734",-3.67227800102669,-0.222108676249381,0.112065499107721,1.12582152644423,-3.58611788585027,2.26631496558279,0.184980656279026
"1735",3.12688042356882,0.387998465349935,0.280387703193048,0.49154015190493,-2.16707379615365,1.95953324282863,0.860747071893066
"1736",2.62427838041257,-1.35535065527729,-0.630474104393603,0.716276633862116,-0.659741075408276,1.86816837393763,0.317900872670549
"1737",3.11646199383908,0.0136800006987773,1.08076532534722,0.062098713426521,-2.64439099786257,-0.787653854254958,1.42323967028314
"1738",-0.288219702534614,1.34352537322662,-2.41040525115961,-0.0939573606076976,-1.03807315335177,-0.789389472057781,0.834330932868808
"1739",2.10639768938809,-2.76846859178971,0.989017753086861,-0.0128523093354057,4.78273558309016,-0.656265160422514,0.443787746678432
"1740",1.95335069157775,-0.495121872049364,0.839339428224934,0.970502172981752,2.94615607789479,-1.09315219407885,0.503070365229916
"1741",-2.53525855853303,7.5695359310674,-2.32301025883489,0.303722038268296,-4.68433638106262,-0.642417062376216,-0.815804100556556
"1742",3.02947374193724,-3.42878736109223,1.0222120899413,0.592627386002148,3.30241554277076,1.60622419515308,0.225391597208816
"1743",2.32835098710158,2.60417487046616,0.823378734090122,-0.0123331375421319,-4.93456608840213,0.939709643942776,0.91963037916154
"1744",0.994658691406486,-0.416637129783688,-1.50638924979531,1.51764473615014,-0.359072370484887,-11.5284910790092,-0.11037888444102
"1745",2.367640022186,2.454029546663,1.0684545989291,-0.510854959531812,3.04841360280739,-0.10618608330857,1.43138493814195
"1746",-5.4831763850149,8.06199529939806,0.996949955646687,-2.67804036909293,3.83795554114689,-0.122068979908629,0.776497027371867
"1747",-7.19809983782282,-2.5469985890834,0.0690432255840738,1.17202712014861,-1.8218366020924,-4.5148566344843,2.37904819245616
"1748",-3.74321846462304,6.82776099874695,0.774388710127776,0.593106781586935,2.69798087496514,-0.109397443886699,1.22816177600553
"1749",1.09519015563753,2.600415398777,1.13110697598472,-1.55865376556879,-1.70663474305169,1.66022860152108,0.787461977227031
"1750",2.41959966564813,-2.75494766812379,1.90957145989827,0.447867494434845,3.44065882443961,0.896876446595904,1.24603261475933
"1751",-5.2587532397083,-0.996539353205094,2.59936837034881,1.06027462474979,-1.47071069535909,1.78855109607268,0.315580668554193
"1752",-7.74244978739075,0.084440023087272,1.67500818818553,-0.561189298062616,0.176075575860561,0.612900285899998,0.750393531439688
"1753",-3.71343547175723,-8.35331658802379,0.568972562254659,0.285921715190901,6.30402498283914,-1.5438636514409,0.42030216295748
"1754",-4.23153975379317,0.524575714392292,1.76397877103472,0.588949514439757,-2.68780202108461,1.71181341122112,1.24207109448657
"1755",-0.869964122117245,-1.2344500457537,-1.18663508743047,1.53188491168958,-0.889117190153472,0.755048122211403,-2.30523808803335
"1756",-7.48317383753628,1.25645890241495,0.053751232679699,-2.64820392811313,-2.04141830845978,0.633446509612734,0.821929039237525
"1757",2.41032545966336,-0.415180920753124,1.09808847043561,-1.06410704833958,-6.10589294972527,-8.47559048125283,3.9044796497937
"1758",1.61640114953255,2.58910789661594,-2.1651866050562,-0.613929907762958,0.278272452276313,1.77355719756536,-1.73111971512599
"1759",2.15718176008935,0.426566115235907,-2.28953160027447,-0.273435598682538,-9.33783645886856,-0.652580164526607,-0.0837737683553312
"1760",-0.1216491190255,-0.190858044065691,0.801108271330715,-1.30613463853323,-1.16765714859455,1.71295520221463,0.218937038004347
"1761",-1.87223537290427,-1.30587492341199,0.287798398614232,2.38137719454409,-0.315757041616277,-1.66303389410602,-0.145146021497301
"1762",-3.25076418609331,-0.425679859864485,2.62992958854692,-0.00884527192173117,-1.91760298584927,2.2196902243024,0.110280489870299
"1763",2.11855013362979,-0.416596711499976,1.39990926803317,-0.482227977256955,-1.51711290969696,1.64866837912362,-0.000314573312094247
"1764",2.70616124795736,-0.125333322252259,-2.51535572218551,0.981211302757023,-0.956344212175536,1.62118917409781,0.462253894643439
"1765",1.37082728715841,-0.540485192786314,0.270997516458253,-0.289533478955332,1.68252693845813,-0.283604075922208,1.24788208081877
"1766",3.12729796450519,-2.17398449798037,-0.123806969941133,1.00063661854983,-1.40350515501293,0.962132530347404,-0.029327072473674
"1767",3.29540978568957,-7.18456475267317,-0.166877688408412,0.301515552434307,2.14271620302962,2.27009435684367,0.138447460459744
"1768",3.12422536775379,-2.67430590491587,0.0529244961111391,0.47787649331776,2.63807931268134,1.6331581031956,0.904332165779352
"1769",-0.213380520928699,-8.80205686801105,1.15768442879808,-0.543798236391066,3.52375004276445,1.73891508092511,-1.48450359988458
"1770",-3.76488452877915,1.2971317248081,1.64676968518356,-2.35223633168779,0.682494820643386,0.238135917125523,1.42011269738968
"1771",-0.0764732528762942,-2.36178812694597,-1.30386415737072,-0.652547011729882,-3.98061128975454,1.9583290053446,-2.21967063345532
"1772",1.61706895171746,0.224106833705097,-2.67190508723592,0.987363007847663,0.0987557302336435,1.73084534596653,0.543412250611726
"1773",-7.22943651650501,8.53352924455731,1.574613557276,0.277183052987406,-3.97462665622517,1.08751879613949,0.520524125591782
"1774",1.05039836243646,-2.68675973349988,2.02555837950896,-0.247822414542983,-0.940084296401156,-3.03220442863802,2.416306498417
"1775",-8.28755747835103,0.702104834620498,-2.92087267728515,1.13358268581673,-9.79475593176071,0.54669476877368,-0.245913700488514
"1776",-0.0896630586062466,0.531105520340296,1.90002897164473,1.13482128489606,3.65062744122459,-0.94291874529912,0.83501428038624
"1777",0.688862213205488,0.563011032037077,1.67948076824038,-0.999045401541756,1.59943294794446,-0.865001566224749,-0.0730857837179801
"1778",2.8854975968771,-1.27555973398143,0.779790302595076,1.15033663892515,2.64251236890231,-2.55052784049236,1.73836210454771
"1779",2.51621921962291,0.689149222367745,-0.885043879121022,-0.597121404858413,-0.626425164716013,2.24537108020322,-0.0499113536857698
"1780",-5.55858486206683,8.85949124186008,-0.678079608638868,-1.06298610321017,2.77061932218833,1.65878859416278,-2.99555053336878
"1781",0.121465759191022,2.7912084117487,0.603486782172272,0.412016634012158,0.560873003739332,1.96694375354074,-0.0692569628547427
"1782",-3.25795910715462,1.43724359939972,2.46654374934848,-1.32146841118164,-0.904329322957618,2.0567822353165,0.416869183758659
"1783",-0.665224519150715,2.44499499286988,1.87638429857685,-0.118703783891317,-6.2066077005329,2.0394381181157,-0.069089235874101
"1784",2.94007426419368,-1.16358534878985,0.824102242826186,0.559753996148986,-1.78315812782503,2.45361844127758,0.0905307128169425
"1785",-3.7463490753163,0.52651939771113,0.613290289540344,-1.00077178152651,-0.418147597122011,-4.28284114496046,0.809023111240052
"1786",-7.115307261675,-10.1046356769565,-1.54514734950633,-0.737751209723373,3.2750537894333,1.09409716896792,-4.15779116860033
"1787",-2.72579398565387,7.26273225715351,0.793205929050041,-0.665526808141921,-1.78222861612966,0.931549467450522,0.174021137925314
"1788",0.697768415746877,-0.812684371140008,-1.43611718297685,1.13441655478045,3.3234510577263,-2.55637628526707,-4.11014039889609
"1789",-7.1379220843142,-1.43614006197008,-0.255917867858976,1.17759700547295,1.54005499071328,0.0760173278661107,0.148750199552429
"1790",2.03404655438113,-0.795981040928822,0.765689118221583,-0.263572158724716,-0.886852503511734,2.30463488714863,0.539103820456066
"1791",0.73024597074846,1.89254191819208,0.131121861248379,-0.581829570069751,-6.90401642918553,1.8680327973413,-3.52188761585659
"1792",2.92791311814447,-0.275256512111606,1.45631072553975,-0.571605882528137,-1.40711901229867,2.03580633715719,0.793748020936742
"1793",-6.7577185644964,-2.04086910664564,0.803229049594222,-1.58261075604778,0.468939324620585,1.19636129684461,-1.1596081194951
"1794",-8.90677200384111,-1.36223018254381,0.594476019699781,0.976153582979258,-6.77347369742716,-1.5746620376948,-0.129219564475561
"1795",-14.6234141538288,2.58017872296514,0.213883538291736,-0.492718562702603,-7.57856000024024,-2.53723442672138,-0.153457061880272
"1796",1.82029203150812,-2.70974016186986,-0.756037872053722,-1.01222920253122,1.71919245504812,1.71460629118632,-0.330837984528016
"1797",3.05481546956041,-2.63663744762239,-0.599249509573017,-0.0330492505189736,-0.605893686544183,2.23963764076631,1.24229035790087
"1798",2.58008923493999,-0.51112561073529,0.239746530648401,0.42306303179416,1.69474649957919,0.886673671380273,0.901516991758935
"1799",3.07670116641181,-1.05030237138327,-1.12742050434598,2.82385238389041,-1.39704661851701,-3.5129493134467,0.278785365830576
"1800",-3.69845217379793,-0.345570540443787,0.389332367745216,-0.11760514877871,-0.877510205279232,-0.948486580770568,1.38279227719349
"1801",-3.77889368123015,-2.91194098189208,-2.52857315541302,-0.0974827165186111,1.46853826450843,1.87171055263076,-2.13127639525929
"1802",-0.0201998523170626,4.12903608888043,1.06041096523695,0.284225337458677,-0.613456065006323,1.89696955319856,-2.30235146615632
"1803",-3.71663297549209,0.864976183498315,0.80156412565636,0.143467152303738,1.283334990033,2.20882258018175,0.0916330684374005
"1804",1.46145975257237,3.47954275186376,0.805981163468833,0.464698179972534,-1.89866061383135,-0.124390136052332,3.25453929216993
"1805",2.17598168125725,-2.6403119327203,-0.150978957120706,-0.00925463017144404,0.729241531515221,2.02384178215118,-0.767300178565459
"1806",2.87707902516239,1.77884975121916,0.754225126433347,0.335416400750187,-1.82073550095267,2.00647379172107,0.83007128810458
"1807",-0.0872081785704202,0.213872873941937,2.32126314612819,-1.68137538413852,-2.20756507998644,0.784849393802632,-0.59549321699673
"1808",-0.0372111718299218,-0.686050051318926,-0.104409273030072,0.142718908597644,-1.38810147453887,2.75502713785571,0.0531325553619461
"1809",2.49914448691599,0.99117562274883,-1.07252684566177,-0.247781949714437,-1.03716854317388,1.76743385688425,0.400832695951641
"1810",2.10914070473686,-2.06560792541031,2.09084175957003,0.43894057246041,0.773658622307297,0.739828247283126,1.40953700644274
"1811",1.61481994382527,3.69752319786856,-4.19972898076172,0.588584143908663,-5.38214309064138,2.65698930114635,-2.28488135419036
"1812",1.92578281929996,2.70671520316416,0.046384901701469,-1.88044153219171,-0.665232135585896,2.04734934687867,-0.176092416935344
"1813",1.19270959274433,-3.18103678030711,-0.697479168385385,-0.367797069304642,-1.83791904910826,2.20185108441625,-2.10242031376027
"1814",2.23516464418228,1.9158818063648,0.396663509289347,0.589265656500392,1.21790350197171,-12.3978863821589,3.93655006546931
"1815",-7.35853422923157,9.17854131840578,0.928079945854462,-2.63191472090939,-9.15267723046932,0.92411018609095,0.780604209543055
"1816",2.66773077334951,-2.93986578137902,1.41092018685062,-0.577074072267413,5.30601118344826,-2.81595502821613,2.5158278354811
"1817",0.694305697133765,-0.432445313120709,0.188870120796683,0.331919379687702,4.52477430593175,-0.108456767613772,-2.48892116092813
"1818",2.62925010227115,1.57187084902662,-0.385352258481745,0.299685088849575,3.46111190919789,2.0195844771678,0.535937999616432
"1819",1.48545003353341,-2.37687755763576,-4.24450585828474,-1.33624092233771,-1.89263989225664,2.26049713656408,-2.31905092765422
"1820",3.31018106798594,-7.32885398407796,0.880635434071812,0.671205897318986,-0.581927253861035,2.53327446489859,0.408382185906142
"1821",2.94015656304141,-0.662883854076163,-1.18867694805151,0.663864190915448,-1.04126684577089,1.86044147229668,0.337682973833736
"1822",-5.1843158894199,7.9162958319534,2.8308333989048,-0.83213731973659,-7.59199616410591,1.88208781435974,0.537661537396004
"1823",-5.53495321473389,0.507294050254449,2.45927424140309,0.759223510705416,-1.30294750492369,-1.54362924695917,1.24663806029986
"1824",2.4881207261074,-0.415701701642948,1.86592570974654,-0.283271302247205,-0.582448868031317,2.25514710856502,0.371124820943789
"1825",-3.41472803953374,6.79768419834851,-1.55476637661303,-1.43027118942871,-1.41453220050887,1.6592930613057,-0.163405062559545
"1826",-4.23057089774354,0.389146941138333,-4.34262079508435,0.1889509490364,-6.13820122912883,-1.5426220547833,-2.36155314863879
"1827",2.85558275318163,-1.33914394763379,0.812074462901633,1.090853995491,-1.48690377298697,1.80600250975492,0.731222652276037
"1828",2.53802893933774,-7.42365274589612,1.41420141244808,-0.164979574935009,3.76540140290136,0.766692793414274,1.14450522497981
"1829",3.09747211132995,-0.576908616307011,0.815547516260882,-0.618173089599947,-0.554320331992891,0.596958248716447,0.557438599456565
"1830",2.97415950093145,-0.789690708365146,-0.492508469216659,1.02513329344116,3.53943230087399,0.661896387502599,0.36063581096239
"1831",2.33020995507604,2.20286744360245,0.792401624689458,-0.58491435083092,0.463337055437773,2.15660019721303,-0.044917751837536
"1832",1.12171101689702,-8.27158818661274,1.34739733011442,1.13372446247279,3.12595387321399,1.94501985726224,0.353166524336927
"1833",-5.52857672207181,7.69090394891607,0.0798641052055412,1.00792424125617,1.31232014689828,0.600718244155168,-1.99939179886697
"1834",-5.5261957094143,5.3873828834867,2.31126480765213,-2.36303919203643,0.437550107476506,1.10484032315672,0.778054877430941
"1835",2.24293817720716,-7.3765499184182,0.965012555057193,-0.372115767045717,3.00447073472229,2.34995882359018,-0.0505127021446372
"1836",-3.27651119997161,2.59508823181815,0.639233364373699,0.230250292590283,-7.61150242590776,2.30440930909504,-0.244541630921709
"1837",1.85864594560994,2.37226182110935,0.999089754069733,-1.00132588463404,-3.61957856382298,2.94757551070636,-3.84191510896558
"1838",-2.9996487696141,0.746287571288024,-0.474156452143766,-2.2315665810944,-0.944460791351954,2.19522090116594,-0.0456197131041268
"1839",-5.55700833753415,2.58829837235401,1.00531861661269,0.0720850837064457,0.466270247194634,1.08308097514746,-0.700740664557124
"1840",-3.38698436907761,-2.17766159780837,1.91655911550883,-0.314144410823024,-1.06835860306852,1.78450371424125,-0.04979371756955
"1841",0.159547486665032,-5.68280877212054,-3.57926211741772,0.74674084617979,3.79216500099573,2.05695074119245,-2.6534327925055
"1842",3.06963239767385,-6.63410847943812,-1.27073079928731,0.192422351059327,2.90168961184557,1.61338066798788,0.291869413887351
"1843",-2.26831316452243,-2.98590166743086,-2.04420022066741,2.86625316870966,-7.46495712911967,-1.54208043511668,0.0442630584111222
"1844",-0.28974528296195,4.80839306006593,0.827710691442007,-0.493041945052008,-1.08958647111804,2.27290005371558,-1.30571821684914
"1845",1.89179205884471,-0.797816916946584,-3.28474565031361,0.303282308219915,4.44257524510874,-12.339497044257,-0.704887232059068
"1846",1.23023262912726,2.62567392099992,0.806577196845542,2.33206326203885,-4.93137674945131,-2.58083300905546,1.50127060588689
"1847",2.1397314874696,-7.78474010069311,-2.27673375353089,3.37863276489612,4.82190621194682,-3.00534681090374,3.96093554868816
"1848",-5.89506066993234,-2.62083533842011,3.4646206519582,0.97833829197357,-1.1724721252242,0.613279413407221,0.848309553464189
"1849",1.91860754966172,-9.90462471123824,0.776381363933225,0.600182764827053,2.94666106459949,2.21837715512607,0.202179265055578
"1850",0.702532433892338,-0.556846946746477,0.325278414307296,1.06596384484935,8.70471835598012,-1.76400874253512,-1.76284875819606
"1851",3.23243723373828,-3.4579161410312,-1.21887197144623,-0.159463846545452,-0.276349549098016,-1.84543451824574,1.66002402705375
"1852",-3.63712253198288,2.18683719235058,-4.40006195883268,-2.07112578789154,15.8624302787919,-14.6894071911147,-0.0500055443727019
"1853",-3.76177694168221,7.91910614816691,-0.804794126853774,0.164455606468876,1.2683081633985,0.58397003108484,-4.24936517681004
"1854",2.26078634395103,-0.748154273520402,-0.0991985860891262,1.13439163158349,7.21490885321877,-4.96286221882329,0.351650098837473
"1855",3.24040747241847,-1.81996908264326,0.605111977497424,1.17112579353126,6.27436170739521,-10.3771804905971,3.93021605363415
"1856",2.10601484933278,-2.1958323357245,-0.11527714247064,-1.13071402372168,3.2881358116142,-4.40272456564471,-0.352056905014555
"1857",1.83838829758885,1.77058211745113,-1.74270856504633,0.239483891238226,6.32011293326525,-1.54223647113517,1.35010144137325
"1858",2.1095404517143,2.57806265724757,-0.709993795865264,-0.23139460848642,-2.20825367433285,2.26930793131929,0.00945238349243483
"1859",-5.52608519049045,7.68301888444717,0.828708308976391,-0.341283521420412,-1.04095739892837,0.461255437103888,-3.67093862233643
"1860",0.15578989624118,-2.87132185605876,-1.32855641995279,2.84801336467448,2.62650219327106,-8.51036764937389,-0.242491104470375
"1861",2.52959084906314,0.457819461033648,1.06766638511249,0.978943657353806,-1.51505182687046,1.87001669790284,0.314614354009352
"1862",2.75709586987545,-5.55124113593655,0.99736184907265,0.638642478815307,4.49166600432535,0.981742296748618,0.033569769485335
"1863",-1.03016305373145,-2.41027733574386,1.92230669980443,-1.07730394320404,3.05570603522312,0.909253448673475,0.210644054722986
"1864",2.11727980172911,-1.77630140357323,-0.67933363495038,-0.528455273130518,2.20674608369543,1.71685509575412,0.583592637861305
"1865",3.18745853208075,0.0254325011894763,-2.14178531878797,-0.145704378660721,-2.14328804462714,1.62198975122633,-0.114046575758219
"1866",3.0833521541351,-2.0195726268484,0.750621749110506,-0.537585131925754,-4.84353262582561,2.95413448591365,-0.706387815338926
"1867",0.691225482416256,-0.418595992008167,0.892259527841302,0.239392770422001,3.27737013889951,-0.997647951426872,-1.50344418957994
"1868",2.9962550688543,-2.17365439336777,0.96702851809762,0.243925243665048,3.06329944425915,-0.772977495636552,0.719836040487714
"1869",1.23210727095517,3.50289817303417,-0.467086418518368,-0.643057231373122,0.428261262395015,0.252301441934371,0.831279061873305
"1870",0.102208430921466,4.15362902509909,0.205867625612806,-1.23928216738368,-4.38152911495317,2.83456481389254,-2.32383939027278
"1871",2.59781057616805,1.27349605624994,1.35997568759024,0.241995660676677,1.48552716935827,-2.03326464323225,-0.0803307088117021
"1872",-0.320405510483353,3.54825730182805,-7.5218234548191,0.422156838143711,-0.0381197076160709,0.619829983315735,0.361954414060678
"1873",0.726189797190021,3.43388012051378,2.35378554602523,0.224183315790499,-0.489248772995815,1.65978610791158,0.155809463621708
"1874",3.30861882208777,-0.514094742925307,-0.636692657903728,0.982558931215185,1.68498788392442,-7.22797372067151,3.02668995720369
"1875",2.90871445438302,-0.0546504540780821,1.40612988890776,-0.483515476230615,1.73045371222635,1.58968809368581,0.554274172172001
"1876",0.200922498876219,-3.2621732822086,0.987476109231325,1.52126228436144,0.588213467274228,1.94403656708583,0.279397270629011
"1877",-2.72749731130782,4.31211023240441,-7.5312738363371,0.200865927572277,-11.7869100780267,2.32372000360821,-2.12631660456614
"1878",-3.31848868813791,-3.33349965643767,-1.9789971784814,-2.30084015354977,1.29478983184118,2.23681523589226,-2.97378311243763
"1879",-3.69432173902495,2.21146411514261,0.571988621992226,-0.00379199359468105,1.69330649237953,-0.695597108164061,-2.62219316720724
"1880",-0.0578248488251671,-3.84765504614017,2.428495738067,-0.00875441306071021,-2.55397796918631,1.94588866081662,0.347575294098209
"1881",1.24535184565298,2.61467212906822,1.01297269635051,-1.18506128581973,2.67341935300845,-0.108621366486558,0.0868892569255194
"1882",3.3119334709987,-0.742884799232878,-2.07539456255792,-0.455430371110889,3.4728433395679,0.158703312178021,-3.35978663304964
"1883",-7.20709575564234,8.98568978614091,2.37524198016085,-0.997351617860276,-8.47006170326207,0.229504846781593,0.350591974329523
"1884",2.16944759698859,3.2395558607962,-1.30444526694997,-0.367383367352553,-2.14454780393405,2.39793003304689,0.105533792979754
"1885",1.53842918712483,-2.70923592117252,1.44694879959666,0.866615661898925,2.97079787401725,-2.21438113495167,1.58887324362902
"1886",2.58268530630798,-5.3770701752968,-2.14718578678049,1.52826805682903,5.78968208993665,-0.873094269079897,0.0167443187106017
"1887",-6.99341355837908,2.5552163855074,-6.4293387589966,0.481820558345542,0.608381799575035,0.787280904788118,-0.0887318187795255
"1888",-3.20151968077856,1.79996953852683,2.40212176904405,0.166124846601953,1.69417917457592,2.22169357659666,-0.0500847380151771
"1889",2.36868668124343,1.89227239477079,0.993030611275817,-0.731459487436865,0.569060395775701,1.93481226919271,0.418177062366836
"1890",1.83634971142432,-8.4686836140656,-0.781259110923852,0.978082483760511,-0.58580570337649,2.65802551031531,-0.187167453166811
"1891",2.80542951130669,-3.08324623948609,1.00176086866378,0.164269138919399,1.50441504146054,0.253307807189277,1.1881519336697
"1892",2.59211160651289,0.109531261815752,1.80732435532417,-0.134019794962113,-1.03141342350859,1.61142405895788,1.04417848406708
"1893",3.03748474594628,-8.08201019481238,0.552873545299846,-0.471799161863907,5.40747614915232,1.73550766293754,-0.0940725519475847
"1894",-4.23817485397903,7.88123253341187,0.580638130879409,-2.28026724026394,-2.19920308123382,1.91908174272625,-0.0822483770771537
"1895",-8.4013775855197,6.9135020755739,-1.27914622062356,-0.601035524519955,4.23449806814248,-2.58164127450564,-0.0936851260063337
"1896",3.20438910143568,-2.74311177477054,0.0990073119735491,1.53040595514767,-0.285416317392287,-3.00466436463582,2.01449881629769
"1897",-2.49730643399353,6.77709402633405,2.26852645947553,-0.278926938197323,-1.72749125313959,2.26647314993928,0.139580597821762
"1898",2.96918131807888,-2.73432050954449,-2.93432729226033,-0.0538279001165752,7.21145090499456,-0.900646302583567,-0.210267606267413
"1899",2.57691424704893,-0.575287791721059,0.786754568085596,-0.104727475900445,2.82808239470214,0.989793241008242,-1.60324648922341
"1900",2.51775609445946,0.225823603725703,0.998744242399661,0.589384386424295,0.602262431502124,2.27944634231459,0.639720238803969
"1901",2.58455735176698,-0.68105015294375,0.96475407830663,-0.614884829067625,-2.04977640216663,0.952335303452264,0.895677618945248
"1902",3.02572785529335,0.913267654962272,1.40977125806563,-1.00440067458945,1.0429037797158,2.57645799337618,0.0268044175163419
"1903",2.08962224397458,1.23314651649383,0.960131665713032,-1.64860196373396,2.90120781568968,1.71596053354245,0.245274318124213
"1904",1.70033969947026,0.0472976584667975,1.64962360710101,-0.277489001198977,0.657984981711271,-0.761749752537697,-0.0690923647910445
"1905",2.23693258933679,1.97195244070743,0.620233404518451,-1.23601595784823,-0.639891229029725,1.71214359319731,0.16247221824523
"1906",2.94949480779399,2.56280163010029,-0.827594871090632,0.149408472655756,1.68647630343065,-1.82551435830194,-0.22590951616519
"1907",0.102249419072671,4.40414423912113,0.902153792136049,0.742466969799756,3.52457920609758,-0.647943092801402,1.12512692940379
"1908",2.23621693633758,1.76143879208291,1.37410411835199,-0.663470902180523,-0.581778254854533,0.607600917521285,0.87821014322518
"1909",-5.46639859132392,-7.1097036909857,3.7627337892811,-0.0886881010054782,1.43200252932289,1.81446027743326,0.283987042483225
"1910",-3.57948500651665,-4.65429024264841,0.791309200766949,-0.0125255355646297,6.4160446248882,-2.54953480310892,1.73600987056405
"1911",0.197766944832855,1.77407769975553,-0.108952365508705,-0.552653444368967,-0.552383839211879,1.71800584079994,0.782883740015474
"1912",2.24502516187472,2.58262447406551,-2.20041193518114,-0.390960594227274,-2.19007409574561,1.91370527733459,-0.118649739534412
"1913",1.23673074211482,-2.59453041600087,2.09294764789448,-0.289499751816606,-0.909568208659705,-2.44576547399554,1.6668060781839
"1914",2.15847287394987,4.13740186019012,-6.65468170327459,-0.0097026982902609,2.95412213014508,1.87442675830375,-0.683576573837719
"1915",0.372382026728806,3.70647586951195,2.33211691553927,-0.589663459753692,-2.08544569094299,2.36640329590752,0.420421099517332
"1916",2.41205879175239,-2.23650128223705,0.312071672612292,1.52269694598338,0.6563742007,2.00702438796409,0.513990917259606
"1917",2.88372201128067,-2.10436373427549,1.44667029846866,0.0487095614071622,2.03124709748106,-1.58207343502548,1.62480959703877
"1918",2.58129462544349,1.27373760629027,-3.29549120130874,0.200747225783098,2.07555818633922,1.37597914959304,-4.65014777975965
"1919",-3.7581559086911,1.89242580780274,2.72868066196648,-0.273521588806783,-3.48800688050036,2.22869662753742,-0.0634966307737631
"1920",0.144495492697101,-1.40183867514267,0.992093342031388,-0.241021968491553,5.27252782773316,1.87804176000357,0.325733430580598
"1921",3.13947789093537,-8.1810897639234,0.828524961898886,0.148640132426601,-7.52944706696765,2.77102756475024,0.348302733076307
"1922",1.23482688825205,-2.73846220198237,-0.573904025511797,1.19111628112119,3.12819696138891,0.947017790202686,0.343577138958993
"1923",-0.257466268135919,3.80299249152823,0.569402501233284,-0.314376359120283,4.85694313309265,-0.645147869265494,0.771547709436647
"1924",-5.42898811151207,-7.93355139256413,0.906604910700195,-0.545114765466894,0.704561203155643,1.78283175463591,-7.49683794737108
"1925",1.85953874917802,-0.49836806843369,2.0581123056913,0.478811499064806,3.63808562846611,0.366346664579671,0.333521359265133
"1926",-0.226332909961552,-2.91248010558477,0.069085108059403,1.28714007847322,6.28120077579277,-2.58401657893739,-0.699562958029569
"1927",1.95288684696262,0.312846801439048,1.85518094258295,-0.115641086408543,3.27726539887273,2.07958265727622,-1.94953003999862
"1928",-7.11993745794258,8.31366113304404,2.37782720165949,0.346498654285204,-1.40629866121924,0.450185491992916,-0.00178814121461683
"1929",1.23165767737656,1.7428594524765,-0.158442314522061,-1.32078339135221,-2.7092193546117,2.73058501530738,-1.92736045033041
"1930",2.75718089862914,-6.81308626396248,-0.651405011296424,0.620131160263722,4.37682179497048,0.950241861120451,0.965117129029307
"1931",-1.08122724253111,4.14855281257192,1.66293822336603,-0.0110499613041005,-1.1435927028079,1.60991435635428,-0.108989201510217
"1932",-8.47616826124358,0.972242780600228,-0.842330170609314,-2.76951028081361,-9.51797926621625,-7.96884379144613,-0.663963089831838
"1933",2.17423297847036,-0.498471796789103,1.91309851044267,0.064969026127828,-1.97394452280644,2.7602049542866,-0.20882656604612
"1934",2.94733877499383,-1.40187256855235,-0.679549267257954,0.67372886233449,-0.174181618024896,0.942690896783912,0.807972611600387
"1935",1.85951833278889,1.84389081769857,1.07584133156883,-1.29203585080346,-0.936717167012769,2.32889199796688,-0.659447988769606
"1936",2.26245667459353,-1.48009226899178,0.0672329221105913,0.443440832802388,4.83573707664804,0.507833671366146,-0.0303647480060813
"1937",-3.28549363148053,3.88528862141739,1.32011018902455,0.238569986769872,1.44921651084606,1.95363716539948,0.903318598354084
"1938",-3.25743585673066,3.02082240570202,-1.18341371848104,0.105414329185818,-2.21000135607134,-0.121078721796797,-0.0552743429444557
"1939",2.41703665960194,-0.50689911070345,0.39199779146878,1.17117935632957,-0.599395008618663,0.342187986080987,-0.100317670805488
"1940",-3.74475922930885,-3.2351419503358,-0.473935181106752,0.166319048426223,1.02695411386563,0.211112870579439,-1.49751309288792
"1941",-3.59609336502701,0.483331828359701,0.753244371862027,0.115634945307406,-0.826289027334452,1.71832130460268,0.230703579372783
"1942",-3.26009641178619,-1.59181475989327,-1.2857731964583,-1.95142330234138,1.34993485538562,-4.35072068512657,1.68744715870511
"1943",0.936736261554745,-3.46616253604427,0.286362657144849,-0.275143457771858,2.95452676998383,1.8890226384151,0.215387291965846
"1944",0.104601627179538,2.45778320016389,0.553270744880531,-0.717658698738177,0.665171573491579,2.46855486408084,0.261013151741558
"1945",-0.0531860378831992,3.30042254425153,1.65512769051223,0.298213773627543,-4.34874797197597,-0.10834201357277,0.347260435665269
"1946",-1.30817894713194,0.453572372682967,1.96394735668548,-0.204497481575476,-0.0128865475919506,2.21965344081729,-0.105251390469703
"1947",1.97551500541436,-6.25559152911876,-2.29610867914375,-0.150923817999928,7.04307370219095,-5.15699429778958,1.0442224333588
"1948",1.79105382721277,1.24477436074686,1.18950147962539,-0.497265079782683,-1.13921492729148,2.04067472679401,0.556369447299962
"1949",0.882227771733645,-5.23683636594359,0.153159131785508,0.593661726444753,12.5484383431558,-8.45930588695447,0.531275574961202
"1950",1.79964742427784,-8.329591577408,-4.21812452987478,3.26453487207225,2.99136123019236,-16.1661552288779,-0.160143516814174
"1951",3.04729430455711,-1.55303187619699,0.770913707174881,1.09897763739213,-0.981087696328681,1.44023037678038,1.23454219599141
"1952",0.0239111343583576,3.30378223847278,0.239879374517066,-1.42852954141399,0.600756600189639,-3.39888535727755,0.549284710352845
"1953",1.49753456669865,0.0758686810926668,1.00446684994608,0.449426731776186,-1.33867558430657,2.0940543947223,0.0481108158558574
"1954",-7.55521131479607,9.54502780308592,1.60615213791518,-2.56350201723814,-4.72996708165224,0.739527119184783,1.04616027384118
"1955",2.39984511461361,-2.05555699248208,-2.33201474051981,1.53025866887029,4.02298833512082,-1.54321393963953,0.0871691230512738
"1956",2.15398950688074,0.338306495372615,0.0945398692005625,-0.111783235548787,-3.6108598730806,2.57665079581249,-2.41449142386843
"1957",2.06821817405783,4.9446341458426,-2.02365237593007,-1.28678018947276,-5.89549081961663,2.29341808677778,-0.0760997830531891
"1958",2.22389625571607,-0.498185254209521,-0.825744829627972,0.247036665637062,3.54485993209565,0.555340526455635,0.350042020293652
"1959",1.04278645570541,3.54522277325618,-0.431562677096122,0.554420578517464,2.62714730112713,0.489817709929005,-0.119390905361181
"1960",-8.88875581664107,-10.094712947925,1.96969643818873,-1.09221496467314,3.01506514505014,-0.646418477033655,-2.11695495364268
"1961",2.1115679698528,-0.715049150232756,0.823575783310769,0.594509416695252,1.9487274876048,-3.73882506542202,1.64289556628213
"1962",0.0988802533203039,-1.3002508482909,1.13273730939202,0.239698696886706,2.92276652897075,2.25975162508847,-0.702407694680975
"1963",-6.03729602094109,-1.34969456333576,1.63893703579387,1.13369841586383,-1.04355783506099,0.968821631203659,-2.94071778199024
"1964",2.17719747799087,-2.66142279036688,0.534531993986002,-1.33599037182879,1.95782118283938,2.26539602142753,0.424068733806407
"1965",3.06490715484417,-8.30239667544866,-0.699180308276799,1.13700397837271,3.46980924852704,2.09266956410246,0.287254644103367
"1966",-2.76939692341219,1.27694051472611,0.172129880378047,1.22637067024619,0.603373703396263,-6.88881147432862,3.17898402682703
"1967",0.254336053772066,4.47125124673644,-0.677165907199776,-1.01226068409981,-2.20771318194076,1.78286528893882,-0.0334479576634538
"1968",2.17438502234613,1.42224114980377,1.8150755218789,0.164793709550271,-1.98211414047089,2.72261949924935,-0.101063088700385
"1969",2.84670721412952,1.80567234227266,1.37231906309214,-0.333051959831481,3.2867110188129,0.966947757027951,1.277625941506
"1970",3.12378794665418,-2.91069573603949,0.871871018287313,0.0496867075251865,7.17467682772681,-1.54629781268425,1.29809743046795
"1971",1.52010856776375,-2.68602950170731,-3.31222109202229,-0.31541884890136,-1.04284277196939,1.03840343405672,-0.102844325882291
"1972",1.86174441281319,-2.08749140763703,1.86002888404069,0.711584287065604,2.99535265367233,1.83001996513853,0.349282415786153
"1973",-0.0933545520083632,0.543296621286769,1.97059727768293,1.1870293139642,-4.32097076778004,2.23246129324955,0.139231306202335
"1974",2.9377496467649,-1.06556888521969,0.812368830385248,-1.03927969603638,-0.40389332262791,2.25545251576328,0.712542644810455
"1975",2.17780473275111,1.84900635348366,1.9574470784796,0.299338929138873,2.84705525659275,1.50789519733912,0.316254897417919
"1976",1.23821113132633,2.59721780669917,0.595237003722568,0.592937273119297,-1.03121871662811,-2.72660867078046,1.96115179969304
"1977",-3.67996501236344,2.27599847674988,-2.20015607216448,-0.481503674882253,-4.96510030299301,2.26686615931438,-1.61419731411035
"1978",-0.1112909426734,-0.760123390848118,1.71107698831218,0.952647050178235,-1.02552300478852,2.68894347078143,1.17698514714983
"1979",0.997730497280335,2.77878705514832,2.40132170620611,-0.294761152922263,0.142804126456195,2.2597421884537,-0.069151476536825
"1980",3.08744321271249,-0.795460456236144,-0.168540624189099,0.148181560322849,1.4385521239417,2.24614491332827,-0.700671902200726
"1981",-3.73979478383131,2.5587312176564,1.66276377477273,0.238477950350521,-9.21676724631707,0.570185349101312,-1.99511278506189
"1982",2.04281659950863,1.57941595530264,0.823412580682378,-0.133039708257593,1.69571009807792,0.83688340915004,0.385976378071388
"1983",3.05484880221166,-0.311954499696266,0.894574199398023,0.143708063665869,-5.35588812007447,0.570797829357593,1.02645047420114
"1984",-3.26598389053461,4.40979301095846,1.4041788371585,-0.313182934206137,-1.04113224746034,2.06068927193504,-0.0576708075497651
"1985",0.59157857114512,-2.02682942577824,-2.43815312918585,1.52874142104058,8.09145910968074,-4.71440154183946,1.65782307308786
"1986",-5.50961673100548,-4.58824424965137,1.97011516750364,-1.00852269759938,0.639349013954163,1.69402253479666,-0.112472520182489
"1987",-3.67865840724151,-8.95533277045017,-1.43049960229087,-0.886863142877085,1.94594467738992,2.2446664659141,-4.50423750128743
"1988",-0.700042091049816,-10.3368705776538,0.775101265887967,-1.67328722305239,3.27731551331549,1.72278171225292,-0.118823882359751
"1989",-7.68274266020589,8.81186224253188,1.09652752863213,-2.00362289736636,-7.17554341144592,0.570317349130655,1.05883089579328
"1990",2.46976549497858,1.19929278754696,0.827488654999058,0.459282938519912,1.30806360327886,1.61286119815972,0.998005490272962
"1991",-0.57777959229139,4.94944906077249,0.0932990227631917,0.439108027323145,3.27732789564064,0.0833717611931444,1.17854158220653
"1992",0.681965572989269,4.16164230744055,1.97842634198731,-0.600246928600586,-0.9029142978755,-0.111990822730475,1.70332424167851
"1993",-0.20269395257547,-5.27498568884716,2.29384398698813,-2.11512797842849,4.3127219099331,1.71856173589743,-0.0967396480007487
"1994",2.79587205838906,1.89143437269825,0.89490120419312,-1.60090346846323,2.37447956972245,0.570132645101753,1.59835393065304
"1995",-2.7652135444218,-2.76065773954006,-1.73850187722054,-0.105095417591704,3.07865080300831,0.906246398499263,-0.516285888315931
"1996",3.10221883044388,-1.32766999932002,-0.436781862052274,-0.231354517430008,3.68956809289051,1.62067473419722,0.828955383212507
"1997",0.689181027276991,3.44975459573846,-2.18533254400481,-0.560362022687364,1.07512525732037,-1.0290898668651,0.212869058276371
"1998",1.85673660511863,-3.45862955262375,1.4031115871108,-0.164662754524408,2.39021537118051,1.95660658062982,-0.069242199481267
"1999",-0.576543342533032,0.877318366797935,0.920750275023012,1.13453976023502,1.72211631634911,2.11067097484044,0.833789604926576
"2000",-0.176042865595718,4.26396829245204,-1.44691739392797,0.490054970045595,-0.503168235498638,-9.229852142127,-0.44519074777204
