"","1","2","3","4","5","6","7","8","9","10","11","12","13","14","15","16","17","18","19","20","21","22","23","24","25","26","27","28","29","30","31","32","33","34","35","36","37"
"2",0.956494676090224,0.962764337499789,0.952321175300497,0.95871723801855,0.958760852834008,0.964483253130088,0.965165859429646,0.961293048900227,0.972058588527295,0.982481115405238,0.99883726332057,1.00858216326653,1.02503501448157,1.03526129326578,1.05801954675511,1.06768426922388,1.07800468944913,1.08709069864924,1.09785147633829,1.10830785595084,1.11854309527555,1.13472938475892,1.14495200472193,1.15538196334155,1.16625333492778,1.17563528788172,1.18630656501289,1.1967174235134,1.20547527803377,1.21482109481402,1.22387856538357,1.23416547683541,1.24419996072125,1.25353489839493,1.26905023984791,1.27126272398854,1.28151373965251
"5",0.29515035894358,0.305931749238993,0.306399260543782,0.317323005007303,0.328053958663607,0.328387965526314,0.333411324641911,0.343792839165378,0.344580227461725,0.355126728631113,0.365568821201306,0.365627442785535,0.376329639320475,0.376628216874371,0.386942613606169,0.396963706584202,0.397177412716169,0.406697980962175,0.401492436236354,0.411746193612422,0.42202749503101,0.422533642409159,0.432808936380694,0.433434103189047,0.444183828639822,0.44755990981794,0.448437721812666,0.458816188630756,0.458192075397001,0.460946461865118,0.470210928654705,0.470220082092992,0.480077961170047,0.479727818926575,0.489441437114709,0.498903916024329,0.499078718729606
"6",2.10352919294865,2.13874174472502,2.1702712280361,2.19539083860842,2.21090567192731,2.2417524818649,2.25673880215255,2.27472297617444,2.30533085737042,2.32029359468173,2.34504511148336,2.37572303992689,2.38370132755016,2.41443412866835,2.42921002525773,2.4542753970203,2.48466286920695,2.49326016176305,2.52346729872454,2.5378398502123,2.56255156034355,2.59289078357764,2.60740390858668,2.63763941823081,2.65183929568846,2.67650643839056,2.70651585296557,2.71383612039182,2.74413592217753,2.76804567028083,2.78194397799026,2.81128902226964,2.82482678210493,2.85451208191575,2.87806439679961,2.89214928238504,2.92167708715731
"18",0.913057740131961,0.934854271136969,0.950729455585045,0.962011900290769,0.963277677472837,0.986153052435962,0.997016998224219,1.00819999114924,1.02271454889893,1.0340676740028,1.04435557895823,1.05131600074275,1.07157723246191,1.08331189704086,1.09446535318746,1.10174447449068,1.12222557918644,1.13670018642652,1.1459217044938,1.15969697789814,1.17058914801879,1.1808214701236,1.19121350772769,1.20543397194507,1.21384009097923,1.23293470039391,1.2462116226766,1.25502648071112,1.26784908265356,1.29464648051329,1.31949833867092,1.33741984552992,1.35566879485886,1.38600273374576,1.39900077035164,1.42066749015,1.43908809853284
"24",1.12614837578638,1.14257999174323,1.15939026083458,1.17552600836211,1.17622621019452,1.19273271860643,1.20904476947277,1.22559349734624,1.23602354546206,1.25242395246768,1.26896300117258,1.27538418772921,1.28581375863841,1.30245844000587,1.3187516380329,1.33540526649192,1.34606884912382,1.35320527855973,1.36924938097761,1.38537901183934,1.39590582581241,1.41177342336764,1.42773872962239,1.43320509541857,1.44860911573137,1.46421508543732,1.47907113049051,1.49424688670835,1.51011801458658,1.51579826564613,1.5313399452993,1.54628479223006,1.56117473442457,1.57631501674373,1.59116781908232,1.59642856253352,1.61138061042112
"26",0.799713035871574,0.802306090076227,0.799580482272747,0.804536438247023,0.806496655184564,0.808084218594604,0.808740029583857,0.815464771291728,0.815805506138199,0.816723707170386,0.817347151545711,0.82882439028213,0.834926516834852,0.836174556956044,0.836955402874126,0.838713211457808,0.845106487948577,0.847777243557832,0.847639334851275,0.857707208071072,0.864152430441301,0.864270982616587,0.864535268335765,0.864266508831202,0.863362361790894,0.869917967848572,0.868826035228026,0.867918370258924,0.87910022681839,0.88494080720354,0.878519712947464,0.877068314359613,0.875733300250334,0.87545325943144,0.880105631752378,0.880474979092051,0.879209930427076
"28",4.19603512002756,4.17175411049273,4.16073837165992,4.13005073851865,4.10031285324065,4.07698831311459,4.0519119469539,4.03164982407212,4.00605723942356,3.98147754842245,3.95632113799797,3.93713527910206,3.91157169651199,3.88753327740284,3.86281987538415,3.8440061348123,3.81899105932708,3.79747656227295,3.77116902599712,3.73952269530144,3.72463378976826,3.69886678087145,3.67338776367168,3.64130056948895,3.62387687756379,3.59949577017289,3.57188703753657,3.53887492246842,3.53528092168523,3.51985991422161,3.50467439137749,3.48101748737809,3.45673106479256,3.45079356360616,3.43352663537626,3.41866219059741,3.40098071220594
"42",1.22739501288203,1.22793940042229,1.22336313561605,1.22973602633347,1.22984579975358,1.23562924716083,1.24204183544942,1.2424291477422,1.23890708809308,1.24509293496669,1.25143257520648,1.25125691880592,1.2576741012741,1.26369761742246,1.25394219176406,1.25953487441532,1.26562631547456,1.26418871572583,1.26482421929595,1.27097632377107,1.26702008289807,1.25741083737257,1.24678085925429,1.24290829160273,1.23351861879989,1.22896077431451,1.22521113446332,1.22122349829376,1.21041729033782,1.20564949968029,1.20067665835286,1.19071026155542,1.18633673307999,1.17493261350842,1.1545500921154,1.14954532222821,1.14537792626439
"44",1.48999235275491,1.49504988448478,1.50022270071368,1.49392689126516,1.489095341695,1.4897250321466,1.4846588974441,1.47259416138381,1.47319472377524,1.46807275315363,1.45861545913605,1.44757437486903,1.42979145955,1.42467144642109,1.4136120770433,1.40268302676942,1.38732531908457,1.36982835119799,1.36437530232662,1.35307722436309,1.34197762484726,1.3365172828173,1.31860958096465,1.2972277756942,1.2915036678084,1.28009595420642,1.26846701777125,1.26251474748007,1.25088736260976,1.23478314027685,1.2227941387941,1.21075943612623,1.19776424303574,1.1857481207081,1.17353585688167,1.16731165826446,1.14532320031163
"54",2.61173239708201,2.59717229077707,2.59422247681096,2.5794394705064,2.56571972428764,2.56137309075666,2.54636928423027,2.54137254152023,2.52611459936436,2.52122198519828,2.51165407134253,2.50027860503042,2.48497114206161,2.48019634291038,2.45936023122245,2.44923015051359,2.42141216965259,2.40607677173553,2.38448380018354,2.37294131936734,2.34536852179502,2.33412045215286,2.31288555267764,2.29482910999671,2.27274665606999,2.25556271367278,2.23357604944609,2.22144430444925,2.20096953411873,2.1826977581257,2.16118300552089,2.14844656737506,2.12581177483903,2.10746942881904,2.08499297086369,2.06728086061879,2.04471522769056
"85",1.88347930539725,1.88489394037145,1.88905615412759,1.89010737440387,1.88297726377552,1.88502050049254,1.88578625436485,1.88672688361223,1.88708550575885,1.88814914529335,1.8885090108857,1.88463100718519,1.88497178811502,1.88627555763961,1.88715118484485,1.88350536335546,1.88394110969333,1.88697620470623,1.88082758715958,1.88061590665642,1.88132005605261,1.88157128592604,1.87613393518566,1.87618851655679,1.87522564725122,1.8710456529176,1.87043162383542,1.86962804030143,1.871422070058,1.86566070203069,1.85938108203054,1.85781820267878,1.8506823541059,1.85078817789945,1.84977518072639,1.84080591906889,1.82382972709386
"93",0.785533403405463,0.792172496619569,0.799575458485976,0.816117168068975,0.816240437912745,0.817222576941515,0.823668677489924,0.840062781098481,0.846349456666503,0.852827255659663,0.859043963852037,0.86561091140025,0.876102972666705,0.882617753759419,0.888918994512826,0.895619625709743,0.911749498091404,0.918676557511684,0.918816353914031,0.924669516765764,0.930907973246613,0.920373547525236,0.926415290237475,0.932406755382434,0.938007787361743,0.928670637830456,0.92286877372877,0.922606851265106,0.923108058201532,0.922843067357548,0.912616126809307,0.911898758456819,0.911187339892724,0.910980953263073,0.900329585900265,0.900410801623189,0.899908022791959
"100",0.983610203055169,0.978569743740808,0.989011926765303,0.984002665700499,0.978841491843296,0.979176167161757,0.974091465087692,0.968765180725683,0.969428405464948,0.964180149406995,0.958927994602045,0.959022832235676,0.953868280510943,0.9584777620757,0.95878644362794,0.953129451125822,0.94767076013194,0.941695576377732,0.935598642410445,0.930122753118039,0.924673916166876,0.92504842780282,0.919515261869106,0.914097588612199,0.924584434970266,0.918667028134027,0.9133114552715,0.913486386041829,0.907109507107348,0.910836577507494,0.910173488870822,0.914341762927945,0.91835731566646,0.927869735727814,0.93170906706201,0.919405451822044,0.917861987595851
"101",0.319016723151971,0.319597117290593,0.304103942375042,0.304609708223851,0.29492828976361,0.295227047621718,0.285810398900752,0.276332600891522,0.276905171166483,0.267390242796697,0.268031754554338,0.258156882012112,0.241872632460379,0.236627751867978,0.226976684402496,0.227251705278773,0.217707840214644,0.217937411485893,0.208417474492677,0.198796548021832,0.199160065997691,0.189409883646597,0.189608598762584,0.179672005716628,0.174150380848774,0.173779383171272,0.163670269816388,0.163591530861467,0.163042064397806,0.146909997040462,0.146347711293744,0.140327834890361,0.134164184368499,0.117752495927838,0.111412898254783,0.110552633231467,0.0945314001357668
"106",0.504478150267441,0.521424304572212,0.524609841911305,0.541326260372298,0.549363099137248,0.560961930742148,0.577455567134524,0.578247304247739,0.59443896752572,0.605357674416043,0.611481636178832,0.622909813552507,0.63907437577921,0.640126730930512,0.656615986627291,0.658230763338453,0.674367415540313,0.676580631764175,0.692169927314601,0.692053314242348,0.708416899304431,0.718720975586806,0.724797822979146,0.734986242880005,0.733485334050731,0.744808577036508,0.744520898296929,0.753964894005069,0.761093611859394,0.764383935332194,0.764518147023362,0.773271669768107,0.777946024160778,0.781361170512765,0.790491667272419,0.79712043974555,0.806171759208493
"121",0.503200858118923,0.493696880884539,0.48343718668987,0.479706393274159,0.469779251177849,0.459835603515472,0.456180323477184,0.446585597037151,0.437226976373234,0.433389744869496,0.423986640457421,0.413851518560818,0.403378838622975,0.393714570608535,0.383974656034417,0.379705105285309,0.370074888194536,0.35975106029647,0.356106861907624,0.346503128079016,0.336792405603762,0.332876955198397,0.313077113980248,0.30331004495423,0.299605290445248,0.289151465459428,0.279423084651746,0.275357062594484,0.264531232033096,0.24983732136949,0.239131920674365,0.229145293503773,0.224752212226469,0.214156699795397,0.203763542331035,0.198622161903468,0.178647026932959
"122",3.12093253243661,3.16727881346789,3.21351807621185,3.25978238175231,3.29602459746193,3.33530979088563,3.38164929647212,3.42797209490058,3.46425515906599,3.5036873956368,3.55004063053168,3.59620302262489,3.60244995029975,3.6188274168503,3.63500418590484,3.65130598288683,3.66751778478672,3.68393514710852,3.70004224539611,3.71608827573562,3.72564526452963,3.74165192726023,3.75340307468865,3.76922551110453,3.78498302256391,3.80080112013415,3.81636588354752,3.83191205165104,3.84766183311112,3.86895500178798,3.88437448651405,3.88963598619753,3.9048291083399,3.92681700904328,3.94198129943907,3.95733539863015,3.97851716447137
"123",1.91823774108359,1.87562728862323,1.83232983537553,1.78929660217116,1.76159036362797,1.7186871944504,1.68601941265768,1.643728315121,1.61681422073489,1.56728572644235,1.5353050052964,1.50230390233007,1.48267374220405,1.46761148340128,1.43540114062124,1.41996185280074,1.3950629697184,1.38004812150269,1.35485986527103,1.33982127345834,1.31449896186569,1.29861761477805,1.27869192614509,1.26214754148701,1.23614031775481,1.21897240975387,1.19162527508987,1.1751662201142,1.15849585629692,1.13271241159577,1.11649204057634,1.09596858612201,1.07947394102698,1.05247990079371,1.03570122983194,1.00828974888869,0.991679798434447
"125",1.96963225088946,1.96446159623246,1.95786102491798,1.96248182144491,1.96287564569648,1.96335624721286,1.95811764496004,1.96876933196079,1.96921818750731,1.96398726087671,1.97471729421946,1.97506642631746,1.96974985906787,1.97363329514293,1.96829584820716,1.96887213127504,1.97946122905227,1.97454566953853,1.97491806046037,2.01531962351775,2.03999603679306,2.07011486818294,2.1102877441356,2.13428783045979,2.16417031426947,2.19798666208328,2.23395832548141,2.27359173661365,2.29744274025918,2.32725756134636,2.36684871080344,2.38396113564936,2.42331849719503,2.45261174420831,2.47605844715606,2.51524581184272,2.54466364140564
"128",0.95690274760401,0.94295492273539,0.929315128187224,0.909531048620889,0.904820952739389,0.891586668652977,0.877808915702048,0.858273695081107,0.854586235125455,0.840652957903209,0.821446920829308,0.816886555703045,0.797423093368642,0.783514964126033,0.763711867970906,0.759253205674597,0.739793099415677,0.725135620567486,0.705860575562468,0.702227951471855,0.682512940559739,0.668450942786414,0.648587977911656,0.644252566482456,0.624713622995946,0.609414525678653,0.589155627367383,0.591627427790498,0.57034663288399,0.555733441890916,0.534956584998262,0.537435865053488,0.517303338949522,0.502149046536304,0.481668996123321,0.47593405893792,0.462551028856223
"134",2.39215710681474,2.34126419546536,2.27708214867349,2.23042416900445,2.17348703369928,2.1222008499402,2.06552977122082,2.00871788052221,1.9620579073814,1.91098509920904,1.85432662364247,1.79701805502747,1.74030445537578,1.69914763930067,1.63535741903921,1.57810848337608,1.52699637490564,1.46950763738076,1.42278987657895,1.35929816876138,1.30808334622062,1.26104552852397,1.22392941895079,1.17671051918493,1.13890936381462,1.0910283104783,1.05365067281166,1.01210701453538,0.967319350262646,0.91961515739339,0.87164466225158,0.839968998499617,0.785679982482067,0.747631977238031,0.699744781087983,0.660520306438006,0.61292326923461
"139",0.582253614619327,0.582909232468393,0.580690251673104,0.581313849716799,0.591965734549002,0.58668337631088,0.590401907473446,0.58517581433985,0.595730734855029,0.596281334822027,0.601066729656238,0.60139713067921,0.606155263268454,0.60668936254602,0.617069672462089,0.611716993906985,0.622104585995146,0.616715957021749,0.627101825668259,0.627380048039603,0.631986535896011,0.632274219126183,0.636725517373677,0.636886835659586,0.637097072444476,0.641235955647153,0.64127192570711,0.635445622818905,0.645117065414665,0.632378431449483,0.63191154412494,0.635796209963104,0.63536076709374,0.629107801148834,0.628565734209813,0.632227160568456,0.631965999572632
"141",0.58863921340911,0.599531302595773,0.606875454678729,0.617688282826295,0.62474232667679,0.638267482303212,0.648944622974145,0.655253955133299,0.665808577119551,0.672220404452519,0.682647331688906,0.689031623166914,0.689539184946287,0.705928751608658,0.712158735907541,0.702880780401132,0.708956464561379,0.709745330260192,0.71572222473187,0.715830362372302,0.706247879083574,0.700832917216717,0.701093677186124,0.701399646211425,0.701472279033916,0.691923142459126,0.692124690679974,0.686272340782864,0.686439309304489,0.686094160011863,0.67573404234428,0.675265826912881,0.674757040951826,0.674509970956658,0.668210472864681,0.658086129495741,0.657803371316068
"150",3.04849803046683,3.03509849221703,3.01696059969242,2.99759195111615,2.96890448609964,2.95568803754921,2.93629022269247,2.91700930702453,2.90317877760815,2.87388798998874,2.85443332862328,2.83532770757888,2.82148601017803,2.80235367356821,2.77291559859788,2.75975906318311,2.73023950929307,2.71176898071952,2.68185987988354,2.6744021465679,2.64490263670874,2.60780847299931,2.56650557147618,2.51916068880922,2.4873305068013,2.44029554855613,2.40825790819086,2.36050563153939,2.32925166626615,2.28176346845053,2.24999106611967,2.20192007522891,2.16961068696935,2.12182395746456,2.08283577055789,2.03521308872193,1.9929634984458
"155",0.718037210889681,0.723116242638853,0.724251453224597,0.725048854821695,0.736081079774994,0.73672408738028,0.731642478499413,0.742125487005112,0.742718091303998,0.743311442344358,0.737978365884427,0.742639549823499,0.743178405972456,0.737925269284333,0.74832056401869,0.736316917673131,0.736605353063585,0.741301698963355,0.741595856348158,0.73598545784825,0.729738895438018,0.734332071121212,0.728818655763151,0.729146696647605,0.733558679429405,0.733881137853602,0.72838625980286,0.728382976566635,0.732595947638384,0.732216432302218,0.726007080100781,0.735655495247905,0.729458849301842,0.723385391578449,0.722917636283798,0.726870484056566,0.726681661264022
"156",4.76360495102187,4.74861156923684,4.74968163304713,4.7502883446806,4.73844555865392,4.73915698249719,4.73975582569026,4.73460180879953,4.73509269820933,4.72569573693892,4.72624016666686,4.72102358039611,4.72148661894031,4.72214693672227,4.71683162795367,4.71749008556027,4.71791838930976,4.71297066208018,4.70324502251321,4.70347936347426,4.70390294403533,4.69837985413297,4.69859751624659,4.69865867318835,4.69287523626535,4.69293974241899,4.69273737588435,4.67581016489725,4.6700881857169,4.66984974942396,4.66952602581833,4.66320042540172,4.63260008590467,4.60217270528437,4.57152603395735,4.53537708777846,4.50492255143726
"158",2.12982995232003,2.11899937215654,2.11249132135641,2.09868097615909,2.09776457083999,2.08105297494942,2.08007736905258,2.07343375724245,2.05974082677164,2.04877464791308,2.04217880080692,2.04106845561154,2.03422880847658,2.0208247846065,2.00972575711144,2.00302611531098,2.00205268866966,1.99557578390443,1.97201714197527,1.97085377106394,1.96400030962131,1.95682499450481,1.93884250952624,1.9313011129762,1.91959230208672,1.88530483656183,1.85720697520236,1.8384866316875,1.81686359599139,1.79942309536613,1.77758208283268,1.7587449792412,1.73641853077517,1.7241960579195,1.69600566136223,1.6837586237343,1.65481005575264
"159",1.52493869301584,1.55511611365499,1.56829001133261,1.5925510438229,1.60602778226091,1.62889279091288,1.65351910829873,1.66831501111323,1.69301488893087,1.72330038544326,1.7384598339392,1.76241305857705,1.77711338607787,1.80178581389038,1.83198906476971,1.84607736215318,1.87099655176556,1.88507386628482,1.91580547199565,1.94075258150641,1.94530551650063,1.95957032183311,1.96303650700357,1.96683033469559,1.98703214240535,2.00142941863885,2.02633687480992,2.02934711324746,2.05401178697796,2.06382236868165,2.08899981274417,2.09879598741779,2.12414917391529,2.13309069695296,2.14813603850143,2.16660027061912,2.18194723596522
"160",1.01852941412603,1.05153711590593,1.08210683193924,1.11482711893862,1.15265864790106,1.18530195775737,1.21838720186251,1.24062002311102,1.27374432923908,1.30679108857868,1.34626194319017,1.37881920171514,1.41771039934367,1.45097618634139,1.49070730538905,1.45910012311715,1.42258441861436,1.39108353314806,1.35452016761864,1.32464407764968,1.2992074871842,1.26762648708199,1.24191853774476,1.21553607026787,1.18418091955637,1.15667967750165,1.12398017247862,1.09784131078412,1.06481872958803,1.0388777421992,1.01319868702169,0.987368152648094,0.955473392068175,0.928376647317257,0.901837950240515,0.868219127124277,0.842028968849837
"164",1.28353562581074,1.28116164371222,1.2863285277068,1.29261655193965,1.28254371842458,1.28819283974226,1.29567489694622,1.29172168724519,1.29816357045352,1.29849520644029,1.30479628325389,1.29443141527253,1.30081555866355,1.30671374931346,1.29686931726125,1.30225764372817,1.30254027686852,1.29738518284083,1.29809152761213,1.30428103107575,1.31025108724638,1.30063073127647,1.30658991723671,1.31361234903454,1.31025545095011,1.31537535437764,1.30938526435167,1.31556454305704,1.31019349608915,1.30960347358118,1.3145262106585,1.31060273214453,1.31066903355573,1.31586177037581,1.32142499563507,1.3161518715429,1.31645499699446
"178",0.325059737971105,0.345931772700548,0.366020981172635,0.386929439188959,0.398260972368687,0.419057933156444,0.439762225537419,0.460238441378239,0.480831680017805,0.491474702584937,0.517562130738407,0.538132613862989,0.55866554707868,0.56920080924425,0.589635486075031,0.610249047682263,0.630464669688416,0.640995364263967,0.661216739349077,0.680407562445075,0.700796288379223,0.711207756613508,0.721483674062716,0.741944834332276,0.752121412089844,0.762745755859566,0.783234337733485,0.793286281788639,0.803502560343497,0.813098788964225,0.832720104070448,0.842333990598231,0.851915623379973,0.871787171248802,0.881374346423086,0.891397577934699,0.902114064920705
"179",3.19189320026036,3.201477264044,3.21250854565581,3.23184674042922,3.24788088644548,3.25074280830826,3.26989409145725,3.27910672621736,3.28801256413096,3.31304548104685,3.31508915653391,3.33474443585098,3.34361026339071,3.35879168810121,3.377899957868,3.38099266826909,3.40988529225121,3.43946192566976,3.47782699993126,3.49965523458778,3.52870482823943,3.56315307655795,3.59765121513101,3.6261144332349,3.66974974337787,3.70485602227189,3.73277513596374,3.76641451354798,3.80163004799679,3.85239628419587,3.88083853285983,3.91404538582627,3.94732233137784,3.97556870100629,4.00897207241186,4.05342977668384,4.08683841809784
"183",1.01022235122722,1.0151443611439,1.01557920738389,1.01627992896077,1.02686164371226,1.02143414674822,1.02206460566615,1.03245649369522,1.0273262527074,1.02780597259268,1.03825816663706,1.03835664696231,1.04316541954521,1.03671863872516,1.04702763067103,1.04721081711529,1.05171990966624,1.05164642285329,1.06208692251409,1.06656880925264,1.06687166334571,1.07724061277531,1.07746611672602,1.08206446429328,1.09252467231596,1.09247482471107,1.10293277326264,1.09734325196045,1.10685292530823,1.10638504552529,1.11577850117211,1.11331711553511,1.11308434336827,1.12269805422439,1.12233196312206,1.12601214138654,1.13600971879326
"190",0.868753899031667,0.870317287167468,0.882305108182628,0.883504929222391,0.886861444093334,0.88915514382284,0.889938802909093,0.890847093315175,0.891167443951203,0.892288985866748,0.892478005890814,0.894592567876599,0.89488923164192,0.896222741773261,0.897140230319754,0.899488434452246,0.899803657999313,0.903124965412664,0.902558862092197,0.902162139238342,0.908641879183986,0.908945783476925,0.909300547999753,0.909512357329736,0.908449854937967,0.910567663772172,0.910183056243162,0.909405479542822,0.911670175551163,0.911709170238615,0.912151625195378,0.910530695887971,0.909176532808848,0.909545809089963,0.908623372163663,0.910100487382045,0.908960538471945
"192",2.85996273876157,2.86087838073877,2.86871811884274,2.87513759241377,2.87663544588007,2.87351952460792,2.87412507497312,2.87059002547217,2.86098581646882,2.86747303638481,2.85795501722856,2.85470778111902,2.84508730309403,2.84173259680792,2.83231448735997,2.82255975314367,2.81876647018546,2.81631784312276,2.80629747330398,2.80211437316815,2.79179572580699,2.78776404052835,2.77801436574499,2.77376567566165,2.76900423080971,2.76553316320345,2.75502683980916,2.75025424338868,2.75692587815968,2.74685274583939,2.73607229651979,2.73078703679314,2.72558128051431,2.7154292014432,2.71037767266498,2.70652527366753,2.7014584222934
"206",0.0749230380919859,0.075824029265673,0.0775790917557779,0.0784036612928585,0.0740566110818612,0.0749707730249892,0.0756298866558586,0.0661791100371355,0.0666916571895874,0.0616026901534868,0.0619777891947288,0.0569300788952689,0.0573990860721672,0.0580458803969601,0.0595323151606826,0.0602581230244592,0.0547794521244116,0.0555687171864765,0.049984223886576,0.0500719321150331,0.0447112669387526,0.0450513070943599,0.035302742861789,0.0298403030111932,0.0299063980917531,0.0312323395725804,0.0314843102267005,0.025678771630144,0.0257855713823602,0.0254398711987612,0.0192891038779372,0.0188940665021211,0.0126738815831268,0.0124320193726298,0.00618310131509445,0.0126333173645377,0.0166712119223025
"207",1.69280111660702,1.66651672743598,1.658436023727,1.63919217687854,1.62063497647279,1.6016479228239,1.59227914270875,1.57865253561877,1.55910850115522,1.53980264706835,1.53022149826676,1.51106220532177,1.48466537682441,1.46545128578501,1.44599243557484,1.43703367299103,1.41739316217525,1.39217037335181,1.3721937999448,1.36222727713015,1.34271854570313,1.32298645919375,1.309006838734,1.29914621920966,1.27885517006193,1.2595545247493,1.24937655896267,1.22903381185017,1.20306146952218,1.19290218352136,1.1728149732344,1.15197655840201,1.1411836552516,1.12103593599928,1.10034441909238,1.09058171318778,1.06417581946877
"218",1.6717796450476,1.71264303568497,1.72409692542108,1.72923215095646,1.74049919188673,1.75125412271047,1.75193247477267,1.75551202771906,1.76607496081033,1.77671036473595,1.77703006045605,1.78761972352614,1.79812651193368,1.8086679325253,1.81909954393072,1.81397650677149,1.82419124592864,1.83477905509088,1.84497480681811,1.84839165846983,1.84877980873353,1.85917209740817,1.86943965929051,1.87986954345474,1.8833194228929,1.88400716068733,1.89440363400154,1.90439360010622,1.91473455841186,1.91437909252381,1.9240679359886,1.93361076586072,1.94314156584679,1.95304187536364,1.95260160720614,1.95609967866909,1.96584292294156
"219",1.23821233679426,1.19897454301554,1.18531259866486,1.18009885990441,1.16570456989454,1.15107874981528,1.14471828547683,1.12975426367952,1.11430452773043,1.09240515675664,1.09297355216959,1.07833666725498,1.05605748313918,1.05134765664463,1.03622413542078,1.0276435326958,1.02244536478621,1.01543601090771,0.999638663716326,0.994007791383897,0.984576348133074,0.968899610958697,0.963341779399551,0.947297213036205,0.930866346899089,0.921268353563429,0.914535012926624,0.898038847889703,0.882991213017719,0.88302707232723,0.867277625191218,0.85043715613245,0.843645302745718,0.827476221276934,0.816543242437233,0.800727175395777,0.773977454235252
"223",0.65556142062749,0.666662682369499,0.669400010582868,0.6860946480103,0.688139621633314,0.705247332085538,0.705945017298974,0.716590915894757,0.722793856061857,0.733603398830859,0.733888830835125,0.750812999836208,0.761222885340988,0.762076875738646,0.778451443049921,0.779756742859395,0.790025848221402,0.787474549506081,0.787369500481851,0.793019543970649,0.783529255469906,0.783871003778467,0.789929317050515,0.783609263514953,0.773225719060089,0.768660113612355,0.768693192697455,0.768362089253375,0.752816810349816,0.75265245673431,0.752678243662018,0.751710514211862,0.74085042597542,0.740932755175254,0.74027079031632,0.740940793139588,0.73030440674259
"228",1.32842291778874,1.3333839959032,1.35414041132189,1.36909891661771,1.37985669260938,1.39456662079012,1.4025308161806,1.41297112581575,1.42777477397424,1.44254622876561,1.46297001788535,1.46751247112642,1.48802207083205,1.50846653409484,1.52304970941054,1.5333946580615,1.55367411278557,1.57388760216875,1.57185359824429,1.59203640149837,1.61238027191158,1.6327150525894,1.63717580557458,1.65084035743092,1.67104758379244,1.69125336726324,1.69573056024182,1.7157459235947,1.72902299708794,1.73868107692488,1.75250177717606,1.7721620160338,1.79175837278097,1.80146591761394,1.81522648756157,1.83495940220796,1.85476330633523
"232",0.38017312535395,0.365005685494877,0.359623309326356,0.348650433208224,0.333290439320694,0.327841199755602,0.32262500013783,0.311571954202373,0.296339419480784,0.291027010608038,0.285824446934472,0.264412011214398,0.259142977768444,0.253800270479432,0.23256549528476,0.226958947136459,0.221582953595608,0.205847949924569,0.19478936153097,0.179384543782088,0.173931458362315,0.158410425699,0.15282019390038,0.147143165475714,0.131707545211932,0.131277141242857,0.115504373238563,0.109744178643624,0.103312174540424,0.0871795024213483,0.0808210717825955,0.0707209117988198,0.0646859226373622,0.0583017398289522,0.0420637515446058,0.035383235799077,0.01948654685662
"235",0.587860865451231,0.573033564539941,0.574715887208107,0.575599287127742,0.57700743265918,0.584765468110659,0.579683801899865,0.580148654236836,0.570703452729322,0.571329390990231,0.571643233280291,0.566463781161286,0.566963452110764,0.567494535260692,0.567917383426226,0.558543254373275,0.558753521985912,0.553560228526687,0.547139395547893,0.547173663100995,0.547556535593019,0.547944029736909,0.542441672157021,0.536229582949822,0.526318730906831,0.526986954009877,0.521604917008662,0.521599165894275,0.521919585215768,0.515788500662978,0.515474803988367,0.515034603283708,0.508801290525041,0.498691019812187,0.498258109834535,0.492550663196198,0.492347123742032
"243",0.636639996324766,0.64177092987584,0.653269738158552,0.674126525027104,0.692369931496827,0.69733810532545,0.717997675860677,0.728438976722919,0.749001047854926,0.77071054208181,0.791038183256577,0.811468773079132,0.831984537980638,0.846682422755773,0.85705718467601,0.877519539443089,0.897722212420528,0.918040997257198,0.938306066398179,0.958399218824094,0.978736197306389,1.00575963393902,1.02600740296055,1.04647316264761,1.06682870510801,1.08718272456506,1.10776908197345,1.11794473479208,1.13783702245535,1.15739289346391,1.17691011240536,1.19673441051392,1.21648254915964,1.24292354628637,1.26262842142743,1.28236426829821,1.30241805456912
"244",2.07494972214598,2.05998321566752,2.04557707467102,2.02473356755044,2.00305180219934,1.98809135925558,1.96716194896191,1.95197755613038,1.93091887727074,1.91313789771796,1.89209781922344,1.87122873652098,1.8501270615498,1.82928394194347,1.81397283669912,1.79319686984897,1.77206324674547,1.75147851917426,1.73014463798026,1.71879922391062,1.69768982583487,1.67638268358415,1.65505815823978,1.63356440440018,1.61196080317856,1.59053055103766,1.56874203325115,1.55272742461858,1.5412049604553,1.51943052708486,1.49755795023947,1.47550883480229,1.4467456727214,1.42476756355012,1.40257480782397,1.38062716500822,1.35860178024821
"245",1.05506043111576,1.06115445271369,1.07681280532578,1.0827154872028,1.09839821592866,1.12125371436774,1.12741126681338,1.14372381327199,1.14987991366825,1.16026345710839,1.18363836421278,1.18940252116579,1.20557286645878,1.21183506414694,1.22787002602214,1.25051101039964,1.25683732569858,1.27278146002959,1.27908124203302,1.28959251026921,1.30231546085272,1.30818098274707,1.31406864106393,1.32960501936859,1.33555307884248,1.34046347881728,1.34570812553673,1.35128707866885,1.35048552970248,1.36603583008364,1.37128234167675,1.37686364642027,1.38227001388517,1.38725424974208,1.3924267243785,1.39709257579977,1.41255615465043
"247",1.4249473887115,1.44100268948105,1.47173674330753,1.49786851905376,1.49335660225904,1.49894885766625,1.50520460455851,1.51127840892865,1.50762439940885,1.51368152471619,1.52576426450205,1.52120478002157,1.52751086378846,1.53346320977126,1.52938015257268,1.53486510339888,1.54096036944979,1.53605872978655,1.54246887849309,1.5420301478233,1.53803335202218,1.54409141252358,1.550027043152,1.55600981636071,1.55236702089937,1.55094559707576,1.55699016512071,1.55294854022769,1.55788808511488,1.56322894010332,1.55833840293887,1.56418605595734,1.56985231611727,1.56507491901706,1.577182370822,1.58202326098588,1.58370445918184
"260",1.69611627038856,1.71647347229686,1.71271905517997,1.7233324805179,1.72740278458928,1.73710715127684,1.74769045126831,1.76209025215588,1.77281102265819,1.7773178074177,1.78774537107801,1.79719424063169,1.80208154923391,1.81524813940583,1.81957044465679,1.8290046204172,1.8391643989731,1.84209169759423,1.85282187847683,1.8674367685192,1.87757107829787,1.88800973381265,1.882434524103,1.88298719718831,1.88494784472388,1.88430768208599,1.88534454922855,1.88022653962112,1.87882329922915,1.8823529921122,1.8755911959581,1.86955707563809,1.86406140694206,1.86352919166988,1.85770666741762,1.85079878125698,1.85135745574081
"262",0.787196835763349,0.777638629599177,0.767405062621318,0.757890275304697,0.747962052260663,0.727999597118989,0.724280241056963,0.744624640822513,0.775198742609751,0.795558826083377,0.809203994567607,0.829115574610024,0.849635735870229,0.869920634589002,0.890139980776398,0.910089477969441,0.934642028281237,0.948530535620877,0.963301419672732,0.977894821020588,0.992387942771758,1.0069175099055,1.02132803914256,1.03577836550301,1.05053817518182,1.08006949289836,1.09457659667475,1.10898869338076,1.12237682270323,1.13616187499466,1.14970824268481,1.16401327249462,1.17813903048536,1.20178014423552,1.21566719848776,1.22892489788994,1.24900816227956
"265",1.68051723098187,1.67100551482596,1.65519873032044,1.64574317288607,1.62019499174746,1.61028713180372,1.59508079476539,1.57541608545714,1.56024624517169,1.55062151157378,1.53535213950007,1.51523296187535,1.50001094519449,1.49025806380077,1.46470352334283,1.44789562153966,1.43242237129773,1.41207302405425,1.39021016957043,1.3805220448582,1.35502743926514,1.32804302043477,1.30007622075939,1.26301277325338,1.24192506791662,1.21430609381421,1.17725186356511,1.14914581193256,1.12120361511351,1.08924849878731,1.05474302509591,1.02732306413223,0.988887512695718,0.961049454003901,0.939067353662372,0.900980132666386,0.873538856889144
"266",2.20088458584277,2.23693364536784,2.26224839679063,2.26821076455613,2.27949885671284,2.28527853675543,2.30145943130721,2.31343187574397,2.31275826914128,2.32887804483001,2.33530447015027,2.34680592055756,2.3529995801396,2.36240854945556,2.37420682262172,2.38016828261576,2.38642148997033,2.40820596013832,2.40781480796908,2.41397813852251,2.43586235579937,2.44177112094519,2.44768843904346,2.45909858360682,2.47494131503161,2.48026256190209,2.49140809864719,2.49697061551563,2.51233100488349,2.51707053168307,2.52246655640218,2.53123885826504,2.54226617361582,2.5474841927668,2.5459561313743,2.56696424559413,2.57225669531925
"269",0.110772422629122,0.121117215152154,0.146071615883147,0.156550805358709,0.166321850627827,0.181853980639041,0.192382533986621,0.202625819796397,0.229017497507025,0.239296781078765,0.249801582813522,0.265137145856559,0.275718625319755,0.285805841397388,0.305916955227414,0.321244628996961,0.331497619567947,0.34050563110369,0.356962058011851,0.367375928389188,0.377552956441408,0.383673096527062,0.383845283817662,0.400844903016292,0.407495205052287,0.416802688027137,0.417478507210958,0.417940531932907,0.426677721785726,0.42609716476183,0.425224518521598,0.435633076471205,0.435799373405312,0.445200204861439,0.445050415718577,0.443898929578243,0.454289523697863
"275",1.14437344797614,1.16449509028007,1.18827314805516,1.20867580257813,1.23349347868004,1.24273339947293,1.26324107182449,1.28906120037682,1.28980764029237,1.29991199740492,1.30619561569051,1.30520774612503,1.32163870168225,1.32141462280758,1.32134451588171,1.3235603227274,1.3237551881845,1.32180683459434,1.33274992774376,1.33329681778896,1.3267340106267,1.33713705422762,1.33728852001604,1.34353414701295,1.34808251565448,1.34708881061051,1.34802012225926,1.34869589507315,1.35698049593413,1.34968472587563,1.34865696856865,1.3593099828685,1.35966697069925,1.35899798884112,1.36229770312572,1.36096029861959,1.36151751670542
"283",1.118131543456,1.09584804192602,1.09653814546461,1.08141732487458,1.06634221182439,1.0510208728966,1.034689127873,1.01937446145561,1.00412928581463,0.988870929517689,0.979304846530667,0.963833136252466,0.948545064271175,0.938991815443968,0.923558657364844,0.908138119654709,0.892675502031914,0.882928658232876,0.867502461782371,0.861957538632908,0.856519016865643,0.846812938698518,0.841249458951887,0.819070239896592,0.813513803613117,0.813551636517873,0.797925859751014,0.792152108818505,0.781933528838376,0.775823169539118,0.769601800189077,0.747802755394357,0.730139888428301,0.711545741797492,0.689526754233533,0.671726208328071,0.649969672855714
"284",2.05480212870777,2.0710675194945,2.0816362885061,2.10777096944061,2.12397820075516,2.14707175335656,2.173301735795,2.18957163759907,2.2057547075094,2.20197088009499,2.20829655364569,2.20432629134252,2.20049703336398,2.19679300054218,2.19289148692966,2.19907001873154,2.19526449444158,2.19156113991372,2.18766275988903,2.17796089724937,2.16832894102491,2.17427944540758,2.16445286727486,2.16019570431568,2.15024052437716,2.14005266461606,2.14556117913254,2.13537379792589,2.13092854034775,2.12070308777711,2.11032922338029,2.10573817151154,2.1052779928896,2.09478381017222,2.08999587019558,2.0794384303646,2.07487794377166
"295",1.76314271974893,1.77348694926161,1.7724629487663,1.76734764101646,1.7570828815277,1.75094412614764,1.74152147758039,1.74161465575263,1.72659846289654,1.72682218771872,1.72145696707893,1.70504316213716,1.7056995386556,1.68981359855421,1.68983201113487,1.68330498648547,1.67341191732187,1.66599040840136,1.65678640336667,1.65141660647053,1.65149999687848,1.63620475435434,1.6363886845398,1.62125847421375,1.62247105919504,1.61602631407483,1.60145376138556,1.6022172374573,1.58491501916716,1.58417969066076,1.57736246002121,1.5680720255137,1.56272207371633,1.54554520370731,1.53980507405575,1.52864259545584,1.52353827069292
"299",0.722233208644908,0.742699156770835,0.762458111522542,0.78305909156616,0.803215806378205,0.817459413185033,0.838019217719504,0.868269809130067,0.888893750099756,0.909235010599631,0.923894687942559,0.943661400338394,0.964225104008395,0.964361806941947,0.974519437328495,0.968503329326303,0.968702145735258,0.967939411475019,0.97851999772344,0.978832114331273,0.966644262493788,0.977022373263815,0.97145015909695,0.971874600938511,0.966816172529161,0.969879288741533,0.964744772175255,0.965092000804178,0.958540263412855,0.968029394860233,0.961551138600144,0.961732682831604,0.955964782644311,0.965537310229856,0.959552560042328,0.953001187232332,0.953247893400725
"307",0.275664927506053,0.286445282722481,0.293428131416583,0.297214794173264,0.308427918054488,0.309140543514214,0.319772012118969,0.330186125624764,0.340717669329631,0.347049453546837,0.357331722892802,0.367830489703113,0.378308325006486,0.378779285535436,0.389160405948301,0.405467117493267,0.415644541122044,0.416100528716718,0.426295576031852,0.436337451715798,0.436678742835735,0.447067646698902,0.463081684703872,0.473535087418235,0.47376536148315,0.484310916168587,0.494846410961676,0.494958165021844,0.505095553176019,0.514708622950382,0.520903840853143,0.530674442951023,0.540395615537105,0.54026885311511,0.555737660119536,0.56568192104052,0.565662422864214
"310",0.57612159350796,0.576843341635536,0.587742409297607,0.598557346400144,0.599497185886866,0.615734796356277,0.626366099774014,0.636696339281815,0.637282300536122,0.647788112803328,0.658067062658679,0.674080396284675,0.678845307499763,0.689173273297636,0.689475362218895,0.699734786314561,0.709871653760669,0.719842061410073,0.730158444359711,0.740254744705353,0.750534694032051,0.745195314565813,0.755435232327372,0.76597262352576,0.776443216347657,0.786777425154009,0.797537634426384,0.79782523859133,0.807621070331861,0.81136142298682,0.820836977392664,0.830790898760814,0.840656777425217,0.840488568933458,0.850267337578915,0.860041301295343,0.870185228993802
"311",0.525548980286777,0.529181230963216,0.535205735495139,0.540143057423435,0.551447728742211,0.556615722644825,0.554535041609055,0.549365284452097,0.559760281926172,0.564649637485793,0.569286603463111,0.567512986174177,0.572118118143681,0.577107917150239,0.577607834050653,0.58283779841975,0.580726927737528,0.586394865316857,0.590640170409403,0.594918283981369,0.599620296111297,0.599844618956442,0.604305169439449,0.608607036739981,0.612539637041537,0.617342932656385,0.621304107509685,0.624248335991539,0.619125814618945,0.623231344195542,0.627378417339224,0.640818106322474,0.63763684371188,0.65746575435635,0.66099357075608,0.675394475375451,0.682314537644639
"312",2.3652330129567,2.34060876494292,2.32830166053821,2.31323932140436,2.28971476827971,2.27567352082608,2.25046958427961,2.24134389591523,2.21578334564392,2.20089889134804,2.17557131073995,2.16140531530161,2.13585522284141,2.12129822452987,2.10203712721173,2.08813852327461,2.07957995059266,2.05654301597677,2.03048776055674,2.00466410025248,1.97953017061672,1.95961811125443,1.93408365629861,1.90806855137695,1.88134053463608,1.86654003156482,1.83975604408703,1.81982225862875,1.80111970729314,1.77546436931113,1.74993110287513,1.71707943651168,1.69014354211722,1.66842427537153,1.64168369287568,1.6105567553788,1.57788942080809
"315",0.474877362687874,0.475745208648418,0.47761261487897,0.48838325819716,0.489825347100524,0.483885133307747,0.484489870045976,0.48503972095217,0.485466708260174,0.486131499176053,0.496451589413623,0.503041160470841,0.503434808353813,0.504126639142174,0.504617144795115,0.505569237780041,0.505840329907879,0.517028451573111,0.517058739393288,0.517054922365084,0.517488206907136,0.517787690306968,0.51141116114576,0.51164490419431,0.521441679590516,0.522223425981584,0.522254427142886,0.52780000785331,0.528459660615153,0.528259154902146,0.528139326045725,0.537458428533617,0.536817222640469,0.540107010993277,0.539529604335187,0.549862872108035,0.559375630550589
"316",2.01506805913159,2.04586767209596,2.07763026374992,2.10250294879358,2.12376743365746,2.1478107101022,2.17835348953947,2.20897489437068,2.23933378034223,2.25998340912778,2.29152667584517,2.32231486110802,2.35266903333321,2.37340965689771,2.40389315112191,2.43483890347709,2.46521810383703,2.48074699399364,2.51081456640094,2.54090892122901,2.57136016593084,2.60156549728024,2.62177832836994,2.65180752326505,2.67577602459583,2.70621029695131,2.70590542327499,2.70556189316072,2.7060211164928,2.71588695439676,2.71575429149052,2.70928374136008,2.70860541225012,2.7125740115063,2.71192963840883,2.70612985559768,2.69979898310094
"318",2.01436733102126,2.02465601879026,2.0340697504706,2.0443170850473,2.06978134829542,2.07969760449766,2.09011722045107,2.10625358792111,2.11673313758436,2.13702582756113,2.14765130096814,2.16318594286547,2.15364443245055,2.13393388723386,2.12410799422513,2.11973255442441,2.10015188862857,2.08982634289958,2.08041004395884,2.06663974217619,2.0568974717523,2.03708231606845,2.02721316333552,2.02296624520964,2.00338122010806,1.99261553459164,1.98252427245945,1.96834332955453,1.95741968272612,1.93708585505902,1.93224243727751,1.92227039834672,1.90211015036305,1.89141530581841,1.88677633504097,1.86568472313736,1.85563162840783
"319",0.149143786814566,0.15363256754655,0.157377358424401,0.15161511557503,0.159667049088022,0.173906796880474,0.178461971273795,0.19325600049205,0.207834881261473,0.216615812632879,0.228557643625465,0.242634231707921,0.268752262065209,0.290730776427403,0.316699883229234,0.342488059385423,0.364651521959111,0.390595373430265,0.416927279209663,0.449051370807113,0.465146874494074,0.496676953630429,0.522524894365196,0.537854303644938,0.569434152650712,0.594137231137411,0.609038175567653,0.640249255265783,0.665208768032529,0.696646533210014,0.711965534869234,0.737475498382422,0.768592019149705,0.790133650831906,0.815248488391425,0.845548019294721,0.860919227305065
"325",5.15573069682036,5.16968288039093,5.17253103947132,5.18332402588714,5.19107217152674,5.19249189966457,5.1999848426382,5.1995397663238,5.19986147543354,5.20065171906523,5.21096810599567,5.21799673047702,5.21148091932515,5.2124577182845,5.21886612575807,5.22040149265947,5.22074489314501,5.22868524633113,5.23845816313139,5.23833225785649,5.23888715003371,5.24487851745864,5.24513984582167,5.24521989168331,5.25035031860906,5.2615161226565,5.26114530160411,5.22637691981051,5.17765737403295,5.1376282317251,5.10356235900736,5.05668552463522,5.01572119844684,4.9757634158513,4.92923028861734,4.8898986892514,4.8490913584071
"329",2.03239563463345,2.06398547128107,2.08857574824494,2.11440138515545,2.14520261097284,2.17065324812985,2.20252016339134,2.19864455778041,2.19486103364286,2.19658994343034,2.19304771409539,2.19416995342122,2.18037733828572,2.1821421900961,2.17802992710325,2.17257452810046,2.16881156300054,2.1599861489133,2.15637453548412,2.15842883604025,2.1478303226684,2.1494936465679,2.14537442271214,2.13678315990068,2.13287492791534,2.1269408029182,2.12239013878891,2.12385343832926,2.11883125265744,2.11013253881096,2.10537386102081,2.10682969948285,2.10233515530242,2.10319566814933,2.10425276411606,2.08902834234465,2.09039969437539
"343",0.642977499165866,0.64387016358228,0.645886893810994,0.656684784925078,0.652484835685386,0.64659756136859,0.657201563237107,0.657744736874783,0.66240461017948,0.663078172443229,0.656490935655015,0.661672451075671,0.662043264550243,0.672770804728071,0.683284795989788,0.681877853340266,0.692139521208187,0.703597538238133,0.71353442605123,0.707703327382729,0.711543862941974,0.716064571621726,0.720553356249394,0.730773840930519,0.73468520533125,0.739004192087381,0.743158509628985,0.747051469439739,0.757991978053733,0.752076857566091,0.756292238334946,0.765460824754229,0.768931574660738,0.773153717073593,0.782543685438688,0.787219428308262,0.784220061818408
"344",1.01136783500475,1.00218057793837,0.984101752730782,0.968960444834582,0.960306742031344,0.941317807041377,0.926088408650641,0.916711241821343,0.89440462447953,0.875064956829795,0.865482642770036,0.850650022435756,0.84096445591825,0.816018231592025,0.80077656720552,0.786107570884369,0.770741853631802,0.746525047096598,0.730755985235727,0.714190265254664,0.698916996962896,0.673318604032399,0.657763852556237,0.641941891400394,0.619044343305336,0.593878595446471,0.577564074601884,0.561278708933798,0.546252256560259,0.526218465589377,0.510446130853765,0.493777935234496,0.477166651144739,0.451169962917811,0.434644827816132,0.418999638108237,0.4024841754514
"347",1.07012878854554,1.07519969636769,1.08677816166893,1.08750935106373,1.09302084993277,1.10383595575222,1.10441401675857,1.09226494839306,1.10269889640376,1.10330717938855,1.11362616131563,1.10855388137474,1.11213142186402,1.10701115201439,1.10170340393424,1.10101787620236,1.08882155240204,1.09417607103149,1.08845559021654,1.09270625598385,1.0873597965969,1.0752522570692,1.07972125798671,1.06838841922253,1.07244791512061,1.06733476711743,1.06488631266923,1.05886030236219,1.06369371415472,1.05773860701945,1.04605919960226,1.04299557110476,1.03654802016426,1.04066687916515,1.03429997507551,1.03874244546904,1.02581037778131
"348",0.735983428788673,0.728418513888127,0.71558605095233,0.706165099469644,0.702293012760896,0.688020053588015,0.678524563080347,0.6793375544404,0.656894850163437,0.647698065335502,0.632390636975477,0.633823425604708,0.618269320834055,0.602607566432273,0.603310815779838,0.589321902700594,0.579835521629511,0.560215686189909,0.559894922689866,0.544065790599734,0.534705465045179,0.534763568605923,0.512598096270542,0.502280525504585,0.485420145318715,0.486468182220126,0.462870482318405,0.451873131044106,0.4477328121034,0.437960902999604,0.421798305147652,0.414456307382901,0.403092105193559,0.387248687817722,0.376170292548786,0.354530220637788,0.343154291048726
"351",0.521017981044253,0.514576532924015,0.520315663676421,0.520952565105559,0.516335911619955,0.517119814702633,0.511907088163871,0.52241949198529,0.517074938093131,0.517646684592859,0.512275663169747,0.522881993240732,0.517507723191884,0.518113431639025,0.512766482372483,0.513482365824023,0.518030970771726,0.513145613920122,0.506673692639855,0.50100093633593,0.501405784961007,0.50588322596544,0.506093564704608,0.500451950199891,0.500347715915629,0.494964696288171,0.494878562703355,0.488901812377987,0.489194462555203,0.483217158325914,0.477221922132757,0.470916407618527,0.470378569558776,0.464356328728222,0.45803583360082,0.452154925033413,0.451773506978447
"356",2.07336887788373,2.09395053405571,2.10447558013319,2.12509439705392,2.15144333014669,2.1617894825107,2.18233221192711,2.19267854644723,2.21319720741383,2.22938934906301,2.24288279499299,2.25309504809565,2.27355833475916,2.29392201967604,2.30420697768756,2.33022854737508,2.33045271445475,2.34054677661676,2.34087200489958,2.35104163845444,2.3513330940191,2.36742753150715,2.36763213111165,2.36796415201205,2.3783029166592,2.37841735460839,2.39460157456575,2.38896857953171,2.39872360151871,2.39834313922327,2.40787547730551,2.40775635661997,2.41754717579033,2.41062697161917,2.4202911726421,2.41998811585088,2.41994993037017
"357",1.132877497224,1.10178661336647,1.07610462188644,1.04479573509047,1.01330150941318,0.994649480136484,0.963506288737549,0.938249673712051,0.907101938083435,0.881683773794823,0.850856100866745,0.825107633615565,0.78395564852153,0.752899655642706,0.727377694371619,0.685987966508119,0.666520880563789,0.640982908870861,0.621464228351261,0.586181821094635,0.566504192599752,0.540801990107411,0.520905672024914,0.490620180902561,0.464945887349553,0.444120579399425,0.417721735119357,0.387479746474414,0.360988138539983,0.340825995816945,0.304584297553933,0.284367300433238,0.258215243586121,0.237431548708903,0.207710990565754,0.186542148988261,0.166234438368284
"363",0.393868537155898,0.400275835448515,0.406984197152897,0.413432738489305,0.432806909092346,0.439049797317537,0.445374397685032,0.457240102049661,0.463509643176342,0.469757027107064,0.482686276069331,0.494452894158354,0.500685722520346,0.501037626447976,0.507092889502774,0.513152476380579,0.52001910580905,0.525772975893966,0.531855723566702,0.537742129661506,0.538017901977097,0.544163303512862,0.550149188974623,0.556370677669719,0.566783416545655,0.57281830629046,0.579223081533733,0.579456934835631,0.58504870889248,0.590398956274143,0.595701876487536,0.595621695100612,0.601240178682756,0.606847311140196,0.612385154765128,0.612180134570709,0.608057142953342
"388",0.996937750116202,0.991735848708126,0.976089608141202,0.976783107476536,0.971450182601398,0.965797600127941,0.960607315709993,0.948175852673084,0.943015069837774,0.927628376774765,0.922164793345395,0.909496156830823,0.904258232734872,0.898667225230291,0.893095825422912,0.887258555507302,0.871614809983913,0.865316302086326,0.859995443539689,0.854420440985491,0.848859263195365,0.849263859801376,0.843700060190866,0.828447041987321,0.82335651994903,0.81753862907813,0.812588529505638,0.807234055017833,0.80081165175391,0.794513013242316,0.798073031883501,0.802509906988151,0.806799935659677,0.810715391268995,0.818149085509472,0.821822691551766,0.832108192538043
"390",1.04185920975161,1.03233844542039,1.01810487170601,1.01444063362614,0.99781462898846,0.993735880822447,0.98001962330974,0.976040407084489,0.966587562888929,0.962718859518196,0.948810373453327,0.93878973060913,0.935041660636989,0.921015931351621,0.9112193638429,0.906976002767965,0.902904524156808,0.888317544642463,0.878732834187201,0.874692580502192,0.870686504688779,0.867681390280148,0.863642110253155,0.859860634934843,0.850464751402319,0.846184889156871,0.836895802444684,0.827249053897962,0.816684209902771,0.806202526934598,0.795591029252906,0.785730903771881,0.775735427080897,0.765441235923034,0.755276963699,0.744750006526749,0.734998869381296
"394",0.42476758924057,0.428549183101919,0.441005067429841,0.461872332972493,0.473720582846692,0.490665383142534,0.504381392788216,0.514933356635974,0.535311919665635,0.546035612990226,0.56199141210276,0.576250695646735,0.586586150854348,0.597373000566765,0.623693134987076,0.634960834312919,0.638470064397884,0.660228280253352,0.670032460620675,0.685617194808208,0.686103421330144,0.689787659926536,0.690060082398178,0.700341127654262,0.705655791536609,0.716969200988197,0.710326866518817,0.719951931671385,0.721274419528864,0.731177941004346,0.73130826039456,0.73371104057783,0.732835531028347,0.737260485443478,0.736627940019903,0.747516404558792,0.740195045992134
"395",1.1685234669341,1.14389841731653,1.13159123693742,1.10086761886928,1.07740623412768,1.05331943037249,1.03236538283148,1.00738500832524,0.97608721304216,0.951166175649148,0.94572535023443,0.925721661355989,0.920177251472996,0.905502518562723,0.894668550106822,0.880637858454495,0.875271497093938,0.866297993882131,0.850213370225561,0.844316234082162,0.834906314659801,0.829281098954894,0.819518513063113,0.813651414350361,0.802793785317632,0.79816610717836,0.787447948367908,0.774242089441121,0.775761110745649,0.760098004687962,0.760410251164781,0.736710431570602,0.735542380883744,0.719802542985479,0.718901437778024,0.703917290104218,0.696189107680589
"397",0.924611286322892,0.931338159473222,0.93996612234308,0.956444026128712,0.964199348680168,0.95874603207357,0.97505620732953,0.981519556194999,0.997527193294482,1.00407836746955,1.00436630395549,1.0215049364142,1.02751013042781,1.04426567560035,1.05067561787779,1.0522851013622,1.06168965731693,1.06989440143013,1.07533888885393,1.08516151228593,1.08488160290786,1.10083357214595,1.10685713265366,1.11263840853944,1.12179795723638,1.12894013266781,1.13418393627055,1.14928581888383,1.15667573448945,1.16674258741364,1.1728335263015,1.17733831901006,1.18202472114757,1.17795266450664,1.17714214320989,1.17387169803399,1.16870045654255
"398",1.5487800589366,1.61957442717437,1.68174170280938,1.75349890869162,1.82481832007747,1.88590639520767,1.95060256080828,2.0212959285354,2.07577190243002,2.14641407600995,2.21689062124186,2.2721150654982,2.34235604575933,2.39748790397219,2.46801798135194,2.53922324889046,2.59393644533923,2.66577959117085,2.73572536377045,2.79005535225572,2.86056357660578,2.92487728759587,2.98505803130273,3.05481976626145,3.06845405408856,3.07887306044743,3.09805272796832,3.11165335690484,3.12237805940235,3.13664865849665,3.15670800353951,3.16576626142677,3.19153975120432,3.21701202966319,3.22622392099136,3.25202404107579,3.28366177075381
"400",0.893915996494892,0.895717732442949,0.894787583756353,0.896302587349737,0.902243675474108,0.89847256050433,0.910280390879804,0.919818616128566,0.931520329971308,0.947732479218756,0.95419510692023,0.966231407343277,0.982216141917126,0.988761445408347,1.01745823246837,1.02395588216871,1.04611076474093,1.053183552027,1.06915126702292,1.06864483443869,1.08487572379974,1.09059456134384,1.10647387146746,1.10508506325326,1.1202740703556,1.12494645244027,1.13943300498569,1.13774009241339,1.15395863719733,1.15988916881685,1.16914987372223,1.17390701027251,1.18203003557872,1.1873108642184,1.20121859224621,1.20688617439875,1.21489123816816
"403",1.82638397639112,1.79692381430902,1.76507042993122,1.74262401457708,1.72043099060052,1.68799581688657,1.65855911936331,1.62602929766391,1.60338663692745,1.57084766484039,1.54828038005232,1.5145853095091,1.49190306923884,1.4694247282053,1.42673012555986,1.39420034619921,1.35483183116229,1.32252554211011,1.28968673665832,1.256864732309,1.2241728075198,1.19040008352771,1.15749361426418,1.11432547577298,1.07448852139793,1.04130525540103,1.00107487940982,0.973417014128262,0.940311607203849,0.907090496147286,0.867159567513946,0.83350503036774,0.799814697443951,0.761977275814511,0.728201917382684,0.687922489779688,0.654224805369087
"407",1.58377875282596,1.56883667323519,1.54916003661373,1.52701808954842,1.49689798217399,1.48211464097953,1.46112420315627,1.44592519829822,1.4247553740319,1.40385248559187,1.37845582667946,1.35772377533353,1.34228849107412,1.32146385692218,1.30615566814125,1.28553716301799,1.26010412107326,1.23978778086572,1.22406679025264,1.20260609213925,1.18064351675401,1.15930805555198,1.12797736751003,1.11223851706008,1.09043060021739,1.07511689317259,1.05327804884188,1.03717646763388,1.0160908087978,0.990201981078874,0.978531204881636,0.965483275543149,0.953255821116103,0.947256114668954,0.917724241888603,0.884587240343076,0.854247078031031
"408",0.672373721756011,0.678853333985599,0.696753713993606,0.702851138767449,0.715682910617363,0.732624824574113,0.73878793165219,0.745315403260642,0.754339989064455,0.760787849695032,0.772814229834479,0.789781714587105,0.795713902294053,0.802526984902125,0.818896964886926,0.826173932742296,0.838248691227536,0.856440106902497,0.862015510670818,0.867828205229404,0.88417528979562,0.8899549873748,0.901669743377414,0.917058758492703,0.921906496160122,0.958334461628977,0.992959279180125,1.02786652307668,1.05482125955257,1.09656510452009,1.12026425421719,1.14895316774439,1.17777809491148,1.2075875935438,1.23660229649659,1.26620266647452,1.29499671526736
"412",1.89340372490199,1.88789873948167,1.88157617988529,1.87170143424019,1.8713405527245,1.87700589181738,1.8773469066309,1.8677391261839,1.87388265870115,1.87414228264193,1.87052919429877,1.87034008137167,1.87072423199495,1.8668035490853,1.86696958370518,1.87266122374839,1.86311101798632,1.86297347682483,1.86926728668677,1.86973218549403,1.86576264574356,1.86587679622891,1.865981074125,1.86160136201503,1.86187309073881,1.86684576930584,1.85652495384097,1.85645599967111,1.86141818218976,1.85118228696914,1.84643951253357,1.8297604665059,1.81949662663005,1.8045966656105,1.79410552140308,1.7888949123677,1.77203859688095
"413",0.651539071851886,0.621661608888883,0.600935882625857,0.576573163831516,0.562937278361055,0.532788789322921,0.513038140453635,0.499275620264765,0.469574551504914,0.449798994037897,0.426340798590946,0.406138420633274,0.376458128832439,0.362635781239175,0.342809119771011,0.319491601621166,0.305858609401567,0.275864686008618,0.256445580296527,0.237050857632592,0.233105768104607,0.213087131846049,0.203144970944001,0.188458703139176,0.168572675742233,0.157367266951995,0.142292266395554,0.132011974273142,0.111037153783844,0.106700594434297,0.0919891663155427,0.0776215733162109,0.0797239296386099,0.0703510203285885,0.0655289725574767,0.0499240068837548,0.0453819865393943
"415",0.702233786626633,0.698428783927865,0.698770981006937,0.694934004009161,0.685309648253083,0.681353090367785,0.681801833429178,0.677945987639087,0.668368824657857,0.664518502444818,0.648091231166976,0.648298990055389,0.644445828751495,0.634867586219452,0.625146061649467,0.631216548413498,0.621532921143935,0.617603597422179,0.607910380774916,0.608140308312775,0.604216695389343,0.587814516827531,0.577984705419028,0.573843322967519,0.573952466877463,0.563936609324457,0.553014239314589,0.542905127379847,0.548630989403592,0.53841013528847,0.521529662161723,0.516922322085087,0.516488655244784,0.506174105350231,0.501465513035334,0.491197957007483,0.486683538850085
"420",1.96462913098023,1.97548054105003,1.9675492948887,1.95826774973638,1.95980024334565,1.95083698944234,1.95138245887816,1.94191501274501,1.94226944856078,1.93290869763869,1.92743482698053,1.9125442641576,1.90711717457303,1.89204961650875,1.87676207637669,1.87198251727678,1.85648262947286,1.8519900579856,1.83620520635949,1.83042298013101,1.82170171421752,1.81619432765639,1.80064677197476,1.78929319413626,1.77336232775137,1.76820317053171,1.75241751582041,1.73644254328961,1.73116465427696,1.71521026240328,1.70929135313042,1.69294038073012,1.6866116569577,1.67070358865058,1.66441310531103,1.64873455164354,1.64256668683751
"431",0.282019497192994,0.282541186556488,0.272784281991942,0.266406832367759,0.26121693523977,0.261449912263495,0.251985098152475,0.252227911375733,0.252766890818465,0.23739505066655,0.237675426686265,0.237687627303605,0.238171023084237,0.222610589178572,0.222808366716209,0.222813783064906,0.222938508838872,0.212569881997224,0.207192260349504,0.207354042124051,0.197570980377435,0.197952644706202,0.19815033926893,0.192859859041339,0.18343674969126,0.183486710345254,0.184230793025013,0.178812702590887,0.168336088570942,0.167867412206269,0.167292150497809,0.167417046344876,0.161643190710097,0.161400072384279,0.161253617644145,0.160813454900506,0.155280580663046
"438",2.29515711655423,2.2853840243758,2.28470009707896,2.28492457083433,2.27338394030293,2.27328517717069,2.26366014221745,2.26397867247584,2.26441222262821,2.25355185515941,2.25408773392413,2.2539115925554,2.24431612731348,2.2345808412072,2.23049734361923,2.21040513325052,2.20076401764157,2.18473646245878,2.16524077807232,2.1498727878218,2.14011311846916,2.12452515253037,2.09887959733652,2.08888361474464,2.07350015831198,2.04621286254486,2.03035179762041,2.01460350744194,1.99386332873523,1.97780367817331,1.96727295683227,1.95148835712841,1.92554895893626,1.9149436939019,1.89877258619404,1.87782465290212,1.8553264259245
"443",0.487509670395816,0.492072694395532,0.485824920603661,0.480412831550201,0.464488520930661,0.458618483246017,0.453271696310156,0.437782640523824,0.432504924215641,0.42699470327399,0.417481220749451,0.411421982105397,0.401867698786857,0.39626623274653,0.396375248429358,0.38610542446152,0.373936773924028,0.373438671776094,0.358207773143724,0.358585923509039,0.353029373608257,0.343258265422959,0.337622381911976,0.337749166913432,0.322504843955184,0.32188568831902,0.306307902975503,0.306500515777997,0.299819868109492,0.289451210466676,0.283041997856352,0.283205829624041,0.267409649834849,0.266834580261968,0.260777684316026,0.249786926355442,0.249907461356679
"446",0.495645530639417,0.496582249994345,0.499070141396318,0.48986178083172,0.484727678862299,0.485997512136588,0.476561863246826,0.477130294374881,0.477450299038903,0.471291226048611,0.461500910137633,0.46266437306587,0.462952007224533,0.453770845942732,0.447560539478802,0.448948759805792,0.449190595969804,0.441090753437485,0.440860849407265,0.434055812067355,0.424564950401885,0.424816859672683,0.425070890936477,0.415248930853996,0.408009199595916,0.409327737043527,0.409130822613929,0.408668634950674,0.410042845978209,0.391850431729033,0.380509316751931,0.373651138014549,0.36117619608322,0.355557757683567,0.336653624155568,0.325969826702555,0.319394718317126
"448",0.808106933690453,0.812940349055478,0.818192626857022,0.832846517345955,0.837796379141139,0.842624148930522,0.864181103141528,0.868910408596693,0.873485229056838,0.888175460211108,0.892891658645698,0.904319129138372,0.948893344151556,0.983639585068297,1.01818279484314,1.06285104205495,1.09746967309629,1.13227035151856,1.18253606535117,1.22279065944008,1.26313127168772,1.31327774709855,1.35427981644675,1.39422869449184,1.44427760203535,1.48405528479666,1.52802135660792,1.5678654789673,1.60762626980279,1.65744590602316,1.69711294474123,1.73104042148678,1.78066544412366,1.82684535492384,1.86636999698394,1.90996618822193,1.94972547474122
"452",1.22801865333506,1.23391669775814,1.23829311141984,1.2444578371031,1.23390782061151,1.22913344717521,1.22534033510355,1.22114614235156,1.21177489829418,1.20766246861573,1.20379839451235,1.19882685962548,1.19514921180116,1.18499081807413,1.1849570544501,1.17416208080337,1.15757696623722,1.14608259239501,1.14257059151074,1.13295012104311,1.12302798270144,1.10679171167655,1.09694249233324,1.08743204812039,1.08420720807268,1.07358972880117,1.06453758322841,1.0551606570679,1.04387768554873,1.03327768407579,1.03819002630351,1.0287664804046,1.01910701221505,1.00863744250182,0.998656701901785,0.987615465835342,0.983986082170227
"453",0.0457394483626819,0.0559602013925737,0.0652491912981486,0.0754834408920345,0.0839373376260403,0.0895718873095355,0.105700414459126,0.121753235351894,0.137944758187946,0.147080754116862,0.163345497159407,0.168923739000151,0.185087383701864,0.201094824575348,0.211248467932758,0.226916666971432,0.233010928813929,0.248503113709444,0.26475324511237,0.280880167699911,0.290262308434807,0.306221639295514,0.312120004683608,0.334576361111005,0.350725685153554,0.365993984888026,0.381829611215387,0.39769246594856,0.402791168817021,0.418261882834918,0.427735358135032,0.443530074308856,0.459176220170609,0.474446153847157,0.476553319586748,0.481493860586614,0.487314136848902
"454",1.33158787251198,1.32627570561019,1.32075070553709,1.31536185305428,1.31985399788915,1.32007254193059,1.31472533204004,1.30934995983033,1.30398886936554,1.29858267357494,1.2964302670293,1.29654677212453,1.2911552354328,1.28578669261486,1.28026646974002,1.26800805239573,1.2783598678385,1.27289562167556,1.2674550856107,1.26196811527525,1.25650834583291,1.25091285487177,1.25105421469683,1.25527921965827,1.24964966415497,1.24359734218201,1.23765999242028,1.23180030467096,1.23806081385257,1.23204599552526,1.23241217707223,1.23653694676377,1.23053771119069,1.23087683371903,1.23627454450264,1.23545460905497,1.23538199011545
"460",0.581294745710889,0.587784906223211,0.585280947492584,0.592962895108249,0.599959936275223,0.590805115591305,0.597065818839736,0.603293075173119,0.593650575836726,0.599973181963177,0.606012945528016,0.59671064432688,0.602801468046657,0.593403935691598,0.599578723879964,0.606165865694298,0.596405766128761,0.60321415645021,0.603239600588316,0.599003147249222,0.605157732554414,0.605419369448449,0.621398352221994,0.637374507638578,0.637237679694464,0.653661395223424,0.660396570292174,0.676042805146134,0.692282837630928,0.692084024223455,0.70771141670128,0.71298326605795,0.722493863538346,0.738203548929342,0.737756179305653,0.753723625791274,0.759201097110648
"465",0.0669502413611274,0.0674587382938952,0.0735027043833037,0.07411831888586,0.0646189361407178,0.0648328814264742,0.06533987653028,0.0655788850668108,0.0592033140714613,0.0595873742017749,0.049864381011088,0.0499309075416259,0.0503818974326343,0.0506125993434198,0.0565818096999961,0.0566657550409088,0.0468005410488831,0.0465825586844857,0.0469250369096944,0.0470674111388939,0.0472978116757805,0.0476545320636016,0.0378467897636653,0.0382771594989147,0.0387639202895632,0.0446433157539093,0.0352947068477993,0.0355875799523545,0.0352404958403769,0.0248185520504328,0.0243104720860385,0.0243599626201838,0.0143094512159151,0.0207411631086786,0.0205870540124423,0.0101822957023365,0.0104083706376393
"481",0.54553570921639,0.572292857353453,0.605253313436163,0.636128244172137,0.658273911064043,0.689681720101952,0.7102603422152,0.740827282208712,0.771130890925178,0.791877994161254,0.82777475546608,0.859013256163684,0.872469778926832,0.90332062506196,0.933911750601799,0.955366636053488,0.985556693282346,1.00752213382632,1.03723285158451,1.0727575190935,1.09325276035431,1.1135380273448,1.1338007038286,1.15406731726759,1.1735536541172,1.19494919922179,1.21495221256306,1.24036560835631,1.25173137379674,1.27165981636834,1.29182686159345,1.31087238618716,1.3300680513309,1.35030102103263,1.37550952700909,1.39641095218748,1.41580642153653
"484",0.573699132219375,0.594689319467094,0.607799599622881,0.622730255220507,0.64480562471745,0.666328974506262,0.671070894296361,0.691782045906593,0.705073516035382,0.720104730873672,0.730385233175718,0.740331114084329,0.748991019896111,0.75851139480276,0.757637882540584,0.767785372897607,0.776633182086481,0.787583167833265,0.785724807048015,0.787429978379106,0.796477789793884,0.805056312669936,0.80374289180871,0.805425977814956,0.812954758526563,0.822559579379101,0.820185966175569,0.827861739825114,0.831172857646032,0.839790213034065,0.838596935533789,0.845724762953806,0.846374487075163,0.854841671917021,0.85237249344518,0.861568893213516,0.868888794167604
"488",1.29835783124897,1.30471601060733,1.30578976718044,1.31215236224449,1.30308586113289,1.30941042324164,1.30990686917845,1.31602276120087,1.31643391651843,1.32266291076725,1.32292977825551,1.31909074871756,1.31946693169885,1.32564809073407,1.32596214319892,1.33220687041624,1.32569020311924,1.31626367140124,1.32215953592649,1.32219650525523,1.3282864773727,1.32858408219449,1.33455358871798,1.32485524629868,1.33071424208713,1.33119884518491,1.3372778372118,1.33729239579411,1.34331228375534,1.34304733986941,1.33279685300281,1.33824833012069,1.33790679134539,1.34360080050715,1.34325516514004,1.34910008393356,1.33895836387303
"490",0.363103255010971,0.353474930146411,0.352166304467955,0.358293690881146,0.364287083436239,0.354469458573268,0.360635197376036,0.366713051491688,0.372876297090233,0.363215839301866,0.369374213053614,0.375173999752753,0.381315883365849,0.364833530701619,0.370820626776786,0.376777824925763,0.382809844414307,0.372931652158218,0.379016442541258,0.384999032887366,0.391038760894914,0.381269893717704,0.387192455039853,0.393109680492214,0.399111092878291,0.394809145197371,0.394946676908549,0.400762633633005,0.422904563632996,0.428391824591956,0.427970123428568,0.443656142608706,0.449244094859103,0.443124508309605,0.437020990264299,0.446539610528716,0.440719965067711
"494",0.806844052348697,0.817796255722786,0.836225565209648,0.837009728886303,0.848949496339446,0.850252109290917,0.866546725711745,0.877110836351625,0.877396765693666,0.88810359329357,0.89404482465813,0.905195414767953,0.915462207492567,0.91626153376868,0.932566162499427,0.933877477535418,0.944095955564265,0.962464293780277,0.968042656791594,0.977887093961217,0.978345669466582,0.988607559474389,1.00461236271977,1.00483151712193,1.01442521441945,1.02131685377914,1.01129713744072,1.01098490308735,1.0020723113508,0.997761678000188,0.98784565785537,0.977018206470612,0.966302142409509,0.962210418181874,0.958331001523859,0.948940035569656,0.938448962325357
"495",0.906791261737232,0.891686680849622,0.887300307523341,0.894777138556751,0.889901486843587,0.890575515304412,0.885239476529388,0.879976221736819,0.880271571779796,0.875002109409315,0.875402504445183,0.860180271303193,0.854712201561893,0.86529928039664,0.869899822083402,0.880574662517699,0.885158301378939,0.890326463475327,0.89044926140126,0.894830054754712,0.905204705383531,0.909589920852564,0.913983921441805,0.923942503467141,0.928017490083377,0.928160263738904,0.943617278844575,0.953352441108354,0.969334317051768,0.985007595466352,1.00062800725108,1.01590215255728,1.02782027616859,1.04329797964905,1.05855686360145,1.07413528672866,1.08953763501902
"498",3.74051470704421,3.71981590481786,3.69020094545358,3.67505110772542,3.63792158743453,3.61740020024444,3.58636348198129,3.5485098342997,3.52727422225236,3.50211942771057,3.4740486978682,3.44345406016955,3.42219346464744,3.38463110897611,3.36936230115667,3.33896988830671,3.30776792718179,3.28783848991576,3.24959669466755,3.22804340874039,3.20274444762352,3.18136665922356,3.15002952020273,3.12181967789449,3.08975762931949,3.05892651848289,3.04265809304844,3.00391614893021,2.98330467932941,2.95177464413147,2.93032455629191,2.89363785981925,2.86126238067758,2.82958665761135,2.79732504377983,2.76604908622416,2.7121797478935
"511",0.449118261449432,0.459832003695576,0.465593550502676,0.470525943094013,0.481714619958546,0.486705345457473,0.497207093937954,0.501845682976849,0.512223669960695,0.516985777065112,0.520346784476434,0.525202594877955,0.559781838995041,0.600298690676577,0.634908007061373,0.675603214791193,0.710025509250866,0.750825599393374,0.785116354380063,0.825113497969554,0.859696660106743,0.894212871635926,0.934417245401759,0.96891794696281,1.0031469895792,1.04370807723515,1.07814854988492,1.10561894144621,1.14027762889538,1.18007488352609,1.21413357818435,1.24790602497853,1.28081361287857,1.31498828559739,1.34878212652159,1.37319466626596,1.41290473723565
"512",0.786521587412582,0.792111038712825,0.811272760262145,0.816309004848385,0.826742241753582,0.833382131400084,0.838140314277116,0.84648868684268,0.843823385697316,0.859137359926545,0.856728938627562,0.866637441972785,0.853590226894304,0.852171110275067,0.840109055094913,0.833235200121532,0.820673711389922,0.812178300058537,0.808226337194418,0.788118931191686,0.785888443259046,0.772799095077489,0.769989965884447,0.7564543683546,0.744836169460094,0.733798862416211,0.722325921590907,0.707720057764114,0.690944094003447,0.6884029242397,0.67628358916652,0.670891717094768,0.655899489436516,0.653027634493045,0.638560900802213,0.642787476650135,0.617740345420199
"515",0.96366143304527,0.943887157279173,0.933247748611953,0.929262500168458,0.919007388346912,0.908839607397678,0.899205844923947,0.895190355934124,0.895632109121964,0.885846261440486,0.876297092530183,0.881734128388487,0.872148388051308,0.862279143602573,0.845597093293306,0.851152433683728,0.841420014163973,0.830929210901131,0.831429092892303,0.827539293320836,0.817735421548465,0.817958628782178,0.808081763103821,0.803988292891671,0.804486837006382,0.787327482554533,0.777518043427342,0.783457078994561,0.7727435857571,0.762415928680132,0.761873285908659,0.757752916508282,0.747702266918622,0.73722729797668,0.736960210939378,0.731954915994418,0.72204064153498
"516",0.709431526722743,0.731189087722883,0.736926124270896,0.752862010624112,0.768655719091246,0.784572497737326,0.790656493853417,0.799932040220548,0.810238987302856,0.816327894440887,0.83258666846135,0.842719395594428,0.851961477154967,0.858182244536991,0.874200741731834,0.884549962612821,0.900706466627304,0.900395227023076,0.910638278757228,0.926663794128326,0.932765681143113,0.942870113934057,0.958763033113744,0.974395297778102,0.974320867109928,0.989908088957354,1.00526986005531,1.01502431003478,1.0207183065258,1.03639204953139,1.04615650790758,1.05154777696629,1.06688080482783,1.08224221161309,1.09170677238973,1.09706020397679,1.11246528618953
"521",0.291525155127359,0.297492917617659,0.29258326995832,0.288661586054185,0.284202204839377,0.279774955129724,0.275919463960606,0.281864343574781,0.27809089734129,0.274063445814547,0.270213099897866,0.265640965065473,0.271834623068557,0.267682162607435,0.273524766397889,0.268990000659083,0.27495382767904,0.270027467396891,0.27630911595722,0.272382844335422,0.278315546483147,0.268597588887073,0.274500852052365,0.270547279321973,0.27693451173526,0.26651394890318,0.266114288191032,0.262180855088298,0.267233212086308,0.262617219310137,0.262032814248283,0.258000325666375,0.263815033566069,0.259208865336782,0.259034076450331,0.254126464347913,0.260127053008837
"522",1.46367908921339,1.47410473175169,1.48022377202761,1.47633949637261,1.48247357746272,1.47852740142824,1.48467652444226,1.47503563328383,1.4711500781654,1.47727230656694,1.48028915196484,1.48616392856687,1.47651608496383,1.48262060650216,1.47284523788041,1.47882148775397,1.46909389558986,1.46502951055161,1.46532889640509,1.46130917924907,1.46158456471152,1.45756115306961,1.45770984015954,1.45359156452613,1.44379222571867,1.44947041080971,1.43954748875749,1.44533708768209,1.43509411814063,1.44062690083321,1.43026197017373,1.42588472161547,1.4256467318868,1.42774076910273,1.42740962692767,1.42272161418124,1.42266319755703
"523",1.12141304307692,1.09612969872238,1.08700464236778,1.07588318518686,1.05646383118302,1.05285180986006,1.04316296541281,1.03262726324167,1.01855056422708,1.00902706726194,1.00531326061547,0.985956264886629,0.981908090277304,0.9726529353577,0.975586534626066,0.956402014085631,0.95265968089927,0.949768079089354,0.936467412433628,0.932468236007353,0.922882936854031,0.908666653051618,0.898787252362469,0.900856765757455,0.896274118409786,0.876145706780323,0.881119640488909,0.870641769856106,0.883215961048888,0.873219646521964,0.878879099943409,0.874082208559049,0.870136374148886,0.875435680482831,0.864791200762676,0.870119411565399,0.859570013111297
"530",0.833596605166325,0.828050359151399,0.821313563356248,0.810160907717035,0.810928392351172,0.814739942208605,0.809366098388323,0.803712123147896,0.792728485232861,0.777093484312402,0.761755156573592,0.75534638286389,0.740068985069875,0.711675035242852,0.695905044080204,0.679514173010118,0.663941563448918,0.641176290437804,0.641853674979464,0.62650749332063,0.610840999848002,0.601124223281283,0.585469243710447,0.569983762830521,0.55509438396444,0.554243829580838,0.539066262488081,0.523775702445752,0.512433821521866,0.496161640931516,0.479568382825148,0.464321279511138,0.464612585428064,0.448239252142551,0.439064319624569,0.421996256920745,0.412503321745572
"531",2.19354712855907,2.20381608953315,2.22352118584509,2.23376606272804,2.25062922334471,2.25481374330938,2.26515576071491,2.27543834439182,2.28582761388092,2.30181977911343,2.31804473250476,2.32784723379979,2.34397703552961,2.35995245236608,2.37584010450821,2.39149073736972,2.40755649530565,2.42303295313244,2.4334887238282,2.44959481153118,2.46557916986903,2.48815604400885,2.50403642441731,2.51987937446793,2.53607384461389,2.54553024740952,2.56808688548926,2.58403468465116,2.59899294184583,2.61444776586838,2.62966432103457,2.64558415253133,2.66222240638237,2.66747122563227,2.68301433925188,2.68788011142607,2.69380960832617
"532",0.730516115755604,0.702179884993469,0.670607616905752,0.644785606755409,0.618803899293347,0.593201799562962,0.574554627644167,0.539305760233602,0.513749488723873,0.488254247846071,0.463203854357386,0.437468828614192,0.411940780877393,0.386683199474886,0.351133287244112,0.325587004330026,0.300413731669206,0.275156875844987,0.249789631205396,0.224526887332148,0.189090988974294,0.163253839327531,0.137536822549142,0.151227248386837,0.155325346558622,0.158576438398239,0.171743819318017,0.175535480548631,0.189136390096562,0.193366671458484,0.197273663385305,0.211172257068266,0.214938681101534,0.234095449810998,0.23762881170224,0.246475337493793,0.265952109728612
"533",3.67796254696445,3.69543258744308,3.70722333780674,3.73574430629277,3.74726552241771,3.76908110415903,3.78083674252532,3.79863839666046,3.82033256227523,3.83219602766053,3.84432126803035,3.866145141764,3.87787437721829,3.89000504723024,3.89759069917094,3.9096804177694,3.92173364329916,3.9242768313953,3.93600900621548,3.93785375409157,3.95553772716745,3.9670578104324,3.96868985403379,3.95676370065745,3.93396904576242,3.92793935140857,3.91543496953418,3.8991263032469,3.8810313814471,3.86532886173422,3.85948681865515,3.84725461733817,3.83078427498479,3.81868819793885,3.8121550656757,3.79588060794052,3.78359418809437
"536",0.129866879280596,0.167178263421973,0.197878855233367,0.225186797485582,0.261995257602398,0.300234425478905,0.327784782783243,0.36533879779372,0.397210648662585,0.434670629357446,0.463588440729301,0.50052443889388,0.538162534251101,0.559869796527894,0.597243892852979,0.634323112249111,0.656192930396807,0.693116977412211,0.730918054694716,0.762840017932859,0.796966926795223,0.828659918128796,0.866058191772429,0.893374708712467,0.92532557650781,0.961996121086224,0.999349549063128,1.02100685324654,1.05757969440909,1.08885198943239,1.11567471192161,1.15970388718969,1.19121586141767,1.21803702957377,1.24509934520454,1.27583347867983,1.30990564376399
"537",0.833280941973604,0.812065294497949,0.790226889003529,0.767633056552987,0.746019308692203,0.724527568642816,0.709090123584449,0.687917973903054,0.659864668169223,0.638619166821791,0.62338105493907,0.601780594043483,0.570591886220394,0.55514143015891,0.533779189990322,0.512251403418231,0.496871378130618,0.475281583390915,0.454190154022435,0.433056421998463,0.417539088516228,0.396112619891322,0.374672158779268,0.358768296426503,0.337483701250069,0.315208126176848,0.293366372332503,0.277543894267911,0.255216012830904,0.243455464256587,0.230620560681286,0.219002918516604,0.20724304141537,0.200809737763001,0.194591878247326,0.182016018909483,0.176074884587297
"539",3.54535348823046,3.54707478902148,3.55850009405195,3.56011537700493,3.57735066269182,3.5859186114655,3.58772574276536,3.59962917233002,3.60718656114051,3.60899363813589,3.62789450535816,3.63516702908496,3.63698958057068,3.64887932363306,3.65059837379617,3.6647565644403,3.67665945208472,3.67832850251585,3.69023001349973,3.70785226469614,3.71627729122552,3.72793506912085,3.73957625924825,3.74680980036611,3.752752606551,3.76386203206494,3.75944073260282,3.77092419162586,3.78204224687009,3.78762860913944,3.79538163912276,3.80106433467253,3.81240656072928,3.81348364153642,3.81887344590222,3.83637275726892,3.83207080838163
"550",1.30277245166095,1.32826969966843,1.34729996379982,1.37862138949142,1.402832044174,1.42342167489767,1.45513319823316,1.4595132764243,1.46730712155655,1.48151823808596,1.48643951814466,1.49971228436558,1.51436957908189,1.51851906216842,1.53264443276444,1.54593783605818,1.55634429594363,1.56911236409008,1.584225264041,1.58916309632255,1.60347570860226,1.60780305755531,1.62205964345522,1.64277421780215,1.64789815759224,1.66611498245972,1.68031087648742,1.68487086159602,1.69708738649596,1.71091302196854,1.71420336593732,1.72908394973917,1.74363058621307,1.74681388416861,1.7366286519777,1.72885269421556,1.71343056617188
"554",0.145980582286689,0.15163053311182,0.155123306802477,0.155335349260196,0.159904269888201,0.164732748099408,0.15818435418841,0.163902369404733,0.17024689271398,0.170233558762206,0.169539647153641,0.174306155242054,0.174832297890775,0.180315167140957,0.18593915246067,0.188185157905242,0.194083474629425,0.198041821903076,0.198848567965544,0.205081263052193,0.204249880625085,0.204575103449442,0.210446793999199,0.210837999498843,0.217692486650108,0.222524725632469,0.223387152597266,0.229817703708502,0.234051517309643,0.233475003406252,0.238344468965911,0.24483863941117,0.245284133948672,0.250504112882436,0.256348411302926,0.255098582618331,0.271535287387149
"565",0.592975148963173,0.592999919904644,0.601350762799573,0.601573938772187,0.610727174313712,0.610072775081456,0.620411488141002,0.620452140342142,0.630981652653321,0.631026508647145,0.641456170764153,0.640618026836146,0.651103485768202,0.650922984684112,0.660832258710197,0.65995428668463,0.660124247869704,0.668515772405192,0.66928393204613,0.679753523970369,0.679800268538222,0.690091484814191,0.690186388834485,0.700500809224018,0.701532537197216,0.710514872470315,0.711237621999901,0.721834139216154,0.720268254761445,0.723125448566858,0.722264387130629,0.732901747093356,0.733279488046196,0.742679851983698,0.7426807560819,0.751399293708408,0.761953763580232
"570",2.12486051553876,2.12522828304843,2.12520344342012,2.12565407893897,2.12586579000841,2.12592940882803,2.13209396541077,2.13229954643477,2.13273809540929,2.13301954907962,2.13332077543297,2.13320806634765,2.13360914219104,2.12952070554599,2.12288274307385,2.1228650265483,2.1230226547746,2.12273011148923,2.12308949937899,2.12327882671584,2.12262835788546,2.1229124217542,2.12306954601243,2.12336647131307,2.12377318260745,2.12374337880501,2.10418898915211,2.10018245124542,2.07981997270511,2.05947919461544,2.04902867613874,2.02244381576122,2.01234444199195,1.9921108380732,1.97100608136892,1.9607175591005,1.94075824077994
"593",0.784088732859331,0.788789539410997,0.792059592970437,0.802551389369133,0.813050358322027,0.823317810798482,0.843733203567383,0.84710909049488,0.857492161164342,0.867850068397875,0.878111331489393,0.888265350249315,0.89285986585595,0.903140506364058,0.923348842125009,0.933553553467736,0.943713312817508,0.953778668971711,0.964026188139415,0.967513444916058,0.977771104971125,0.988038946242907,0.998203962916576,1.01270272667128,1.0162578588289,1.02649056253339,1.03678727654419,1.04686605108589,1.05686018038932,1.06660220877921,1.076300523372,1.09613123434179,1.10591843325593,1.10575919956681,1.10970049270819,1.10954471167738,1.11950663660993
"598",1.07827190152557,1.11454708853203,1.14550474129539,1.18177809725066,1.21260141485344,1.23311042000842,1.25928955234296,1.27961173355647,1.30259993239831,1.32299985780677,1.34899703251551,1.36929317006389,1.3953812913687,1.41573399639267,1.43598780376359,1.45212242211001,1.47228285534896,1.4983817196816,1.51854592834217,1.53861160352897,1.56465199071572,1.58492169959829,1.60086044968809,1.62113418183963,1.6413026817805,1.66739120775219,1.68771564730594,1.71356498152386,1.73364731229383,1.74339236778648,1.76889828491121,1.78869650660886,1.81424312405047,1.83413309579736,1.85385751509932,1.87959007148809,1.88953967967303
"599",0.0650888909746731,0.0682358112843047,0.0712098446796916,0.064211821588692,0.0671002060397762,0.075767825491029,0.0745648585263133,0.0834060597090685,0.0979418960646218,0.106712079204281,0.105662076159908,0.114162334838509,0.12293577822063,0.121751519155563,0.130403343336421,0.144744427916224,0.143571077708975,0.152144730769239,0.160973144450051,0.16641154295927,0.17512354434481,0.183696331813694,0.198018766722912,0.196367549898192,0.205056841418851,0.212876745332079,0.211070201471273,0.209480137070029,0.207243900674393,0.207885953515599,0.205850616297222,0.194328615237497,0.192656597629012,0.190467239087792,0.185205213746155,0.182547791957751,0.186745680140923
"602",0.333703440318108,0.329891004871032,0.336239181910399,0.348168207575894,0.344500702696124,0.350629253655911,0.346779433552114,0.345965616817527,0.346299594649639,0.342446126998532,0.348477013357126,0.354534911094568,0.350604992120555,0.356743630712781,0.357002762853999,0.353165640897874,0.359123678038427,0.355311060160631,0.35461837272824,0.360448263678105,0.356515220676424,0.356749858082541,0.362683961169221,0.3520104460861,0.357774429440141,0.363952281369299,0.35984776980052,0.365561109817023,0.359228567983524,0.354847326528679,0.360490508523232,0.355855264534563,0.361231267200374,0.366942122725651,0.356556298889853,0.36247388393576,0.358011555933248
"604",0.645801681703069,0.646531611662157,0.658344162186829,0.658999674720154,0.660375676844845,0.661256643879552,0.655966290127938,0.649493807615479,0.649782812941202,0.650336444277357,0.650505826738895,0.651279733517703,0.651547512924425,0.64636791122358,0.646766178341559,0.647653894151594,0.647819208720823,0.658949968587654,0.652258511291704,0.652152832482438,0.646773217674053,0.647021815660342,0.647226798928174,0.64745038584713,0.647217010136494,0.638084577037835,0.638170900314126,0.632215786542699,0.6329923478038,0.632874126323354,0.627087227469707,0.626488857912268,0.620182277133257,0.620247127530433,0.609817486852393,0.604465381944429,0.604109554150805
"610",0.622915252956181,0.633772332714562,0.640513382084409,0.651221044586538,0.66299711380852,0.674176984681105,0.684652403837811,0.705143530594091,0.715385138178761,0.713392065555611,0.723533765810124,0.734618270740624,0.744835557331354,0.755576551947602,0.766072437078674,0.787314454482489,0.791737594031832,0.803435877727632,0.813201149237898,0.823021313184811,0.826841790591982,0.837065107556106,0.841519891756701,0.851684294778072,0.861185812089519,0.865731847842326,0.875583301625902,0.885187493862204,0.896482680375579,0.906480465558731,0.91668577127111,0.92577015390037,0.935001166206233,0.945194714631475,0.954633374309343,0.965443680700205,0.974830010570722
"613",0.149485954639616,0.150198526647243,0.15758170190397,0.15828197607942,0.159604726024664,0.170397318504695,0.183523724517003,0.183848913266744,0.184200798884267,0.190448515140233,0.200581459221403,0.201140347499171,0.207215391254735,0.207647246510468,0.217974101370943,0.218606388745658,0.224462873961634,0.225131006807049,0.235148804718464,0.235074659783497,0.241149270485307,0.241466388562998,0.241672104509955,0.252057896849296,0.257883898953139,0.258630250327826,0.259084563118091,0.274916077414532,0.27538535628189,0.275141769490392,0.274978334865059,0.290422047132816,0.290110913304429,0.290187534305507,0.289918628530416,0.306017943753482,0.305924719395612
"614",1.97983787111871,1.98051724722362,1.99219907468681,2.00277507149874,2.01402364791038,2.0191062922145,2.02953521988707,2.0299545855957,2.04022733646938,2.05074064089495,2.05520346564953,2.06588284226875,2.07614049885243,2.08669930336855,2.08130987079436,2.09211168733023,2.10231448252085,2.11335919876362,2.11756617189012,2.12753835056667,2.12789883287508,2.12811695748732,2.12830006067244,2.12268932311826,2.12251956173041,2.12313644399259,2.12314785699169,2.11720664666643,2.11775762442505,2.11763797752534,2.11757254034023,2.10127993665114,2.10080682910368,2.10076934950654,2.10034394771936,2.09478406964968,2.09445949021087
"632",1.15079460190928,1.16118400604222,1.16141146564625,1.17760039663914,1.17796654278844,1.18389140674787,1.18428061286593,1.19024897463456,1.1906356691801,1.19669057507826,1.1969446878274,1.20271511809907,1.20306960067918,1.20326935806683,1.20918607325955,1.20924556426099,1.20938043870061,1.21921589192387,1.21951002209068,1.2196525389751,1.21986070082068,1.21351379095477,1.21366715842445,1.21395779397163,1.2142978459276,1.2143762306122,1.21480321616649,1.2149954581628,1.2147662344242,1.21446257070204,1.214077504175,1.21984989205008,1.21976733775178,1.22957846113256,1.22938475305617,1.22910034757085,1.22919883493274
"633",1.31278959550578,1.35749920559602,1.40836754552457,1.45288504294073,1.49345348727,1.54396838417316,1.601167652943,1.65159238502643,1.70181021862972,1.75218234455349,1.80258664997335,1.85975687091368,1.90999142381136,1.96046072224287,2.01071925408674,2.06116949313564,2.11151147635094,2.1564083294896,2.20658339885457,2.25678603668084,2.30710440737808,2.35719819467165,2.41393517326447,2.43382455938154,2.45377628673797,2.48362172170767,2.50328604559727,2.52979863426244,2.549636945855,2.57952675423362,2.59927854277739,2.61901480230179,2.63868829149814,2.66251589544489,2.68207599311047,2.70160422141574,2.72134347856334
"648",0.571876288852518,0.575437027848006,0.577356232649014,0.588066316842011,0.599547324209157,0.60470169214859,0.615169993700843,0.61553292882778,0.625834678863952,0.636369090515016,0.646473036911438,0.647201515097687,0.650653262321441,0.661197521492217,0.671587311791824,0.672477513777935,0.682581013189455,0.687085861644786,0.696945017494556,0.696782705198949,0.707152150841628,0.717433865326067,0.721881100476581,0.722193917480385,0.731997957547202,0.733006506636458,0.733255362982389,0.7331413232825,0.73399911943956,0.723859708115642,0.723868112884402,0.723298705064315,0.717035485402988,0.717196747671746,0.716831073553017,0.717401078599091,0.701327340577822
"660",2.35236449378137,2.31562380755622,2.27330774044219,2.24648419361653,2.20400059916602,2.16706195359688,2.13439481148557,2.09166644872972,2.06471077345411,2.04886767044507,2.04192547912442,2.02892689182035,2.00619804581748,1.9991712357012,1.98627937451487,1.96904063161384,1.95622251206741,1.94882962901728,1.94340090078221,1.9545200450116,1.96472135224485,1.95913411233228,1.96347355945545,1.97355192263046,1.96813140981604,1.9719676361265,1.98208018278155,1.97642736785809,1.98585562970204,1.98982575236678,1.98360195228929,1.99367394593423,1.99784444534403,1.99164414910563,2.00139514950976,2.00490939349327,2.00496921281796
"661",2.48059423212864,2.46490340361026,2.4657005697812,2.45133251457406,2.4492660959786,2.44059822772751,2.42652095791822,2.4183704873971,2.40433881017794,2.38449483609922,2.36932704062944,2.34335186267932,2.32358684327071,2.29133260961798,2.2656900892902,2.24568395605389,2.22038013350059,2.19471164306824,2.16851153074401,2.15317927504245,2.12767900386274,2.10765664101758,2.07531414315777,2.04915056474541,2.02242783569075,1.99592162397158,1.96934865473054,1.95902463325235,1.93278385684928,1.90700049507453,1.88673767922887,1.8606942690495,1.84454821993628,1.82388354313971,1.80754019149863,1.79084822671104,1.77044647570585
"668",0.634753568152514,0.635042655557753,0.644586962506074,0.645113880803528,0.650907270660136,0.650725264527359,0.661139357628002,0.66115744019509,0.661661372807365,0.66184313189234,0.672007540484469,0.677363893991454,0.677809189341726,0.677710736207469,0.687719998342959,0.687264882067824,0.687249186819782,0.686146017310916,0.702389227358995,0.70255797328825,0.712639255340461,0.72303701950758,0.739811538988103,0.760417549350057,0.771350546501565,0.781147698719693,0.792300738228499,0.802975261249214,0.812076141018969,0.831525706621651,0.840814080071589,0.851364698304209,0.861744307007569,0.865757173579182,0.885892696098854,0.895271507491447,0.905917331423485
"669",1.05731117487076,1.03756371059628,1.01150627779393,0.984816049252529,0.974873440798746,0.954850257140483,0.929437656610622,0.909604921231154,0.899984792959804,0.873334545920971,0.847866996776937,0.827732943543082,0.808074823810125,0.798214570392216,0.762557649469933,0.742459368588801,0.722615968101765,0.702252030614392,0.666847335722042,0.647058531985962,0.621472160330002,0.589324209137023,0.553684546210494,0.522366609836521,0.49700855841785,0.471037797678066,0.428939116870334,0.403342131970737,0.377153484895297,0.345314178845595,0.309113736440639,0.283396665988869,0.250919798092823,0.224852224406819,0.183067825787644,0.156812113130979,0.131094117293531
"672",2.40915364955522,2.40951106098927,2.40965036456934,2.39879459825484,2.39918490687401,2.38936585523027,2.39549241208668,2.39569097455923,2.38605860409722,2.38634812361311,2.39233122336967,2.38235029240076,2.38950896040236,2.37966455577094,2.38555283749983,2.38554672912225,2.37565892726779,2.38115842460116,2.37146001936009,2.37159945240292,2.37178754404518,2.35120815571097,2.33135526673006,2.32166595756456,2.30204555549417,2.2978830402092,2.27836969307299,2.25860241161631,2.25412374928963,2.23381328799215,2.21342230798824,2.20346210163057,2.18342612933445,2.16747481290441,2.14732085927772,2.12124631387771,2.10561032704733
"675",3.27454451791567,3.2714398187976,3.26611866234448,3.26246181566386,3.245396780977,3.23764237979916,3.23378849265289,3.20057254206897,3.16893983556205,3.14837880743071,3.12707924778639,3.10098513407876,3.063629885653,3.04359816204289,3.02294589094018,3.0040752449438,2.9663210799063,2.94333634360817,2.9209496752912,2.88904032040245,2.86164846421273,2.83427110636539,2.81295019485834,2.78088558867145,2.75752131601938,2.73119832420243,2.70214595965771,2.66245385119235,2.6437877788677,2.61622781309553,2.58992249867437,2.55617508572287,2.52616290240693,2.50490781442776,2.48205120672076,2.44636994291731,2.41625794128741
"676",0.787345199774501,0.773635847532926,0.761888909926479,0.747479074954365,0.730184394844659,0.717345869122722,0.703218716010185,0.689936799244696,0.688102900315605,0.664478555350865,0.650893547194588,0.638099789386943,0.62949680191807,0.613361326006427,0.599745555276518,0.587369340488926,0.579678253457721,0.57539281044916,0.550810469129085,0.542487166211667,0.528900359305919,0.520978837183353,0.496812416136592,0.487313093372532,0.471591331794111,0.457588985677628,0.437741684602699,0.427932957177741,0.415009446168159,0.401346527557363,0.394257611474808,0.39431897831252,0.388742272953097,0.400722240905419,0.395320115471631,0.403578263289897,0.397899828993001
"684",1.15165544792423,1.17768854700542,1.18747599673008,1.20794882597696,1.21113741539511,1.22538122196132,1.23576730021318,1.25011499061255,1.26054406651418,1.25814707800248,1.27833750663813,1.28243085092183,1.30280678616456,1.30032269465337,1.32042736074262,1.32457359065347,1.34463719521881,1.34841870533184,1.36874666855127,1.37311069157987,1.3832705720475,1.39782045617257,1.40796753517184,1.42260497211841,1.42646457704371,1.44074470000142,1.45139791463065,1.4659590446937,1.47558349004871,1.48944177312543,1.49898617270087,1.50336239940146,1.52342520080742,1.52747629771129,1.57739475724577,1.61125988733843,1.65152697766857
"687",0.511699841549726,0.504828811196779,0.509215603308829,0.509551044628445,0.504027726923889,0.504150603706637,0.497582326364618,0.492069348867341,0.502384747537737,0.496905488464543,0.497196137156188,0.491466278353069,0.49176417164448,0.502000088818663,0.496390550914077,0.496482529056044,0.490909215122768,0.490879762805589,0.485391556620529,0.502206615117652,0.492410247342617,0.48685324101923,0.48697206051818,0.481363074428568,0.478381138618689,0.4781373929476,0.478414712148788,0.472825295298869,0.46233785335181,0.462062079636754,0.468201315262575,0.458343191305049,0.45836452336085,0.458025465775813,0.457855455655086,0.441464823261297,0.441627089312066
"690",1.58915725342776,1.61950079491619,1.64944549736253,1.6799552706552,1.71596039705723,1.73596756329377,1.76636393355974,1.79645215108551,1.81424876525751,1.84449913681137,1.87466247002381,1.89876818272677,1.91914920984559,1.94241324364952,1.96675962193535,1.99667405133727,2.02671183216865,2.0504808439142,2.0807950953417,2.10089783933428,2.13190938565669,2.16224931454687,2.19240061327601,2.21709901857104,2.24771489249731,2.27435829208282,2.29944142954485,2.32991435667048,2.35933838337507,2.38312480474635,2.41257217036807,2.44288864840119,2.45730367527913,2.48712599053008,2.51713665739137,2.54090484204633,2.58132679174268
"691",2.96886822631331,2.96195856583078,2.95489209314669,2.94782992687705,2.94066485615457,2.93930423967757,2.93229295140665,2.92535089845537,2.91832377093998,2.91129481236032,2.8944681188925,2.88717160532158,2.8858975111197,2.87213415929274,2.86500939443527,2.85784849285271,2.85091201350042,2.843790713019,2.83681579777231,2.82561718436846,2.81857026686582,2.81132560025567,2.80409563191848,2.79658114294293,2.78270521397848,2.78056822091121,2.75277900684058,2.73529746706991,2.7074453128926,2.68341818453811,2.65577839775125,2.63827711415632,2.61645595969486,2.58852839217829,2.5640608474802,2.53589211936975,2.51245232262792
"692",1.89706998998662,1.88104735000172,1.86328603148488,1.84708406566509,1.82979977370018,1.82333300712832,1.80760875682214,1.79214227028401,1.77657556995088,1.76076360459451,1.75155648225043,1.74504212914481,1.72951097732518,1.71387585973493,1.69804905686292,1.6816780677677,1.68650390136763,1.69006143869581,1.68502319801308,1.69577459039051,1.69016824021824,1.70089228807813,1.70508059239431,1.69869106838665,1.70329169496982,1.69557785513481,1.71042166303755,1.72029301501611,1.72441351316191,1.73432681590187,1.74948202556987,1.749748463649,1.76551948998257,1.77017504181613,1.77971522637709,1.79359613570339,1.79347662921391
"695",0.529376749847461,0.525049982962175,0.515045758261578,0.500815067765934,0.485708960297263,0.476670488347772,0.462645421874735,0.45850758224423,0.450381740461545,0.436177729381024,0.422379360012295,0.413253815983297,0.399362253911973,0.388291757811505,0.379782592651825,0.365031104411463,0.351037437633801,0.341686384229235,0.338017947270804,0.324186598584957,0.315833367678602,0.301766191423297,0.287602584650908,0.279211150290063,0.275575559797195,0.260558303805028,0.252337064862203,0.238388605403566,0.223156317639272,0.204398106931759,0.189588180101407,0.165688306555772,0.157383310476927,0.13265641318861,0.118293032521006,0.0989131880125305,0.0849430498290091
"697",1.53067158251595,1.54143770720101,1.55946719345799,1.57582172262617,1.59320747143377,1.60006782961758,1.61048213901285,1.62669645834592,1.64263905319862,1.65897785771015,1.674858316014,1.692662056329,1.70861050346089,1.72502193706053,1.73121199687752,1.72806929468883,1.72823190556746,1.7355016475519,1.73105833018057,1.73665715495236,1.74282344822117,1.73303700908368,1.72170212029258,1.71610371297218,1.69418662511577,1.6836425989044,1.6720530984591,1.65023628355147,1.63965137607352,1.62805485408346,1.6065936438088,1.59435053068765,1.58221193215326,1.56075052184122,1.54873217996783,1.5434553005321,1.52144832592415
"698",2.95685685065946,2.93867415259428,2.91363830302118,2.87804575112516,2.85270053928404,2.83313670497511,2.80762513097328,2.77230314266204,2.74670224839235,2.72128402050872,2.69595726118228,2.66053971169674,2.64177668066493,2.61649658985116,2.58673436397508,2.57294414741522,2.55332327877676,2.53406349767142,2.50999066585323,2.49021880456333,2.47053812202313,2.45633609343548,2.42642610501797,2.40618441457738,2.39176121364822,2.37157304644124,2.34100305334636,2.32646564980131,2.30649345118652,2.27649204760439,2.26215021393164,2.24173674048938,2.22129257546259,2.19004561125881,2.16949948894539,2.14918541120216,2.13450443131636
"702",1.69522879213833,1.6940813530572,1.67011315027071,1.66311284131667,1.65613966669733,1.64488733699517,1.63789426834957,1.62095794546641,1.61392580337091,1.60268651776571,1.59581289813428,1.59438027852477,1.58309862723836,1.57615667568345,1.56480238289644,1.56345091946923,1.54647679723392,1.53857844448692,1.53729869580771,1.52026651288024,1.51899959279025,1.507542915925,1.50032901313126,1.49863945650439,1.48715868343947,1.4794227452667,1.46751723937631,1.46583630640721,1.44811910802483,1.44646380114336,1.44460359368328,1.42712558956534,1.42533720030888,1.4132666564681,1.40551380805538,1.39318765275564,1.39142016492302
"707",3.03956820983364,3.03940711366659,3.04745076570535,3.04739538882132,3.04620254616449,3.04543132442287,3.05561708864519,3.05567289722848,3.0560555919861,3.06600817304271,3.06650719115922,3.06560967344927,3.06597771336504,3.07582271729426,3.07568876669618,3.07480964572316,3.06507028744645,3.05363660496773,3.04099824944541,3.03155747490763,3.02159187750812,2.9959781030396,2.9802430182161,2.95787554924835,2.93295220228441,2.91008484828987,2.89454764892877,2.8791799911666,2.85176994411812,2.83561114936477,2.82559884039673,2.80050265045044,2.78512169408473,2.76855222236077,2.74272156283531,2.7253147098775,2.71000787835974
"715",0.963884359343513,0.984333011278203,1.0048885064471,1.02543233018154,1.03605392704846,1.05633316951906,1.07672807659702,1.09689308759044,1.10726294243071,1.12757565521218,1.14771171216287,1.16780544245739,1.17813752296731,1.19830957708074,1.21846490650704,1.23858119265707,1.24192794801612,1.26190782913521,1.2820878395322,1.30211284530025,1.31231984901378,1.33263081690897,1.34279443995066,1.35743313091659,1.36778178528841,1.38810980716944,1.39873619222724,1.41899718744958,1.42316891472451,1.44285661572379,1.44674090814924,1.4667492608894,1.47093342197413,1.49088573060858,1.49499202058932,1.51491265544997,1.51929951397291
"716",2.21579874292234,2.23482177818696,2.24446018331626,2.26330740160963,2.27830907234311,2.29737931902248,2.30617296758208,2.32505262135598,2.33948846392366,2.35835817090796,2.37715824215502,2.38606664972488,2.41050400691928,2.41946535036521,2.41821385222316,2.42393705168246,2.42845445386456,2.43759079892621,2.43617921179921,2.43479763438364,2.44595171475852,2.44452837249805,2.44886915566757,2.44726418018735,2.45146713504111,2.44983100890293,2.46380236453717,2.46210747117374,2.46626100247978,2.46461558069072,2.46863095962634,2.46681738688076,2.47073880992299,2.46883503720589,2.47265023839363,2.4706626841339,2.48464144826964
"736",0.466786241226441,0.467763749126385,0.461035515812292,0.461832879936332,0.464135550143025,0.46564279827085,0.472998425004145,0.473487006599354,0.493646574548187,0.518575848777559,0.538580585150152,0.559876670772944,0.590025169631184,0.610806214902499,0.631333575573431,0.652795005183602,0.682898194624734,0.704917785405222,0.724507917122365,0.748415220648503,0.768867616952689,0.789105579897186,0.809331584375565,0.846207229680785,0.865670815664668,0.887126969083251,0.917174217956615,0.936856095929383,0.958315763043265,0.9783166371842,1.00280055940787,1.02192256247565,1.04121993959687,1.07156743647642,1.09110565616181,1.11213621433166,1.13161087612801
"737",1.93252670322785,1.92322744764264,1.93114675127513,1.93165360092652,1.93315283028064,1.93421481963731,1.93457247847324,1.93504817078535,1.91678912488753,1.90008575852281,1.88875527860119,1.87822119692313,1.86107998462503,1.84348476443693,1.8324148789838,1.82209223796592,1.79505346869117,1.77869017338696,1.76689613603561,1.74948397942335,1.73839349771716,1.72696307579423,1.70897083320763,1.69157197116732,1.67939174175612,1.66870470362542,1.65084015036781,1.63877353389615,1.62830079966437,1.61685704407958,1.58974251263356,1.57730840795451,1.56499730890715,1.54100553689263,1.52880281673544,1.56772488972077,1.59542118333515
"738",0.960731780905352,0.947006624826603,0.919027607080237,0.8991435632148,0.870268835073283,0.851343984563968,0.831549232034394,0.802221893152935,0.782176941622152,0.752703854041955,0.733136642120933,0.704194124389989,0.6773809968977,0.648348787440247,0.628850650509975,0.620290332394599,0.616567663841516,0.599009237624556,0.588730439237621,0.578764524917837,0.569289114470603,0.559174304215307,0.549279680939144,0.53207101806695,0.520986033522039,0.50152058874533,0.490077548639377,0.472405809967817,0.463744208567739,0.454127257294429,0.450376510487911,0.439075219150763,0.427936941745909,0.407767698456198,0.396813431016591,0.358325575542536,0.323970439006205
"747",0.640467301537899,0.650929892666151,0.651625920647844,0.662171633999072,0.672877147479631,0.673214428838756,0.683598301866635,0.683767704704677,0.681470252396904,0.681809347060459,0.691918806734215,0.692131081786343,0.702430057739721,0.70265545081396,0.712840222319385,0.713091097866182,0.723132699688877,0.723224030860634,0.733359162011362,0.73335527953977,0.7435698786171,0.743871476994062,0.754033976866093,0.754428907613508,0.764718202881848,0.765129144061269,0.769056880331713,0.769250739198005,0.779395596324604,0.779130770263975,0.788882669093684,0.788786992714618,0.79867663430727,0.808696632344355,0.808552961214203,0.815251192977368,0.825386045162102
"752",0.0572723693676659,0.0579052742464089,0.0595262205052576,0.0601257075387028,0.051379931911054,0.0521438020346176,0.0525384042209522,0.0528445075537616,0.0530963679639363,0.0535525561263239,0.0536415982758702,0.0542458367375705,0.0544766764720563,0.0549157511062754,0.0452238879257653,0.0459225539526004,0.0527034640262163,0.0434231553688226,0.0491557107789793,0.0490628153895441,0.0393550331977158,0.0462435831595955,0.046416633306933,0.0367369751271484,0.0367759263433295,0.0440657555277087,0.034490769867209,0.0345799619817679,0.0349378498559385,0.0247307203631845,0.0245755865801077,0.0243402560894431,0.0141216175508126,0.0141815953084434,0.0139729185014588,0.00420147206985037,0.00417260317365637
"759",0.103607037306349,0.104191273424771,0.101507242576917,0.101987155745378,0.108886727033241,0.109665996135469,0.110012507056188,0.116132304487715,0.11632454431541,0.12253321588381,0.122692024257742,0.129106849975871,0.129293002519633,0.129812276967788,0.125902507370973,0.126702679321702,0.132629709535286,0.133713485907748,0.133621504741063,0.139313653927125,0.139653035767331,0.145603741301641,0.145765300247764,0.1458956645739,0.15143131175199,0.152129503277482,0.164566225153853,0.164423407299437,0.170812761012815,0.170734504739482,0.170728109762985,0.176032593849022,0.175611507486797,0.165651560820999,0.171069989432058,0.171403487913813,0.176904516861192
"762",0.615830180955366,0.616775331062745,0.620244359715949,0.62660483575676,0.618900104210055,0.62054169065969,0.620924250053028,0.627308995874073,0.627332670613201,0.628061037948752,0.633913690064356,0.625469420513507,0.625511618432932,0.626508773130342,0.627121218475224,0.634695618631345,0.634940172074387,0.63767266647408,0.637130625336705,0.632577496653116,0.626500479131871,0.626596219342794,0.626801875489883,0.632488909040168,0.631431296710813,0.626397495391897,0.625699420918667,0.630688158550045,0.63275789404732,0.633021611666543,0.633614540632748,0.638004679691922,0.643542498388783,0.643880795445327,0.64313903217948,0.650191309006546,0.649189675090201
"763",0.591919400699395,0.602594470509203,0.624943064227179,0.635305757484467,0.6525408737974,0.656813905160838,0.667108364214641,0.687699255706522,0.697721560895691,0.708304577649298,0.718552045329169,0.735469181254411,0.755520594981502,0.766392028273714,0.776889463381267,0.758308993135701,0.738646232906927,0.72087181894192,0.710542370324841,0.696193520380118,0.676679266287862,0.656705141196134,0.636854753116166,0.616614318499133,0.605774082294273,0.58666285933648,0.565848797008632,0.538461556112976,0.519854822421746,0.510088781466234,0.490482531595388,0.469363887110048,0.441754226007307,0.421824013706075,0.401060030622407,0.391810165511703,0.370842885608143
"772",0.947411599526615,0.957736558279745,0.9837137636649,0.994096118358754,1.0144422370343,1.03035178330157,1.05066840480924,1.06658890318082,1.08689753960124,1.10290507207111,1.12309446540608,1.13310672452904,1.15914925588311,1.16931684044572,1.19519951129421,1.20526738134586,1.22536308862112,1.24101316844948,1.26123928853599,1.27133665147673,1.29728952010092,1.30753654511102,1.32766632705318,1.34371138723351,1.36404302633156,1.3799110682111,1.4003594404773,1.41057547690536,1.43617216422979,1.44590827323591,1.45900728524717,1.47476890320049,1.49470195725092,1.51037686365324,1.53022150985847,1.54007673645396,1.54596040829444
"775",1.57718390887921,1.58740519866868,1.60293945361004,1.61323252418647,1.63597360805363,1.62588656063538,1.61192219519303,1.60203975543762,1.59812283647052,1.57829266098612,1.57428949670341,1.55406114295017,1.54436666035364,1.54018836496059,1.52023693895474,1.51004484860869,1.5001578009674,1.48542745878671,1.47577955834092,1.44933993320454,1.44526083710157,1.43548942580377,1.41559934471074,1.40583571458131,1.39203764434553,1.37524732536167,1.3656337269974,1.35163425502192,1.34127098721744,1.33100446807049,1.31062251467153,1.30650533910817,1.28652095891617,1.27630852148034,1.27195768288322,1.2515792832484,1.24174418433138
"785",0.0894411815364929,0.0963352952897282,0.0938779519325737,0.094644938876975,0.103473524887502,0.105664478368624,0.106085741740074,0.106845244819955,0.112534134746041,0.103435513679107,0.103439865609391,0.105550022398649,0.0986902739216109,0.105738329799207,0.106537313239668,0.109029471162222,0.0992757669410471,0.103068128907298,0.102200598814794,0.107435742280725,0.108102658736415,0.108183006984714,0.108424125363052,0.108313826109489,0.102600217833787,0.104830219897782,0.103963135674871,0.102955939285542,0.105727667213915,0.106115515638939,0.112756631969405,0.110989831452785,0.0995944419896468,0.100166739156453,0.0992783389647603,0.106930571877914,0.105613683576148
"788",0.661169477979221,0.681965598176058,0.694451846412943,0.715144724017321,0.726948272445037,0.748092505577508,0.758503864201154,0.778892491069741,0.799071671107686,0.809641599143656,0.829655337159464,0.840648248087718,0.860813449925159,0.871429485614982,0.891849336122322,0.909678720357672,0.935511236125071,0.956906158216078,0.966654154246717,0.986417696876859,0.996784359361104,1.01703336587954,1.02723137372111,1.04751591315582,1.03719933489815,1.02837263972872,1.03523956178529,1.02511226568054,1.01612182706101,1.01604149562401,1.0061426172512,0.995556003501849,0.995082595436495,0.991118792997138,0.980791483539922,0.981523363898822,0.971231869206158
"790",0.469277729445759,0.475619829461493,0.477579350306193,0.483729287256386,0.490795125022245,0.490621120017712,0.490930449580398,0.49715943191778,0.503001183171636,0.50352228818371,0.499457871328369,0.506163199668848,0.51202190541304,0.50272822554324,0.508908170962569,0.515831399412447,0.506067972445982,0.513570963283287,0.513319612866172,0.497432011228613,0.497848028647544,0.492184863265389,0.48233945183542,0.476515641226798,0.475947089398779,0.461019104888427,0.460596183764903,0.46015247825615,0.4454315909971,0.445527113926406,0.439966408717329,0.429155608986689,0.422686936416023,0.416104106482183,0.399750146575526,0.400339500943315,0.399683224479351
"794",0.218471832027096,0.231640770692171,0.247731049087464,0.253591703354856,0.275319245026783,0.281353003710485,0.297314238019267,0.303397138018076,0.325056863456832,0.33108562413526,0.347181190194402,0.353162886195139,0.369085881498933,0.381000428750378,0.396961490590901,0.403122747990665,0.419172055620796,0.425561409509466,0.448061220550658,0.459759879614853,0.475796078210177,0.481638457189499,0.497494872616793,0.509791669886948,0.525532772949869,0.531193401351249,0.552495311766567,0.558135479172666,0.573896331140311,0.57961348005633,0.585235529135373,0.600760997489663,0.61203019392746,0.627550335875303,0.632961253243311,0.648494173520231,0.654050360479213
"795",4.33720864606275,4.31751230377106,4.28532253170281,4.26548349974325,4.2501772341339,4.23059476700462,4.20505725384222,4.1954221934787,4.169797542694,4.15010462219536,4.12468838140581,4.11501258213224,4.08940129516198,4.06985158004166,4.05431855335808,4.03480444069104,4.00934989245168,4.00011666206087,3.97444085271936,3.94796466013607,3.9225149520406,3.91255357944288,3.88687759090723,3.86667785723859,3.85066955660411,3.83066630791077,3.80438784032629,3.79408507133293,3.76850610571717,3.74853470183346,3.7219153761775,3.70565300653087,3.6851807131981,3.65913488430803,3.65863089283223,3.65268699292387,3.65223691525294
"800",1.07585189400304,1.06176307998537,1.05753508582899,1.03761717681457,1.0233877104015,1.01351622649016,0.999461058007395,0.982872191433002,0.963032350901576,0.953266860564214,0.933629686599716,0.929493086455572,0.902844816456597,0.893219709805118,0.873398694369479,0.853722347799098,0.84978741976041,0.830309585364727,0.82046784667692,0.800663545632766,0.790934393721627,0.776752162967927,0.766831868447121,0.746669729047251,0.736583285298439,0.716413353704738,0.701806612758717,0.691611230804479,0.67158322338604,0.654952946919824,0.644844451097097,0.634509127531822,0.63992894200151,0.629627660666072,0.612527966296488,0.602297751645933,0.59192833865031
"808",0.193322924122103,0.20373104177474,0.224341065283055,0.234822224992687,0.245443921453624,0.265739608316747,0.276079009414073,0.286231140493143,0.312288027302909,0.322577920014677,0.33268205493329,0.352812473516105,0.36308657519753,0.373266241460815,0.39341166751244,0.403581264547596,0.423616504781246,0.459376986572109,0.479524318706746,0.499535520139817,0.529727888638616,0.550007909863326,0.570152788713845,0.60051805562808,0.614140324145667,0.64029694019926,0.670836366761854,0.691044862328453,0.711129728724604,0.730880695247631,0.760633137656708,0.780585605742169,0.806295878824145,0.836307269219201,0.856190028293221,0.876240363149396,0.906361032188186
"811",0.645947460857471,0.646596393687966,0.648441693919728,0.649032632849152,0.656162152567619,0.657023596391389,0.657394347050041,0.657709562308998,0.663664840961599,0.664136165012127,0.664185415723397,0.664900463040817,0.665086487091327,0.671326726484079,0.671656381072285,0.67248598251383,0.672556957344237,0.679376006025472,0.679223625106029,0.679059217174921,0.679380985138221,0.675385954383027,0.675563481246219,0.675836251927646,0.675655867307982,0.672357383517389,0.67260067612909,0.672519203732676,0.663339422513703,0.66324449456025,0.66907017125534,0.658582073692413,0.658181738065941,0.658376857882676,0.648081861656205,0.654445955478176,0.654217749679259
"815",1.12028599936216,1.16613021311914,1.18836916370892,1.22865754553814,1.25847866190359,1.29399736607326,1.32737734171887,1.35743287546512,1.39777661226512,1.42790714847939,1.4738628677303,1.5035314250577,1.53384597039462,1.57382435502774,1.60382723274004,1.64926814517915,1.6793301175139,1.71860161442504,1.74898575267697,1.78493900630361,1.82504431440658,1.85530412613564,1.89540749572788,1.92572970639262,1.97210100797267,2.00185627143619,2.03249238549111,2.0428979489632,2.05225740067006,2.06768951411663,2.07718963593818,2.07751564774413,2.08771731667363,2.09748918328897,2.10748676991254,2.10034728220332,2.11067975848881
"817",2.11131392939323,2.10164121299576,2.08227912870103,2.07250281321738,2.05720821970688,2.04757281778412,2.03780688417347,2.02810892228385,2.01827261096684,2.00856400677223,1.99883775255456,1.98334363451859,1.97351409533719,1.96388653342623,1.95408464958942,1.92777899069502,1.90801906154756,1.88292765069267,1.86299917150274,1.84310002189896,1.81676343617178,1.79108703674736,1.76542488454038,1.73957937734449,1.70364631346273,1.67801211977568,1.65194982796659,1.62596949276799,1.60042074870916,1.57462370980375,1.54877381180073,1.52262879719055,1.48648702488398,1.46049862764514,1.43431292469412,1.40838895557631,1.38229858459258
"831",1.72187994362928,1.74654434294945,1.77723508842302,1.80190017807273,1.82676041174635,1.85134560936087,1.87164452352456,1.89608579924028,1.92057898090491,1.94510950016806,1.94525800035636,1.93967562111362,1.92732683822142,1.9218355802233,1.92200965083915,1.92325177447657,1.91758527386437,1.90197948049642,1.90211440106428,1.89640076538427,1.89084665869853,1.89105847314368,1.89118133887423,1.88562877374213,1.87913577194902,1.86361183880971,1.86387784474887,1.86396554843864,1.85826015119118,1.85808698657078,1.85210264683978,1.85198861017283,1.85185281394489,1.84599195135397,1.82912992938633,1.82333530376606,1.82329840514235
"833",2.25121216119922,2.26186131458422,2.27394395370947,2.27740318923368,2.28892241829355,2.299969264617,2.31029247570572,2.32071424060228,2.32392839814021,2.33446245238717,2.3445615337924,2.3555560148056,2.36565309615965,2.36954260950165,2.37997918162067,2.39122525446564,2.40140285643815,2.41322456666099,2.41628676487264,2.42606920482589,2.4364990456104,2.44662518174161,2.45017344586151,2.46017528855038,2.46947996316934,2.48067051115726,2.49030105528683,2.49310980750102,2.50460852633335,2.51475915743206,2.52513795118254,2.51413705765027,2.50666287028557,2.49692976915058,2.49633072837168,2.48732681784653,2.47991235203651
"836",1.35033731086442,1.35084528390923,1.36790168508246,1.37835540297165,1.39510569543013,1.39574711228637,1.40606066068998,1.42209825914973,1.4322872813562,1.43843046740348,1.44854117721811,1.45905533788201,1.47499297976523,1.4754033108259,1.49142802279134,1.50206160566484,1.51216834889979,1.51873783384434,1.51867915083851,1.53437015282453,1.53465981339431,1.52909471929353,1.52771069495033,1.52212666236079,1.51049725701219,1.51531317774041,1.50390323627467,1.49806992693637,1.50277646923681,1.49112225356025,1.48529383524099,1.48339121615011,1.47730867436619,1.47154791245599,1.46970175952358,1.46411805324117,1.45237884379592
"844",0.814654705461813,0.809423465443766,0.814990910294561,0.819671057519632,0.814877349634803,0.819743864042945,0.824285248951056,0.818821083271228,0.823241067298306,0.82785467953664,0.822241627044308,0.826951846399059,0.831363765098822,0.826006888893576,0.830492647317946,0.835300784443116,0.829677862769166,0.834646094106108,0.838865561188638,0.833085940874816,0.837600716473933,0.836233271368736,0.830594920037467,0.834928214244998,0.829078057201034,0.833701000392212,0.837950064521711,0.842094182051347,0.853285775854436,0.867409631514404,0.871523694289234,0.875482819481808,0.879450829194414,0.883592590110265,0.887530727054846,0.891755222526247,0.895830132904005
"845",0.977533095248719,0.977855990273749,0.972843095274569,0.967291691872236,0.967760765035739,0.962410549510477,0.956866966686569,0.957184587671916,0.951558582206366,0.946092172480512,0.946374181651077,0.940913231320184,0.928474879178987,0.928905511063449,0.923366889729575,0.918109537417732,0.918371805393647,0.913378097916937,0.907662519580987,0.907771674005383,0.912297624823315,0.926592354644699,0.93668135575921,0.940780123970007,0.960597970060655,0.964879724558944,0.968737133382469,0.972732831474016,0.987142862241474,0.98559031783662,0.989745926575798,1.00360908278053,1.00747023571668,1.01144613927689,1.01525013535536,1.02926491440942,1.03315826921142
"846",0.453102492383007,0.436394289840404,0.428191943368723,0.41832335542274,0.409354205202583,0.400290479809998,0.390468681688755,0.381021540982958,0.380981116706807,0.371436263114344,0.361769077757757,0.352672476830071,0.342677618064146,0.363465094933479,0.383868419755212,0.405045847360054,0.435448261182341,0.457416986030209,0.477190907587113,0.497206832544684,0.511885398095251,0.523661862496506,0.537991578589191,0.551776824295377,0.552712077886022,0.567447712304129,0.583850417768374,0.597260231178287,0.606865941056793,0.62140829731757,0.636018336699869,0.646762798325288,0.660011160165256,0.674110507415811,0.687511792074816,0.696350300449732,0.719535093213513
"858",0.331725269175653,0.372010812065939,0.422154934711809,0.456805415216221,0.497106874085357,0.547184648128638,0.587475984815204,0.637561843937126,0.672109203260744,0.71230923672992,0.762430070874372,0.802339113184784,0.842612704579293,0.89267986543866,0.932745065778813,0.982677989207726,1.01694217947544,1.05658300544272,1.10682524214931,1.14690544893119,1.18704577116782,1.23731043620415,1.27742902228071,1.32777586583787,1.36245776251807,1.40252049526229,1.45313872856606,1.49347104614957,1.54317704930786,1.58288247932336,1.6225112642041,1.67268794358926,1.70701363756387,1.74691572123259,1.79688725919331,1.81664047584359,1.83692413939699
"860",1.60517108782286,1.59536521241238,1.59122059817109,1.58134586113077,1.58720299095366,1.57734488856778,1.57328632377319,1.56352496902904,1.55944409135176,1.55540718801645,1.54569614572333,1.55151114589126,1.54168362021164,1.54771205357789,1.53783954619896,1.53379041384523,1.53401296295823,1.53003920759457,1.52021437400897,1.52614380291172,1.51636950682331,1.50646430615781,1.51230986955217,1.50226569413247,1.49231537122586,1.49796248856735,1.48783372291335,1.48777894649594,1.47683874275129,1.46677686460539,1.46662484911136,1.46220240938314,1.45196945946579,1.44509669038304,1.43475534271347,1.43035053642736,1.43013766659384
"868",0.503276118793388,0.509492990090675,0.510685066638212,0.521180846322749,0.527891595324633,0.528449507735302,0.534523906460784,0.534737628970748,0.540710147843754,0.541067360769846,0.546875775091408,0.557293400957663,0.553251476866997,0.553569246651163,0.553791810540517,0.560056689038267,0.560094797042299,0.556408018945203,0.556377598493164,0.56204767486062,0.562297325285489,0.558308447059335,0.558461077509197,0.564535243032749,0.55788286675322,0.558606034758795,0.55473816191157,0.554775861159648,0.561108887369253,0.560972552451766,0.550927810890387,0.556405162883707,0.556153443177563,0.556303125356706,0.561880914652353,0.545683483999671,0.545561964961
"870",0.214917017744064,0.22123605624846,0.228640456102661,0.234953149988842,0.241992645324198,0.242766626762253,0.248866536300383,0.249124567059713,0.249320188399367,0.255502511651474,0.255511860158136,0.256140216353738,0.262076143134935,0.262486334239503,0.262772875855878,0.269264031593055,0.26929074613761,0.275941567560479,0.275800927377924,0.275626131001212,0.28167973046175,0.281931549363219,0.282101318929543,0.288187735436703,0.288082055155398,0.289004204744537,0.295139116530597,0.29513453103417,0.295898602675224,0.301564035356181,0.30158940778516,0.306968842754687,0.306649821199862,0.306879864127092,0.312436191726459,0.313026855023848,0.312889821146134
"871",1.05338962060275,1.07412564363516,1.08676785586233,1.10727438154726,1.11904351295806,1.14028509435272,1.15059461291755,1.17106808178465,1.18110650599527,1.20167240108044,1.22174871543468,1.23289168920246,1.25294424327686,1.25690760251659,1.27738228832597,1.28880100186407,1.308986199303,1.32110317961069,1.34068964890996,1.36043965939451,1.37088537918046,1.39099030241008,1.40115765399297,1.42113535741066,1.43039362329395,1.45161561182845,1.46120185075668,1.48068796739827,1.50216956231258,1.51233040814991,1.53271519027896,1.54173683245908,1.58094554785574,1.61119673748525,1.6406365551114,1.67156710237913,1.7108613462413
"872",0.62034876296756,0.610031993194092,0.609430063767096,0.598396357983175,0.595728611731697,0.576650424752192,0.571155167261297,0.560612456858825,0.561436832371018,0.550827884510905,0.529501589778442,0.526084481792908,0.521172479003871,0.516898987779476,0.496203580121624,0.493137006313063,0.488791393661725,0.487311740558725,0.474894658006558,0.453004327658328,0.447960265790445,0.436260942795433,0.430650590516622,0.418452623938665,0.400825603357688,0.390935913461197,0.383317733755154,0.377049605979096,0.358065188277203,0.352920167570553,0.33232064439376,0.331243828782308,0.296597510524687,0.279434095525343,0.260971449042377,0.234871550303736,0.216759079758372
"874",1.51528701017679,1.58162679400246,1.64960328680791,1.71994559846318,1.78712875070778,1.8539781836094,1.92998114530861,1.9904771210103,2.05623390420507,2.13250394006999,2.19842736426362,2.25947266240564,2.32525986904931,2.40177962289397,2.46797265689649,2.53502638825301,2.60528264811309,2.67305422402585,2.73848359139817,2.80409447142882,2.8745312487577,2.88034276975807,2.89624847714325,2.90186274240966,2.91111516838549,2.91783940136838,2.92723070611757,2.92666407069419,2.94374704832314,2.94394041151315,2.95429927792436,2.95912297218738,2.96832859670278,2.96845855134472,2.98363566303225,2.98436934958806,2.99362086851876
"877",2.64384167362433,2.66418692565189,2.69037273945526,2.71081355907734,2.73133348340032,2.75730046311165,2.77760382750106,2.80346129876086,2.82374251696215,2.8439872564553,2.86981344359534,2.88987350779965,2.91588466124281,2.93600811312107,2.95611526498481,2.98197487140217,3.00197636079149,3.02762944133549,3.04777475548142,3.06777536269337,3.09370573975106,3.11398382911238,3.13988374404083,3.16026907367476,3.18061367779604,3.20671177094013,3.22735584339651,3.24764549936699,3.27340907811619,3.29314249987148,3.31864806886638,3.33870518460597,3.35873219293629,3.38454072917631,3.37449821811503,3.36030712173345,3.35052668184825
"879",0.10624981878788,0.109490805868668,0.120460989318317,0.125156843882215,0.14594913683604,0.156404155378463,0.166698635965308,0.186897522190077,0.197110692420902,0.201670803409105,0.211759776032581,0.232065729721669,0.242264010407112,0.252541300986284,0.266967154511949,0.277348916119834,0.287411430201059,0.297799447919959,0.31783222026853,0.322035563983299,0.332263872501137,0.352482743508916,0.369237487362404,0.369496838403895,0.369640299891692,0.364250728974796,0.364619984815383,0.374742761585599,0.374917396315773,0.380522009478145,0.380353350025287,0.380237597923216,0.380119241004924,0.386773017334206,0.386641724831454,0.39666939608133,0.396749977948767
"899",2.29748039223257,2.28637944642426,2.28719505260391,2.27752114263105,2.28390783171106,2.28431905914397,2.26767305795335,2.27366780749267,2.27382642001618,2.26989165744651,2.27002478817245,2.27038099492591,2.26629475350543,2.26663439908155,2.25683688958975,2.26307353487234,2.26319095181064,2.25379604919431,2.2595598244915,2.26617565842511,2.25641702174477,2.26235029451992,2.26246705173239,2.26260411741087,2.27505729035757,2.26873319643002,2.2588695996658,2.25886452454268,2.25915059185444,2.25905266922848,2.25239188546859,2.25210987548912,2.25185407075809,2.25185518295148,2.2515981465306,2.24175647117443,2.24161766433272
"901",0.48506385008307,0.510729239265112,0.525653464502484,0.556993231072211,0.572167125125005,0.593432462312456,0.619267788053865,0.647849497264916,0.653748167018519,0.649552938052473,0.66147486886316,0.666903872798825,0.668583161714517,0.674477626712369,0.676004436893609,0.681586830502786,0.687642256691678,0.683203912785368,0.695088120206495,0.691185663531704,0.697117328126067,0.702905693236312,0.69869956405608,0.710040819507315,0.705989705699403,0.711115882078795,0.716607824533037,0.712359246348917,0.717588208141292,0.719070170996688,0.731124409223443,0.736982979200186,0.732724355991082,0.738044282980914,0.739349512481829,0.744388607033203,0.750155317069138
"920",2.06810913269459,2.06747264791841,2.06478217798049,2.06388782505383,2.07017776254909,2.07581010238758,2.07462123849114,2.06933278573418,2.05784036379381,2.05267761214377,2.04117535614323,2.03666205849854,2.03199710205626,2.02697206665417,2.01590109159172,2.01149694452274,2.00587048794592,2.00209111046398,2.00167908563686,1.98564430222535,1.98029794483618,1.97465390743547,1.98143890209101,1.9757141564727,1.96933179273106,1.96471687852035,1.95868532955121,1.96498810864446,1.96045565603619,1.95477587360824,1.94928155108788,1.94850125933339,1.94209548515981,1.93654095425881,1.93031068343016,1.93108164538114,1.92476952576598
"922",1.51023265729306,1.52647034315954,1.53818044433737,1.55426561798178,1.56542063847496,1.59200035668771,1.60224005060152,1.6183578178661,1.63530314769672,1.65145651761325,1.66158252075139,1.68802525237187,1.69810670447804,1.71439301135508,1.72469698789998,1.74132246770319,1.75148839277718,1.76852692297605,1.78834658683459,1.80401268610809,1.8143473372169,1.84021849057906,1.85034451075966,1.86034423998964,1.87572509060356,1.88979771742293,1.9053117781993,1.914994133507,1.94170043443306,1.95177795166687,1.96197039422763,1.98132166841538,1.99656079771959,2.00667201852264,2.01624582654669,2.03677724770508,2.04631823951026
"923",2.6165133512923,2.59110104934153,2.5665256544395,2.54079426064235,2.51563935837439,2.48476369823437,2.45911794787451,2.4338174021776,2.40801948925874,2.38258795746287,2.35718811107941,2.30624695521693,2.26049287374963,2.21534918380039,2.16986782026968,2.13161203654765,2.08623813906916,2.04177674531532,1.990199275733,1.94458330075453,1.89916564600472,1.84754382967635,1.79520215372793,1.74896018224336,1.70261979312833,1.66104301580012,1.6142457765122,1.56119150122818,1.51016474243633,1.46462942979455,1.4190312914751,1.36676863580073,1.32033976153981,1.27424563402856,1.22781453135108,1.17611739666237,1.12961174791683
"936",1.14035614493286,1.14093844028236,1.14855506244269,1.14904746916758,1.15040184131393,1.14702275960645,1.1473135676548,1.14761424591659,1.15347614599767,1.15391055306243,1.14392798590586,1.15043640144239,1.15054223011959,1.15103462784185,1.15710751799262,1.15800159553626,1.14806926315881,1.15505228440242,1.15482389391876,1.15463074039691,1.15495069248174,1.16089865655719,1.15105129549534,1.15123309408092,1.15669553900562,1.15766102324961,1.15775301221874,1.15336731815699,1.15433269399362,1.15432746293963,1.15026116749786,1.14970966228942,1.14927342636899,1.14372919307934,1.13342119965426,1.12830445168436,1.12800789576728
"938",1.10663502666226,1.07490438047005,1.05179227767156,1.02994378141138,1.00721918206941,0.98508322184385,0.960449769377067,0.933312816161584,0.911931275922076,0.890301882141596,0.85935208819185,0.837056140909007,0.815699747055643,0.794152304346719,0.762485664801707,0.740271097647838,0.713380359382463,0.687543065884632,0.666669215957509,0.645766607210406,0.614302055220564,0.609980540131353,0.589922865022349,0.58525476047907,0.581493812361029,0.559851476446217,0.55510121243902,0.55764585836511,0.536079808914441,0.531738183927737,0.511143336040876,0.507388747617381,0.510042770178137,0.489140357759757,0.484725103444262,0.478818560812367,0.459008426482319
"941",0.462467491265129,0.452751322691249,0.453344482635661,0.453578809192401,0.444035605044965,0.444347593328445,0.435686909417833,0.435877007477504,0.436026380286447,0.426248225273453,0.426419992981516,0.433371513624447,0.423531970087024,0.423742539698948,0.423849312377595,0.408261489700872,0.408390270135467,0.408561501744018,0.398690198896995,0.398778051696313,0.398973413407822,0.399109350034763,0.389194613761678,0.389270428965363,0.383621362234627,0.383655966418321,0.373754946706347,0.373806237966672,0.373772057022227,0.373662368841551,0.355350272663941,0.339450105691378,0.327754759902539,0.321840811882603,0.310062428095599,0.291719573144125,0.275847153640912
"950",2.99625703488912,3.01054164028582,3.03396502514486,3.0426175473806,3.06644723863218,3.08032858332685,3.09898866350159,3.12322626259203,3.13774003310831,3.15624462831135,3.17070542131335,3.19441207763635,3.20890650012552,3.22726876384369,3.24141453416642,3.26511307561953,3.27366608027688,3.26690918728361,3.26159460964006,3.25610646641284,3.24462662114124,3.23903920818573,3.23331986314921,3.22195911918247,3.2168593919407,3.2104290675351,3.20511977839241,3.18398894566738,3.17060156504497,3.16454111921896,3.15824137641027,3.15290839790333,3.14741957606702,3.14126454601318,3.13549478503914,3.12886570167206,3.11769213872127
"952",0.22903165572295,0.223148085444426,0.212028450829214,0.206049067937118,0.199469504631942,0.199067885548708,0.203338529302087,0.207744319218842,0.20785324472401,0.212083322649638,0.21253464386185,0.222069808846149,0.222206632503988,0.232291368448592,0.238002192399915,0.247673725647461,0.248001634785955,0.251038147079348,0.257193276609912,0.267592107110922,0.261124072825826,0.276844983554909,0.270221600748049,0.279874107723016,0.279942705811174,0.294919844645052,0.304366762117701,0.304228695597386,0.319440135780936,0.319445807649066,0.329197521812416,0.329175422039289,0.344826954616374,0.33765202839127,0.347283063566938,0.346516040357847,0.36209567334201
"953",2.98601255666788,2.97640298882055,2.96372495711859,2.94378989877672,2.91772390725986,2.9086084661484,2.88297665931441,2.85772547956284,2.83074687114868,2.81541337623961,2.79569876889564,2.77085037217424,2.75080025713311,2.71901820137442,2.70941441836683,2.68490271482776,2.66528641359763,2.63504814462394,2.62471656586498,2.59891040084157,2.57936461013235,2.55348988265635,2.53694777523397,2.51067523289335,2.48967703527401,2.46451365404165,2.43084243555702,2.41997440365554,2.3955363105986,2.37592656305269,2.35064078500487,2.33949986682839,2.31275193464228,2.29269755408497,2.26612287408628,2.25665116724382,2.21982449115122
"956",1.69025457949707,1.7209943931675,1.75928385563096,1.78993632790952,1.83177930040716,1.86292439943093,1.89326433593848,1.93358265455872,1.96368172374062,1.99420330299003,2.02411269063951,2.06511598015481,2.10778644539378,2.13832104742155,2.17868360297098,2.20975722487555,2.23975276856905,2.27117653848906,2.31083723366009,2.34052617476734,2.34086372929268,2.35772094039691,2.35789757225254,2.3739787143071,2.38036070838726,2.39155759379935,2.39189474958159,2.40182647199362,2.40290913249834,2.41285928078347,2.41301769691897,2.42249703285724,2.42210821809042,2.42246730093373,2.43223530225349,2.43887312276294,2.44866346319606
"957",0.74273219874139,0.745922701401483,0.750036849693477,0.74590444812951,0.753732081116105,0.757174318994705,0.760050185099879,0.750566649763234,0.75326752340414,0.756351281517762,0.75935897369384,0.756964955713879,0.752873353726398,0.79622221397538,0.823479497429583,0.857072026525877,0.89012479267533,0.927712556395704,0.954489455997921,0.98725483138214,1.04762470320494,1.09178024640129,1.13521884722905,1.17901875590527,1.2383357865667,1.28281342839063,1.32515432194793,1.37872815110964,1.42956455119715,1.47406197558909,1.53435368019873,1.57112414867001,1.62035590845809,1.67020868673102,1.72374767056546,1.77398810974779,1.81737572506563
"961",0.323859907288965,0.335254818458087,0.346065433723359,0.363142571769464,0.37416638033477,0.385500459758113,0.403962218134389,0.415644338456158,0.427257161999482,0.438825116561188,0.456451216008489,0.467727719115033,0.479370214377105,0.491047183691744,0.50258881674746,0.514040936359602,0.525829934724416,0.549688632425166,0.561515055204021,0.573324418871214,0.585017908380728,0.59657651220046,0.595749947211303,0.607111023189895,0.618734692136702,0.629844251480759,0.641124776710827,0.652617058186152,0.658095467343258,0.669616152134398,0.680979203215299,0.692476257946846,0.713905382628309,0.718505499303924,0.723988762094831,0.735172605156502,0.746594764784749
"965",1.00206897173034,1.01742278882351,1.03080044045491,1.04055652391643,1.06480132911044,1.0795759931905,1.09536242431672,1.11104507115779,1.13394522847163,1.15373881196099,1.16990366396883,1.18454440365826,1.20056975842073,1.22280022783118,1.24251990169518,1.25712263924295,1.27306124214345,1.28701923711391,1.29353852022006,1.29984008833646,1.30979558810418,1.31566494122178,1.33141219576255,1.34383157907761,1.36635239910792,1.37065759244071,1.38683032383213,1.39893516756162,1.41957806479013,1.42497716242527,1.4299356058977,1.45238604690694,1.45876439508065,1.48050472853115,1.49221832900126,1.50640998973474,1.51290696014738
"970",1.06267545731294,1.05243461164367,1.06342052687667,1.05902554824772,1.05359936454131,1.04280890821918,1.04863196947973,1.04433001529528,1.04034114728992,1.04021529553554,1.03630761147078,1.03118066846599,1.03143236708806,1.02695730755962,1.03252309673015,1.03743363757091,1.02757723212914,1.03197273198689,1.0283384653694,1.03451772402575,1.02452372710524,1.03041355405493,1.03618853843347,1.0253864768608,1.03186276659774,1.02666841774561,1.0327624943257,1.02893793765803,1.02774748971421,1.0266434728402,1.02187074067616,1.02814905080197,1.02424200985749,1.02956002352928,1.02533827665761,1.03014020832458,1.03631376511567
"971",2.79714200932766,2.81276642363804,2.82187996341741,2.83745549756105,2.85257125801599,2.86802756894435,2.87807643268047,2.89398060121028,2.91673289836857,2.92673963413092,2.94287401373111,2.9482282705918,2.9583711952726,2.97420392555843,2.98416721554605,2.99388740989264,3.00991620782239,3.0195612902845,3.03569631545998,3.0460395006681,3.06193812279782,3.06195001230304,3.0719601241209,3.08752785786628,3.09777251034842,3.11278861749182,3.12253768616768,3.13834023053913,3.14766591148498,3.1575875261537,3.16304150492866,3.17317209525637,3.18896124608302,3.19848933351107,3.21404397588494,3.22323794700999,3.23325383483785
"974",0.944718885187428,0.947729576691943,0.952024364644576,0.96232323259038,0.962517765149732,0.972533638060615,0.982752764737887,0.985920478401101,0.996143858233292,1.00630731821803,1.01638928536818,1.02631713412517,1.0365230484123,1.03979496977581,1.04985828033309,1.05989501597833,1.06991351914226,1.0797731144834,1.07992033932773,1.08418902790729,1.09433481841433,1.10455098008201,1.11465102772767,1.12492349121349,1.13523370452777,1.14539073041555,1.14587624245734,1.15612560791713,1.15602773754458,1.16582131808751,1.1655698031883,1.17566046192331,1.17571266136059,1.18568092838337,1.18563559394036,1.19553890210685,1.189090926459
"975",0.855637351336231,0.840072911265362,0.834519165558678,0.811844343183283,0.812046363253804,0.796484127473938,0.790869302124872,0.775321570309702,0.769666906422273,0.764092501845536,0.74856770683408,0.742889451690716,0.727245144475142,0.721734966329471,0.706075462797354,0.700505443674661,0.684938288526894,0.679455720751822,0.669588372994275,0.653967717530197,0.63840883203203,0.622702334195204,0.606992485791379,0.59113018980764,0.575383590767691,0.559439202747436,0.542577048277758,0.526702798520424,0.51667828936941,0.500885501619094,0.4907708417907,0.468203849246137,0.457972652780838,0.441975700315918,0.431661785329255,0.415647994819012,0.398799077614182
"981",0.110531450970511,0.101167844598225,0.103343570705587,0.10389154536757,0.105451333217827,0.106431312241246,0.11247912456151,0.112771606287539,0.112858410865085,0.113317001973228,0.113268272459817,0.114122149240808,0.0973838206859745,0.0979256305716342,0.098275125380997,0.0993325417622422,0.0993642563696124,0.0942300595012973,0.0938699025971673,0.0935775707902328,0.0939297874854945,0.0941138751377371,0.100044599144512,0.100243893788344,0.0897893892957185,0.0910430418505019,0.0911115073345798,0.0908798424819997,0.0921687914529632,0.0922169525998018,0.0990635951443904,0.0984235273749004,0.0979349840939675,0.098275937724549,0.0979651442322963,0.0954604189816884,0.075158893736189
"985",2.41910471153631,2.44502896993997,2.4550983401729,2.46538306696484,2.49134305990352,2.50138571432166,2.51159614511173,2.53740382107225,2.54073486644483,2.56665969685336,2.57673881213056,2.58670632166012,2.61265606467001,2.62274101675367,2.63279668175747,2.62858094680845,2.61859781491039,2.60844220651056,2.60435696559999,2.58862562565229,2.57876816742817,2.56321610910559,2.53754729348027,2.52204568385113,2.51236217233694,2.4900918542458,2.47475416662955,2.46497155487895,2.44914306860726,2.43317800592506,2.41295079427902,2.39723177195168,2.38148300595019,2.37144567047485,2.35560178175013,2.33971807985804,2.32989087286154
"987",3.03251436767994,3.13456744478817,3.13121666107813,3.13576690277526,3.14149879060729,3.14262698463526,3.14706124648663,3.1517823081147,3.14595495747013,3.15068061904336,3.15506031614327,3.15035604976282,3.14880417615105,3.15379305068396,3.14843562409799,3.14819067298465,3.15268364143807,3.14894692898449,3.14705253608799,3.15114810240216,3.14003576049636,3.14425608361322,3.14859535709008,3.1367972530603,3.14024893290733,3.14525306705146,3.13293482444464,3.1365579879521,3.13619330817455,3.13067060606689,3.13526464282452,3.1328066310063,3.1262807327991,3.13054274793116,3.12838120520852,3.12313154426041,3.13324761712952
"991",0.680952103338474,0.689881961932424,0.689594012302458,0.698384698602813,0.704636601051001,0.725125636620419,0.729558402635145,0.744045147874377,0.754126110007291,0.768651970632367,0.77877811025042,0.793398679186786,0.797731924949102,0.818083925097237,0.822510352755704,0.833014199289353,0.847387754171305,0.85810114593637,0.872294944972777,0.87652369183274,0.89677538238113,0.90110917357867,0.92119971348389,0.925436629733078,0.945295498989101,0.949838980184646,0.963963527830776,0.973845651491373,0.988434238556287,0.998433037535684,1.01265098030298,1.02234922314183,1.03629884819921,1.04047339476712,1.05018897733398,1.04449111858345,1.04429216458026
"997",0.274351809598553,0.284885504082208,0.286503367393219,0.297037805255196,0.298283274149126,0.308996340541649,0.319285443882656,0.319471784946389,0.336505002578757,0.346855639706656,0.346798660555335,0.357302951397179,0.357444337611705,0.367747151465032,0.377961316593211,0.378545010231261,0.388510508352593,0.389168213394049,0.405651371164751,0.4212463834759,0.421469519321173,0.43172052379047,0.441864467639715,0.442223652821538,0.452256086015942,0.453061207699967,0.463572291084971,0.473695357372627,0.484279516176807,0.494144509266904,0.494121929482417,0.503907917203435,0.513755236976061,0.523993038959604,0.533890713937227,0.550170357258842,0.560198255905156
"1000",1.1179130004118,1.11802772045719,1.12349422536465,1.12945416988939,1.11944609580781,1.12509535465584,1.12527907989087,1.13105467960842,1.13127656640672,1.13713093962163,1.13723889388451,1.14276589881909,1.14872989402878,1.14872220954641,1.14447451428671,1.14428877779258,1.15006918833218,1.14301743720979,1.14899282679408,1.1490721197525,1.15495340368779,1.15515868973153,1.16100916507386,1.16126712360527,1.15741757670174,1.16320541893528,1.16371032405245,1.16977788972839,1.16953777174595,1.17509841242811,1.1748054950255,1.18075803801668,1.18087287130645,1.17658805956817,1.17657636815055,1.17217411993096,1.17821882971872
"1006",0.458440377711073,0.478423649892925,0.487714682714555,0.497755204321531,0.507366411874743,0.51283981955371,0.522954766922483,0.522993971629917,0.523178818659808,0.523209146334681,0.533428655671046,0.533043460170742,0.538984584614833,0.538962954122503,0.548911602379666,0.554352898231143,0.554463274414932,0.569660616775868,0.56998857925121,0.570209136979809,0.57606774217348,0.586196434301609,0.586240294160422,0.592089612113542,0.59251077122634,0.607854983445678,0.608110766521268,0.608360800148198,0.613553601926249,0.629968269623367,0.622997892105412,0.629038519819495,0.639192082126213,0.644700690277347,0.644646600430747,0.644084132801628,0.660111374374361
"1009",1.41666337879988,1.41644709912449,1.42459553813248,1.43035345722431,1.4323723328312,1.43161548688759,1.42748707420459,1.42734457332268,1.41765088489139,1.41641844432667,1.41661906058151,1.41154214213049,1.40605792933814,1.38897205043654,1.38879208901379,1.38800391774838,1.37803108090002,1.37664705205928,1.37055450932106,1.35507065607397,1.35507409011889,1.34527113033391,1.34530909240792,1.33891615975673,1.32964726686758,1.32902730385696,1.32962714511651,1.30763928364628,1.30673898954078,1.29644009675313,1.29592108055013,1.29642774520981,1.28678137607124,1.28648121277529,1.28656281455168,1.27003018688428,1.27050750888803
"1010",4.35583577668969,4.32567551500082,4.28876693891355,4.2486019334753,4.21205843168291,4.18159898455826,4.14738796427683,4.11745731251765,4.09334868293953,4.05331074738825,4.02365663455566,3.998888438,3.95904130791995,3.93478381079409,3.91146785863126,3.87097343069876,3.84695090006983,3.81623013619771,3.78328681025384,3.75943347856355,3.72950021662996,3.69531053110853,3.66530923032573,3.63520116054082,3.60144136173852,3.57051819972165,3.54050715518573,3.49978498953002,3.46889231479645,3.44453083019535,3.40411217105773,3.37442428323346,3.35036482977531,3.30988400727312,3.27976424445216,3.25462605328611,3.20816063777723
"1014",2.31290873559754,2.30253486585104,2.29061974728874,2.28018376795796,2.26879016235604,2.26380163170606,2.25373806166016,2.24382787515047,2.23391780329236,2.22377355525812,2.22428497278907,2.21351524360967,2.19364028158259,2.1735948360001,2.15343929180005,2.13949777162077,2.11984743018179,2.10552199256714,2.09613604239108,2.08333987997902,2.07490469097126,2.06637017631697,2.05207767923663,2.04325569980355,2.03530223535195,2.01955995682509,2.01074771481539,2.00666000869422,1.99681664394041,1.98826183528572,1.98007982237978,1.97214108516529,1.96396578520635,1.94898172061425,1.94040285284286,1.9313416797105,1.93317775894063
"1023",1.21152731499713,1.21227807769718,1.21513172701461,1.21572445195452,1.21769644886371,1.21897762907956,1.21926943132405,1.22538782691646,1.22539892116108,1.22594208603254,1.225842560586,1.22701123926774,1.22702832386561,1.2276894452595,1.23386860137389,1.23521642967206,1.23524769473418,1.22716993199981,1.23330536182755,1.22295326592374,1.22332773622064,1.21926493726077,1.21943353751392,1.20961791199748,1.2090436017848,1.21046983055242,1.20047945858261,1.20018089251499,1.19747372701144,1.19757270529491,1.18794672623115,1.18714626612555,1.1765448140487,1.17698373780506,1.16662402890484,1.16775168729507,1.15728691385889
"1040",0.722387740741361,0.732592258970693,0.748492184658824,0.758804756024393,0.769101584357225,0.779167424890805,0.78512245406572,0.795143578436707,0.795346742447766,0.795491339732645,0.801271058070839,0.801197163990202,0.801382069643977,0.801409157531657,0.801434805499986,0.817157706238798,0.817123214649934,0.816846804605505,0.81698909582664,0.816995786091545,0.822876223822875,0.823109225579652,0.823205048912581,0.833538258212619,0.833909900477345,0.834111232726357,0.840506555367566,0.840831263787923,0.840730817644102,0.840507747166619,0.840252808490359,0.856194262276986,0.856319096629719,0.856349910973072,0.856378046664381,0.84973305412574,0.849980255041011
"1046",1.30560384584216,1.31608900025329,1.32185723416472,1.3423443318816,1.35349694547006,1.36839803688905,1.37865279451181,1.38881252966793,1.40318133896088,1.41351280380685,1.42657293995806,1.43137914598146,1.45148147938677,1.46181211146512,1.47203306076893,1.48692481116789,1.49689653345933,1.51769289832525,1.52174581634929,1.54154398279909,1.5517883653576,1.55623775372485,1.57637389434385,1.5866632026026,1.60079699203483,1.61167166485339,1.63203573374958,1.63629109398783,1.64703135412214,1.65696518103306,1.66703214980593,1.6709388107043,1.68071288162308,1.66854954636078,1.67259796734433,1.6832242209076,1.68732824165994
"1048",2.14000113440529,2.10847300544705,2.0935565856922,2.07920864632401,2.05452488726781,2.04581006257639,2.01472227554928,2.00747143031954,1.99332268791175,1.96911340484528,1.95513122433746,1.94062151671491,1.92331476613503,1.90912254852052,1.90060708109981,1.87616252575786,1.86209856220475,1.84756827409588,1.82361043771023,1.8096077645197,1.79549637946799,1.78131760457764,1.78287447040188,1.77857408833627,1.76457707306928,1.73596731910645,1.7201162297161,1.69862642802162,1.6666779384082,1.65082859484577,1.62245368643551,1.60671513015502,1.57513323315777,1.55905044895144,1.53063083126864,1.50859719287631,1.48277727452923
"1060",2.76914176207187,2.75913090384183,2.74845493270985,2.73854999166382,2.71822723635639,2.71368885367896,2.70380731002937,2.68378598874618,2.67397885476071,2.66399403615307,2.64413474522648,2.63372354668482,2.6239079366065,2.61382082213046,2.593742780092,2.59006826920193,2.58010022974604,2.55927815759707,2.54962454671664,2.5398159430837,2.51986571476093,2.51003643566839,2.50008081218073,2.49604535659339,2.47991927188277,2.45958068990606,2.45004019269404,2.44039488250978,2.42980248812842,2.41957580800989,2.39261919549459,2.38291946406019,2.37312601190852,2.36294258553372,2.35295678677137,2.34250568849467,2.31617198533578
"1062",1.56980218197432,1.595443267971,1.61029498673651,1.63027421335929,1.6555065376775,1.68090420895538,1.70673272835546,1.71249550728962,1.7184073813745,1.71415497949225,1.7201146198388,1.72543920181328,1.72817860382787,1.7338517706134,1.73951561380326,1.74485292543648,1.74070611261425,1.74575647098817,1.7518709351157,1.74546645245439,1.74131083170113,1.74719326514976,1.752993135209,1.74883753084946,1.75502160762558,1.76037787026722,1.76641731145133,1.76245044245399,1.76767565463653,1.77328263561141,1.76872412980162,1.76815092690515,1.77405996569816,1.77962664308318,1.77535538841088,1.78070043322519,1.78004637852831
"1066",1.64560941872511,1.62933923775324,1.61074611880654,1.59031727210764,1.5726658888999,1.54569974046994,1.53562834364652,1.50287359710157,1.48730785629336,1.46701581931424,1.45171331891604,1.42471418728447,1.41491645747966,1.3888019202775,1.37271717056779,1.351501637518,1.3359710459164,1.30841029796415,1.29918027724622,1.27739410367725,1.25158367094142,1.2415801729066,1.21574910316395,1.19977799682299,1.18059315696385,1.16313289806895,1.13735039156673,1.11773899830257,1.10678535184769,1.08075633937183,1.06579082530682,1.04999949289591,1.03627683711269,1.01547941774543,1.0112765612902,0.989604207777506,0.975870744801954
"1068",3.18815350071052,3.21829018263016,3.24856532087479,3.27863252375726,3.30186069273853,3.33208562141934,3.36218315902669,3.39236669440245,3.42241039308325,3.43571220703424,3.46587619325748,3.49608348750907,3.52613655748544,3.5621835427637,3.55553481002098,3.55596079236485,3.5561264268791,3.56679843327813,3.56677379548065,3.56680857146686,3.56704457637159,3.57285099056698,3.57867797873268,3.58434648794711,3.58992759644134,3.59589240281273,3.60565022869054,3.61125908255282,3.61739239991857,3.62322732809589,3.62905234628599,3.62789393250147,3.63335062814252,3.63910004188201,3.66122776661774,3.66712124065083,3.67266330516332
"1078",1.83222688708809,1.86804886973243,1.90945618364123,1.94533265380412,1.98114265724641,2.02689690483695,2.062774692258,2.09858932887668,2.14022567849912,2.18033526749022,2.21619090842515,2.2461049077257,2.28199085045206,2.32206745348665,2.35784838534873,2.39360827951993,2.4236561891616,2.45931583543303,2.49944984456007,2.52864374222057,2.56455699696101,2.59469677316139,2.64053171176535,2.6640285139333,2.69991572767763,2.73007700184512,2.77606025971104,2.81193655493719,2.835400121476,2.87111213256892,2.901030307576,2.94671782062508,2.98240950998201,3.00577379203688,3.04139767568472,3.06152365504757,3.08727738365858
"1081",0.376487872932452,0.386054769772043,0.392146750989502,0.400333383803244,0.401470493271667,0.418904431174571,0.427351116752708,0.42997160942946,0.458656262882224,0.471119453062902,0.493144452312405,0.520491898255358,0.533412002392785,0.561561983638354,0.589738058835302,0.628602865986346,0.658810178192574,0.697127188149804,0.737842280510302,0.775034737245766,0.814971957990539,0.854995928828325,0.894936009851454,0.924802745560478,0.9599097417922,0.998279743682312,1.02840792913303,1.06886182627629,1.10707188501704,1.14681129468092,1.17608583900968,1.21690863183215,1.25745413620956,1.28670639577063,1.32677398009445,1.3651491522461,1.40569921680899
"1083",1.6681567465571,1.69371695189356,1.70836259115384,1.73395891215147,1.74899965892929,1.76743143035157,1.78320981439398,1.8147655681625,1.83062235252923,1.85635514937313,1.8723705618554,1.89771328747205,1.93041082228298,1.95189345707161,1.9775641772781,1.99295639502796,2.01887346772933,2.03408979972061,2.06019023100091,2.0819845636235,2.10783609961646,2.12365989301431,2.14943782790677,2.17515357529344,2.19126461534462,2.22223836199593,2.23806191437489,2.26400690830297,2.27919141401194,2.30485580545047,2.32032399833078,2.34633293455209,2.36801577729846,2.39349003406982,2.3958480370876,2.4009847727858,2.39698199980755
"1085",2.27210694943225,2.26157640657614,2.24304414627918,2.23264550947192,2.22505238929078,2.21385547500233,2.19803660955268,2.18101710083808,2.17545360908348,2.16516483322172,2.14982659796959,2.13859991455182,2.13304369811213,2.1158840879672,2.09981760581982,2.09868070326869,2.08312361370621,2.07143371381123,2.0621499202715,2.05031313826315,2.04027566272924,2.0245211692855,2.01446480067452,2.0085328356542,1.99262142986527,1.9553727586521,1.93537290522155,1.90324218662793,1.87175333037736,1.84578929795316,1.79705695580018,1.76608225161922,1.74066726042819,1.69841997620483,1.66681550377344,1.61721113176938,1.58594886177713
"1094",1.10818776431939,1.11802353691838,1.12275049260933,1.12257864615717,1.12189069088728,1.13150010969726,1.13725818228353,1.13731116844669,1.13739748971164,1.13735610222039,1.14764344196302,1.1529466377073,1.15305268299175,1.15304495345218,1.16295822599706,1.16837176821175,1.16855888905832,1.16807712073238,1.17841179159122,1.18446996750982,1.18456354974863,1.18458424327144,1.18458221482961,1.19444323510922,1.1971957238785,1.19645096381224,1.18638710869762,1.16983122778137,1.17494926870556,1.16487042166466,1.16456138989614,1.15478213239751,1.15489086738617,1.13871841783786,1.13280942231274,1.12206132052181,1.10640013256741
"1096",0.825132039682939,0.825014167354417,0.819507857700939,0.825344888959084,0.83047679481659,0.835670747407341,0.84843208341126,0.844020799971317,0.850039816656046,0.845703709232423,0.835800000914192,0.837623585606665,0.833631808264731,0.839052454963736,0.834600352508798,0.829535506134877,0.82616788564764,0.820331188682373,0.810841821627648,0.806844863414421,0.809173782842851,0.799428573840578,0.795229210617951,0.795635424498293,0.792401033643117,0.78174868196481,0.778525656913306,0.775038847409094,0.763848952803782,0.759209144666351,0.748549975170563,0.745146638872429,0.735771745405049,0.731313205691281,0.737392713375577,0.726584855858308,0.723167735384592
"1099",0.238789690810253,0.233236074641332,0.227546103020995,0.232129203482257,0.226614685290225,0.220837527454949,0.225269479914137,0.219465399489406,0.213920119710856,0.208258219958339,0.212485449668307,0.20652264702179,0.200951298181265,0.205117483822909,0.19932200670699,0.19334606057059,0.187501651532019,0.181157541372486,0.175586527791702,0.179847798597099,0.174148642126201,0.168626408476696,0.162940390404728,0.150911034747071,0.145612714165848,0.139944741583949,0.134881468270855,0.129514330023621,0.116850286952922,0.120844601871803,0.114788913104851,0.109253210113379,0.103673151597694,0.0912639142272622,0.0855367071115584,0.0796843717263781,0.0675643935072417
"1101",0.322581987654229,0.322774577449999,0.313022374108674,0.30905162430296,0.309390229801866,0.2994862772581,0.289658561593832,0.285422732155745,0.285585607156077,0.268852976897221,0.264596555597444,0.254620725447337,0.250517941876077,0.250583785809599,0.240626719355738,0.236467870896714,0.2264227700247,0.232118581519025,0.222178260401974,0.217897895766409,0.208028537660017,0.198241128543456,0.204099513215666,0.194406922771148,0.190432427319183,0.180780368435549,0.181336591957521,0.177373364762218,0.16747675001011,0.163089227631882,0.152931479115213,0.153000124073805,0.148844501265421,0.138950705008448,0.13474145574335,0.13487875817264,0.125098540766981
"1110",0.216412664788126,0.229280562102666,0.244512836876886,0.254787410257124,0.274700643469158,0.284438808027551,0.304608930822993,0.320237094874174,0.33048503405649,0.350506502537967,0.350490221249667,0.360067107555113,0.366043732356987,0.375848002001223,0.375744997740168,0.385302855311341,0.385184725494255,0.387644407981039,0.393661948539681,0.403700578157802,0.40373238788914,0.414003904183593,0.407461591103826,0.417894984045103,0.424248299600375,0.434333693716258,0.435215101528499,0.439018158683516,0.438751005271354,0.44847444073625,0.448150008005988,0.457645681852446,0.457885656410153,0.467959376689745,0.46808510120597,0.471439227562909,0.471817802902388
"1114",1.33365015773557,1.34392124275354,1.36470771889824,1.38200335400286,1.4082886054584,1.41858572106389,1.42873696204207,1.44883456673487,1.45892407298751,1.47911523486785,1.49488381812787,1.51506905128674,1.52515867456064,1.53533486007139,1.55542759913633,1.56570221254522,1.59147617571352,1.59177563647332,1.59175674842073,1.59169990420284,1.59849452895121,1.59865511815603,1.604503309909,1.59892684673006,1.59904026229024,1.59936819044686,1.59968893547484,1.59982290067558,1.60002492836896,1.60993269186534,1.60406576122846,1.60402346785144,1.60399255437747,1.60405677254585,1.603982592008,1.60410678423773,1.61084418627873
"1119",1.12804386777671,1.13792559709356,1.14683252264641,1.15112762947586,1.16053501201246,1.17003959341891,1.18011777340798,1.18426116578332,1.18445923762975,1.18438813779319,1.18451865783644,1.17813540055172,1.18832327651975,1.18810891401322,1.18218774700645,1.18156510131791,1.19157140238986,1.18471161830103,1.17849791524817,1.17294111604173,1.18295939775026,1.17735427163979,1.1773816345513,1.17180464524951,1.17243062200647,1.17614564530404,1.17089752898082,1.17133780370892,1.1647462968632,1.17449688497427,1.16826126793113,1.1687654540844,1.1633551330936,1.16309911172012,1.16742511343785,1.16013294260305,1.154779690695
"1132",0.0760202599680486,0.091209111808782,0.110004745349795,0.11532252512229,0.129302208356599,0.143932145041725,0.149597433867835,0.165220806920171,0.181131458346692,0.18659735103686,0.202737803117883,0.217328614215716,0.223257461667277,0.238667227724461,0.254113576425668,0.258764021514139,0.274707099284029,0.288834614010616,0.295273041625074,0.311555984626707,0.327268103819734,0.333054877148821,0.348764300394155,0.364412618335001,0.360965490273843,0.35530615504569,0.351218157349005,0.354117060275711,0.348260900401763,0.343797368462595,0.338914143565245,0.34547502431225,0.347561319290378,0.342699364175267,0.33857006608343,0.332933260470536,0.32261017830829
"1143",1.22250298123525,1.23722761445662,1.25175092775869,1.26220838143608,1.27771342446549,1.29843634504773,1.31864595848487,1.32616682777779,1.34620973273439,1.36655404656489,1.38067562487593,1.40132209278266,1.4213634601731,1.43595735634826,1.45618077989098,1.47693551136687,1.49112205491668,1.51210077313527,1.52606620649125,1.54581060022427,1.5660592964934,1.56047979948373,1.56060523737417,1.55422451722662,1.54819821736537,1.54925096809407,1.53373143832761,1.53367073534696,1.52889992830949,1.52891788238214,1.5233362391258,1.52290573259102,1.50682602886653,1.50139254852332,1.501219181385,1.49620675828068,1.4960444419458
"1146",1.9317932874838,1.93224513608652,1.94396101606621,1.94433683998989,1.95554656002513,1.96320136612208,1.96762251584451,1.96205226699662,1.96631715703222,1.96087153033075,1.95930353819141,1.95411346554426,1.95838176933846,1.95297273201699,1.95165267718796,1.9465655670856,1.95081294260901,1.94596557504944,1.94422261669539,1.93828552298082,1.9427635162954,1.93712828238554,1.94231811217277,1.93668627834468,1.94076143140112,1.93564346214065,1.93422732014518,1.92841302033925,1.91326401829431,1.89749581820762,1.88602629459325,1.86996119812433,1.8539716533963,1.84499233180911,1.82328064915593,1.80782328911704,1.79197014294966
"1166",0.319231665463636,0.309513199481787,0.300489232654941,0.3007396115079,0.291455144979226,0.291886026147049,0.282014382466856,0.282139745771193,0.272170945820496,0.262388821898781,0.262373239311203,0.252700900925466,0.252739975004488,0.242983577207221,0.236338413864023,0.226847902634788,0.226867198576191,0.217561425811857,0.207418477478551,0.207295163650961,0.197509548610836,0.197629188729905,0.187714318742133,0.187825280604159,0.177685539492364,0.16163988782472,0.161714667691399,0.151644635987079,0.152320336540436,0.142356021193031,0.142481784983865,0.13215844394698,0.138579954856605,0.128743326671261,0.118579759324372,0.118983811727646,0.1088783667438
"1175",3.74672522924894,3.74143453789764,3.73341616998517,3.72788914568739,3.72912633697688,3.71428621780256,3.71438597051706,3.71471249547653,3.69884010340322,3.69919947481416,3.69347057038524,3.68431643259799,3.68423425487148,3.67904880621072,3.66934103867724,3.67133953307745,3.67147769338542,3.65727640594198,3.65694387041778,3.65677598863561,3.64795488236265,3.64796596646973,3.64227579596561,3.63213593200412,3.63827893283966,3.63315287688967,3.62276672201281,3.61666018553671,3.60757118763628,3.60857714931261,3.60882142222128,3.58829996248671,3.57210694957041,3.55221087080345,3.5327560576676,3.5231378639086,3.50279415105014
"1178",0.638380166226157,0.648951008569906,0.657310951924989,0.66336089877508,0.665039494311835,0.681999051375536,0.682132602782501,0.688277439567483,0.688124352087008,0.704341524737854,0.710055446484439,0.711223343489588,0.716865490351398,0.727580796563222,0.733733165824822,0.735150393777471,0.751034795958364,0.759020237104739,0.768473901093174,0.767281409054625,0.777698013841873,0.793475101370053,0.793592154946911,0.809224220561872,0.801602911399279,0.818791360041613,0.828181061817351,0.833321092583493,0.845194656792394,0.845535138991962,0.861951364228608,0.870852071336382,0.875791119730562,0.886216957237907,0.891458892026655,0.902731702763303,0.907707607973354
"1180",2.61355495774846,2.67962010576486,2.75122259203283,2.81708157103066,2.87110262372931,2.94767507606119,3.01349869166292,3.08382775158973,3.14256225781252,3.19715708904563,3.26721830743277,3.32806374527312,3.39796329199853,3.45856078712806,3.51885564932508,3.58993566254067,3.65011422472159,3.7161018844801,3.7757365409986,3.83557479837872,3.90592279534667,3.9658909368548,4.03596314434658,4.09572692353748,4.15501755035982,4.21338367693025,4.27270613032204,4.25216772967358,4.22680550021628,4.20711921406958,4.18759565567516,4.16009436456545,4.13357995145253,4.10714080448791,4.08658009959702,4.07085162700191,4.05001711990837
"1182",0.578471446377576,0.568138048675385,0.552361516689021,0.554783440089602,0.549384267840625,0.534476397983077,0.524387305651816,0.520131520688399,0.515929186525211,0.501527078835325,0.491851616726958,0.486918717406931,0.472749476773135,0.468398296338075,0.470753439145646,0.450111755508515,0.451836502297578,0.446738345517642,0.432942926965486,0.434855228104578,0.430653913490537,0.426396785607901,0.417886372717607,0.41345000004887,0.409627734569443,0.400182361580209,0.395831337751535,0.391781215759523,0.382412936565498,0.371512377054702,0.366961825686447,0.368840247171029,0.354803699658743,0.350146831471566,0.351618678364011,0.336560282467641,0.332515853853781
"1187",0.350108144262492,0.36037309848011,0.361007284623926,0.361404865209781,0.372041182327238,0.372267950572827,0.372450579946175,0.388166681598679,0.388311355011942,0.388470669530959,0.398331622042534,0.398406996837491,0.39853147338916,0.398546239325234,0.408576977614111,0.408676851836899,0.414290223985592,0.424184424896707,0.424172953494374,0.424027578998776,0.434132878530865,0.434393898872024,0.434496927859606,0.434942707987729,0.435251330685413,0.435829732595396,0.44241186136532,0.442777543159964,0.443014772031289,0.442821283083509,0.442691515343922,0.452813092649123,0.452954492496723,0.453206971059952,0.45332142814736,0.45365257701259,0.453984026143791
"1189",0.392558045479688,0.402687386832435,0.418740639860807,0.428886562852386,0.439172334340548,0.449311978973954,0.45939794031816,0.475202951249829,0.485256366141568,0.495372711368504,0.50539565320966,0.522249886272292,0.538077195801929,0.54815265749504,0.558166636472112,0.580701055130995,0.590701605069835,0.606375880102583,0.61645407070799,0.626469698710614,0.648968504652837,0.659106642714535,0.674922552494261,0.68508711673882,0.69534197604513,0.71780078921111,0.728204715947956,0.744240677919706,0.754079559710884,0.769728957781718,0.779533038674772,0.789715555760076,0.805640201669708,0.815623671019899,0.831430044579247,0.841310448923536,0.841562478094876
"1196",0.603648292547556,0.593934210768058,0.594867091646311,0.58518329728494,0.581675501358942,0.575169915533371,0.565318238531397,0.555395942713386,0.555446669195917,0.545666549991872,0.535576533270082,0.535904425913429,0.531712087880562,0.52190881924218,0.512023721658744,0.512444675848663,0.502386671632933,0.492876203219854,0.492740740009968,0.482576430787993,0.478521535152867,0.478695362055431,0.468790528160901,0.449036813858139,0.439020843257869,0.429700792939843,0.420078792891036,0.415951339271737,0.40652290982557,0.396477728093344,0.386529423496122,0.376362811982693,0.36626581724879,0.362292729215746,0.352231857044407,0.342714278352347,0.322749571941216
"1198",2.70389250352561,2.68831786057763,2.66734474317453,2.65172060896584,2.63631852384607,2.61077737308328,2.59509130691062,2.57942763626823,2.55793533225517,2.54230524516304,2.52660329424727,2.5009415284677,2.48521460002969,2.4638534668467,2.44813844050291,2.42256537695267,2.40686279040015,2.37981265189643,2.34676605035024,2.30950244443771,2.27574129737278,2.24273706344036,2.21547712854601,2.17237248222675,2.14507490422783,2.12439813052938,2.09128014548337,2.05399523129559,2.02659506944465,1.99347090519113,1.9660227617129,1.92870963419422,1.88893600791009,1.86144480481786,1.83395206878018,1.79054312632618,1.76318369489272
"1200",0.522323195062909,0.52809291020135,0.534102336697057,0.54549772677481,0.55135746474522,0.557294715560497,0.568796603851691,0.574725097758139,0.58041461620271,0.60204465756499,0.61482735138568,0.626455197815538,0.632193838771461,0.638197629132121,0.656555744707965,0.662551353844569,0.668469798829235,0.687036322280793,0.692840638642074,0.705325875332089,0.727015048278305,0.732786469488617,0.754335950914683,0.759969403978672,0.782380595994319,0.7937758371485,0.809392817246775,0.815140157657451,0.82668778719948,0.84250026526656,0.848230205671558,0.869724921935034,0.875426178527731,0.891088793771716,0.89669821289277,0.912345819801002,0.918075058602437
"1205",0.678636107146849,0.668842940121835,0.65932969791341,0.649640804341867,0.633182679068111,0.623413161540632,0.613559885443411,0.60355170869582,0.587900128116612,0.571179509887697,0.561076451101535,0.551226702482792,0.541309238168259,0.531393603931774,0.52144740957704,0.504952246695685,0.494860552730948,0.479325709358851,0.469247173835948,0.459100667571819,0.442626806125821,0.432820252456753,0.42291540392416,0.413210227859858,0.403275124316671,0.393929526764543,0.384416070807754,0.36880946522355,0.369287628075732,0.359208305207985,0.349215081522731,0.332507416184416,0.322438142020281,0.322702555067357,0.31266800147619,0.290763252690947,0.280794170091631
"1211",0.269240157915838,0.259228007026557,0.258583596313511,0.253066658679863,0.242870853314051,0.235623215161694,0.245743586683217,0.245572541453013,0.250018366310217,0.259996682419504,0.25993216065114,0.269477175966402,0.263894675787533,0.273653828579159,0.289273794287891,0.28209388058972,0.297710246206297,0.29683569752615,0.307055173261017,0.322834699939745,0.316224019613617,0.33223814079595,0.332305139462953,0.348501036035088,0.359077683401421,0.358330603382714,0.36919133899627,0.369680231441234,0.385238472716803,0.388387099342158,0.393920886991734,0.404229272488683,0.420283956519507,0.420413720669656,0.436364185394978,0.436406834424438,0.446855379135066
"1212",0.387793370792227,0.393672331138939,0.377055287717728,0.377248854591222,0.383444438048415,0.373677648661015,0.368020138283477,0.368070176826669,0.352358930635991,0.346741306639684,0.346722668586024,0.341079943059924,0.331128192397498,0.318700532736187,0.313004617890117,0.303266129683892,0.297497309572573,0.297801804528743,0.275370629775247,0.269524427633068,0.269695092436004,0.254044575082538,0.254110470057989,0.241821807918452,0.235984983322368,0.226433018904707,0.220795025052857,0.214103740323603,0.198848953536227,0.193097079927701,0.193179887201578,0.177177643313367,0.164579683175374,0.164730594027812,0.14878363548376,0.149160607675557,0.133255426596902
"1217",0.460672997795714,0.455274849568757,0.450844727687233,0.451113654363643,0.44627979401595,0.441089427560464,0.441203587942864,0.435590368257354,0.439821105853694,0.430062273875107,0.424252013115037,0.418944076098344,0.418941678154033,0.413473464810233,0.397862284276228,0.398430022732065,0.39267250946679,0.393464356720305,0.39327383938547,0.387356078865202,0.377572293540927,0.377677382245464,0.371991117562044,0.37208329649468,0.371890271438555,0.356758303432103,0.35683609332925,0.356775492891459,0.351673820892442,0.345119818528889,0.345292787740242,0.329161582435532,0.328909043743023,0.329119095775044,0.323151956024871,0.323665289936896,0.313494760734606
"1225",0.536974976700966,0.54686217506372,0.561714451121901,0.577508141962327,0.587078922208656,0.602415811685915,0.618220036949324,0.62808130161157,0.653982897965137,0.669669923645653,0.685452671576984,0.694931752974564,0.710827928955272,0.726374458862734,0.72944997463518,0.744779917973862,0.760480994109876,0.769674359061783,0.775690213120483,0.791547425182674,0.801566989213403,0.81750805592781,0.823309100819633,0.8335750900144,0.849879219453495,0.853076481113172,0.869452167647648,0.875632209180712,0.885252247425894,0.900837756774077,0.910548162423118,0.916690528791416,0.926985821747899,0.942740206896836,0.952870876606386,0.958423618204808,0.968843370181742
"1229",0.555592272866298,0.559010367350211,0.565035755115711,0.585672472279283,0.592940136994549,0.595397925994854,0.605193227387752,0.631747280582895,0.636192464301679,0.645627188323119,0.650336726389176,0.668412006624935,0.672865779481404,0.682136639743455,0.701560716149414,0.703843462008618,0.71401143901911,0.725330335587115,0.729751463123851,0.750512290865228,0.747915944131079,0.767896318832224,0.772000221734468,0.781814719244916,0.803037355058717,0.810757102358187,0.830991785032234,0.841668587208292,0.859164509208723,0.86224064973835,0.871338037037888,0.886761704470313,0.897604533694133,0.916678198912551,0.920234326797353,0.938174663612026,0.948942929414035
"1230",0.576526589311482,0.570625496854244,0.564322511111096,0.535500481770624,0.529283912837633,0.52338653776619,0.507534088652007,0.496167198542127,0.490322622138617,0.484547638191721,0.479085041609479,0.467381421247286,0.461583146773936,0.455981564397151,0.427655998048629,0.421930063038935,0.41644279487333,0.405177952069001,0.399552432942161,0.381645410163046,0.376057065633944,0.364390312937184,0.34858641094474,0.342355706893559,0.323958260426846,0.317642812804406,0.305295672862397,0.299224050175656,0.280902088822148,0.275336201804874,0.269596180765719,0.247808619555905,0.241784079498119,0.23648323111956,0.230341926216597,0.218211621618516,0.212123754854165
"1231",4.12100236361416,4.11082978108945,4.11024964872298,4.11570108255151,4.11519017404476,4.11499667506139,4.12066066339015,4.11077313008323,4.10381739085179,4.10381094260586,4.10407122396562,4.10391751923503,4.1038834997165,4.09404246099578,4.09978094306624,4.09980444509482,4.1000395957376,4.10025577026287,4.10038232616793,4.09059625089501,4.09075262018437,4.09066191201217,4.09640251378135,4.09605164056906,4.09595684398652,4.08547855841075,4.08493247318693,4.08476305537165,4.08458541134138,4.08471048036889,4.08467005846067,4.09036257400284,4.08023932508182,4.07992820557154,4.07965794855562,4.05921318866114,4.02903485486476
"1232",1.09778277864511,1.09280557078646,1.07343493647285,1.06241518200484,1.05047870682289,1.03968297711897,1.0293205787209,1.02531246226572,1.00507302058025,0.994816209201023,0.985542511066505,0.974854147862704,0.964720270020946,0.960647085501319,0.950490017052878,0.940095900096225,0.930728817855047,0.920736371184051,0.911178072352966,0.907633253277859,0.897785052834408,0.887357623491509,0.877189356301002,0.866059903954594,0.855806824657095,0.849672797821214,0.837888645594581,0.827325884151807,0.816280292686332,0.80663377441433,0.796501280901276,0.776438809039184,0.771996619864071,0.750974601807311,0.740390470086977,0.740383794692543,0.737222429453765
"1233",0.696262324245905,0.711396291946029,0.715114735582728,0.730014483754782,0.734069071393278,0.749083610978966,0.754545387299367,0.77046961824273,0.781805179543985,0.797338415116792,0.803690704535088,0.80880199007285,0.831294362540966,0.837127472714667,0.852717196168995,0.858023223901372,0.880980326384377,0.886409354369781,0.902630026743031,0.908995934717602,0.92486406658327,0.930327784303264,0.935960608372528,0.95089364839855,0.956637527493936,0.970774411563422,0.975308210000973,0.980770384025627,0.985521470915856,1.00151600883935,1.0070877032053,1.0187407943981,1.0244564783425,1.03518759995273,1.04056422474524,1.04500703609899,1.06630939546567
"1238",1.54331326278123,1.54332064828075,1.54325522353203,1.5247527815069,1.51329891783796,1.501808151065,1.49031866778501,1.47885249326688,1.46046490081478,1.4490152803211,1.43183653648001,1.42026502816999,1.40876661001108,1.39734155778658,1.38580955935733,1.37430943754591,1.36286635211971,1.34560024545826,1.32754211332238,1.31609392041793,1.30470050225159,1.29319291438281,1.28167433377228,1.2734101487768,1.26187464356168,1.24443956680281,1.2327372639593,1.22117028854739,1.20294703744836,1.19144821542628,1.17985848273652,1.15823230828362,1.14660260140738,1.12246682883994,1.1107051479363,1.0989534342273,1.08727739603906
"1241",0.476550768436188,0.483856137972674,0.489743059069341,0.489981801835996,0.489045222985414,0.489131432985559,0.494995427626757,0.494946537328336,0.495042630767476,0.500889893860266,0.500799053830743,0.500761709964489,0.506606769673008,0.506595181434406,0.50658333415237,0.50659151544996,0.512246724694617,0.512074699894991,0.512099456647671,0.517780803526632,0.51787150469806,0.518072918011183,0.518145281332229,0.524238818222972,0.524523950462976,0.524895732292416,0.531305393833596,0.531624648396822,0.531744146334117,0.53159833313511,0.537253993345624,0.537397613847657,0.537547903851965,0.543500807196916,0.533593789653373,0.533790605737817,0.534090315529505
"1242",0.886647696026278,0.886732633941393,0.886988283706522,0.880046085997239,0.870337346182661,0.863605431998287,0.863657249800677,0.863730845532095,0.863725359169078,0.856980418855931,0.856988057106998,0.857184680658194,0.847185437752816,0.847375646805027,0.840674396372654,0.841061889275722,0.841099555059725,0.841667160927525,0.841559699200766,0.841487125237052,0.831674059577978,0.83174351678152,0.831797011120248,0.83181722821403,0.831689080004615,0.825443057771358,0.825407180024276,0.815327357305448,0.815864772523875,0.825936399799741,0.82948574366147,0.839173216644164,0.842279611765226,0.85243214662422,0.867992808630645,0.871825534363978,0.871561668908057
"1245",1.6346854389537,1.64022484600082,1.637971905247,1.63359959876614,1.63883651995596,1.64424159636777,1.63422087505356,1.63305590812238,1.6588468521345,1.68455803676073,1.71043213958476,1.7358424055009,1.76165303233709,1.79736557605041,1.82303159227387,1.83701966482638,1.85707842087858,1.86433043835102,1.88449968991951,1.90463080168193,1.91895053161596,1.939001472839,1.95324219580879,1.98322048669491,1.99768624288624,2.01738259825241,2.03169334356315,2.05184847745993,2.06490226012781,2.07909304025731,2.09894093554131,2.11329610703793,2.13338634047866,2.15744972559099,2.17738730828247,2.19127316260857,2.21139986197324
"1248",3.07551292908846,3.08024023775499,3.08679677276405,3.08549136744384,3.0911247401924,3.09641037482271,3.09495999925887,3.09956230494039,3.10785640883038,3.11247092007372,3.10672558339181,3.10618214554109,3.10027501861877,3.09939519687788,3.10394688799807,3.09938204244268,3.09802150954336,3.10419983720402,3.09222435800218,3.09625642024483,3.09084895592593,3.08925939701319,3.09355643244304,3.08750701470208,3.09670502406543,3.10176325687707,3.09526221228346,3.09892894548859,3.1002246497961,3.10477638577572,3.10947572312655,3.10864666995194,3.1122172840948,3.1066127247546,3.11612625369908,3.12105789554003,3.11459777406806
"1250",2.89806706653477,2.91334378641365,2.92755683594975,2.94840147912001,2.96863325035936,2.98383821507214,3.00512518484561,3.02676571049383,3.03238477394646,3.05374196986565,3.0757005759567,3.09097919375624,3.11242793547536,3.13404995986282,3.14969997271824,3.17768255514105,3.19957850522003,3.21180481010822,3.23367675189054,3.25564545643295,3.27813693000135,3.29947317315803,3.32091356578826,3.33610314324326,3.36437434387962,3.38466964755169,3.39967014206999,3.41108849640722,3.43180364559415,3.44770173834546,3.46904863940241,3.4907635481665,3.50656918354301,3.52752564562624,3.52882518138519,3.54020359992158,3.54172120911784
"1252",1.35291879544256,1.33965837942979,1.32957406584817,1.31621790011061,1.30648503606783,1.29317252136506,1.28448466021298,1.26496419586015,1.26211268707352,1.24349188769705,1.24114994667254,1.22223126294685,1.21945169704847,1.20682319629729,1.19824656839715,1.1853348214429,1.16718110765064,1.16448373918356,1.14625087919102,1.14388303999888,1.13131192284898,1.12268140409627,1.10991776640466,1.10095338756536,1.0881632673158,1.07892722838812,1.06550315073668,1.06260655405419,1.04382471211286,1.03132751402783,1.01048835255829,0.980364200529478,0.965977929088811,0.941368023477222,0.926820499901526,0.889672607136092,0.875153200325618
"1253",0.499333769261561,0.499122354649399,0.510349666091012,0.517057631900557,0.528093208376488,0.535390186101196,0.536714759973139,0.554275058394674,0.562433492196903,0.569722101246942,0.581614877905959,0.588973039784484,0.590342058606065,0.614797479014859,0.616367627851393,0.623986612778593,0.641663091213804,0.64409495400428,0.661399194171394,0.663157529923673,0.664078092985174,0.675377364808145,0.682631646746783,0.683503634619383,0.690227789203628,0.69480450360789,0.700897299338545,0.701839499599778,0.709615792008801,0.717325399268773,0.729174689524773,0.735917557960707,0.736937664894761,0.744028332725117,0.755038257009568,0.762353573203805,0.763245569156123
"1255",1.80596648384442,1.83861737937354,1.88790954969244,1.92775404492297,1.96726548121887,2.00696812137268,2.04692383069409,2.09691785620994,2.1369275925672,2.17687041998508,2.21702632232731,2.25666432758818,2.28987534543375,2.32987641024082,2.35302328305079,2.39866217715835,2.42207440182657,2.46205399477665,2.48063942859749,2.50924732714901,2.5212138165521,2.55544107214895,2.57390759535521,2.60221514807061,2.62072506914896,2.64225314204288,2.66623406763769,2.68464240089588,2.7129755755837,2.73147869888336,2.75906379325249,2.77744604086355,2.80581703372125,2.82405958066723,2.85230521123394,2.86960421903073,2.89790826845545
"1278",3.30250638527804,3.3070729600107,3.32831642347726,3.33857210599359,3.34945682048468,3.37998416538596,3.39432205617315,3.41442155729848,3.43438828067983,3.46460415900124,3.48450284912803,3.49917157790137,3.51915090661039,3.53940176516422,3.5695281989117,3.59007262435173,3.61003680252453,3.63078571293753,3.6505696648034,3.68038230392242,3.69481665390238,3.71492962078495,3.73500562457666,3.76513778927161,3.78496249704389,3.80567284391055,3.82583763570459,3.84581722900168,3.87654527005552,3.89659552533895,3.91097535025005,3.93070383057494,3.95052825982072,3.98078511054837,4.00067017250391,4.02121950073604,4.04113712850341
"1281",0.661028410855372,0.6708442374584,0.6700496114064,0.675626147312449,0.685094982285301,0.677859476766056,0.687807483309619,0.687792140018907,0.687789512039234,0.69773034478037,0.703618282994018,0.703276702242949,0.713297635123895,0.713264762941172,0.72316269205172,0.722921521024805,0.723005512522034,0.738443697963114,0.738628781296105,0.738789546419541,0.748864086580407,0.748883856625285,0.742251743545765,0.742158906128458,0.748090956258585,0.747760824431212,0.737726157957293,0.731117502564344,0.725144871884502,0.725161267816686,0.709272668910235,0.709364778667626,0.703641281256387,0.703473859142101,0.687601316471071,0.681491051447943,0.681560940624481
"1284",2.15949552154311,2.18906171493181,2.20709145516537,2.19676464825564,2.1854626816502,2.17459721652863,2.15448809425261,2.1443299199939,2.13440347018138,2.12415173545284,2.10437658312462,2.09449615929655,2.08459628036364,2.06424940455686,2.05394282952621,2.04298112404384,2.03306255228283,2.00585196885731,1.99637723240777,1.98676527181344,1.97670343003031,1.95096613270464,1.94090728662335,1.93084758804305,1.92155865237582,1.90040101077156,1.8848608518407,1.87529536320659,1.85399368222988,1.84381589602772,1.83329490153811,1.81822405540397,1.79873710435286,1.7882567285706,1.77839014133832,1.76724419814531,1.74198689497371
"1287",0.7960277811771,0.810334269320119,0.830257019345376,0.843368735335162,0.863522645580791,0.883503301628688,0.896668550438546,0.906619947198258,0.92667146458767,0.946729034270681,0.960908926966341,0.970829641800878,0.99088168052395,1.01086639106013,1.03083236063675,1.03410892942372,1.04827362194,1.06821592000447,1.08822088466825,1.09815911257888,1.11163754303079,1.13177831024832,1.14606721521042,1.15626606284841,1.17641078653513,1.19011370158061,1.21047071411636,1.21485849696514,1.23514109131186,1.25509830838065,1.27508444949934,1.28508423186518,1.30511634912564,1.31949010399899,1.3394909855627,1.34972642455087,1.36986367388109
"1289",2.00506387634814,2.01094995745038,2.00741601773174,2.00457277688987,2.01075984570868,2.00677340145683,2.00256774731197,1.99262615976175,1.99835223638899,1.99423535664127,1.98995198290991,1.9801471746793,1.97589298503855,1.96181502156666,1.95763319095745,1.95371891329322,1.94370869134956,1.93992231714427,1.93557654990504,1.93123942459105,1.92140274965976,1.90725956736664,1.9030796383861,1.89893734886376,1.89462887219558,1.89172419431133,1.88768838493099,1.88352427446418,1.87971186373036,1.85972441910356,1.86213142584794,1.85784922497896,1.85360498211169,1.84374957374477,1.83948742201376,1.84214842079673,1.83803991782438
"1293",0.453758257897764,0.443916047749132,0.450124296737937,0.440381032171849,0.440848488910946,0.44100762352692,0.431101746254926,0.436803751686765,0.42111006418545,0.421209209864519,0.405325866337742,0.405353978365462,0.38965107612264,0.389654053581884,0.377116502481635,0.367254667918933,0.361374005846869,0.351410159417882,0.345590647789938,0.335462681077797,0.329803520207672,0.319983261945499,0.314285917051981,0.31457678049665,0.298995552269673,0.299456253778241,0.284234105286101,0.284492906641253,0.268970847182399,0.26887681050867,0.253042420355157,0.253121536180227,0.247449455507929,0.237648973553357,0.237719709892893,0.222200761480135,0.22244160009635
"1306",0.466638290417756,0.466646876933556,0.466478442304287,0.460872178397099,0.460889738109922,0.455009038549706,0.448161627974165,0.448069757460579,0.442380628509801,0.442395126780191,0.436572009529638,0.436371885892237,0.430676910594831,0.430589922590173,0.430511739254357,0.424586119905989,0.424491956728639,0.418329299326163,0.418420582690161,0.412641376769215,0.412693040080714,0.412851074581633,0.407124419679018,0.407370204189515,0.411958170558713,0.412046363314079,0.416828080230812,0.427173248709505,0.427035326132551,0.431122791988487,0.440941838880802,0.441212304818318,0.445675773111095,0.455734658174103,0.455855704630735,0.460011000237352,0.460369707985223
"1309",0.587739836561199,0.570663588783789,0.570843705972866,0.561129213899764,0.561454801562122,0.557212373464747,0.564210003057953,0.554058050994323,0.554177745701428,0.544209416198428,0.544044953925292,0.533847096237886,0.533948642253871,0.518039412106383,0.507953986374294,0.507753683009668,0.504256612364444,0.49782148141068,0.487928257870593,0.487853362838281,0.477866730971366,0.484741030824877,0.469035225621656,0.469506022665929,0.460094565162043,0.460292897563824,0.445512065879848,0.446083577245849,0.429212733448344,0.418975769040544,0.412943748902596,0.403352414089738,0.403727444002938,0.38726078545484,0.381714361486232,0.38181834891608,0.372330723756415
"1310",0.530430688640852,0.566103305390566,0.595748257180969,0.621532620345653,0.651397335689774,0.686962262712942,0.716976672585258,0.752638848876025,0.782690199090181,0.818422532966453,0.848401614206608,0.883879229856711,0.903934017253139,0.939594517211883,0.975256934390796,1.00503964394642,1.04074055831429,1.07030840087018,1.09619395462818,1.12621650001026,1.16203077956868,1.1921638407404,1.2179579024422,1.24815081114715,1.28425624282295,1.31426714987591,1.34051683130647,1.36412767472826,1.39982433310295,1.43550883013421,1.45537056677785,1.49135334791352,1.52153741640733,1.5573762257476,1.57745420089825,1.60743857839565,1.64350827812169
"1311",1.07761290867273,1.08054762950295,1.08404473904702,1.08255863934082,1.08569323946551,1.08872816130993,1.08144436170605,1.08430530327661,1.0769377690219,1.07977302580357,1.06257715215934,1.04547486540572,1.03389053433982,1.01004179284621,0.992822936624922,0.9758907279244,0.958726433217984,0.942046787646629,0.92382347290515,0.9065438225019,0.889445852160741,0.872096033312095,0.860567050615953,0.843013638630558,0.825455613962499,0.814763410206769,0.812797081274454,0.795301288210252,0.778129208524727,0.76094270234649,0.749448335759009,0.731947391081569,0.714466172068316,0.696958351885206,0.685161069479442,0.667590937509264,0.650056846926261
"1313",1.32175230625723,1.32741713693688,1.32305722195423,1.32443005156039,1.31008849284839,1.30582512421287,1.30153131124033,1.29733160984895,1.2930231305809,1.27880176263966,1.27463379456015,1.27034451129925,1.26606952467059,1.26193343401119,1.24767871171545,1.24354360675488,1.23938136638848,1.24113354565861,1.23690398196205,1.22270472891018,1.22522512044891,1.22100803346637,1.21678179643354,1.21247731587086,1.19825542180656,1.19400529544392,1.18972795017648,1.18552260927792,1.18138950867158,1.16721759639147,1.16299488051698,1.15874519358009,1.15450162545781,1.15025929779897,1.13594018442286,1.13750207903757,1.1332912856634
"1346",1.28604589083744,1.2959398972198,1.2953488112972,1.30538626591286,1.3051151682437,1.31480266149887,1.31480343795024,1.32464756500059,1.32471525858873,1.32464021451283,1.34459647541878,1.36417138808674,1.37741621510674,1.39725216794583,1.4071154460417,1.42678576356321,1.44669217510889,1.46029875478403,1.47468677591239,1.47895969229695,1.49321143173178,1.50758528379969,1.51607062043689,1.53051539676801,1.53850852084999,1.54266316027893,1.55739817604514,1.57198456017593,1.58591600305281,1.59423169368332,1.59823517101096,1.6128052567373,1.62732681965752,1.64817549259992,1.66255527900619,1.66648447648198,1.67535164743342
"1359",1.11150275246308,1.09535413329303,1.07162942768264,1.05709924548198,1.03423549653849,1.01732085675719,1.00577364464267,0.983838395758612,0.962559257285538,0.940688044466209,0.92495106456682,0.902084968619927,0.880774136745765,0.858562170283059,0.836583865383764,0.819345748457553,0.797648794638286,0.763628899318705,0.73615114529648,0.714943195285835,0.698976008883663,0.677649855563496,0.656079022185766,0.640680421937531,0.616171257145835,0.593508415199635,0.578849219269084,0.564017073345354,0.540736016222404,0.524529310772088,0.507965467677312,0.4834064991983,0.462812817231113,0.446672180778904,0.431393345725059,0.40857276638115,0.393882851586088
"1370",0.320085069452795,0.3235223507876,0.324104473846524,0.334784221811721,0.336514180769471,0.339055785622366,0.333064931531775,0.326925491750664,0.328190753823259,0.331856949104531,0.326437280141487,0.318823486196023,0.313221554314423,0.312455011959604,0.316100863116857,0.314200573871804,0.308511590301114,0.305655578360944,0.306587821553104,0.311495399109952,0.311247391840632,0.311252026135206,0.305347229170613,0.305264246182291,0.316562418659047,0.308636677125338,0.309095207543172,0.304116346254788,0.301650190072798,0.311317535100565,0.304618079331882,0.305984375440636,0.306988191372309,0.300384202839018,0.310756197457981,0.302920906886712,0.30391642323738
"1372",0.406483204534761,0.406163894330104,0.394640953262849,0.400265900370016,0.392429018257831,0.391764576006045,0.387462300446948,0.387225560232578,0.387313908653837,0.392870771706061,0.392883834607583,0.382120191188315,0.382207889580207,0.38761557008533,0.387351093738299,0.386595466552801,0.382268963208932,0.381010407928714,0.381351786091314,0.387282213046631,0.377219849287546,0.377353173486775,0.377338628917716,0.383319850584778,0.384014043832929,0.373498119447015,0.379940635700567,0.380491248890888,0.379678287566834,0.386067953506522,0.391413334955255,0.392113301996594,0.392679350699637,0.398310541200269,0.405259469951085,0.394588281240551,0.395296826511532
"1374",0.747749028070939,0.774754968463329,0.803922523517956,0.833868435290674,0.853403269568928,0.882990395613854,0.90294833209282,0.93278340267509,0.962826265259518,0.982706811620634,1.012698037356,1.04794425290226,1.06799260553034,1.09777394589922,1.11758839431996,1.12711661655024,1.13704482270996,1.14623955247227,1.15645465064319,1.16654969677302,1.17654223114407,1.18665422072152,1.19665153934781,1.20681573860887,1.21730184639214,1.23364571909697,1.24996778489516,1.26041133096671,1.26984586786585,1.27968927870847,1.2893885133657,1.29988554387962,1.31029602117093,1.32021743600302,1.33041263325592,1.34001473862211,1.34051318280302
"1382",0.930811579801341,0.940470126381274,0.932910091606703,0.932888045760342,0.931896900180887,0.925245224636477,0.935221745278745,0.934847279487537,0.929277850062941,0.929004508560785,0.923198549775253,0.932141611404937,0.925482610053147,0.919191802566716,0.918842903436183,0.917781734721128,0.921825598009336,0.919978139899275,0.920432306269735,0.914843908665462,0.91470225821709,0.914920597805583,0.919145762462556,0.912923574381032,0.913889877032317,0.917557433311509,0.918615113714957,0.906305340353976,0.887869041637777,0.880190123094426,0.856500292172236,0.840090700486897,0.827738260978306,0.810228843732876,0.79752779850656,0.779350476234028,0.762901904598357
"1391",0.0630596882574835,0.0682898431705974,0.0758877235066054,0.0814400559335717,0.0800241293953662,0.0946477785556178,0.100317422636187,0.109930711796935,0.115853012272673,0.121258566954982,0.131290288826992,0.135809935616886,0.145965165750751,0.151113493418978,0.166455298868076,0.165169461109311,0.170788808628068,0.178663717018084,0.18499660479183,0.201042922844543,0.200870240953961,0.206813876866448,0.216776851848314,0.222871451138592,0.239734095200918,0.238814288674896,0.245597881865645,0.256435563252908,0.260798837214464,0.26621924305308,0.265571329652686,0.272396428147414,0.273232538841242,0.27877316995144,0.289222023830663,0.294064749622149,0.295025435340981
"1401",0.71841589217601,0.723917453530673,0.722971611989887,0.718620837354734,0.723826315738834,0.723369760961421,0.719060411267286,0.718880401729994,0.72466417969249,0.724524699461915,0.72026559856849,0.719726488686651,0.725521409221201,0.715285289309547,0.720844983682403,0.726113896509722,0.726035383762552,0.720975723533489,0.721186103226443,0.727042127410768,0.717028075452352,0.722900174112669,0.722893269345806,0.712188800519901,0.712618949301697,0.718176232521329,0.718652004001336,0.714802155328341,0.714423342683771,0.720092557362782,0.709874554812524,0.716049439873392,0.716386382213415,0.71214901272714,0.712311164228103,0.70124783615656,0.701622723494805
"1402",2.22686217736285,2.22684411424486,2.22422798249136,2.21983920331669,2.21990982818943,2.21001253622839,2.20567597626465,2.19573281808352,2.19559446372577,2.18562412829512,2.18141432700791,2.18148573419652,2.17138688118147,2.16729615464372,2.16729545450161,2.15752741441419,2.14759901419526,2.1438192883604,2.14373549292409,2.1337318551041,2.1296441872892,2.1196123123389,2.09960828426334,2.08521472468379,2.06504281547715,2.05514054531816,2.03490164093964,2.02057488559178,2.00089529002161,1.99104212830341,1.97694929933777,1.95679210165515,1.93668054279852,1.93247947687923,1.91232844912843,1.89822886092303,1.87811036052407
"1403",3.33973859541396,3.31020355094245,3.29940410702975,3.28193943304633,3.26364971260394,3.24102412927171,3.22661281458425,3.20994702741292,3.18936073484078,3.16559367245395,3.15151856806072,3.12321214349054,3.10850898654192,3.08545204571669,3.06598380063127,3.04392737476471,3.05015766476515,3.04982562935869,3.04556013041342,3.05106888118305,3.04740521493728,3.04278048965695,3.0543192412989,3.05486554201568,3.06450994415189,3.06141533898726,3.06079100961377,3.07089970498542,3.07491541183144,3.07156293820584,3.08427015609028,3.08405378064391,3.09419462713843,3.09021413282144,3.09075184096293,3.09707055602329,3.09695393881737
"1406",2.10464912459609,2.14627111554664,2.19343484793486,2.22908588016082,2.27255885166295,2.30893038987064,2.34884236727309,2.38483553069576,2.42032633979697,2.46314371516349,2.50892869452631,2.54525980969746,2.58082402958953,2.62702355714567,2.66971605659989,2.70623758371165,2.74213842249925,2.78925473916312,2.8313216852469,2.86698637966794,2.90299719987837,2.94867297496757,2.98444848138612,3.02655979612848,3.05181588090874,3.0622209416303,3.07744606117572,3.10287371233309,3.1260925254973,3.14213291599202,3.16822404954916,3.18356476941763,3.20901082732463,3.2248931270372,3.24039040391893,3.26658263327959,3.28200313247547
"1414",1.5735674091148,1.5644862379392,1.54796697327327,1.53909463470774,1.53610687774363,1.52079292183309,1.51214204036891,1.50335785044807,1.48917922414276,1.49034726337363,1.47622246961344,1.46086978398514,1.45246279506392,1.43774996599125,1.42990775354592,1.42028256050594,1.40600900872352,1.38999828830666,1.38205329132456,1.37477708495256,1.36616440013795,1.35201170804178,1.33771220303302,1.32936075056118,1.31603685752462,1.30074051422437,1.29291150530994,1.27933576308997,1.26376600743227,1.2650786772319,1.25030338238287,1.23698266666753,1.23924256824098,1.2247061524184,1.22081139648146,1.2114054867936,1.2079548381864
"1415",0.268172800041004,0.29659844298283,0.307807737490342,0.328887531248375,0.340012929077469,0.361474250374812,0.372788690216283,0.384420843989666,0.405704918418341,0.411434954140084,0.4331267732593,0.444654835129771,0.472832486876136,0.484540693618598,0.476036455499944,0.477754704653476,0.469483568812125,0.461580131702173,0.453072773190907,0.454711126172145,0.446408302788126,0.437794690611017,0.429284162564572,0.430409516183217,0.421617618977098,0.406360163816479,0.39720677338121,0.398434278741281,0.390363058974563,0.37641671497479,0.378202525472789,0.369435425530682,0.354942680954898,0.346421129230129,0.341899734143049,0.333532424048526,0.318966394001025
"1417",0.308192380454408,0.318157383918471,0.328034203870181,0.353860335655678,0.363900007342303,0.373784391049295,0.393777211767906,0.409388771140267,0.419400506642441,0.439371535644339,0.449245163648526,0.459024675507646,0.484796661851164,0.494670086900152,0.504560226423786,0.524386712972576,0.540011111021924,0.549621148718037,0.563042211428976,0.57296484802293,0.583010489703521,0.608916701881964,0.618946709419189,0.629192461912732,0.649467036334854,0.659714112683683,0.676046182017776,0.696369801421872,0.706437186928333,0.716356639104401,0.736276752314153,0.752275193337061,0.762500039811559,0.782675918211715,0.792822779125103,0.802977334163334,0.829099870243396
"1420",0.415262803169541,0.420472053204918,0.418290511197485,0.43369150451248,0.438041478381669,0.437050808713837,0.452649388015736,0.458127512556457,0.458181020162983,0.473610887614222,0.479479383013533,0.478426570242966,0.494249879564737,0.493804924095799,0.49920530839285,0.513938097442696,0.513913861530577,0.528097090086294,0.534334389106746,0.534638597900844,0.550297019465016,0.556120883914754,0.556058983333265,0.571885514324962,0.578421820154123,0.577461806149083,0.600386333800323,0.606743775787583,0.605490026770448,0.621060983802983,0.620550712965303,0.637161472457021,0.643586608679419,0.653263442911372,0.659326472788516,0.664155161059619,0.674849100008221
"1435",0.255122336279208,0.255165172153197,0.249848261841242,0.234166519773506,0.23447006731195,0.228849762918379,0.221925071718032,0.216148212913007,0.206061870810063,0.200361696640019,0.194499521380439,0.187782610534394,0.181949647455488,0.172050737944631,0.166296773486631,0.166559974098658,0.160740231262891,0.155345045588168,0.145202572726703,0.139318064802528,0.139442382434031,0.127110766552441,0.121372086655476,0.11141489632008,0.105536862984996,0.105975158268372,0.100299161703495,0.100320189875117,0.0850434089338855,0.0793529402646634,0.0794927931871154,0.0635938927703738,0.070207132772289,0.0645960900228275,0.0545715176423794,0.0490773723834538,0.039123931941336
"1455",0.134439405335697,0.128715466575101,0.128694608465698,0.121848400601206,0.122090724726139,0.122043484255264,0.116310130163778,0.116121252521489,0.11614878971219,0.116134155438137,0.110159489243953,0.109975362140813,0.1099961320778,0.0998291346498694,0.0997148625188754,0.0937850988912187,0.0935653302471394,0.0931083880499072,0.0931082880152804,0.0929761534007895,0.0872247803394539,0.0874212951681831,0.0874615189460744,0.087846820255267,0.0824740972380719,0.0828303981042999,0.0836558161956746,0.0741133109604041,0.0741602584378595,0.0682401191480621,0.0681208605571849,0.062670801933945,0.0572279813069286,0.0516973194458963,0.0461694166686841,0.0405797708854234,0.0410658349653756
"1457",3.14999652282468,3.16023061956186,3.16163493917518,3.17180238603536,3.17578719014197,3.19217545382288,3.19217563598166,3.21226032161752,3.23209687634756,3.25229528792643,3.2721075645549,3.2926778059676,3.31254243416916,3.33283450656669,3.35872474799214,3.37945370900378,3.39938506769765,3.41471208736995,3.43433764452138,3.45405783332957,3.45850107733221,3.47192969983596,3.49198668329172,3.50625946222156,3.52582783812544,3.54679190682263,3.5609889639615,3.58082339140045,3.60195754144993,3.61637226661058,3.63674958811291,3.6562994024958,3.67023508539535,3.69062865605635,3.7104794096656,3.72555036833368,3.74532084824338
"1467",1.26509504639376,1.28774865745935,1.2928965068598,1.30830850829051,1.31780729113387,1.33331307198787,1.35577911236497,1.36149957735235,1.37710578092916,1.38698291501095,1.40284054238463,1.41510375960074,1.43076876766667,1.43648097817569,1.43633362698693,1.44187638699446,1.45442283858412,1.46989556510786,1.47003173908828,1.48172119951935,1.48753345372066,1.49986194921112,1.51557073696846,1.52114686525956,1.53284716323048,1.53811959379119,1.54377095781547,1.5596491577002,1.56508002704513,1.57670518937764,1.58239536129545,1.5950125047734,1.60099916708316,1.61659749844565,1.62238978905975,1.63353678684383,1.64615963320771
"1469",1.24133196144033,1.26729926421422,1.29457783009689,1.32045295207651,1.34145768461859,1.3678667267732,1.3936003063067,1.41370686757935,1.42926909829323,1.4552264488189,1.47505240936582,1.50142450050846,1.52702426999637,1.55311378542441,1.57326009458936,1.59982133253427,1.62553659271908,1.64677740833687,1.67213290127081,1.69760594042107,1.71783203549047,1.74363028668861,1.75944918198793,1.78522919408657,1.80475508638924,1.81151049722274,1.80720742731545,1.80700912444986,1.80398997968156,1.79998673022151,1.80040168878287,1.79568388482839,1.79447938310022,1.7849222577455,1.79051436486432,1.78729824329753,1.78698338713756
"1471",0.453776269107467,0.43783860476303,0.431524563136796,0.425604323102526,0.415193470727233,0.409145911799566,0.403265375593661,0.387402194279615,0.381566296739152,0.375687730257736,0.369946196152486,0.35381116599589,0.347999669113708,0.342120096349141,0.336194584909551,0.320130618392602,0.30766815973217,0.307356848123448,0.301685113253975,0.286007197655588,0.280280979427289,0.280276716093582,0.274476341567807,0.258633685399213,0.253056520299789,0.252749516780578,0.247024496583373,0.224707886023044,0.21874784736169,0.218799695440509,0.212957740623073,0.197368048511779,0.18509353648437,0.185022709952037,0.179232605727243,0.163245162092918,0.157584800743927
"1476",1.43593309741219,1.45647128144687,1.46371318997174,1.48402335996915,1.50593004464117,1.52146222539561,1.52149309919314,1.53175356992448,1.53571590667182,1.54611406254583,1.54585288579527,1.55132309481925,1.56108284952717,1.57170636801513,1.576277060661,1.57773134915049,1.5819346142265,1.58842383895936,1.59194917982257,1.58571204313367,1.59029335791593,1.59453119909768,1.59885002820079,1.59878738025623,1.60210650812043,1.6078684273653,1.61171901620534,1.61545837814598,1.61159225190181,1.61618368085225,1.62687860900528,1.63018215811445,1.6237660178838,1.62856140112179,1.63243801389872,1.63803749024533,1.63164502520812
"1491",1.69903796598047,1.6893239675412,1.69088457473007,1.68116597147983,1.672278221624,1.67864654608049,1.66867638391403,1.65868362898164,1.65856025230477,1.64874953634162,1.63159264482217,1.63217635201167,1.62205782581983,1.61229184616909,1.61241160187522,1.60311735391876,1.59295433080262,1.59392910071509,1.58352281632868,1.57316445175372,1.57334761682029,1.5568431686878,1.54691901452381,1.53712528279332,1.53678621580699,1.52796877669829,1.51824052096801,1.51820220620192,1.50942595965064,1.49956192966313,1.49993270291068,1.48954635490537,1.47933880791175,1.47987500407284,1.46983023975701,1.47087867261107,1.4607757730279
"1492",2.95001134701885,2.96578303059138,2.97676904875067,2.99234357993574,3.00161985469677,3.00213598936973,3.01775179909983,3.03368685243877,3.04339382230953,3.05928222067079,3.07503147651713,3.08556358816754,3.09109101116219,3.10724851447693,3.11737525756053,3.13391641494044,3.14979803466223,3.16120230662262,3.16660904821722,3.18223226648143,3.19248266910696,3.20150221046314,3.21726869514681,3.23268820876914,3.24197634039321,3.24834472470957,3.25673828667788,3.26622981510544,3.27321687003479,3.2893946007475,3.28992483032488,3.2950034240291,3.3102598185365,3.31048259328936,3.31588283419589,3.3266149756755,3.33181585657388
"1494",5.37323015145103,5.36613917746889,5.38359404402236,5.38321895790401,5.39395199890117,5.39480473247778,5.40032645501917,5.41074733188193,5.41026255379929,5.41048426801303,5.42639613887985,5.42733813974062,5.43013832524525,5.43091671375544,5.43696397071376,5.40835300007319,5.37871256650619,5.35790023567476,5.33312632441608,5.30302390912101,5.27341691092988,5.22578806360138,5.17845116424807,5.12454075674602,5.06929369896662,5.01242884563474,4.95758836958848,4.90924243832878,4.86333927131414,4.81750458675472,4.77087751390757,4.72249423636134,4.66853451826672,4.62110986536797,4.5730509787661,4.52029348216881,4.47187639779594
"1497",0.890392686017683,0.86976216160672,0.848187115345415,0.827252308513863,0.805766126631687,0.785179448470013,0.759004536671114,0.749138819497365,0.728784702178366,0.708522185521354,0.688996330916897,0.66850511151606,0.655079490647505,0.635180348081094,0.614992353897899,0.594715254524488,0.585166844361767,0.566119053805578,0.546388872030362,0.526892145012399,0.50698963798784,0.486595493890352,0.466419995449342,0.445454237654164,0.425201542753911,0.413702923268382,0.392240278440418,0.37180437536468,0.345299195541795,0.335679637189978,0.315677855498523,0.295676124338169,0.275574417842798,0.264838689105777,0.244436888345068,0.22327013581435,0.197117567364144
"1499",3.85851585742678,3.85815280274104,3.86121860945135,3.86091902645347,3.86704639034619,3.86067119199374,3.87049189116958,3.870303190104,3.86448705448512,3.8611182021136,3.84118000891226,3.81467696888989,3.80465204394322,3.7843546678573,3.7583110644475,3.74761984850499,3.72091453906755,3.70578781451437,3.6960476448874,3.67624239404884,3.66197126101228,3.6453432804476,3.63767241095529,3.61761389360857,3.60803785752597,3.59316933356487,3.57335303365352,3.57614731027964,3.55540740879178,3.53535201886663,3.53086237941044,3.5113904310396,3.49181440806355,3.49402966492178,3.47421169370787,3.45932536626622,3.44980178344149
"1518",2.81346470241389,2.81697846624709,2.82238988418057,2.82612559502464,2.83257665942095,2.83537752265061,2.8436152982424,2.84169659004891,2.83910648317097,2.83709691538524,2.83150596732831,2.82850051486799,2.8228003100289,2.82062268708991,2.80857892034003,2.80128861912066,2.79975148625283,2.7916807337959,2.7908329812467,2.77891882957026,2.77295548473067,2.77141887969235,2.76552671864303,2.76969562606267,2.75824744042575,2.74515038748537,2.74974129262141,2.74459525747181,2.74127926039894,2.73530791691854,2.7388971008376,2.73418665128959,2.72344594601385,2.72710129327869,2.71497969589907,2.71775964309913,2.70694854049622
"1519",0.411602328909644,0.414912674122267,0.41992644834115,0.446205982439429,0.472209210407324,0.514980997642382,0.543057426815638,0.577085520570894,0.604314645781014,0.648027109922421,0.68846106035794,0.721294210236375,0.764398638908651,0.798245917730209,0.837791162321197,0.876564581840151,0.91438528968283,0.952986700165766,0.98119902788852,1.03180178454749,1.07172904329994,1.09907576413005,1.13889308490768,1.18245779742924,1.22281804831181,1.26096130593835,1.29775635512401,1.33776845947164,1.37059776086447,1.41074508151773,1.45464312272384,1.48855096763025,1.52884337134389,1.57230467760819,1.61218122863786,1.64492745909092,1.67837798273164
"1520",2.27949460071894,2.26610589017389,2.24339510742296,2.20279879123986,2.16878533794466,2.13952630919862,2.09930861305305,2.06630615373135,2.02615139491799,1.98716730082009,1.96442127770246,1.93094048452891,1.8851442323496,1.85215225777286,1.81894033407049,1.79564408289024,1.75711552006573,1.71743108590502,1.68452515535298,1.6560483715932,1.62307670413918,1.58972497790678,1.54990036452033,1.5103173153165,1.48705269267641,1.45281811161014,1.40614688481803,1.37270098898968,1.34906727476532,1.31628555043819,1.27739779945807,1.23767804511425,1.20447184295141,1.16496498685607,1.12149441926514,1.07734890298433,1.02724777683683
"1522",0.982579537245952,1.02116010419713,1.0636078722545,1.10740257288181,1.13911763462377,1.18685352227137,1.21809825538203,1.25566129997911,1.30362480467869,1.34097844281475,1.38264726611173,1.41471047147014,1.45848095092886,1.50049430646548,1.53789939170858,1.57026552903446,1.62453538331967,1.6576717240508,1.6946409166569,1.73615452547754,1.76796348814565,1.81161907366937,1.84309749063553,1.87975837093916,1.9004653906687,1.9445823903026,1.9749918523277,2.00170390155098,2.0341410880098,2.05617085269073,2.1005784345353,2.13152695332042,2.15259744590455,2.18993037909016,2.22772216572366,2.24957858808824,2.28635023968644
"1523",3.16546880632292,3.14386655383347,3.10720659130078,3.08519339118608,3.06364589009375,3.01978501436882,2.99798319447358,2.97676031088515,2.93906652682172,2.91758835889759,2.88369367902253,2.8626082392381,2.83075512622607,2.80398227776119,2.77578716280789,2.74505798676937,2.71815002644136,2.69831748536066,2.6765021423155,2.6326789606288,2.61145332261611,2.58954414853762,2.56792006730865,2.53545367628431,2.51869688626625,2.49693001787558,2.47366956275789,2.44704058225364,2.4262195507213,2.41104632044829,2.3900117386859,2.35769947666425,2.34128097533365,2.31943947764432,2.29724110181645,2.27138833867016,2.24893068892599
"1524",1.18988003153347,1.21500071755217,1.24530722378199,1.27001348936692,1.30444973129011,1.32869993847446,1.35398597482385,1.380014299548,1.41104306228491,1.42662210489477,1.44288460017653,1.45851642094911,1.46968291409099,1.48581531878023,1.50152541047999,1.51331024800459,1.52292420163948,1.53989827102968,1.55563242016536,1.56753530331927,1.57692453779546,1.59218226766299,1.59778654698358,1.61810384120455,1.63295216678159,1.64115981337176,1.64479890271791,1.66538991642215,1.68148659280805,1.68793580972821,1.70417947118447,1.72503906209802,1.74017234437068,1.74542651245514,1.76048147448625,1.78160932588133,1.79306813094306
"1527",1.76916940742819,1.79258817444155,1.80785692298714,1.82563892482559,1.831852828148,1.84887791699533,1.86702866939889,1.88520163704754,1.89365021783021,1.89735168467265,1.89614738875607,1.89310057803353,1.89158344227942,1.87947848378868,1.87742919755307,1.87438715834342,1.87875725677014,1.86509875180154,1.86428722254447,1.8633648157845,1.86164963483974,1.85998862392021,1.8482830031893,1.8579333517117,1.86213534882141,1.87016452340328,1.87006169266828,1.87473845208256,1.88280214207217,1.8861110420571,1.89553690967644,1.89648929328812,1.90717773351162,1.91066053595052,1.92083181743081,1.91914130507969,1.92972865277819
"1530",3.13280996317161,3.1307381639605,3.13832526723001,3.14367371067555,3.14212802130273,3.1567589011191,3.14965598186793,3.16506877512224,3.17083481166374,3.17045513222753,3.179392445592,3.1783315800789,3.19410660001466,3.19362378210285,3.19899402641049,3.20125268254347,3.20695357211748,3.21547952179005,3.22163939075144,3.221887742405,3.23091857608768,3.23095170646038,3.23664638899366,3.24668233541555,3.25309877296662,3.26230394214584,3.26183564208969,3.27229302330567,3.28720734832852,3.29710597574199,3.3125595869659,3.32320833259774,3.33285398800039,3.34268162075129,3.35289953656688,3.36808421083849,3.37859788663881
"1531",1.89859777477673,1.86780230617393,1.83948382725451,1.80858976629711,1.78353344882213,1.7466335353898,1.71622318818198,1.68035195511652,1.6601493932067,1.62970418343264,1.59435703366283,1.56324409597584,1.52735982951015,1.49708903421903,1.46670709517546,1.43998814249897,1.41028660549779,1.37345240812206,1.34395315325327,1.31451815737238,1.27870587702014,1.2550547092583,1.23487044712091,1.21843546010738,1.21879377342426,1.21117090477655,1.20708009735295,1.19468650475032,1.18743536661658,1.1717871191516,1.16565378666818,1.16046173146238,1.13840182022558,1.13184080222955,1.12596402346359,1.10863551409883,1.10300040927762
"1538",0.669114221622726,0.67366320350159,0.674411963449299,0.672307381592948,0.674871211301816,0.678440644293166,0.673843960455327,0.672148462309114,0.678009813604483,0.6787859065239,0.690569955292078,0.694173756783173,0.698988278302367,0.699577534663614,0.704635484463229,0.714038115843706,0.715555244278519,0.71814802293959,0.730620492744059,0.742795704504967,0.738243757622198,0.74978157795265,0.761150342867378,0.766904944738832,0.769836090185046,0.779264054728766,0.785703924735228,0.788173082351967,0.797279790123062,0.802721767759439,0.813391083062565,0.816433607142215,0.823345049785493,0.834226267271736,0.846300252275392,0.840227399349372,0.852936121944552
"1539",0.349116757815445,0.348207885065366,0.334531583895358,0.333865700252012,0.314468089413067,0.302861459815494,0.308308031595666,0.297886844939642,0.297916078298642,0.286232671427029,0.276441080164048,0.274851916467625,0.264894356864306,0.269971803858426,0.252651601331598,0.241134524662132,0.246917715807054,0.234695833543737,0.235367342813878,0.225860090309144,0.22142206397149,0.2213916248413,0.211255026141404,0.201146981861123,0.20789116344375,0.196248631992617,0.19659255456336,0.193001721048106,0.18119638681608,0.181010117936522,0.163807956492044,0.170623349363688,0.161412606352728,0.150871971002931,0.17118305804884,0.202157250133163,0.222964811533863
"1540",3.07917358635398,3.06861607260167,3.05238602642685,3.03192871971026,3.00937529329967,3.00429373565823,2.98405400449396,2.96958260365284,2.94950036753852,2.9380705443349,2.92392044235641,2.90312354012422,2.8820014505436,2.87173478860971,2.85043947954312,2.83562966062325,2.82566138244891,2.81067660983831,2.79090727376861,2.77687766725337,2.7726189896119,2.75256698574846,2.73825521777017,2.71722953757854,2.70749684247905,2.69265287571675,2.67261743794411,2.65858062000869,2.66385275289773,2.66390040134767,2.66954230697118,2.66989464966129,2.68261904914376,2.68819602933344,2.67672200599912,2.65798821546897,2.64667777075433
"1541",0.297215786994019,0.311989644109974,0.320185259285709,0.347698848408118,0.356680500977207,0.371005508977689,0.382069350965252,0.403393609177194,0.414727288372006,0.429955176196246,0.44189861688449,0.462072585306295,0.473486549486538,0.48886617226723,0.509937729123934,0.520290199095973,0.536332666063926,0.546470446441464,0.568583412374629,0.58734573100723,0.603009889085427,0.614291696270825,0.635634999051481,0.656563939364928,0.672816146258445,0.692452872519134,0.713403865333137,0.735103710689083,0.743538339342156,0.753618823803365,0.763214793010854,0.773897986591778,0.78436068321841,0.793597422807348,0.803595523019027,0.812013565417837,0.822312293588905
"1574",0.0990336659788575,0.0989818755596432,0.104717870821086,0.104845710733846,0.105006065329144,0.104896611956619,0.097959164698042,0.103486539774502,0.113446074348896,0.113396878622282,0.113117404509289,0.118711665032919,0.111849456954111,0.111697110840114,0.11158044283879,0.117280147535721,0.127027620508025,0.126768204413289,0.120047867825146,0.119830867636709,0.125624148966938,0.125787349575312,0.125819625643594,0.126166412817584,0.132153498237061,0.142745380976398,0.143481174542576,0.143849419538263,0.144221150939609,0.149952285232352,0.149992728279106,0.150185691702127,0.150438034557562,0.146606164114835,0.146843673544236,0.147347357268328,0.147732204697232
"1585",0.773136528764771,0.772938464900018,0.772334457042014,0.772328296604833,0.772057435933774,0.771685848027485,0.777345067447011,0.767059300933538,0.767035437452778,0.766875227854933,0.766669994459235,0.771952864744641,0.771931430488811,0.771618207257129,0.771385789382249,0.770926742741521,0.764002241769429,0.769040812186001,0.7690950123131,0.769022207808313,0.768980528464886,0.769121826062455,0.769117986997702,0.775186455865774,0.775640302282848,0.765750632896034,0.766514746925618,0.757007294783154,0.756853999312093,0.762526066929164,0.752391017520013,0.752845358713449,0.743283568375131,0.74348603837935,0.74379535076181,0.733860221279834,0.734412075859646
"1589",0.365870529382415,0.376137857694597,0.387850249756686,0.392350421077668,0.403525817757457,0.414193416141267,0.424172211937569,0.434167458639416,0.437087889637731,0.447280771341869,0.456947756614989,0.467593702997384,0.46741436525655,0.477662558532313,0.487778619771673,0.492799087501192,0.502620208995392,0.513746484093869,0.523265232215697,0.526231920793589,0.546429468310818,0.556510983889911,0.566572774160646,0.586733327075371,0.589609190173074,0.610931269779015,0.621082163552154,0.630955503115756,0.646633396672663,0.656853123664201,0.667347434199742,0.686855583564998,0.696580663191936,0.707190473211799,0.727121041967423,0.731732695772574,0.735711095388922
"1590",0.40870944266153,0.413169384354525,0.409012742448403,0.403325223868584,0.398540259996084,0.403429075774985,0.397579832343858,0.391903292389103,0.395877466391417,0.390270579106771,0.384319746227259,0.379141420346178,0.378915129118237,0.37345870393209,0.377801215005143,0.372792865893457,0.36698567222647,0.362442188230015,0.356252858216755,0.350221343901875,0.338892975761101,0.333093973843,0.337341850174184,0.325698194227969,0.319432965672286,0.308657239279846,0.302631779540871,0.296626880795223,0.286120598365396,0.290622817766574,0.285262571245983,0.27328316165884,0.267243947457888,0.261778383297838,0.250057668937244,0.251576073916062,0.255569910114991
"1594",0.186882344599323,0.202996574046703,0.205406257969548,0.215666402726411,0.227247611991503,0.243998481660646,0.253978288410487,0.264089225620542,0.279570038767401,0.279849779202863,0.289512507326509,0.306216269017436,0.315979001032943,0.326399899714778,0.342372286235395,0.343512727143852,0.353375319295344,0.370872827491379,0.3802314469005,0.389752599611522,0.405775821208395,0.405821735983684,0.415891958659844,0.42597102321221,0.44105583751253,0.452550742880551,0.462523751551063,0.46803156253306,0.476395809809972,0.476673124969015,0.489610420539125,0.489030369868713,0.488686608761604,0.479318098555656,0.484986961216236,0.486294370054887,0.486021392010086
"1597",1.25869912415567,1.26894298768831,1.27511884560507,1.29647665528939,1.30181013264073,1.31254671129292,1.32669616993222,1.33105070561138,1.33499922380995,1.35517704399694,1.35921796566876,1.35414921598971,1.34390106079419,1.33850312892087,1.33287877419255,1.32799598384712,1.32796218984371,1.32363245135509,1.30738271672619,1.30131848157901,1.29001525075691,1.28420329298862,1.2726893825396,1.25678358031277,1.24464984126545,1.24637801465057,1.23453674933739,1.22849791546516,1.2080635106029,1.20258645669724,1.19804744683973,1.19185647289747,1.18004482798997,1.16457343122897,1.15863665862948,1.14775163713935,1.14170754777143
"1599",0.668782737642119,0.687171962190871,0.698639369378936,0.703912366076835,0.715155018691332,0.72670221434625,0.747927376841426,0.753773543759552,0.764936255168411,0.776392062043244,0.787988875540341,0.799625945381713,0.811937990841479,0.823659322422921,0.835143615111807,0.856991817098156,0.869611276946309,0.881844991659807,0.893230214582394,0.904800442396711,0.910715557138204,0.928679680355052,0.940139154424089,0.951228213222348,0.952381344413351,0.958029253758967,0.958889851408938,0.970150883833535,0.982097934770256,0.978202934353152,0.990045975961161,1.00135073521457,0.996058697659064,1.00761920277474,1.00315522880368,1.01490419032118,1.02035730563923
"1616",2.09909184146926,2.11502449373244,2.13656730144755,2.15247602036152,2.1735245288478,2.1898828643281,2.20982829202484,2.23557284954674,2.24535605827516,2.27125790979382,2.26094633583819,2.26725126894202,2.26706236361696,2.27303054665128,2.27311321003027,2.27957139389007,2.27609784844696,2.28277768233271,2.28235614632648,2.28200248235652,2.28792100880347,2.27799612866858,2.28380471968874,2.28396165334617,2.28365221210921,2.29047688828518,2.29072381078569,2.28741888707013,2.29424972577748,2.29439979006032,2.3005302722912,2.30027775160076,2.29018683605368,2.29648345299565,2.2965152521936,2.29746218976477,2.30324058310092
"1625",0.794882442241253,0.810495811636719,0.820280050108108,0.830378025621247,0.84615049651772,0.835932421462255,0.841616740718731,0.831316613345682,0.831285267618399,0.826923528947908,0.819748146638427,0.815235424160568,0.815191328140842,0.804930591122316,0.80474784451069,0.794492523062019,0.799963532325443,0.78939310874675,0.789348350410669,0.779170228458515,0.779136749499079,0.769317778197571,0.765099494573825,0.765506668824536,0.755919821405647,0.756331656331501,0.747248830885907,0.747766944412133,0.743643853090756,0.743534377555367,0.733469819615685,0.733870164887914,0.724292246370251,0.718004352129269,0.714112073125607,0.714508059870282,0.705031232781771
"1635",0.717670004883747,0.717336824642525,0.722124359626458,0.721929927128437,0.731346610977591,0.736599282601492,0.736418785768203,0.746148851677552,0.75180968679444,0.7515859026659,0.7672138604436,0.776653451501918,0.786580014485956,0.802032575028761,0.811768246230572,0.827021133122251,0.836869865459249,0.846065332683123,0.851945674698589,0.861968672347507,0.871912940250936,0.881971206953505,0.897692959096207,0.907820347970105,0.918241371295731,0.933808168776204,0.944310569660811,0.954727932762965,0.970172839996793,0.980127894039285,0.989988434941036,0.990467675106095,1.00668566674564,1.01675480245747,1.02701845145413,1.04264620890717,1.05314093673285
"1636",1.87365395394032,1.88330425739885,1.92248630014197,1.96216962459044,1.97886391488425,2.01850549179449,2.04827621953296,2.08236317074701,2.11217981885348,2.1451196668429,2.17932146954449,2.20322448683418,2.23731519937148,2.26143343658091,2.29548166205242,2.31948084763109,2.35369582330646,2.37767107334467,2.417703245703,2.45199759001651,2.47624835488291,2.51042242895218,2.53458879218089,2.56866831976861,2.59301412507866,2.62692568938,2.66109735869779,2.68544998673443,2.71948265392104,2.7438176033692,2.77802943964792,2.80827336594821,2.8427190825872,2.876871257473,2.90115266750075,2.9351068163506,2.95951646863075
"1640",0.131372415533462,0.146367234846813,0.149863608355859,0.154848264907995,0.165861432273166,0.17058364290838,0.175945527710249,0.191499702415904,0.197044391375549,0.209246876709604,0.215225668471637,0.219937740094483,0.22555926929269,0.230973431233359,0.25210133559277,0.256960523270341,0.262855806393793,0.267529964023652,0.273674127997528,0.28646025328234,0.292135046480579,0.3077257954536,0.313337672151954,0.318699011631832,0.337330288625969,0.341713998105622,0.347229119544409,0.363247151736522,0.367842265891155,0.373684985440206,0.379167936740313,0.385589580178298,0.391849859156796,0.397155101125119,0.413044502779993,0.420131407673305,0.416334581961825
"1641",2.62110286745328,2.61481730886875,2.62321387990096,2.63265684729074,2.63144940651527,2.64071965849589,2.65040002826217,2.6444616893773,2.65426389654101,2.66394061589849,2.66404617896388,2.67330886907275,2.6831647713017,2.69291567517022,2.68684968913169,2.69622830281044,2.7062941044975,2.70555411841762,2.71578509816826,2.7260347214417,2.72599627088128,2.73010028805623,2.73998292810347,2.74630727379176,2.7566182974987,2.76567274135532,2.76548821571291,2.76990457215869,2.77575139276139,2.76582040575529,2.76560989573891,2.76613877450225,2.75655343467472,2.75622031904623,2.75054845760741,2.74550785390659,2.75163435379539
"1645",0.983433817982455,1.00898266700252,1.05083802328727,1.09193216211777,1.11771246306202,1.15941300177246,1.1848975352805,1.22073866611012,1.24612588509157,1.28186323798747,1.31187374462938,1.33106724562074,1.36652459517021,1.39257563085975,1.42260087320028,1.45893191739215,1.48482046152259,1.52175988120613,1.54144418612926,1.5771322572714,1.61309309783386,1.638662753294,1.66860837533936,1.69391658556502,1.7290552747948,1.76508099878334,1.78428130719249,1.81962679499495,1.84624756793783,1.88244344505361,1.9029041157234,1.93820405099916,1.97363642560055,1.99952937710835,2.02923731981299,2.05545859533678,2.08079076149126
"1646",2.12602696466053,2.14415420871251,2.14618854649716,2.15839348532055,2.16915602103678,2.18159983215746,2.19975329584403,2.21247913082615,2.23064814701118,2.24317688283716,2.25606388854509,2.27422227936001,2.27670451748077,2.29520247868231,2.30774288541206,2.32029367003362,2.33895985571831,2.35174422955428,2.37027791591442,2.38321823942812,2.39598750314531,2.41419945865557,2.41676862790908,2.43462370468967,2.41716656054297,2.39897279474877,2.37989363018356,2.36232902999277,2.35045942986182,2.33344425453757,2.31539667167797,2.29805542039395,2.27403429534984,2.26210776183995,2.2378527045214,2.22574619733697,2.21388671742719
"1668",0.0196022727394838,0.0252359411379907,0.0253471435458522,0.0311215497749324,0.0312937597063784,0.0369882961916947,0.0368775374711213,0.0366482231423977,0.0422829991231088,0.0422012346850421,0.0419139036645547,0.0475294519076235,0.0474230402290963,0.047253806820336,0.0571048562977732,0.0627825226317512,0.0625386621927421,0.0623059849112326,0.0679475041294422,0.0677553599035458,0.0677584317015401,0.0736408112397093,0.0736441072029671,0.073916986464567,0.0798972017401157,0.080359123184985,0.0810074108277602,0.0871396812798078,0.087445965230202,0.0874394381066959,0.0874973288410004,0.0935150007253601,0.0938058317321661,0.0941672804378042,0.110204014121798,0.11064198975865,0.111036068447435
"1670",1.37609314221672,1.36598141387487,1.35587523797895,1.35596285170546,1.33909304516563,1.32321884675604,1.32313068694743,1.31284462318209,1.30276947657246,1.30266680849917,1.29233934838026,1.28210168629076,1.28202900247753,1.27177592356367,1.26159168888005,1.25560946129865,1.24531207808201,1.23480659130287,1.23473068473503,1.22453758177545,1.21450400369016,1.20804216420411,1.19805328671904,1.18841931182915,1.18297119159551,1.17345277346348,1.16428027100531,1.16473699011651,1.15496537715323,1.14490560820644,1.1449102221684,1.13524134688614,1.12983667222694,1.11443831153199,1.11476222574598,1.09938323007682,1.09410192442553
"1677",1.47115120870828,1.48640712343947,1.49071417711091,1.49612662933683,1.5009450487335,1.50599837112251,1.51151126313341,1.50695896688165,1.51259936677222,1.51805261330525,1.52372111808994,1.52193353223438,1.52759390244891,1.52725351974436,1.52270843215384,1.52786568540777,1.53350393144319,1.53837691620484,1.54429072459274,1.55012466896015,1.54005317261148,1.54583768590145,1.5449154420784,1.55072305956702,1.55685737190217,1.5623397792794,1.56847984017763,1.56461643165705,1.56428415979424,1.57006564375337,1.57574180648217,1.58197306024444,1.58816592158358,1.58399247967526,1.58334537076133,1.58323271649936,1.58941885193123
"1681",0.687295701367869,0.712343027523728,0.725840528607341,0.75102876492579,0.765241150129642,0.789961682902271,0.80539279530851,0.820819307223513,0.846445825199554,0.86178108032664,0.881828447468085,0.896543510288448,0.922211221297535,0.937510290853597,0.962857160458686,0.977649924659193,1.00337246347638,1.01777767159837,1.01388628404668,1.00990758435803,1.0055476819324,0.991263082972577,0.980291953481987,0.975942134022741,0.972225363140951,0.957123115156716,0.953086506768325,0.94925208213093,0.937547401761019,0.93333923252326,0.918904095298132,0.915278444090421,0.911551207052887,0.900503923257876,0.896478591890471,0.881710095665913,0.877920548027005
"1682",0.0862667801707337,0.0845555900187566,0.0888122298998321,0.0898833352662927,0.0939713404702081,0.092493979506069,0.0964458022068339,0.110708500198766,0.108849816186116,0.112996176984831,0.121505883059958,0.12576370045425,0.123971219175126,0.138341153208442,0.126737391802494,0.111180646478778,0.0997653766954358,0.094590774432337,0.100206490746076,0.106003552921678,0.105267428755091,0.116593507051944,0.122277541807751,0.127581601025097,0.132911417830951,0.137765515639973,0.142783314857356,0.148213248975373,0.154558739146253,0.154121091051649,0.166090867504291,0.171494460049798,0.167006065095723,0.172843912764405,0.171706108425246,0.183632413224551,0.188988581469298
"1686",0.196573984617956,0.202087761930121,0.207766195526138,0.213276578722561,0.213173545405961,0.218850328917167,0.224384874326591,0.234269308418923,0.249782823260878,0.255431243361959,0.265301289457301,0.280969221907112,0.286530871237889,0.296502486697965,0.295369171834149,0.30549314928465,0.315428536316022,0.321488198828131,0.331312260158885,0.340341613210167,0.340428425320041,0.356140844078875,0.366104550734415,0.365989686403688,0.374879624360026,0.385223849899358,0.390862749227292,0.400800342996726,0.40717398224885,0.417404738875899,0.427688714210357,0.433331568073601,0.443292670275627,0.45930583776155,0.459278098804429,0.469714935023998,0.485447428235413
"1688",0.264422688103764,0.269938555008207,0.268475626929132,0.274056829662566,0.274018712636944,0.279689773197067,0.285251274691546,0.278221659545861,0.283756861621523,0.279425822993992,0.279242995507672,0.284947915502773,0.290523855086188,0.29623988430959,0.296125768370399,0.30196602609163,0.307609827346493,0.307780020543128,0.313373511521,0.319000034382099,0.319055285314411,0.324820555318886,0.330560329738324,0.336337906802403,0.336284612615631,0.3323890348739,0.338314813653662,0.338418138106549,0.344636486814689,0.35055761250313,0.350746936148337,0.356551254719211,0.3624297654609,0.368480407638876,0.378565586978644,0.384761693794959,0.400672523130861
"1691",0.976211492986151,0.969984389349831,0.962881525068422,0.956688119484898,0.94993410782547,0.943513893064812,0.937460752678019,0.931469812366804,0.925528210739911,0.919456816554939,0.919465734690329,0.912997836468986,0.897097555517339,0.891041035906451,0.884962613397284,0.878568018031617,0.872788630263634,0.866192739456082,0.860625429812463,0.845047498323696,0.839219418441992,0.823366822266842,0.817491972297394,0.801528990251386,0.796099861599489,0.779561367647888,0.773775361414265,0.75825860786923,0.751802533011935,0.746091287443107,0.730150222630571,0.724881528616874,0.703749117312122,0.697740820474441,0.682113128834324,0.675666272897412,0.660254543869583
"1716",3.13916559042728,3.1492148419186,3.17043514237612,3.18037883949637,3.1910977556448,3.20157315784763,3.20564566341069,3.22564249340806,3.23532138662406,3.24538175554531,3.25514335826475,3.27558818418674,3.28531760939567,3.29552510073322,3.30555741625213,3.32288565503313,3.34279185397894,3.34796820105212,3.33757374341754,3.33731390521438,3.32745769650797,3.31741348203348,3.3174018507754,3.30731423204538,3.30266868124277,3.30338480286708,3.29902401514036,3.28888293172349,3.29565926724219,3.28594073038296,3.28214855200494,3.2818321264586,3.27745340974153,3.2678474269121,3.27356894497819,3.26435787022744,3.26998524568032
"1722",1.4367687300703,1.43649810950469,1.43160576594809,1.43152558342207,1.42426047982789,1.42967291473367,1.41950848065532,1.41919283157885,1.41908117540678,1.42464447974358,1.41437472392473,1.41395306719769,1.419611643055,1.41929721336857,1.41904862556643,1.41442363321943,1.40746716482301,1.40689131055395,1.41262033459944,1.40249030781533,1.40244205383389,1.40254521681985,1.40166639115369,1.40191281758119,1.39220884973718,1.39825621947576,1.3989130011388,1.39932262470377,1.39521862184646,1.39520618501022,1.39521724634781,1.40134696358181,1.39172580907357,1.3920355140483,1.39233709391631,1.39841268859018,1.39888104449258
"1725",0.531322621490252,0.524788690240332,0.544647626026288,0.544984350610756,0.563337698989396,0.565107313879402,0.57391792893115,0.584237020246858,0.583734284649659,0.599994389183723,0.599528164741728,0.617106854265581,0.616669697242075,0.633280042039829,0.643737676787596,0.645873007121861,0.654833171673855,0.658318879265058,0.672909382373836,0.672121918222387,0.688336989596987,0.698276746750158,0.698374888156983,0.71401612670423,0.722484830733523,0.734952120558654,0.72764065915445,0.731012642987771,0.744211052628334,0.744867402176677,0.756112335115836,0.75881260707908,0.76777189291464,0.768809611079284,0.778329052644088,0.784991102710324,0.783953495446932
"1737",0.53976138520903,0.563797955136028,0.565149547059541,0.583446985500836,0.591853930650029,0.616000170125323,0.630008564628187,0.647225577099718,0.661207046682023,0.68533102771976,0.699417634259204,0.723563729732455,0.737587858356368,0.761777093432678,0.775873749527104,0.800131819038897,0.814286274191502,0.838649675478229,0.852740015085238,0.86689804590666,0.891174765201016,0.905349217631998,0.929525352703553,0.943638152342369,0.967810275332794,0.982099148262055,1.0062799753602,1.02056631290544,1.04501904842496,1.05942470836992,1.07380378045312,1.09811449998072,1.11247350495285,1.12681032983231,1.15109087983584,1.16541667345956,1.17974542602025
"1739",1.67485784625952,1.6899968703958,1.70427815995199,1.70366023903246,1.71825943061419,1.72759716334385,1.74297448218642,1.74279256849373,1.75826828527546,1.76793982170251,1.76375951126123,1.76888269847481,1.75866865495114,1.75421974958619,1.75392576541604,1.74920754859582,1.73926281137164,1.7503217407314,1.74620918391243,1.74792230120381,1.75366564770898,1.75503117682355,1.75067331594608,1.76185687039676,1.75771190095747,1.75859181509732,1.76404973455259,1.76565901028284,1.76108999132554,1.7728428992099,1.76864227567906,1.7646906846968,1.77648267640966,1.77875862543848,1.78038252333315,1.78574257429705,1.78749905710618
"1744",0.342931642440469,0.352614559398953,0.367572380034852,0.387447260648858,0.402773424020283,0.422313231076551,0.43787626372981,0.447527675616908,0.46741653737897,0.482933397387106,0.502676301613856,0.517895129043778,0.527797143170628,0.553184267625884,0.562895546866881,0.588149556739573,0.597888183344141,0.607024430905264,0.632832046979939,0.642753811386095,0.6584311484955,0.658533389951848,0.664261605662216,0.674526359879263,0.674994244068901,0.68080402295254,0.697338455402712,0.697862233934125,0.710084946139226,0.720001770697989,0.72565223709935,0.732013012168969,0.742569743812617,0.748572811625219,0.748973460970552,0.764790946034629,0.765441511815902
"1745",1.12177932071366,1.16582251438838,1.20993682976663,1.24826399901123,1.2923692545154,1.33069493468111,1.37471366177065,1.41875954305547,1.45702810511572,1.50110933357275,1.53941895754845,1.5834116021173,1.62746814442487,1.6657953703479,1.66306754984193,1.66144023480614,1.65555666774663,1.65968967304846,1.6480583563496,1.64559090155057,1.63984956727749,1.64981367710802,1.64975954783111,1.65393480327819,1.65394067324724,1.66403421006658,1.65834294100557,1.66846888482814,1.67868362699265,1.666452621779,1.67662447197298,1.67671108836662,1.68107647065713,1.68125686544308,1.69134426028245,1.68578296654358,1.69592049186996
"1746",2.41089908325974,2.37221186059712,2.33759987522928,2.30858272024796,2.28033064399745,2.24204325974275,2.20297826969772,2.15744852736456,2.11820855980972,2.07945751392473,2.04064510988091,1.9955019142488,1.95632378750832,1.92790491241004,1.9121922570176,1.89717086179665,1.89401862840211,1.87964694844082,1.86926074945107,1.85340845636939,1.85023295511472,1.83420681040671,1.82412170941005,1.80777383832221,1.79705843502915,1.78805744508318,1.77709763606987,1.76085583034064,1.74581848658542,1.74289902237957,1.72756210324821,1.71717980205973,1.71113016010102,1.70114368453412,1.69175703975207,1.68191060429519,1.66574734453231
"1749",1.81328707568203,1.83318782836566,1.849432839969,1.86932083921026,1.87961768385696,1.89551494789779,1.91531582147883,1.93094837249972,1.95067844043139,1.95951504335717,1.97926485719179,1.99519937640592,2.00496096015505,2.01500914934307,2.01393815088883,2.02433212787787,2.03996200219618,2.05063422810334,2.06605455034315,2.06917064871914,2.07352400420067,2.07349626269131,2.07771558297971,2.08190778571497,2.0848897568661,2.08985886429501,2.09979052130158,2.08720858178877,2.09248886195561,2.10278043954193,2.10087889592927,2.10473083346414,2.11454253770471,2.11919703108501,2.11334865780749,2.12421155939205,2.12823518981223
"1752",0.269613667766533,0.263691689975858,0.256346298879257,0.260624294756011,0.254876754619642,0.254648901616211,0.24875075101043,0.24266632200206,0.252551837262896,0.246631817062719,0.240540626559943,0.240196173423398,0.234332277769295,0.238258542157616,0.238020050175752,0.23192390862339,0.225855940707901,0.225206269723227,0.229388199614533,0.223460602538152,0.223394017056177,0.217758658040353,0.211973849288878,0.222299748826445,0.216942526009793,0.204803166362024,0.205588043936547,0.200293489801327,0.204598072424148,0.204558246264228,0.208762722060325,0.213406744481076,0.213855454637743,0.218405895889583,0.212984389051721,0.223254051095538,0.228021189706084
"1753",1.59977804653838,1.6095795308315,1.61949291849202,1.61661059426071,1.62664571314566,1.63655511080921,1.65636164727396,1.66614223835339,1.67018359362118,1.68005543842731,1.68979767982177,1.69964189779924,1.71946628502931,1.72355667900842,1.73338570114749,1.74331108449988,1.75311542440833,1.76299387228082,1.77708363754273,1.7869312610754,1.79693449402236,1.80696831608369,1.80693603761336,1.80127510116628,1.79138072847388,1.79166743130627,1.79204054016143,1.79229033462266,1.77678730805379,1.77687348139249,1.77120684173479,1.76563264500927,1.76589194574244,1.75038683581541,1.75058980075603,1.74510908138743,1.73962795330451
"1756",0.156176026352612,0.15176565692654,0.15892029403589,0.151861777604915,0.142005451320926,0.141933944913075,0.141772261674909,0.141516644395083,0.131344279198711,0.131227911283524,0.130910418571729,0.120758643947931,0.12060573319611,0.120416819398781,0.127013831608036,0.116854334361631,0.116591813182567,0.116267892794592,0.106142313857762,0.105956075430231,0.10593146114372,0.106023197500123,0.0960046490487169,0.0962463844497075,0.0964780948577087,0.0868552484172246,0.0874867931146665,0.0878648249719025,0.0881038572104175,0.0881204717956706,0.0781845299675125,0.0851066457676804,0.0854952205675668,0.0858283741642655,0.0794796632461325,0.0798597963294431,0.070294745000448
"1769",2.57484827702711,2.58263748863281,2.60135491399622,2.61932011359803,2.62600967507926,2.63319032150856,2.62132887483427,2.61621763933289,2.59462988211204,2.58255045701542,2.57104732517611,2.54805985352669,2.53649087203811,2.52999616584023,2.51365437423178,2.51215097742506,2.51202873197219,2.49402450272011,2.49456860802997,2.49492672800796,2.47805553962204,2.4722656971936,2.4721169282955,2.46209607905651,2.46302394857086,2.44929157199133,2.43976874834179,2.44042732587727,2.43320580421717,2.42308994783661,2.42262286826911,2.42367675330493,2.40875794533913,2.40842995882721,2.40886333218808,2.3977620878062,2.39282174632554
"1781",0.444823602088319,0.444157778556623,0.43481927243424,0.450182885799888,0.448821252815475,0.447744022841368,0.440561979854472,0.445848930918391,0.45576401605101,0.455327181416605,0.455181956248217,0.459850696383216,0.459782101303381,0.469171167337678,0.474465480185821,0.47337493917727,0.473150296528153,0.471445560248007,0.48752494395204,0.487659977669541,0.487466475036396,0.493291513873268,0.493195952566782,0.503376142656234,0.504175590832664,0.529265892112438,0.550042581882649,0.577445264283649,0.606410861226598,0.632033619642076,0.645084660693667,0.666001292239197,0.696795827310872,0.722537119268807,0.743020771217535,0.762455342341846,0.783304308504015
"1782",0.864910684846702,0.864637883860877,0.864499048310262,0.858471704350701,0.85828038067492,0.858141735794728,0.857867709982733,0.857705112482059,0.844777915366609,0.844634091468031,0.834470512673648,0.834367656942774,0.834121671674641,0.828309707934072,0.828156888330398,0.82819251388288,0.828108558333118,0.828294962756673,0.822356282593019,0.815632145533202,0.815687058406565,0.825604280674418,0.825542616790402,0.819621166723777,0.812770587535883,0.801453051505615,0.78973938997169,0.778153267761644,0.771277509909277,0.759972126406725,0.748674114152871,0.737084729954365,0.71980072321623,0.708397143073141,0.6968491085331,0.688893974372108,0.677292379054393
"1802",0.872841945220648,0.886638886802842,0.899515586040319,0.923517588402991,0.936910494465599,0.960403835909935,0.974391501500943,0.988210959160016,1.01234015527214,1.02622344522375,1.05025888221113,1.06364621508317,1.07778901924206,1.10150914791295,1.11534462886631,1.13871606967135,1.16270993564876,1.19556583804631,1.23000017863142,1.25429289264039,1.28836783287085,1.31266079553587,1.35257585193538,1.38698809572118,1.41189248263016,1.45141540066736,1.4863646700131,1.51699062935926,1.55049688463756,1.57462376834985,1.61436748953673,1.6493901874372,1.68010462902597,1.71435059882035,1.74901768922111,1.77860097649854,1.8135825797487
"1804",0.0319461141171971,0.0513332300824015,0.0754522787577929,0.0949018574013515,0.119470657278399,0.131801231381635,0.151434527964972,0.176912486970085,0.196659544297483,0.222055381912155,0.236263460061873,0.259787080329698,0.268071462718395,0.281987577817915,0.29587840372039,0.309480068371717,0.316978501353116,0.330522131078799,0.344878178549479,0.359257771486042,0.373426144422657,0.380911334117688,0.395022180085267,0.408997248077927,0.423419092937741,0.447013479821396,0.45533180981768,0.469730014425183,0.483498707622309,0.497875313924282,0.512061091391748,0.520073025459125,0.534619828336604,0.548708870165078,0.563040631560495,0.576827351553924,0.591287621686962
"1818",1.14796584551143,1.14732666473615,1.13937732987974,1.13906192645033,1.13771640905765,1.1365868495534,1.1363103324419,1.1357561019509,1.13570962362089,1.12947471556157,1.12926627631021,1.1212257037909,1.12117500231804,1.12047427202896,1.11996917204302,1.11205701390105,1.1060015428684,1.10415938545773,1.10446506105292,1.10455945901852,1.10433899711023,1.10443859426127,1.10434893413061,1.09886432161253,1.09975500698984,1.09914990797543,1.10012477416658,1.10092455947608,1.09995277528851,1.09977210832873,1.09361656948371,1.09462391831584,1.09550601367231,1.10552524684695,1.09453037063366,1.08820483831498,1.07759837502468
"1823",1.00455374395788,1.00376123874887,0.985199625006358,0.974730414609854,0.967189834142042,0.955800020265769,0.949712852732939,0.946007165679454,0.930215005820287,0.929622358782818,0.91950923220544,0.917973093281352,0.902187635465312,0.891340658272667,0.890722610176792,0.879125940460922,0.868874654662061,0.866383134277096,0.856910643425785,0.857181037992793,0.846883185419624,0.836951528192132,0.836819396575068,0.82126543708076,0.822413551969015,0.81123704810642,0.802212412046998,0.803139776210041,0.791560426951685,0.791317494394342,0.780743306353115,0.772037719000057,0.773120026025002,0.762916095524738,0.757771301921086,0.756730139086889,0.757867528997939
"1830",0.721897488162518,0.725340509176989,0.726860865160431,0.72475347668493,0.720178140312935,0.723160167476252,0.727008384168662,0.730791807188476,0.729130156410042,0.732823659611691,0.737058605049874,0.739976245031658,0.744102182814812,0.747688961460853,0.745622758542517,0.748539010373785,0.732671328560164,0.704991875561903,0.68967124145585,0.664225798835279,0.648238203568793,0.632404502630668,0.612242641314997,0.596372548762096,0.587178892622731,0.560106462416391,0.550466331110944,0.518591886390063,0.501493462184248,0.491449151856044,0.465284237094755,0.456257648397324,0.431278708640919,0.420960769447396,0.405572467124738,0.378737532358711,0.369494882600857
"1832",1.61332556619242,1.60893712756719,1.60222129748075,1.59787658897087,1.58389143310286,1.56970809531602,1.55949523344713,1.55191216969729,1.54741256203409,1.52729940626031,1.52272253252876,1.50268782301428,1.49246636708746,1.47234192750327,1.45794910512123,1.44801146508127,1.42777183892621,1.41785653642699,1.40337268272455,1.39313144299923,1.3731449415116,1.36317906500763,1.34891649454176,1.32905106532868,1.3190535822346,1.30536194226519,1.29576282915068,1.27598131343046,1.26653396800354,1.2524446782442,1.24267291958013,1.22278276685488,1.20299165076296,1.19919281548485,1.18274270773695,1.17339564222873,1.16361354747246
"1834",1.729495652601,1.73949943459323,1.76051485115801,1.77054038248517,1.79122428228931,1.81730347327134,1.82712595077344,1.84696187517546,1.85667431855991,1.87666409654618,1.8920243230911,1.90230020293649,1.91204609960495,1.91526909448845,1.92522981593887,1.95145444052358,1.96120475345904,1.97189973457829,1.98145755177331,1.99108361320351,1.99540495005394,2.0054402677805,2.01543957654874,2.02557473867878,2.0286332539366,2.0396503237827,2.05990675541548,2.06993754739398,2.08107143299687,2.09130080828027,2.10174368765232,2.11153692958455,2.12151291528233,2.13210345824206,2.14220740529562,2.14662984863093,2.16661632944708
"1839",0.134721780490911,0.13444800124993,0.143980056893926,0.149659428609064,0.149472184030221,0.159115632010889,0.158916309386447,0.158525150836603,0.174134062400573,0.173905510199207,0.173537614921187,0.18309125325658,0.182957251504469,0.188329363150485,0.198041138701073,0.197611539855845,0.197270952740754,0.19990423125919,0.205587718579996,0.205395478493133,0.215311628276209,0.215430014108655,0.215399994309268,0.231498683564501,0.231888865439017,0.242220422561857,0.243077317252151,0.243604416874634,0.252853430632272,0.252839609572072,0.25287864200617,0.263299716310012,0.263764484217286,0.264174697513133,0.280352800225488,0.280764455049748,0.291331401366189
"1846",0.210424104580226,0.224511837166823,0.244522929287833,0.264490766526701,0.278833820218314,0.301791965721059,0.321598162149207,0.335537161886632,0.355333100437928,0.38518510912156,0.399048819203679,0.418873027204065,0.432931382405785,0.452691793708908,0.482485755457838,0.496594707633055,0.516287779134839,0.536008433644581,0.550057780922172,0.559821865200551,0.58640389161215,0.600730297942801,0.620700927186851,0.62520298892678,0.645461532401151,0.665869663236536,0.680803082799858,0.691228979775107,0.705696153199157,0.72572030638392,0.740018188989336,0.750379687063827,0.770793477959643,0.785408938764662,0.805764339960004,0.810388703265459,0.830889247847335
"1849",0.0539622917258146,0.0495664321241895,0.0500433253070371,0.0499733935188384,0.0502946733768808,0.0503836679420614,0.0559213971723845,0.0557038320830335,0.0485441139300492,0.0484687911299737,0.0481134636858901,0.0539695073218986,0.053721106589219,0.0468709313939498,0.0467756485069239,0.0470551143808715,0.0425845166799552,0.0430248172231553,0.0426666779852126,0.042361841570341,0.0424151356392343,0.048198786191189,0.0481792963465827,0.0416475048661893,0.0414333735483478,0.0422319471195067,0.0482557340974821,0.0483324723148219,0.0492465848888404,0.0494585798981903,0.0498336820519331,0.0555148035193894,0.055566875106247,0.0460804174261221,0.045329061961412,0.046242780862976,0.0462928457790158
"1856",0.562714225736885,0.588277233689977,0.598571433621176,0.614216401425436,0.624426900706356,0.640190036274275,0.659965294588759,0.655478915956329,0.655213998124499,0.660849273580595,0.660502154454483,0.660468927595287,0.65599455051508,0.655864150533367,0.661466857405704,0.654832244370905,0.654586588764197,0.644791491551895,0.644496592048215,0.644227971864626,0.6442510172458,0.644277320685855,0.634249167319897,0.64013920262543,0.64008419798738,0.640696787688274,0.641063683129938,0.631250029917687,0.631900630197175,0.632057315669118,0.632328764204558,0.632393825353262,0.628350642616711,0.628803452496547,0.62900641972296,0.629673405124902,0.629898512912632
"1869",0.931604680253034,0.925937231589473,0.927347875562886,0.921631224921682,0.915576035840824,0.910383148192112,0.904436396756315,0.90433998965378,0.898226013655342,0.891404423959402,0.895236729962,0.905799638324133,0.90971710364745,0.919886255348705,0.917379614409087,0.922403433846669,0.932192195515036,0.937672727519979,0.945549830809049,0.942716664060326,0.941347807090522,0.945555012438551,0.944023637568864,0.948251376397406,0.951911640334839,0.951543223643953,0.955727125069345,0.954011238296797,0.969667240967562,0.968456624076548,0.973271440577848,0.977070904428803,0.975320355512602,0.980138134687218,0.978561009695159,0.983913441622632,0.987946614412872
"1872",0.341728026894117,0.347317563618468,0.34376853778194,0.34226606418389,0.342707602932986,0.341860630353161,0.337339230069834,0.343026494646875,0.341486354083116,0.347239341773904,0.33583199947441,0.342084482250217,0.340655512177218,0.34666108658567,0.352455511822486,0.349004200729372,0.34796360451604,0.355219845733419,0.360386648678685,0.355775405001159,0.355105019382671,0.360754202222255,0.354111390608827,0.349664114124164,0.354603504798129,0.354902828384518,0.360191373561979,0.37553054994149,0.403067947568897,0.422740041551087,0.449336067273331,0.474341816420556,0.483857894412703,0.510272240302481,0.523391601142762,0.55064634416551,0.56007192848679
"1876",0.684977913573527,0.686232197036154,0.670544784653827,0.670444174848907,0.664759373169301,0.658883976284177,0.66554339687704,0.64796507406855,0.636227467125402,0.624519058109405,0.596916731889017,0.585110284118576,0.57339270649891,0.54904915013937,0.537295182872024,0.525570469248395,0.508021751109681,0.496145797175303,0.462095179933616,0.450391942759984,0.438825683526577,0.42154809545361,0.409960037111438,0.398527912179487,0.381387882365358,0.370038274376314,0.348901280062617,0.33188963186321,0.320474465753105,0.302411055927568,0.295197314008535,0.29392532698577,0.292706001248075,0.275627792427173,0.274322224933835,0.272965083842456,0.265971541700224
"1881",2.3091742410757,2.34334822575404,2.37695594904592,2.40542312932846,2.43441543019915,2.45886354500336,2.48023696173015,2.50854960843889,2.53672042576487,2.5609044391839,2.58902840259711,2.61087370641734,2.6448263468311,2.66331449013011,2.69170873002673,2.72051974177857,2.74784291714349,2.76696383376618,2.7950211352321,2.8231811262401,2.85748844147327,2.87593332899189,2.904369350476,2.93860756542396,2.96681074478705,2.9859546151944,3.01450611573598,3.04875537139876,3.07804092757571,3.09673529471913,3.13133357255624,3.15968393508067,3.18817897469101,3.1503940147113,3.13469246492866,3.10385219459143,3.0822983837766
"1884",1.12325100321702,1.1173604798303,1.12226853203467,1.12052629173611,1.10808717949601,1.1125815468789,1.11652354862242,1.10493229767587,1.10876542438086,1.11293526644736,1.11694450129039,1.10565138039126,1.10954668310554,1.10387932812844,1.10228074511208,1.09020370661055,1.09436514625391,1.08948811369522,1.087557618462,1.08158073975561,1.07930434243993,1.0676264014912,1.07179554036369,1.05998458701157,1.05794356289558,1.05264666228128,1.05067438290959,1.0446700158753,1.04400929526381,1.03862503388309,1.03754482323299,1.02570776973736,1.02980260843604,1.01852062441764,1.02266340460331,1.01164862376206,1.00987441337724
"1885",0.59008280850417,0.599881534868817,0.594926287623446,0.588740900655083,0.578954967613686,0.57350930400883,0.567376508316886,0.567408619470304,0.551140031286178,0.545319561041929,0.539452469740081,0.529793202828852,0.523612590504597,0.523859955272111,0.508072161830094,0.508669057042174,0.509664746241152,0.500816009543055,0.494653649302414,0.494528009794263,0.488910877359955,0.485281500320974,0.479413712056252,0.478906868113387,0.462527296943465,0.462687283722865,0.462776728747791,0.452431901182708,0.44735059153548,0.447812730966474,0.432504511972414,0.438831180066968,0.432920496173381,0.433015821241285,0.417091658342328,0.423961603530182,0.417948863019592
"1889",0.31452599515255,0.313848462907704,0.326320349484587,0.355736291536457,0.368693079066866,0.387806171482401,0.407395956453079,0.421277410858673,0.441017345704217,0.460575422945686,0.480500830336758,0.499600268176297,0.519391075277726,0.538945941216577,0.558522542732398,0.583466547583212,0.603367444678479,0.622282072513905,0.642465835211515,0.662621473736886,0.682490187129073,0.702386693816543,0.728011354090454,0.747848968358635,0.768253749032922,0.787497939359057,0.807626787532639,0.827984240343964,0.847309418568268,0.867398242943379,0.893058667116313,0.913687095889855,0.934240319501769,0.954131583665465,0.974415540833287,0.993889664925851,1.01438979059755
"1890",2.60888168292976,2.61828192448907,2.61538871270176,2.60762808792483,2.59504775893523,2.59280050377003,2.5908924347748,2.58905633207994,2.58726577447423,2.57848125481507,2.57688923604913,2.56463760998968,2.56288461087829,2.56100733367773,2.55910889907618,2.55691763079021,2.55532184857577,2.54294658761197,2.54154726693054,2.54016744151517,2.53853484683265,2.5368654350944,2.53518678410216,2.53339916045253,2.52216838044311,2.5198224120603,2.51821201740209,2.51692599969694,2.51470579711938,2.51328739718275,2.51163297640191,2.50064938276064,2.47959249941486,2.45783501222571,2.43649028016073,2.4042561902694,2.38975049420642
"1893",0.396354533189592,0.401396942595819,0.405272348777282,0.41045819968175,0.414911253919963,0.419756219321129,0.435113623313667,0.440475447365579,0.452876902877745,0.458173829651638,0.463820007968807,0.468613499859639,0.479943526645301,0.485200911735633,0.490518324789185,0.50539397794238,0.521008234024645,0.535538473587771,0.55149967259626,0.557391051128614,0.573004311936596,0.588711694544106,0.598582726527787,0.614294640960014,0.630554164088997,0.652296566855074,0.668444653345033,0.668932386247909,0.683964830559569,0.699763674792931,0.715365422886703,0.726102451396569,0.742533217403903,0.758264678289576,0.774420953454708,0.789728479713397,0.790362950502845
"1895",2.84642436529634,2.81560287194029,2.79332548593175,2.77829636848124,2.74661339513378,2.73130320537376,2.71082510598348,2.68047830016204,2.66593509702298,2.64543032065561,2.61545975378698,2.59442458071786,2.574191932451,2.54374044402692,2.52328045398576,2.50235097226259,2.4823403156061,2.45118007684801,2.43144145797551,2.41170937014049,2.3815725024102,2.36139149639801,2.34121563944115,2.31087464018418,2.29125588557075,2.27678178059925,2.24667318088318,2.22698525228936,2.20600429111272,2.17612398029067,2.15594051078547,2.13664415226691,2.10722826612309,2.08692967858172,2.0671712528904,2.05630499652563,2.05678250696981
"1896",0.15582771394915,0.172228764964088,0.182263726397501,0.189717540108202,0.205474907408056,0.223249959819571,0.234156201474588,0.241365349699532,0.252339843221369,0.263454830220283,0.287816171800844,0.288764950460842,0.299874709960208,0.317111746110942,0.318345398064815,0.329610027213735,0.341394401120382,0.358882527472335,0.360430047586693,0.372234858525985,0.396191302691223,0.407315306732579,0.408641272961747,0.42508682513759,0.436267245026257,0.426815346748963,0.432929775813402,0.434120175645704,0.425490471853571,0.433314208733071,0.435137227437388,0.426671359828581,0.433981785270256,0.425234990591462,0.426590754398346,0.421917692780054,0.401642188738091
"1898",1.80033866231476,1.80576658496479,1.81586986857181,1.83123497240826,1.84114630887802,1.85687492071913,1.87342191759311,1.88901944314518,1.89863291621458,1.91845494837293,1.95401878600829,1.9839554051096,2.01939088756435,2.04256337579541,2.07817857330086,2.09835862691931,2.12827768022152,2.15875335795567,2.19423844827953,2.22409561378708,2.25415316787209,2.27401813196259,2.30393528231031,2.3336984207226,2.35671675306025,2.38700614829396,2.42247690386297,2.4423558585365,2.47302740011612,2.50337060673157,2.53376682302094,2.56363096834119,2.59361534124966,2.61965692144281,2.64965388261089,2.68013018974712,2.71004692740045
"1905",2.0820744120679,2.12892680291505,2.16456093156062,2.19991808068364,2.25241857185095,2.28799946752909,2.33029471321287,2.37583883081934,2.41123632930003,2.44676799360613,2.49232608260152,2.52893082787521,2.5644004207896,2.61000258876931,2.64553260617858,2.68117601132661,2.7335153996924,2.76915576320844,2.80479155377767,2.85048313529856,2.8804652321009,2.92276296377921,2.96843277123345,3.00408109898076,3.03988658758352,3.09223800385153,3.12811028784972,3.12408057038199,3.11991391547238,3.11587057960848,3.10257332236436,3.09868466535712,3.0948132787836,3.09074409280467,3.08674893124945,3.08259135340935,3.06870075861975
"1916",0.772353168167034,0.771543477282773,0.778925998404881,0.778390641044325,0.786684829045636,0.785393418572698,0.789248737341777,0.788686621846161,0.798547997479195,0.797976404820005,0.807831062818635,0.806480727049059,0.816367192489685,0.809856368516683,0.819276311157213,0.81790606217499,0.827669479692887,0.835593927733638,0.829369868288612,0.823797222935897,0.813547606773837,0.813550370485965,0.813408807242523,0.813500528831617,0.804365378778915,0.803411562478589,0.798343380435258,0.789078739608455,0.787892342364593,0.78778719395654,0.793194792838712,0.784255393893065,0.785166794066628,0.785053324098577,0.775595415521069,0.78061398121385,0.781539950328262
"1920",3.86060895966838,3.87845522176545,3.89497325594786,3.91168143521296,3.9288854338579,3.94641166326159,3.96451059977871,3.9883083583689,4.00658187509273,4.01772232406985,4.04182916900236,4.05933275960751,4.07762884714186,4.09557369162177,4.11934620854677,4.13685780654708,4.1551697047809,4.16801981988096,4.18671912123954,4.20534846972339,4.2294054789999,4.24780652770862,4.26612914846591,4.28451503641769,4.2793300088132,4.2569139189569,4.23568911994013,4.22041698620355,4.20793369753097,4.18639657569478,4.17038390148315,4.15965565484555,4.1388174940526,4.11709331261068,4.09591843717314,4.08359805208394,4.06270894553802
"1950",0.215345747277201,0.224825712922038,0.223327462546683,0.233145187787056,0.23231455345897,0.241462320940294,0.241188211049257,0.243729261795965,0.243609287624657,0.253206111594762,0.25281142919701,0.260860375749261,0.260735187842051,0.270112241618393,0.269673394033559,0.278806755463925,0.278394350100889,0.286921775049704,0.293629588119095,0.303542033660386,0.31332372676892,0.323467014095674,0.340018252693157,0.340457636194561,0.351308210045036,0.361138350649387,0.378148127938999,0.38901611012731,0.388407862546026,0.398235651473098,0.407979121917413,0.418949062419498,0.429853129100461,0.430128851106961,0.440798057412399,0.450692684206668,0.461719338720904
"1959",0.50743594970216,0.507139565595552,0.522669168603441,0.528264404074392,0.538184452256067,0.543697289380931,0.553424061559598,0.558809337579442,0.558551093726017,0.57407744407767,0.573673174414135,0.589138914673665,0.594665612219698,0.604356416804829,0.60985142904395,0.619624880681235,0.625056338824173,0.634669152119603,0.633628859802036,0.643373325619941,0.649081442480439,0.654899782889871,0.664853186623049,0.670841213345448,0.675233508805632,0.669950886573303,0.680577507592906,0.675179535193859,0.675574751963798,0.679888043068139,0.680062275466557,0.684593658859555,0.679207991002781,0.689662313214835,0.684241026720823,0.701374703007635,0.696088847824341
"1960",0.576188202119622,0.575786884218102,0.569557846732591,0.569227917754635,0.563093893996269,0.562745989505412,0.556646730174096,0.549451987631109,0.549125543377476,0.543109957437552,0.54282965502105,0.536748966942325,0.52647023709979,0.520465280144574,0.520194847437827,0.514203024162472,0.520697758218735,0.5045601795421,0.504445947887537,0.49858013528531,0.498516611365804,0.498465115564752,0.482605390182784,0.482581604155376,0.476950881978437,0.476945409533734,0.461419025345073,0.461687115924489,0.461759559566903,0.456136917880673,0.456264177848987,0.440830389771862,0.44121185057417,0.435649348025655,0.435919572798316,0.430268538565276,0.420638871990616
"1969",0.0689532310958729,0.0784028246780559,0.086758078976601,0.0865762907477985,0.0887142908048302,0.103597503524775,0.103322239463863,0.112717729664507,0.122611073977395,0.127936262496746,0.137520499753165,0.146550684479161,0.146444629149838,0.155733048447082,0.171005007801051,0.169980797820467,0.179533385386738,0.187789888258768,0.193703757796921,0.203615398471494,0.203373527634464,0.203535248523534,0.209229057968767,0.209706513175901,0.210582420108281,0.200457397919275,0.201766042315727,0.208442585500872,0.20784825099432,0.207664116539613,0.207406150086327,0.208400196475533,0.209331156453283,0.215420969786607,0.216120847741866,0.216059987966273,0.217122873339833
"1970",0.149012339180285,0.162982350682321,0.170010831262602,0.189847968029483,0.204068865736566,0.218127431435664,0.237839142836585,0.244864754711485,0.258813791819744,0.27860740274283,0.292462315856421,0.30650534852648,0.3262432892972,0.330236073766693,0.334234888933852,0.334101826916131,0.328044588834542,0.332070321511039,0.331850420392337,0.325858729506273,0.335808892612608,0.335824133146995,0.33576344153128,0.34589846600542,0.346009738164476,0.352168653956177,0.362653651848589,0.362969985205155,0.363351170203652,0.363482096020562,0.367108491357441,0.367333341115987,0.367650203535443,0.378085337925523,0.378382504461336,0.378931848110759,0.389285436158586
"1976",0.550896927944366,0.560793306457493,0.581536326226875,0.591509645867745,0.612029045143131,0.622200727500084,0.641958029713586,0.651682485830844,0.671360670167682,0.681258756163194,0.69391177789716,0.704084811651122,0.723786728095601,0.739454298025032,0.759328322640648,0.769606344401077,0.799276987964138,0.829674688330492,0.869245063392331,0.905486891245159,0.935494664077832,0.965539947264199,0.995513692531524,1.02571913839017,1.05563454016952,1.08649610107201,1.12278259033183,1.16301098415133,1.19388417672961,1.2240608181986,1.25441767543227,1.28447313562964,1.31468003591869,1.34529177198442,1.37556930005295,1.41648891311316,1.44676086288865
"1977",3.07739479132693,3.07169312428764,3.07195954105981,3.05903430590051,3.04857466078068,3.04353659625229,3.04172637244212,3.03596780926289,3.02393612079808,2.99823042365806,2.9663621570379,2.94129858820439,2.90933525021478,2.87386598276778,2.83561973612331,2.81083280887282,2.77343499437738,2.73782710524791,2.69408625096955,2.6463980319211,2.60928851503319,2.57182112722433,2.53447106202293,2.49686095196678,2.45875230195142,2.41571635485216,2.36777835717602,2.32424751590898,2.28841546486164,2.25161299245437,2.21500669152791,2.17708774659733,2.12941493285185,2.09252335262453,2.05501035060711,2.01283489618055,1.96839659619866
"1980",2.81387172415674,2.76376803040027,2.72477242861203,2.69035427990604,2.65093061837746,2.61126206806284,2.57671786900754,2.53656663052164,2.49614187317454,2.45183723185806,2.41144910578028,2.41753166723034,2.40716366118764,2.39722363584463,2.40291257550167,2.3934112897577,2.38319945752314,2.38325022719537,2.37271858249569,2.36234151332799,2.36243956354331,2.3523689985524,2.33570631565767,2.32986395850271,2.319341441621,2.31031062924828,2.30444694589823,2.28760312384101,2.2789762840322,2.27359277544513,2.26421707902338,2.25383891273639,2.24702438664246,2.22521490981454,2.21518054171644,2.20980941619239,2.18707273173629
"1991",1.16396791355493,1.16401994218528,1.13707232802472,1.13137856703924,1.12096273359502,1.10003922453913,1.09405389659949,1.07551218458391,1.06358629991966,1.04786435162219,1.03585045482527,1.03065332848156,1.00194563784802,0.990573741339313,0.984819326124504,0.964053358262838,0.952250386584785,0.941083816993387,0.928885284578284,0.91261943973986,0.901218990816403,0.889658423098424,0.873879108226982,0.86237372416352,0.850284240537967,0.835750845428285,0.824251405344366,0.818361257077682,0.808291386076875,0.787098033611076,0.781950147113122,0.770025675432524,0.754122834849781,0.743238498863884,0.725071675699311,0.710567360190193,0.698841909632301
"1992",2.6025760413209,2.60256145811069,2.60005402662921,2.58979639682945,2.58376089899338,2.58028142517929,2.56993646260628,2.56999348791773,2.55251919898199,2.54835949992237,2.5480354878192,2.53891453574904,2.53416477758728,2.53459095109959,2.52470027180181,2.52163419085882,2.52157920645666,2.5136670828931,2.50289439407594,2.50822489315669,2.4984626973738,2.48824853075495,2.49396649171199,2.48357648483117,2.47251674418651,2.47946190874691,2.46868748434716,2.45811121864738,2.45999147331941,2.45639001121561,2.44729089335593,2.43647345700315,2.421735844824,2.41233253496876,2.39207930401123,2.38923531720691,2.36861442689513
"1994",2.11312559698582,2.13297547182684,2.1497244556668,2.17517481256676,2.18566802285006,2.21178786597911,2.23143467104611,2.24710840209177,2.26660946480644,2.28230549350023,2.307747375039,2.3213381411923,2.33666205789277,2.35685186875495,2.37258781337953,2.39328204629517,2.41893121470077,2.43598936660102,2.45541876161977,2.48084381976791,2.49098223774266,2.51659068698525,2.51652964565934,2.52204160058398,2.53713108521419,2.53797732029198,2.54333804868075,2.54726806874694,2.54282619813325,2.53751560282605,2.54239366333809,2.53617483956418,2.5301777800791,2.53488412814526,2.53481088611246,2.53000745520964,2.53393370773381
"1998",0.52553156398263,0.551192314802138,0.568207939564354,0.593788418163367,0.620270821917769,0.636489486822298,0.661937974466122,0.687583093479933,0.702870137870303,0.734362089981706,0.759712181315113,0.792772171992496,0.808135264908605,0.834008906339823,0.859729124085183,0.876120642782294,0.901675924945889,0.928536710356308,0.949497998769279,0.974856657451655,0.990731436544257,1.00642180499722,1.01215050088268,1.02785499169562,1.04308160461179,1.05326446980195,1.05893431919568,1.0803067222788,1.09093312094327,1.10713537865918,1.10704168423266,1.12230374213715,1.13205178130629,1.14853014745941,1.14761951117608,1.16483973539039,1.17452711459584
"2023",0.167200152422359,0.166640528779346,0.181130613365699,0.18651053004598,0.191462343757784,0.200766337820236,0.206150895224408,0.211429016931257,0.226926950465429,0.22652737554579,0.231950419083981,0.24697799283847,0.252511384604876,0.252003054916738,0.247349479594464,0.252426272244596,0.257874457891698,0.263422162799282,0.269225009464622,0.274921596976022,0.274749325439039,0.27477424958567,0.280436938911324,0.270615105348115,0.271126778067428,0.276733432836732,0.27746033440528,0.283817963200061,0.283502860636294,0.2835133795746,0.289237227844992,0.279938224936105,0.280621350687841,0.286651614631132,0.29381585696701,0.299548532804413,0.300315640364525
"2029",0.774822044451375,0.789951903424585,0.798482007791021,0.813867593722656,0.828696871115206,0.833640029708555,0.843274489292488,0.858502494795743,0.874031119991433,0.882481924146675,0.897886503303217,0.90709651130718,0.922644908623571,0.93784752392016,0.946401388004154,0.961470489535749,0.971133440804166,0.985825368650624,1.00159263839625,1.01725538031781,1.03285527929616,1.04289180769577,1.05856244177721,1.07453681146069,1.09078481361937,1.10651344190022,1.11727789464267,1.12363069422928,1.13920709970975,1.15500141676648,1.17076137566881,1.18141952402885,1.19785597585505,1.21394974722966,1.23023251378558,1.24615195236953,1.25686168614482
"2030",0.637634640058615,0.631292199331352,0.634256479258122,0.628004217985083,0.621299767658523,0.630588338786397,0.624401686478486,0.618240413872039,0.612159601663185,0.615979384931971,0.610005592586465,0.596691582554876,0.600649260573007,0.594479594301019,0.588321864824741,0.575244317751564,0.579302343619562,0.572848860426752,0.567070004454084,0.571307545075573,0.565430129461364,0.559556181566628,0.553652895372516,0.557751440867982,0.55221722141086,0.54605292267021,0.550414653242365,0.55071421156549,0.551285562421266,0.545656833318437,0.549891046398555,0.544669573971535,0.53942544867902,0.523691525876565,0.51823342005918,0.502188954466802,0.496886941401756
"2035",1.30239130113667,1.29760912064413,1.29653424036895,1.30199404526648,1.29134672474641,1.29645443444605,1.29611147441152,1.29136493515906,1.29112591040573,1.29074216956231,1.28610801052082,1.28541044831334,1.28519623196693,1.28721495203343,1.28678470840331,1.29180155971294,1.28143151068758,1.28024185413099,1.28602366259577,1.27591175961816,1.27572950534916,1.28155532755213,1.27146378391056,1.27749567222493,1.2780504734126,1.26800691438028,1.27465978192457,1.27530566496949,1.26503746393953,1.29079723280377,1.31073621460932,1.33724672350086,1.35796566723936,1.3782859189783,1.404616096935,1.41471555197873,1.44128834355145
"2039",1.54064937218387,1.49725413209725,1.46519512856917,1.42326498024118,1.37549139136505,1.33668436290563,1.29475751821152,1.25719180377621,1.21528596615458,1.18345587513862,1.13483006761366,1.08721889685746,1.05535835274949,1.013610717458,0.976035548650358,0.934266404169946,0.892594322366727,0.860867881106017,0.813428255859472,0.781845088002791,0.740260933956328,0.686190454624112,0.65452771443064,0.612748450937073,0.575402793621906,0.533670727355087,0.4953036407133,0.453813577146061,0.40662923124826,0.375371895776678,0.33404988977083,0.280304068673214,0.238972631677587,0.197533746377376,0.140316152917723,0.0987988826528781,0.0573592934236338
"2040",2.89121908059006,2.91788354614363,2.9390099828422,2.96556886292736,3.00927164408849,3.03054137256434,3.05730235469536,3.07865474785476,3.11228129089877,3.1335036945393,3.17750280955524,3.20453995139355,3.23246421046635,3.25962693549324,3.28089155326248,3.30812012869165,3.34536663142316,3.3737415444033,3.40084775722119,3.42233465252088,3.45624557034017,3.49332948355462,3.51472001689615,3.54829864303096,3.54967911211155,3.5568085124259,3.55804469961755,3.56535886245688,3.56294276695648,3.5648427119945,3.5724914150549,3.57993685985713,3.59410754711899,3.60160982186072,3.61485910193361,3.622413576144,3.62988095311604
"2043",2.39929402047941,2.40705068117948,2.41946994210185,2.43296891670489,2.44003959495127,2.45336823141057,2.47708291113713,2.47783317075355,2.46594665050338,2.4596617385454,2.45384355699865,2.44711009998295,2.44210929522397,2.44160628947927,2.43534510354498,2.42863562103898,2.42280457756224,2.41585850909348,2.41606320270136,2.41052079671778,2.40458776188226,2.40861800903289,2.40841927616341,2.40230346569043,2.39690686781536,2.39005486013873,2.38415193873139,2.38445404827848,2.37781135756659,2.37221166079036,2.36632895828366,2.36041611669138,2.35520963449851,2.34921468530877,2.34369476096239,2.33718562616509,2.34098011608858
"2048",0.474509680993844,0.489931099833687,0.505809834864519,0.505545394088091,0.514373736912338,0.524363372132518,0.529766244496715,0.539492587677768,0.539090999320391,0.548900520626333,0.558511053903377,0.558485252119484,0.568136201070779,0.577996760348257,0.577797583195079,0.593662597453784,0.593408156730384,0.603660025938271,0.613308310156697,0.61303307613949,0.623028349787892,0.639596878058913,0.639520120237361,0.649527044392973,0.659428723612467,0.659896968574287,0.675898588455948,0.676059770269431,0.686679166272091,0.696923390184305,0.697261936035269,0.707378263415347,0.717613483922194,0.718060809212124,0.728302180064825,0.728928137237436,0.739161265916853
"2050",2.54085704836334,2.51453275979457,2.4979167186876,2.48152218332842,2.45494997457912,2.43871511468001,2.41246111475954,2.39644777690635,2.38023399337892,2.35410913646934,2.33822449559974,2.32200092163258,2.29586401373635,2.28564511383573,2.26956148164489,2.24348939426255,2.22767633745469,2.2017367444383,2.18587948125312,2.17015494371928,2.1443428469763,2.13497058712786,2.11903738193705,2.09286958267322,2.07707272169224,2.06076569599422,2.05129408157618,2.03560174473676,2.01957688203562,2.00409531494856,1.98845120711664,1.97965077632002,1.97426348629873,1.95261911914678,1.93701273521221,1.92083869859423,1.91196751523611
"2052",1.49964571993124,1.50164104293053,1.51543393869774,1.5233823064373,1.53199519132169,1.53996602883484,1.54944173840277,1.56484224217446,1.57443701279981,1.58285050590982,1.59274281467317,1.60777706514629,1.62319297646148,1.62605492234338,1.65143360959606,1.67092795883936,1.68992461728988,1.70955557981453,1.72866139966703,1.72564478447545,1.71676297154151,1.71347551119371,1.71024329104798,1.68436147781068,1.68122942999417,1.67758582614615,1.66160905297862,1.65849350773216,1.65524845248399,1.64009812511335,1.6371975781493,1.6343009060201,1.60898957204125,1.60578517184397,1.6027024914132,1.59926551426005,1.59038116219375
"2053",2.00501442052237,1.98864314243525,1.98209671271906,1.95849195464435,1.9519060233121,1.94890861096712,1.94258745431775,1.92985009983904,1.92350023905108,1.91744263716922,1.91479283446511,1.90893563832417,1.89586198129825,1.89019955943459,1.87172796293734,1.86049188366699,1.8590949344012,1.84191287867368,1.83003685506741,1.81187386531967,1.80046611061778,1.79190090890721,1.78019645585367,1.76695330497413,1.75453855430298,1.7428674762075,1.729920557448,1.72773942498956,1.71697213965855,1.70609707750099,1.69518322293717,1.68316413715382,1.68707119480615,1.68213024151275,1.67027381435197,1.65881639907355,1.64671024717212
"2056",0.429099159864132,0.444603888910057,0.461145289579399,0.486544089366547,0.50264436726991,0.528665475771828,0.544028103336543,0.579654574857602,0.604891010294252,0.630539327074219,0.665958482266834,0.692032274518695,0.717348473181198,0.75320579836205,0.77888243967503,0.805185682310045,0.840801727737782,0.867624430230649,0.902858542026219,0.928297182376139,0.948395327536588,0.984005621402771,1.00969580906011,1.03523448742112,1.06465229665358,1.09118036722403,1.11663727854143,1.14642246423811,1.17342053034501,1.20965010952179,1.23606057009094,1.25572110718936,1.29136945892633,1.31766527227479,1.3434446527228,1.37443623995847,1.40002539897861
"2060",0.72795434953457,0.754103851372518,0.776878310200808,0.785947601899602,0.809544502715954,0.833906851693265,0.843318170462619,0.868588056517582,0.878245401906458,0.903339298179552,0.922213445668801,0.93093083963464,0.956405325177147,0.98155633664358,0.99098176881173,1.01556206642346,1.02549858010721,1.04975266604958,1.07582031414373,1.08610897656303,1.0916639475947,1.10145582533884,1.10700671247246,1.11242710514308,1.11291806828817,1.11743097851294,1.13314322363604,1.13929586828117,1.13824187110293,1.14416843813,1.14978383614705,1.16060166837957,1.16707722722389,1.17260092390842,1.17871736914082,1.17786386220755,1.19422266011523
"2066",0.417668788019344,0.410924887859495,0.407668168755642,0.391223961892338,0.389062539304686,0.381710354753359,0.365454992078011,0.364775681086256,0.358833516335761,0.368111821585871,0.362199609296945,0.360544985509784,0.35463120688994,0.341158277765188,0.340466384075304,0.338841561766792,0.354343963829102,0.351936256239886,0.358150988459009,0.35840683603741,0.358077387329872,0.363806259323082,0.363618152780845,0.379438549614086,0.380446243285781,0.379207904453443,0.385732790231592,0.386574046733238,0.390887279858135,0.39078370724795,0.406135837655706,0.407403772621811,0.4084900788505,0.414111042746465,0.414762912148076,0.419598719929483,0.414024616417501
"2070",0.180652183975908,0.185538398202603,0.182898458160806,0.188175009864366,0.176540034870779,0.175184100548921,0.180525094546569,0.17981955072251,0.175428834180974,0.174803832426099,0.180236314707222,0.178814047300508,0.174440340697032,0.173540179752681,0.178654044875549,0.177175383206517,0.172534606870524,0.17019794971165,0.176299633253237,0.176384803087984,0.171820551497348,0.171904303231914,0.177532407274698,0.177863990091563,0.184694527536694,0.183970758420097,0.175165993896041,0.181922501792414,0.174150082977467,0.173985145059532,0.173623824654777,0.180614597593755,0.17169841953928,0.171812439959099,0.17255590868481,0.177850144320702,0.179007463597714
"2071",1.34136767403568,1.36067506751163,1.36888687009011,1.38843770075396,1.40302379881925,1.42206994615143,1.43165505414439,1.45109740184545,1.46660567286699,1.48610450657174,1.49578937277776,1.51479025961198,1.52033333043628,1.51968382511886,1.51917392838633,1.5181865660606,1.52362215155143,1.52212721175567,1.52225514643487,1.52225504942385,1.52779580705716,1.52780651334271,1.52767792344022,1.52783790391891,1.52848842033183,1.52806532305177,1.5346068929259,1.53527754201243,1.53467146784971,1.53465498019945,1.5345082572856,1.53538127716001,1.54197387259282,1.54213985994291,1.54270458390444,1.54247756481298,1.54332137685383
"2072",1.95618526333889,1.98407705074291,2.01715074846385,2.03204808511406,2.0552264438647,2.07302261590024,2.08676093173235,2.10490215463109,2.13562075681357,2.14364538384524,2.16775030009715,2.18546513445182,2.2119539207317,2.24152159283368,2.27107605172178,2.29035207000987,2.32024026760074,2.34596902339704,2.37607058213539,2.40619472234366,2.42604520979893,2.45587047386882,2.49231410216199,2.51205796472533,2.54239836615833,2.571581854031,2.5915955209542,2.62862760590907,2.65790763594828,2.67806379563515,2.70799259940476,2.73869684480928,2.75932770389423,2.78922538541611,2.8195662598857,2.83900616001986,2.86954495307664
"2083",1.36032760263261,1.35514440567023,1.34128181743492,1.33598415557994,1.32261083357616,1.31562370811541,1.325046694319,1.32457939187742,1.31846093470689,1.31783938906061,1.31203279637969,1.31081545868099,1.31158468903526,1.3209555689637,1.32037175190561,1.31340897046825,1.31331983907694,1.31257295802206,1.31290392313306,1.31319920548342,1.31719820005764,1.31700323086252,1.31763930725196,1.31733963876785,1.31221027289383,1.31080956092911,1.31087814340429,1.31559336512473,1.31430176116856,1.29861803818248,1.28835671876178,1.27934164995923,1.27439201137587,1.26407706337002,1.24870880414174,1.23765428298977,1.23258169725579
"2085",1.20233373216604,1.18474839352934,1.1575731531138,1.13984195798855,1.11236234204419,1.09498884875947,1.07150627139143,1.0540402886529,1.05315602094292,1.0356010678104,1.01812665510013,1.0106393667643,0.99294955715768,0.985543697649021,0.967999397554234,0.960631076941141,0.949030220314181,0.931068784458435,0.929294358811786,0.917702005837829,0.916170338208554,0.904400484381791,0.902717525231028,0.89075983393625,0.878958631293863,0.88299103202042,0.877620710475289,0.876012415036984,0.864630356045989,0.863456093281411,0.852197819325156,0.840777728878548,0.83941614316836,0.827903814433085,0.826419792973255,0.814805419106391,0.819076942642774
"2087",1.0976565848878,1.10281719675875,1.11364412968083,1.11876082936939,1.11386921440299,1.12501506419118,1.13027124771992,1.14153002294562,1.14679541452222,1.15111308149106,1.15666216751195,1.1621972612431,1.16329486865133,1.16893278642909,1.180201052556,1.18595121254556,1.20408081417282,1.21001972066572,1.21554627778262,1.22698174247338,1.23273516333848,1.23406491091141,1.23969506892371,1.25090886390431,1.25643089261847,1.26222029859993,1.27346169742915,1.2791939047687,1.29119869502749,1.28735279475047,1.29929670107138,1.31511476758413,1.33103119069052,1.34948227171242,1.36538684040505,1.38727269506224,1.39313654567829
"2094",0.181993201872616,0.181286034224205,0.173740510424154,0.173276055309049,0.182090577250174,0.17536368402081,0.17493376464231,0.18436411764612,0.177220461740532,0.180965804269111,0.180644129671158,0.179675519774992,0.183684271820585,0.176257707717267,0.180008969945731,0.179116668054657,0.173036757185847,0.181702601138102,0.176019163089675,0.186003776404806,0.185795526673068,0.180016579086849,0.18988290026989,0.184224676141025,0.194793525447384,0.188623140007313,0.189283004423396,0.199891120498099,0.193580513991816,0.203606592498476,0.197725604730873,0.198542778563902,0.203533882976699,0.203689026987966,0.198437989432199,0.20821581299418,0.208997779900653
"2108",2.57425720811565,2.58346774721025,2.60016329064901,2.60957285838913,2.63402051761544,2.64305370916291,2.66832540327896,2.67781270551823,2.69324698965815,2.71272445668522,2.72822595792081,2.74725476662291,2.76274063588758,2.78215249241661,2.79740867983805,2.81649422765461,2.82624103094264,2.85072312456979,2.86082600305637,2.87663019822708,2.88643024739673,2.90212394161332,2.91197008932019,2.93772095838116,2.94821203333197,2.96345088356693,2.97390196174862,2.99019346082896,3.00542981973362,3.01551210597013,3.03123004425554,3.04198595571329,3.06847471015393,3.07858108257197,3.0948306840474,3.10457793518327,3.121050137055
"2113",1.12235369323058,1.12505615878983,1.13625080324327,1.1461139972368,1.15682521906187,1.16720243085118,1.18262089831659,1.19240604474925,1.20192922730106,1.21184811553689,1.23134629256151,1.24171156888621,1.25129207867012,1.26130820234601,1.27121268774532,1.28173617942275,1.29144142970308,1.30233022693466,1.31089639582784,1.32043328535259,1.33050667229453,1.34044430859461,1.35039746342492,1.36039791522681,1.36991222653204,1.3810147041086,1.39109458150469,1.39103886975621,1.40241952133555,1.41858056966914,1.41921579058604,1.42895072271352,1.4331409841487,1.43384429182165,1.44397965288814,1.45521372946081,1.45518132400266
"2117",0.615701907855333,0.641034581447289,0.661020608231668,0.686366751824178,0.70623532976222,0.731854475445225,0.75142999031972,0.776894055742133,0.796436780810333,0.816182095728611,0.841579140100456,0.861461838917666,0.886826236937298,0.906662410526933,0.932183181680014,0.952217576812758,0.977756827603431,0.997976066679525,1.02340581432563,1.04317205039946,1.06891817746543,1.08880597902618,1.12532565336344,1.13099407751845,1.13085715333285,1.13694876136874,1.14702450336,1.15291315919227,1.15347552249755,1.16955265824864,1.16991787025604,1.1758197248739,1.18605606231738,1.18645899529232,1.19246633700968,1.20302443660342,1.20900843774219
"2121",0.606491115406584,0.600304655795171,0.603861204753808,0.603617410193508,0.597453161981228,0.584290663955052,0.588176446381254,0.581927498745353,0.568984385770003,0.562892602285491,0.566669585671089,0.56619079357697,0.553329589913756,0.547152389916837,0.551043200368537,0.544895413324111,0.538749399688255,0.542367744274202,0.53642030240382,0.536190173238281,0.530295967183061,0.534553340552555,0.528698574228707,0.52313004671546,0.510964995735241,0.515506751862857,0.51037998191882,0.510826705900963,0.505281170053126,0.509618815148022,0.504000144248122,0.488685378112323,0.473436535817643,0.468094474529272,0.452765787323512,0.430780165033589,0.425521619907809
"2124",1.48899722261857,1.48906514176264,1.49101559983564,1.47826937274314,1.47958388147003,1.48033295439803,1.48005259200057,1.47413888142681,1.47363506363585,1.47367363454199,1.46731463845464,1.46802928979152,1.46758027159991,1.46773023341764,1.45520614315448,1.45615829775143,1.455822059964,1.45156438548333,1.45076576945912,1.42351938425991,1.4136628663862,1.39785881385194,1.38784791738634,1.36790374296111,1.35140573226351,1.33725561400051,1.32731903715574,1.30136738921176,1.28752010851928,1.27218681596932,1.25643631771573,1.24008492241057,1.21405955450829,1.19919295674111,1.18924366587855,1.16857517713905,1.14251461466097
"2132",0.237808579447726,0.247219208918252,0.255729062143935,0.259765686820105,0.261978634952275,0.271145290837159,0.280797604384553,0.290140091942011,0.299944510761589,0.309476649165778,0.318966634046307,0.328037950630558,0.337850992424609,0.341354165493119,0.350837134534463,0.359854848608591,0.369350730535935,0.377698762960856,0.387751438413377,0.397595188223815,0.407332914737972,0.417465150396827,0.427372614783688,0.432065923603448,0.432872646041207,0.442854373281346,0.44415420715883,0.445047592657695,0.44460293779471,0.46108798128314,0.460894973793468,0.461933859730666,0.462927371253719,0.467533829814062,0.468304421991194,0.468329028199445,0.469442148241186
"2140",1.09287415313831,1.09281764568712,1.08730852836322,1.09719004224391,1.09817351922181,1.09875966408049,1.10841866855168,1.09563132424036,1.09508585803054,1.10507881962699,1.10455076461515,1.10518982591703,1.10788961398611,1.10808099277557,1.10808492097299,1.11322635005542,1.1062623991029,1.10789055554288,1.11709833077308,1.11654206098126,1.11668770001522,1.1199580806866,1.11415788800136,1.11405395611769,1.12321499315296,1.12467586716702,1.12446324380965,1.13416387728555,1.13608487538214,1.13082570695313,1.14169102015802,1.14109499672293,1.14081093932385,1.1416298068304,1.14162015438716,1.14321648731864,1.13711602899283
"2141",0.410460045802396,0.400356122945876,0.392093016918859,0.368939462251071,0.35984682868926,0.350588026152801,0.334390520258225,0.32441852865691,0.306839317677868,0.281109020501742,0.270757859601793,0.261622492621852,0.245267898712724,0.235677720196101,0.225747161902766,0.211155914852856,0.20110394808579,0.193268757739563,0.176679833290167,0.15624575604551,0.146466277869379,0.130412352826873,0.120325802693956,0.109809202612503,0.0928908942765267,0.0839647776012228,0.073000522131855,0.056582821326705,0.0384781405085297,0.0391906585689382,0.0343868678557603,0.0335684705390255,0.0330600535663267,0.0336344913261968,0.0333786082953068,0.0347097237052732,0.03404606800685
"2142",2.86466601537805,2.89009374626848,2.91664298795252,2.94188290803165,2.95788740220376,2.98392781180068,3.00919982898166,3.0248656591199,3.04999353636531,3.08136982328162,3.10682645563903,3.12296324888745,3.14819174278205,3.17411878154711,3.19980070007497,3.21621624111934,3.24189824243659,3.26901313237299,3.28418363999952,3.30877144992633,3.33467238824105,3.36017999195511,3.3758416050883,3.39453579863903,3.4194061451286,3.40598969726216,3.40101066723307,3.38631835172831,3.37278542311246,3.36342337756573,3.34428297614146,3.32364716365451,3.31328257304504,3.29381484142035,3.28364896582669,3.26481463733159,3.24431301073448
"2144",0.177083382829554,0.182436474304246,0.182722058284907,0.178002488859416,0.183741578240518,0.183763891398641,0.189055374884049,0.184596546112613,0.184059138721914,0.189596782051814,0.195019198010993,0.185089442820326,0.1903890782988,0.196112651550938,0.19169118151129,0.191965617759752,0.18756539006016,0.200590059087637,0.190178008100268,0.189937326807302,0.174193601704879,0.174017510664871,0.158136882113458,0.147883964077628,0.141740408434449,0.132116236846665,0.119420159786804,0.103529557568085,0.104387579995067,0.0890399461684667,0.0895669737032888,0.0736691186721607,0.0737104989808431,0.0583226180467826,0.0584039135895197,0.0432764374615799,0.0432276795326871
"2146",0.554273424794144,0.569830481528963,0.57086075105286,0.586390721401278,0.602719267496019,0.613035734216236,0.628417612663244,0.638195390700091,0.643445317192292,0.653333540030043,0.66860178518482,0.684683712953637,0.694242550393747,0.700008027686676,0.709895892057291,0.726158693089923,0.74833674731772,0.759119159684134,0.774331802988679,0.773916000111282,0.789722042091086,0.799645945064276,0.815347236433171,0.831096495510862,0.830686553837514,0.847406899707364,0.857502958992038,0.873267320596565,0.880275051534669,0.880645115554681,0.897017932448538,0.896842180949809,0.912658319893835,0.913327381638764,0.919280330086708,0.936205765745093,0.936232603735477
"2147",2.07885840633226,2.08997692688599,2.09034664387763,2.09418676905465,2.09849106392104,2.102773167155,2.09656784110576,2.10058773585915,2.11006014408682,2.104084732751,2.10798724012061,2.1122698061222,2.12288348229262,2.12278880605993,2.12681248978517,2.13119303216378,2.11525402663075,2.09992766557928,2.09378555135985,2.08356920643522,2.06780878272276,2.06186919282399,2.04598246739168,2.0233309244709,2.02296307440296,2.0075343598264,1.99149622622344,1.98564383263518,1.96976225322739,1.96019475845144,1.95493306949476,1.94482861723507,1.92909972679338,1.92947711312716,1.91955969694499,1.90440547803977,1.89436138877734
"2150",0.598483688943745,0.592783452449256,0.589067345055046,0.576174927258412,0.571674388595689,0.566724528464412,0.560622363461038,0.547911990804367,0.541552000578343,0.535849748073482,0.529573081855235,0.524668188013001,0.511560504132239,0.506119825774257,0.500427316458634,0.495806983071952,0.489823728636812,0.479405327291866,0.472750073391027,0.466401532057967,0.460832272957112,0.454910699754217,0.442481967401878,0.436492138779591,0.423913372386338,0.4196716961254,0.413416545449458,0.407177094620851,0.403516275566352,0.398350699906189,0.393544414332207,0.376999031721641,0.364135349436744,0.359172411723174,0.343251756780922,0.339166488227598,0.332847010200352
"2152",1.03595566001295,1.04583483345842,1.05709793881615,1.06692089566015,1.07189890427593,1.07230389707094,1.08193881030523,1.09173438161158,1.10121648704461,1.11112919346687,1.10487402791588,1.1152716666714,1.12481810705058,1.13485778431978,1.14476474129935,1.13287047341933,1.13259695203605,1.12370459095412,1.12306063744457,1.1125976237818,1.11267759919914,1.096816475009,1.09675748867506,1.08669163065145,1.08613533765529,1.08144532999696,1.06563143682756,1.05397019893503,1.03959648711263,1.03424371192272,1.01913204531491,1.01306117652328,0.997228907471775,0.992118366947253,0.970663964655288,0.96605534014926,0.950190201365254
"2153",1.09977567488406,1.10371566022938,1.11854760993312,1.12232409450293,1.13668861337587,1.14682790324956,1.1605946798712,1.17155963384914,1.17523035530268,1.17926330124823,1.18896534205039,1.1933200635445,1.20389715535791,1.20811609944572,1.21216392801152,1.22240928127626,1.23229182773138,1.24873552467748,1.25831944982696,1.26724354766927,1.27729385339294,1.29282962103813,1.30270431274543,1.31810145760275,1.32757618602492,1.33795133094347,1.3532432001711,1.36303135905967,1.37972560407703,1.39021391808125,1.40657616134036,1.41637103823431,1.44211406910413,1.45248718773447,1.46828607140201,1.47897389706892,1.49460489694039
"2155",0.804680039135565,0.837122482168737,0.852642553344461,0.867883568096334,0.883324227180694,0.898870309958218,0.921041962400644,0.936490265953764,0.957511084761528,0.982958230822179,0.998388922758656,1.02074302787111,1.03609449087466,1.05162788886096,1.06709487982522,1.0885070838538,1.12076119313339,1.13645801361349,1.15197448609334,1.16757769028362,1.17328388019967,1.16891255603489,1.1803169494788,1.18593429186584,1.19160658669116,1.19753062519388,1.19333379683953,1.19923701451275,1.20543975059627,1.21152493307879,1.21342676958472,1.21938977595996,1.22544969279034,1.23158873002834,1.23761250234556,1.23964577664922,1.24565558119621
"2168",0.178926505408337,0.184246130274649,0.183956901997964,0.183715289828043,0.183543089971137,0.17322365871652,0.172843596587477,0.172379424393422,0.172021328572828,0.171701277511149,0.171200508322129,0.170833763522193,0.170512575744099,0.160109932021142,0.159767876579254,0.158517512582807,0.158122888591446,0.157755364844579,0.15748002848953,0.157185103519513,0.157077649754991,0.147089420983691,0.1470049751201,0.147197151087276,0.147355089162696,0.147829020217018,0.148474004289561,0.148887733709132,0.149316938518162,0.139468744287144,0.139713302422311,0.140098718604974,0.140580490684819,0.141118763496316,0.141569051829544,0.142190598959429,0.142714220095338
"2171",1.46524905684036,1.46145388242048,1.46227000809282,1.44842122357276,1.4495717894818,1.45244841384223,1.44455785960757,1.44111307128902,1.45027587483934,1.44662175930506,1.43930415247488,1.43511604053563,1.4374759535227,1.43387803711035,1.42602249132507,1.41187778759005,1.4112434184558,1.38673073447563,1.37971273907056,1.36697645675794,1.34945658364428,1.3427307521797,1.3524692477023,1.35774234011492,1.3749164655961,1.38330837148512,1.3955359894685,1.40595435154931,1.4145397225608,1.4213141605405,1.4368250606053,1.44787670052519,1.44874862682045,1.45832645630052,1.4811783062738,1.47987244784482,1.49726786587577
"2172",3.47280469528461,3.47037705007254,3.45670604390578,3.45993919993201,3.45664067472721,3.44407418377138,3.40764479068221,3.36577077894007,3.32374369084829,3.27162313883924,3.23587542338954,3.19334231045859,3.15140760553171,3.09945280514702,3.06317237740788,3.02653552111286,2.99080460527672,2.94991854226131,2.91430491253788,2.87882114404126,2.83867093628756,2.80255395094053,2.76653441947238,2.7358862205344,2.69024226898538,2.65317531557176,2.62253323725568,2.58683024290651,2.5468786832788,2.51721657527434,2.48144305780405,2.43628261785085,2.40681154205378,2.37732574969748,2.34174957779339,2.30077793555087,2.26534360762232
"2178",0.457797849512507,0.477043360532108,0.505077829970365,0.524634120087728,0.553395443634109,0.565426856050176,0.594982554048535,0.614337507261833,0.644074544741528,0.663524503431733,0.693116660885007,0.712044829780376,0.741808953434455,0.761062033350256,0.790498398077448,0.809410488984538,0.838997654473868,0.857307677011186,0.887420861380144,0.907375114218824,0.937104987704812,0.957138278219147,0.992767017376769,1.01301630455146,1.04375958315127,1.06339961934931,1.09436989677743,1.11515592292067,1.15115255177372,1.17109402219002,1.20090622381231,1.22194712046593,1.25291938297544,1.27314845024751,1.28384922142366,1.2936277157705,1.30465096876848
"2184",2.96758761227498,2.98709372409688,3.01073869454953,3.0246666924272,3.04849132559828,3.062267357753,3.08609397132265,3.09985391339478,3.12373396197635,3.14759543075081,3.16139263163093,3.18510278304851,3.19902101343547,3.2227989208138,3.22987018394277,3.25368206269671,3.27756200592448,3.29118087527282,3.31523758078894,3.32927580704543,3.35337159212734,3.3675766268647,3.39169596419711,3.41602723061236,3.43050724091123,3.45485523585641,3.46961849076722,3.49427877372317,3.49859283845184,3.49874273211122,3.50311506256039,3.50785564532117,3.50598506435106,3.50059365273572,3.50524741800359,3.50978900102182,3.51453752228605
"2185",1.87438284314396,1.8720754134351,1.86331702195655,1.86085496718443,1.85218856617271,1.84990464863372,1.84197420270194,1.84018220807611,1.83233930613269,1.82454554279103,1.82302382356938,1.81500880851759,1.81302147672114,1.80545475116867,1.80349643223577,1.79563544481358,1.78841001953754,1.77647589332433,1.76920473688791,1.75790359536664,1.74051536749231,1.73858838374388,1.72103831631313,1.71298247771999,1.70135477775206,1.69285782096949,1.6804108558529,1.66299274598632,1.6666402576634,1.66709210704555,1.67147137209525,1.65945625470318,1.66397981188977,1.66367027472763,1.66792056565411,1.66143747454332,1.65569287300685
"2186",1.59336210977644,1.57655460994844,1.54836001811235,1.53141685326507,1.50360370747994,1.47671282904371,1.46021371684421,1.43414205159975,1.41091866004957,1.38453801848767,1.35888153698814,1.3421410117594,1.31590863041849,1.29300936041166,1.26676667453099,1.24029379086503,1.22466818518706,1.2041577725476,1.17849395972036,1.16881399749075,1.14871277393943,1.13249728109778,1.11222083430871,1.0855831866778,1.06878007970626,1.0416861196661,1.03057580969367,1.01038647633198,0.977413892848288,0.967937397465037,0.942383484685595,0.922653974339646,0.907113218138796,0.880101969322255,0.864263042462303,0.843565752629029,0.82346684563138
"2190",0.335210126847757,0.328638784582639,0.326523491661404,0.310145027672462,0.302931025757929,0.301822494448725,0.295541678039294,0.289201902702772,0.288865409999245,0.282511885218943,0.276479956755123,0.268528485854033,0.262473511278647,0.246050305720624,0.245489276283624,0.258679892954347,0.262639634576876,0.271159102664842,0.285526783510606,0.289826694124665,0.299585684866425,0.313728482110986,0.317783463758728,0.327742138132051,0.342545054825718,0.351837043813512,0.366525011657312,0.377099181894842,0.386364300734897,0.400668249408504,0.410560485158128,0.415670021715632,0.436488822791637,0.440753150711693,0.451279722610849,0.465057063230546,0.475834417177653
"2197",0.692750008503824,0.72201602521244,0.734428223671089,0.764004172057946,0.777092717371068,0.78916065637625,0.812962520857825,0.832312597414496,0.856286768640639,0.875740954556632,0.889557501781192,0.918509116814211,0.9325065939676,0.961759805454314,0.975436951819965,0.994364581164627,1.02394012934404,1.03650357786023,1.06660130170728,1.08077772806021,1.11050522836875,1.1247725042393,1.14463361920831,1.16911650796606,1.18985767398935,1.21373148417647,1.23470360785412,1.24301388301381,1.27246742342494,1.28667212473162,1.3165547056546,1.33172453291684,1.35263019331161,1.37711345706307,1.39777768653771,1.41765414225707,1.42946674210337
"2198",3.40084753594803,3.355964261257,3.3240631411913,3.29635362639306,3.264406086251,3.24253762902427,3.20478626356703,3.17290590725586,3.14517034076731,3.11328735684271,3.08144274808124,3.05376183348858,3.01501908199866,2.98745844871104,2.95559930520004,2.92382134886542,2.89632166493586,2.86459277232235,2.83708302775695,2.80544126733621,2.76806165533559,2.74636045455818,2.71467421639333,2.68051058321137,2.64890561783461,2.61148884487585,2.58983182851911,2.55840196973661,2.52123682634993,2.50000647302198,2.472942597981,2.44168182697177,2.42048222211305,2.39331957462426,2.35533161575337,2.33388614128255,2.31831776689644
"2199",2.11151557229956,2.1322008563819,2.16291779237717,2.17757597608543,2.2080612256322,2.22348737143717,2.25428122437264,2.2825927481272,2.3076131749724,2.32873231749678,2.36025975599856,2.38263597356574,2.41356437173793,2.42934922286539,2.46060143063823,2.48220777035514,2.51482580050987,2.53701208573508,2.5625292029781,2.58414867414363,2.61571885190505,2.6310134866642,2.66231554756407,2.67717459787513,2.67804482174243,2.68904402742647,2.68348876234785,2.68454685265601,2.68651819972301,2.69296445691102,2.68930972668873,2.69065280437995,2.70297659102661,2.69868464090855,2.70008233252682,2.69584351953977,2.70127094774147
"2201",4.2335917472943,4.24812296310085,4.26066288282876,4.26822598704645,4.28164489169517,4.2959724462282,4.31101173099145,4.32629316934804,4.32468246590594,4.33973577811472,4.35549962700285,4.32999419213651,4.29535770512214,4.26375835265066,4.22894274104233,4.20366821752342,4.1694244487878,4.14404623892879,4.06879728184352,4.01025677984781,3.94125480392756,3.87208545162586,3.81299202986336,3.73688792744986,3.67824453891026,3.60795288598118,3.54845108375085,3.4796995493965,3.41315981925175,3.34462193198727,3.28571007023291,3.21747263196953,3.14913913088494,3.08978478217852,3.02105263092442,2.95518004176367,2.88657230939198
"2203",2.83537842789855,2.84590948458323,2.85521634432324,2.86013251221673,2.87002706059777,2.87471760312188,2.87987151784334,2.89089160849243,2.90621282552325,2.91138036725311,2.91583129898881,2.92065015607305,2.92603697150925,2.93703787644078,2.94229298023719,2.94724433728521,2.9586025556257,2.96340267276205,2.96920940798861,2.98080827715648,2.98640044286105,2.99197843935434,3.00331822220891,3.00883589590365,3.01485258007584,3.02577797043735,3.0315851735874,3.03096085746495,3.03644067753437,3.03825331624359,3.04415497641735,3.05046803446599,3.05589297931335,3.06178415467168,3.06787330677152,3.06935409174924,3.07552495879468
"2205",3.01827023316825,3.00605529544213,2.99319011608292,2.97392739410416,2.96134473007168,2.93914065821288,2.9170494262786,2.89515901289472,2.86626371508356,2.84428082100675,2.82833128408439,2.7961780885099,2.77423557055438,2.74557610400441,2.71213428093527,2.68438777250949,2.65030136674568,2.62271842332916,2.58292627874967,2.5556522966307,2.52827900374964,2.5007036329958,2.46744185138947,2.43965878747087,2.41225978650923,2.38436054671036,2.35077872871654,2.3234679769197,2.28934664099172,2.2624208525525,2.21955921854577,2.19251317755954,2.16549418815135,2.13145391764103,2.09843759317254,2.07082453210075,2.04356373191867
"2212",1.23918382181893,1.22868136452532,1.21245363237558,1.20205728531921,1.1916654176193,1.17551892804719,1.16506476813601,1.15886981193951,1.14844549786447,1.1323225292864,1.11613783707104,1.10571196108786,1.08958297490277,1.07343854256378,1.06307148332818,1.04696169568523,1.0308756627996,1.02043599921074,1.01445406419184,0.998494094739213,0.988372921026811,0.972535983015774,0.956644860177633,0.94665563689783,0.931021496782558,0.915375100493304,0.9057441685508,0.890309800199933,0.890509784463691,0.874941919738001,0.859383890766466,0.849813455957663,0.827868227897921,0.812474928906762,0.812854531334018,0.797448345797813,0.782095699587355
"2213",2.31525231744117,2.35058422102212,2.39681249755828,2.43199131262237,2.46778669817729,2.51367001762564,2.54889788677008,2.58874058754833,2.63074382512993,2.66627284398377,2.71171559838001,2.74762896724738,2.78967766360916,2.83543982436365,2.87101513196072,2.90711562152462,2.95275658748847,2.95937944969021,2.95889378685847,2.96441251785162,2.97022478375721,2.97574200395762,2.9713738642508,2.97674943302452,2.98193824533263,2.9881425934262,2.99340202367504,2.99893880830552,2.99995701303433,3.00626117935934,3.01268008896508,3.01822068342144,3.02394674696049,3.03014913988515,3.0301707593497,3.03673970843701,3.03234516510706
"2215",0.297912760033266,0.308330226835325,0.321742500184806,0.356395458796361,0.386011508953556,0.427579455947063,0.452624969550775,0.493743031660584,0.518956978874371,0.559836075290685,0.585572892215013,0.626072118343475,0.651391123923683,0.692467598809726,0.723469741783968,0.758417549709424,0.789942832608202,0.820694869575962,0.856547129112467,0.888290071905168,0.923911490132274,0.955106222755317,0.996395257234326,1.0215750916965,1.06316406663393,1.09368345354888,1.12890743487335,1.16051988438064,1.20242046692356,1.23433583436362,1.2760073334275,1.30230140332929,1.34432971187123,1.38236948694194,1.41837395636265,1.44935192628191,1.47545403367229
"2219",2.48442942601773,2.49926625789128,2.49728031664405,2.51220977383992,2.53341242068874,2.54235892391093,2.5475069300314,2.55701299639743,2.57232657481712,2.59435655285779,2.59416811893795,2.60885555844619,2.62425463700487,2.63366477112209,2.63887222823903,2.64790441861602,2.66348750951002,2.67803288337074,2.65814089458531,2.66065169396482,2.64619488333115,2.63601545931328,2.62157355758895,2.61134440328473,2.60421987926904,2.59907770620331,2.59502592120787,2.58125625094653,2.57626263321235,2.56880746585572,2.56449272238717,2.5511461244452,2.54771326063464,2.53344587800824,2.52391772707646,2.51575096227663,2.51227772356391
"2222",1.70764289354669,1.6839491041417,1.66673832934664,1.64452535001142,1.63759046959805,1.61414468529062,1.59781141320481,1.59164019810143,1.57540017124496,1.55914415361506,1.53053550089064,1.52410723474708,1.50793171093008,1.49178181469578,1.48558800272001,1.46257350369474,1.44666473502052,1.42468127689973,1.41881619310465,1.40305624609027,1.38717577724862,1.37118102953458,1.3652254701198,1.34910755938301,1.34428867411352,1.3379667658724,1.32201182587258,1.31641409922647,1.31039807281653,1.30492944957304,1.28931513543965,1.27822618925541,1.27292263903863,1.25717000133648,1.25166067355868,1.25223806826471,1.23683953011324
"2225",0.385327319639765,0.400181269832532,0.42068577218975,0.425817516446489,0.43424123062356,0.448750768738665,0.458229302545106,0.473309267706607,0.483012158486774,0.491257548495652,0.500909978906269,0.515462495961509,0.525193006467761,0.530174314870425,0.532794252997662,0.54743020616379,0.557070469572407,0.571176452912724,0.581303646980144,0.597075351420555,0.612568930582402,0.622537043370186,0.638138211597352,0.648252314613904,0.654691136839888,0.664169482984187,0.680696831816875,0.691399681258333,0.706511102952353,0.716536251496203,0.732198965219718,0.743156426376646,0.75983374387915,0.770019181590277,0.78643158261048,0.796192311978434,0.812881620704799
"2226",1.9859490408459,2.0123436675821,2.03538476791886,2.07480192843884,2.09812753146156,2.1247733783271,2.15849647822047,2.18228330307343,2.21608662366699,2.239867298281,2.26691124832591,2.30054903820843,2.32440228976426,2.36397973080191,2.38779966535134,2.4148220991701,2.44881732040684,2.4725562265337,2.50664136737757,2.53078398509475,2.5582734043039,2.59235423246171,2.61643156197354,2.65048935290821,2.67385372151389,2.70800085862242,2.74224606898205,2.76665939319187,2.77103934928815,2.76556175379448,2.76004836418664,2.75461585251666,2.75924506477172,2.75370698336259,2.74155694358768,2.73598899334675,2.73383754901572
"2230",2.03974309607111,2.01344751608346,1.98291503349542,1.94958028213752,1.92912236342618,1.89304932999646,1.86677219065258,1.84642823415992,1.80326446771791,1.77716659952457,1.75682796033427,1.73082251100038,1.70460893337815,1.6843891277342,1.6583223858625,1.61516785355505,1.57192198105174,1.52890915580906,1.49133208635292,1.4415034976156,1.39839670063363,1.35512340944202,1.31190089872852,1.26851179130741,1.21856896250561,1.17544946462889,1.1320354597296,1.09470277414611,1.0519236074267,1.00261123794394,0.959892749536448,0.916898397086296,0.874005151589737,0.831061507667621,0.781413572166685,0.744254219591883,0.691157126167611
"2231",1.09455737137011,1.10507232262424,1.12038419590682,1.13088250289617,1.15082737503088,1.17408638144311,1.18491965668327,1.20604997607543,1.22276446648917,1.2337106664739,1.25511759013575,1.2658157813134,1.2768805325793,1.29801671935051,1.30907416222228,1.31998818463955,1.34815533281508,1.35906244994682,1.37059216092698,1.39223635428849,1.4036358495591,1.4148749616698,1.4361879083694,1.44724275783157,1.45879000142304,1.4796176587629,1.49076863934647,1.50240174117784,1.52371753335226,1.53564377992513,1.54741645091901,1.56936925062614,1.5813262091619,1.59289639242652,1.5946664845558,1.58604606546845,1.59363764321211
"2234",0.719538043194451,0.729071739225928,0.738597422334098,0.74833020435378,0.75804838259016,0.750733137870229,0.760325797535127,0.765571598344054,0.765193214655951,0.774842593430783,0.768543957697406,0.771323520613677,0.76521508017007,0.774796045353914,0.76868157776721,0.772616802323778,0.772188450668337,0.775951778903633,0.775675185330887,0.769606209413311,0.779472343054129,0.773715923026354,0.776997533300162,0.77142290655074,0.781572644335541,0.77629895219203,0.781181861481445,0.781606772773892,0.786278522034619,0.786448930689307,0.78093523479838,0.79134488751677,0.786077567561096,0.796636921693431,0.791334921634323,0.801968694929122,0.796729876860037
"2235",0.183252787378101,0.177100859306769,0.171448769756253,0.158241653435595,0.152462971390031,0.152396276727673,0.146161911701808,0.14585275112287,0.138429760368272,0.142419774095979,0.142001069499904,0.136247735133022,0.135775403063892,0.129889724527031,0.129656992886958,0.124057887313515,0.123818973660726,0.118508122022759,0.118069898426059,0.111150918462049,0.105388252193667,0.105222489427475,0.0993388045517206,0.0991395598814059,0.0929966115488932,0.103506189515318,0.0975868668068209,0.0975488503728527,0.092657651641311,0.0930807546769893,0.0870506354828451,0.0811711461584957,0.0812514925755996,0.0759646526138324,0.0761078861346755,0.0811282450554454,0.0911292374554037
"2236",1.5970984973773,1.58671092690974,1.57706838031403,1.55661515719556,1.54665820775318,1.53668013990665,1.51618854094118,1.50592460115407,1.49535456857633,1.46935336096613,1.45895460805298,1.4490039286903,1.42851387241491,1.41842815787833,1.39821346768241,1.3884473974694,1.37823367968413,1.35883156985182,1.34174773104446,1.3314423170863,1.31146292355712,1.30127560453474,1.29115604196373,1.27090879691884,1.26044904926371,1.23522450084408,1.22497387659279,1.21486815018732,1.19585182577343,1.18631198053973,1.17690176200985,1.16677421361968,1.16682862511823,1.15731347678553,1.14743473441597,1.13246214145578,1.12664189673936
"2242",0.291218722790287,0.290512972337525,0.284623135453832,0.284221445477715,0.273214564956656,0.278033243102202,0.277579602781447,0.272669702897361,0.272376411077447,0.261838683274325,0.267113297340508,0.256132529692746,0.251623896009237,0.250886808779965,0.24033479525437,0.235105832643178,0.234642901451027,0.228853656199777,0.228880371570734,0.218755087978763,0.21425259556836,0.214299023084049,0.204168630110358,0.210234833701953,0.200920835600202,0.190778381288633,0.191821031190092,0.188381955452813,0.18797015492319,0.177952335356003,0.173657738617086,0.174593451200018,0.158846430233003,0.149235613904573,0.155700379223435,0.145820747012642,0.146753068663413
"2243",1.18118406202106,1.18074121052174,1.186399007138,1.17601120778471,1.1616150216601,1.14141949573515,1.12095629454402,1.11632445946559,1.09584075321904,1.08815501890738,1.06769689293923,1.06320409091867,1.04854829523748,1.02825127057537,1.02046738277176,1.00603650666273,0.995706017225803,0.981292931302403,0.9609850307831,0.953122534395901,0.948780007070821,0.928708243283199,0.914354792355239,0.894380207594046,0.896882508080266,0.882908912167946,0.863323797751025,0.849436168163126,0.846403758450076,0.83238809776797,0.818411981636797,0.798844315327966,0.785132788903499,0.788002227208787,0.768462517781516,0.754647967781257,0.735193653535447
"2249",6.375907719332,6.39603911040431,6.41871921806462,6.44868583666117,6.4145629067912,6.38558291330153,6.35522920456909,6.32514091938564,6.29448796160351,6.2745734714455,6.24392495781455,6.21495670638464,6.17862276329737,6.14893558239051,6.11901374881512,6.09451553364851,6.05750659353313,6.02393253881493,5.99292091759324,5.96220973770919,5.92663767911322,5.90651425401563,5.87648644914431,5.84062071874588,5.80957060250792,5.78140853234992,5.75537379283381,5.71827173031474,5.69072062080398,5.65557128453908,5.62665759195717,5.59004984471777,5.56961678033889,5.54063191031515,5.50479915603037,5.4768222781554,5.4463524997727
"2254",1.72086404249487,1.71335464057025,1.71950558615864,1.72925815977684,1.72948769337247,1.72948618310279,1.73792879894466,1.73756294233778,1.74707452770822,1.75260438050196,1.7520455213296,1.76209195781268,1.76165836622975,1.76722202018283,1.75699166219869,1.74716111278847,1.74254694961281,1.73288143674908,1.7223865380475,1.71197265544768,1.7077007887187,1.68765342557641,1.67757111430208,1.66765362817255,1.65745517933964,1.65406546980654,1.64442757760026,1.63460758226684,1.62559838008347,1.61590661642836,1.6021887376397,1.59225413757467,1.58250288747134,1.57318921017342,1.56352008662573,1.56033347895174,1.55059062343495
"2260",0.582139291077261,0.591654038240981,0.585324953096463,0.585082507480784,0.584753027725686,0.578508281225591,0.578099934063452,0.571765160951607,0.571419131933008,0.571017285175867,0.564687707015014,0.564122335726761,0.563805687440559,0.557486788666131,0.557055105142206,0.556500765696477,0.550250258535635,0.549341300328807,0.542538137687046,0.536477992396522,0.536297663756758,0.536342769717944,0.530478596656061,0.530776969169655,0.531141887468845,0.525752884108528,0.526666253337624,0.521492143160663,0.521693305067845,0.521779124851178,0.526151030446,0.526767431866893,0.527450286887983,0.522227487639808,0.522829682463797,0.513350208617211,0.508310899679125
"2264",0.16180555193092,0.161325260490551,0.160846582025004,0.166308701219024,0.166028378547925,0.16560636501322,0.170936492936139,0.170398189863627,0.170016635388133,0.175393093771876,0.174833393352253,0.174371849418592,0.179784454441955,0.17929626121322,0.178900533752649,0.184246166017061,0.183788348788729,0.18313463724186,0.182887780831283,0.182588127680531,0.188190905377317,0.188214624995734,0.188114575610423,0.188366316509772,0.188646767637499,0.189068354056777,0.195654604640147,0.196186714215975,0.196500875584481,0.196624804557595,0.196832353795393,0.197364478632049,0.203758788619362,0.204335430121572,0.204894571804377,0.205496631400471,0.206163902715551
"2266",0.378610261734711,0.388009373326672,0.39727213876646,0.401013271323667,0.410404566703118,0.409908100394817,0.41939077830572,0.428942191036022,0.43846939605061,0.448050473808807,0.457651256852116,0.467160176594675,0.476750604361038,0.486353960847188,0.495959368592898,0.505573211172564,0.515279125620791,0.524849203374071,0.534637636410133,0.544471673578235,0.554344948093108,0.558460418441933,0.568312969402233,0.578233232640283,0.588315356610243,0.598343930379731,0.608575553664259,0.628863181006242,0.639056126253006,0.649317945677309,0.659577857398984,0.669986559070366,0.680463176884732,0.684167889768512,0.688745158763089,0.699102330710396,0.70948824293959
"2279",0.246260689221908,0.265891839151443,0.276032164746555,0.285792928456948,0.31162526731449,0.32148478160163,0.331066245541112,0.350609425028321,0.360164984521303,0.385625555198697,0.388167682108564,0.398057263427639,0.417648675768943,0.427343778950565,0.442814478809794,0.462795007347197,0.472366182966255,0.492361540486131,0.507698930126095,0.517298155970224,0.530594803977365,0.540576144549157,0.550492845886111,0.57641784463191,0.586335496225448,0.597154195006806,0.617684127789342,0.627968883344054,0.654630409609334,0.664891307177069,0.675338009296785,0.695517609241338,0.705865625139725,0.722351125693441,0.742760067031541,0.75375906359142,0.794134904927246
"2293",0.937894631161458,0.953207639585885,0.963449088980999,0.995805600481334,1.00575241929235,1.03139359016387,1.04089874939564,1.05629117486703,1.0457500193055,1.0412073384782,1.02073219588611,1.016403357035,1.0059316284004,0.99148009980672,0.987977130469422,0.983738608781342,0.963427448853138,0.95359121211704,0.943183171569843,0.932879798076711,0.91281940003264,0.90269731202217,0.886808400354654,0.866729737166158,0.856550749124258,0.853644336834907,0.833820201083325,0.82399529161472,0.814626229131453,0.794956029165742,0.791947982928971,0.782195040648247,0.772562849034207,0.753045807103081,0.750058446062215,0.740608676038676,0.720979253840815
"2297",0.873143917986751,0.866699245107669,0.865057091304355,0.858932702545187,0.852178862258004,0.841206059955803,0.834985735849204,0.834269887436342,0.828218913248278,0.811893635156729,0.811368716951623,0.804561037102944,0.788530651102384,0.787724312206548,0.781371743053448,0.774513861895578,0.764010731500854,0.756503520407334,0.744171035772973,0.72826764041645,0.727978527409844,0.722260396103129,0.716355238215318,0.700902806054693,0.701632891544787,0.695685292158548,0.681005013328035,0.68183694603016,0.675577684224761,0.663172584568099,0.647331292302528,0.648293638006046,0.643457568282987,0.62805628019369,0.623005448480015,0.623049605460427,0.618261972801118
"2299",0.0047870964832783,0.0183419538140581,0.0254509018879106,0.0392032320426416,0.059429746911588,0.0727747823027899,0.080746432770948,0.0843676038143511,0.0982369448600067,0.111920414954292,0.125735485589222,0.13326235232707,0.147172622919261,0.160724957427587,0.174406576062597,0.181926133015431,0.195776435180535,0.208604830377318,0.222860892465675,0.237034668050647,0.245248932125445,0.266056003627265,0.280117978310143,0.294448150041209,0.303531972301822,0.317288139079913,0.338899248054076,0.353842559410527,0.367377204907202,0.375862433300908,0.399971691864111,0.415200496917136,0.44036979615628,0.454762052867635,0.463863772573423,0.487764111108083,0.515356880119553
"2301",0.709353890092319,0.717697262951424,0.72506699490648,0.736108702318252,0.742641758443077,0.754773170638269,0.760011215363958,0.765692174550191,0.776453776727527,0.782142771605836,0.793198681595372,0.799693754579552,0.804811181579796,0.826612107473772,0.822365511544377,0.819175242615967,0.820546477992948,0.81828025182642,0.835567225515676,0.830841896934628,0.826759164559835,0.828027259246234,0.823693199580783,0.829064085245026,0.823796570266509,0.820756743453488,0.815850233284735,0.811135012235804,0.825467272399058,0.821916060203284,0.818657087181736,0.813801133756805,0.809256106498093,0.8223989191168,0.818127835766168,0.815328589468689,0.810709006982397
"2313",0.0803287613214486,0.0897932608042004,0.0991480825684212,0.108832455752136,0.118434585761526,0.133677426573436,0.143225217664572,0.152645750887157,0.162251908055983,0.166074634047906,0.175502352579465,0.184947441293882,0.194591091422859,0.198284255937956,0.207845102764666,0.217317795433819,0.226844672696188,0.230258753422402,0.240044749285325,0.249766896776445,0.259575470917858,0.257198805326431,0.267085365171995,0.277315766067218,0.287609730043371,0.292200421429753,0.302997651326698,0.313541940930551,0.318020145598582,0.328156504521657,0.338360652835485,0.348936515493815,0.353811810779115,0.364367140547727,0.374947499650009,0.375489041892577,0.370397074822006
"2317",1.65146372042119,1.64957347414921,1.65980535255317,1.66512053199597,1.68088295967803,1.6808253355988,1.68918086321287,1.6988445434102,1.70402351724154,1.71375418242014,1.71901274981554,1.72904416963862,1.73430066684067,1.74414592605943,1.75966252829498,1.75986222993239,1.77532159443894,1.77581747344594,1.79107401970844,1.79070981956131,1.80645096623956,1.81631096002587,1.82196044177779,1.83185109118806,1.83727160652696,1.85458285720633,1.86042835375287,1.87049782640559,1.88720628735083,1.88760073412841,1.91049785973134,1.91057791515022,1.92660301993804,1.92718022636706,1.94325200964428,1.95410442596636,1.97009007044585
"2318",1.84163037873892,1.8139043493922,1.78835028192043,1.76760505733203,1.74160259848792,1.71468552158202,1.69830230245446,1.66551012881345,1.64476595266948,1.61187655213475,1.59159814215828,1.56608720468652,1.55545170671897,1.52980978728973,1.50388829896382,1.48441407995667,1.45861235665571,1.4398914533322,1.41354672719288,1.39668636039566,1.3710191240249,1.34487117583539,1.32469785522238,1.29162119336778,1.27067199089835,1.255309423406,1.23421774140243,1.20789701390177,1.16678268287404,1.14753439334701,1.12263272289088,1.10208527579631,1.07600201133884,1.0563700199026,1.03040974560998,1.00547204223449,0.969153982689318
"2321",0.147326283976163,0.142746684107798,0.150596906387494,0.150238423185515,0.16054293471488,0.170674992390895,0.180189807756322,0.186752141876862,0.196175482136103,0.211683017563278,0.221160421293943,0.231253460976062,0.247570862321651,0.251642184804036,0.261394310429383,0.261575346037896,0.271252901768401,0.288282840957732,0.297807522453459,0.307453523218101,0.31164332826335,0.3215201550832,0.338024038681988,0.337966199930815,0.347763586185743,0.358317601997019,0.362708886642609,0.379554272307835,0.390265499820871,0.400604555205127,0.411056777239534,0.421234773683707,0.421558474676256,0.426325193276148,0.436662573423397,0.447402921488821,0.457689043383974
"2322",0.580903846250416,0.586371135264363,0.587542697735924,0.587152590192137,0.581954790552395,0.57656992962091,0.570312103087724,0.570105628328724,0.563685105786227,0.557766784909074,0.551524779872444,0.546159565706497,0.539825352299256,0.534124555467454,0.528232077241986,0.52883343362506,0.522840961107237,0.518262045828046,0.511825168711285,0.512279304520554,0.506562245143073,0.500584917799381,0.494698407520156,0.494418290282028,0.494706462445432,0.499647439164431,0.493565982145579,0.487627830080979,0.483045388110055,0.477788198873722,0.482698562512818,0.476713821808078,0.486724569336949,0.491501788867388,0.485834665723791,0.491005978903347,0.495129284822771
"2323",1.0297910010314,1.02952348026258,1.02381828809049,1.01332559210828,1.01396216674281,1.01449669076181,1.00395069934161,0.996982714787395,0.986214703348313,0.986119945677925,0.985693706297143,0.969558500484783,0.968892547746346,0.969191731420788,0.959177726499034,0.960220303237215,0.943403369734042,0.945509536856663,0.944629883477217,0.944149236174039,0.937709205187272,0.937384449612691,0.937272489398777,0.936733630766258,0.918826465981297,0.914292127172226,0.913278746808961,0.912593817583962,0.914730123114404,0.908928710828567,0.904298827846857,0.903375739699019,0.897040484277588,0.885331586915577,0.88506511680863,0.87093447278455,0.864371810533438
"2326",0.79846803055028,0.797754077114464,0.79092504761625,0.784554838022189,0.777927434154829,0.771511875391888,0.765179395940599,0.753181231695022,0.746925559171014,0.733800404149505,0.727674490362314,0.721305470336714,0.715106768876298,0.708903854895398,0.690165986362687,0.67395305664627,0.667929260656357,0.661692536169347,0.655738966696314,0.649862371425592,0.643956127218336,0.632246240886252,0.626301202003347,0.620331599259894,0.614629040107234,0.608652832221011,0.602928517696087,0.59739864017727,0.585874368202542,0.580404620294863,0.574872526983656,0.569551790107587,0.554278798597839,0.548727914238931,0.537527742572373,0.561814954787295,0.569790301464653
"2327",1.845209380988,1.84771955768716,1.85898949794274,1.8684261344256,1.8789073363572,1.88936671114439,1.89879344394304,1.90870475674422,1.91793455422119,1.92779254725117,1.93741125813684,1.94115157416792,1.95048692132954,1.96074504457834,1.97069362805888,1.9873763150747,1.98058601183085,1.99253839946567,2.00172158555807,2.01130152452768,2.01484355543601,2.02449549627801,2.03436694791241,2.04377586871821,2.04591773034111,2.05696298925755,2.06589357251081,2.07521836728448,2.08718637248297,2.09798669887326,2.10905886912429,2.13824877333668,2.18354754294909,2.21417287559399,2.24395284818393,2.25799816749468,2.28575583542175
"2329",1.12307248839727,1.12209877768323,1.13047074790988,1.14505859001385,1.14352851311622,1.14585639559498,1.14508156782784,1.15481833836668,1.16410099605903,1.16355809021034,1.17351273449795,1.18293171801215,1.18810150405828,1.19790155108302,1.20749306287364,1.20717738238412,1.21054985333285,1.21077166134666,1.22058359092389,1.23069287267958,1.23641758445094,1.23595015880439,1.22569014953788,1.22482744224537,1.21436235304361,1.21360350561496,1.19578002694924,1.18964674718414,1.17981490369873,1.17468020395525,1.16517417429359,1.15277670531422,1.14281183835997,1.1369533255442,1.12686792802381,1.11434813328825,1.10404605443565
"2347",2.61766754927399,2.61726314268819,2.60746288209754,2.59714920594728,2.5814751508881,2.57135447565616,2.56088212818779,2.54355959197647,2.52728395626086,2.51698884947165,2.51640287925903,2.50632501056745,2.48328195230973,2.47303508134029,2.46276018883393,2.44709428196943,2.42999863718541,2.42035059418597,2.40982301722206,2.3936313081428,2.39357965323115,2.38349984149489,2.37339772709444,2.35766818150724,2.3474366867778,2.33824743726979,2.31855112734888,2.28623715562012,2.25732047093135,2.23769110559712,2.21826522283177,2.18673733327896,2.14875441985775,2.10791169378303,2.07087295314886,2.04039102701861,2.009000701125
"2349",0.170199305596409,0.197679131347909,0.222225997382184,0.258277377045223,0.284646756433102,0.310605262084733,0.33708777454943,0.368111467659948,0.394791488626683,0.42245651960576,0.459637262547247,0.485710878861534,0.506757050851064,0.533454835454384,0.571139390562738,0.59735220597113,0.624559105789693,0.65149268469065,0.688952422394182,0.710708742551959,0.744390110039101,0.771374798096341,0.802635952303528,0.823686970880385,0.845542072577753,0.865880506717465,0.897183711693177,0.919026587402391,0.946391754796065,0.968233815110515,0.999792723634379,1.02216408519603,1.05022820626488,1.07829028577676,1.11026818655415,1.1311254947709,1.15328954640596
"2351",1.08634079478726,1.06548418949402,1.06677945887666,1.05167146174554,1.03612730735663,1.02104251647463,1.00037905069432,0.992541493220477,0.987747412892594,0.972920860782587,0.958408549213115,0.943344089115941,0.927574488857895,0.912878210398383,0.908153392970648,0.893314365543604,0.878883693425115,0.869822741027172,0.855470428995274,0.847843743362537,0.843440356258355,0.834738001592892,0.820294628088304,0.805754821633502,0.791613416527602,0.776930930375491,0.778402303803297,0.764402475583964,0.750065319833975,0.736177337745831,0.728761849483994,0.72086152181935,0.717196272341025,0.70313539685944,0.689288738766628,0.680810757758286,0.677032045339714
"2355",1.54351218574497,1.53676801530793,1.53401393261384,1.53333399770694,1.52152021036412,1.52583462267608,1.52524548797856,1.51758582316988,1.51724895007438,1.51652389245879,1.50611883342023,1.51046988379198,1.50335029336378,1.50246009129903,1.50177259001941,1.50041580716816,1.48999230461694,1.49374070523794,1.49391117025059,1.49393020768832,1.49358976436178,1.49355272686034,1.48335902595202,1.48927037808043,1.49008783366895,1.48941698837433,1.49031107185912,1.49114366280839,1.47364394632004,1.47944772507563,1.47930908828704,1.48041290555513,1.47144554777534,1.4516441891234,1.44237683951131,1.43785654776307,1.42888727223305
"2358",0.146175576444372,0.145615767308803,0.144893970250433,0.160328008069143,0.152954742087422,0.152456533544776,0.157749823692289,0.157140343868893,0.166736331719607,0.16630688175383,0.171438430636037,0.170898792026092,0.170530271526974,0.185718937505156,0.185273770216827,0.194761534709421,0.220007746929278,0.239194983382281,0.248940349741319,0.268613488240947,0.272648623990629,0.274523604677724,0.278647219809909,0.287392944264822,0.291934173155669,0.300835496790591,0.300169523554082,0.314977752303752,0.313705909610345,0.328057790463955,0.32670589944098,0.341540277288591,0.340679698919637,0.349704638733596,0.354546015524256,0.363523834135263,0.378484050116477
"2359",2.14618039218294,2.14578839550182,2.14614421332016,2.14005881450108,2.14019152713646,2.14325326006363,2.14276598779617,2.14237638196067,2.13606139697971,2.13578549137589,2.13521360923996,2.13522818352466,2.13473301041213,2.12876060196375,2.12849494745943,2.12287754041094,2.11097915625815,2.09978372344119,2.09350986913214,2.08158831461355,2.07576758391966,2.05412831947085,2.04162321047789,2.03004571851931,2.02399635225166,2.01316553285762,2.00754753475762,1.99610639554527,1.99127865497806,1.98010761743266,1.97487277180853,1.96338579359181,1.95786136897037,1.94026879770119,1.93477459857457,1.92414234842798,1.91274148574493
"2370",0.346519034177967,0.346024986981846,0.345901753705039,0.34549979336923,0.345336604042098,0.345081419694829,0.35032427621591,0.349855553978596,0.349333688894729,0.333214377363663,0.326910895830253,0.32089018235325,0.314671555963802,0.30855296632216,0.30243523382269,0.296496874795803,0.296110221648409,0.290188250283668,0.27405015005857,0.267973794253444,0.262091601763295,0.249607013711374,0.24371007886756,0.237939441927655,0.232106023840453,0.226784591959108,0.214651413606646,0.20909492345465,0.194004321081698,0.188559043671164,0.189005059331871,0.183458057197119,0.178056789200393,0.172836869404496,0.167436989265189,0.1623736987802,0.160279775373641
"2375",1.91492376606939,1.89467177051594,1.87005386761432,1.84273005069064,1.83340136886824,1.80801197723714,1.78753243033302,1.76724242856363,1.73396592441571,1.72381364185968,1.70320453336863,1.6778801906494,1.65731146777668,1.64052574716661,1.61464748401024,1.59533304801205,1.5749974434161,1.55046617534558,1.53308625419316,1.51252899715939,1.48683166767563,1.46667641707998,1.45658746944916,1.43069108568762,1.40997319075024,1.39122542103877,1.37531449790324,1.35513343395663,1.346840477928,1.32160757115509,1.3124583612147,1.29208372272494,1.28200150757553,1.26704603296349,1.24051799415223,1.23205174476901,1.2118689610903
"2409",0.729876891361421,0.749443257830427,0.769547789572266,0.794994960769566,0.805048510847713,0.824869626750812,0.837493884543664,0.856996712558701,0.876479056727716,0.901907205202656,0.914378400629955,0.934299651033304,0.943824939615128,0.963501319183072,0.983189754949232,1.00897065716336,1.02849933273631,1.04858118633002,1.06807426420985,1.07761999747639,1.09752157968773,1.11662261269026,1.13652305760371,1.15666437732773,1.17651694457195,1.19743001465388,1.2137183640365,1.23398838547215,1.25501438445449,1.27533134291367,1.29586422353139,1.31602723601599,1.34216327785911,1.35295269959317,1.36339565771307,1.37453074881118,1.39490272837916
"2416",1.06794281172106,1.07721529232527,1.08602853031433,1.1012396485854,1.11041388007624,1.11967462237915,1.13486317848276,1.14424315677463,1.15377717805552,1.15899817407003,1.158473970103,1.15772968165762,1.15307420231311,1.14566999746593,1.15093379230769,1.15031474778055,1.14988436983055,1.14479625552756,1.13798042866537,1.13774304075123,1.13754625433181,1.14323703170005,1.13308245655787,1.13315895211197,1.13339256716056,1.13931413624643,1.13988787982667,1.13036118203379,1.13054524851943,1.13654118589497,1.13021916432907,1.1307471731749,1.1213613007106,1.12765464796074,1.12818999804007,1.12208635285752,1.12842740232114
"2419",2.8272725944774,2.85644889988334,2.86919599804097,2.89853766828153,2.91742676214427,2.94079992181609,2.96018493496826,2.98382060958413,2.99644332392951,3.02587241865456,3.04967561292837,3.06885740605071,3.09842060581037,3.10527017842459,3.1347534544548,3.14830952467612,3.17795738570707,3.19708836721171,3.22117797025421,3.24104969777439,3.27084001101568,3.29493611386867,3.31474873186863,3.33890763013637,3.35246990362108,3.3823231227986,3.39685820674058,3.41395305327123,3.41386544783156,3.4183321621649,3.42852340662816,3.42338682482223,3.43406473657833,3.42859817807284,3.43911223551866,3.44344336151958,3.44405922268299
"2423",0.524031713058694,0.533097914714954,0.546628224709652,0.555997192077426,0.564535708349726,0.573332766405041,0.582734495564837,0.591981058583123,0.601589598289272,0.610901781879354,0.62042592970486,0.629197370169752,0.638849314514533,0.647986574876039,0.647316651814005,0.656081830982311,0.665622507714359,0.673788715135587,0.683868987811085,0.693817592567119,0.703485574831431,0.707679623063383,0.717486933317463,0.727642664097961,0.738376934867447,0.747878434150308,0.758773932788311,0.769577284725757,0.768898626932585,0.77894346302455,0.788854814253136,0.799947131788247,0.80520935183209,0.815477194964777,0.826239381870988,0.846045644236149,0.867087829916244
"2433",2.48827522702593,2.53233328752072,2.58222326894549,2.62622730219051,2.68123338930354,2.7258656153954,2.77962213141913,2.83354336480892,2.87713752735971,2.93120067265555,2.97478621559389,3.0294033316428,3.07306887073868,3.12724964627208,3.18131538644282,3.22608630811223,3.27993552356277,3.33172175044181,3.38526078841478,3.4289774338851,3.48320647683453,3.53731379228006,3.58144210158766,3.63562662755577,3.67937844589896,3.73465259136594,3.77897172711626,3.823202334737,3.85879110023114,3.90348062040362,3.93841669472415,3.97252188826966,4.01687380751363,4.05186732577213,4.10302557808745,4.13842954573706,4.18277365630845
"2437",1.51879525239391,1.5237402112803,1.52228918368237,1.52175165200161,1.52077085119971,1.52565024523255,1.52507797070291,1.5243995893676,1.52395710565176,1.52913019584028,1.52859117090275,1.53770450927138,1.53730970523373,1.5423621354363,1.54179553320782,1.54093801403083,1.54046946717316,1.53921509971582,1.54487677614342,1.54469655439928,1.54443233906506,1.54438909392863,1.55998737753768,1.56014400012621,1.56061912145108,1.56055028457922,1.56712092548023,1.56777360747893,1.5676132188601,1.56774137466642,1.57362569285891,1.57444653909114,1.56529216893547,1.55573306935516,1.54641187184765,1.53242559489619,1.52327688939466
"2440",1.15819248633201,1.15309048406652,1.15153938335448,1.14091063605069,1.12980975960699,1.13466269731341,1.12405452806257,1.11340913836942,1.11293137302203,1.11495835600489,1.10448058121644,1.10352704949291,1.09311648655511,1.0881723096336,1.08758825366521,1.07668055653486,1.06626540132531,1.0707618544067,1.0606938545132,1.05057572074474,1.04607619709759,1.03598697756362,1.0258003524837,1.0158500920998,1.00629808540447,0.990270248123809,0.980893032310667,0.981489855811408,0.971209268416889,0.961370917179127,0.951462375956641,0.936509253393697,0.927343953584079,0.917680347421714,0.908315546249274,0.89837373852176,0.876742874463347
"2442",0.983946363816201,1.00318068493421,1.01194128770338,1.03134570494448,1.05618893813588,1.07543357445756,1.09483483292391,1.11422649276718,1.12372554254851,1.14892891490769,1.16842889879484,1.18767904906053,1.20148077499893,1.22087940398333,1.23035637826463,1.24390419432936,1.27019873427106,1.28916330219091,1.30902978025014,1.32310971185193,1.33287308848139,1.35277263247289,1.36682563023962,1.38684794908715,1.40719351220496,1.42127457948204,1.44181518245403,1.45234105774271,1.4722197516881,1.48663986760964,1.50679611764147,1.5275245411345,1.54250442607403,1.55951522936378,1.58012890421571,1.60023342401755,1.61521299904866
"2446",0.119819806661238,0.119269340102298,0.128823667248509,0.12848909988331,0.128209006234958,0.127763644975188,0.127257798784723,0.136640606425817,0.136172204400488,0.135731068560319,0.135069992376917,0.134589005537635,0.144164169725129,0.143610110664882,0.137401450274608,0.136956492541511,0.136429686089339,0.145752783302645,0.145434231917712,0.145075740675733,0.144876319017916,0.144873048949532,0.154746785905209,0.154995896944041,0.155253784771812,0.155743443774152,0.166594456949576,0.167156008198852,0.167558025710833,0.167734038631971,0.168017669208451,0.172815745674418,0.173500228942594,0.174164996632389,0.174803101571618,0.175514030906463,0.186235615143835
"2451",0.580818463042216,0.59041828903751,0.596554884999518,0.60625647101149,0.606473373001991,0.616425035216629,0.615923663647506,0.625440348950558,0.6248802901422,0.641431572031202,0.640762125256665,0.650641425568991,0.650149233007833,0.649798733311518,0.659464292720588,0.659439522690794,0.668961363455715,0.668988389246816,0.678485715560293,0.678037845679527,0.687925224607244,0.687872500779096,0.697758395166129,0.697893659896636,0.70781028631842,0.708613686111097,0.70915644092654,0.713698563013127,0.714590742231085,0.72489940394706,0.725396141399163,0.735647484568023,0.736076381812894,0.746832024467961,0.747315557828028,0.758347596079986,0.752133247987057
"2452",0.51180438037277,0.495711913260922,0.496615425892674,0.490415673495266,0.473828843075145,0.468356157028494,0.457787477804524,0.451752427814358,0.451034865679863,0.441919962681488,0.441368681220106,0.425870183143231,0.425255722488886,0.43199488925472,0.41601100223545,0.416403399718397,0.400341580996633,0.40120366509695,0.401411690290204,0.391010360088343,0.385228954484383,0.385019324986842,0.369109637699745,0.368879875034741,0.352607833070119,0.353306766305918,0.343125773296399,0.337276894826725,0.338435518176177,0.329782614571971,0.33044709420084,0.314621547638181,0.308120703271406,0.292964099722932,0.293179101843829,0.288399696771185,0.27842119031753
"2458",0.210236623860349,0.209249000150673,0.196685772781815,0.196104136664885,0.190230985000689,0.188836926153176,0.178251018274029,0.173132727387817,0.172803032595363,0.162051002120745,0.168377081844992,0.162630777568237,0.162338304909494,0.15127465904479,0.163035866211161,0.151400826569666,0.150828591725406,0.138273214040468,0.144260637876427,0.134232518315013,0.133801975699901,0.129613049803726,0.129420203426886,0.119791559410042,0.126659099836284,0.116039290772333,0.117420757691739,0.114307397870356,0.113259944010978,0.108930528183627,0.114435766421816,0.111644005615166,0.112968471382257,0.119051984236286,0.115811918716882,0.115503583501863,0.112674368837249
"2465",0.170931071391938,0.180532869453301,0.196758454664841,0.216433682432198,0.206682937083445,0.196679673853953,0.201915987051766,0.191456029744164,0.180866870235882,0.170559624207946,0.175646690976788,0.165649244194922,0.155123724541417,0.15484670476781,0.144549059169691,0.140435759609892,0.139980261934032,0.130273114340613,0.119701295006066,0.119225153279715,0.114908035134858,0.10482806550514,0.104714435647431,0.0947908773721741,0.0845691401944502,0.0854747105945958,0.0816511035421199,0.0718654254755767,0.0729546213697603,0.069926937836473,0.0604810315861152,0.0664333448046595,0.0567999729576397,0.0475749741683173,0.0546848353624846,0.0457340813468215,0.041924291800823
"2471",0.715985979147013,0.725266995291091,0.724352169159614,0.733761692919722,0.738792008464536,0.74818243469088,0.747573155354402,0.757003358720974,0.756455095748307,0.765940670654911,0.775421783589308,0.780582116952605,0.790100783839993,0.789579922331962,0.799100739443458,0.798596990387012,0.808202024017223,0.807592227240348,0.817331963752148,0.822869626216063,0.832681314646198,0.825929321484609,0.835758219019385,0.835716899022272,0.845798417673727,0.835952692556343,0.832075201048689,0.832425978683805,0.822744647199043,0.813048181668949,0.803390555214763,0.803861631035895,0.79442866518112,0.784915522293016,0.781188387046591,0.781682541199001,0.772197619799435
"2472",0.177388105401953,0.181032725672848,0.190821351347555,0.184403017981319,0.200956885402589,0.204884497108664,0.204228791799576,0.208066812575696,0.217394758893312,0.22807390124556,0.22188761319473,0.231551838836218,0.235225618507018,0.234914145936842,0.255533802482281,0.265292644047688,0.279264851056944,0.289197967901879,0.293089534756547,0.319531797575467,0.32363627781991,0.343395828193676,0.347429891371521,0.357137211160834,0.377929406655372,0.393591823379705,0.419290244401539,0.429455551761953,0.445500935556209,0.478292270960516,0.494435451806617,0.514844850029181,0.531112137731833,0.547220840851221,0.573381976974036,0.583665281152327,0.609819636748867
"2483",1.70488311975841,1.71398308794828,1.73195969975999,1.74139449377979,1.76008609732752,1.76893454942406,1.79409438631856,1.80329660356839,1.82289917994324,1.83221631053646,1.83165042965861,1.83046541040159,1.82586361202544,1.82497107863424,1.82429703155144,1.81309334737147,1.81255875473476,1.81072340106845,1.80074492167402,1.80637949747641,1.806033703743,1.79602986672224,1.79584777500915,1.79610981012933,1.78594224916095,1.7857192711629,1.78676199097836,1.77759572787266,1.77714738271762,1.78297563563359,1.77295917559239,1.77401127761856,1.77504820865392,1.765470006934,1.77206165854943,1.7721382489735,1.76320228505008
"2488",2.18194442156471,2.19634321064222,2.21279728207248,2.22744078569886,2.24066859858486,2.2646795743629,2.273892175556,2.29887563473392,2.3141495982996,2.32900842474345,2.33876094633414,2.35283478759617,2.36136480010592,2.37619360572312,2.39116388478999,2.39960080736883,2.41508326798234,2.42297906597105,2.43324157597956,2.44344358773353,2.45884132376509,2.46862190261696,2.47834158374392,2.48810792351927,2.49881836183837,2.50752793068174,2.51784406836019,2.52849917890469,2.53729425491638,2.55323195895029,2.56308071943324,2.57426576093496,2.59532799530178,2.60524123401581,2.61589684283682,2.62509340764852,2.63603108715357
"2489",0.905229797988025,0.918190457147824,0.896636646072479,0.889580544194929,0.881479553367469,0.868561496640479,0.861922617439373,0.843006327741094,0.836570058273237,0.830011226064026,0.824185414333574,0.817166743561334,0.810847850545793,0.804487942531784,0.798061183327958,0.791203264862977,0.785413213415097,0.778526213957362,0.779503486162122,0.774041758713904,0.76802701854746,0.761817846327651,0.755720804588812,0.749196665857851,0.733613565798221,0.726272281105617,0.719804961795131,0.714172016040452,0.707398750996906,0.708663605922367,0.702922761046741,0.697973124685723,0.687142722796831,0.681000662347678,0.675539483533387,0.668694451754535,0.663357081232832
"2491",1.9472543720974,1.93189067730866,1.9180385934318,1.90291859854811,1.89693990622446,1.88143251584268,1.87647984436152,1.86153295163672,1.85678399083041,1.84180724182337,1.83717155390024,1.82171702145568,1.83703990213332,1.85201205872708,1.85033259807819,1.86501968607108,1.87042812275891,1.88476857370262,1.89054194185161,1.90628585430169,1.91176285210857,1.9273671787632,1.93290781261821,1.95521457311729,1.96148167833844,1.97087202635994,1.96466764664592,1.97522154477085,1.98052684239494,1.99073402544322,1.99080884396758,1.99506245847341,2.00588096739599,2.00612063347728,2.01671063640366,2.01661788576535,2.0273578947212
"2495",0.594726444545727,0.629131679885531,0.651164402045566,0.685920673102987,0.713399784211655,0.740409838563906,0.765421055924058,0.800323967499527,0.835662091517813,0.853644785317364,0.889058747886159,0.923121243844543,0.958510533053086,0.98323703898687,1.01817603253481,1.04649245215925,1.08187196670935,1.10524138316166,1.14129082410462,1.17720048220078,1.21255781647792,1.23819274944948,1.27370083611417,1.30944657721414,1.34610384524138,1.3649875995026,1.3948083070752,1.43139225254023,1.46603990123737,1.48189376265004,1.50749448926743,1.52791492431143,1.55480376216172,1.57066980527342,1.59719913714059,1.62245259770147,1.64349620305319
"2496",3.33640003252983,3.30838850748482,3.28580044834152,3.26775036250357,3.23252589296426,3.20463423266392,3.18241247711296,3.16467658819516,3.13675327145223,3.10781415300222,3.08019112748889,3.06234984778817,3.03450366390647,3.01258606868439,2.9848327343336,2.96710104226964,2.93960792114162,2.91775008192392,2.90022629920485,2.87287330119464,2.83880707686274,2.81695570217269,2.79941968209314,2.77164002351629,2.74751093129846,2.73557893483777,2.70113492864763,2.68379714608792,2.66665047994012,2.66138771652304,2.65026084470681,2.63898957042635,2.62779937539926,2.61217077294859,2.60084257935615,2.58269969532085,2.57125269846979
"2510",0.117581295231323,0.116608258510187,0.114449447125956,0.113754047033247,0.108030365411081,0.106842781031019,0.106191331623711,0.105427424921052,0.104971980680832,0.110016579851794,0.109512908910664,0.0983196771169701,0.107916320887847,0.107062683498585,0.106383974748284,0.110965146949335,0.110499043679178,0.108791444265848,0.108812309709912,0.10873356254125,0.114166100512688,0.11409027813429,0.113883351303819,0.113987772988761,0.114630588817008,0.11418838830606,0.114994399730703,0.109970475137552,0.109412488557658,0.109518583655441,0.119509661272985,0.120552472175302,0.114904305959848,0.115233420517153,0.115966161460108,0.115923378084051,0.111087877283597
"2513",0.124558361007418,0.123943792358602,0.123326975546288,0.132948144033036,0.132552880099337,0.132018841063558,0.131475351288885,0.125055495622383,0.124566210678132,0.124075009326559,0.12338904229798,0.122818769747421,0.132374638707952,0.131757692073614,0.131264686283008,0.130726815665932,0.130172474094161,0.12935870593047,0.129051414504134,0.128694974019055,0.138466068769724,0.138455997471304,0.138315548310942,0.132803567753925,0.133111789343527,0.133542815117366,0.134440553684158,0.13504989519208,0.135380417398302,0.14555622306671,0.145828184564386,0.146481747957954,0.147233834616879,0.147907321473726,0.148596876542342,0.149280326583527,0.150065781943243
"2542",0.403053204476518,0.42275055497129,0.443872117618202,0.463588251191628,0.477268959654122,0.497590835833439,0.51706128531528,0.536660996909505,0.55597947895843,0.568884998017244,0.578134618785719,0.598528753122694,0.617911410362322,0.637811989743355,0.657617981590694,0.67818011323506,0.697718097816,0.708717511861208,0.727911965321024,0.737290302530212,0.740660977119682,0.750538635498863,0.760439313866751,0.780441658966007,0.789831008951189,0.794600059536605,0.804715129734361,0.824652717550281,0.836489299871887,0.847032696694597,0.857936467291592,0.867646651323572,0.887676516387144,0.904458432247096,0.914735200688352,0.926451392623016,0.946447306430222
"2545",1.0985410585139,1.1434842767356,1.21135403437814,1.25623564426751,1.30692970984958,1.3622035209191,1.41297244380032,1.46517445411129,1.51020979117626,1.57119890030103,1.62342233604364,1.67445656871573,1.7196089055425,1.7875530957503,1.8328505951299,1.87826855696767,1.93954482925946,1.98516141981226,2.03636827834421,2.08196807883366,2.0733606584435,2.06546750939765,2.0567770699009,2.04219609104043,2.0244974765463,2.01587970053603,2.0081831951344,1.99991455680463,1.98589024955405,1.97787671076072,1.95405644660805,1.94024851629363,1.93230227437893,1.91842500969144,1.90459539473257,1.88068656982451,1.86682997590338
"2549",0.425944434692953,0.435499722000148,0.435973202342324,0.445591245367061,0.445799943294629,0.44888060585827,0.442562893477313,0.452095082961888,0.451443400452809,0.461119034263774,0.453550119067625,0.463653522760153,0.463064371570601,0.472831216240029,0.472546133036526,0.482794148969931,0.482339071031922,0.492865455868544,0.492206739562479,0.501689132903686,0.501621266904876,0.505733653237545,0.505606588501458,0.515610723679762,0.515253785435663,0.526241256602705,0.526503602284429,0.53663018128007,0.53789282206201,0.538340235423216,0.5390323263616,0.555683943647117,0.555990105036154,0.551024865524961,0.538992948119177,0.534469048997026,0.538917301539454
"2561",0.507688516947141,0.503377349116839,0.49611748418755,0.485837032695862,0.47736866534397,0.471502133755666,0.460952355751887,0.450837862630661,0.43994614918375,0.429952524155424,0.412346243085568,0.403567443515827,0.392776635586722,0.383166923505414,0.373235705702116,0.374769226545016,0.364455463235079,0.379479751560755,0.378284908865379,0.367502142101293,0.367685662407025,0.367426288313406,0.363959589907171,0.340591428263289,0.32201038245706,0.290740667865594,0.272829564302389,0.249196785185727,0.218604498424427,0.202070014809538,0.180183998491185,0.152037740918396,0.128534128618505,0.106401331088575,0.0790299256099352,0.0578118797259802,0.039943490001936
"2563",2.12031217449189,2.12045075985186,2.12984195111163,2.13963755913864,2.14173221658961,2.14318289582713,2.15840450167869,2.15264392463915,2.15168444240149,2.15605155528978,2.15528782800221,2.15682135924107,2.16022408461197,2.16077658078346,2.15518206467168,2.16705976704909,2.16677102061002,2.16423200703063,2.1728565117825,2.16621105201355,2.16647518451149,2.17041603528394,2.17034287345064,2.1699505664204,2.17253568159995,2.17477847904731,2.16147900934094,2.17065338401332,2.16813580819678,2.16909532147015,2.19063668784678,2.20358904757428,2.22285062879308,2.24828854021239,2.2680817348762,2.29065885429242,2.30399435443349
"2564",0.797263031846181,0.796766974837904,0.787879342941804,0.781278486975703,0.781491071155653,0.771879844144249,0.765359779435501,0.76526271223074,0.764289214998019,0.748285111304961,0.747917398200688,0.748457524405743,0.731876213087224,0.732123806243147,0.73200008249319,0.717136552961464,0.723797367401282,0.725678938683034,0.719101165221162,0.708763421906659,0.708877476353759,0.692619128581361,0.692405481835877,0.681555968526747,0.674575008695405,0.658486278887405,0.657074734285935,0.640557283121284,0.642275849372856,0.633207025170814,0.622756403183681,0.600500360367405,0.588554961561321,0.571681423054617,0.549912521638538,0.539398946014806,0.517151242144735
"2568",1.0128867715422,1.01661495804126,1.03676787315255,1.05051513720695,1.06044984007301,1.07454347035568,1.09392066125739,1.09768527693588,1.11701285807428,1.13661465983996,1.14023802600308,1.16010354670498,1.17375417964438,1.18343764776722,1.19731692555232,1.21732022517132,1.22691491260859,1.24136046839141,1.26082676999645,1.27466628521152,1.28455872886002,1.29862087559176,1.31845763926672,1.32835257790973,1.34233073726153,1.36954232693014,1.35394983005178,1.3541354963612,1.34916613859423,1.33959284814455,1.33437025114412,1.33460036892621,1.33500111410825,1.32563964432805,1.32028084816411,1.32113195031968,1.31146173082561
"2569",1.62718878951734,1.63060351173252,1.62801169757266,1.63569776630623,1.63893778463264,1.6367334770652,1.63448705046007,1.64819796666781,1.64601613153211,1.6439106861637,1.64773841728931,1.64554942471147,1.65345537894483,1.65720355497649,1.65516023149591,1.65307898320472,1.66704321791211,1.66499083336413,1.66984990519865,1.66824249969543,1.68227272576251,1.66046287154822,1.64868538165167,1.64256315947026,1.62107789210049,1.60906859852499,1.61472132116172,1.59824987101577,1.59824572014092,1.60445505540766,1.59480095725533,1.59530393389258,1.5958629553143,1.60188005963334,1.592279834984,1.59235947213765,1.59854243341053
"2570",1.2162542597176,1.22977087237189,1.23384131592543,1.23136710654141,1.2350065649414,1.23903851789554,1.25247423069946,1.25069849825424,1.25406833356399,1.25786100086108,1.2618085139328,1.27595084714102,1.27369741186395,1.27786131971195,1.29177246813899,1.30618199530992,1.3045956632076,1.31966617944658,1.33339589851459,1.34749017183812,1.35594585317891,1.37123488408235,1.39097986660325,1.4101762796591,1.43519555284451,1.45508169512673,1.46397429718411,1.48933754171103,1.51015243982901,1.53751518552444,1.5540288156862,1.57390200853789,1.5939399367453,1.6208124137834,1.64663505718816,1.65698898217286,1.67679121206376
"2573",1.67063015045196,1.69126146487199,1.69599406258274,1.7109797816859,1.72587121247891,1.74099261175416,1.75604127979047,1.76124264719025,1.77634327570497,1.79154539626135,1.80679994707174,1.81199964195062,1.82718986847963,1.84247339665955,1.86350965812002,1.86886635969333,1.88427519904623,1.89969347975744,1.91512368814366,1.93065461049541,1.9328675047256,1.93842982507644,1.93399157365283,1.93959165759895,1.93535096932017,1.94117939153762,1.93711139330601,1.94893375277988,1.94506881240755,1.95123370471727,1.94743211006523,1.94786351221287,1.94418224890589,1.95044422324731,1.94669408341304,1.95299195204208,1.94922342983998
"2576",1.87993299299268,1.88938524359448,1.88960166609731,1.88905930877232,1.89476406681066,1.8946542538148,1.89401888790348,1.89356313692534,1.87711061045377,1.87096841137737,1.87035801365763,1.85771105748944,1.85708893088985,1.85108714405458,1.85076213633597,1.84514346277425,1.8380692670567,1.83287417934556,1.83225099171681,1.82605482151292,1.82599108766308,1.81001797132672,1.80985654105874,1.80390442249938,1.80346813997537,1.79840605293822,1.79835450714891,1.79259351861636,1.79371821704935,1.78846039494309,1.78916282898995,1.78339351043192,1.7836227873441,1.77852740270473,1.7688410116991,1.7640976442327,1.76423107270643
"2578",0.519354008409933,0.53415376148946,0.538381826247066,0.549046763211364,0.563624261279485,0.568522964955252,0.583551409846717,0.595568535361555,0.600711240840106,0.615820800820944,0.62110620543194,0.626019124802712,0.641246368174388,0.652144164966152,0.657330624006523,0.67236893815468,0.677765153339855,0.682681339358273,0.698255208753787,0.703874572526916,0.70940565840089,0.724975023422108,0.730521303353213,0.751907600965588,0.757839189746767,0.763430263326949,0.779463938828036,0.785623709200253,0.781448324166037,0.777556479296519,0.780207637364659,0.766649719707091,0.763141477897939,0.759304180065062,0.755645728173508,0.751662790946375,0.748073061855002
"2582",2.58962173634936,2.5888283270695,2.5719538980805,2.57135407473717,2.56477157563774,2.55826350935878,2.55186038555006,2.54542644304486,2.53486996981734,2.52851921386445,2.51529710252376,2.50882780623884,2.5025669746142,2.48617271842367,2.48562322739261,2.47920189871902,2.47297026195609,2.46632448426991,2.45031431621016,2.44431024509806,2.44406448377312,2.43818116833784,2.43222250297199,2.42648065410832,2.41097527699867,2.40522123883227,2.40576830757951,2.40050411616999,2.3881785987015,2.37267753527003,2.35718999974454,2.3520574621217,2.34278118694938,2.32085201965341,2.31565599479872,2.30031726233578,2.2851652667007
"2584",1.17459976787646,1.17373746414162,1.17692708394711,1.17608122306317,1.17935776478979,1.17179548848092,1.17529782539186,1.18479073824414,1.17833332528005,1.17777001355835,1.18733233903642,1.18103100640525,1.18042636240257,1.18424074538573,1.18375817819013,1.17760650590101,1.1706332665427,1.17473092535676,1.16285298429385,1.15115132324374,1.14947490821829,1.13102373802729,1.11349817104893,1.10156017784186,1.09979975319745,1.0881364563512,1.06961477158227,1.06808639588407,1.05696026208029,1.04014913205008,1.02910202716801,1.0278029648811,1.01662298068536,1.00537197295294,0.994104467988146,0.992827880927475,0.981457383056534
"2587",0.827255908023688,0.816329223872788,0.804492361556002,0.793849867520724,0.759903077746154,0.748885161979001,0.738227113800023,0.727459402406232,0.701202461974829,0.690525225000984,0.679932907867743,0.66890121023302,0.642694202351575,0.631879077621851,0.62122842839018,0.603508486181475,0.577235657755263,0.565871572710483,0.555746171460019,0.545556080864488,0.519485598549112,0.509405791378222,0.499206507545925,0.489326351764232,0.464049780578529,0.453901716597129,0.444689259701604,0.445372805425628,0.429381233167443,0.419549904289969,0.419679195422296,0.404807875632059,0.395740387502243,0.396190927450593,0.386934750920765,0.371339615971339,0.362253757091762
"2589",2.37048299746639,2.36489848906258,2.36298228426692,2.34994725157519,2.34640650230004,2.34223256314336,2.3359139713039,2.33596866389572,2.32229980722077,2.31671023477263,2.31021396203958,2.30618559963431,2.29270201710458,2.28765783726299,2.28213935373908,2.27432180003028,2.24833700855288,2.22976427850997,2.21246248668542,2.19576626274509,2.1703447937797,2.14843883152927,2.13259477042878,2.11048301397584,2.08273001045405,2.06358074780901,2.046534126586,2.01722486194239,1.99506769594719,1.97462081617986,1.96057091058799,1.93745974980937,1.91071229139136,1.89036617492026,1.87421049299393,1.85534970723489,1.82839908618929
"2593",2.53238220350849,2.55556070195353,2.58756600875155,2.61087785240473,2.64342358988592,2.66645830000158,2.68992474287755,2.72347931129606,2.74712894827658,2.77061054481053,2.8044683232073,2.82752481922726,2.85125472585385,2.89152088953777,2.91505363602499,2.94810433622407,2.94201402689893,2.93471452358168,2.93560698681451,2.92990754332034,2.92380969935789,2.91781085818873,2.91177030688386,2.90576669864848,2.91050831613913,2.8980116939455,2.8924897612452,2.88727506545363,2.88068271896887,2.8693692219447,2.86360126153614,2.8588545991302,2.85404567432028,2.85253178651187,2.84738490066252,2.84106909017363,2.83612033082177
"2596",0.156416587052399,0.161495237631879,0.156969165786324,0.146389947792238,0.151812239837497,0.140337917850738,0.135442928586449,0.12492727058118,0.130006421592777,0.125323073509797,0.113581008086951,0.113422521593759,0.108576791866465,0.104005096009035,0.109393989632618,0.105157268692196,0.0947402692788428,0.0907244913534152,0.0959391169400911,0.0912891311766264,0.0811792678514844,0.0867726761952092,0.082375673637817,0.0780538549859864,0.0777776190259424,0.0742155920922357,0.070161491051918,0.0593802663506428,0.0662389649153801,0.0567135441329279,0.0531615720540549,0.0590334408941684,0.0484560414339625,0.0592237234545673,0.0653717997098745,0.0823285261995135,0.0983068489598978
"2598",2.68517034120422,2.71416818327316,2.7369289680137,2.75311313147213,2.77608237987813,2.79955725708327,2.82297926317368,2.84674537775398,2.87598973543868,2.89960250539517,2.92353003564022,2.9470875379787,2.97069033808385,2.99450530243799,3.02398247788527,3.04771914377742,3.07178604638543,3.09571905184866,3.12633548174085,3.15055804654517,3.15038108767974,3.14423682899285,3.13819474397946,3.13185471527722,3.12595362873774,3.11955486458365,3.12481735161043,3.12486560265712,3.13482370334179,3.14195143214729,3.14231321143211,3.14279050268339,3.14330773289214,3.14340735702061,3.14372995838039,3.14938843041847,3.14968354561278
"2600",1.85989006983812,1.84838277422213,1.84060631903048,1.84904434906353,1.86892634701827,1.8772248094156,1.89196692811428,1.91138632459341,1.92063904863196,1.94231591717773,1.95230581416613,1.96646955957289,1.99162513059953,2.00664612891352,2.034151910128,2.04845802550709,2.06421038250356,2.07839874081038,2.1101812356003,2.1263370442689,2.1417950006718,2.15705745861209,2.17821306685268,2.19313331952116,2.21914976941077,2.23886065107021,2.2538788317423,2.26982494892189,2.28443133545763,2.3064599109078,2.33230525062919,2.35558322682648,2.37216867857893,2.39334815671784,2.40949690143935,2.43416955085516,2.45045139975002
"2604",0.567317484143179,0.566189807691217,0.563738317862958,0.578547555893389,0.576767373590988,0.57547242315299,0.57470015714969,0.579714028958123,0.589145950555877,0.588363101585607,0.587938620609881,0.592443930396512,0.591952253884755,0.584338204457025,0.593647212457867,0.598291127929562,0.597920726284764,0.596465773613631,0.59645235256585,0.606433071132147,0.611884900844264,0.611681559037452,0.611428235936168,0.611268533496145,0.617466459395737,0.626822798962241,0.62717354488952,0.627718987986609,0.632991057433324,0.633246394031557,0.643354659530004,0.637647658571001,0.638506480627772,0.644522099088329,0.645138672387605,0.645020299840963,0.639120658789565
"2605",0.0722808550999735,0.101363550327719,0.120077148868568,0.143453983229215,0.162336282605432,0.191576056186605,0.210810081023614,0.24025556268953,0.253810350153172,0.283192781549154,0.31276177234783,0.332068810055537,0.361474570792662,0.380968970110221,0.404676742328275,0.424127944682917,0.453837361261991,0.47334527459266,0.503089535604629,0.517198108066516,0.54700519541852,0.576724134569949,0.596483436424183,0.626142852108165,0.646105473015845,0.670060631885643,0.689945117823664,0.720142908351142,0.740266955573158,0.770708706354152,0.775317380023379,0.79579281520836,0.806342848721586,0.826645035290016,0.837060472349522,0.857252939200537,0.867648833229021
"2607",1.05162063795578,1.0663436456565,1.08599326452629,1.09087442117557,1.10524957736889,1.12000047755221,1.1407581028219,1.14584896218336,1.1678759525098,1.18293041671809,1.20396984405075,1.20874175517832,1.22397576732784,1.24479347746543,1.25992851730238,1.26481011234943,1.28018834019025,1.30062717412969,1.31625657581098,1.32190596474454,1.33740200070372,1.3587411855895,1.36427651770043,1.3799172386942,1.38595375770855,1.39565025726917,1.39021463891714,1.39490442561883,1.39475417890619,1.39927184009507,1.39371729715107,1.39868622345909,1.39946903828992,1.40402307422672,1.3988377192584,1.40892173061957,1.403826532534
"2609",2.17125654321048,2.16029672040914,2.15424392618135,2.14349870280249,2.13221492481084,2.12118892823172,2.11623456387936,2.10550629917376,2.09494767482035,2.09001343091842,2.07947193542121,2.07165747273745,2.06115604570664,2.05618711008142,2.0387959361417,2.02798517068913,2.02330376797687,1.98835586427003,1.97661689962117,1.94826734901044,1.92649231630637,1.89817332320487,1.87643162263779,1.84904247622288,1.82768485670485,1.80941931609166,1.78817194229349,1.76700993212689,1.74558162966388,1.7185798688245,1.69076773531913,1.66977142470663,1.64886226532405,1.63772447052458,1.61669193944786,1.58303476196713,1.56197955301753
"2630",0.16796803067585,0.176845621273641,0.194234383202292,0.213428020763011,0.238600760172561,0.251377789487829,0.276396951651439,0.295518988288024,0.305039512287964,0.324200607243616,0.343675399050654,0.362201882038565,0.381776650414913,0.406515324262475,0.415721210016205,0.434238998632767,0.45372997757885,0.471573183967609,0.491680297021289,0.517417660635716,0.537009003500366,0.546917201310903,0.566674032702077,0.586781699908918,0.607597192713531,0.632675536173194,0.653592450306801,0.674474842373808,0.683630938574996,0.703712630133528,0.723625818745655,0.73488851166269,0.751863596125409,0.772137817177051,0.783012129905602,0.792734783220865,0.803901114502965
"2635",0.787901038899189,0.776938150437968,0.7648968187636,0.754295538460239,0.742975955710707,0.741784211727289,0.725373507473129,0.714495135129995,0.704036389742717,0.693294175757754,0.682634984352097,0.664594656477977,0.664167736767306,0.653230706061079,0.642522168849926,0.631332381063667,0.61403371976818,0.602340550687059,0.586484510550718,0.576270844494846,0.575911854726015,0.565886670679573,0.55569027398393,0.545952584984442,0.536620573539208,0.52650464051459,0.51759520709011,0.508450846082282,0.498126259637399,0.498218999925293,0.482496939355858,0.467793249725017,0.440661541044559,0.425409157305724,0.404701641288967,0.383360282252603,0.368641994090224
"2637",2.49273038668308,2.49194219971576,2.5009232281927,2.50033566342796,2.49958921881815,2.50888099270208,2.50132510879463,2.5106450911722,2.51005137690624,2.51947932897528,2.51882261580227,2.52817835659153,2.53764922346321,2.55702030124709,2.56648005588265,2.57590180425158,2.58539071148083,2.60462956023485,2.61430978615113,2.62399803102318,2.63375638086533,2.6478856926912,2.65769962704929,2.66777403803916,2.67797920208607,2.69244280164294,2.70306136832426,2.71357046551247,2.723860382188,2.73835965128303,2.74869659954458,2.75933576478064,2.77007347561026,2.79067541917423,2.79554812434373,2.81272701773619,2.82347688017227
"2639",0.182328060517503,0.206788080624421,0.219520085038957,0.239966231503889,0.26357277403103,0.277794980051886,0.308485159405992,0.323438583109898,0.344383618910651,0.369274773122865,0.384624305469489,0.421496761032548,0.436777854920748,0.451581114199865,0.482304663133875,0.4966134251603,0.521984927986766,0.548136582433337,0.564051403551326,0.595653542729338,0.611024916393194,0.636602751208997,0.664479800034357,0.680154736912419,0.706667116044832,0.747208795886503,0.773578557541572,0.805892827834444,0.830693720771553,0.85662524730155,0.888112513678864,0.915115169893373,0.942034440143716,0.973737832230673,1.00030722742967,1.03143260111245,1.0582693315022
"2640",0.928176484666811,0.905646976680778,0.897806278375147,0.881139856229378,0.851091125553817,0.84423516317567,0.821941566279897,0.805498735308719,0.799114919036096,0.776862459217515,0.760671684015714,0.748073645676023,0.741772350427422,0.725278269869046,0.713088546567062,0.706310800571739,0.68444003903203,0.677406729985063,0.671582315940809,0.650033242055635,0.637352284846345,0.625566315391543,0.609535000522373,0.603493869836038,0.592242308476678,0.557638482006911,0.546163227763486,0.535001396284999,0.513089588846723,0.501884822327783,0.483958884540868,0.463130601255658,0.452322364884974,0.440943638855286,0.419901916030019,0.401559522295567,0.39054270734814
"2652",0.408659507960173,0.407819322115013,0.416361191082652,0.41011427171408,0.419179594043855,0.418234089641179,0.427602347949107,0.426765282835524,0.426276435098409,0.435613030209847,0.428014435326861,0.437094513005179,0.436637920342733,0.440041380836063,0.439402711300663,0.431769734111812,0.441148100642444,0.439836255600632,0.449610974084241,0.449291138945336,0.452355087983268,0.45233587036538,0.452163247365653,0.462443997907496,0.457133902939982,0.467402760726232,0.46843854224735,0.479179545428142,0.47929715092163,0.479455178025111,0.483104934773897,0.483908159260766,0.494797651988926,0.495490385466898,0.506285009544171,0.506915269769325,0.502044382271968
"2659",1.80663953256211,1.82289612247819,1.83737477363622,1.84796463951579,1.86263935484155,1.86765414970593,1.88262426434114,1.89780393633612,1.90859467247883,1.92373336501352,1.92900420008949,1.94412482943885,1.95926301111046,1.97027836751359,1.9855136840722,1.9908083908949,2.00623866920645,2.02163167032284,2.03283264571773,2.04839570010878,2.05397286094568,2.0694722124442,2.08500640792416,2.09625669444051,2.11192169377063,2.11767138431124,2.12674588990744,2.14267849678709,2.15470391067463,2.17096460207538,2.17726264673755,2.18676138778628,2.18963136312864,2.19167260392478,2.19453517409778,2.19082794060718,2.19698772804821
"2661",0.893254425112808,0.898083337466807,0.890078620490131,0.894898349447179,0.894023209090376,0.893479583044366,0.908430985318673,0.907947636398505,0.912916350740555,0.912352853574847,0.917658376866608,0.917223548981038,0.93230772153152,0.931945079204573,0.931484044872868,0.937013705434616,0.936753038118807,0.942583333575264,0.942165175072946,0.937723613520886,0.927591355465221,0.923021726107534,0.912781815787073,0.902335785602919,0.897772196641122,0.891995539358131,0.875846503828105,0.860069483436256,0.844835580599673,0.829625340616808,0.814428567107929,0.792249215519407,0.776791892496961,0.761411335586565,0.74591339604495,0.730625174327964,0.714107150930596
"2663",0.387516600683245,0.377082246162666,0.3738744218306,0.363337798193313,0.369527396024875,0.359797078786168,0.349127529303903,0.344523490764346,0.340581082973937,0.346028054794855,0.335358730033735,0.325646282861704,0.314929980462876,0.304834854707997,0.304587691925718,0.295093375186522,0.284722466332975,0.275800406391506,0.265005390003672,0.271108527695172,0.261078391822809,0.250832065384543,0.240667535602553,0.230423490868929,0.229773722654312,0.220726338227089,0.210528223663301,0.200412643361026,0.191904357458351,0.1991309860811,0.189971223629951,0.17984819342141,0.164211458342158,0.15499728877481,0.161946539395905,0.153167270775721,0.14323943361576
"2672",0.282640974648161,0.288161958600215,0.290245950722093,0.289894188218879,0.284077170036039,0.284839731057577,0.284231921681131,0.283966338261102,0.28308858944371,0.276090851561977,0.281054924520691,0.2819456521183,0.281162293961136,0.28133419755896,0.271269724949775,0.262425354875531,0.252025822707375,0.254079725997971,0.242968188875329,0.23220926836407,0.222307928617425,0.212068446780802,0.211955609830591,0.201728333258739,0.190612750049719,0.175738174257753,0.16533984767657,0.159146136400475,0.15165382135364,0.142437678625329,0.127113202566573,0.116348071095029,0.116019329205911,0.107164274209163,0.0972286779466244,0.0894215212165053,0.0731984211694207
"2674",2.96167147626913,2.97700269892695,2.98809520751331,3.01044216509851,3.02091238578175,3.03686040147187,3.03622939085212,3.04578664374169,3.06766029622551,3.07733363811707,3.08658484491021,3.10252517167658,3.1118547533421,3.12740559377203,3.12711868108899,3.13747849217031,3.15277207734371,3.1635282728552,3.17276587699054,3.18795696614796,3.19789520003511,3.21349177169871,3.21334829051714,3.22328905134024,3.23854874188636,3.24967534706939,3.25981946587228,3.27563654226651,3.28714338024036,3.28346228210153,3.26429166237186,3.25421973303799,3.25020516105135,3.24113366306664,3.23151237863259,3.21877587191137,3.2089223956773
"2685",0.879909698712452,0.87488866263496,0.864149129087991,0.843592329237449,0.833029598527202,0.838186969726178,0.82751943284552,0.816824972817759,0.821962370583361,0.811398460207694,0.80068934464479,0.79329508960462,0.782733739861617,0.782141464651403,0.777386500349013,0.766942702502185,0.759704042461515,0.749254204372042,0.738814673863462,0.738415443065127,0.728201933232835,0.718092958852565,0.723682332313781,0.713766983828263,0.703827628938824,0.704332461043432,0.694923904368841,0.688657068704561,0.679347611483582,0.669699935789441,0.675977580729019,0.65980056331232,0.650366355238125,0.651134135967605,0.641719099354092,0.632689335093887,0.633222251991959
"2690",2.44313932854609,2.42195551407916,2.39826638195347,2.38296456681815,2.3569773161374,2.3415387080451,2.32069459526945,2.29575629419348,2.28083372148815,2.27267954256934,2.25801735546683,2.23367103404238,2.21886625152822,2.20383549706952,2.18888053198662,2.15776661048592,2.14318702512637,2.12758600783637,2.10331084636394,2.08906895134402,2.07537439316226,2.0508795965373,2.03636272581205,2.02187112977404,1.99802183950657,1.98966253188222,1.9756876455129,1.95199723659686,1.93717342816319,1.91324821717634,1.91149964149804,1.89828953357912,1.87504163281707,1.86099198797526,1.8374490906955,1.82294073166606,1.8153533299082
"2692",2.0813647644485,2.09606232738742,2.12129197705857,2.13615460023478,2.16045876220236,2.13937715633597,2.13434663219381,2.13624481215694,2.12562384558748,2.1206246589565,2.11697637598932,2.11158611048486,2.10681076874957,2.10278263998851,2.08782312754911,2.07667877511716,2.06623536786327,2.05470516278812,2.04465143067426,2.03457335697312,2.02999723006722,2.01981547886925,2.00956041236367,1.98947954265456,1.98663953137707,1.98182523043261,1.97237716281131,1.96303427444257,1.95250919921347,1.94273615166577,1.93861236322401,1.92963418537681,1.91064113338836,1.89429496333452,1.88501695890811,1.87495968091375,1.87162650726059
"2696",0.68009105722006,0.675037988081588,0.670181026918116,0.665203700762995,0.654619208578965,0.64989045139532,0.644908720454166,0.640085116601121,0.635116145798196,0.620333042177341,0.608601897972983,0.598257551896209,0.593372316104886,0.588709147467067,0.578258313254784,0.567130461571661,0.562484546918994,0.558351333214317,0.547820778578501,0.543210875318487,0.532214442109024,0.521985259925043,0.517556906779496,0.513133939892611,0.508577730588052,0.492496875753695,0.478259856415292,0.474105718659911,0.458527319726239,0.45486269634466,0.451384524219157,0.440596607352243,0.430836614848567,0.427370326581136,0.416829474298303,0.408056318760569,0.403925870223096
"2699",0.534011262522243,0.533198868092016,0.532020119089578,0.541501719356527,0.540726949500776,0.549909377422181,0.555009110658955,0.564201745441115,0.563656972375161,0.573021171849165,0.572268531648733,0.577190731760493,0.586695167092191,0.585896446170274,0.595275740333232,0.594453712685931,0.603824321982015,0.608359879736981,0.638094428963714,0.664384310874004,0.684055777949889,0.714032130834079,0.739613651406276,0.76990155232748,0.797095036218969,0.817254291290659,0.848377015407048,0.869197729751612,0.899164022392843,0.919297364296894,0.949466879729094,0.970439580459109,0.991466758221561,1.02212437782587,1.04300654960416,1.08009707920538,1.10698226549472
"2702",0.785477627333863,0.764308796337244,0.744623227277714,0.739511850953992,0.727767200620204,0.712147335857765,0.70137584044688,0.69051424120171,0.67572072921459,0.664893270246052,0.654335094008689,0.648741255435691,0.6282570667487,0.623051442159604,0.612280230901207,0.600948241234768,0.586201003365729,0.574318729621957,0.570093156376958,0.560010937209594,0.539623004916261,0.535262567612378,0.525013371182384,0.515067404824571,0.504810786637911,0.494327166729522,0.48085675982629,0.471609726943483,0.454466874877234,0.450443275619027,0.440545342755313,0.430739401988321,0.411732703639524,0.396356276865778,0.380462445428853,0.364804603980344,0.355700563495532
"2703",0.485495601908382,0.485919496027783,0.472913581712043,0.477755097855872,0.472249021811127,0.472850582622004,0.467806453652438,0.466027339617853,0.466830667372457,0.461925261861842,0.467156260605478,0.455351795190384,0.456245649608218,0.451446703079444,0.446652700824267,0.431878915254318,0.433027249947982,0.428294395279921,0.423729949222444,0.40927317422523,0.41058921810176,0.399483195690813,0.395018902072249,0.383913993070699,0.369541866295802,0.365432261393938,0.360328172886048,0.356261503742803,0.342648228091473,0.338923633957033,0.335271905815502,0.324739607166392,0.323378316707844,0.319718685282947,0.315935348879142,0.312422759988815,0.308538477165746
"2710",0.720199729021814,0.719315273321318,0.723772074925388,0.723096157216072,0.722159058804892,0.711332419827466,0.723261182190051,0.72250410769872,0.721897622030107,0.71122781517361,0.710574832797692,0.715464945466794,0.714925116603776,0.704176922540711,0.703551202093043,0.69850233667781,0.697972296558838,0.686874396171269,0.683247453907671,0.688768846466756,0.678459792203348,0.678345312941517,0.673896088069842,0.673977598598844,0.670124207539021,0.660109020727096,0.666608248226032,0.657240931647205,0.657237287860583,0.653258880689817,0.653505741915572,0.650122668239184,0.641019952096224,0.647354791039419,0.638107216540808,0.644292072119012,0.635153913203015
"2719",1.60966243873318,1.60863634573209,1.59083189588809,1.59012715573347,1.58297940018841,1.57601696764249,1.57529017731994,1.56865778835454,1.55237126957235,1.55159095004041,1.53518493945899,1.52395090881233,1.5177148177853,1.50099514489785,1.49701724532759,1.48993798142112,1.47359011859761,1.46010909819057,1.44432540875471,1.42265783227879,1.41648775521065,1.4006456680908,1.37887733430816,1.37327583876778,1.35249333150237,1.33626334181373,1.33148267824143,1.31082239581068,1.3043995534852,1.28872959619374,1.26715766012382,1.26261353714301,1.2422581265495,1.22685053803069,1.22198260089582,1.20028612790776,1.18568145074838
"2720",0.949962342412328,0.94871950696519,0.954758719048232,0.970733783050584,0.968760548053288,0.97736865095679,0.986507087990026,0.98573375092781,1.00772851759477,1.00685690887824,1.02218614161521,1.03656288443094,1.03601519829379,1.05088443146465,1.06587019439548,1.06457034027993,1.07995783295042,1.07828223668425,1.09407570519061,1.1098640125794,1.10950543014829,1.12502092888112,1.14049664057611,1.14027142323154,1.15651557536576,1.16144991687079,1.17842483566547,1.19480985513227,1.19407543243646,1.21012109772019,1.22596985745292,1.22703635511386,1.24383847655123,1.24978695762025,1.25049855101938,1.25594962378877,1.25262811684635
"2725",1.18102223388124,1.18570479156515,1.19360807612851,1.18584382480068,1.18874132036626,1.18183236836902,1.18534152587957,1.17185995209835,1.17553700594191,1.16327681611143,1.166881467539,1.16000052511798,1.16373503526193,1.1570861897565,1.1606115058182,1.15372763004134,1.15165366665526,1.14428086284217,1.14179804614398,1.13584859425736,1.13973540189232,1.13385151259194,1.13785306742847,1.12639029797051,1.13114302751407,1.12509213468213,1.13007790270985,1.12501894741623,1.12891582154266,1.11673695954141,1.11534314086287,1.11052682212124,1.11573644031703,1.11039900040696,1.11539930913355,1.11974847047618,1.13490139201843
"2726",1.37626753394267,1.39507929982484,1.4168850469236,1.43588511553435,1.44831201966355,1.47008957593967,1.48349813471437,1.50273367878998,1.52633105754189,1.5455146645019,1.552416245502,1.58125211318967,1.59492276551219,1.61412362338183,1.63765045391231,1.64986084977553,1.66371752301084,1.69246337822994,1.70659374234464,1.72653401270553,1.75045897571163,1.77020221363078,1.78416078058456,1.81391563672353,1.82845368863952,1.84784641843989,1.87227318975653,1.89273986017739,1.90659109213469,1.93693495977288,1.88136381566563,1.83560088674372,1.79064959214878,1.7409108321928,1.69573218077251,1.63988501442736,1.5889989834918
"2728",0.761090665632731,0.760074715458586,0.758122073274652,0.7474013022157,0.746059852489728,0.744914571932082,0.734179155503218,0.727574081520531,0.727014762708308,0.716254090411876,0.715603341981356,0.714454264014794,0.703953727780493,0.703044263081057,0.69232340120646,0.691185347674419,0.690618355634356,0.678982374887192,0.678875589960486,0.688686236897959,0.688320232800593,0.698226969313663,0.702233271975691,0.702367012653055,0.712951976635847,0.722712243092378,0.723601699944745,0.734380835463101,0.749830395298306,0.750001263853847,0.760119271611799,0.771169195107701,0.772233460451634,0.782717910673851,0.793567683627504,0.793734344514765,0.804774131355737
"2730",1.81015142147352,1.79898737355329,1.7964949923467,1.82133689965943,1.83957801904594,1.85822222261667,1.88317553546361,1.90232830930791,1.92174507615486,1.94666609775496,1.95611769077247,1.97479526850732,1.99428203422178,2.01334225921554,2.03257305987043,2.05127878795747,2.07079061640434,2.08900098156854,2.10899043763863,2.12891856717157,2.14853764502605,2.16837757389555,2.18811605478206,2.20809818485796,2.22869862204758,2.24810525369292,2.2687724395074,2.28950299313123,2.30891252980563,2.32911390108863,2.34917965422564,2.37028615886184,2.39136910332292,2.41168455975117,2.43249023560554,2.45235958748249,2.47336955382402
"2731",1.49363583743793,1.47795083089159,1.46465886547893,1.43192659331054,1.39795663002129,1.36477805270619,1.33233385595688,1.29315605231519,1.26097385680558,1.22851319358731,1.20245318743308,1.16255594988113,1.13045930383102,1.10805235166815,1.07571401069181,1.04274805256112,1.00426440653283,0.971055480621466,0.939630195045134,0.908271795260926,0.87638429237877,0.844485908788993,0.812612621852452,0.780573384358078,0.75946568219581,0.726542405267126,0.694842510548937,0.667029095960362,0.644515371290484,0.633342078658196,0.611854738304715,0.591317312361203,0.564044916154965,0.552382832784567,0.531357883525289,0.509045433132743,0.481496196637714
"2732",0.1991525992285,0.219457956771969,0.233487103391189,0.253722000172859,0.273654623115844,0.294278337041667,0.314844573600842,0.335857198010872,0.356500195209888,0.377312450618345,0.398502308853007,0.419330099596669,0.446936414057818,0.462252242582123,0.48321083160559,0.504241160507161,0.525602449155234,0.566954280672563,0.598186859311308,0.629660459622672,0.671022369696669,0.702111455618203,0.733346071134407,0.780852631092148,0.806342091361704,0.837373774724,0.878291288866204,0.904031646833231,0.930015248703571,0.960633386181642,0.980380611310192,1.01643355946112,1.04259196269065,1.06283154864255,1.09888125436783,1.1314847054971,1.15743935725902
"2735",1.92089902551347,1.93996946455442,1.94902981437285,1.96805743553829,1.98709438306642,2.00649095194163,2.02564469952495,2.02937036599187,2.04854977229862,2.06793973442513,2.08747143773178,2.10696891990319,2.11626444480317,2.13009620708081,2.14959437054863,2.16928496497997,2.18901194536977,2.20897913233879,2.21856987814601,2.23837692820947,2.25245411541167,2.27209355058416,2.29183214242539,2.30134973073833,2.32104453711918,2.34092999424756,2.35475701830184,2.37477221655191,2.38524279979634,2.38583172724397,2.36984965046782,2.36007271515561,2.36044043530847,2.34505876036982,2.33537380567328,2.31923988157481,2.30778904485317
"2737",0.0272424563350121,0.031647045661763,0.0346932586442922,0.0334180871971238,0.0370269332169339,0.0356697459213566,0.0404746848797864,0.0398082660634887,0.0516936251954324,0.0508168554911477,0.0562703650195506,0.0549808579393679,0.0601088484763001,0.0593586773951044,0.0643786231081042,0.063239882714072,0.0687749167026505,0.0675183697157612,0.0632746325416338,0.0700095075092375,0.0754565499363675,0.0708405009489647,0.064745025890084,0.064217597850077,0.0544676166578453,0.0475731835660164,0.0473291170583064,0.047657543767632,0.0311942832374928,0.0316225930327476,0.0318018972857164,0.0226732819790202,0.0177310695304223,0.0177237672104179,0.0182409334169305,0.00194064553114317,0.00255038424336471
"2743",0.375120371711379,0.384296715720301,0.393686745897591,0.387139551322897,0.413425284703461,0.432874637669122,0.452084507316434,0.471504436280705,0.49073647364501,0.511264664621972,0.536447936648861,0.565909012434562,0.591007847299981,0.61050846311601,0.635747816171701,0.65536479926892,0.680740486174264,0.700478473096213,0.725830354714261,0.745556304437401,0.771983201574201,0.797491233279015,0.81725561880248,0.842784192442621,0.862693844079972,0.888532414806164,0.908595049565682,0.934607461022566,0.955050241988836,0.98129867591757,1.0018078853032,1.02224171345616,1.04858247637993,1.06910586031922,1.09538463091612,1.11595286997015,1.14217185713918
"2744",1.20638365905483,1.19972012455033,1.18285482313839,1.18196089512242,1.16249611270644,1.1503215437275,1.13799714639833,1.12589597055358,1.11361947421189,1.09460216390341,1.08257099621443,1.0647204093672,1.04570899451485,1.02372938676018,1.00491887991265,0.993079082448697,0.981235617261328,0.969597220744826,0.957652583178228,0.945908132747379,0.934205261946554,0.922341149128979,0.910552226101112,0.898593516116846,0.870143939002937,0.858529616909003,0.846650644975883,0.835151193640916,0.824045253498207,0.813058798978021,0.802064287473638,0.790823980424835,0.779714373436571,0.76852123088822,0.757323125920468,0.739494832512287,0.738134806887881
"2746",1.38741749736967,1.38041320365476,1.36067147643727,1.35380931391441,1.35183314250403,1.3447262207768,1.34383160582343,1.32733346518211,1.32664119440054,1.3200292881382,1.31962667297982,1.30258300053153,1.30198954269864,1.28862208472157,1.28788913149837,1.28100140970339,1.27068129433802,1.26357296302458,1.26353127187112,1.25779094009324,1.25746909748552,1.24138796737927,1.24108295652842,1.23494062065394,1.22523836293325,1.2085947602123,1.19860062871235,1.18324357277233,1.17931586949746,1.16389797906712,1.15405113788994,1.13259124501533,1.11768769590099,1.10202627428294,1.08683375328332,1.07071119437172,1.05561992301972
"2759",0.384021029085233,0.370433732345979,0.35853736364928,0.347893792812381,0.337435629431014,0.316975820235805,0.306246452441675,0.288731169270328,0.290641859919308,0.270092815938642,0.265144063871695,0.254729350228702,0.249850239884806,0.24612372574155,0.231370590095168,0.221010307110793,0.216266903954718,0.205918471055168,0.191218114744854,0.180832465215767,0.176385121317805,0.166217755163815,0.146017408328106,0.141757136524293,0.131720494168038,0.127931993343747,0.108339937616325,0.10446924302881,0.0951326956732882,0.091319874917197,0.0784224521634532,0.0746971937472352,0.0653399548433962,0.0618206146237173,0.0424375898747402,0.049036970869458,0.0396178919480242
"2766",1.08807861905504,1.08995898958231,1.09848107824782,1.10782131265297,1.11253954502959,1.12159996001533,1.13087251589669,1.14004954171619,1.14520389478275,1.15450336587518,1.16378577610304,1.17285163221488,1.17807066918986,1.18724468521455,1.19658109494853,1.19567759085925,1.21084531727206,1.199565778898,1.18932474576096,1.18903344437779,1.18532209182299,1.18100391120617,1.17078872758193,1.16096042390456,1.14567407215775,1.14569062468743,1.13660387555798,1.12157035412548,1.11150342091417,1.09592711458335,1.08613682366458,1.07046765512138,1.06565505268481,1.05626512360581,1.04708667655176,1.03174393108648,1.02269227542526
"2767",0.264801839650523,0.257919408253942,0.259924621933047,0.253218866940395,0.261528408499692,0.254525348452351,0.257928984569184,0.251382525475009,0.260725512573655,0.25414815005528,0.257877090237546,0.260900029087983,0.270327839434708,0.27371324151035,0.277209575237309,0.276047362273913,0.279856457907703,0.287533671927372,0.303201832732605,0.313120794451127,0.328550525279191,0.344080783874869,0.342949741102762,0.358528348708366,0.374601806153622,0.384135422070997,0.40021535907776,0.416488933302567,0.422022202837641,0.444746190132735,0.460744435404975,0.477416754591799,0.488327676496952,0.5044440661276,0.527577341560009,0.533335336352613,0.54995604562501
"2769",0.210097752156676,0.219150078567155,0.223481973084335,0.238473500787418,0.25318014469657,0.262304509592403,0.284188086653455,0.289167737458515,0.304275631393367,0.313573164462068,0.328668453754969,0.343533880459038,0.348718305523883,0.363716382045863,0.373072284964774,0.388015157769174,0.403246908786981,0.414526381968536,0.424291360354764,0.439807401321764,0.455256027884429,0.470882525684581,0.480655203187533,0.47646732544751,0.482575188355204,0.488331401545261,0.488111255570774,0.478685358920725,0.484589325100636,0.490664655991468,0.496768491108103,0.497537618193202,0.494169242719416,0.500545290936432,0.507059432841782,0.50756436505061,0.514150977251676
"2773",1.52634917250582,1.54087534196898,1.5541654279118,1.56317764485424,1.57713282792988,1.591565447902,1.61071675543629,1.62565783377801,1.6407629962811,1.64992547407295,1.66515606563035,1.67965944224307,1.68909331880371,1.7139731531551,1.72322101326962,1.73779939702059,1.75311544082017,1.76157279046405,1.77727038921619,1.79295706302925,1.80260181355122,1.8281522726236,1.84364379495739,1.85351643331112,1.86972447923069,1.8849408673494,1.8953949467206,1.9117729803873,1.93713578925155,1.94742221099248,1.97337455105086,2.00096833151415,2.01776396230661,2.03808016815245,2.05461818482097,2.07453951364933,2.08545400894836
"2785",0.513486463478538,0.522514526007926,0.520754595993486,0.525867929283253,0.534716044423623,0.539381775529232,0.538664340718066,0.553512324251297,0.552959770611487,0.567967146732442,0.567204676140232,0.566111445816828,0.574544349340199,0.573629243516112,0.57868635499804,0.587655642216907,0.592759794063465,0.591224925669129,0.591017580221363,0.596473870180893,0.596106130135111,0.60183058167869,0.601624467804025,0.607668683798365,0.598236699483054,0.598349760112997,0.599467221093917,0.6060795043197,0.606024827127607,0.606181617504354,0.612151222485655,0.613166230835327,0.614237768657368,0.614912550460177,0.621612925058183,0.622103327264876,0.613191713153596
"2802",0.580163865227937,0.58387322112858,0.594301134141469,0.603818997631528,0.61397163049863,0.618131278380292,0.627442045504192,0.636844269256743,0.640329069608247,0.639889035572254,0.639064739999713,0.638997418710377,0.642559334849546,0.64216346996509,0.641760538974797,0.636055123698204,0.639733803169614,0.634214006561241,0.627762409955932,0.637210119186347,0.631294193105002,0.625375185458976,0.619436638984596,0.623682407728824,0.623411698994395,0.618552797831116,0.613157506652907,0.617625379899899,0.613007845279164,0.613488515453499,0.608419687038865,0.612861876500251,0.607539332150128,0.602647292014876,0.597412548305478,0.602042832812129,0.596616474671125
"2803",1.74001896276497,1.74362170698221,1.74807922382404,1.75164326806159,1.75575427355035,1.75984124807912,1.76331504092257,1.76704144540021,1.77044674177017,1.77996763335205,1.78928728545103,1.79918603074554,1.80269205406154,1.8123750580062,1.82197195740749,1.83205423174893,1.84587583346712,1.85632355907704,1.86566563899757,1.86946107920274,1.87934154125277,1.88906559884517,1.89885442357018,1.90282123436018,1.91905335852005,1.92960623682995,1.93953199794838,1.94381874992687,1.95484636811997,1.96542961142064,1.97617089830464,1.98053213612901,1.99089000287083,2.00159628767561,2.00200830342138,1.99722846120306,1.99745240937067
"2809",1.15074641406365,1.13302991805626,1.11811558332299,1.10181174181447,1.09211276169724,1.08646987765383,1.06998858851141,1.05375052977906,1.04289615087777,1.02675350576065,1.01023581548806,1.00463241025261,0.993879248984893,0.977895920807666,0.961806215989385,0.946379359739012,0.935923790389102,0.930954666915818,0.907782211241043,0.897213041641601,0.881381437156048,0.865362689265051,0.849414258745493,0.842563604554994,0.826113117421952,0.811406908159675,0.795481732182835,0.795387291607224,0.781216122397143,0.766101578865569,0.761264684915909,0.739557067228958,0.723930740871028,0.7032565205716,0.692019860501425,0.677658174828257,0.656117843524608
"2810",1.13604434946881,1.15095326340044,1.16346414019927,1.17830087258768,1.18346067061341,1.19309427487909,1.20800031700225,1.2132498417951,1.22812536094764,1.23333387610168,1.24851396510717,1.24827370679654,1.2700932089661,1.27549750506674,1.29080081461341,1.29648090778676,1.31190693294598,1.31878991383026,1.33402128412356,1.33947394260337,1.34509141096913,1.35052221038521,1.35604258853225,1.35564786647568,1.37101505039805,1.37703799537446,1.38253380768497,1.38254378001833,1.38915595374376,1.39555245886832,1.40626589359461,1.41221437215022,1.41835033653665,1.42471774368464,1.42508787779055,1.43168553808565,1.44765235253536
"2821",0.0195909193313289,0.0189865329465394,0.0292025037414739,0.0287263710116445,0.0287696765848064,0.028574363468549,0.0378841971294339,0.0372318219060227,0.0364950110198964,0.0460197200605851,0.0451694223840701,0.0549922704951636,0.0543303316069634,0.0538559544394683,0.0634129759027012,0.0575775919918822,0.0669778849152922,0.0669958772693187,0.0763477115753587,0.0757929369878839,0.0856094180742108,0.0854871166803761,0.0853160953963648,0.0954119606480202,0.0952509521607754,0.100398620887119,0.100954625278445,0.118003461402085,0.119014069736483,0.119427496661776,0.130062112671321,0.130427873969989,0.141006453885984,0.136142879753892,0.146786923961916,0.147999898560845,0.158552061441641
"2825",2.71414465548356,2.72398807181288,2.73113525994721,2.74066507497833,2.73642944174839,2.74749521150716,2.75102646767074,2.76086016498165,2.76403230546063,2.78394411938257,2.78738652332056,2.79856020380827,2.80186433666365,2.80644596800211,2.80491733645803,2.81065755443135,2.80210331265442,2.80918007410245,2.80631668453078,2.80973225721666,2.8083727705783,2.8122208226047,2.81054015427091,2.81424911332022,2.81115833807843,2.827239573595,2.81807255033994,2.82153902535959,2.82869702546524,2.82816322942963,2.83390347661551,2.8313142111147,2.83500044533887,2.83456261169995,2.83868835650968,2.84600426180086,2.84952180393282
"2830",1.69081513568349,1.71413725436112,1.73702414595634,1.76629971268493,1.78953647010298,1.81863145759817,1.83210156736803,1.84129144986649,1.85487380435085,1.85840241698382,1.87768845143166,1.89103475785703,1.89362104478018,1.90709596386401,1.91644725798814,1.92989902819914,1.94933524568124,1.95252987272374,1.97222559005513,1.97616287540926,1.99585082804428,2.01570075581636,2.01970345510975,2.03310358285026,2.04333175989996,2.05768339888956,2.0782876428156,2.08883653623956,2.1032789584687,2.11361030751032,2.13398306070204,2.14895014105753,2.15979626071172,2.17463690823622,2.18537419114385,2.19930465050657,2.21426094943566
"2834",1.75761766732054,1.74083965029697,1.73332794476587,1.71676216311135,1.69849487667236,1.68172835703935,1.66516314948033,1.64859894400009,1.63216787586556,1.6214084703726,1.6049950621122,1.59399535063159,1.58339616848254,1.56681863967016,1.55612210119889,1.53847600460611,1.52218940838464,1.5110588262134,1.50080616019439,1.48480571077248,1.47448434174554,1.45767380962778,1.44166099845804,1.43160270430069,1.41607668151995,1.40600135526196,1.38982056485645,1.37453665768155,1.36469131716459,1.35505752338517,1.33965400224211,1.33038488585574,1.32120483816814,1.30597479757904,1.29666894171139,1.28710573488112,1.27204958636441
"2842",0.108131364619249,0.117210052123629,0.116037513960029,0.125318038993632,0.12442552681153,0.133621541424778,0.142842025170131,0.142061445280146,0.151369646858476,0.15068500366436,0.159956110564602,0.159179497832607,0.168563258431513,0.177826276254639,0.171435427706974,0.18072223479359,0.180157165748397,0.189240665031358,0.198894446462102,0.198568590502324,0.208270148087195,0.214741055016364,0.22451015725003,0.224553990653124,0.224824051266915,0.224928765075793,0.225588009830544,0.226172683043829,0.226355287373019,0.220891935499267,0.221246320098707,0.222033672917869,0.222914058562937,0.22354396127176,0.217643810154155,0.21245039476441,0.213232965756118
"2849",1.17738074011614,1.17618138241395,1.16957674836191,1.17435114345808,1.1626508603966,1.15710835857538,1.1462422092957,1.14114156123883,1.13622180020658,1.12537241556705,1.12053055004865,1.1092977770422,1.10446345342998,1.09355400040143,1.08854652263481,1.07737449693066,1.06687190404192,1.05531991242422,1.05097114883318,1.04084099352968,1.03046820031064,1.02026355053361,1.01575200968384,1.00567147760147,0.996122738293517,0.985662165285528,0.976208595503043,0.982628884154248,0.972275816397008,0.962566937668378,0.952764756611351,0.949550754002985,0.940572949168881,0.930975190396502,0.921765313261886,0.917611217678024,0.908535408406018
"2852",0.183144719078904,0.171935996700693,0.17504396382905,0.174200906805822,0.16242408702473,0.166709711066885,0.165892980805563,0.170664341725571,0.16009029277263,0.159192751741962,0.164263127435088,0.162811363207632,0.168053475063723,0.173747082596834,0.172882772249161,0.177110742412243,0.176477768182115,0.179997677378422,0.180009213649999,0.179878060793666,0.179413848036822,0.185089780137297,0.184826574527683,0.18501441732166,0.191617368095564,0.191113171389926,0.202223534880113,0.208976659279002,0.201660974993522,0.201791096535187,0.20182159648665,0.208893719348193,0.210163752306289,0.203991126218893,0.210742769298195,0.210816435650753,0.212020162786824
"2854",0.31368277291001,0.328306199708052,0.351848382040996,0.36111245372209,0.375400281093377,0.394118129512971,0.403338746340084,0.411250619483356,0.430664860350605,0.445603171001155,0.454848476988356,0.473626370027113,0.488853908018201,0.497843364299366,0.52282630704575,0.531599301930284,0.550936333426965,0.564895131547085,0.574753878866016,0.600265004112107,0.609852591893156,0.625550329835814,0.645315911627056,0.655553952298019,0.678667573033193,0.698503689384962,0.715433967879088,0.726363648233955,0.746009762728295,0.761925163119112,0.772029474159836,0.799005791349348,0.810217913227354,0.820814135875972,0.84758914951464,0.86446532512772,0.881507257889319
"2855",1.23972101431241,1.23578585061684,1.23273595117093,1.23618823459711,1.23924776620787,1.23674726412405,1.24328247027199,1.2467286211613,1.24452255332094,1.24802376898742,1.25159113292295,1.24914284310064,1.25594533677876,1.25942366789697,1.25723819242644,1.26065404084502,1.25860481782945,1.2552060267923,1.26912972445971,1.26733807213213,1.27127101067514,1.27529993995611,1.27351624983971,1.27765961716435,1.29209743595702,1.29047048860594,1.29512317650449,1.29984706324322,1.29174697706331,1.29635647505065,1.3109675391496,1.31013014749422,1.30516529110235,1.28990817198085,1.27902716268039,1.27362487525405,1.26854940203472
"2856",1.17463237246925,1.15789040948822,1.14098757468119,1.12423871932599,1.11738467404912,1.09398846877518,1.07158395945075,1.05522498209452,1.0486151325959,1.03218208664711,1.00901758606354,0.99270795230638,0.980444104222963,0.964204629130107,0.94789278438578,0.931746699897616,0.925656555976986,0.909739349865723,0.887778500431454,0.871801133550517,0.865838491561006,0.843074109827883,0.82702818116422,0.820770713429811,0.798925671387982,0.783043449199428,0.760212904852419,0.754439919461105,0.729226904699867,0.704088555066404,0.673181987666233,0.641059260657418,0.621448602948882,0.607674081498876,0.588019213884578,0.56857089948453,0.548734501446755
"2857",2.06772627463737,2.08238269741955,2.08691274595946,2.10150894228326,2.11030690517357,2.1153462557499,2.13015011553265,2.14535949518184,2.15444673170031,2.15951994137515,2.17481109864532,2.19001217928685,2.1960529182634,2.21135387512862,2.22655420176709,2.2419275317226,2.24836168373868,2.26394415825404,2.27932479232893,2.2849358899858,2.29474012379483,2.31671303114331,2.33217695425221,2.32161969116969,2.32713471680862,2.33257239375534,2.33456504122917,2.33464749564637,2.33643460599243,2.34859549223679,2.36070915086823,2.36931393909308,2.38143993395419,2.39333166406352,2.39532856560445,2.40715985692349,2.41907240665785
"2861",2.25916958461812,2.26803857660423,2.27579514873847,2.27499899047181,2.28921317384172,2.28791640220672,2.29711159646106,2.29616568162523,2.30556515600339,2.30471799430025,2.31400434427948,2.31271276384482,2.32217319038935,2.32690875694698,2.33611092723188,2.33481902138797,2.34418983652355,2.35232110212941,2.3522200630214,2.36201864256842,2.36159843852011,2.37726311246779,2.38363390377059,2.39381074348747,2.39452875829528,2.40419118383182,2.40523755753221,2.40614417527595,2.41565826117492,2.41581064545192,2.42167075022821,2.4328981322136,2.44078450158369,2.45127730926578,2.45227434724922,2.45232782060127,2.46935829814602
"2864",0.66434691233315,0.683252355362952,0.698524738228686,0.721957887883297,0.750621526751067,0.773765811408184,0.802941756481831,0.826332351821641,0.849909326423068,0.873359504300037,0.886926277262511,0.91007484689644,0.933723237185633,0.957077815235178,0.973810233166578,0.99704912490674,1.02073678327512,1.04363251288561,1.06765628797884,1.0816754518841,1.10555702850679,1.12961342247813,1.15358762494339,1.17779981444091,1.20242743066297,1.22641268584722,1.24458113022303,1.26941032355418,1.29353702243991,1.30807452377699,1.33257490931366,1.35769817867403,1.38287674811941,1.40758871707531,1.43258210629299,1.43282592233183,1.42791144772015
"2865",2.49303337057095,2.51053574914292,2.51185269481133,2.52369078943068,2.52824383115616,2.54010641111693,2.55197029204319,2.553994635569,2.56595114836429,2.57793935289697,2.59585378354055,2.59770885826522,2.60975573867823,2.62178660296012,2.62707082586684,2.6390532563516,2.64136608446164,2.65328819637342,2.66570992524289,2.69065990451971,2.7030715169025,2.70546185856424,2.71786849436362,2.7302255579786,2.74305130201926,2.74522072007682,2.75790479153493,2.7709391202861,2.77341388909167,2.77230937706718,2.77530189879036,2.77874251957377,2.7722274472793,2.77513960273401,2.76839214552813,2.78830061367902,2.80893704641033
"2866",2.26018658147051,2.23147365573278,2.20666140187607,2.18795078037717,2.15108738321746,2.1221968344114,2.10386227243212,2.08161718837071,2.05352656793714,2.02838039013037,2.0008693493923,1.97786053034456,1.95988196556447,1.93177942309344,1.89688989860806,1.86829815991329,1.85661615292153,1.82792300936492,1.80068426429859,1.78362548303721,1.75598790684874,1.74393662289418,1.72623830436288,1.69812043136542,1.68101237059993,1.66781624502455,1.63981161490202,1.6227027208671,1.60011188386136,1.59487666891373,1.58348260383961,1.55625976478871,1.55132056227634,1.53951756257452,1.52417508303258,1.51167920961781,1.49061133815987
"2872",0.598340209857668,0.606956978173631,0.603711168248126,0.612662218992665,0.610396466425458,0.608675806344737,0.607776638556176,0.606785642797916,0.596178967865535,0.600937086584677,0.600366249596227,0.591869516071176,0.581325235682819,0.580204913346573,0.579307333175812,0.577688562149302,0.560456101329111,0.564071144259663,0.564115146901979,0.564078584921203,0.553627697499681,0.553440459058973,0.553140687978833,0.553107273214875,0.543831103575662,0.548802796023553,0.54286958989747,0.543665384824042,0.532939886282621,0.533160657568837,0.533218261489797,0.534456254841591,0.525658082479031,0.531751260134329,0.532640883632056,0.532436997280486,0.523545199205332
"2873",0.291797685606452,0.284810606676355,0.292315177168292,0.285515335008753,0.293648431187042,0.29538714874745,0.294478299057155,0.303648946097632,0.308683901959781,0.317815874346482,0.310389581008578,0.319213247474089,0.324334791909968,0.333487122236955,0.342735687102793,0.334946343472135,0.350267689846518,0.349036887739668,0.358857728591689,0.358731444699975,0.374160466736774,0.373891003483853,0.383600680554397,0.393376034761692,0.399406296007508,0.408951111127088,0.409213188339523,0.419698381533101,0.425278847000608,0.435666833711324,0.435969476404575,0.446821982383242,0.463494450572853,0.46387419633601,0.474562683593982,0.47466963664006,0.49120835880269
"2878",0.193299069213263,0.197440173642767,0.193134148754644,0.197756690716815,0.194865630868762,0.198411549900685,0.197494964783917,0.19209899892196,0.191589828489742,0.196194474919473,0.178768879142408,0.182401137810897,0.171938822845234,0.176300815043764,0.158473833766322,0.162122072323505,0.151529323983044,0.154213324138664,0.144499417533271,0.150347629332107,0.139780413120065,0.13965209799926,0.145098787694225,0.135206821772586,0.142138336456031,0.130927667191406,0.137831760798203,0.128981430437427,0.133311878230161,0.123346462464177,0.128879948980131,0.120593925031815,0.122167963006715,0.118133284427005,0.119249422585479,0.11437237184726,0.115892318782049
"2884",0.371163825753696,0.380108380365043,0.388041285847015,0.39741145929673,0.406097472801889,0.414834229079561,0.42408475149665,0.433058851747651,0.442515019077429,0.45168196626694,0.450842994603641,0.452735751518614,0.462224843268774,0.471147962221553,0.480352673189557,0.489072622777619,0.498323983751002,0.506355471176438,0.516204675929942,0.525894426260273,0.535452103772358,0.545443195751017,0.555221460972886,0.565603449773,0.576379908217779,0.586395889993457,0.577782416328139,0.568808111807622,0.552746689675037,0.542839347202104,0.532936974966174,0.524187684431573,0.515464690659809,0.506159054638331,0.49723345868081,0.487619755382839,0.485584754161335
"2898",0.951828790478843,0.950308985399032,0.946470445168406,0.951071435188919,0.948425569432759,0.946441669715178,0.951258213527516,0.950194819002975,0.955362862791852,0.954274407765366,0.953730255439792,0.951786510596162,0.957028493211522,0.955747509600255,0.954745332759287,0.95277948210213,0.957992676897307,0.955196464022713,0.955419823555011,0.961258713672443,0.960724476940099,0.960548061093415,0.960221163932909,0.965990029221564,0.96699617952926,0.9658167908314,0.966727326530349,0.973521294920092,0.972224116132984,0.972336763775203,0.972177999865638,0.979543729196578,0.981010613521147,0.981186239010889,0.988002334688497,0.98739490562242,0.988775945383489
"2900",1.86298768632546,1.86167262871715,1.85889324102881,1.85784143613642,1.85583500245012,1.85432994324378,1.84916954873765,1.84824910057745,1.84757321785522,1.84663643011949,1.84605398686112,1.84460336395028,1.84401030804936,1.83298789038793,1.83213969005298,1.83072662006321,1.84267702244248,1.84066715370528,1.84067309632928,1.84062643632764,1.84018821317141,1.82997418903947,1.82966791941801,1.82958157453448,1.83598956807801,1.83522032528331,1.83585149648899,1.84239485406297,1.84168056336117,1.84770670233995,1.83778769501183,1.83238873755546,1.83931780258872,1.8396461270993,1.84050309188557,1.84614233833496,1.84718299596533
"2904",0.341951872602144,0.350833684009129,0.35297868661319,0.346455456939275,0.354995106192647,0.35797819223915,0.367161025305467,0.360445920755077,0.364071066460083,0.37321829814733,0.366717142435905,0.375442571729698,0.379125931056512,0.372333953552583,0.381526762881491,0.384476076413947,0.383828578512952,0.386197133335348,0.390310609181924,0.390094950387798,0.393901365679021,0.403793874672695,0.407769706438626,0.41216111997782,0.42282768840081,0.42676837626218,0.432000496853399,0.43133189919354,0.435126398994007,0.433749266675058,0.438081044516976,0.443514787159304,0.443177794496624,0.447905597759834,0.447314651499275,0.451621372525781,0.45123646219577
"2929",0.39761075877036,0.407008044230772,0.416287160183426,0.425745173263128,0.441783033666494,0.461818114958836,0.476816407568355,0.486226989324704,0.501114198295385,0.510679711498677,0.535546851416976,0.54564577544183,0.560630844483429,0.563511579794074,0.578912388427459,0.589249957579097,0.608678927272016,0.62519202883113,0.63431814128655,0.643652164982284,0.659304655849548,0.659103021044641,0.668925770551941,0.678872485039651,0.677404621932381,0.688720179772254,0.698889721786619,0.7047100695243,0.716463110848986,0.727094778246966,0.733855758943361,0.743780964641783,0.754033558594311,0.760909255245995,0.771376245266045,0.766508683352507,0.782425686384488
"2932",0.297231070375534,0.30635289973171,0.305427066084167,0.304802555316135,0.304128592207284,0.309147931456566,0.318374936303114,0.317527031236792,0.316826269806597,0.316146120251268,0.321039028162488,0.330323766315393,0.329690468619878,0.328905632627653,0.328265820921601,0.327593418105105,0.332679970875269,0.341758596291829,0.341325313848206,0.347516657267743,0.347182714883884,0.352853074209813,0.362636749824023,0.36283572758968,0.363138386172663,0.363544169519681,0.364476785671385,0.380936005791948,0.381323014917801,0.381616015745477,0.382022454876645,0.382834174221686,0.389551296750511,0.400373529990544,0.401244823706485,0.402070935973122,0.402995707928817
"2938",0.145649840293497,0.145044783699642,0.145518572468811,0.145021830067046,0.145211237216484,0.143969065557924,0.143233630347274,0.152584180302572,0.15175812085049,0.15129943538197,0.157242201402237,0.157178451569617,0.156446067026451,0.155996116552411,0.155559605890766,0.155618087084196,0.154980676860485,0.155227504829172,0.154463369588262,0.159592583581799,0.159415284557135,0.159269235671694,0.159090344631293,0.159169286696073,0.158880047184234,0.159997299602642,0.160511482827126,0.160800142841303,0.162158513416689,0.152663189498228,0.153460101002512,0.143684430139585,0.144177864727223,0.145231447997463,0.135859121021013,0.13158064779444,0.122033873688237
"2946",1.12855573108024,1.12752934516412,1.11625401205394,1.1211045877453,1.1100570373857,1.11497453222716,1.11409664019628,1.10908507673559,1.1082873120654,1.10331241935022,1.10260828946063,1.09760816611952,1.09690532139038,1.09196548407097,1.09132341430973,1.09644615765211,1.08592670828564,1.09100191107432,1.08059448961,1.08604189611406,1.07575607764259,1.07551419375978,1.07101979410778,1.07088348971561,1.08337843204024,1.07343600086561,1.07957742590862,1.07001749953098,1.07611169151844,1.06654692103425,1.07280587231858,1.06347712178287,1.07004688844174,1.06067486407538,1.05715373152552,1.04775475006168,1.04422075855661
"2947",1.03796995902313,1.01988577115554,1.00536942839144,0.994364560710085,0.989543534296548,0.969227197198699,0.958293282021664,0.953538813751479,0.942550166353207,0.927727326026408,0.917119985925189,0.912704404377527,0.885028159639928,0.880525563803493,0.870097532462326,0.860246021631582,0.845689246500762,0.829845839423801,0.824865418357827,0.804457833990132,0.800133430845697,0.789704929991227,0.775207090928067,0.764637352658052,0.753873124203346,0.750137124669016,0.729484051276141,0.725016945018924,0.709709861895926,0.706311800693926,0.687316604200702,0.682927391999763,0.673036265835416,0.669517549131313,0.655526450291112,0.659096928399297,0.654795216658084
"2953",0.38065111786609,0.379688753334701,0.372663481166559,0.37198296851539,0.371067846728688,0.37016565419481,0.369366416942108,0.368468661118457,0.367780046081214,0.361281520846463,0.360437802812009,0.369541443180799,0.368919427129161,0.36804426029504,0.367343326710641,0.376474248405388,0.37002932458622,0.362214103677361,0.371837801725481,0.371439326708162,0.371091780447414,0.370981469490869,0.374987108970735,0.369386678603467,0.363952332705316,0.368463378387181,0.363584796143803,0.364280280820722,0.358762695030529,0.356675377055867,0.351301821900264,0.346344003094504,0.351508645982373,0.352278708081726,0.347355738306256,0.335689976484218,0.340773120590408
"2954",1.86520978173232,1.8541625046023,1.83267500260577,1.82183797204382,1.81070577841704,1.79975032022813,1.78199734892956,1.80117316334006,1.82041649199537,1.82966545999442,1.84891709774095,1.85549497862547,1.87481375700203,1.89406047833027,1.91339874335104,1.9169233035973,1.92965750021187,1.94890590507858,1.96272303526403,1.98237497320244,1.98545720673926,2.00524172680102,2.01922714549948,2.03915091681291,2.05919907160461,2.07365759925358,2.0840760645095,2.1045098027354,2.12497110256565,2.13963122665151,2.16014862282777,2.16415408973674,2.17910294842502,2.19980787861597,2.22048696838363,2.24125321394283,2.2494432199968
"2955",1.11165728931702,1.11649271979726,1.11788343941861,1.11255226111857,1.10083596284415,1.09643364074791,1.09122678726341,1.06929714005426,1.04672967419778,1.02356773323334,1.01149275277503,0.990024199662702,0.967589499449864,0.93913971713052,0.917254625806844,0.895174082081939,0.873424636915475,0.846605180013159,0.82422197643021,0.795658883894904,0.789886556237028,0.76782218768673,0.739389867734694,0.7170221626407,0.687649948926621,0.660075269596534,0.636331359320691,0.614104848137699,0.587791963869425,0.570689437646875,0.543882538993626,0.520750024535344,0.498803174895697,0.471315949350447,0.442939697818228,0.422977180433964,0.39394380489143
"2966",3.01241908297854,3.0057176389666,2.99891594637569,2.99809045992524,2.99144818100464,2.97492736356398,2.9683095076348,2.96177474516986,2.96097880561199,2.95450480749364,2.94800465405105,2.94151504876128,2.92505328726045,2.92433975718801,2.91793408994827,2.91152686627962,2.90521680412948,2.89871640127748,2.89830448852317,2.8822081789732,2.87614597397525,2.87014856305259,2.86412128001909,2.86400912976284,2.85832378018161,2.85264722953746,2.83725167616705,2.83192038007087,2.83224963588896,2.81691062940024,2.8016130059937,2.79651646143871,2.78154269936767,2.7763830571102,2.76130875739783,2.75029941634675,2.73520791494296
"2967",2.09421068857142,2.06262039645216,2.02926753557435,1.99069270739002,1.96505843869219,1.92913381053902,1.8980107782875,1.86722969527391,1.83635252262148,1.81218231358336,1.78187167411386,1.75029335243797,1.72531902590002,1.6844156390915,1.65353434225633,1.62211314436923,1.59187680636228,1.5602959790448,1.53033582027662,1.50627634024604,1.47251289642302,1.44203197384868,1.41162932657123,1.38094802771293,1.37124836541043,1.3597567188954,1.35514264195957,1.34549627379901,1.33455979077735,1.33084465258113,1.32681403729806,1.32447081698495,1.32126571122831,1.31117709412273,1.30757478301779,1.29681980585075,1.29333326565245
"2969",0.424993886459801,0.418247074085147,0.417542998174263,0.410653582998212,0.403976009142911,0.397704282304757,0.390954054437477,0.384674723563804,0.377909977083655,0.371490972123587,0.36521554965016,0.36482762167205,0.358203199114535,0.342085276888093,0.335806574084379,0.329897684768615,0.3138755507061,0.308460115106285,0.30213412343607,0.297662622336958,0.297511023144391,0.297025110807247,0.285857127483724,0.285150238839293,0.274513189027062,0.280275791718215,0.27947309211304,0.269260135915972,0.275898968902285,0.276699686548764,0.267549603753923,0.273389406004978,0.273650606610996,0.270763040762527,0.276826049395387,0.277451181050246,0.267473011755641
"2971",1.15281399272788,1.17769190610337,1.19746609859814,1.22235082753568,1.24765810476489,1.26731267521252,1.28907722431835,1.31420673444193,1.33329658497317,1.35845032821175,1.37772546045154,1.40999796392058,1.43496762250055,1.44449278894306,1.46973293247185,1.49532370387155,1.52155182483517,1.54730653588095,1.57248237250821,1.59207669811988,1.60763569279233,1.62733897957067,1.65285215777758,1.67836377621389,1.72806584958251,1.78425408398134,1.84004703346047,1.89691490587783,1.95350251201519,2.00407599471534,2.0605546270475,2.11668648761944,2.17389230509847,2.23037821153262,2.28673356868887,2.33760602959044,2.39383592090362
"2975",1.55212527974508,1.55127074969808,1.54065711419656,1.52998617983858,1.51945777281112,1.50887317139883,1.50806403215237,1.4915193230961,1.48074203113664,1.47009037417287,1.45923544385052,1.45292233711733,1.44222604172656,1.43154156626564,1.4209436558691,1.40470372191565,1.40407075477995,1.39351244884466,1.38298873483322,1.36676060145573,1.34985906267145,1.34969149957743,1.33370312714192,1.33037885717019,1.32042897673796,1.31094252520993,1.30579171437056,1.29628156478952,1.28694270290298,1.27735741729937,1.26213517195437,1.26273977074741,1.25351330661834,1.24434658003364,1.22932118759495,1.2302694071794,1.220984603377
"2980",0.945757337123416,0.954866254043208,0.947186374907514,0.946429700420601,0.950147369799141,0.943873103708493,0.953025881889053,0.946545971607605,0.939956221303516,0.949314358449061,0.942765686751543,0.946529998931724,0.938967511392435,0.942643640102595,0.936332030587323,0.936034623391011,0.939721847935947,0.933765418914037,0.943183742322992,0.936974963649761,0.930976037759334,0.934969987256392,0.934728912370607,0.932199756445346,0.926219624025401,0.916738553708409,0.901186091293711,0.875671423428338,0.859920337143792,0.844701530280949,0.819646428146591,0.809978531926729,0.794744242849284,0.779763589028069,0.760342017082143,0.745598011908076,0.730238078937254
"2981",0.368114247298487,0.401518357863468,0.441333265961603,0.480396555937589,0.514166040186976,0.563844145069725,0.597170119266375,0.63660983090542,0.675638734995561,0.709295096078941,0.748625143044008,0.792656840348335,0.831812718354523,0.865696192823181,0.905220740920735,0.938521292456475,0.96237802164036,0.992944213328192,1.01647218476886,1.04605965521417,1.06592564319841,1.0897701966435,1.11950470274375,1.14326427377339,1.17266137940813,1.20887405743602,1.23421395211058,1.27566116517053,1.31260740770182,1.34912732458536,1.39158838502132,1.42739813260561,1.4467932056417,1.48330837980176,1.5252025751287,1.5621444355859,1.59130482027534
"2984",2.77308694192238,2.76648249838914,2.76911467879723,2.76249720692095,2.77204232455597,2.76904847597379,2.76815243457045,2.76493993314626,2.76397885998809,2.76766650176245,2.76694665813756,2.76424302174608,2.75763650472825,2.76732058054894,2.76112439936682,2.7712602270528,2.77507906515404,2.77570504509359,2.77919026705784,2.77872437633109,2.78283056379548,2.78247008100219,2.78645327146757,2.78028213599423,2.78967713643432,2.78449933141283,2.79416572383756,2.78831791885826,2.79955971690918,2.80450441331416,2.80540863374891,2.80966488149011,2.80995742394629,2.79492823506765,2.78530672173803,2.77064662409609,2.75496261156284
"2986",0.856058322751411,0.859120599589934,0.861679789485589,0.874729904440274,0.877456385755181,0.890714036328063,0.89394406013592,0.897502348443961,0.910829875744738,0.914256610879448,0.927989767951438,0.931349744395374,0.944802458321948,0.955193863510412,0.952973124134773,0.966422101367027,0.970330240446772,0.98385753863279,0.987805484115591,0.991945429605462,1.00589369853939,1.00970015927766,1.0235945203505,1.02726839193269,1.03142887158135,1.03503770511136,1.03890858790791,1.04331823766927,1.0474938535226,1.05387026536075,1.07092359571537,1.08160980586176,1.09813249237073,1.09838602489442,1.10892174052785,1.11891760638372,1.1351991820437
"2987",0.475309051113048,0.48854750148207,0.50210497065212,0.509443984809301,0.522734376856019,0.53070363765915,0.543933808123596,0.557658175110518,0.565119682736765,0.578688780634982,0.576670208190207,0.590513602583137,0.598115875567515,0.611999031510624,0.62571171239309,0.634028308627012,0.64802344249044,0.65684630215848,0.670527936112148,0.684549168560538,0.692865269459521,0.706587084678058,0.724730065233972,0.738205151108385,0.751849184838155,0.765874047416553,0.789236509599367,0.803263009170997,0.818147008296209,0.838948867480298,0.863964604071265,0.878331535521047,0.892873482951805,0.913238241853269,0.93772474130894,0.952392954136822,0.966624170131488
"2990",2.26233543822866,2.25539019158188,2.24210254194838,2.22241564253498,2.20942290598891,2.19115894617981,2.18289441450256,2.17066945886589,2.1456227470997,2.12754327401395,2.11550239259613,2.09734022239658,2.07928418164691,2.06710556489634,2.04913361187405,2.03108430373835,2.01922246080529,2.01123684540489,1.9936452575099,1.97538512860215,1.95781695181982,1.94008503431312,1.92821362685107,1.91033048439754,1.89291840741038,1.88075466567784,1.86301761501225,1.86162188506911,1.84424512504131,1.82752021853198,1.80987438260176,1.7931144641667,1.77643945647053,1.76510944816809,1.7482369222069,1.72425319198508,1.71303555799618
"2991",0.863953699408572,0.842634283147408,0.830816553422036,0.809340268239804,0.797573498355857,0.77970904932376,0.752838566218762,0.742303712741069,0.721247739375326,0.710441979278807,0.683217152248256,0.672561848426311,0.661659838191876,0.641261090249549,0.63066679270124,0.61030041515749,0.60016915249299,0.581160996812302,0.570761899848533,0.550717421566483,0.5405331563598,0.519935842967038,0.516186921033018,0.495254258971979,0.484764431010705,0.464028272130614,0.452948175241286,0.426967539789379,0.417190090657019,0.391398643635911,0.382119972897345,0.362353683725264,0.352710296629356,0.33287332824061,0.316432431588038,0.303194396795616,0.283189545468453
"2992",0.283172516548281,0.293236526886012,0.286713053875192,0.286741163261386,0.290514794707997,0.285099218852375,0.285502761477439,0.290612544819019,0.29114219358073,0.279154569630942,0.290269520582526,0.285127908456018,0.280045348133357,0.280998693648857,0.269316797705034,0.280265965364827,0.275817254781303,0.277129370698229,0.265912257407188,0.267345981022266,0.26290459813203,0.263904524014939,0.259320383577818,0.253434861471969,0.258708540973354,0.259825763964792,0.24806350021773,0.24941946098834,0.245759087985925,0.241516750041747,0.23810821267436,0.233168034537639,0.239201305887881,0.241146777898302,0.237152487150064,0.239278691911366,0.234133131151742
"2995",2.36401575979851,2.34654015594934,2.32239195225307,2.3050517356686,2.28190668259122,2.26409939655195,2.24295049025085,2.22628115086996,2.21546864826729,2.18854196939685,2.17823485418302,2.15054878698889,2.13986137865297,2.11875747913692,2.10199576247142,2.09016511467242,2.06412206013678,2.05187232589579,2.02631701669263,2.01658653119794,1.99034989011743,1.97988991623597,1.9637013353736,1.94307690948902,1.92787391126765,1.90607420030255,1.89010943144802,1.88064866522206,1.85349581081135,1.84391300977613,1.81814860723247,1.80947072455929,1.79489120529475,1.77470884606749,1.76542728326373,1.7443885149724,1.73530410673171
"3001",0.675565161570495,0.680534198754483,0.680729750927461,0.68570858138228,0.69132026132837,0.691144986817119,0.696039071453175,0.701190041712993,0.700254807740573,0.705477347747538,0.710422953752376,0.710350758965078,0.705284178477024,0.710674438298814,0.710233296160049,0.71612118521414,0.715612313816705,0.721909080280595,0.711126453175953,0.716341056557427,0.716194139092642,0.715907633079092,0.721447061774795,0.721223507543985,0.716465982587279,0.71733068469575,0.723087623571726,0.723135254893609,0.724522150670122,0.730964360993852,0.721874327136155,0.727723429242353,0.728070157585996,0.734772724245041,0.73524835557027,0.742424043708206,0.732635738555581
"3007",1.62765272642362,1.65265714013525,1.67468141214735,1.69959815342857,1.71537115666225,1.7468918204079,1.77175778700798,1.79388696470524,1.82438933126923,1.84965289286642,1.86464049068765,1.9030730785337,1.91796058461743,1.94345301314876,1.96457414555734,1.98063494652957,2.00265011491733,2.03494874410114,2.0498942848265,2.05935658504854,2.07500499563597,2.091291314896,2.11681780251274,2.12648807882596,2.14163824160188,2.15905446304461,2.17465567309433,2.19464487599253,2.21175016015767,2.22244794770531,2.23993394021455,2.25581745966374,2.27617833977793,2.29943530407158,2.30991343669276,2.33348268287254,2.3537674850205
"3008",3.33425420349151,3.32457633236928,3.32822717907248,3.32553846607811,3.32886377694181,3.32687867633122,3.30744306822275,3.29120489086465,3.27173576978183,3.24959180209202,3.24332561118361,3.22477142498764,3.20807629877705,3.18954270941985,3.17334321401185,3.1610586270575,3.1450982543338,3.12802644496102,3.12149164865663,3.10540580847778,3.09958253424535,3.08324637222516,3.07140161515032,3.06474822626916,3.04799858970275,3.04239464370784,3.02541018733467,3.01338431085217,2.99884346463144,2.99402148928514,2.98928765900804,2.97328499484872,2.9551024825442,2.9398112279181,2.93410531284317,2.92919153469794,2.90727517298166
"3010",1.51785896262826,1.502578635116,1.48223269699007,1.4667255739668,1.44169182170267,1.42712604387597,1.41183214990244,1.39716222353099,1.37179603845386,1.35118958240925,1.33644344977451,1.31528317098552,1.29007517075284,1.2756910058369,1.26104098668557,1.24040038756008,1.21597906404965,1.1972458490879,1.18221017180268,1.16762914185315,1.13673153852251,1.12192007379585,1.11738317671657,1.11225997591951,1.08446251148713,1.08067269409225,1.07514951432137,1.07033271200841,1.06772721438707,1.05792148314111,1.04492849593318,1.04021953869869,1.00606283202327,0.985145443756272,0.96357001040182,0.926639266995966,0.904492216139614
"3013",1.22106227751542,1.25576684036639,1.28454423722391,1.32944968479101,1.36422972597674,1.39339295955235,1.43826774086034,1.46743730287603,1.49550821359154,1.54053643627583,1.56973774151765,1.60478208583729,1.6440646955646,1.67909184988961,1.70844300127007,1.75359388928537,1.78876007717547,1.8180673586506,1.85674894620801,1.88633419239088,1.92181061764789,1.96159872966049,1.99711608779862,2.03283839557972,2.07284741169608,2.10899761324894,2.13947045389519,2.1856809918515,2.222083199935,2.25254273257396,2.29890661483017,2.32949305592291,2.36602566346953,2.36682006159596,2.36332812263848,2.36002291802234,2.36068711253024
"3021",2.35154800014016,2.3547800547318,2.36769168465449,2.38686276798324,2.39006906014318,2.4033978069474,2.4125168389156,2.40751241720771,2.40521608900963,2.40718360196553,2.40488652382667,2.40675591029519,2.3977177367848,2.40541830090888,2.39745080255865,2.40517083468386,2.39729524175687,2.39824372330938,2.39053088545915,2.39866464283309,2.39104896803577,2.39265827038575,2.38509062856326,2.39343676414665,2.3862214039805,2.39474599360438,2.39357173103364,2.39670410575617,2.39543601788406,2.39855144187411,2.39747081536372,2.40086349909625,2.39349444116229,2.39676655952443,2.40591276976976,2.39908749738334,2.40820070714657
"3022",3.204434263023,3.17770225767201,3.13877504038234,3.10609472687706,3.07264855837298,3.04086651636059,3.00718266839706,2.97525358306984,2.93837406584573,2.90627323626249,2.87312205006661,2.84159937039843,2.81487004019146,2.78321107705767,2.75703974523347,2.72580826550783,2.69985341110171,2.6594469918595,2.63291928759596,2.60107701001584,2.57524692817914,2.54313821031163,2.51705315050365,2.48462015783269,2.45788163407457,2.41646014004601,2.38946147853133,2.35744059089573,2.33285541426278,2.30225654599187,2.27751268690091,2.24575504275172,2.22003083803372,2.19556300573517,2.16412699648537,2.13904351873796,2.10722476884632
"3023",0.196844431085556,0.224050100739785,0.243602129742297,0.25333548143895,0.272842147074578,0.293411882118718,0.303687899674623,0.324769574457665,0.350847326622373,0.361533670087747,0.382825383406675,0.410531588024887,0.421066995120303,0.442275326905392,0.463203758651834,0.474436213501132,0.502667702586649,0.530336266096439,0.541450158358024,0.563012688372885,0.59101961375615,0.60183145860926,0.622953561898323,0.643279692078561,0.654063745810399,0.687124514366013,0.707135669053461,0.718260099909424,0.73011741996374,0.739226020044237,0.741554551738827,0.753275373628635,0.755108320762331,0.756721565340299,0.76840929789373,0.769968251980159,0.771385434323146
"3028",0.181065523361997,0.185465305549164,0.188603067202039,0.193294158210525,0.191421192416716,0.195728492510627,0.200527083733677,0.205312982072348,0.204576206600156,0.209381334820361,0.208693786788185,0.219888529409122,0.225004321618924,0.223935288023284,0.228820133377298,0.227426091429,0.232599853787458,0.236481449030037,0.236376179030146,0.241993763803003,0.241545802212687,0.247100861749083,0.252558577264516,0.25252603319784,0.25886532465803,0.258351224422844,0.264846986346553,0.271400498521239,0.270945884965779,0.277012336452078,0.277202054949518,0.284163094939072,0.291133029726707,0.291606445276858,0.294987387296819,0.295011071657473,0.291933814391311
"3029",1.08504613572472,1.08385209544717,1.09195749984528,1.0909494903076,1.09643668227147,1.09525069506861,1.0943009897431,1.09341784351511,1.09262479262403,1.09862061850527,1.09793274833962,1.09675441178518,1.09606562893853,1.09514028370706,1.09434484168556,1.09323625989005,1.09268617666247,1.09127824672043,1.09105488364692,1.10085735706718,1.10046806528234,1.10021770349592,1.09991445181909,1.1097853704589,1.1201297506888,1.11977554607709,1.13025709152276,1.1408642502217,1.13407084129876,1.14446913114755,1.15482394403321,1.1557465404159,1.16673351113483,1.17060472395106,1.17716428218183,1.18750323319136,1.20410511581401
"3030",2.45057439934911,2.43940303203636,2.42217486798135,2.41102506357952,2.40967391489122,2.39876797831265,2.38776101459746,2.37017539628711,2.35923614565122,2.34846043494364,2.33786211862509,2.32713900665912,2.31632600704362,2.30572587493433,2.29508331425826,2.284542926932,2.27415810064929,2.26380766705896,2.25336733397272,2.23737185127306,2.22711821186847,2.22671736742376,2.2164024227059,2.20015665920617,2.18417068973466,2.17397513140966,2.15792292493418,2.14228661789377,2.13266952215219,2.11752374363722,2.10236624775981,2.09284556863816,2.07767932293906,2.06235501322964,2.05286517882453,2.03749834186159,2.01544911071018
"3031",1.19634511557034,1.20066695240121,1.19428664632683,1.18848680309111,1.17652741843779,1.17118231345969,1.17578231367673,1.16406748223404,1.15875733402297,1.15365931201066,1.14905676779395,1.14400160419056,1.13885952052791,1.13413332884382,1.12924355779887,1.12448376357499,1.13009228914889,1.12579894365658,1.12117976348483,1.11690031284985,1.1124599995843,1.10186486920529,1.09725297769029,1.09209523450539,1.08735726140223,1.08245072947431,1.08716830149293,1.08273943140202,1.07882406412637,1.07542905369233,1.07193579773137,1.06798075516712,1.06415031454795,1.06014060842661,1.056185459325,1.05213747466487,1.05795859746626
"3044",0.998652794241388,0.997903061904733,1.01362918570975,1.01304232195674,1.01292210453681,1.02834291513203,1.02753940286664,1.03676870961644,1.0416904163707,1.04110772541808,1.05014843999405,1.05561577549414,1.05486627083251,1.06427254966391,1.06949995543935,1.06931636015371,1.08439059074841,1.08427065040916,1.08356438612596,1.09871765729378,1.11847508161675,1.12832702890534,1.16051022217864,1.18063439855423,1.20054399415171,1.2272270979346,1.23792216947792,1.25837146591875,1.27944663992709,1.30568558223895,1.31639232045606,1.33684851922712,1.35753849753096,1.38435485580692,1.40511806963588,1.4164755275733,1.43712771644376
"3049",1.10016205094413,1.11929400290074,1.14471943940853,1.16966648518864,1.18924031426521,1.21457072248932,1.23944137855239,1.25873391140109,1.28358546082192,1.31871764813301,1.35363744242281,1.3901228033842,1.41509106358795,1.45028807469118,1.47973409761855,1.51525919380331,1.54045049211643,1.5703819609921,1.6054993183623,1.6350043874003,1.66391818102753,1.68366301832439,1.71342305267968,1.74328676974978,1.77876025074478,1.79944508659927,1.82966651596378,1.85989680242597,1.89675260374321,1.9273352488257,1.94811854039731,1.97842878498555,2.01475234917947,2.04564447404216,2.06625289571928,2.09745879389325,2.13367404234633
"3050",0.91808354251491,0.915749849592176,0.924272733982454,0.921783665463365,0.929841268050956,0.938078725748419,0.935594991854579,0.943552041902605,0.94099532599531,0.943127029796619,0.952082108407523,0.944578864887793,0.952165487296162,0.944536245348888,0.946754692227508,0.949435663333826,0.947569122823667,0.95073732490439,0.942780486239643,0.945154164440736,0.947700781971104,0.952330442336851,0.954722115941255,0.946803116788177,0.948968163500372,0.964061273813215,0.956156863034004,0.9587721266362,0.952097550170382,0.955507034187078,0.97127848547693,0.964261842534105,0.967411048989882,0.96048982351369,0.969334776339097,0.962396612420853,0.945260744528448
"3052",1.22936086788493,1.23413157517856,1.22381084550411,1.22275020360859,1.22211589365215,1.22174466281755,1.22075438156085,1.2101968120633,1.20915796817313,1.21428423886425,1.21363295015029,1.21341013496156,1.21251079878981,1.20216637442326,1.20167599444624,1.20169955554559,1.20134376051881,1.20190678620499,1.20358554053513,1.2032165145192,1.20305853322214,1.20262221453051,1.20895066410233,1.19840903025471,1.1878600373822,1.16808090297151,1.1575852724226,1.14328235147588,1.12424474184541,1.11500048630361,1.09585833633874,1.0760026862334,1.06636670025668,1.05363111691814,1.03403894029396,1.02485016275718,1.00501849681321
"3053",0.728540831060585,0.737294810668266,0.751451056355514,0.760144623662373,0.778645044263561,0.787736438054837,0.796661068034767,0.81176886319549,0.813875168573445,0.823084183936867,0.842570193736988,0.851885898194685,0.861013559068953,0.876254583106822,0.885627298519934,0.901881306163539,0.921588297419375,0.931387322698876,0.956721348956775,0.976559377793713,0.986325682262771,1.00583618724914,1.02549156150975,1.05058351806509,1.07599001831286,1.10716474485221,1.1389954765986,1.17056321698202,1.19246042343669,1.21895008616598,1.2511804802375,1.28314571854737,1.30946123912854,1.34141062377857,1.37340291472919,1.39957164927753,1.42140276731506
"3056",0.227681831022168,0.226988646421413,0.227763973572555,0.219921821324107,0.225895153758547,0.236047270095238,0.229393189399944,0.228908025185101,0.220958819299276,0.220523940388128,0.213961690086953,0.214290129396702,0.213351342085891,0.20746141459844,0.207134358434548,0.217727588315858,0.217299977979476,0.212897017828678,0.205288674457466,0.204649213899029,0.204610235061646,0.198449017867171,0.198216970975248,0.191118943184665,0.200058409005733,0.195488762600302,0.194885182794957,0.194530657590022,0.196583113751466,0.191702443227677,0.192938886419766,0.192537882446373,0.196735795281556,0.19772686962989,0.197957560888169,0.209702360951807,0.203683471396432
"3058",1.86423849467907,1.86336973992025,1.87445613167951,1.88360339689856,1.8831022043346,1.88691180892216,1.89600071926345,1.90531129207276,1.9043820847974,1.90798665712142,1.91719470729575,1.92002548625468,1.9234399956597,1.92295304522,1.93242554886631,1.94229788172572,1.94601945634293,1.95617307968395,1.95549209586334,1.96501854182893,1.97481504347636,1.97874273216831,1.98186353942837,1.9815959276771,1.99117052006752,1.99601162723646,2.005979678195,2.01608325200358,2.01721059776053,2.02786638103088,2.03292617055058,2.04314117060892,2.05359813640399,2.05442452452175,2.05916625916641,2.07031314565971,2.08061408041213
"3063",1.55889216461552,1.55827798893025,1.55927231915094,1.54859970025036,1.54322141216754,1.53337615203783,1.53252147066148,1.53197273621244,1.52096356298465,1.52051812895341,1.51962444480528,1.50411556417384,1.50322399173945,1.50298692845076,1.49262627099068,1.49309111140995,1.48586524377291,1.47703679284362,1.47603972213283,1.46958599764404,1.45950378999351,1.46919317211,1.47898101543305,1.48871922787384,1.50790303980139,1.51917088639963,1.51744482223187,1.52154582589999,1.52765648128852,1.53265248662336,1.53220602862366,1.53624246179106,1.55063199644802,1.55590339260083,1.56051308208048,1.56065167127811,1.56488590022253
"3083",0.0226847513278437,0.0216592244915516,0.026364604060305,0.0254887845771161,0.0303537875808285,0.0295991402352778,0.0286789765765658,0.0336172867185543,0.0327543545312714,0.0420108551965022,0.0469500509009936,0.0462713758244183,0.0612639840360196,0.0605465572482053,0.0598918967371212,0.0593260925616349,0.0744955522381573,0.0739115474013585,0.073399144844559,0.0829892342686428,0.0826880894494576,0.0758187287053489,0.0755542091081309,0.0854423842528985,0.085378383472791,0.0857420822576318,0.0894311093834696,0.0955532645612601,0.0963118450855279,0.106845554152481,0.107516185229545,0.108023312235347,0.108720317613583,0.119528017975016,0.120218307083834,0.12118259587186,0.131761719972719
"3085",1.8395826074415,1.82873263522657,1.81861219038256,1.80780739604519,1.79172395730395,1.79137338206136,1.77471667340168,1.76402426394632,1.7473284926901,1.7367093527445,1.72011574149219,1.71983824838236,1.7032484270555,1.68595630068449,1.66968507808737,1.65963262204108,1.64908828758246,1.64357774213155,1.63284308522755,1.61655543750007,1.60635722646471,1.59029545591821,1.59004468078291,1.5740552225912,1.55696160809345,1.54193081372177,1.5319404021378,1.51626857714199,1.51751100561529,1.5023964656239,1.49327596617645,1.47768069070467,1.46812601633543,1.46323144371839,1.45376584702324,1.43923590532143,1.43953327024681
"3088",1.24567130602089,1.22905110223895,1.22867103599624,1.2178660248195,1.21738829791852,1.19426862611519,1.19336935123354,1.19264520967048,1.1759704045154,1.17533182243193,1.15760677759823,1.15156536287414,1.14074020286767,1.14022205225058,1.13968791508772,1.11709033967416,1.1165267149466,1.10674286362125,1.10023983118526,1.0997037378725,1.08949957105027,1.08345390843608,1.07320762576934,1.08302400646062,1.09264291483869,1.09759950703731,1.10772094790315,1.11789032015231,1.12328765424859,1.12391767420067,1.1347584115993,1.13923067523093,1.14973398937284,1.16063220968547,1.17121273352103,1.17667046435242,1.17704047959215
"3089",2.92490949809036,2.93964344295786,2.94918170998929,2.9638575536733,2.9731557612577,2.98846536218857,2.99057070024998,2.99998444940913,3.01469308074094,3.02405294766697,3.02224687573675,3.03207534551981,3.0469161323433,3.05657749144557,3.06609392075122,3.08193670652233,3.09155148433124,3.10796186044499,3.0972060653015,3.07677449392874,3.07239652244895,3.06196263217484,3.04744189570174,3.03113904065258,3.00468639875221,2.98937177391888,2.97306000614188,2.94713877564765,2.93257951298585,2.92338510708477,2.89856368893852,2.88281139936862,2.85731900914767,2.84224050268817,2.82681632860996,2.80207443805913,2.79212178741479
"3096",1.41537724614058,1.40995917395525,1.40846944479106,1.39044260939248,1.39504260981121,1.39414897747634,1.38893766008276,1.38811604901587,1.37034832470801,1.37532524434372,1.37456301126662,1.36382105352013,1.36197152853351,1.35128755211315,1.35639313101543,1.34585292301895,1.34531199248945,1.34400919175462,1.33346562892334,1.33307634138434,1.32856655540349,1.32826566030653,1.3271286658744,1.31689193683501,1.31668835255265,1.312785145359,1.3129041287026,1.30315990582646,1.29970292641656,1.29029277979461,1.28678368505884,1.27722703713329,1.25786370095254,1.24197681761596,1.23258309653309,1.22355651835358,1.21399956709234
"3101",0.342486624198864,0.340989256735797,0.353560264606369,0.352344012403431,0.365792325604005,0.374097711844376,0.378811546451102,0.387788782303708,0.392770521044241,0.401711313459806,0.416824301139696,0.415215340638779,0.430295275479977,0.439159043126662,0.443975044515402,0.459115457727284,0.464314387159027,0.472130756452008,0.477885849612828,0.467831976686369,0.473100828346321,0.472837360511159,0.478254163923676,0.468121537278337,0.474545793623752,0.473690172908615,0.480089906642106,0.470898923417701,0.475921423596626,0.476222637091163,0.476348566910723,0.477672833016964,0.474746732821843,0.47509320564491,0.476059706728478,0.475854551538323,0.467014429162801
"3107",0.228116058824089,0.226801809310375,0.214075199599446,0.21320326545497,0.211388441210485,0.19981010384276,0.198898920693773,0.197749500885615,0.197098656281958,0.186091851670703,0.185227119083021,0.183649536483475,0.183056811053372,0.164996175978988,0.164061890642149,0.162501191404487,0.161725408201892,0.149415985480446,0.149308677261097,0.149052497775564,0.142764615176756,0.132676469731758,0.13239006540685,0.132662790998734,0.123512276361084,0.123216721231579,0.114531523490246,0.115612010220239,0.115087050493742,0.10523710214682,0.0987615581317244,0.0843641053227846,0.0857624705682182,0.0864219568491955,0.0709055276278441,0.0654308019142745,0.0567699385455618
"3109",0.134558229505571,0.133458723878256,0.126178213542263,0.125357752732947,0.12422688502734,0.117442850726389,0.109645534499566,0.128699711815911,0.142160140642502,0.161341063280692,0.180460738526059,0.193756592988154,0.213051058430023,0.232134327927813,0.255620953618317,0.274711223074027,0.294016536670696,0.307032600906932,0.320879889984914,0.334730563480193,0.354341705667688,0.368407888272703,0.392372574736354,0.406687427370725,0.427013891624104,0.441387668471511,0.456425659216495,0.47134853880224,0.485758110466176,0.516113838479063,0.530742792752,0.545906620378406,0.561179074907023,0.581921913533206,0.597066530905699,0.611897437536008,0.62709668280225
"3124",1.85328818790922,1.84625898837967,1.83258187804762,1.81296889609479,1.80983641070346,1.80283848489637,1.790318237264,1.77789293505726,1.7655353963091,1.75884752959282,1.74663878319626,1.73392129188799,1.72165993745114,1.7249582859902,1.70583808268424,1.69323530226881,1.6811772729565,1.67410299361147,1.65569661983586,1.64396803855678,1.63205747083866,1.63596863013549,1.62410477921508,1.61229725033018,1.60097954916683,1.58898231444654,1.5834347845878,1.57238444536009,1.56067286223498,1.54958853399693,1.55419653920677,1.54357166657873,1.53300816741895,1.52186825411152,1.49686224556379,1.47539164254059,1.45463504144842
"3126",0.863867375250222,0.898511234023266,0.927296327883155,0.962120456742239,0.991116312069991,1.0260212086303,1.06082706704561,1.08997316117733,1.12485467425134,1.15407094324058,1.18899714356181,1.22399341104815,1.25321935288484,1.28820775444968,1.31751773324407,1.35262939199201,1.3820158115088,1.41706914439462,1.45234015478104,1.48856802732438,1.52399470124803,1.55375508723482,1.5492416903111,1.55493744142336,1.54502020443741,1.54101475498075,1.54150960550587,1.53778081981478,1.528251784464,1.54110597574337,1.53163365797227,1.53239882847713,1.52908092211484,1.5198349785534,1.52643678439554,1.51718262370443,1.50798158531694
"3140",0.592781090080887,0.581817108678074,0.555224431104038,0.544498585212997,0.528071040998995,0.517332146451369,0.490695596583183,0.479783709876521,0.463207326676863,0.442457541472347,0.425753549875432,0.415037041027253,0.404296006469684,0.377710807412271,0.367019792920523,0.350595372711091,0.32987263805392,0.313253438551993,0.312732192907436,0.296478148046538,0.29612723162526,0.2802005917309,0.279948475046779,0.264291109826227,0.264458742245325,0.259159431824312,0.249958537988717,0.244804783083705,0.228739355322002,0.223384561229453,0.208180054799745,0.208907391703124,0.194029437449939,0.189155058958992,0.167581003287665,0.168625384423716,0.163639361138992
"3142",1.51724686428412,1.53481829698131,1.54840292078485,1.57180528476105,1.57537442590179,1.57324177955949,1.58654876940082,1.58999007299503,1.59332282752894,1.59108378768356,1.60447853901757,1.60813704280275,1.61732762806808,1.62088585498034,1.62771262511114,1.63154642484419,1.63519147586645,1.64487785944831,1.65850819055628,1.66228932603175,1.66624522804706,1.6702002913163,1.68992540459208,1.69399455166524,1.69807875333154,1.70270107518274,1.71718316679526,1.72751071016469,1.73248822175154,1.74727565412457,1.752188535665,1.75692720687405,1.76763685369261,1.78264751973408,1.7875600460156,1.79269313606131,1.7974805001636
"3145",0.648262829403562,0.641003514285432,0.631716636006654,0.630624748198345,0.622451759860434,0.607866853894145,0.606865467825428,0.5999294833905,0.59349472097787,0.586611753194368,0.585852949769781,0.578228778063954,0.571860770936921,0.570495749616107,0.563687356287103,0.556003290948453,0.549534146387019,0.546756454689254,0.541062876259053,0.535219533158019,0.518870928441427,0.518707085532115,0.50259994247052,0.496941877628888,0.48794270481598,0.481276782118905,0.466638056682989,0.467754850284851,0.455839707644457,0.456009199961355,0.451778672820958,0.453374119709293,0.448248431729977,0.444464369421643,0.445606848936868,0.435426006460558,0.442629626016752
"3153",0.426884676789683,0.441110221749193,0.456720053940478,0.465514725721886,0.479092282290797,0.503231609366208,0.512178252575646,0.52690759394399,0.551853453527888,0.566562658660292,0.585874107643117,0.60011215209465,0.615158831810433,0.634048552625543,0.648880095211531,0.66318327952604,0.682599238001007,0.696452754584606,0.722101976186975,0.737738208548688,0.747266244755028,0.77275845925041,0.788180423380814,0.798043763591827,0.824336501371781,0.839470662948777,0.860053771327613,0.866569515246201,0.871864293901521,0.89460359573301,0.894809572424835,0.911842292958248,0.91309668054452,0.929311355416524,0.930278074517977,0.9460401856423,0.947160109521518
"3157",0.599535375929183,0.592026474726219,0.577884279026571,0.576338461448079,0.574474423894329,0.572308764491063,0.565372809815975,0.564305317451654,0.557729050269343,0.556481510118073,0.566012994055179,0.558200055990894,0.563250301155623,0.561977982562058,0.566651061432317,0.564657319242513,0.576679921585559,0.573993598040282,0.579967459830573,0.580151750990804,0.59535632559193,0.594967529691474,0.600307251703553,0.599904488862922,0.606449308895414,0.610594093163116,0.610877953660184,0.617442251989798,0.616060653622849,0.622180512867871,0.622169523190593,0.639484785583212,0.640903994830308,0.646706265802196,0.647651931397184,0.652610273934315,0.653803043717762
"3158",1.08674163408705,1.08517560336568,1.08782256250274,1.07640922057711,1.07401880175636,1.05549242498084,1.05435765594907,1.05344487018953,1.04253315616731,1.04148165701493,1.0183036567555,1.01691715579643,1.00612034562944,1.00517712968226,0.997527529369034,0.9863377868856,0.985924102885337,0.974610468781486,0.974419987637487,0.974360840757191,0.958203149883692,0.957774766168134,0.94739487571165,0.94689681869064,0.937060984679111,0.929599332693188,0.929447407779268,0.919800715840729,0.919541967489706,0.910112434858703,0.903971779722949,0.899012450768967,0.899893258467221,0.910208641049719,0.920863767985903,0.924270979775719,0.93485659230425
"3163",0.131135344128188,0.139179957705694,0.149947366250911,0.154045936520071,0.159258589832926,0.172605386574728,0.171399453917872,0.186024419779348,0.200986350634889,0.205421108124744,0.220729720120468,0.234217299418626,0.233536425750337,0.247915096869998,0.252521795613239,0.259358746519318,0.274676288348467,0.277619049958585,0.287864216206908,0.30383834513402,0.309025489310732,0.324403290539052,0.339737446509562,0.339341526151016,0.355943117681081,0.360010865380566,0.36610401190728,0.356000678442257,0.360388244421772,0.3607297277889,0.36649903352052,0.363818644570401,0.371019922058469,0.371043452273581,0.371991717773501,0.366946622028147,0.368142111556979
"3165",1.86281965613463,1.85670470904834,1.83251276815713,1.82656212430405,1.80911733665296,1.79703161799024,1.78154837848865,1.77057178071878,1.75542078249305,1.74994913873943,1.72955528191752,1.73339518143631,1.72262434643505,1.72724357912628,1.72620697883339,1.72017538070463,1.72559965796289,1.72344835279663,1.71932401790297,1.70798605458598,1.691728999525,1.67970976048321,1.67349999979224,1.65132645349723,1.64605245822327,1.62282106219861,1.61684621733031,1.60582984140796,1.58881615321546,1.57774061586156,1.56207066324886,1.55761788883703,1.54729297040037,1.53141227024395,1.52062023205912,1.50390074790807,1.49326084757289
"3167",2.18771251855231,2.19171643245884,2.20374782817456,2.20069654368236,2.20209353072162,2.19444003643632,2.1917337565268,2.19501848565109,2.19835913316649,2.19456151420427,2.1826023081434,2.18511668587597,2.18857475178388,2.18598626436758,2.17246839693179,2.17514678410759,2.17326934544323,2.1756773155789,2.17991701270491,2.16850842214878,2.1722884669203,2.17603684723328,2.17984263725637,2.16767616736858,2.17226699096508,2.17504536211116,2.17325487041276,2.17793534791603,2.1612032847612,2.15016843976853,2.14459904242758,2.14000118758772,2.12957214082936,2.12378452523221,2.10872954717168,2.10224103077097,2.08485070396507
"3169",1.24730666775335,1.26155377873472,1.26434725702407,1.27888155535299,1.29247764238178,1.29662549914875,1.31132058976129,1.32604444489147,1.34098270188742,1.34882318828225,1.36386990042611,1.36818503515157,1.38321472413704,1.39789576787356,1.41274839988659,1.42137650594732,1.4265502476192,1.43477465838666,1.45122713658079,1.46685013001921,1.47637709027424,1.47524498755763,1.48490383597789,1.50052704002103,1.51099322587805,1.526210534723,1.53676276567375,1.54324432012773,1.55286755489858,1.56902688599164,1.57931038404409,1.59623963594197,1.59741826306817,1.61368368855405,1.62461258286886,1.64051051975901,1.65154863640299
"3171",1.47720212098879,1.46558198761408,1.46223743950387,1.45653866629636,1.45399386618042,1.44799798200158,1.43685031083546,1.42900299388709,1.42386124190807,1.41277095909312,1.41797132291691,1.40641819735994,1.3956438800619,1.40036362251917,1.38942958832841,1.39374913517855,1.38330354435579,1.37157528525855,1.3772541909178,1.36724312890734,1.3625611446499,1.3621594508936,1.35177088090585,1.35710703924519,1.34746090265685,1.3422405073771,1.34231426865276,1.33284521517649,1.32802637702782,1.32850698666691,1.32457491853211,1.31567848229085,1.31678204758891,1.31281506375446,1.30361018867379,1.30337882940451,1.30003984221989
"3178",0.34745767066201,0.357441564845677,0.373102060148959,0.38762632769925,0.396949784945908,0.401088712922589,0.418425215259301,0.423127066314689,0.433826037769507,0.451137570797371,0.456189715434726,0.466085871487413,0.471139968756632,0.481483277264506,0.502040087843703,0.506243468312722,0.51715595144992,0.520846797581969,0.532286705731421,0.544554256080799,0.555572734676535,0.566854485633467,0.582272815037796,0.59373760867439,0.600152997069327,0.611014629239101,0.623310321516693,0.629930816323427,0.650896323427388,0.656984525073061,0.668733498523576,0.681601958078841,0.688689069054752,0.700735162062674,0.711757572739156,0.717576307878395,0.712117316596249
"3180",2.47342706052741,2.5078632247341,2.53158307822785,2.55623471477834,2.59042689792504,2.61498508208968,2.6497139236559,2.67453363809936,2.70252416845374,2.72738304813582,2.75660542284177,2.7755741458712,2.80479106108092,2.82390285216637,2.84311656183557,2.87217964069255,2.89159008778864,2.92048606953157,2.93349971911939,2.96895450554263,2.98858828840077,3.01829374095227,3.03798035946121,3.06779796118553,3.08791579279588,3.11784796856617,3.1382008383351,3.15868897238886,3.18892485976889,3.20281962282562,3.23337347166868,3.25412639398112,3.28501026744161,3.30567704529879,3.33645405097847,3.35706113025533,3.38779399406064
"3188",0.593199829285109,0.607741059515517,0.606077055077942,0.615135772706848,0.623869418537993,0.628545451352453,0.630677696636266,0.629732051327849,0.63887481014947,0.638017053972356,0.642902750939724,0.651952506191683,0.651188024059865,0.65452559730268,0.65375553630155,0.6628707946271,0.662201367680254,0.671094854596934,0.664057133945653,0.67366161137707,0.673289079047708,0.677292729795834,0.677003061624324,0.680333511577765,0.680450357890044,0.690678208569414,0.691236809858641,0.701778109954117,0.702223373309547,0.706913164444251,0.707470980429942,0.718246046574573,0.719169449973894,0.729959869509215,0.730807667528931,0.741597682833747,0.742414209361001
"3189",0.594922738608709,0.577961651527474,0.566263786055287,0.549442165714714,0.532301577378698,0.521233873114348,0.504448840233869,0.493558578005842,0.476890538224768,0.466003482912313,0.448366716537713,0.43168722830012,0.420873454270398,0.404295735345218,0.393541188987983,0.370263606426357,0.359711060587123,0.343177484332148,0.332728563993916,0.31664637869506,0.306306077085859,0.290210902190818,0.289891993537263,0.273861349744787,0.263863868423258,0.241406857212654,0.231549153799307,0.216129726543231,0.206539342454763,0.191333441121557,0.181945808168838,0.166828313543246,0.157635714931296,0.14249888288294,0.133212555606366,0.118039745237707,0.102020286092957
"3193",1.66889282970734,1.70801449754323,1.74387567457812,1.78296523394373,1.81845963342702,1.8582351188947,1.90300793296161,1.93811052973641,1.9770498387618,2.01219514297774,2.05133512969496,2.08699956439785,2.12606695697603,2.17142744429522,2.20093590431628,2.24682808593048,2.27630205905018,2.32269137216601,2.35183277263352,2.40365561382272,2.42347230818222,2.45888057563153,2.47861082656097,2.50405487059774,2.5301568509522,2.56088377129469,2.58656078131605,2.6066162601374,2.63794199365749,2.65867378727278,2.67963016327217,2.71556482299901,2.73599706491994,2.75692002894983,2.78745647094677,2.81540070860698,2.84148590941061
"3227",0.805368323047536,0.834777955340797,0.850416126550279,0.869778321355287,0.877702343297458,0.898040398978842,0.921391462083126,0.940803370245736,0.943951233985052,0.963517374038947,0.972476299282909,0.98714670097414,0.996170385343923,1.01595086091099,1.00984251786662,1.00378832425543,1.00317443957157,1.00461937777657,1.00768423478999,1.00021959122229,0.99015136236809,0.974068088083677,0.963857260578819,0.947862298452584,0.931098347477472,0.922761877547151,0.896831255157437,0.876650006916843,0.858999945682558,0.824084965743262,0.798829286023578,0.778445888722119,0.748502041352858,0.719810751306554,0.690205465160999,0.655831658971375,0.625695641247784
"3229",0.535421059770376,0.598893430253562,0.669247272487594,0.738487912103323,0.808469879081393,0.872547835767687,0.941610958961124,1.0008877637779,1.04986632053121,1.09351283086168,1.14253582519689,1.19244627769429,1.24153801033883,1.28785339033796,1.33308547326491,1.37310435525868,1.41246151764269,1.45280000199805,1.48194852708039,1.5170721837253,1.54685567268506,1.57234266534275,1.60209327034805,1.62196363362162,1.65727783264617,1.67827460994981,1.71426774183299,1.74444866161772,1.77168494540805,1.80235946272264,1.83910290177608,1.87508497086853,1.90558628828088,1.94245302829993,1.97309484063155,2.01045343942177,2.04083185447161
"3231",0.108097352658854,0.171620998414276,0.22375390929266,0.291524695234291,0.350225568160574,0.408722275505723,0.486274278132373,0.567230803509095,0.654644776282436,0.732596911401813,0.820123937129598,0.896154083346272,0.943675053934334,0.991837859667333,1.03988630358561,1.09871966878664,1.13992345957015,1.18942033839816,1.18687832933335,1.1746616340455,1.16638010913559,1.16448658268153,1.14608286766145,1.14996841548072,1.11755139995465,1.08059131190561,1.05870644829758,1.03273876959372,1.00318095316569,0.978277837634542,0.94794053687099,0.911946515549792,0.880551392850625,0.840073894556971,0.808908301436312,0.762490293374805,0.736633829818983
"3234",1.541978703997,1.55098439057895,1.56028434563429,1.56947921169083,1.56884880765998,1.57818667565389,1.57724107024008,1.59210042911239,1.60118821788846,1.60043609873998,1.5925893043618,1.60205024643941,1.60698089986927,1.60624678366492,1.60559338064707,1.59845652679686,1.60351569496135,1.61320134645598,1.61250804486438,1.61193268188366,1.61739717255027,1.61717460420116,1.6169165861311,1.63268445015019,1.6325556922497,1.63330282786105,1.63718099549168,1.64334452874347,1.65444726066204,1.65501178053695,1.67159209745384,1.6754344323543,1.68610640387403,1.69138296853286,1.70213893294202,1.70775386027109,1.71833292701187
"3235",2.96851998043532,2.95193758951332,2.94679445351082,2.93000115379879,2.91989384702115,2.90414707075559,2.90308994519132,2.87682323571924,2.84986518318634,2.82929868976224,2.81164869806121,2.7861184460054,2.76506313151718,2.7449055401254,2.72451091113838,2.69834289036899,2.68796656672465,2.66373185736223,2.64268691189099,2.62209776234886,2.60203728056662,2.58151803103699,2.57122619481371,2.5447707480349,2.52363198198237,2.51453609809807,2.49785712597907,2.48741685207014,2.48357041817211,2.47458678632909,2.4601019619069,2.44733798490201,2.44152717806955,2.43665938044581,2.43107464765378,2.41690177432082,2.41079382462028
"3242",1.19906440195528,1.21797076206034,1.23111562936278,1.24319294439853,1.26234278090603,1.28155398174701,1.30057817012094,1.32391435160528,1.34299803739319,1.36219678606702,1.39126582818785,1.41054029574394,1.4397223580342,1.46891195998141,1.4881994180205,1.51756722981445,1.55687985359408,1.58617264741175,1.62560831425837,1.66513236387183,1.70478424659227,1.73454544519062,1.79426217407567,1.84422830896657,1.90426068293433,1.95466750182246,2.01522810356249,2.06573735030234,2.11638447816635,2.15689039151147,2.19753216306096,2.24161117537696,2.27667520041344,2.32757472262526,2.34840121987719,2.37942947653768,2.41016499946292
"3246",0.583607573551108,0.600569307482681,0.621554506569311,0.654514282044135,0.676351249858276,0.693058798023756,0.716182507729158,0.739334659891483,0.752739261518574,0.765840363642539,0.779400986585043,0.797673783819758,0.811177324035227,0.844195299381795,0.893176506005923,0.925717415300001,0.965130128831389,1.01288933332043,1.04708771249938,1.08703477072453,1.11650492988991,1.16195601989498,1.20157270386373,1.23137046478476,1.27869758509668,1.26345809807263,1.25982717068955,1.23396412908556,1.2189586049974,1.21509688785947,1.20104998339736,1.17820052351043,1.15110301513823,1.12724816564773,1.09981695407579,1.06541733606574,1.04816523173788
"3249",1.17107285852508,1.15402120189542,1.12779412303634,1.09949366256151,1.08217915719063,1.06533687079541,1.0484626757719,1.03186445237421,1.01396698976489,0.987307506139955,0.986612070581299,0.985701284959207,0.969054756793959,0.968297406720104,0.95754063007339,0.956793858823228,0.956323234212607,0.955680113381008,0.955232231189035,0.94498067328224,0.944650159012453,0.944223003880075,0.94386737155814,0.953400738236608,0.953266166077268,0.946380836464817,0.951956286898787,0.952165550578341,0.962571588789312,0.969029394774891,0.979714526879202,0.986072972123859,0.986799713864482,0.997364615029557,1.02377311816172,1.04431914120039,1.05815582245839
"3253",0.819580736825821,0.848803771099117,0.869215243393813,0.898527075042415,0.918595743747157,0.94843016299532,0.967513793269902,0.996744542634083,1.02263249835355,1.05201625831543,1.07097454109019,1.10081964082948,1.11993456655808,1.13938015720397,1.15884028378206,1.17306158051118,1.19235331586174,1.21257556998873,1.23171336506983,1.24102663527462,1.25078803239016,1.26055435412338,1.28608060510672,1.2960622011455,1.30569381935829,1.30679345767958,1.31721890607332,1.31749849568775,1.32895635643353,1.32298133614893,1.31973193022104,1.3099583328862,1.30049682718952,1.2916662590958,1.28236335520217,1.27983383233311,1.26027640226238
"3254",1.26316057864594,1.26514295256239,1.28416268662412,1.29600616342626,1.31441570733555,1.32706128958445,1.3445333806907,1.35665377150702,1.3740113653956,1.39613827258343,1.41377742757944,1.42648674300816,1.44397821254146,1.46211040845027,1.46010076079668,1.45876617173802,1.45006416767279,1.44941756339138,1.44697440325403,1.45065533578024,1.44474199936839,1.42853092106241,1.40670392924826,1.40042050529152,1.38386260285647,1.38456840988492,1.36829277684668,1.35812963054912,1.34386602003454,1.33474030111586,1.33162198169814,1.32736474616468,1.33341470567275,1.33008194060136,1.32626887937569,1.32344860205865,1.33504720235905
"3258",1.02986706188351,1.026217401869,1.0108127434118,0.994229430533962,0.978384170326842,0.962451643241922,0.955717706437517,0.939263865067433,0.922440883074243,0.916066396833357,0.899375416681822,0.893522087256985,0.886819464206986,0.88061096309953,0.874333601086145,0.868655681959324,0.878071397822444,0.882819163164017,0.892797833530203,0.902208155979647,0.911995719357134,0.915890343542437,0.935615487256071,0.955349353244766,0.974830910423462,0.995640557507506,1.01563257865491,1.04150298105779,1.06288506361587,1.09600218455044,1.12694993115269,1.15296202562271,1.18924981108359,1.21600750727508,1.24239789376256,1.26957439025953,1.29570368322454
"3259",1.92407531100503,1.92868829216205,1.94371478540363,1.94831483859213,1.95320229609431,1.95837485134347,1.95729175990662,1.95545687055768,1.96010668201209,1.94937435037298,1.95434993045846,1.95399128324692,1.95302816782489,1.9525353446954,1.95194866837288,1.9518131671354,1.94558089823929,1.93011429854949,1.92361492161571,1.91741496564503,1.9114308882425,1.90522101473526,1.89336769081581,1.88132215121049,1.86925041770506,1.84800080373814,1.83605382037839,1.82449640224821,1.81393194609664,1.80316811724415,1.78016178162992,1.76880827057165,1.75192243489574,1.74106280699213,1.72997620373619,1.71933332514303,1.71795913988232
"3261",2.30168974972362,2.34301314358211,2.39017045965502,2.41897613866382,2.45114261727508,2.48954174765676,2.51845375581843,2.55737249993293,2.58652425697542,2.60544827158667,2.62467792829987,2.64315408328025,2.66240370188442,2.67445231449525,2.69351056846338,2.69209422480881,2.70721853724318,2.70537051604886,2.70517945693408,2.72075239613307,2.7260305482244,2.72151836613789,2.7111670991248,2.69682143466969,2.69307544624565,2.68834940050189,2.68476013372243,2.67128804710612,2.65251422483121,2.63868263056595,2.6147783900667,2.59512415998519,2.58787075710634,2.55423636869516,2.53098614358378,2.49705564606568,2.47967728650962
"3267",0.836520334724108,0.835538474279784,0.819349444976342,0.818483301513419,0.81219789323287,0.805899036024394,0.804914613167887,0.798324362025239,0.781586435208235,0.775096079884608,0.764150296835016,0.763671698971022,0.740216887425343,0.739572540748026,0.72895093700115,0.718670055868826,0.708017795499622,0.713672595504722,0.702943061831917,0.698148574579177,0.687870935620906,0.683352573723301,0.678843533277069,0.668716526277993,0.66421527768854,0.660695222359405,0.656779614775325,0.647080036044889,0.643976286363598,0.630382612133835,0.621229879821338,0.617416736219802,0.608075296266592,0.604853482278811,0.611359805148247,0.596077867628837,0.586566244059821
"3269",0.225661700582594,0.250277565019529,0.279368326756621,0.298346558855951,0.317451168214731,0.352484945637362,0.378339292225133,0.407493137635854,0.426496402779371,0.461440650010277,0.480583251450759,0.509918559967075,0.529038977597222,0.554075490422707,0.563383654832755,0.582865323620266,0.60803136101901,0.634204390934435,0.649398503536112,0.648976975946246,0.664415806814495,0.674092836845,0.689548754838736,0.705098341012876,0.704979711269649,0.71101649936429,0.717024559535568,0.707379785337971,0.720467159852131,0.726829578124661,0.723294154320136,0.713931799029409,0.727187590272388,0.723747103772662,0.714540386599437,0.711150064330305,0.747638009547247
"3274",2.0423410883368,2.07543548022305,2.10831543152691,2.14158351672997,2.17468961357914,2.20797101861813,2.24118971955263,2.27449476546915,2.2978089210249,2.33117726772375,2.35454187111678,2.387874425666,2.41128931623384,2.44464832579511,2.44811026696245,2.45727906820956,2.46086210540411,2.4641288463187,2.48366069286879,2.48751487814602,2.47713068425906,2.46684813692126,2.45076689142727,2.44064126013619,2.43075634895831,2.41506270039935,2.38552523562898,2.35605635856436,2.32062590364539,2.29113503879465,2.2617011702504,2.22252715934208,2.2001530266691,2.16088254251047,2.13176755739452,2.09240448890115,2.06327372381217
"3277",1.36535676141221,1.39964720778691,1.41325724681052,1.41760807167175,1.43153961419755,1.44609239473012,1.46067234582005,1.4813396079861,1.47604699830433,1.4865974122509,1.48169830318756,1.49220077417977,1.48705157472388,1.50457814437919,1.49529393113468,1.49594501605108,1.49701779746601,1.48199827801293,1.48312864045233,1.48444687705836,1.48562683398668,1.48094532598128,1.48548491867484,1.48650982045993,1.4821114203488,1.49000283757922,1.49559982112262,1.50740134655017,1.51345695457041,1.51568270633524,1.5221135446964,1.52854659819866,1.5151110567541,1.51143475474328,1.50365869207682,1.48992767027797,1.48625402202002
"3279",1.90330317029962,1.92485295943927,1.93891485486809,1.95324656903988,1.97316188611077,1.98369094900995,2.01090736589444,2.02165172163234,2.03630220545706,2.04690480179417,2.06465136828656,2.08529107994416,2.09586315216915,2.11245484930878,2.12323735024563,2.14083652314814,2.15195225597263,2.16879073589242,2.17984590140669,2.18114185146245,2.20474783814868,2.21579923743556,2.22695870470795,2.23792341340746,2.23921965180209,2.25133195929306,2.26258411862079,2.27432028741569,2.27621015114317,2.2826925272612,2.28916052104502,2.30131159131243,2.30782156710657,2.31413240308668,2.31053147534326,2.31680898897448,2.32971583306336
"3281",1.15980554161068,1.19820417138742,1.22526884876226,1.25952421429619,1.28718963774914,1.31561813966963,1.3901652225618,1.45922589287354,1.54398688054486,1.61865524136967,1.68805577051529,1.76240236967136,1.84730150520666,1.9320852913858,2.00693312876553,2.09143910077309,2.17675225564477,2.26113994238094,2.30668646490333,2.35236815802913,2.39771020328998,2.44302558799563,2.48176997982553,2.51702081065,2.54288602259704,2.5579267564245,2.57357667422991,2.59972319780254,2.62110239167346,2.63748857563656,2.66376112822743,2.68620667402414,2.7129369363755,2.72910959878966,2.75562142585984,2.77152140507922,2.82378862885047
"3285",0.208220273601541,0.215412530450324,0.227738968797127,0.225015925514867,0.23763209817021,0.24495039052273,0.25807060362601,0.267165691865613,0.277304860315571,0.270570916659642,0.274090490784405,0.277196070086512,0.286337227578229,0.279672890707253,0.278832672126645,0.277816172009136,0.277287065460272,0.27041546076556,0.282448243908375,0.272245256786135,0.267600756466366,0.262981786718902,0.252614995781401,0.264664235169518,0.260617841631339,0.245896767569562,0.231849969303976,0.228117764312484,0.213813494303446,0.200132676140125,0.202170393649424,0.194666615114969,0.181461022751064,0.173546371644459,0.160149670885081,0.152022072470772,0.144405259172268
"3291",0.538794692694468,0.561144277669492,0.580641047903857,0.603367777824147,0.614225175864926,0.636020127118512,0.654806008502307,0.667790796367988,0.687005267864652,0.705633272736168,0.725035346676873,0.742664869420335,0.751978384605212,0.760446556001527,0.774980710017057,0.792599639442079,0.807767682030342,0.814496022454773,0.820525685718032,0.83219933422007,0.837303420391924,0.832752977121837,0.83808544933992,0.849433164908484,0.852030569825015,0.851985479771512,0.850080765753947,0.85270403593454,0.858508171081265,0.850302995300807,0.857552665858951,0.856694546337335,0.855702385059744,0.853233406375616,0.857540189650203,0.854226591979926,0.853084736201759
"3293",2.92031125383801,2.90505700681497,2.88087861368024,2.8655117895248,2.8408663506706,2.81640090682579,2.80106565611993,2.78621318500933,2.76653372615335,2.7585145427316,2.73345935461535,2.72489100349364,2.69962343559149,2.6907935142498,2.67605163840726,2.66778264929084,2.64885090183551,2.63550062120683,2.62035157636269,2.62132912719987,2.6135624864746,2.59886777292038,2.59432781354703,2.57956804656343,2.58454435475646,2.5976510967273,2.60297006427752,2.59862278341138,2.60008626812504,2.60673298660452,2.62782197365831,2.64361978711091,2.65394168551635,2.66483496670639,2.68439616713516,2.69581989455397,2.7100727068056
"3294",0.880988512477489,0.861086482280028,0.847213220800743,0.827039809376042,0.822871631628758,0.809507151111635,0.789725143666347,0.770735837820053,0.756673772546738,0.737390104457914,0.724171163490885,0.705388005283599,0.691536138216268,0.672806989039318,0.653783060657376,0.635418616057345,0.622550376019332,0.605155096792942,0.595902668429678,0.571401597717887,0.562818262300231,0.543628013229348,0.518999058563947,0.509405965745826,0.471600941255656,0.441597438763017,0.410020099189144,0.385176793838781,0.359896958773917,0.331059927068094,0.290755709399558,0.254656646548527,0.218859620877952,0.186935408632869,0.145415739324058,0.110588826561606,0.0685243422010745
"3302",2.3292446108416,2.3381079801058,2.34414319557449,2.35322227823021,2.37231600977655,2.36573482654874,2.36783045110946,2.37115507214781,2.37019891087786,2.3736282151864,2.37267319334389,2.36620830476044,2.34959782764155,2.34878440343517,2.34230109320442,2.33168387531537,2.32522613063241,2.30220740075846,2.28582018357394,2.28531992535265,2.26921434040906,2.2531794698345,2.24711925810779,2.21549520366581,2.18968066771983,2.15855444349755,2.13323109803162,2.11213733160498,2.08127697430082,2.0302752739325,1.98940036331804,1.94851908950144,1.89782983136122,1.85712388953345,1.80972706720181,1.75912801671083,1.71825348367112
"3312",1.32533283574687,1.32230620853332,1.32177860629705,1.30634119512748,1.30255388279557,1.29348189707229,1.29087545413693,1.28816915664944,1.27585591542166,1.27317652267134,1.27086045907991,1.26753634501254,1.25530354043301,1.24819338686078,1.25136197177236,1.23799309915678,1.24152191917994,1.233181003252,1.23739379856345,1.240650330769,1.25431142095241,1.26406407947056,1.26792520336628,1.27789606679569,1.28868343835844,1.29787675981858,1.30876914166939,1.31974576817999,1.32894369056256,1.3392326553512,1.33936144922534,1.35665834009626,1.35814850692788,1.35861518851569,1.37554377827293,1.3754254134278,1.38257898579598
"3316",0.595659415123842,0.604100173344344,0.59534674546326,0.604066029903302,0.606078945479618,0.60439738202164,0.607505741619764,0.606405591550412,0.605519675276207,0.608641476728856,0.607885374776956,0.606287102530003,0.605506267817222,0.604316073210351,0.603321046858841,0.607534844540616,0.606903661549188,0.594888461186648,0.590509118330942,0.580362875535782,0.575611779501183,0.564442944836703,0.559835960414583,0.555424467044766,0.557435263739916,0.552599084851232,0.54892435955421,0.541208391870132,0.542380257549708,0.554360296098523,0.550468811836799,0.553235764877064,0.566036602791939,0.567277139005855,0.569809242659546,0.587416675310604,0.600027295163202
"3319",1.53481709855474,1.59016102332713,1.62948800857066,1.63787920909682,1.64220000857916,1.6531482037971,1.65196833216326,1.66374478787273,1.65819881626991,1.61248386308643,1.56745076286574,1.51122381938687,1.4658016040718,1.42016967031285,1.38610577128888,1.32142937386043,1.26225929070939,1.20731201108401,1.15424572791248,1.09557703179883,1.06508429065278,1.02452167442845,0.984047533516568,0.959928185883251,0.92030120775021,0.888631232456477,0.871379527640215,0.849158621087394,0.84124644097765,0.824949937259331,0.808337929960303,0.786896480276878,0.776957388448918,0.760133657890954,0.759807703318906,0.742395434570868,0.732155771280552
"3325",1.38482993898428,1.37164404110415,1.34077701967936,1.32780453488487,1.2977950765695,1.26857405287121,1.24584348240813,1.23322783202104,1.21080668990162,1.18805816455866,1.17593587335644,1.15252685496394,1.13597573469215,1.11319234170545,1.09634567934932,1.07296612698944,1.05761872159318,1.03935977946962,1.01789647636734,1.00221110805757,0.980109909650353,0.963935835052256,0.941963478952926,0.925794949674148,0.900720536591677,0.883485057559213,0.867999888089412,0.853006044548037,0.820244387599442,0.804871492088625,0.784962423110866,0.770711903549501,0.75637960806091,0.730713056357994,0.721709213449192,0.695227462553952,0.670646876423614
"3332",0.262356039260669,0.275349524395913,0.277638879443395,0.290957627130617,0.30378424019715,0.30675645992621,0.309981762563594,0.323110404416729,0.326508891542408,0.322900062820301,0.331923494801365,0.344973638774613,0.348442281624511,0.351576682578256,0.360688640435721,0.363742480044647,0.372955407873753,0.365565919788399,0.375201091188072,0.374809614011303,0.384329765844154,0.388375038546628,0.388061809283678,0.388171496271264,0.398632036304752,0.404438600497474,0.405416578629978,0.416256739518934,0.416316805813107,0.416679702901629,0.42286841494804,0.414011453301903,0.427694005530362,0.428500055323173,0.435392822575869,0.425984461738292,0.432981815230641
"3343",0.553424107962879,0.552306568131746,0.559967449681186,0.569074114661558,0.558287362470803,0.557521785796506,0.556507838465468,0.549803918832841,0.548839491143206,0.548017038939142,0.547015252580393,0.536317242129994,0.519696412363988,0.518861141850707,0.508129978483374,0.49752165561232,0.491023246121946,0.480350475566558,0.463109943819058,0.452565519841198,0.442215516547276,0.426198405500292,0.4216740866114,0.411643101339049,0.401594740530984,0.392160585493575,0.382721917646758,0.383208448241124,0.379827446579871,0.363778725446953,0.360330291940715,0.350926392232799,0.347528132433362,0.338538243340737,0.335167128250776,0.342191106800328,0.338687150627956
"3352",1.9824459480801,1.9871302603391,1.98644482002804,1.98134282419157,1.98071979416999,1.98004665541407,1.97480188982555,1.98385729405459,1.98864266449178,1.98785402506888,1.98680919007941,1.99196802085436,1.99109838357621,2.00605336739401,2.00535236943453,2.01061861494245,2.00985257537627,2.00933265128728,2.02440645234154,2.01381162569983,2.00346381498997,1.99900509316413,1.98872840244913,1.97876599847684,1.98448133776195,1.96520779725438,1.95587637240683,1.95216377341786,1.94312591013238,1.93366817603806,1.93678065631419,1.91746148239787,1.90836295716256,1.89941342937785,1.88611346252874,1.87736743251611,1.86818452490453
"3376",1.13895937657413,1.1780011212781,1.21775122658841,1.2512235074959,1.29086974241744,1.3403758294669,1.37363247862588,1.41584275879009,1.46482950269729,1.50835176121257,1.54726311416993,1.58688998171409,1.62340061020355,1.66272927304357,1.70210811918578,1.74191629592991,1.78115459610327,1.79535012793953,1.81451110397042,1.83382850421627,1.85353418287993,1.86752444510748,1.88725839222393,1.88725257159502,1.89121753950428,1.90220006809765,1.90271789839282,1.91309110133131,1.9244041826214,1.91502942682576,1.91015622552678,1.9163658782764,1.9070780997118,1.90823432757166,1.90905193118771,1.9006036602695,1.88121572205088
"3377",1.62156205335024,1.61787168964514,1.60607025184782,1.59211320987142,1.59629985356393,1.57765440304632,1.57354293928654,1.55420869909045,1.55105459477109,1.53166701699778,1.51778232053453,1.5148718872601,1.49498451012701,1.49167554895193,1.48815659471855,1.48544951643507,1.47196053104281,1.48153373389503,1.48902455264624,1.50358037605707,1.5118956052361,1.51983086239288,1.51796319533632,1.54391658625879,1.55729292222383,1.5720314560986,1.58130860531118,1.58530372318491,1.59759212990406,1.62431250346944,1.63542776457277,1.64545778935938,1.65156005381601,1.66236296580876,1.66277741426503,1.6697749227068,1.6813741636708
"3382",1.01019639373624,0.978570341365431,0.945399796750991,0.924059786204162,0.891709094029546,0.869959237034146,0.83453194348021,0.803398425832226,0.77823478386981,0.737073538869044,0.706294888996646,0.686167773511688,0.651116439068754,0.62565362978031,0.5903936896977,0.564583220547399,0.529693267462592,0.503425942514699,0.479023477313529,0.460386705594732,0.445622336702378,0.421069446879367,0.406450570242963,0.387820189100358,0.379871519276063,0.370787645809369,0.352947493723556,0.345276652315979,0.330643626796537,0.328403885470041,0.31372491409674,0.306496795650219,0.299314906004145,0.291466155893368,0.284049294091262,0.281667819350452,0.274336832569914
"3386",0.697053217719127,0.688223026951272,0.683530895238636,0.674906930564167,0.655210073131907,0.646159892203894,0.643439463987199,0.650814566706312,0.648364700325603,0.645657705873976,0.660309344017065,0.65700369644649,0.664673490515795,0.677648392936425,0.685055004220779,0.69753055405398,0.712113808067764,0.723958798739267,0.738174306282168,0.742393975303776,0.756056484253818,0.759913567647815,0.773719893515263,0.777644820621287,0.798303331703127,0.797115740596617,0.801779835167293,0.802590259278881,0.802473313131583,0.812865457907783,0.813000090724621,0.820313599134387,0.821789361581528,0.812053677776181,0.819786270551282,0.82506247044387,0.816369550517565
"3394",2.2519375739008,2.24112972785112,2.23745693388783,2.22672224618362,2.21688354532841,2.20678111610808,2.19579866264147,2.19500087990047,2.18391217137679,2.17329245896337,2.16216983320767,2.15215444557637,2.14117966303069,2.14066318645979,2.13013278368774,2.11451818556334,2.10377641876268,2.09429200461913,2.07752619742421,2.0609905228561,2.05076033637676,2.0347199895418,2.01869950733863,1.98622380523517,1.95987954501817,1.94542266101055,1.91992078856648,1.89430958903746,1.8803109736388,1.85527455434249,1.83059804567261,1.79496174309036,1.76967888110362,1.75092353779896,1.72583369195498,1.69188459544224,1.66647101544937
"3396",0.939076225609182,0.942250165653701,0.94168638957964,0.950640494755104,0.944190215700911,0.943603992396176,0.936755204274803,0.935922246831285,0.929066404364274,0.92251869333232,0.911588356864462,0.901113667888451,0.900141264955906,0.88949023819895,0.873066328303157,0.86276264529821,0.857910525632554,0.847877827371328,0.837123900783912,0.832362933164379,0.822074156665682,0.817463302805108,0.802910942522802,0.798380082725898,0.793765826303221,0.795861577373973,0.781682849295464,0.777655449781314,0.770344181087673,0.773460165588557,0.765921401899082,0.767898690047048,0.75434434511346,0.756857227888436,0.749133124006178,0.75196469972492,0.748232616644038
"3402",0.000525853062889454,0.0178511407944782,0.0422806899675039,0.0670305942487443,0.0817199940577759,0.100781226117319,0.108574954539,0.133343438809636,0.142350657434027,0.167230892617717,0.1662276590367,0.175440739380957,0.190311479346567,0.199431400480277,0.198661650184168,0.207972903652575,0.207231898861237,0.216466070808486,0.215854777818099,0.215342537788106,0.21495708664324,0.218924210364061,0.218613833084087,0.212796832929964,0.212823569103116,0.213234532453467,0.208038302103051,0.209507282418337,0.20009221295049,0.1948439222593,0.195501343356463,0.180536949491352,0.181532272549706,0.182447483917708,0.18338814854803,0.184348400999843,0.185223206637241
"3405",0.890742968557594,0.909292528060428,0.911304694313917,0.930052222559989,0.9425213799421,0.96117432015125,0.980010934302767,0.990101408478433,1.00911731699656,1.01805690659468,1.0314743242195,1.05017049515463,1.0593029791024,1.07824263147398,1.08731837590204,1.10610271102457,1.11546332125331,1.1339976109235,1.15027936821515,1.15580121307271,1.16532259746534,1.17497896716422,1.17460185960091,1.19678329454916,1.1871493875931,1.19244014615132,1.18292320544791,1.17937721247174,1.17916865272463,1.16965148033233,1.15585013369972,1.15277601343695,1.13398740692239,1.13035805504196,1.11134452621132,1.09740606753165,1.08844175798341
"3408",0.0864131786667372,0.0792392463658517,0.081039596911874,0.0784257154883647,0.0708504160581855,0.0736114454169123,0.0767403317133685,0.0629655922291833,0.0662937163493222,0.0594736858049074,0.0628045571159759,0.0656691002990796,0.0590927278054874,0.0679281215860566,0.0612105062849607,0.0640962142918296,0.0633597996218044,0.0558078402313332,0.0655098446374151,0.0585784260276089,0.0523175530420056,0.0520446033855979,0.0516902267882457,0.0458660967476607,0.0462833383666836,0.0460397850136047,0.0467663592158265,0.0475347425056979,0.0374407028493266,0.0320941972707027,0.0382919229633502,0.03284144907865,0.0398327758378894,0.0305570704585995,0.0315897711475418,0.0378725389373509,0.0289499976284687
"3413",0.232124623664896,0.240714237036507,0.251176403858741,0.250198107259928,0.258552012225689,0.261334861787651,0.270277733975633,0.279059592874321,0.28246412797471,0.291399099870853,0.300373399243543,0.303178207615763,0.302415082532751,0.30538205636543,0.31439582125347,0.322932645201376,0.342070002656426,0.35080081046877,0.360544503356795,0.370186981678109,0.38961927892426,0.393700184692082,0.413368404846668,0.42358797417772,0.444317603600246,0.464165166554069,0.475439001742387,0.486501042468419,0.506219756571799,0.516494061301105,0.526764684270967,0.538196849195537,0.549682532680336,0.560487714477718,0.571746690700346,0.582200052741453,0.599420988528683
"3414",1.57199619404206,1.58513457923941,1.58574308207191,1.6147706416602,1.62826324227522,1.64180431820127,1.6480859150312,1.69142391140231,1.72461565906417,1.75804586394111,1.80129315335409,1.82814905810206,1.87720194190546,1.98072100666611,2.08427311273867,2.19812590666507,2.28921373598488,2.39330950923103,2.50677817890673,2.64044393353866,2.77860478830036,2.91250683420884,3.05066558628428,3.1946976868908,3.32288546454285,3.35191755440516,3.3863651035923,3.41418741846299,3.44372892888542,3.47865039403116,3.51376676707801,3.48843379727739,3.4666952305003,3.44189698361324,3.41683796291202,3.39233316631892,3.36703555897836
"3417",0.684684867954984,0.673426203367765,0.652002755949909,0.6351909709405,0.623993767664708,0.612998184773955,0.58614090362805,0.575149738656857,0.564138267919926,0.543213167231323,0.526510246644134,0.505602873814181,0.494704230444239,0.473792445022754,0.452983953207205,0.442179567497,0.421480964910317,0.417177486834973,0.396658170739318,0.386235113864473,0.371585147675309,0.361281662355644,0.340945877496224,0.340820520765962,0.346681614192636,0.346828973347535,0.347328752338064,0.350360869928856,0.350726855959892,0.367038546935933,0.377642375724617,0.378540151348792,0.402026883404103,0.412834425388776,0.419584807621546,0.436096592190281,0.447042334802593
"3421",0.0824267451303544,0.105405562776616,0.117988739175464,0.141196802538385,0.164120178974347,0.187235583168559,0.194632068711343,0.217822495273421,0.234212952195678,0.25174751554479,0.275029603950588,0.298249227522747,0.315860487618965,0.34231950289178,0.359966206576324,0.383302988855071,0.401056920328493,0.418447531060414,0.442178741992425,0.470233386675297,0.494041260707801,0.517977837655315,0.536106691249669,0.550222546415058,0.568842595451206,0.59312129460541,0.61787373222166,0.642691695198817,0.657220232420906,0.687751903076514,0.702555964622227,0.727703669397481,0.742993243759273,0.777995012537325,0.808943786073697,0.843840684543871,0.884760009247888
"3422",3.0102258706298,2.98191924834623,2.95972171883743,2.92443461248804,2.88645728880189,2.85855581928682,2.82594698010097,2.78780990835611,2.7525692302967,2.71449178431837,2.67628377369925,2.62847606174706,2.59022891590282,2.54649419531363,2.50851303177683,2.46080234525253,2.4128952851188,2.37535395482005,2.32736605416744,2.27384178142067,2.22622392859624,2.17852958061382,2.13088824821914,2.08899870832426,2.04143912897108,1.99432584660493,1.95699527471851,1.90992904992078,1.86908235519373,1.83245636603494,1.79169255899085,1.74831089996591,1.70749216868917,1.665129821024,1.61848982389717,1.57617358232585,1.51689805650269
"3424",1.64072341349475,1.65355431088036,1.66000326931599,1.6729570856184,1.68547498401836,1.71270496969113,1.74575692973189,1.76901922255746,1.8022161431705,1.83542994039851,1.85887578865086,1.91195679391563,1.97103728548784,2.02432050325902,2.08343798818769,2.14239756520393,2.19605279157894,2.28069396617576,2.37028761824175,2.45002330827156,2.53536369440633,2.61495379833569,2.69456969615528,2.75660350592919,2.81248852793351,2.85787454525523,2.91381660436599,2.97584497863754,3.03832088048631,3.04807622702458,3.06020795832085,3.07690503220536,3.09371068894628,3.10588691270539,3.11586308900221,3.1179426321673,3.11449527776589
"3425",1.48305234899586,1.47003413948127,1.45920001738189,1.44616584237891,1.42573251964129,1.41151059948007,1.3803111421406,1.35534508458022,1.33113375787673,1.31023683227011,1.27547176280395,1.24006152276676,1.19446795307109,1.15244043772065,1.10710599314905,1.06517971845727,1.02027769055188,0.95394998971935,0.891547394234278,0.828670285393264,0.76225596496985,0.705459562546732,0.638879678462172,0.589035113437156,0.539734134167747,0.495754518161453,0.445792434080021,0.396803295914381,0.337987490791889,0.303137027222432,0.273899046704569,0.23865426020109,0.203519265915043,0.173698281917859,0.138352040233424,0.114081982229903,0.0800812114527857
"3431",0.826112519801279,0.830283017022321,0.837512723893575,0.841974086829316,0.845650807727914,0.84982515583013,0.844404507448497,0.849033373804122,0.853835484740784,0.864231598339762,0.859125738202592,0.863430331738961,0.864102486035222,0.858697374190314,0.863481902419695,0.857868551689182,0.852933004261811,0.836946542949697,0.832420391327845,0.827915941665555,0.817409657631985,0.812868887421018,0.798263367499677,0.788141350054701,0.774317814389533,0.769730539127749,0.750368545339501,0.746887324817606,0.726733769205444,0.717189929417685,0.69760831824079,0.694569421766069,0.675824097706055,0.666487008757288,0.647529620821492,0.637895030654868,0.623213475092859
"3433",1.73905696041469,1.77181128938754,1.79347785900524,1.77647585126896,1.7487456868207,1.7314717252978,1.71029732392964,1.69343409505205,1.66671631399779,1.6356090930322,1.60475797412072,1.57332457784925,1.54353621447362,1.51235351062194,1.49135979440245,1.46568249675976,1.43499806369525,1.41315638842119,1.38866804191858,1.35843599726458,1.34368307008777,1.31912839519986,1.30451299280027,1.28012728334227,1.26633153597532,1.25163502153299,1.22801447046998,1.21031259241603,1.20163165448076,1.17786691472166,1.1598296021792,1.14681289350328,1.1296377590467,1.1018409102744,1.08444620086103,1.05636302317922,1.02904081612814
"3436",0.609342561549504,0.61817862900979,0.617285181784924,0.626252218518219,0.62963615082417,0.645775269331327,0.644672535616568,0.64797396359477,0.656920022905005,0.666047414189026,0.669317904714043,0.678598931016962,0.687663153496341,0.691085101813572,0.700330034896467,0.71067244069034,0.719976573913351,0.72354215171234,0.732924752022611,0.742445900201326,0.7629233534748,0.772604588111585,0.776504904089473,0.796348383840512,0.800576349007044,0.820813098028314,0.825452185488534,0.845938488785407,0.860739941880749,0.881333195302561,0.9020313421247,0.92364098922546,0.954629872979004,0.96969039491631,0.990600917700958,1.02143644471088,1.04648495147002
"3458",0.679277259996426,0.671949896377776,0.657364330875328,0.660397616601226,0.652408368191505,0.644869525719562,0.647952355322709,0.634079002192153,0.621673828592885,0.614740055094736,0.608082299715253,0.594882783135048,0.581502290699348,0.574444222333999,0.561875316540823,0.554479791837979,0.525501128353381,0.517623030767949,0.49587503534623,0.484109652798262,0.462019571669151,0.445972102822648,0.424056776032628,0.402455909328565,0.381536955550836,0.365173822256772,0.344422770138305,0.313768810297575,0.291689619492333,0.266296493402572,0.235009581900713,0.214873873419012,0.190539657399837,0.152890040551925,0.122449649420732,0.100970221340029,0.0706553732374328
"3462",0.614291967320835,0.627131412556653,0.638995167809914,0.667925290267386,0.67349884921469,0.676327080238174,0.685219975704076,0.698280803909187,0.707370875815161,0.720545943018908,0.729541305333319,0.732411521733039,0.751593024109184,0.7603755866511,0.769402977535092,0.788041888491672,0.791457153324018,0.799593963319566,0.809254216942191,0.818881542153755,0.82834892652856,0.838130021039387,0.84201876458972,0.85210332673472,0.872633913545343,0.882525053371688,0.893528638982551,0.904432205788562,0.914349459510171,0.918948336773465,0.939340129394654,0.950616685828752,0.961977677369646,0.982783345475514,0.993951542815138,1.01448907548678,1.01997118310816
"3463",1.38000776865248,1.38711322886657,1.38346184078159,1.37502574447923,1.35484347266116,1.35779080327695,1.36086794788283,1.35829578330982,1.35153035561827,1.34210443881835,1.3354534822804,1.33852994937185,1.32611013673938,1.31253565584022,1.31589286381193,1.30334353213949,1.29691554480688,1.28996808102007,1.27713906028742,1.27102232229596,1.26482770708003,1.25869556894443,1.24256042294826,1.23653306315903,1.2150910132677,1.20916954866122,1.20369257252804,1.18842863912774,1.18287327781943,1.16108366614174,1.14015881664813,1.13524484851967,1.1204735270364,1.10961549045426,1.08804681609242,1.06711103622502,1.05544184962024
"3468",1.17730634142012,1.18996845215657,1.20123762567053,1.21418994704582,1.22621384000469,1.23875218231185,1.2575521752683,1.27061958615452,1.28391850937494,1.30698535654827,1.32037759413592,1.33874428646007,1.35214765948397,1.36512441917304,1.37154618415733,1.39000981738464,1.40354953628627,1.41578717659258,1.43556703735049,1.45959540981128,1.46243158025942,1.46633269078264,1.48017356715441,1.48999368720579,1.50468807985045,1.5141159007433,1.53469134875556,1.54967927802126,1.55932200737703,1.57400468450253,1.58437508696944,1.59987029687794,1.59541407693606,1.60597884660761,1.60125649032607,1.6056205218345,1.60098208583774
"3483",0.103885936388807,0.132677246794035,0.145861106405059,0.169087713803351,0.188113540927684,0.211498572300162,0.230384231340907,0.247882655540316,0.261074838279281,0.284415518165087,0.307646783683247,0.331100403566824,0.354404106688544,0.372001517465367,0.395447771132165,0.418986368429158,0.452494100002314,0.475992812976713,0.499600136702466,0.533340591553761,0.547179545574009,0.571094599181379,0.584991936335864,0.599079492954576,0.623291545124215,0.637813062451015,0.652472282485454,0.667190491412526,0.676260528589654,0.691087653934569,0.706027803815642,0.721024605995383,0.766211375174324,0.795534648457381,0.83066226309933,0.882398551928556,0.917462603607738
"3486",0.290724785797166,0.309360753092492,0.327347813166615,0.336324058597011,0.354854570309784,0.373552498562422,0.386697701112124,0.388649890382921,0.407706370013906,0.426688874549562,0.445637008919307,0.458692587906393,0.467842867879904,0.47094372790089,0.490020963293568,0.493092971010369,0.50225856314809,0.520697500711518,0.524486531105204,0.534041127351018,0.537775091951548,0.547552704354556,0.557217405500679,0.561535390102355,0.561935158390805,0.572044100001087,0.573000718923441,0.583831990967828,0.584011143853949,0.584436393499877,0.58493109607078,0.586077086929569,0.589786631360864,0.590669464407281,0.581825732170325,0.58831506522927,0.579534432406103
"3497",0.800071446910149,0.782937919593193,0.763868575020725,0.746996688716208,0.729756896465192,0.712769213857014,0.695864961013758,0.679014104810478,0.662255141165147,0.645470252665235,0.628743130393865,0.611818095857507,0.595165150565918,0.588331720739845,0.571657718591158,0.554782203483866,0.53827471499221,0.521125774644823,0.514917626805682,0.498773817954892,0.488295806654552,0.472223256087556,0.461860918062118,0.445984586283126,0.436246851262431,0.430389837875614,0.420998578425968,0.417450399740847,0.407606354658044,0.398121466478999,0.388666324836392,0.379719984925649,0.376674193136308,0.36324260972438,0.354269138995428,0.350691313379773,0.347499789039815
"3501",1.1938013649578,1.20436233662379,1.20644898882696,1.2227767043424,1.22437616055903,1.24157777318256,1.24201108317751,1.24851005490784,1.25881065332708,1.26544750756505,1.27158314187715,1.27899006316253,1.27943130112637,1.28628846640893,1.28307278155844,1.2749917023351,1.26580013894646,1.25833719335382,1.24871126167603,1.24515410863732,1.2364996147829,1.21192540917324,1.19742847314057,1.18301468780469,1.14550161154707,1.13288264027521,1.1086868516783,1.07288118056715,1.02937100813967,1.00108179187971,0.960820840829493,0.92497728711225,0.889550825207397,0.8335690065349,0.78685179315867,0.731595700247229,0.684442622418821
"3503",2.27021162441734,2.28928137671562,2.30385423995,2.32724460145004,2.34140769277589,2.35540575714205,2.37433519428812,2.37773570114899,2.39082954377708,2.40436610158873,2.42325090511152,2.41733635266493,2.42630905862039,2.42996507463687,2.42360479362995,2.43361026893542,2.43711418578047,2.42747779692698,2.41074336477975,2.4000203219661,2.39398948194163,2.38365639725386,2.37336380884326,2.35406300669582,2.33359948735814,2.30460520899869,2.28485453198066,2.25931012761382,2.24659096988601,2.21734226733672,2.18839419811791,2.16869960179576,2.13932405310013,2.11050340041055,2.09126405245221,2.05291642338052,2.0233884031568
"3507",1.49334536111923,1.55255271523863,1.58351320482704,1.60700058453047,1.63734534877137,1.66738999758457,1.6905983405992,1.71981588385273,1.72287466031958,1.73226415835277,1.73533437575294,1.73866310548231,1.74183528025702,1.7514148542279,1.73516516034551,1.72979998047442,1.72236195054029,1.71766761809449,1.71648248970829,1.69984767053462,1.69966593040952,1.68356288951428,1.67753422025448,1.66735212987746,1.6607613756298,1.65229941249265,1.63992060838881,1.6398915780123,1.62635907775652,1.62724729659769,1.61858028230645,1.61268962317054,1.60300579010945,1.60438717343124,1.5892120106465,1.59140200824994,1.59155980239919
"3509",1.15509277584486,1.16642275574888,1.15971227502493,1.1639890960694,1.1577285554367,1.15783739379289,1.15231647523931,1.15706527309055,1.15746054685207,1.15212791690846,1.14708911179187,1.14739653654428,1.14218203605548,1.13697168427865,1.13758400890323,1.13230917150368,1.12749660550095,1.1222091867821,1.11753341868607,1.11302660260213,1.09836235605836,1.0936754671255,1.08903805323496,1.08437048667947,1.08589278810147,1.08134141946828,1.07713801655527,1.07330543350769,1.0693147218291,1.07155157384952,1.07800311278158,1.07461565420356,1.08136389696232,1.07779466552177,1.08352141570179,1.07991468424095,1.08638207356469
"3510",1.05990642860011,1.0482776763872,1.04153884127878,1.02995846190808,1.02359166783447,1.02795802573505,1.0223895563188,1.01144592041726,1.00603052165724,1.00068908063964,0.995733180212706,0.990310490751191,0.98505476079653,0.973126217906832,0.968011307910468,0.952865383822431,0.94815043183862,0.933169092580359,0.921845387206811,0.907366492685316,0.898522381566272,0.873744759747128,0.859090557236962,0.83421302707884,0.819719914443518,0.795116166592658,0.770493212192332,0.746432205810749,0.722604755488612,0.692583354802804,0.663406142582305,0.639764028132916,0.610514444672152,0.586885657458386,0.550871732483011,0.527296666462678,0.497694956521091
"3512",3.93558995281291,3.92438957955699,3.90924774957565,3.88817211156163,3.86034477642598,3.85540356412085,3.83426595557768,3.81909202312953,3.79796833182841,3.77600236415014,3.76072965932227,3.74598849043791,3.72073923146136,3.70577900108936,3.68406883623999,3.65957703075412,3.64464274498512,3.63043147844282,3.61535092887656,3.60049281128005,3.59171665145076,3.57712405014414,3.56257323368767,3.55812240236845,3.54348028991649,3.53918953386008,3.52511352514421,3.52109227034198,3.51829384227651,3.52062350603875,3.5174513956186,3.51354171269422,3.50571828367722,3.50263875906485,3.50916178737244,3.50654934166993,3.49613080712321
"3519",0.153703949424555,0.162288182299683,0.169981727820525,0.163241384974088,0.171625705570591,0.180164838171866,0.179064210039928,0.18780241349012,0.196910292981712,0.195818783536484,0.204723101663846,0.213303139008932,0.212492763050617,0.221191527983614,0.213415226617936,0.222045940653272,0.22113819338203,0.229204322389805,0.228819935996829,0.238370141249267,0.247814734174304,0.257643867249515,0.267309860270635,0.267525886120735,0.278116096705743,0.288205989731043,0.29944860902314,0.31045177694581,0.320469028795307,0.330813168711246,0.334648463795391,0.345922285120748,0.347310146071485,0.364045235445316,0.375283084803513,0.376060946674502,0.387388421472779
"3526",0.881246110626488,0.929836761397457,0.967540201852047,1.00656258514035,1.03922814975136,1.07776487939339,1.11667043243457,1.14276345931636,1.18186811005092,1.20503699199811,1.23816637709449,1.26102914527971,1.28869939516357,1.32164610798404,1.34488584583032,1.37770494793523,1.42348218111861,1.44558016838456,1.47948018414265,1.51329236012134,1.54694437844945,1.57678375581592,1.61644320318558,1.65091798866465,1.69161204196972,1.73158647804649,1.76291020740074,1.79398624370051,1.82383985191951,1.85414798945666,1.88448826924264,1.91591902333746,1.91742828148273,1.9183300919181,1.91963813378811,1.9260291603245,1.92748629021427
"3544",0.867881601054505,0.886624310593882,0.899547851656497,0.918559964865661,0.947491664524136,0.960729860215831,0.989616495065137,1.0027556576126,1.0317399117649,1.05077946781481,1.07967549916286,1.09297472618276,1.11206128043021,1.13103179872694,1.14017250963017,1.15928820804955,1.17844826679712,1.18735010534606,1.20098375546153,1.21044212585202,1.21336689035591,1.22311365600265,1.23855391719971,1.23858793724483,1.23870656055074,1.24918015869575,1.24996468717922,1.25062356266038,1.25129401328302,1.25761167504495,1.24831503877681,1.24919716866393,1.24027895887954,1.24710693524555,1.23815407652835,1.22929019355519,1.22605097941027
"3549",0.906982813972823,0.92691952960456,0.930257049120263,0.954771211387297,0.962965537179246,0.977272481368929,0.991829589494102,1.0132975648245,1.02805483032992,1.05693351323934,1.08484180840332,1.11926950797975,1.14837123018457,1.19296507084916,1.22775347742538,1.25649124629289,1.29148007384137,1.32987862175973,1.36523740803402,1.39486490956768,1.44011647944924,1.46981755462204,1.50521191217092,1.54091075052312,1.57125280749301,1.60691439311382,1.64763974749437,1.68416751450228,1.71426035803375,1.76053376055244,1.79683753690938,1.82797458455789,1.87500702783737,1.91582692523294,1.97270173948501,2.02334244625695,2.07024051392484
"3563",0.860681327694157,0.869010788158908,0.885805747987997,0.904524216987081,0.913431536536625,0.931540942590301,0.940320978965989,0.949011975501729,0.95808669193212,0.966832020507157,0.975878822931282,0.989822308076282,0.988994102442218,0.987566865611087,0.992197543258437,0.990383579157501,0.989562295706767,0.982829358009213,0.982661558979845,0.978186273495613,0.9733247870541,0.968831885621845,0.968435068623303,0.964234079225854,0.960757812394738,0.949335082689437,0.946119572830655,0.942899880096419,0.928209755562868,0.924354532652418,0.914650365519923,0.911927871207318,0.909238628886748,0.8899438540642,0.886981452600373,0.883033077002154,0.867793467857789
"3565",2.92567023851134,2.97116812159686,3.00225165335829,3.04088653057343,3.07853770982683,3.11673693026527,3.14548674906454,3.16849290817489,3.18751052899004,3.22203264606298,3.25112879121101,3.27942883868729,3.28431452433855,3.29298749730936,3.30765825769948,3.31599919894979,3.32101070513026,3.3345989776043,3.33014275256071,3.32567548488701,3.32085659278397,3.32206772645317,3.31742773604701,3.31308869404558,3.30518870270799,3.28041363406748,3.26695573975743,3.25938023316322,3.25056097673465,3.24255785487336,3.22870728996334,3.21164066564486,3.20462100718231,3.18108069572801,3.17381043909372,3.15568714418331,3.14273916696702
"3577",0.162552540595047,0.155365081028125,0.142945553896151,0.136178529239612,0.134490818393345,0.117214527466857,0.116084661150186,0.109026034522966,0.0981173689033439,0.0912305459547959,0.0901093517353069,0.0828580885789135,0.0820320937572962,0.0749156750203327,0.0738701883345846,0.062343617689477,0.0489455763568586,0.0468739276269905,0.0507391451501873,0.0502971867577741,0.0497133607109574,0.0437705952597341,0.0434223980492709,0.0436408188667595,0.0385189080247167,0.0385310235807048,0.0398136566489484,0.0341588028792813,0.0441680091450577,0.0445280765894695,0.0449476287145195,0.0396791159682341,0.0310964080430209,0.0320631986421233,0.033326195119372,0.0341023315052092,0.0288011768875446
"3581",0.72403294343322,0.736520109707199,0.747051285322415,0.744213848317169,0.748853104564406,0.751075079507077,0.758320768376021,0.771224012918708,0.768793337608245,0.781724132203782,0.779294226140229,0.791555078584938,0.804973590708131,0.811952621425372,0.82500244809316,0.837222326735725,0.854894437208706,0.866328528581693,0.880499230142861,0.904586928499924,0.928155554441215,0.942102373844309,0.965910302269883,0.99010710120306,1.00522744733075,1.03428873052485,1.0495094647163,1.06483273199663,1.07810647380871,1.10843231171919,1.12279244048082,1.12874503557129,1.14466473194077,1.14852434448851,1.15403014932939,1.16810255975017,1.17382489442675
"3605",0.678507495273554,0.677159841116401,0.675703655185742,0.674558664536021,0.673328005792409,0.672289043940191,0.67109591873843,0.670022244501947,0.668921040347234,0.66792793245108,0.661122544567938,0.650189170314754,0.649208297153105,0.641438131696097,0.640593601376875,0.639832283844233,0.639066241988938,0.638271801619071,0.627614254140442,0.627093692798397,0.626668604746661,0.626327620458018,0.625971467579094,0.625820759998156,0.625785891993367,0.620350640157503,0.620809660048264,0.621321216294045,0.632023207180549,0.626885711705356,0.621095351624223,0.621839185662792,0.617023194057697,0.628006955770959,0.628946053845765,0.617654601202126,0.628405637850865
"3615",1.19000177299961,1.23887887062002,1.27258366330576,1.31593681356736,1.34536164868869,1.36892937719736,1.39206330816129,1.41100668060013,1.4341588459635,1.45752911836548,1.47057895172905,1.47420330535625,1.4774607041248,1.48080356207373,1.48426470036466,1.48219732897879,1.47557064229446,1.46923209164237,1.46267939481087,1.45624848631938,1.44431299888682,1.43827866914789,1.42219299086924,1.4164404003808,1.39484474817941,1.37980150512497,1.36472131111092,1.34950802756009,1.33471561584717,1.31955119707893,1.29882720738626,1.27379089190762,1.25900224533529,1.25013825271739,1.22536812328577,1.2009186684792,1.1860041195619
"3618",0.333701180180584,0.33550673896681,0.345663671872275,0.354762319887123,0.364596873567136,0.368511987790865,0.370500533341965,0.379592069272988,0.388396168031107,0.391895188185517,0.39069818087332,0.400526371471456,0.409456699788911,0.413059417102863,0.416665415716797,0.426652099803821,0.430090909018175,0.440417057487976,0.44363062989669,0.452851519021048,0.456793056256808,0.466461896647402,0.480393511824715,0.49026599704275,0.499758663848843,0.515150971450689,0.525458165708579,0.545700886517438,0.551586396813443,0.572372412712034,0.583499534638022,0.598018396823396,0.618664689579105,0.62994696497749,0.650757555356432,0.672572945800396,0.683066784694328
"3645",1.10801217855106,1.10695115039698,1.10700857541747,1.10600771843346,1.09997209520776,1.09960499857158,1.09844022684567,1.09753652322961,1.07941799672538,1.06864937308092,1.06749459528096,1.0573176621503,1.06196978647543,1.04457125637571,1.03395471080054,1.02404105549677,1.02329381411214,1.01961720151643,1.00855148789698,0.992014071263742,0.98174637926277,0.981359755454072,0.971044051783824,0.960798595318783,0.943456351096137,0.934671352641538,0.924710050943326,0.914789742159067,0.900881866165724,0.875162693956292,0.866442323411357,0.850739608177579,0.841208173339772,0.815866980353196,0.806532484563171,0.79276795463758,0.773000802818029
"3647",2.91092698748842,2.87955440715727,2.84236033153669,2.81117643833172,2.78417103211948,2.75312152698793,2.71614513445967,2.65931084502583,2.61817830732434,2.56140959368465,2.5203568250337,2.47365625580686,2.42264915703372,2.37590490847316,2.34502708079914,2.29842460173822,2.26766009544103,2.22758320337951,2.19698156791778,2.160740551103,2.13028133508978,2.09415878484955,2.06378225730198,2.04360652128086,2.00788777017505,1.97803813761007,1.94606083422608,1.91081209993567,1.89139857725665,1.85627057459186,1.83702995074503,1.81210628506633,1.77737694904197,1.75829626293278,1.7334949944069,1.70864206624958,1.68950879897638
"3649",1.49255700714902,1.49548734844677,1.4886677919593,1.48163931479596,1.4678045982301,1.46125922350111,1.45423865904976,1.43755021955594,1.41479686815339,1.39809687490998,1.3813672371742,1.35919388425481,1.33234088352558,1.31581315632095,1.28350991213241,1.26725753116323,1.24086054677981,1.21487629742349,1.18258877164782,1.15634131028521,1.1302185846529,1.09820455379631,1.07204681952147,1.0400404013124,1.01390015701997,0.982549179187036,0.956616136936898,0.918559729291039,0.8937195327995,0.868790485672221,0.83820192732524,0.812923244163475,0.787888987771899,0.778737093763839,0.753690189288612,0.728917167460462,0.703603968099297
"3650",0.615339971080196,0.617902628748614,0.615305765035772,0.603665766979077,0.601459052343149,0.589984011773007,0.578592396470316,0.583322421243114,0.567851328364102,0.562438630207063,0.557412684449579,0.551904724078433,0.542355116437442,0.537132573833201,0.537698158753133,0.532399333628244,0.533382165404721,0.533943167298996,0.534999644637569,0.526279929970798,0.537369033243983,0.538357172443188,0.539443900591814,0.533750074811183,0.545093959138886,0.546267297797535,0.547551616192807,0.549354754337405,0.561293299119086,0.563659368655973,0.566029262128677,0.568316571104456,0.580767856682013,0.577215655625275,0.589556565016162,0.591762917196708,0.603925246226431
"3651",0.165100677219832,0.170714853121617,0.17935490839985,0.193566757362665,0.222128286136079,0.246972617115067,0.281367781017404,0.300508768551545,0.340690907239694,0.365463508726363,0.410380532827869,0.44546598658428,0.495828966718406,0.530911486544919,0.575903098820733,0.621265132953303,0.656521203999678,0.692368435727464,0.737363897298292,0.77847508422901,0.808163203495344,0.853342246235609,0.868692400202926,0.883759704777675,0.893149032397583,0.909024254516353,0.934214571167887,0.949957407537199,0.94098973620613,0.947727667627441,0.948009284421237,0.944065171517362,0.944613535882845,0.941204091460011,0.941782110678063,0.938657409160278,0.928874659790297
"3652",1.70717006474021,1.70428592317396,1.71725391806928,1.72006277830991,1.71145226394528,1.69902524056449,1.68042957985001,1.66802151639463,1.64946748887366,1.63695314552197,1.61308129218564,1.59501770670964,1.58086149273068,1.56281894845535,1.54895475205404,1.52527956887975,1.51747428984608,1.50985444638053,1.51276104316503,1.50516176140673,1.50748635276631,1.49383842956151,1.50762698384044,1.52114780613245,1.53504141570665,1.54889060808551,1.55683913282568,1.56119102038226,1.58740579713866,1.59828325413868,1.59914414453051,1.61555850001068,1.62636590493931,1.63273428326548,1.65008959436338,1.64636343880244,1.64265599728584
"3653",2.54002047985315,2.51971254836275,2.47553785385399,2.44801689039182,2.40988770825569,2.37837947449985,2.34693119314712,2.31596421699226,2.28468141458742,2.24349045482141,2.21280777428759,2.18152527851936,2.1346615696169,2.10373300272314,2.0570139385722,2.0159438571183,1.97974569926454,1.93967605014339,1.89774818736101,1.85187137099083,1.8098985408214,1.77348878325566,1.72808753685242,1.68572466769075,1.6440922311094,1.6015140433096,1.55937771126691,1.53382779886649,1.49204323439565,1.45709351967403,1.42774267195614,1.39289237950618,1.35811986850572,1.31841459567734,1.2833689098025,1.25906365040631,1.23546810328791
"3655",1.82979823021347,1.8324337117664,1.83394927541919,1.84687533248887,1.84329795119173,1.84590621825898,1.85887816471323,1.87763962077604,1.88083825514732,1.89387365433194,1.90714167368216,1.91559057584234,1.92890145606718,1.94761631601198,1.9665482983251,1.97927835323445,1.98849667440791,2.01314419516794,2.01284528813322,2.02255986595579,2.02197322571938,2.02740217255988,2.0269870990198,2.0268674011174,2.02313900774244,2.00267365255566,1.99919012578163,1.98581995970791,1.98132954165668,1.96759078111166,1.95380349253229,1.93093903486361,1.91814270801154,1.89464766953447,1.88161314562679,1.85777527370814,1.84060329669646
"3659",0.50459576815455,0.511346116297098,0.509246675355636,0.516382107842919,0.512365691345393,0.508884725326661,0.506087428038575,0.502110952397154,0.499609507482654,0.512548923836923,0.500083452330136,0.492463592363607,0.473241091542756,0.476061616838488,0.469149965437185,0.461581776616031,0.454085969840021,0.436013852404014,0.420023521363519,0.419787148868074,0.402548050746122,0.402210301198116,0.38178683687536,0.359261495953381,0.349783422746503,0.33501972428537,0.319073478032927,0.309897621611418,0.295420334357466,0.265920427049194,0.246365438145395,0.227701600887701,0.208226228674187,0.188946505004428,0.170087988709688,0.140484007241479,0.121670217482992
"3667",0.34494596587202,0.343348922526961,0.344742889980667,0.343614963591496,0.351623789730035,0.34988658475463,0.352939973273273,0.361552603652231,0.360623104077562,0.375151440401141,0.384013064882356,0.398082237469156,0.407237260249384,0.415765375223552,0.420400820361287,0.444443688743599,0.453470440115441,0.466777213062248,0.476481068110621,0.491838383288124,0.506956074919953,0.506778241161676,0.522172363659126,0.528191056709279,0.528982327432913,0.534624625086775,0.541822647643865,0.536289139378836,0.541886430290131,0.557995587611884,0.564139851010722,0.559037296955329,0.566377552413465,0.573133571784187,0.580283709052505,0.586780223019138,0.594062373610682
"3671",2.90382591339311,2.95285771665594,3.01327984564817,3.06240396560979,3.11241140119821,3.15643270614317,3.19530512761142,3.2286252043068,3.27740412343239,3.31090307381269,3.35390369074537,3.39377227615543,3.41692055385066,3.45051791114622,3.47988129477114,3.51414435651727,3.54331550569263,3.56793003909601,3.59109824430034,3.61451445214704,3.63845097642644,3.66235472657616,3.67966184349292,3.70377013870266,3.71742386569865,3.73294376249415,3.74746296934895,3.77190223925248,3.78793119253117,3.80297206882833,3.8083817355321,3.81863301805903,3.81347460953696,3.81817120681728,3.82317911824262,3.82937363167976,3.8497964302537
"3672",1.65590441909693,1.61594776500202,1.58110774933213,1.55082619433664,1.51410669901508,1.47487712221166,1.45045831260812,1.40989622291446,1.37963444556429,1.33887524954362,1.29934606205806,1.27612562430805,1.23073698255165,1.18738472646474,1.14949495361058,1.10663418536799,1.06233799818198,1.02632158534902,0.978020482439604,0.930309562154464,0.882849798875556,0.82813508734504,0.790390179707772,0.741886415647906,0.692382365835528,0.660995330311725,0.617779589219269,0.573096819834719,0.533218649496734,0.496379635223697,0.482094880781254,0.465954554906553,0.455959837978651,0.424214863272882,0.408550491066038,0.394028655879855,0.385276005061042
"3690",2.16306377278715,2.17041758388382,2.18401936957272,2.1915360989643,2.19934375959179,2.21710030159713,2.22752248911783,2.23920873685785,2.23965038991105,2.25149318071386,2.26192787732637,2.26414313762477,2.27156715166079,2.28346257210812,2.2844064408497,2.29253099137674,2.29442982333731,2.2927064356449,2.27452673512723,2.27232365340389,2.26042213468112,2.25277025339843,2.25089391272019,2.22342426645693,2.20160966368067,2.18413733187788,2.16289380018948,2.14168789557018,2.13134919776594,2.10477205075014,2.0676344524622,2.04657191829161,2.0258075432613,2.00537124065613,1.98467346243376,1.95792599540601,1.93270570266534
"3694",0.62712266173309,0.614193672079146,0.61648723205611,0.609549255026741,0.596504158430327,0.589440083016428,0.57555170250597,0.568616536425509,0.551763591612652,0.544915240027281,0.533826551494653,0.526899333782749,0.510159605431768,0.499021237966718,0.4880581122485,0.47695314999503,0.470360745686726,0.465596814457249,0.455081943583099,0.444628589383746,0.439868670796782,0.429549754723352,0.419165171527391,0.39909579895336,0.395121976376462,0.390948385313289,0.387455016471202,0.383967314820014,0.364270995589592,0.360605963096151,0.357020356226135,0.349679438879671,0.34671009286388,0.343437402581803,0.33613369208614,0.322791246742432,0.313027160240907
"3699",1.35145057759457,1.37401901381846,1.38522652379593,1.39814770580365,1.39319853607491,1.40571154489059,1.4186736049132,1.43161688981839,1.44058199957378,1.4367077231889,1.4456826133646,1.44833312532383,1.45739948342737,1.46606153069496,1.46496766786019,1.46340512098652,1.46257464757185,1.46052535433771,1.46019032831165,1.45986017495963,1.4550283845585,1.45470917136032,1.45006306510954,1.43999744487232,1.43627574652211,1.43169791753141,1.41831336059073,1.41497817354104,1.40057564480389,1.38683326716829,1.38307226705245,1.37021535174685,1.35744123708485,1.35402187747949,1.34102889751586,1.32730555177184,1.31438424721482
"3700",0.809411545673153,0.820419250518686,0.835731070357255,0.85265167512741,0.874370926631899,0.88105195624191,0.898155377149926,0.905446312709168,0.918555490588771,0.94150233239804,0.944909906336527,0.957460043555775,0.970706408347184,0.973678729911808,0.99256438166178,1.00095961155452,1.01030992828904,1.00839372523708,1.01813255454792,1.02797308408552,1.03316644458536,1.04269174796867,1.04798994661579,1.06333296252033,1.06943752522092,1.07437033546001,1.08615051896356,1.10257470920716,1.11375490554529,1.13592878613147,1.14220193778219,1.16502425988095,1.17790132307678,1.20087269341442,1.2135039854164,1.23517502425175,1.25784633838042
"3712",0.0460931512136932,0.0545551547130141,0.0623447481659184,0.0611054952651152,0.0694091802643635,0.0780050478550688,0.0867471035068205,0.0855201819900726,0.0901886390775639,0.0990486346995903,0.0979603808538307,0.10242042249968,0.101449499127438,0.10600138260526,0.110758074497351,0.10529275844865,0.110204683228817,0.11443296780252,0.119690821941133,0.114994373754891,0.110222578662172,0.115679199950309,0.105294880342376,0.111024391582601,0.107080839730555,0.112932827648432,0.109506716813136,0.116054004105987,0.112133798051,0.118456345155596,0.114865721405064,0.115993975205719,0.113056308477626,0.119805284893459,0.12096997273046,0.117632761406582,0.124560475692667
"3719",2.14734296131483,2.15006058315001,2.14481047316343,2.15792240983845,2.16045775771473,2.16319934614723,2.16622058389421,2.1622769066081,2.15549048003984,2.15857823128606,2.16167387108561,2.15346531172968,2.15676680960079,2.1497323458603,2.14870563434807,2.15162166304826,2.15070511509426,2.14317253758938,2.14269467030142,2.13645191935233,2.13588105959997,2.13562122135493,2.12862152238043,2.11868461742146,2.11907201016103,2.10920332859604,2.104416045989,2.10528805483314,2.09552257636218,2.08601344234684,2.07658961093547,2.07781472810226,2.06918375499587,2.06017473029811,2.05140968071119,2.03226282766059,2.02351607603397
"3720",0.976609750602019,0.969058884928793,0.960187700864798,0.930027470590034,0.92183910165245,0.914379702586234,0.897212899108983,0.880309376266683,0.879118087344521,0.862095965021018,0.855513062129375,0.843962313519645,0.827164123363164,0.815986860944106,0.804916821409494,0.787729508118444,0.777115196855647,0.765522427342498,0.755181495102162,0.728363091891036,0.717843072757014,0.707320107592144,0.696851347104017,0.682086946130784,0.67220431030737,0.66726462466656,0.667248384334736,0.657731482841631,0.653383921263973,0.656478985031266,0.652844711962304,0.660595586974583,0.667626813283747,0.680568310378069,0.687360119592524,0.699019390951319,0.70580924100731
"3721",2.43681691988588,2.45530981288689,2.46394769947002,2.48811265306338,2.48969653825221,2.49883788703687,2.52319346583532,2.53808783717482,2.53670642201152,2.54460145245316,2.54373555371039,2.54893188177263,2.56347946042095,2.5618225150661,2.56685105181835,2.56241266487627,2.5676779904625,2.56388129762591,2.56214437446408,2.56318124421189,2.55867918157951,2.54381003413527,2.53915717843616,2.53990287202588,2.52481109843157,2.52092232294986,2.49345915013244,2.47900245121338,2.46626791677438,2.4465347266927,2.43363226473487,2.41364286638304,2.3939971425524,2.36491681051629,2.3453908485695,2.32678927748652,2.30678308850638
"3729",0.55140878240655,0.544427842477658,0.537795756622287,0.531025206603064,0.524445861473378,0.517848400746316,0.510898796619751,0.50402476610262,0.491368333278206,0.477776926575572,0.460813954318999,0.447529929437995,0.440721875445741,0.428283497638092,0.411707083934903,0.399617012182854,0.392990777199724,0.37091167211346,0.364331033411373,0.352140466186736,0.339332656766946,0.323238195637026,0.311359991526249,0.305503935766024,0.293798533206015,0.272104865785852,0.266816518779544,0.261489708749437,0.256870623227566,0.251810825298898,0.236991883927474,0.231853829991448,0.226995456991837,0.222384128441779,0.217573823516337,0.206616531973651,0.201549513229993
"3730",2.8912375622717,2.92994170573938,2.97913958628388,3.03793895840346,3.08704875801671,3.13940560353971,3.18814616969198,3.24716385528626,3.28590240568659,3.33498061776199,3.37275678992799,3.42228083798539,3.46115319931284,3.5104074800731,3.54542049975677,3.58513297008434,3.6143955198918,3.66019936555168,3.68928140621454,3.72862971602245,3.73828560839595,3.74362116109068,3.7532587079091,3.76294410241747,3.77247078037303,3.7889691307301,3.76904334015138,3.74926056807444,3.73061953964526,3.71146590681031,3.69834387575964,3.67875630509389,3.63947880653168,3.60396969159728,3.56476149292446,3.53633630330713,3.49679940381168
"3733",1.15163827892569,1.14999521421373,1.15745246394784,1.16607976206522,1.15835972898319,1.16681961980713,1.16550461276564,1.1642804260151,1.16316217455456,1.1519644605632,1.15670006153577,1.14528804894592,1.15111657404518,1.13985858731961,1.14455805167634,1.13315526549415,1.12812163664742,1.1163791891746,1.11596510825489,1.11137474871587,1.10657648054285,1.09621171179208,1.0915591284973,1.10380125745156,1.09995870848939,1.0796397199523,1.07609307111348,1.07266368448489,1.05837986240271,1.05470146489363,1.04101532888307,1.03806587956194,1.03521845049347,1.02180216152428,1.01875671051874,1.00508771874585,1.00206723117199
"3734",0.825754416195689,0.834033932650449,0.825667322867634,0.82835542197471,0.836181635329147,0.828891052215,0.837497784070241,0.836371040744661,0.83516218885462,0.839706583149132,0.848819150819014,0.853211058047295,0.862151703719422,0.866803375640424,0.875788762828293,0.890333763039747,0.895448109152562,0.909925610115767,0.919465610194281,0.934943334218159,0.950207669388114,0.975478871575496,0.990796281727862,1.00033851990433,1.01615107482955,1.04726623211802,1.06311323346693,1.07935856058623,1.11106693296075,1.12756736160928,1.14983098803161,1.17658833476229,1.19348151717686,1.21574232906829,1.23247318426918,1.25459123430647,1.27122087521105
"3737",0.389406473772935,0.401937500295102,0.403088028097092,0.405959942242165,0.403652649846256,0.406086661777144,0.39901581357286,0.401935634262557,0.410882454846592,0.40383830744888,0.397068110673848,0.389582505700688,0.382885809620048,0.38147804256189,0.374572071532651,0.356155540750004,0.355328803895358,0.347407688261037,0.337101338102143,0.33680082688677,0.32618500186914,0.31584416045218,0.315415437122757,0.305310809129117,0.295854956365757,0.291141678631397,0.297719954658082,0.294398086876159,0.284099553690671,0.280365439587203,0.27658116638112,0.268005973737209,0.265278622290621,0.261808880111965,0.258832322963269,0.254994521296851,0.252102696585547
"3744",2.42104192384494,2.45016428977882,2.46554011433327,2.49465556836781,2.50929579510953,2.52362069934253,2.53670505902401,2.5601089404015,2.55613392638289,2.55972185430929,2.55692972942307,2.56141974006363,2.57446227750406,2.57825902472712,2.56620490637008,2.56089970673217,2.56434659273957,2.5539359918854,2.55689160782308,2.55020729984065,2.5384580657996,2.5222862575886,2.51621324019072,2.50441477609469,2.49774355459802,2.47110406695803,2.46525805984648,2.4494319953781,2.44020063447698,2.41880713423785,2.41450013746827,2.40437306445674,2.39470520807116,2.39038216778023,2.37435844723563,2.37673135256109,2.36102891907154
"3746",1.37356974361939,1.35757660768432,1.34091215629436,1.32646845900285,1.29893533211416,1.27912265174513,1.25920307227911,1.23970013834643,1.21990372717667,1.20340874372838,1.18980986248907,1.18032647709756,1.16069572676044,1.14709826945593,1.13095610615138,1.12180026723056,1.10275964747548,1.09393781256663,1.06815682209622,1.05927573735157,1.05043552710306,1.03138829562504,1.01672090423263,0.995206212100148,0.97620452969114,0.962072251713068,0.947385306241004,0.933211467597307,0.909973343919362,0.890921934687769,0.877765098372781,0.863973762910158,0.850438144711921,0.84127743241845,0.821963860856198,0.813010600714195,0.809160586034557
"3757",0.447091652812156,0.470127995024095,0.509522949311821,0.54842708860576,0.587724953992836,0.617039499543241,0.650054545224891,0.689011823888991,0.717782557179861,0.75685882972419,0.785671212596385,0.825107940017395,0.854010753619432,0.873164159682371,0.902377559302568,0.925255730425433,0.944436353052561,0.974299078643718,0.983378722895463,0.992676379366419,1.01230196246184,1.02192994831744,1.03157964772714,1.04717348958977,1.05350425264212,1.05429477450058,1.04467774956923,1.03835693827738,1.04548517514979,1.03626914243022,1.02732905190129,1.02362079344639,1.00444107321054,1.00144544003878,0.982361029362133,0.979759562278028,0.950401914606548
"3762",1.56216215421676,1.55519864419422,1.53900597122644,1.52209348164983,1.51261370535101,1.50619338310479,1.48917045656691,1.47242209413873,1.46114540333998,1.44446199478924,1.43333557032739,1.41704353968547,1.39591136827268,1.379363670591,1.36858769965064,1.35822221698828,1.33746835258683,1.31079713306444,1.29987105883655,1.27921333751904,1.26886142387242,1.24842544020025,1.2222909565458,1.2019691029529,1.18149825595323,1.1622109226004,1.14228240441863,1.11250628701558,1.08723024145936,1.05810423240408,1.03923996124164,1.00384183979521,0.974545509587827,0.955694989678431,0.920719744734014,0.892272510404843,0.862750606409735
"3766",1.10000930207958,1.08275801437382,1.07506715874864,1.0580424524881,1.05070369126543,1.04365311152961,1.02660155293571,1.00965649858314,0.992746595372024,0.975858967033628,0.959020720631478,0.942064056543941,0.925277233479176,0.898373122051241,0.881624782103959,0.854735237493714,0.838161280182855,0.805296501781507,0.778980664808743,0.762773157335297,0.736486695302086,0.713717961282843,0.687545342899192,0.655810602041464,0.646852237593255,0.615244431014289,0.589995370179573,0.569106608566064,0.543580558528941,0.512646947707802,0.491748700912311,0.461290864962375,0.446762238806425,0.416043743131926,0.395580271540311,0.370454634220781,0.349935705094474
"3768",1.99880522419965,2.01328866535766,2.03867769045201,2.06318899249216,2.10254636323149,2.14777380913424,2.17648538281904,2.22131835679982,2.25998282959173,2.30485747008632,2.33374853941647,2.36597625881251,2.39480584666841,2.43090095721539,2.46015207859294,2.48989404916473,2.50587372005182,2.51588637618868,2.51836295392059,2.5377197277021,2.54738019084214,2.55691417288246,2.55653763669862,2.5561499406458,2.549846634193,2.55052039277376,2.55046533114555,2.55062612566932,2.55199875982949,2.53711086364559,2.52824161636162,2.52284787755651,2.51354740865005,2.50464765694172,2.49965256333724,2.4911251729703,2.48579545017371
"3773",0.107577780953377,0.113164199802908,0.115053765369386,0.118009484216044,0.113472644999607,0.116282796326545,0.119227811054259,0.116475886257294,0.119596133691077,0.132661335868091,0.135820352559227,0.138711541455892,0.136191805348352,0.139196978542052,0.152396931757487,0.145327342066103,0.148728700853014,0.157099475784942,0.16085384444647,0.164676784908899,0.168352588568523,0.161370869606921,0.16095941731658,0.160816192463714,0.161071557016159,0.170982990609228,0.171620496055392,0.168121365393854,0.158328029927678,0.164700539518454,0.161120947158219,0.152269524025714,0.159341213532907,0.146017811766263,0.14872589040947,0.145273505008631,0.147955328110218
"3778",0.246357588259282,0.244962975361558,0.253618138788932,0.252440035778153,0.251274908579695,0.250251093082744,0.258987435687083,0.257842721703527,0.256659052835672,0.255621096287207,0.254457002404903,0.253551638578864,0.251429634840877,0.260436063244276,0.259557183504498,0.258828389205849,0.257982267179179,0.273012950009605,0.272251934491932,0.277405538703302,0.292719233852186,0.298132609812825,0.297762416911216,0.306777456881463,0.312399808532426,0.313004147047241,0.329280241267912,0.329776055319506,0.339949574029719,0.346462320440499,0.347428055125287,0.363881870523178,0.358168743161389,0.365144104902328,0.366113575546563,0.373406054028155,0.37414024521966
"3780",2.14899999819005,2.12233618907509,2.10204649596454,2.06948705202252,2.03556360887872,2.01424393640081,1.9914847111226,1.95349786362725,1.9178854785245,1.88421035106513,1.85578235556621,1.82888056037239,1.7945508848268,1.75019025039859,1.71666824168587,1.69007308794089,1.65639666934526,1.61840468896324,1.58973757967644,1.55582977380575,1.53415819295504,1.48965503465731,1.46200779751769,1.42402705712738,1.39114703426741,1.36518850854327,1.32613764381837,1.28834983492681,1.2527104361919,1.22240054062068,1.17016794293287,1.13809882030633,1.10076016803396,1.06384783503383,1.02260674986642,0.993329656579578,0.945591780668592
"3796",0.0760239362230399,0.0686410790670884,0.0502149327575133,0.0431930208173601,0.0412045665027679,0.033799052583561,0.0267466786611172,0.0253987080242645,0.0185751350792285,0.0273263686698908,0.0204443922500413,0.018868330679212,0.0179075314365104,0.016518997655551,0.0154035044213586,0.0238444496928536,0.0229297406401707,0.0208466231241754,0.0204498475690791,0.0200408036465507,0.0251839498899682,0.0215163159075303,0.0211028577395245,0.0269091229077293,0.0174997435385779,0.0230365837701921,0.0207646543048281,0.027576379071405,0.0331163998918704,0.0235500965365567,0.0297561133308472,0.0370483852512426,0.0386403938556649,0.03530001407139,0.0424387619873816,0.0487563177951462,0.050220260936299
"3797",0.190906697162153,0.199444997219816,0.196559891194866,0.205327965170556,0.214071011908307,0.223006441345749,0.23171639092488,0.250572083059903,0.25936800204823,0.262553558841439,0.271410255487171,0.290469815539453,0.299396442437948,0.308365044177023,0.327452327011032,0.330860655941077,0.340030817825039,0.359162992528566,0.378450370322171,0.391254234520861,0.400797711732379,0.426181707198617,0.445796795517536,0.475617467814251,0.504598405986423,0.531709387135301,0.567932848229888,0.598440758173083,0.61929714474686,0.655793089759689,0.683254302727799,0.707479266176638,0.728514091695072,0.765376083006269,0.786398489622252,0.807630907816643,0.811828316638925
"3801",1.12859656153756,1.14118879728537,1.13724334602233,1.14300158374213,1.1495728861521,1.16236085940996,1.16523120971256,1.17253898481567,1.1740704940382,1.17135248645859,1.17309804703697,1.16447070748373,1.16189065038733,1.15344262117206,1.1325875266282,1.10831276449506,1.06878199270033,1.04432256630565,1.01078672652107,0.970786921872644,0.94144329470186,0.892123174169019,0.842833308162773,0.782673445589489,0.733896781364351,0.684533662108556,0.635706200578892,0.570621743751509,0.506009902942808,0.44126051486509,0.383071000820072,0.319403451612385,0.250771424996712,0.192469344606764,0.140257354070665,0.0716469512240418,0.019303011509349
"3802",1.12107521524022,1.15809276822567,1.20095235883999,1.23791888498238,1.28798702738125,1.33555087254875,1.38837692562754,1.44593046421852,1.48614921935514,1.54936348072349,1.56693255782355,1.60048057490642,1.63350464418583,1.66700749267177,1.7004262326749,1.73996755120983,1.75517471342935,1.75518915117824,1.77014632060838,1.77546502602158,1.78511574521878,1.80265510251167,1.7937416222034,1.78034064295773,1.77130520216228,1.75955420562003,1.75062562426067,1.73801293585924,1.7162969926894,1.68460047172939,1.66959038390117,1.63743207037506,1.62129358503534,1.58948870998382,1.56756457275945,1.56838419274422,1.54619877654018
"3803",0.672411547315517,0.642494573764842,0.613866946913165,0.583594284979117,0.53567223109153,0.500875469337973,0.464903204925153,0.423953784925592,0.380966320372813,0.339821092994662,0.311721080617274,0.278607980624376,0.254207054929059,0.220839411823008,0.197170469279166,0.164357416201054,0.148239984080852,0.139523429991708,0.132691441925958,0.122215183400627,0.106263382162465,0.0954600570344009,0.106531214920035,0.11268020845249,0.122918189110671,0.130526369307194,0.130586698519591,0.147333283647826,0.172222884282947,0.202433539879387,0.227073865889295,0.255709572563756,0.278940821052798,0.308726771810093,0.332135947117372,0.3576481041444,0.390487324108375
"3807",0.239818140317876,0.267605215568473,0.288367144904887,0.323593034576339,0.339912366469873,0.357247997167468,0.381513805697795,0.41265884856651,0.441626720440324,0.465773025973081,0.484944194281957,0.513885585675472,0.528734162665311,0.542734453809029,0.567083329368725,0.580281257345653,0.601039176336824,0.629121562207522,0.650758769679786,0.672306540874797,0.693057258293033,0.71418347765249,0.745199456888162,0.772282838963454,0.810603822530584,0.840673439458581,0.878855833839376,0.917339495547753,0.953344061555321,1.00106559582549,1.0550890872599,1.11020628450035,1.14945178694755,1.1972124610226,1.24598458936658,1.29291356422395,1.351969377416
"3809",2.86096553433067,2.85346844001652,2.85070860903689,2.83912468372021,2.83384829716624,2.83218192362029,2.82075944711396,2.80955265242049,2.80834156587874,2.79707046819064,2.78613279136756,2.78357825667584,2.77826143572092,2.76708203806258,2.77178415111601,2.78047940464098,2.78884351514169,2.79750848961981,2.82278547545091,2.83822489368013,2.84770394902053,2.87298031782703,2.89252579603745,2.91787050130999,2.9437020765891,2.96333578675449,2.97259404153104,2.97307348589183,2.97910742878298,2.97985055110314,2.98059844072837,2.9939791078758,2.99515091882463,2.97588940241585,2.94689428520959,2.917453663435,2.89836040615159
"3810",1.33469405989401,1.32262592559667,1.30903347051018,1.30270037033582,1.29541555851911,1.29043302753052,1.28458066053212,1.27926126718418,1.26790270207443,1.25227610290756,1.24052563506966,1.2289265527106,1.22350877708893,1.20141327049047,1.19034604288617,1.16328943124391,1.13042460285175,1.11364959469628,1.08172003692538,1.0659000883633,1.02304641363584,0.990758215414196,0.958682177537354,0.926094932614042,0.894269333632303,0.86155316867397,0.834819201135875,0.804879518475379,0.784749222438036,0.765729646288155,0.74651876655538,0.727347005831292,0.708275184601781,0.706751386849582,0.694785350210085,0.692047516528305,0.68412151897334
"3811",0.591564719145197,0.642567452220355,0.685510746463478,0.719247192281104,0.752457074713126,0.786698707454506,0.830869155805541,0.865676200362883,0.893106064045495,0.923392794820111,0.958469557447796,0.983081356003923,1.01759560577003,1.05149482174531,1.07310298462963,1.10379081565644,1.13493111156605,1.15033322710511,1.1812753473881,1.21348586538466,1.2203788013739,1.2311572677683,1.23217076257155,1.24267940233459,1.25369443351069,1.2545298950475,1.2550936942312,1.26235265567561,1.26434979999768,1.27355728775785,1.2760731833004,1.26822687435025,1.26055055233776,1.26260227814909,1.26056968507589,1.25257740847519,1.24447734337258
"3812",0.728457759520265,0.723660338781047,0.707822015643179,0.691659584016487,0.681914469688279,0.676183541084193,0.661619641231379,0.636481471572799,0.617816174570451,0.605059656198933,0.587088922630213,0.584296724497799,0.558993548250331,0.530817478365821,0.514076636966809,0.491558346849811,0.469620551947043,0.456596991691222,0.43452683521761,0.412845290813494,0.391573857826562,0.3808176986936,0.376061443207244,0.358386198808354,0.347833660994681,0.33624820637626,0.32093205372327,0.316575897475448,0.312864931765643,0.29312134924257,0.289961507816183,0.291950511163402,0.294141694199688,0.290433097468515,0.289195476472541,0.291257001568502,0.293045368355754
"3814",2.71887873302002,2.69703677405388,2.66357494819533,2.62640052956964,2.59388485519813,2.55614722598013,2.53478972971512,2.51337839436083,2.47656806852245,2.45520352977231,2.43414810197051,2.40649982614689,2.39237688720332,2.37082299642731,2.35958794059339,2.33186319929459,2.31097239347467,2.29829975360529,2.27809384493496,2.25783176673164,2.2429017014672,2.2159601115403,2.19551461944447,2.17547936635233,2.1619693784746,2.13136112044235,2.11813886943988,2.09919502026793,2.07444667376943,2.05487999434669,2.03758071489112,2.0250383176434,1.99674300618666,1.98325143290986,1.96042024486252,1.94640938620972,1.92374423254637
"3826",3.36493255380292,3.34756488784205,3.33936575886533,3.33230260605574,3.32466607350925,3.30736655755825,3.34339145444475,3.39210785118375,3.43521399742139,3.47825035848976,3.51137548626662,3.55422304907365,3.61744675974776,3.68040939259268,3.74358292926352,3.80646584318396,3.86983481480871,3.93235763262495,3.9694911247673,4.01904765160155,4.05271674606957,4.09659265707809,4.1404083803398,4.18451952455427,4.18904651721605,4.18739972724938,4.20231800100549,4.2073148853216,4.21167958922563,4.20410446909957,4.17897589815828,4.14859366085034,4.12414025631301,4.09347098574435,4.06885928470341,4.03798837465359,3.98755727175396
"3829",0.947860366308463,0.95542249457178,0.962306740048402,0.969113084203537,0.974983510478523,0.988884948828412,1.00311727181093,1.02151271651507,1.03627958302051,1.05142581836465,1.06637802279364,1.07659264774637,1.09830213638692,1.1020882216284,1.11630401797492,1.12904774154738,1.15070918225855,1.16877159228084,1.18490359879892,1.19084152229906,1.21146988153649,1.22686013529012,1.23784145769668,1.25346472871494,1.26646147862871,1.2593310314036,1.26532034006787,1.28495949717815,1.30112311497867,1.30053313141225,1.30115210482281,1.30502299048507,1.31450672187523,1.31633602835803,1.31944865245933,1.33256542774647,1.33190231454032
"3832",2.0454204545944,2.03801642726899,2.01411184482968,2.00118068138824,1.98075667970808,1.95779402832483,1.9506603566411,1.93794266711797,1.91409137149708,1.90138657683861,1.8945977707225,1.87755573698536,1.86496010467113,1.84804486008252,1.84125801482325,1.83006843837144,1.83024243339542,1.81880176793106,1.81253188679592,1.80216110705769,1.79161831449199,1.79693954457473,1.77987345462881,1.77618397017017,1.78210058248326,1.76520805675115,1.76797129327317,1.78106387511084,1.77694594252414,1.77338531851466,1.76325696491005,1.76013168604943,1.76048899496373,1.76289205736141,1.76973272942582,1.77285958225849,1.77543524992506
"3837",0.150820961355635,0.168871018471417,0.175136663112891,0.193642606839776,0.208275643930109,0.22625618467575,0.242225692014489,0.253955587340535,0.27021364081777,0.298884579508133,0.312077520377519,0.340338937828981,0.36934798316329,0.38113032723667,0.399978862921361,0.40257868077065,0.42173013656731,0.445384974285032,0.455029271503703,0.474699323939869,0.490690662564557,0.496093538502282,0.505646153050446,0.511293798234403,0.521837082863527,0.527115956161438,0.527927678452015,0.531329449890807,0.530953136151303,0.543831606645717,0.546579636767938,0.554821341976186,0.552298346797447,0.542143332058455,0.533496390278733,0.529507056703398,0.52677785204318
"3838",2.17413368990916,2.1812002461946,2.19253287877913,2.20970876053166,2.22109998814242,2.23850804201569,2.24300127122511,2.26727062052828,2.28874019393165,2.30350625650934,2.32091786545385,2.33590204686945,2.3574878264652,2.3818072590408,2.41936486153209,2.46278524209499,2.49721334193634,2.53482406762639,2.57839012778269,2.60639633406966,2.66015771229753,2.70968682091668,2.75349099514942,2.80974988147224,2.86392639772013,2.92050987493382,2.9507457219904,2.99702774962305,3.03744303867613,3.07817964141789,3.10817990210196,3.14908230784252,3.17595329941197,3.20261579248642,3.2360569386944,3.25604385761314,3.2826711314126
"3851",0.458732850472526,0.49168300598492,0.525041090707348,0.556892140379993,0.600347162663746,0.622652513042241,0.628741514366072,0.651893550719727,0.680630720883033,0.703925466113522,0.732665129046612,0.75890825821985,0.772029653998061,0.791104755385731,0.810271030955421,0.823063281662278,0.842182012808056,0.851895815339466,0.867579956031159,0.88686303790613,0.896437579841667,0.906080905299504,0.92571747112115,0.938012795653805,0.941138000900126,0.947731961312227,0.958251196930171,0.974490506149249,0.975752663394563,0.982288575835994,0.983318947178262,0.989745936257697,0.99647134190367,0.997746383744572,1.00455088259357,1.01195702450721,1.01273868909144
"3852",1.24501851547807,1.21121345372675,1.17983199791259,1.14576887373561,1.11748501318449,1.09739431308124,1.084589961533,1.07035145838884,1.05159157362852,1.03046884502126,1.01890859585119,0.99750509918686,0.991511364304316,0.969526519525323,0.947392913958131,0.942868781564522,0.920668498614676,0.915852727209248,0.898912145856817,0.876631786583643,0.853994006808508,0.841043882522163,0.81913601665785,0.808539682839572,0.798404645108688,0.789435571539762,0.773146044278691,0.750495502023868,0.742578365317492,0.73369885548401,0.715170940535557,0.705096569245124,0.695443634714913,0.683323429719921,0.66725668465922,0.659199660990917,0.645891564635261
"3854",2.04374263795383,2.062146296005,2.09786449522035,2.12611155371285,2.16144343719954,2.19732747967508,2.22005537294317,2.23914367588609,2.25767583058212,2.26080947821825,2.27310865972605,2.28234878336895,2.29531124514612,2.29884199627915,2.29223669824296,2.27929121530783,2.27552870795278,2.27644653719256,2.26077676721775,2.24893154615981,2.21617284580649,2.19392201388148,2.17189756846633,2.14517701387917,2.11146135198421,2.0804037562948,2.04217599008541,2.01149312693211,1.97467879597594,1.93259839024927,1.88468503507295,1.84299858249365,1.78915171329779,1.74736303756458,1.7033656175068,1.66126128039673,1.62525968594168
"3857",1.15155637286036,1.13394216468982,1.13059356506178,1.1189989583147,1.116444339802,1.10454500745973,1.10311082830278,1.09178813025617,1.08062124691676,1.0692646841562,1.07403504752631,1.06228732505843,1.05125561536236,1.05241854740654,1.02445742291307,1.0185448745978,1.01352299819082,0.991444798014687,0.986882404070767,0.982379086214961,0.984139586021482,0.972856038648001,0.968153565624691,0.947019996518843,0.93647032986296,0.925125398302386,0.921328762957903,0.917794472360109,0.913557433102788,0.909984073820121,0.893248797062009,0.893526193129304,0.883864204319832,0.873851518544819,0.870658241027704,0.860646320469325,0.860629860014129
"3859",0.88877832604688,0.937345742309955,0.986214699746765,1.03488707861546,1.08374548685122,1.13283821628611,1.17148730540421,1.20041784605859,1.23485955566327,1.28069628991539,1.31532908592115,1.34453331449189,1.37338080609764,1.39821187756331,1.42632495096734,1.45153104191884,1.47652277185049,1.50536775245974,1.52025183805798,1.55202459325019,1.57737714827606,1.60268730057499,1.62382009034448,1.65589558171308,1.67136066692815,1.69338585718084,1.71512243983624,1.73702067651497,1.7763009221824,1.79288702502245,1.82201939353276,1.84429961352047,1.86683229883515,1.88948839789092,1.91203230765176,1.94070508967294,1.96303039584892
"3861",1.18982925974561,1.20812927584608,1.2102934556274,1.23566608393676,1.24367370391588,1.24967354888364,1.27130682562354,1.30026606843018,1.33464979084571,1.37036309553394,1.39832320309527,1.43987624233435,1.48868947930491,1.54925445810203,1.60406484758606,1.64897118638829,1.70411840265234,1.7650265380839,1.83012547798417,1.88550886603167,1.95083433448448,2.01177960122673,2.07708214289006,2.14885810017229,2.19011686200692,2.24231081531542,2.29454176881821,2.33063977541626,2.37683196455964,2.42345963885847,2.44010313050662,2.46333787216762,2.48016965922726,2.49668226059757,2.51337857386445,2.52980409727933,2.52967946685024
"3865",3.48325518229843,3.4888265312,3.49584965438189,3.4959543666811,3.51312472557201,3.52057950485947,3.53769890129789,3.53821675436842,3.55539376468416,3.57281044457354,3.57446336467363,3.58632517734021,3.59106901301269,3.59863660802078,3.61046827327522,3.58580384068831,3.57203421509115,3.54857016086555,3.53386712729606,3.51691400907756,3.50343112499228,3.4556130918065,3.39634882338727,3.33701291794082,3.28363942930705,3.21819150754022,3.16914907688062,3.08958979225864,3.01731120550097,2.95087996978216,2.88875374579159,2.82868140701375,2.75648903813639,2.69995664771137,2.6492448076127,2.58848810945067,2.53753246988667
"3884",0.0623460149513669,0.0553136429197779,0.0645950540733862,0.0647594972740908,0.0739105823193315,0.0773296848199213,0.0760419635141769,0.0848956140552652,0.0778854011845831,0.0868785059638367,0.0798612894872634,0.0891453641044395,0.0890842596707753,0.0980761722138353,0.0914282360471247,0.0907566592400957,0.0898526756832223,0.093429741559638,0.0925907623998463,0.0985445479234309,0.0923025098398234,0.0919512116589399,0.0915700272801569,0.0914868995951817,0.0856475948234136,0.0862442765123156,0.0868698523437482,0.0874512692188669,0.0884133611141615,0.0825167807189683,0.0834727323252603,0.0842589174228821,0.0753152720741523,0.076529403837914,0.0833929552729281,0.0748385231950982,0.0757262895830687
"3922",0.163981585354964,0.16674500759692,0.169272440747058,0.176593272815777,0.166752158204294,0.186688980715098,0.183863202517542,0.186806526969182,0.194113480104022,0.201440046742674,0.20443175827369,0.211721476916989,0.209140353999967,0.222133552058606,0.225338994958225,0.238413528001702,0.242631164667847,0.255292412888354,0.258925019179058,0.262614285705619,0.288648916383459,0.292566063289699,0.302152700246539,0.306392403744792,0.316742362870567,0.321078998197797,0.33202025752816,0.348670503989294,0.342333600656886,0.352918122706106,0.360180591098314,0.371452398591691,0.385324733213034,0.402142154992864,0.409246046593603,0.415912993297174,0.433889283166711
"3936",1.01891950356149,1.02183672054673,1.02083479469536,1.02975166305814,1.03886906360087,1.03219123871637,1.04090921424402,1.04967053166185,1.05269163972245,1.05477522469104,1.05342747845908,1.063712391172,1.07260728913052,1.0689651858502,1.07806069861629,1.07160717140612,1.07485922299497,1.07410572306766,1.06746794733293,1.07096054745857,1.06470668488227,1.06439371239298,1.05163608520081,1.04587643963426,1.04000924138506,1.02508348369127,1.01340212362932,1.00149940150887,0.987034665423954,0.971176408014834,0.966473098627907,0.951355246565443,0.936562040369463,0.933008430012916,0.918332811058599,0.897607742965635,0.886007298532917
"3942",0.0580176591224652,0.0663582814789213,0.0738307516118449,0.0755755955558451,0.0780804025180264,0.0865141396935041,0.09519157710847,0.110642889964971,0.119537444106981,0.111396843220489,0.130109817847598,0.132869362275786,0.14185808800655,0.150425572270617,0.159296496212766,0.171108196818529,0.174314477588067,0.192397367902928,0.208465742368338,0.227923589927973,0.231512983793669,0.241252511613168,0.260845376196736,0.265225695486539,0.285759871740431,0.295875719794546,0.300442118635467,0.321450560126588,0.325898239195596,0.32639833386273,0.33700199846771,0.348390426557065,0.349931440163388,0.361042959524837,0.362441883269785,0.363392759980075,0.364822104153551
"3944",2.55630360346452,2.57915232216185,2.58234656794758,2.58534852313389,2.58854506874696,2.59186271234576,2.58786147133553,2.59096832645704,2.58389559632528,2.57709338372997,2.57010862867201,2.56360361467916,2.55667092898018,2.54994407183169,2.53329285299837,2.51691122487889,2.51275311617027,2.49638233690158,2.47316083105127,2.46250744041072,2.45205504333984,2.43162745333251,2.42208002457004,2.40185089009574,2.39165151997031,2.37215685330193,2.35830444021281,2.34876857570084,2.32978452027154,2.31975531805182,2.30078773181404,2.29389406196684,2.28491989359862,2.28186049617004,2.27868279437831,2.26006401529809,2.25001309475712
"3949",4.6522696254371,4.71007440131874,4.76550198907792,4.81793904461858,4.87760072969121,4.8952021762834,4.91676819266959,4.93957416792437,4.95839625791128,4.98686324509715,5.0159321006092,5.00056227529063,4.97271247212564,4.96111975404726,4.93979265513823,4.9276551879857,4.91264021231365,4.87990289892535,4.83891097481657,4.80877424316492,4.78045266189677,4.75574431309335,4.72436464949957,4.67978208250411,4.63947948248895,4.60336640674016,4.56292107108075,4.52278711156435,4.48815639269544,4.44375994861251,4.39588721514043,4.3464171517565,4.30272318022361,4.25920206183435,4.21523157526965,4.17145786184138,4.13407389705636
"3956",0.424462095080778,0.422732098483656,0.414346009429384,0.400203781249759,0.392526889077024,0.40092590590723,0.39378820326082,0.393537357188376,0.399255850528309,0.392183250637377,0.390995281939739,0.376808355553976,0.360002869018278,0.351802685489806,0.344911970994002,0.337681747417379,0.326743309839304,0.32567661883754,0.319440114062172,0.308996093726419,0.302590529289781,0.303103703047703,0.292658921728504,0.286856228179647,0.270683154458541,0.258094821738889,0.248967394280727,0.244087185952083,0.240774088782353,0.241325946764603,0.226117163004555,0.234160246424194,0.242400550847616,0.227517536912896,0.228899923704317,0.219434265122445,0.214238274133673
"3959",1.14759495259205,1.16021149582845,1.16215193199199,1.16806796794182,1.16791071083397,1.18764783110771,1.19052717125983,1.21029996106463,1.22336513464338,1.22635305556184,1.23937612921595,1.24323869965202,1.25218815563037,1.25503763793148,1.25814410157095,1.26090352589862,1.26418173720345,1.26648739342924,1.26598639624392,1.27551114040845,1.27911332533362,1.27877754789105,1.28834363140369,1.28255545024162,1.2887568369625,1.28867916280111,1.28962726424426,1.29055182361057,1.29642461225934,1.3069794789072,1.3133673428792,1.31390071380914,1.33203341038208,1.33881402826916,1.35593392190971,1.36590555594809,1.38299985701056
"3964",0.143496214843319,0.151745312849077,0.148970337461808,0.147611219886648,0.152512877364402,0.150743793793049,0.14246560041293,0.14104248238577,0.139892565281549,0.138579352323172,0.147363422402709,0.145758144096449,0.144724010099425,0.136482485039048,0.135335064885413,0.133815797083897,0.13284279369077,0.130848899000131,0.140355728224275,0.133242552711758,0.144997895717871,0.144675585956832,0.144244221471873,0.144256467217424,0.144722494386205,0.143807428564947,0.144781309859058,0.145702725041236,0.158274806742018,0.158813501734363,0.165190449976743,0.166591315551153,0.180567535294513,0.174926033373569,0.182070513189338,0.189484044011186,0.19669925051667
"3965",1.0966197486875,1.08943431230469,1.08829356682979,1.08699161492326,1.08588024168039,1.09493399528926,1.08666500465013,1.08552841992706,1.08418827751796,1.08313394755356,1.06927842899265,1.0754153966334,1.08422272545804,1.09005694007308,1.08914976910101,1.09520205416741,1.09433943531874,1.0871156891008,1.08048352331821,1.07983435344006,1.0693745720215,1.06231493773259,1.06190843221584,1.06164617196507,1.05803396148686,1.05857740174062,1.04223732599198,1.04263484307712,1.02717293777211,1.01802994504687,1.01912851861553,1.00312790396715,1.00067401611728,0.99187947422648,0.992862790866483,0.977768872043588,0.968426007726469
"3969",0.00412041835356756,0.0194325637614886,0.0107226983891055,0.0190710513253263,0.0236498453975366,0.0376042231383089,0.0429995788370828,0.0516712624458162,0.0504172772642133,0.0590401609022709,0.0580199607028014,0.066337202917493,0.0709880968888294,0.062837231226056,0.0716799136820436,0.0759253328963685,0.07514181537305,0.0725469064872634,0.0778403994035525,0.0775030944009729,0.0760555243854949,0.0755584299261085,0.0808437101382713,0.0862224797438295,0.0754410819830437,0.0808899998282188,0.0711320946143051,0.0774808134327611,0.0734750340257881,0.0634030577386699,0.0599806840862455,0.0501877533090842,0.0571438019215688,0.053795122696137,0.057293035657278,0.0596043005482034,0.0629828077169715
"3970",2.01297897591682,2.01272233953858,2.02047351746365,2.01319721688956,2.02825573231457,2.0210216739787,2.01266544729698,2.00568462007408,2.0074876970173,1.99364279759112,1.99254819440119,1.9788354893868,1.9776492417003,1.97658005718367,1.96982803051161,1.9688929596898,1.96812215871741,1.96066740732143,1.94992871549779,1.9494250882067,1.95556128970291,1.94505415090838,1.95122222374299,1.94418553077291,1.93979646496269,1.93983861084442,1.93573318205833,1.93615830864591,1.93922151700648,1.94581269622735,1.95906061799102,1.9557952165704,1.9502864908384,1.94700944650089,1.94715535890005,1.9605646907323,1.95719464654987
"3972",1.30381377469057,1.28487967297653,1.26691942283394,1.24955953047591,1.23761356022413,1.21356884838876,1.19632429239795,1.17828966253025,1.16115765930879,1.14308808494758,1.11941788018367,1.10268422813282,1.08145427473423,1.05793405093468,1.04699780334055,1.03051390914054,1.00982087359237,0.993596050528182,0.972813508179282,0.96233016673141,0.941886021553874,0.925542310499982,0.911700027649676,0.901131809994831,0.887488636777403,0.884050099381073,0.873946773317379,0.85428160752433,0.851497875634091,0.8323606503524,0.829837697088106,0.81076152292696,0.801872095847164,0.792689756095903,0.773675745689629,0.757805790025541,0.748568181159301
"3973",2.63876792335942,2.6174083741873,2.59968331109596,2.58080047465922,2.54540376443285,2.52738830719101,2.5016178841895,2.46960550660416,2.44379063135561,2.43541082278392,2.41705034728842,2.39231039002514,2.38247889168186,2.35759107187637,2.33933168782511,2.32484986501852,2.31250166869295,2.29200256516847,2.26593742508643,2.24451075611671,2.21911967038776,2.19756121908496,2.17202003494959,2.16354280776789,2.16737459561032,2.15686865746204,2.14854684046613,2.12997990725659,2.11714487518673,2.09322471889345,2.07377576572688,2.05885696953438,2.02843010487817,2.01526242569518,2.00738523240519,2.0013854990525,1.99389032632865
"3983",0.313825417523108,0.336362536599205,0.370773373478721,0.393649681639912,0.411586661651637,0.434128587719515,0.450082044030936,0.478680745370744,0.501745480931491,0.530441354281649,0.543474716315102,0.571926301853208,0.59510861702116,0.623693384787362,0.652540442723294,0.675258062807365,0.704299219477813,0.715740395777452,0.739449637401955,0.768967447829347,0.798338113062066,0.827987756907836,0.857549360298547,0.888370032844281,0.908814689513796,0.938691704292735,0.969628517996668,1.00055954392405,1.03061561387893,1.06117633859131,1.08177751204117,1.1198026210414,1.15137685528495,1.18233906162623,1.20371080971113,1.23438929544313,1.27245100117713
"3985",0.828831423724174,0.86290055705195,0.888093360206156,0.922296750193903,0.950568321645005,0.985033489871099,1.01356869812466,1.04813990415155,1.07678939169955,1.11134927657839,1.13711819014814,1.17853532011549,1.21418344888319,1.25556100204514,1.28126021660361,1.32245601967355,1.35410513568932,1.38906395181438,1.42096682198905,1.45637935269833,1.48814338907443,1.51345893679501,1.5395999198797,1.57510663644832,1.60127291766348,1.63314611735583,1.6595461279367,1.68617423364896,1.71169835674551,1.74468999993841,1.76098798045572,1.7940477672396,1.82140157369263,1.8313067254263,1.8417054295468,1.85135714694254,1.8617130358929
"4007",0.659102755536154,0.664670176900122,0.683118782404491,0.696155072608989,0.704873807643535,0.71104847223289,0.723941811359272,0.724270890535619,0.737246560587233,0.750369880646695,0.763299306727947,0.776574810302666,0.779676042397147,0.792768805117827,0.800267365845971,0.803606045000368,0.816877388858335,0.814326841686105,0.827771098709548,0.825582394720632,0.835903621315143,0.844015598703386,0.847838130074884,0.852876460475356,0.841481073319481,0.84604721198205,0.838617894730297,0.837782878688668,0.830282942967743,0.825205485863188,0.824518134452504,0.807353503448579,0.807007497499221,0.796617506611586,0.796236390077701,0.791697613811395,0.796942862929627
"4008",2.41434971259968,2.4514204092848,2.49891776359855,2.54605523258012,2.59613751417325,2.64366832685903,2.68383951123538,2.71433474983343,2.75453429305246,2.7851029330976,2.83239819802591,2.87028798414695,2.92326714301578,2.96089832311378,3.00529384017214,3.04904180033164,3.08003417346568,3.12418777063824,3.15169794543783,3.18528840174865,3.235732841665,3.25705284214037,3.29085495363436,3.32462633053116,3.36412719277687,3.39885812425368,3.43299952484167,3.46743792345406,3.49290079572664,3.53385684900034,3.5692377738738,3.59977595709659,3.62817985644295,3.66930156042945,3.69438810268575,3.72922722370844,3.75391404459156
"4015",0.598917280347501,0.604392044238952,0.622479312962879,0.641164017879937,0.653877708605823,0.679445421901417,0.704946083571792,0.740464264113555,0.75924541332828,0.777983766323034,0.784101348714796,0.809587651696983,0.828493484968005,0.847146774989092,0.871797287262114,0.897167307687797,0.922884973773875,0.940983634630909,0.966211090131195,0.985700743760844,1.00506064064797,1.03048911799033,1.0500527562626,1.07581726164054,1.08953830245443,1.11538625082895,1.136330709989,1.16970365446388,1.18990474969793,1.20625699183652,1.22612083046941,1.24742893478078,1.27468252028995,1.28576817738561,1.31289001625906,1.32963548212933,1.35095080138199
"4019",0.614284681962488,0.622932672102234,0.615310140603931,0.624115689763918,0.633467165781908,0.625910701772926,0.634556102209925,0.643448717479542,0.635173872987829,0.644218487430044,0.637129094054696,0.646736942135187,0.645487892368464,0.654663375387271,0.65386635463252,0.663651278357376,0.650294069886082,0.660530646449695,0.659401049533657,0.658561987052597,0.664803681612221,0.658606820015451,0.658223928624944,0.657996414339846,0.657464710244413,0.658533606788064,0.653022421325186,0.65330819180209,0.644987149507375,0.645902130565047,0.63715899318212,0.631820853995425,0.622632832396642,0.614017094872037,0.61497917561856,0.606870825380075,0.591685283086977
"4021",0.600767574239283,0.583186260601828,0.579136225098282,0.572834908797703,0.568574529309563,0.557981628341709,0.557513304748369,0.540518806187333,0.533384737495898,0.51621747586718,0.516440245131405,0.49897225813945,0.475199408351111,0.480733828944785,0.46954426262952,0.468922502219719,0.458273406278751,0.440722134496792,0.446127245798461,0.435962332102725,0.425352060506428,0.420490158854028,0.413321220795118,0.402636622404458,0.398496826226964,0.393327728751659,0.395600836601822,0.392823244216615,0.394844428987082,0.391395458631429,0.381205524869149,0.378284942727356,0.362114392279219,0.357591342531173,0.354379263027644,0.350420949734217,0.337093173308359
"4023",0.141984391169629,0.165695846571676,0.187808349028156,0.211873578338411,0.244896189235231,0.268606024168993,0.285950783568615,0.310292780651615,0.33481172262849,0.352271668726925,0.376941559263593,0.410954954511692,0.435607587862076,0.45993109982988,0.474481209846058,0.498584460474506,0.523489378281732,0.540628056753129,0.56594423323585,0.584712624670005,0.599853496972948,0.625163769810829,0.650450096143986,0.66594581706788,0.697755072771952,0.713191066980002,0.719497473566357,0.736021222527253,0.751868608930513,0.758325385731756,0.774790135044961,0.788474409697365,0.785712241462175,0.798140277840549,0.811840820359562,0.808181017141703,0.815233851164258
"4025",2.12959789261078,2.17836134406319,2.21845512221585,2.26726451192598,2.32387665899117,2.36766563100218,2.40629932755893,2.45525179644259,2.49806248599247,2.54712766250421,2.58005646047101,2.6297553909809,2.66847733212028,2.71195962171737,2.75796155759256,2.80202559833088,2.85115973947717,2.87561988957395,2.90450947521023,2.93793760878162,2.96755786102574,2.99709555269765,3.03093887280695,3.04400728544062,3.05428117789004,3.07529831805149,3.09632602385392,3.10658513580767,3.12241614669543,3.1333488642178,3.144597499439,3.1392680335653,3.14341752386556,3.14898436765202,3.15990420566794,3.16836406563305,3.16229363437552
"4042",0.890390244629485,0.883140262026132,0.87452089356254,0.85759109709172,0.84943989527775,0.842598096547815,0.841245876949869,0.834181001197243,0.817162468197276,0.810271771155723,0.803153614228041,0.802158128874338,0.795260625912373,0.77151874601008,0.764777518619871,0.751444885817549,0.75137530890358,0.734612659853586,0.728014566354289,0.715774648756348,0.699471046178351,0.693364112039541,0.68719689578708,0.665649761424169,0.659916681684611,0.654745573322532,0.634011030363576,0.622241213132126,0.617424198323477,0.596580285718377,0.591739659566757,0.571136462781731,0.559918031839293,0.546280943706013,0.541718398827308,0.52154897730723,0.511036775180784
"4058",0.24659129491175,0.264656574519758,0.258578990116405,0.278309810424253,0.285820874744818,0.298123824573028,0.306632222345682,0.31629358424156,0.335086938487716,0.331017332003635,0.339863916749261,0.358045443035532,0.366959038401499,0.37543471279817,0.390955717040077,0.395806958251952,0.40486759380233,0.418930693761961,0.428631949560819,0.434952316930446,0.439968520146891,0.439588706698974,0.454858718266474,0.454772079334478,0.46127727919212,0.472983521189428,0.469801846546519,0.483420318143289,0.482702944286777,0.488945322490886,0.485070911963195,0.491851075390519,0.489454276429916,0.479383192570758,0.479970381213142,0.476109274600549,0.473446546551333
"4066",0.99320918306025,1.0017640410428,1.00500639931785,1.01378371902219,1.01705856518962,1.0161152260989,1.01898270598015,1.02773686051012,1.03065087852598,1.03379761774678,1.03669368001453,1.0358703312923,1.04573968642921,1.04886706255567,1.05789927102076,1.06134916932079,1.05461239945758,1.06379306285241,1.06715734317943,1.06405075221711,1.06354543715772,1.07401760450511,1.08360702966248,1.07774333012005,1.08765888017533,1.09251271004493,1.09316375377145,1.1037764761798,1.10479146887636,1.10894632202704,1.11996860114907,1.10841208696211,1.1195051369033,1.13081175446306,1.13195095659786,1.14270693812316,1.14356780061051
"4076",0.210494021938704,0.258599636763325,0.305438744001145,0.370974976020663,0.41976048415317,0.46774826491991,0.509380572399906,0.567875054794727,0.616682475675058,0.675254111838467,0.734038986580694,0.789018498329251,0.85371585433263,0.892111723031072,0.940831089486104,0.985647427580944,1.02464454253971,1.07200802872367,1.11743576390767,1.14042562266687,1.15969885638113,1.18848971534334,1.22464001895168,1.26126364297814,1.28774671205233,1.31391172662856,1.33085762644404,1.35202230817978,1.36733821520275,1.38120669677017,1.39744179795091,1.39252600963432,1.4100441237656,1.41675482283687,1.42489910940746,1.44115331941806,1.44276628768622
"4079",0.290158781057988,0.308516927913537,0.316412368229632,0.325157576306663,0.343567745848254,0.345224131817762,0.359595342089239,0.378179676044241,0.393840116804372,0.409453462504744,0.428091373642264,0.436689691513694,0.452421734084851,0.460966014857866,0.463040273151697,0.481656001030621,0.490581618420091,0.48874777539024,0.504736129779725,0.519901142925418,0.529239933266344,0.538954260646162,0.548530695518057,0.548665140295617,0.552440717231659,0.556105100923942,0.543914298222464,0.560574915228263,0.567841106064255,0.578437837476415,0.579207120474018,0.580465751478217,0.585272067505226,0.592320701228184,0.583689537312714,0.584988135407618,0.586283446110981
"4083",0.749601964244576,0.786736959287128,0.828915320187737,0.866106322662722,0.891059611208197,0.938859991564135,0.980167428722338,1.01492170226983,1.06195041619842,1.09679084437303,1.13825202590927,1.18946810120054,1.21087783492339,1.23602298991383,1.26794534270245,1.30626469769505,1.32816715579529,1.36119423893863,1.37278562150777,1.38050890216015,1.39283761592014,1.39499304193523,1.3972669214236,1.41611322647204,1.39819231696118,1.39154417139575,1.39074477989965,1.37361151134933,1.37340078266631,1.35705709637537,1.34092996681294,1.31411453153387,1.28762584309275,1.25476418429268,1.23829901377999,1.21239244141273,1.16889433661475
"4089",2.1634596354827,2.15487172791076,2.14266922847612,2.12419890687454,2.10609692695303,2.09376233103884,2.07509669507374,2.05663790838472,2.03798832932502,2.01963791809326,2.00105411643225,1.98303802194471,1.96452611604032,1.9362311998467,1.89548666551841,1.86761470365566,1.84942369509598,1.82168686298072,1.80006662767818,1.76209588673933,1.73431209432427,1.70318012112403,1.67544516399795,1.63124056035577,1.60947820875353,1.56261280566759,1.52559805301756,1.48780660349859,1.46392249970219,1.43321379107933,1.39268032397514,1.36195088692897,1.32815280820287,1.30347808312667,1.26880134469106,1.22842735783342,1.20353602369995
"4101",1.30136313820994,1.32390395928368,1.33007507347777,1.34590927718489,1.36839613910666,1.39804212768496,1.41084166540337,1.43367036683645,1.44976945862079,1.47272173824398,1.50255375454096,1.52791482496584,1.55103617801594,1.56960773291623,1.59267707790918,1.60449771297945,1.62774236815843,1.64596768352638,1.66536991856903,1.68483445341875,1.71081354552494,1.72382061843863,1.74336807778833,1.75994168139456,1.7927710237053,1.80933328579302,1.83611361698559,1.84039331300273,1.85968392830831,1.87029789328024,1.8867710033421,1.90814072329562,1.92545042702343,1.94895172679024,1.96613322071311,1.97699360320433,1.99417584582511
"4103",0.444392747932779,0.462514557552422,0.481249087608684,0.499510566486847,0.52724766740379,0.538729054048013,0.557154455288656,0.56901960443633,0.587601072025256,0.606291039159215,0.637839906241479,0.663298539464038,0.69464934400581,0.719148009001294,0.744779207299785,0.759149531158841,0.784129224091524,0.798391306977163,0.813606508016234,0.845636037003723,0.860790864471437,0.876011960286345,0.903653903959469,0.918983995516325,0.941603940482213,0.956813532870244,0.968660760585261,0.985110340857084,0.997485274068502,1.0197757687153,1.02966659274641,1.0301115570823,1.05304389082519,1.05964695283853,1.07238597286028,1.07876683213162,1.09142056659047
"4105",2.93032100428828,2.93851078296584,2.94625071586948,2.96160860821146,2.96956110872849,2.97117957237894,2.96962344674323,2.9783889941562,2.98008264520917,2.98457334163346,2.99346066197725,3.00230183327646,3.00786366005526,3.01672157952525,3.00565815420227,3.0046034721824,3.00382578408977,2.99625264323242,3.00128564377433,2.99743853277309,2.98690416090436,2.98634141960423,2.97584965497619,2.96535106448657,2.95519306081336,2.93930658514204,2.9193335808378,2.90975791450362,2.89031897793047,2.87542215069385,2.85636841573489,2.83152303672473,2.81266990084268,2.79780214797348,2.76639990587276,2.73493067917759,2.71654933331453
"4106",0.933554367911641,0.923017149786948,0.911821535404236,0.900953475091104,0.879550762403374,0.855289181346722,0.81975297803554,0.796119733385282,0.778720847314089,0.757418480427268,0.730875446538345,0.717666956866826,0.709914534299758,0.706766101370435,0.698187224565492,0.683660709782718,0.659893853953796,0.63876527757082,0.618300724021415,0.610602277184451,0.595817204660669,0.564998766385548,0.550160010907372,0.548110626518909,0.537111649293795,0.541300921565562,0.538913629032211,0.531826751770708,0.519138061470702,0.505773444749582,0.497867024250296,0.480905215049178,0.467275723956646,0.453294225264283,0.44587717822354,0.443627504498514,0.432865803376366
"4108",0.811923928465526,0.892958069872981,0.963359961377634,1.0285501567507,1.10200300159601,1.16620329642278,1.22344146842728,1.30376919262348,1.37115885666606,1.42875666185769,1.49661818081719,1.58389899291859,1.64834560699059,1.71309104751773,1.79359440268401,1.85849611534526,1.93358385307685,2.01114064695356,2.07616572721869,2.14150424146802,2.2133976221878,2.27428829062766,2.34616463885899,2.41790848289344,2.48346186083866,2.53312888406375,2.58869311010297,2.64232374908125,2.69865097720861,2.74960458003415,2.7998054456845,2.84482403676208,2.89584818534494,2.93091688539483,2.97518478109355,3.02030278643357,3.04762656493151
"4110",1.58267480321738,1.59741366541097,1.61424234476728,1.61927836107398,1.61725956204758,1.60539454671194,1.62366139308961,1.64236253400616,1.65092790224804,1.64937114715053,1.65855597045556,1.66084923715154,1.65854233830908,1.66721041047192,1.65494218498252,1.65237083050916,1.62840169500639,1.6262628602611,1.61491296680243,1.62711262963185,1.60656271882259,1.60820491130128,1.60339294649697,1.59488686297891,1.60300179938388,1.59767013580432,1.5796146187746,1.57246966098856,1.56367238469146,1.54375111298128,1.52371573884861,1.51061354361319,1.48095586645602,1.47388962935715,1.46062642940633,1.44315117806521,1.43642698637019
"4113",0.644195249745657,0.646963637667729,0.647546645112855,0.650385469043438,0.647900019093238,0.655590539418216,0.658359200951372,0.661487101950615,0.658501188411973,0.661659845935454,0.658911162251016,0.669321652584658,0.665443292965601,0.664544173431955,0.657891594875324,0.667438784588683,0.660859693432424,0.66075836695546,0.669761277636306,0.662446355393956,0.657793602231845,0.657246327617608,0.669193547908938,0.668745927085341,0.673063084239462,0.679510592024047,0.675209544771178,0.680240987873097,0.670968302143295,0.684397361347252,0.687270426871224,0.705858135776636,0.71399912037887,0.716823778295502,0.735963754057671,0.739198086813612,0.741329392769978
"4117",2.12005190501688,2.10635032132283,2.09070783441922,2.09086002211389,2.05937446688705,2.03455168372105,2.0016427338562,1.97530227597653,1.93509317453049,1.91882429559582,1.86594636362065,1.82459858799992,1.77146840148562,1.72328631695514,1.67149735951002,1.63845264727636,1.59204799271284,1.52734452220222,1.46721227590233,1.40205639472969,1.34056752784824,1.27590203961221,1.22402109096619,1.1681763904721,1.11525624151364,1.06696037906549,1.00398565938114,0.952423332755321,0.898887547587258,0.843139769835745,0.781467329633889,0.716437087865115,0.652025714925864,0.589745577369366,0.542533971339921,0.482676512813953,0.447713434576533
"4119",0.312394570734447,0.305215071519512,0.308684956410384,0.307369543103438,0.300711706557934,0.304132600530332,0.302696730675723,0.305759514040843,0.298580909179731,0.307497494074055,0.300418213600703,0.299743431874967,0.302715644887861,0.301741743034109,0.30184338549663,0.311254726665863,0.304576727349241,0.310747179143274,0.314046161993503,0.313339341914649,0.312849909788766,0.32325556949064,0.322822995246523,0.322590336949353,0.332370216081931,0.332937297575392,0.343347021189131,0.338065642640007,0.342533909851858,0.343397407814949,0.354498725044098,0.355253349363152,0.372087000529272,0.373347798864057,0.384442719307148,0.395970392898695,0.406796244153561
"4134",1.57066262761209,1.57904681437101,1.58163154606008,1.5902869794335,1.58312323041666,1.59187779974292,1.59468140827319,1.60334145354103,1.60625619548833,1.60928314834549,1.61794907515028,1.61107453809424,1.61988117565687,1.61609675615313,1.61505980669972,1.61832961310623,1.62734858208566,1.62051736960628,1.636322079855,1.62991026607959,1.6459554880883,1.64556152941146,1.64512016017565,1.63925380451707,1.63935479445908,1.63968494009507,1.63953321284442,1.64023499354667,1.64761996579664,1.64833884660151,1.64922107185458,1.65273371970592,1.65989103590901,1.66107341354764,1.65815730536155,1.66513290887967,1.65632294703859
"4149",0.209618977687031,0.23371696684206,0.242017685604612,0.256405749122438,0.264987401085868,0.282598900397504,0.291153169807883,0.302949688159855,0.327342763068353,0.336163828537623,0.354804493895598,0.380641849506701,0.399431731608278,0.417200584509628,0.436188577411691,0.455323684447736,0.47433297335349,0.493429764839582,0.512558220135264,0.531849619153139,0.567925942739956,0.587527992215081,0.607096708474109,0.621225536976651,0.641200846051817,0.661729649230901,0.675749918529596,0.696379037521661,0.727378398408681,0.742379780388259,0.75338589594632,0.764325139154665,0.76976198574368,0.791045292569436,0.802265252954153,0.807939106781248,0.802309889467769
"4153",0.91180186701676,0.9319206904389,0.968778036163682,0.988797313772076,1.01811325988817,1.04169125723957,1.07025478491077,1.08646694859532,1.09923879419847,1.12246010640286,1.15108802307769,1.17487694647889,1.18780469638505,1.21116902730585,1.23455812030353,1.25851106170733,1.27183329468652,1.30190169707828,1.31501674992392,1.3326693706028,1.35648067147339,1.370233657786,1.38405099489993,1.40798240645503,1.42167360176246,1.44684601179066,1.4612512072455,1.4790549932423,1.49496590720267,1.50439314358517,1.51992621780974,1.55122884233034,1.5663266193239,1.58854181315033,1.61378100967924,1.6297278385107,1.64461455670188
"4174",0.0506624728295783,0.0620326342493539,0.0655152986922142,0.0842925911254032,0.0977172099110889,0.11375599917662,0.126583372624868,0.128419059980059,0.147024369987027,0.160169530896058,0.171864317845012,0.191201824511808,0.204181655390892,0.213142588229278,0.232217625002389,0.261680772908725,0.274903315551375,0.294488760011004,0.313449499415185,0.33261854314293,0.346364406212199,0.375963946175656,0.402178942036889,0.426321810767266,0.45277485646829,0.473624233709627,0.504298090658361,0.529111917191534,0.560378337227883,0.581189015857414,0.612289062075432,0.630716428942543,0.651823015483772,0.673241181800051,0.711092345067561,0.72700973024414,0.754624312992473
"4184",1.26514118884147,1.22499669448044,1.20247467220703,1.17971967162413,1.16294278865463,1.14044951592419,1.11750197558013,1.09469347056424,1.06755107839944,1.05488547108509,1.03197963057656,1.01533549801381,0.992574914249549,0.969914934510314,0.953154377480169,0.940830394567488,0.917371716833503,0.905143074538315,0.888437957872387,0.881929381350901,0.859019196525622,0.840434114906402,0.824242232499092,0.818291186230938,0.802251083457615,0.797244008264692,0.785274767512168,0.775734210871347,0.764690375835985,0.75981426483854,0.755234584091913,0.74350274755843,0.744474020022016,0.74008371696906,0.741162120869025,0.737173257048946,0.737918801724574
"4185",0.747209227169817,0.757554794885957,0.771857209558816,0.766220489835151,0.779203552348699,0.792031449408307,0.779387693325806,0.777470602161906,0.777220309693263,0.776456794142723,0.770899142419649,0.767184730612935,0.761396443057084,0.773685438272589,0.78243719628761,0.773155127170921,0.768202754394268,0.753480015343761,0.741053450444822,0.713416711229525,0.70240278045563,0.698331423382008,0.690316200967431,0.686191278286245,0.670421680982005,0.658679456650482,0.661181113055931,0.646591075411732,0.629263219087018,0.603987911477855,0.58581668384671,0.575489401013253,0.555697718030631,0.530560236288051,0.511101520230702,0.500263462509211,0.463461722824303
"4192",1.15667608678371,1.17474576008749,1.18189618586498,1.20727305516642,1.21492862446729,1.23003086805163,1.24270080863009,1.2512541338406,1.26991632926501,1.27847621322291,1.2772863864523,1.29135811223454,1.30016908028735,1.30870965175057,1.31747312743363,1.33163151057878,1.33071096533503,1.34535770665985,1.36725026594621,1.36686290250342,1.38192821875763,1.38146570589214,1.39671934263695,1.3964845717157,1.40266329798633,1.41798166586914,1.4119989991419,1.41862210272493,1.43437879741652,1.44084583459679,1.44153018121949,1.44212136103539,1.45942438349079,1.45372857266081,1.46081499695055,1.47396457254431,1.48102717906272
"4193",1.34806339720063,1.34742599892737,1.34880324628934,1.33845149403478,1.34033898511796,1.3429187056322,1.34666009421562,1.35646885835316,1.35352156233825,1.34632847862124,1.35214397873733,1.3615467242697,1.36136598313062,1.37098283804052,1.3707163123535,1.35645122913464,1.34897138210629,1.33473554533398,1.30526063763554,1.29167411893294,1.27869908888272,1.27469154144983,1.28162916487726,1.28430475818818,1.28783097239563,1.28781513631366,1.28467698939585,1.25871827352698,1.23594147001266,1.21352079029821,1.19425717069617,1.18556665395974,1.17787512993652,1.15855017756237,1.14974383536649,1.14662360728965,1.12779077754586
"4199",2.54263837076835,2.55571349067437,2.56643211304581,2.57520493798024,2.57946059832537,2.58931629026405,2.59212200231844,2.59223939269999,2.60065393131451,2.60086153264453,2.60944977703657,2.60361686364628,2.59645874429089,2.60577815336366,2.59927737768988,2.59366847163407,2.59278108491912,2.58123079852684,2.57986786356155,2.57315023054762,2.56705825521835,2.56652202131984,2.56035357361583,2.55994183407778,2.56321744593764,2.55798747353452,2.55203520446439,2.55200409139767,2.55858743981292,2.55973942794081,2.55556204011857,2.55562139432199,2.56615734697271,2.57192515451493,2.57274136695765,2.57930524970143,2.58291328920051
"4200",3.23613656811243,3.23289209718945,3.2356388584237,3.2479825987458,3.2435476913417,3.24680099616748,3.24935789795908,3.23835711019325,3.23781252122178,3.22660007374838,3.20984838776501,3.19907500213046,3.19080501533026,3.14748979847519,3.11982468585264,3.08286012718217,3.06231058247012,3.04953855092351,3.03173040139619,3.00787720456343,2.97747984325122,2.95331113605558,2.9293933561388,2.89841591771629,2.84522119669435,2.80846785172919,2.76081319291851,2.72391655304107,2.6828469404484,2.64413861030951,2.61557492385337,2.58241308357843,2.53723340582651,2.50898209737636,2.46964128702755,2.43499008066151,2.39603032636803
"4205",2.08027300971871,2.12680055185202,2.15924863653905,2.20577820952976,2.26838220956636,2.29211274787659,2.33191537440251,2.36519078475583,2.39835466465627,2.42577369473739,2.46626694122994,2.4962161028697,2.53643719580868,2.58347764569778,2.62056765731365,2.66059890248867,2.70138664883815,2.73714193356989,2.75490723015931,2.78945820388,2.82041418313892,2.85129783224213,2.88891103221845,2.91980573781509,2.95792000359596,2.99556720653725,3.02707409735109,3.05911847981722,3.09084101950775,3.12328711662445,3.13914110684883,3.17177800394128,3.19792554047438,3.20790594927274,3.24050998656894,3.27287817395703,3.30277933932153
"4207",0.564264968647524,0.541609359433219,0.521756634008105,0.49928877074008,0.467980692993917,0.450945711781215,0.422184941101079,0.399649534852425,0.371291910724292,0.355324832530954,0.340343472085162,0.323793543001346,0.308274398786623,0.292526074800058,0.286883557439356,0.27629722353675,0.26727260513327,0.263099649106587,0.254475785260606,0.256938167416319,0.247743418885993,0.244263357188535,0.25176578300262,0.261404420730406,0.260091452338132,0.266223219594335,0.270003403485906,0.279027149789986,0.281468942364272,0.272919443977295,0.274802692796548,0.284034709169308,0.276521071644523,0.271618134316729,0.28018256262422,0.276860809856908,0.292157491336095
"4209",0.801795580525114,0.798548781731082,0.801103702465745,0.797808073673388,0.793334492767042,0.800712611398536,0.796412881420844,0.803820457141919,0.806451968930598,0.810595599595579,0.818015996233238,0.828177183130283,0.835270538409573,0.849589443785365,0.859578846526314,0.867190949078048,0.881689187949608,0.895272798539594,0.902981418542133,0.91681097009126,0.918153343370722,0.931676697608271,0.946226581354309,0.966292990525898,0.991103333993561,1.02387254425201,1.04442781514313,1.07572923484159,1.08919092398471,1.10776417479685,1.11634405547303,1.14308302346442,1.16756379721182,1.18166944114202,1.21838219225568,1.23247055185568,1.2464325660304
"4214",2.68809761331898,2.72067359902517,2.75337533614483,2.7860512989121,2.81878637707273,2.8449800893166,2.86766348007054,2.88957473440657,2.92230530936712,2.94535838422592,2.98099103199936,3.01432590290007,3.04299563174102,3.05619656532169,3.0851987468169,3.114471691206,3.13363532710591,3.15656273090151,3.1656193625361,3.15834915511066,3.16788046702256,3.16730103192017,3.17682692469116,3.18209178659351,3.1716005988977,3.15867869262129,3.13864103067663,3.13140710494313,3.10587248886867,3.08686696019557,3.05727010958574,3.02788608551344,2.98882098693626,2.95999889240088,2.93097808673519,2.90244720733443,2.86307205806092
"4223",0.187235603413718,0.221159122790945,0.255837399529259,0.300090659909647,0.326947403656711,0.344257898213234,0.378499431357901,0.412829589493788,0.441477814205308,0.475916006755259,0.510323535093209,0.541574302003811,0.576129800542618,0.610505708007967,0.645111964827113,0.669579261282031,0.704314606390065,0.73852451698244,0.773577709804118,0.805358544561904,0.840473970732253,0.882472363412583,0.89777215687107,0.923491688820616,0.949551344006764,0.965479704014415,0.985516941635044,0.995443645484224,1.00603725955875,1.01252425718012,1.01916943446554,1.03278978370409,1.05004814201582,1.05704326285019,1.04754551864795,1.05457371597015,1.05161108167612
"4229",1.6143119777049,1.62118872080501,1.63558264793574,1.63700050745872,1.64451668300525,1.65244466733717,1.65975615676029,1.66749304076133,1.67592593505548,1.68371896243769,1.68817112907413,1.70347169726371,1.70525341907922,1.71343335657008,1.71160410043415,1.72736301628617,1.7356077926557,1.74214981872553,1.74424459440736,1.76576942893078,1.77118996910385,1.79298007663728,1.80254231042704,1.80777665710686,1.82931646324626,1.84034257340512,1.83919990846131,1.84919155649182,1.86701321450028,1.8839477043874,1.88547559348571,1.90805847378422,1.91871369112646,1.9425363407795,1.95341021113928,1.97117169185304,1.98155985907319
"4238",1.82075077262263,1.85357353173517,1.89291352257997,1.92462631095496,1.96393269721639,2.00433373864226,2.04288167407204,2.08849006377681,2.11705358780431,2.15593370756987,2.19447682265467,2.21800901728471,2.24671959844238,2.27885505542329,2.30791908235953,2.33740337738831,2.37307585345935,2.40261151392582,2.43156453739295,2.45409644386792,2.48360272595484,2.51232255820235,2.54190902033614,2.56177024765956,2.59138051444322,2.61245327007207,2.64297054054473,2.6692009191628,2.68081313688183,2.70171778578832,2.71297526521738,2.73939855366049,2.75041105350665,2.76527296755863,2.77217821809808,2.78081897609606,2.79828126343676
"4249",0.979433801208072,0.981794170822655,0.976162416428563,0.978884570039471,0.991015769958244,0.993528899570647,0.986227543830433,0.988977168416972,0.975005303605567,0.9778527943496,0.976538096775836,0.979234107372803,0.955453212646991,0.947233033936785,0.937065374801796,0.935635256476058,0.924628970830569,0.92289156364579,0.918860994572322,0.914961193518166,0.900891178311184,0.890477287149541,0.886605646230326,0.876512688166918,0.850288467862889,0.816864786558608,0.797677617578858,0.78855344867486,0.774592401151303,0.748679331102973,0.729479952345844,0.710805437398505,0.698095889866498,0.672566889549663,0.659700576977366,0.640746881466589,0.617785693659838
"4252",0.52127793289464,0.523950869762475,0.532566953903873,0.53123442874922,0.534265279407803,0.533130070134004,0.53589702873283,0.534530414675565,0.543131731893957,0.536162643274876,0.544731210195419,0.536922128112842,0.53989844164443,0.538708217807613,0.554449852978922,0.546845150583088,0.54673808197549,0.545767495639611,0.544861897803015,0.550747056826132,0.560161473358091,0.55976251537274,0.549319709315272,0.549247681328163,0.549241310713916,0.539833026733103,0.547279139919374,0.548028201561244,0.544687671866775,0.542046848789849,0.542986189492263,0.53412402063637,0.525514617070809,0.532604223011486,0.523958464471227,0.515356161127667,0.512349642437332
"4253",0.311187322777495,0.331000933086138,0.333904656133735,0.342401578506925,0.345318984940666,0.364232330463739,0.366931750022933,0.3756674185326,0.388424368624619,0.404081990444023,0.407015072970563,0.416047764111487,0.412154271755654,0.421063161140082,0.421063035326782,0.43024359830514,0.439327074385167,0.45521793366313,0.464340526052519,0.473694326864798,0.477383872180181,0.476871652456247,0.495539990092045,0.505195248341984,0.514934898968952,0.541124417410097,0.551388904397232,0.561846313547328,0.595299271521386,0.62197614847485,0.643061364083031,0.666345525364433,0.693324589475193,0.714515179522133,0.734806379960134,0.761973302445957,0.778654211851767
"4262",1.38799756437182,1.37700214010603,1.37322827111314,1.36204639390554,1.35277360500203,1.34744239271478,1.34288075846346,1.33202079267141,1.31339555880722,1.30267095879982,1.29118899682906,1.28184229743655,1.27029154729258,1.24999324858751,1.23947058881434,1.23046988492477,1.22209468703835,1.21419179021624,1.19586430823418,1.18046421322872,1.16366693600746,1.1430494828089,1.13844071882533,1.11122813943061,1.10529941248236,1.09417281020587,1.0859737342624,1.06555751180386,1.06128643761701,1.06503069335397,1.04697670361576,1.02572826814765,1.01165867647755,0.986809549167206,0.973187790937481,0.962060039341187,0.947645260016139
"4280",0.225936911196256,0.238438635095434,0.2463534778111,0.259139557226666,0.260474854144572,0.263337171850444,0.28180157110294,0.290387106699113,0.30898580382137,0.311923543567928,0.320547349134279,0.339311928514619,0.348057032743358,0.360978876069866,0.38662315575489,0.395406919327824,0.414380025753985,0.417198643791816,0.436436098736693,0.445802049259243,0.465172183081601,0.468976347621736,0.488502924122527,0.498366132877118,0.525168275380976,0.529595616996828,0.557039270389449,0.567878624264299,0.57834168643514,0.59328215736919,0.597552161194843,0.603019530858242,0.607822884697278,0.629028967113735,0.641256978097895,0.652392100281167,0.670295886323889
"4281",1.37888606616914,1.38311628966412,1.3838555349327,1.37091803042298,1.36422773781662,1.36457638452352,1.35152027179523,1.35456088717784,1.33150602227172,1.31773222618057,1.30750263056106,1.29530496838172,1.27135210480295,1.26567677553282,1.25674703938211,1.24703505775028,1.23129769004707,1.22488672421943,1.20243060911295,1.17937294672529,1.15070529076844,1.13439009772634,1.11238169794127,1.09619680453686,1.07759214155643,1.06896142041188,1.0475145821808,1.04880845987957,1.04409685595712,1.01689188192666,1.01228910241535,0.990644476257189,0.985887394440561,0.975535718737342,0.97080786992515,0.966473025185806,0.961410366685685
"4283",0.530037711463579,0.521076101798099,0.519058557574345,0.527557791391507,0.525872360427216,0.530224320265797,0.528676276641811,0.534148030691853,0.525858127105001,0.540301706901319,0.53206705876107,0.520899392145658,0.519625424725621,0.524111599672701,0.523009403185276,0.521953164568635,0.526714628464181,0.522168623756454,0.521363716135865,0.526478079238173,0.515870368249494,0.522047406552522,0.517338538118696,0.51054353146294,0.506330572041975,0.506671165396755,0.503986682737092,0.510494405405775,0.501187650750901,0.497745480603719,0.498685991438112,0.489833129041915,0.493658970944964,0.494868926401204,0.491995019157178,0.483204626664099,0.481064752443043
"4285",2.71848818984523,2.7273797763623,2.73313176845899,2.74612664970416,2.7438275940487,2.75408613297278,2.75684368148433,2.76021019325964,2.75581988404636,2.76040716309058,2.7669499137293,2.77154776119974,2.77426072344033,2.76805985210521,2.77844716424427,2.77751339249708,2.77091687907891,2.77672486048092,2.77602630180608,2.77925309599791,2.77321459238385,2.7776894893989,2.7815022529422,2.77516734251977,2.78488268025562,2.79053321677997,2.8010160517207,2.81761107511587,2.81412850363034,2.82616181434736,2.83775806005513,2.84210821613241,2.84603777267974,2.84511073336509,2.85589697786549,2.87820886774573,2.88839964698421
"4308",1.05870341704154,1.08697241206371,1.11530211883514,1.15654143922937,1.17495971951168,1.2036719459253,1.22785099381703,1.25649618894186,1.28077930988416,1.3094947703178,1.33389694274619,1.36856200124035,1.38725094956097,1.41858265899702,1.44324257191611,1.47222533332959,1.49370711888804,1.51833122555406,1.53665345413796,1.56175382957223,1.5811698273414,1.6064510960983,1.62173945277724,1.63726016304353,1.66292002783598,1.67909004541879,1.71202859562061,1.72266432018189,1.74591234768468,1.76251341253373,1.77928509043183,1.79615010952293,1.81326539721366,1.83028117169895,1.8473509156129,1.85445377548685,1.8655528997409
"4309",1.0465722732686,1.00060772575129,0.972777699896152,0.926854515910755,0.904365299505774,0.8664319292193,0.843283513344583,0.79809198955292,0.774877794403494,0.729640994464136,0.690034968241526,0.655660086032984,0.615797475262677,0.58367148133159,0.551365394152908,0.524202252524532,0.497749182439294,0.467235200669083,0.434410726560835,0.402131640804198,0.370276737155949,0.337989339954314,0.311727497065928,0.295071467721653,0.269066034467391,0.253944774828378,0.238191229047086,0.228922067940809,0.214852472681249,0.200347547830416,0.186081720221096,0.173903004673074,0.178697048586964,0.174066760347454,0.168992541213093,0.187252904682336,0.181656924332558
"4311",0.897903268440673,0.919434359227796,0.960140350214865,0.988783619302387,1.01295746940523,1.05280871211192,1.08128051627402,1.1071538564177,1.11546993557394,1.13564038821555,1.15109654656008,1.17780767459938,1.18634382639337,1.18562795985365,1.17483892941878,1.17587517636056,1.16499193071515,1.16566795482537,1.16096977293484,1.1500853844204,1.13055214200271,1.10997878108078,1.09953211153486,1.07907389096585,1.06495914205219,1.05922987432329,1.0368042223591,1.02379499059171,0.995242619768386,0.976251686048001,0.947537434631345,0.911545986666777,0.875826256540056,0.840558288312826,0.811557320618125,0.793440023881497,0.770662617030567
"4313",0.868265286398362,0.865398956559497,0.863909384276884,0.866758104721515,0.864731176095937,0.852728991479577,0.848535377408791,0.841687894511277,0.838539798067273,0.831757915066543,0.834608132971743,0.822842212687063,0.828209783112733,0.831658412474081,0.83081893981441,0.834975974317158,0.828332946312073,0.822255167240542,0.830963360648991,0.840084363484617,0.845467745380768,0.854876389328606,0.864430445407487,0.869698598043771,0.884572047301105,0.908114086080179,0.930395418774416,0.946277626079118,0.957359545814493,0.974281778229585,0.997365555345991,1.02581442200375,1.04811166281291,1.0653551311048,1.08784971421528,1.11152078457009,1.12687931675529
"4325",0.712333180604983,0.703319158170329,0.695197699076215,0.693763063683178,0.698879163345344,0.684565676268026,0.693031709251677,0.685737550759054,0.691280193269741,0.684118776988938,0.682683727998973,0.668566616883744,0.667354453139993,0.660090264437732,0.668867824805327,0.661644314551935,0.667225613240864,0.659479298471739,0.658820085446015,0.65243653932175,0.651725203416287,0.644732782812926,0.63849239671027,0.638504258165762,0.633090894105415,0.633284243929898,0.618577249577861,0.619554215809981,0.607548787423992,0.598229532371599,0.599054847305458,0.588028640477734,0.579573584091144,0.568421843198089,0.559852508002899,0.545348267302162,0.553320212676875
"4326",0.0819744227629077,0.0801119091282152,0.0808153433003936,0.0892061896195323,0.104342024245209,0.112844620133042,0.0985903957306755,0.107200494837593,0.115732080793864,0.131255386404541,0.139938796119641,0.141810355478976,0.147325399182963,0.15600425363414,0.159087947128198,0.167884385148628,0.17692087391623,0.175621611449909,0.184853593016915,0.194266661732125,0.203646470290458,0.209765281114285,0.219261285911655,0.228979080054871,0.235720661172188,0.245713737332036,0.252033364710576,0.262755418644245,0.273223449656766,0.279806457285153,0.290707010739062,0.301934332872175,0.309149235880583,0.320260786848042,0.337360618153427,0.344185110838855,0.355362781884256
"4327",1.26665814416095,1.27808984903135,1.28561434427099,1.29843980933828,1.31934989554441,1.32326406938076,1.32480512850074,1.3211536253094,1.31679859726046,1.32010322948974,1.31608362154016,1.30682784193219,1.30527461140327,1.30903975652653,1.30261664374414,1.30741951783372,1.30085377374423,1.30245029238231,1.28852175992262,1.27511205570452,1.26911204302126,1.2684311028657,1.25561447768275,1.24249377585013,1.23423840741161,1.2302595585222,1.22605638832476,1.21983132126666,1.21707545234382,1.21850205238608,1.20468444534052,1.20512274943222,1.19533971574072,1.19780697209718,1.18931639614184,1.18846513552313,1.17600289819759
"4333",3.49939649743936,3.51045159407462,3.51299192353904,3.52440528780474,3.53717387728459,3.549067195726,3.54748171007943,3.55616571131707,3.56578267754756,3.58137875809458,3.59689833288496,3.59575517508598,3.59443444175817,3.57640227508414,3.56854609257263,3.55767156192696,3.55001597049725,3.5393445441567,3.5175404650378,3.49681916110329,3.48205312713081,3.46815080119787,3.453437971392,3.42310960656459,3.39858864915786,3.36825070311434,3.34428820507001,3.31719798074337,3.28836623075958,3.2650863500347,3.23204076515063,3.19202118807238,3.15889360627709,3.13599912467288,3.10292296422239,3.07033732567457,3.03694583079582
"4335",2.28064916213961,2.2561665252128,2.2383684806031,2.22691060168427,2.21602750081399,2.19951080276491,2.18794770600139,2.17674110212867,2.16515718766982,2.14715964345421,2.1357536549719,2.11949407138259,2.11807636148946,2.11716561498165,2.11303197945014,2.11266961362222,2.10173940301339,2.11177875240328,2.10977273612054,2.10893231460447,2.10848852479721,2.11793429876948,2.12410198643789,2.14034386359436,2.15223813879654,2.16303257949409,2.17985630609508,2.19021412083381,2.19743301302873,2.21843123182286,2.22971231014018,2.24615419219603,2.2571665693014,2.27853407633871,2.29541401341189,2.30716165235012,2.33368592569693
"4359",2.62286373139497,2.65163509584613,2.67680274890607,2.70554164407427,2.73564482801373,2.76555499495476,2.7740478251022,2.77299401468277,2.76555610852935,2.78151005620309,2.77998918654391,2.78004843633558,2.75855799810236,2.72534855178063,2.69462984247023,2.66254541124722,2.63830423237997,2.62607017113431,2.57881913286001,2.5344048694973,2.48828743394939,2.4485978684662,2.39817637995161,2.34539740061358,2.28771051416977,2.2235468521748,2.16098555528917,2.09516608837944,2.04198601692722,1.97742425814217,1.92993736348656,1.857609468851,1.79237210743606,1.72826905339287,1.67335141555532,1.61012873516112,1.54794827291508
"4364",1.26170042532626,1.2583139187671,1.24274065436914,1.22844995524096,1.21497270399187,1.21442880310877,1.21398909358162,1.21664716914493,1.21067430136537,1.20343063329803,1.18940304635855,1.18195469093028,1.17604488287112,1.16865552644066,1.15480999852571,1.15406607396318,1.14813063763233,1.13654305721513,1.12366124673476,1.12401474760289,1.1117021219057,1.10554801744594,1.09926737214215,1.09348720928455,1.07258372730825,1.06649718878847,1.05519990729332,1.05053092671143,1.04464524591186,1.03607992618689,1.02432317538435,1.02686098309159,1.02294299861855,1.01484706020131,1.01069269368566,0.998867529685247,0.984749037059688
"4370",0.89834680931337,0.911094332943549,0.940416283028048,0.956293730053505,0.985536412479056,1.00901614685951,1.03748574297217,1.06044897690867,1.08890468008424,1.1220150940967,1.1447593917741,1.17415406477848,1.2070139289339,1.23022273825294,1.25926954409711,1.28635271785778,1.31626184820979,1.34029601177051,1.37337906167453,1.3967395457145,1.43624004270905,1.45999280622113,1.49378118196861,1.51114888779569,1.53488299889583,1.57015538124356,1.58472824620403,1.60933702857232,1.62523413884314,1.65044887138564,1.66600909501207,1.69084915886909,1.68363645261101,1.69936395806517,1.70469736656916,1.70512355344234,1.70340702471386
"4371",0.955519807057273,0.980017472635155,0.984017488056736,0.97830929145307,0.991243757013466,1.00411012962262,1.01525428036423,1.017111205786,1.02112672770984,1.03411256589138,1.05235236128029,1.06534629306759,1.07071042702999,1.08299380294912,1.10181236804858,1.10597085806298,1.12463219866439,1.13209444531249,1.13755919089281,1.14937689657319,1.14279145039101,1.14811232637985,1.15457881043239,1.16638385924713,1.1942902870287,1.21562889068328,1.23315560644814,1.26219601986848,1.29286683336429,1.31029480296446,1.34048176147635,1.35645176094452,1.38438225516112,1.40753031796732,1.4456613009463,1.47552790150512,1.51286029564675
"4373",0.747933860504572,0.771960040240993,0.812261731062174,0.843410276687297,0.867806072457114,0.905174266196367,0.929291626319514,0.953781106364976,0.984830590440251,1.00245588052813,1.02687380613435,1.04497852834995,1.05931646588367,1.07405437597158,1.09882226646321,1.11402632963715,1.128889027535,1.14445620438487,1.14914860608949,1.16503892030121,1.17029872539887,1.17548178665918,1.18075905039124,1.19607296381134,1.19134336352382,1.19194439924141,1.19776072047276,1.21054466775127,1.21425931600512,1.22764788252905,1.2354193051332,1.23205528179996,1.23898840755633,1.23601638601775,1.23717657663628,1.23441602078648,1.23106275540193
"4375",1.49110365833093,1.48338253786954,1.48499176275879,1.46469900345116,1.4567859995662,1.45941372003079,1.4519764982096,1.44481911076968,1.44755052379614,1.4403659261609,1.44336435005904,1.42936447590543,1.42801481339212,1.43095211363139,1.42401122279645,1.43948210824664,1.43282187925569,1.43228638444328,1.44160055980019,1.43535618607885,1.44470961149699,1.43836219997242,1.4444406851395,1.44823024724343,1.44830424936712,1.45220904773241,1.45248864826403,1.4473622560328,1.45762518317251,1.446106644802,1.45702639859096,1.45823967041454,1.46386794701795,1.46483900937367,1.46697355597599,1.46772646474578,1.48550699069034
"4391",0.434103100944027,0.431656403906907,0.433932600551679,0.444626165901426,0.440893183589767,0.453932907049567,0.452148285501292,0.449341260097807,0.447963199126585,0.445086044493173,0.437093952193527,0.44053045067145,0.439293454658771,0.43649781220406,0.435041184080449,0.428615292938415,0.434403619478582,0.437341606352515,0.437055551658056,0.442599537230965,0.43178656462388,0.436987183477155,0.436388818905538,0.431752061876651,0.432360883197148,0.427027714575532,0.433369247395343,0.424353809855939,0.436064845830919,0.420137017777934,0.416449782478709,0.418256412003739,0.410108662645761,0.406591416527122,0.404737596242539,0.400542837767897,0.398775180527196
"4395",0.924793253901666,0.90397808486749,0.884441137058863,0.866649970283506,0.837846361931877,0.819933964472487,0.809286976519394,0.797781205320836,0.780535609694735,0.763144062761064,0.746292238051659,0.728531188985092,0.711462776136516,0.699897377670763,0.689531083184686,0.671803282726652,0.665206577002975,0.647135306788143,0.63012760585083,0.607480033048729,0.600994876648337,0.577949697713809,0.554962273681525,0.544319110250017,0.538684756481147,0.515433100142871,0.505399430099002,0.506905388481543,0.497596663986209,0.488475473729497,0.479239237975031,0.468273435762111,0.459781145426449,0.444718023416609,0.445954461271435,0.436271847599361,0.427396870234337
"4396",0.604840860152239,0.604532336826685,0.609258520324707,0.613123396130302,0.623250151643111,0.635055787190379,0.645960898572789,0.657488201553257,0.668391688614954,0.672884786412208,0.684338475958421,0.689274094425372,0.700352429324677,0.705153266201243,0.716667665480409,0.728470144244777,0.74442632939662,0.756384732763615,0.77787707191576,0.783142172545367,0.79260461540133,0.791026910228932,0.806237430216358,0.824598356984077,0.834029255052904,0.84980406294314,0.875097258483316,0.891941808821498,0.925298137459041,0.942187344514714,0.962604643370454,0.976698246426406,0.986778182538804,1.00696327021522,1.03119937152931,1.05836715452941,1.09457777730323
"4397",0.695771862593221,0.72433321631275,0.755566714171587,0.774834134662569,0.783670568715666,0.799875616278203,0.808135403688719,0.786473123866266,0.780871959241372,0.776062868785483,0.777978641360353,0.771204081440625,0.772729321832085,0.789122196217769,0.798413072690048,0.80561984964782,0.812620334833254,0.824025168834348,0.823476611563349,0.819450871875775,0.800171615480484,0.786067543653955,0.783179115540316,0.770523302380269,0.763037867564964,0.771666431980709,0.77207057140898,0.785881759664688,0.783095470459282,0.778743634210368,0.762324286440782,0.75069845160447,0.745311305072763,0.731582807081308,0.721515548125825,0.701653697748675,0.674295959166562
"4400",0.789553851527674,0.808947389114446,0.820377658624073,0.838478807608432,0.850324615210897,0.868592178389419,0.871102001132881,0.892826271198771,0.905511869108799,0.924054715381914,0.942856090391171,0.96822258035287,0.991099428003559,1.0097568585545,1.02176168685737,1.04047838970281,1.06293397795919,1.08179023527117,1.10103769983626,1.12055694185427,1.13994904726916,1.16592844212356,1.18537045247069,1.21142505534787,1.2213558988565,1.24100646858191,1.25105175667188,1.26734674637667,1.27772774509933,1.29867183943565,1.31542394010089,1.32318863988569,1.33457288294092,1.35791836540735,1.35915714847022,1.37564091261806,1.37671685413043
"4422",0.169854815015715,0.172555240890065,0.171748772684032,0.180369317446311,0.189460306186287,0.188570794241204,0.197012696430771,0.195672264636258,0.1983715842849,0.190316080681803,0.188785272277376,0.198128833291852,0.196732769233293,0.202445685419363,0.211446243686065,0.205112674400987,0.204045991903817,0.213658030551417,0.212529176985681,0.211650748049513,0.221119065728521,0.214883120309429,0.214429780033631,0.224245018627807,0.217186821017603,0.218224695391689,0.235361716809016,0.235855335707541,0.237410087555192,0.244968432248337,0.250446742517144,0.244622426908745,0.245738070399467,0.257261794643893,0.258488284054916,0.253820682598003,0.254663861532991
"4431",1.93536970277691,1.95383442681519,1.98331276463315,1.9948832700566,2.02419494999649,2.04350140678814,2.06193256480053,2.06379247356737,2.07217432821433,2.08106498768985,2.09953983331156,2.10910162374338,2.10765601743542,2.10671033240212,2.1157986339739,2.11555572538886,2.12123292419116,2.12129968428701,2.10344056371572,2.10249894870854,2.09203655901317,2.08151739336692,2.08107046707717,2.06414243348157,2.05012300418609,2.04796261967792,2.03823530735312,2.01855708603566,2.0104203904211,2.00147045426213,1.97633612235242,1.95681292683272,1.94771810251389,1.92930748420408,1.91040351553658,1.88598501395295,1.87658898968101
"4455",0.123880874414728,0.131967590970238,0.156572369737975,0.165006702998606,0.170300464120998,0.178664166850356,0.197040425082256,0.208604134495394,0.217152772342739,0.235734234255042,0.244266011214692,0.257091434978815,0.265788083275445,0.284314938480012,0.293086983466832,0.311734432139415,0.310623630282211,0.319003893671207,0.328215159029617,0.337540679588449,0.341087434619747,0.350648160573408,0.356770729598092,0.346685850883912,0.353606893770768,0.347130457601436,0.348043079224938,0.34894301411012,0.339474487870213,0.340227240456756,0.331126908603945,0.339115204597159,0.330744765396048,0.322005063626669,0.323514450315268,0.314674713975045,0.306095319371059
"4458",0.205817117952808,0.203994533263921,0.196193337115214,0.201756734983528,0.194268512033443,0.185828578205051,0.178481929669667,0.183810126953244,0.176626054262832,0.169463467929911,0.161079861642769,0.153974386770297,0.14691835884926,0.145452205918763,0.13848099555329,0.131417123343091,0.124509019758516,0.122923749048275,0.116336840419232,0.113223992003836,0.106785281337898,0.106365702210297,0.110114119127391,0.0976586276399553,0.101981894046673,0.112461741903715,0.117566596636077,0.132614292202127,0.137659365008801,0.142673249782031,0.157103733056623,0.162494909741498,0.178165087110304,0.199549855315117,0.215190131524476,0.226672956730543,0.252126529130498
"4459",1.52974903151977,1.51829276499293,1.49833801017091,1.49394812489011,1.47340830531176,1.45597076451343,1.44437640089238,1.42319407917696,1.41150658194131,1.40043425823408,1.37892008558538,1.3754685936477,1.36397567333392,1.35310891385782,1.3422292269359,1.33213287058033,1.32115223842903,1.30502815808626,1.293657919117,1.27028943104224,1.25988547961885,1.25593078777172,1.24633383946773,1.24256765644976,1.22935473850584,1.21481760580352,1.19238408052693,1.17095854989477,1.15070843784574,1.14611526192727,1.11960105867353,1.10403435112661,1.08317308671798,1.0665763237515,1.04594346643231,1.02933266395359,1.00224195816326
"4464",0.165808822345969,0.163566131969871,0.15574886356859,0.152471950828939,0.14545734777852,0.14232050442502,0.130543509722816,0.134815383686774,0.122135710899014,0.126356968008638,0.120886269021746,0.131833713471693,0.126226116141712,0.1305306760661,0.124998793029733,0.12923058928274,0.124091857802346,0.122439457563355,0.127556727107951,0.12287882975503,0.127960996942293,0.133109001604315,0.134069855972642,0.145971593982859,0.1518388021144,0.163806991787809,0.159880595240578,0.166358305667987,0.172263244899852,0.178913130698528,0.191343272571097,0.181865058665379,0.189136006027552,0.20253337675617,0.209648069820102,0.216156634378021,0.213144028235876
"4465",0.715691272013208,0.733796599041079,0.764742022489113,0.799963573942141,0.820750071021174,0.839296653457645,0.863315704073765,0.871952851098035,0.896093162346073,0.914696613477708,0.922287120551906,0.931144354064704,0.948644955384393,0.964273502023715,0.985677733877063,0.994664764721389,1.01622967459142,1.02526865219355,1.03441023802036,1.04959537523046,1.05899593737209,1.0617450880083,1.07697013426611,1.09306745695241,1.0928206055557,1.10949738047752,1.12536870534619,1.12585151765919,1.12995907362764,1.1375678771694,1.14866499005336,1.15546776180371,1.1600832701458,1.16120626207522,1.16904885399358,1.18017847771878,1.18690343437587
"4469",0.197205969723686,0.198240063051795,0.222239456142434,0.23373628198288,0.252336452600833,0.266827694425972,0.285229838615014,0.309514933758624,0.328012530172392,0.346696633617842,0.355169755414371,0.379840782215458,0.398490779563453,0.410382820798729,0.436045629671959,0.444124066542729,0.463010287614916,0.482075931353447,0.507690813728819,0.5268915971317,0.542034198853379,0.561592292920712,0.58111738619916,0.594382439416297,0.607570010683572,0.618370215630647,0.644833443335794,0.658770770419402,0.680138425544822,0.691050208875208,0.718842857356215,0.739790232897361,0.754410280334429,0.765923983313494,0.793018957076435,0.814867233075661,0.819236901630259
"4476",0.62924240096746,0.61162915368439,0.606827981439591,0.595054141414974,0.584437272889079,0.573013150079226,0.548642783525147,0.53728283778473,0.525664196645648,0.501666432499261,0.48346712630179,0.466689378899373,0.462060227528698,0.445121863998647,0.427236603964142,0.427345059628722,0.416440328219507,0.399983784312075,0.389040538089751,0.366008411204302,0.348832380224735,0.332423344404631,0.321893056942437,0.305558861572956,0.30178230173093,0.286262585912732,0.276207577553816,0.260774177572811,0.251847481504123,0.237132819930438,0.216018301184579,0.200166889953297,0.185434746499636,0.176647640257068,0.16193710484554,0.160002694293185,0.144949784201186
"4482",0.269628659809385,0.277511423100419,0.28426880135867,0.308265485771067,0.315770287204061,0.333795912833985,0.34209881593451,0.356236431389477,0.374793888477782,0.383234853512291,0.394983914960133,0.403249680447756,0.42195018245023,0.43611429720072,0.454787576375071,0.469821158499591,0.488746947138349,0.503174998210932,0.52921479180578,0.548724796320919,0.574560355821274,0.594098668369466,0.613548587064764,0.639177246661542,0.659713837933062,0.689320491252254,0.697840094845541,0.728870611040856,0.748815575089609,0.776116313516774,0.816794173981422,0.848503253110063,0.887001051845344,0.918033419052682,0.94964390902995,0.980258669834855,1.02190137377465
"4491",4.71240653288788,4.72095485472797,4.71948768388191,4.71660379949577,4.70582237037592,4.71061150411865,4.7074961591958,4.68209545172293,4.65891842420948,4.63365264404155,4.60374503365204,4.5693332115054,4.54630161401279,4.52393182848121,4.48577407322821,4.45417653340854,4.42260719930826,4.39145734333196,4.35860703326653,4.32038716131956,4.28840864105493,4.2405225925829,4.1985169924254,4.15076805497645,4.11178058659316,4.06557604122644,4.02727271458374,3.98005271387074,3.94476683081126,3.90201527730633,3.86205683119916,3.83164177152735,3.80088366751783,3.77503598275206,3.75112672546503,3.71578381254851,3.68808105562995
"4493",3.55441183859214,3.51327114598432,3.48853657737473,3.45450158404568,3.43016421851476,3.40587692076285,3.35272826013088,3.29899249263942,3.2350743823302,3.16847297260104,3.1053299391476,3.05824379523923,3.00567391873866,2.94916280494677,2.91620421847784,2.88306801448264,2.84493295359674,2.80521287176014,2.77277330144324,2.74499001337146,2.70672429594951,2.67738294204776,2.63585663916946,2.60716686417064,2.57944522082366,2.55630360134228,2.52564836957359,2.49177767468488,2.46809158170712,2.45813925173256,2.41891910355258,2.40276354149489,2.38431704891625,2.34809254304394,2.30590667891651,2.26265080938219,2.2201940349096
"4503",0.348354985802441,0.354246706034517,0.364307986615674,0.370925944414377,0.382674011471666,0.388540915231995,0.402483464534385,0.409523226504163,0.423924028661658,0.437820772682792,0.459221819136655,0.472248697607562,0.471052822200028,0.477961735520851,0.492102854730318,0.505191387400538,0.514136128401077,0.526337264445624,0.526164253794776,0.54171086863836,0.557401832692946,0.56691622572994,0.572067096610534,0.581883686193573,0.586223115850935,0.584988738166075,0.596045504905561,0.607354043386274,0.60712582085466,0.61766847999406,0.634562290241513,0.636855904461779,0.649118090640175,0.644034361122994,0.65581046144148,0.665601716603295,0.661820106165454
"4546",0.597822207600231,0.607470385592317,0.605698519739542,0.598447200933671,0.601176967689875,0.599817511157731,0.599315068164031,0.602019951469944,0.601636147585546,0.600221106551936,0.592926932389004,0.585844473496971,0.588733007166581,0.594061460262937,0.587058558874081,0.5799661430351,0.56881247619981,0.561458528922955,0.560616919105344,0.554132641097178,0.546809587125955,0.530592438338616,0.530086741339406,0.530855213684619,0.521015532230506,0.511359357754165,0.50559462921688,0.496435493908856,0.480593715592937,0.481430214828656,0.465910311919433,0.443835895833929,0.435213730343525,0.432449406534309,0.417176545541023,0.408895224437027,0.399996795665029
"4570",0.325344712360217,0.343653054444799,0.369638905585983,0.388158115492557,0.406994344401202,0.415911710513475,0.428515560547945,0.447069759145096,0.465474487051693,0.467312262352589,0.485725611660543,0.498072182829582,0.50662198246312,0.525445054697463,0.538629364518817,0.557992653847591,0.573576117103804,0.599595008538548,0.625105912140065,0.644249758542424,0.663640857932442,0.677392521125369,0.680282312140068,0.703470660816768,0.723147561612296,0.744067970056015,0.77552547750353,0.809527759981427,0.837393933418288,0.869118783611217,0.906825671986065,0.937988097693222,0.962785260017489,0.98182634873051,1.00656391071164,1.04171057672128,1.07698822389642
"4575",0.349079760880135,0.357200622931446,0.365112747969916,0.363600804559502,0.364961727284493,0.373510630850313,0.374971574497662,0.383408619589181,0.391889164093426,0.400498521450669,0.402033855161903,0.404051443327292,0.412663421437402,0.42128972948858,0.430126683071928,0.439108886233937,0.454630294422476,0.457642006098474,0.473282832514961,0.489110256700795,0.49841777024146,0.507989798501708,0.524115599205164,0.534095820056526,0.544251745820418,0.554755900911975,0.555769684890255,0.566676790473646,0.577495769854357,0.588287135194421,0.589301027684069,0.590613181728632,0.592195988778595,0.593646236952643,0.600966320018288,0.612487133802026,0.603870423212879
"4576",0.911959807669147,0.907219512568834,0.909929840017885,0.911278299671694,0.914133222700047,0.900306173022715,0.902859898448877,0.898826854423773,0.89141854694594,0.894362714064869,0.897104072939123,0.897286768144706,0.900063967579689,0.893100993983632,0.896238922950337,0.889692053109319,0.886193732365139,0.879929881297986,0.889678807801791,0.883127236143012,0.876777838798668,0.877068366164421,0.870784201447,0.881301080138167,0.875289232985542,0.869980922459472,0.870346196001015,0.86182363756767,0.857063478836285,0.852253287938139,0.853427240243368,0.854459062354727,0.845790319660429,0.853762691968166,0.861765584730311,0.84734252237817,0.854253925219521
"4585",1.21750267010431,1.22010904521085,1.20088687162416,1.20358652108906,1.19693315614374,1.20038164519404,1.19294149269037,1.17325504976421,1.15313463114484,1.14619400888453,1.1400320041344,1.14372835272864,1.12385622033761,1.11137572036323,1.09889095874045,1.08707855444022,1.07456510686011,1.06324020818125,1.0438048700205,1.04136774216419,1.02274631302876,1.0163431122587,1.00431463024892,0.985622216725383,0.979885977175676,0.97599793023803,0.964332204236008,0.965424509222627,0.955658279140749,0.955276861347935,0.951002174782929,0.946589750510338,0.946010908233648,0.941662319812982,0.931195911481097,0.943881732923773,0.926345493898421
"4593",0.137120127110378,0.134972702091247,0.12450647589925,0.121593595726756,0.11924804032537,0.110349305588939,0.111316368370007,0.116441411346175,0.127676778965291,0.11918244103586,0.124504983672368,0.118289614068797,0.117027379726775,0.108403463024274,0.112743710412199,0.100827434517996,0.0928805965648469,0.0896079618053854,0.0889293542641884,0.0782685954602481,0.0832272298932582,0.0762156971266674,0.0823189380559859,0.0781571696661153,0.0786717948189019,0.0787912156769415,0.0858684154839578,0.0837332897407559,0.0839193719390112,0.0837405465563711,0.084532636096868,0.0753587581248818,0.0705173178952828,0.0718993045762868,0.0793391421396254,0.0706159801637738,0.0722130443743008
"4597",0.565978316051325,0.531423174986126,0.515486013783979,0.498017141298676,0.477208074842409,0.450884404003094,0.447158607751434,0.427106067489276,0.422171621636139,0.388312886281632,0.378030346838206,0.357485384397245,0.330131128400293,0.312435670379262,0.278952188872317,0.258814200790926,0.247956877756676,0.235150953555283,0.224699122850729,0.220527570319071,0.200055305705972,0.182707036905602,0.184561190771886,0.167217737779497,0.156306208852029,0.146187264609228,0.142347627479415,0.144834675075932,0.159856403058165,0.156867335328981,0.164148650833699,0.167068295764151,0.163794395062447,0.164254133269423,0.164380922914434,0.155399626495249,0.154967151949198
"4607",1.84061203600478,1.85036421801958,1.85928971206549,1.86780048424858,1.87094667661252,1.8799025731744,1.88824259353731,1.89104376388695,1.9063066968964,1.91610872615607,1.91451579092126,1.92353420218923,1.92633906157998,1.92504625409596,1.93391717580148,1.92729199040408,1.92615243659643,1.93533593829016,1.93425556435113,1.94002978029935,1.93939701800647,1.93891077608547,1.93264678666834,1.93248753316086,1.94140197611767,1.94220007601201,1.94284466201176,1.93347910095753,1.93481093904238,1.94814401885975,1.94936363698594,1.94953890310928,1.95085162551361,1.9581738433744,1.94288269450844,1.95057851787202,1.95739302181552
"4609",0.888716973467105,0.886433376633201,0.867197985622648,0.85519103859332,0.853580642755807,0.835691068501278,0.823846504899175,0.799604904744232,0.78802269590825,0.773751677342887,0.7624496102773,0.738080474860934,0.719838997633045,0.702576763786819,0.691243664756236,0.686395287046267,0.676366776039936,0.661052108687846,0.650440650044963,0.634243236454866,0.606867608128341,0.589611070129026,0.572391279210871,0.545240376002166,0.512781240815253,0.495876950234925,0.47598340660152,0.463240369324197,0.450312226266634,0.437882851973952,0.428853513383267,0.411029133949101,0.3859391467791,0.360307565505352,0.329191084467365,0.310108023715609,0.28454886090925
"4618",0.562950700689458,0.563491059344904,0.565090962253908,0.561854692049387,0.57032156240943,0.566860390712797,0.563915338356107,0.567975067994879,0.58486198636319,0.588927451151633,0.590169007396433,0.600642471914034,0.60508318851121,0.599019678230126,0.609051824494953,0.612709507438116,0.600666274506667,0.60386497509637,0.598250814892401,0.603527468957603,0.605096271930688,0.616118476867285,0.617925765894752,0.623508959761429,0.618915109948869,0.607624410055826,0.620041860892795,0.610133187707432,0.615143728878924,0.618318604618843,0.620694016524606,0.630489783177334,0.638089603438299,0.63413963877858,0.637281400203107,0.649755307958631,0.647056004089478
"4622",0.0987606289007029,0.112387128138379,0.123810930007034,0.136265700686725,0.152455982446784,0.164877639412668,0.177349586463811,0.195749349615892,0.208430136794623,0.221113230757868,0.233931527723255,0.252290595341914,0.260894925980277,0.279336429857895,0.298006190469587,0.313162112685573,0.316322943723543,0.317836634693144,0.332859271098388,0.342272855213395,0.357302233960707,0.360128540229139,0.369568459208731,0.375027990684882,0.390894983284883,0.390883842007687,0.390562905914877,0.407076101470676,0.403460325930716,0.40436552848756,0.411180272314582,0.40823997598632,0.408880755718848,0.41592523207347,0.413108691182032,0.403565314604556,0.400496343347973
"4623",2.30042105804886,2.29740933314578,2.28601271628203,2.28995635444025,2.28205892652818,2.27999946213056,2.25986944691188,2.25718137085058,2.24695321604115,2.22744737406599,2.21756195581653,2.1991366223578,2.20171839911969,2.18951049627449,2.18716300471866,2.18165166129493,2.174993323647,2.17039721122852,2.16310070302191,2.15971400559687,2.15359275601717,2.14046993434361,2.13420947046614,2.1334683222167,2.12635734891418,2.12776190664455,2.13376133404607,2.13447772705229,2.14937651003111,2.15735564193944,2.15912785898264,2.16504742682897,2.17568242491098,2.17724178794659,2.19391067686676,2.20202522155129,2.20805657839813
"4626",0.461612024583374,0.474919173078033,0.483655101734216,0.493005807201039,0.505507495271762,0.508912694652688,0.512781305280464,0.515763045942214,0.519937475594325,0.529734933791799,0.53422370744484,0.537963549432507,0.548082644729594,0.564726724792905,0.574793625236648,0.575305743455371,0.585849560104385,0.594982565318643,0.596007093878623,0.607160980012778,0.607887116710967,0.612178910396499,0.618864626216887,0.629952217421137,0.635092751009002,0.641846213524759,0.66047715101961,0.668636180203058,0.680170042330426,0.694973446013485,0.713128027447029,0.716281746174899,0.728694220530917,0.737049112279718,0.750082199488161,0.758173133309569,0.776895278154059
"4628",1.73114659569859,1.75485783631662,1.76287984998791,1.77797170455522,1.80172155449745,1.80340413495129,1.82732441010823,1.84283904653902,1.86374367031914,1.88228646339162,1.89670734370373,1.91231994561671,1.93656541947353,1.9578439090829,1.96662539202539,1.98797105192455,2.00950835118256,2.02492660486253,2.04649517183471,2.06173415099829,2.07681799319022,2.08615337265663,2.1013282541558,2.10990105101719,2.12550575211499,2.1353520833538,2.13452711578067,2.14407898435452,2.15403532642313,2.17172560164722,2.18526280968747,2.20211474564154,2.21922641910641,2.23278174905648,2.25649829768911,2.25671803586875,2.27350793294401
"4629",0.388190599362743,0.37721206138152,0.381182168067836,0.38317126732052,0.37887030904347,0.38816193148053,0.394695187720098,0.390662213449975,0.393136820738342,0.383154556574857,0.376275663841816,0.362196883052468,0.359117278143811,0.345322792706812,0.338329988271426,0.338126202821228,0.338336367661485,0.328149504421204,0.311649067371217,0.295536087709974,0.289131442341154,0.265892905545785,0.249476413096404,0.23270681437592,0.216549337066393,0.190050136396911,0.179367893061321,0.163810997889035,0.155046298529939,0.130446981449276,0.134706491998391,0.126713913255448,0.1089804679904,0.0996532653931265,0.0750309428550927,0.0587262137525694,0.0271829115600267
"4641",1.03954779655853,1.0601541150261,1.05559361739511,1.06212833393298,1.05804481774089,1.07152213229766,1.07505574356587,1.07195632729472,1.07572694589746,1.06143501057578,1.05437128185028,1.04421069565243,1.03702022228086,1.02970231695333,1.01680968870667,1.01514143767153,1.00511112934158,1.00973611870157,0.993369634501332,0.992950658651424,0.976417096584609,0.959152275673394,0.948540687260936,0.938028976495166,0.928194188392694,0.924259132354924,0.904592476561393,0.902072807398283,0.904382929674098,0.891847763456427,0.889183851962783,0.883307422985825,0.871837350462912,0.875102149763958,0.869137708815634,0.855098118601203,0.846753569996653
"4644",0.110865477626948,0.102815563638242,0.0964652700484913,0.0859028316515976,0.0804489425010337,0.0727501914741415,0.0751292508917019,0.0678279833545771,0.0773174562602862,0.0825471593110613,0.0855021123106368,0.0904774297896153,0.0832965540193453,0.0816863976351268,0.0802787618306751,0.0842616949487185,0.0833003768151172,0.0878784019068653,0.0905294410872058,0.102556979226795,0.104126335671511,0.0992691887353689,0.111028266751604,0.106354993687611,0.0959146243953301,0.0908279767174789,0.0862017963651051,0.0895634817165763,0.0850216531850731,0.0940095865005771,0.0904989097857151,0.0938200706972254,0.0972374554532045,0.0963276429822811,0.0927929589133394,0.0947722978644493,0.0912133021227725
"4645",0.947604548518808,0.962942456899284,0.973036423811539,0.9824952252458,0.999078465429031,1.01469669693136,1.0340216211289,1.03948864532958,1.03891112461189,1.05430566778563,1.04717979016996,1.04585040530251,1.03753464314285,1.03622906181972,1.03178817219804,1.03063399107194,1.02297798772311,1.01204494283242,1.01026003965066,0.989611738767954,0.978140841358263,0.963229918006485,0.946042260723861,0.94121456653499,0.926517859600894,0.912585325054167,0.898280848813509,0.88768444781564,0.874747334949173,0.86167832557206,0.848829715231761,0.828751176553849,0.80559841673649,0.805125883066543,0.79205051172885,0.779437464841554,0.772608470375
"4651",0.229127843248099,0.232982945404826,0.248051305905914,0.254297203434123,0.267145883187605,0.280365865329605,0.275342966230559,0.280730073223676,0.285924914772903,0.291130308860534,0.274163659126078,0.272307275567963,0.269775613142044,0.2740342049608,0.268426557258134,0.272575271672604,0.267463491516708,0.278168732445792,0.282443843721384,0.276933615745729,0.268761712575811,0.276175523853846,0.287086044095812,0.287908181029286,0.305965837443471,0.313638667707306,0.331810225195079,0.333004491123245,0.338241730269061,0.340850443985593,0.35269512088175,0.357933563958188,0.354120825830269,0.379180091708949,0.411043822147629,0.443405826635778,0.46515185031815
"4654",0.416447038758407,0.454126758579235,0.489945253745202,0.527585405223095,0.581069049406392,0.63114844395551,0.668090920827395,0.699495222739665,0.753689603435094,0.79077982265552,0.855281266530364,0.925657251772533,0.990036252395874,1.05503801364516,1.12926080948332,1.19279466730343,1.23663573355868,1.28321448744959,1.34511643463384,1.39055250391263,1.45124792778313,1.50638584017222,1.53728485633691,1.56259249244623,1.58787073221151,1.60619966117954,1.63815945738427,1.68148774411641,1.69279812141309,1.70520396907187,1.72833240777031,1.73498640921523,1.74166965788819,1.74753024900321,1.75143715244559,1.76018743926235,1.76984983558259
"4656",0.785567372685038,0.787148740393646,0.802840206450088,0.804955042171406,0.812013151165666,0.813072458290679,0.815425497073499,0.817694168419113,0.826323735898728,0.82855392751364,0.821523001542081,0.828492678253508,0.821511295805361,0.829252269287078,0.820708117393,0.817686432093797,0.820800952228413,0.81669897045893,0.806619318681066,0.806450190813809,0.811190658284105,0.817312909806713,0.822422514681491,0.815628455066462,0.805894229116279,0.797829827859781,0.78807910791483,0.788520628603064,0.777462732514601,0.780450848993894,0.799746594943265,0.80454665462467,0.809391489837667,0.805878379668803,0.806903880197001,0.795847308409995,0.793725078899067
"4660",1.01217252178312,0.996962810707359,0.991953485301725,0.988500688621777,0.989930399221316,0.986293671837611,0.986727392501007,0.979279537004346,0.981975072193345,0.974501281225034,0.96740130272103,0.966391987895541,0.959266025818685,0.944938232333853,0.93346695043206,0.938165379369236,0.938051160599989,0.931971676676358,0.928145121924408,0.911160077071664,0.900298877605421,0.895494123241232,0.8848746053584,0.867911140907605,0.847503974794692,0.836805601270244,0.823238125531461,0.819992226310798,0.799747238859727,0.786322317583045,0.782846607499357,0.77036200081739,0.761337132171258,0.748112691638529,0.728781741406508,0.719445162134495,0.706689762004895
"4665",0.280549279000565,0.282603694600245,0.290792782283031,0.283089304612421,0.291654583783646,0.299610786635987,0.285115829676107,0.287753339307567,0.280390750214025,0.288758190067984,0.281638491589927,0.277295702171691,0.269036933075759,0.271752290860431,0.263640615181093,0.262176224950519,0.272109195826338,0.270435366369231,0.26968935181217,0.26915470888209,0.261809227258317,0.261177744901132,0.260588423850939,0.265883268123614,0.265878360367745,0.265686174740301,0.271753359080421,0.262412686450637,0.268672393769874,0.269639545613437,0.273033904015608,0.274366507739186,0.281694511377485,0.279450578164493,0.28665251465911,0.289968389435297,0.287912812491873
"4678",1.11832766610919,1.1150368937722,1.10407952264289,1.1022461247142,1.10096967596417,1.0931537190143,1.09133759347337,1.08584253856218,1.07710645473733,1.07585196099544,1.07016789763499,1.07647234532014,1.0805983448033,1.06966177443745,1.06765454489259,1.06073883169546,1.06561239221913,1.06540550683029,1.06400275743821,1.06550934475005,1.07744879222166,1.08995791683673,1.10842329593124,1.12678832065182,1.1385662678798,1.13904676782443,1.13795747302655,1.13051829555229,1.13800433007335,1.13265587592398,1.13345019944908,1.16288816929419,1.17047500687946,1.18428560897403,1.19204152270813,1.19953695056096,1.2093346758973
"4682",1.53590376415746,1.53702071095501,1.54485662684919,1.55340582940708,1.57253197396215,1.58162901944189,1.57995726013562,1.58850660654035,1.60372282004237,1.60243880944014,1.61075849797106,1.60317534071407,1.59591634758113,1.59472467913027,1.5936602079156,1.593093923198,1.58615359619333,1.59237870626524,1.58115257281235,1.57018256858867,1.56382556659006,1.55333105364939,1.53707851020955,1.52692391223782,1.5107862062433,1.48947698054516,1.48006074325823,1.45481876822223,1.44078160870623,1.42025175307404,1.41245505300769,1.38089958817718,1.36054591365843,1.33643573140996,1.3162132159334,1.28594008940713,1.25863600091223
"4702",0.324926990360905,0.340102115577328,0.357711861786446,0.366058449442528,0.384126004991666,0.392473357664325,0.410731207135496,0.429078012487238,0.437508707323567,0.455992926143964,0.474398200585878,0.476113544446403,0.477871182878783,0.496366560832746,0.511869949658105,0.527237736198229,0.552732603234558,0.567544948788264,0.576724536822689,0.592641579108676,0.601859469296926,0.604774920597301,0.600989953920214,0.604254119154702,0.610119571249532,0.627173660470664,0.638101199477474,0.645709662595758,0.668777102044564,0.676185691098635,0.699478444277378,0.701051666923321,0.701962395320107,0.69670403388666,0.707436470755956,0.698852069514078,0.70608295486251
"4703",0.758075184874857,0.757544693158653,0.73694734077642,0.729459968376057,0.716185881431304,0.718988460572872,0.698801292682375,0.685786685362076,0.688350901228227,0.675392171332741,0.665499077025004,0.658598850060002,0.654511406408213,0.641700784437641,0.644761599850123,0.638061865619575,0.642177654703465,0.642087648755805,0.651950846192349,0.652111922963545,0.662281572718582,0.65593012704216,0.646220205979049,0.633471247975986,0.633420783745838,0.62777702394599,0.605782989463235,0.603136850926352,0.578086915968809,0.575655349222936,0.550949380131298,0.548857357765416,0.523773933795253,0.505024972684324,0.480681697429522,0.457675187431254,0.438902949344572
"4721",0.599183290869083,0.601678567285312,0.610590664759216,0.603273571217852,0.60636107060505,0.605297091134928,0.607811508770644,0.60746301949678,0.615773118954509,0.608662231180929,0.607036216509569,0.60035301520218,0.598839910288074,0.591808108475872,0.59066979370307,0.584121672596386,0.582980446642881,0.569988777741932,0.568802676299077,0.562134176251098,0.561529691696467,0.550977726007725,0.550462495897397,0.544422249492237,0.537343868685395,0.528280981694415,0.528690819613337,0.523399734809659,0.518399502054508,0.52949210682565,0.530944404694449,0.531697082622448,0.532857280418675,0.555338878121396,0.566650221331328,0.588671162499182,0.592938415483619
"4732",1.49995192316818,1.49351563042298,1.48649192018913,1.48608942721502,1.47955999047204,1.47354799260404,1.4717122339044,1.47273949207885,1.46685308741789,1.45526655101088,1.45954570197983,1.44690724856192,1.42861410657466,1.41712977637021,1.41481996523805,1.39685710167425,1.37908801619785,1.37378839917588,1.36280442102226,1.34208225613069,1.33803513329828,1.33319639682464,1.31263103007005,1.30887932152601,1.28877284829131,1.28474396112827,1.26516396368348,1.26252145816685,1.2490650494929,1.23664236791433,1.23352045969556,1.21479825576521,1.20545451274121,1.18676222031712,1.18397099006819,1.16531173617212,1.1622842936558
"4735",0.529540631361498,0.54884384552289,0.556428736816738,0.564365700204879,0.576382622039052,0.591700384995332,0.609783173481956,0.618326097080969,0.636549587294509,0.638135459731938,0.649918608691392,0.651873773830114,0.653458185512519,0.662263987560579,0.677856331508171,0.681152386151827,0.690256115202857,0.689653928135204,0.676255245101082,0.663215047583017,0.656874015095218,0.650335125340548,0.64397092215381,0.627419872365263,0.605274358278693,0.583855680856794,0.571891918698476,0.557244716342302,0.543386563406854,0.529635655493254,0.499365793393539,0.478743020992061,0.454193797601316,0.433725429559702,0.403323715238947,0.388664658054556,0.369462225963052
"4760",1.40099308487626,1.41572691463886,1.42987900556612,1.43782374782885,1.43872846409365,1.43041773016944,1.44541011555761,1.44780056018064,1.44628037900819,1.43866641078511,1.43151428972652,1.41651409258062,1.40832611704158,1.40064657969654,1.40008280344401,1.37525872297186,1.35167480064465,1.34309434316042,1.3334577869251,1.32816409820865,1.31810365870405,1.3084097986133,1.29200120326509,1.27598430094246,1.25525104853852,1.24182309923941,1.22697938251625,1.20571025729493,1.18355067754338,1.16189575143081,1.13675987003374,1.12295679815208,1.10923969637061,1.10103239862078,1.08698235019899,1.08385333626719,1.06990425285639
"4762",0.398241978278402,0.425827978037572,0.452825463707361,0.456889792854674,0.497706838617304,0.547305633412474,0.609180149946995,0.679416434712951,0.751479280433015,0.800901027247491,0.856429842368125,0.904489347701035,0.94937145922684,0.996744348986613,1.05535374898106,1.11044510172815,1.17521726388078,1.23575134275781,1.29083406366011,1.34612694791016,1.40111988932776,1.46197718478501,1.52288054233685,1.58388554965973,1.63882938549969,1.69335231665844,1.75510661173519,1.81059907057023,1.87266770147281,1.94103713489471,1.99370650470464,2.05892522883205,2.1186796211357,2.18378440359147,2.24923286647675,2.3083027998239,2.35364460956197
"4764",3.05504109453212,3.05363182272896,3.06253849354928,3.06737484921313,3.07760490613015,3.07899311198926,3.081214928154,3.09054177227892,3.08631053698726,3.10435288310472,3.09052952198521,3.09221228800463,3.09503511278079,3.09310929607099,3.0946987071066,3.09557940895712,3.10133558712495,3.09842286272712,3.09807182368723,3.09785976613873,3.09611495457312,3.09539755017522,3.08709793092952,3.08311070505463,3.08612482266183,3.08707469266367,3.08994343730929,3.08772189553784,3.07562030374914,3.06873880883139,3.05149568587309,3.04540559062638,3.01682510485079,3.00896366732989,2.97981182562816,2.9610605558012,2.94533395616899
"4767",2.12516018989155,2.11866240781639,2.1051463452713,2.08579871105421,2.07244310758186,2.07385124896193,2.0744754497999,2.07585838706383,2.09031311489089,2.09825490554164,2.10657571135585,2.1076948844888,2.11546460025424,2.1030786233773,2.09075353607682,2.07188382143002,2.05350548540591,2.03650177330192,2.02464316897084,2.02651497017971,2.02257156945988,2.03067618176921,2.03988175298048,2.05213054827934,2.0542288671552,2.0442992716207,2.0370992678166,2.00822560399661,1.97220190307694,1.94710215323491,1.91966629073892,1.92103403204343,1.91705738770102,1.91554749979429,1.9240689037023,1.92662012676023,1.94481563656892
"4771",0.21336572969956,0.201489092392708,0.200582252942405,0.201959453762676,0.204021185337791,0.206262093936138,0.211408764496422,0.219985940873537,0.229349600076839,0.244913128132456,0.260124240111065,0.276114013529387,0.284569682968856,0.293308529194658,0.30540307094574,0.314745906424182,0.323595706249534,0.33976376586895,0.348554342603789,0.358499449252149,0.377871889701179,0.387319419236623,0.396795113422015,0.423172659339637,0.432874010672724,0.443675920406485,0.470892261921888,0.498230636962389,0.509490104951192,0.530483587753295,0.545191476325542,0.543803816269669,0.575135925759478,0.606717383273737,0.638117591004467,0.663416613602092,0.69443090364218
"4773",0.338732618020838,0.346449409642545,0.370647896625137,0.394196965424883,0.401578910284251,0.418622739753705,0.436655533059256,0.450937770335087,0.47488551554496,0.499046113813724,0.517735124011352,0.545677754873346,0.576688485549559,0.607793616528345,0.627952973759887,0.652241185064163,0.67039108165964,0.694039892151528,0.722334176812019,0.740924692127287,0.771802589241384,0.802562037924948,0.83684812896611,0.875118255271083,0.9229955467875,0.977552299817115,1.01234192410976,1.03763672207915,1.07329327578913,1.11940964350746,1.15570081884695,1.1915452875518,1.24005447479421,1.28617719599756,1.30887092782856,1.35429318911306,1.3866029447579
"4774",2.26873515421356,2.26816046678448,2.25502907677029,2.2485324116219,2.2408848704819,2.22807319885143,2.19773904081697,2.16689344644662,2.136591937493,2.11369181154417,2.07706978956337,2.04381814144703,2.00376806144988,1.97135718330039,1.93780920327258,1.90609307199994,1.86705892172633,1.82970334826794,1.76776492254079,1.7187614357466,1.68684409884782,1.64441623656692,1.5965389966338,1.57057439346905,1.52195223057018,1.48860135648514,1.44025670858843,1.39846012863458,1.35309121714861,1.31146721334349,1.2658880211186,1.20878414278752,1.15547046545989,1.10361771216044,1.07529816647121,1.04208232118442,1.00737580545397
"4777",0.039487320070621,0.0421314437027449,0.056373468703894,0.069016491835832,0.0896212716821433,0.103246082559468,0.116853242559672,0.126651937780812,0.139058344247323,0.162042944278012,0.174677935558165,0.1826498926397,0.202077771528913,0.215266794021317,0.221698625168167,0.2323428656889,0.24222685401483,0.247303702331414,0.256873175388924,0.260222596627539,0.263886473933472,0.257477714612555,0.246935740018934,0.240700355088561,0.224335796038272,0.22513650976188,0.209447973777982,0.199782690063842,0.185661913324117,0.17683887539199,0.158335433476297,0.142425074005876,0.133500239800257,0.131687700221992,0.112911230734525,0.117263458129237,0.108077993545986
"4780",0.503581492329528,0.531097891796255,0.562714183092411,0.590584029621926,0.607373995294318,0.634995087855749,0.675703515218851,0.703943174832216,0.744975917981926,0.776281751652179,0.810669113036544,0.851048171121082,0.879629943433512,0.920324235150475,0.971283950511281,1.00473674325562,1.03941401347738,1.07229954735014,1.10522865672281,1.13396997314749,1.15986329102571,1.18838261571976,1.2335182134971,1.26309956572268,1.29917961656151,1.33523671114098,1.36581252106979,1.41251895075863,1.44241165283405,1.4790574546066,1.49989399513878,1.51496890273145,1.54011344078677,1.56117571953651,1.58849467797111,1.6092473027875,1.62732053684713
"4786",1.61634750554822,1.68160179689517,1.74951208894486,1.81888023303211,1.88495038822912,1.9388717805697,1.99744090570892,2.08053180489813,2.15702273928972,2.23691586484483,2.31284222984863,2.38425957500103,2.42673316828107,2.46703572890777,2.51712113601042,2.54889967709036,2.57890668499552,2.61782408622032,2.61386352011838,2.60474662791604,2.60863984725958,2.60536846460605,2.60328492331848,2.60648423914451,2.58580366414895,2.5620515861439,2.51940912585596,2.48652604943018,2.44437921488425,2.40785278681304,2.39762144140504,2.36248370880803,2.34445035654286,2.32451561959423,2.31350921311968,2.29549788286237,2.30694476364266
"4788",0.361712114323644,0.388058024520725,0.424535969381143,0.456689763848671,0.482123641435679,0.479078851850228,0.492147914308452,0.528798745746171,0.572460000886507,0.616949402292272,0.677167758013965,0.736273923873169,0.774468813406002,0.839503583553384,0.887229145118235,0.936472708185986,0.975727355516876,1.04067695438791,1.09885293106422,1.17787511670476,1.2634267000736,1.3490131671337,1.43506146575679,1.51370700504566,1.58170375295697,1.66289774920958,1.71774617235339,1.77342596347886,1.83358645359603,1.89231002703021,1.95828087702521,1.98727057985958,2.01698261199674,2.04861848099897,2.08552618352057,2.12513995568269,2.14853247780669
"4791",1.90721716784944,1.93342779868252,1.95028007474366,1.97814605447386,2.00242013767167,2.02354480663042,2.04159183043787,2.07002280175628,2.0882753047418,2.10399854963128,2.12576748234361,2.13061243434731,2.1464524776562,2.17511167759896,2.19384281412768,2.21363642438178,2.23939268513647,2.25823995105019,2.27158272164416,2.30101731604596,2.30695478096251,2.30045444910203,2.29982712027225,2.30915437392878,2.29648632073573,2.28302029749925,2.26039334462793,2.23155365254745,2.21024395747923,2.19570564560525,2.18133078656232,2.17298800632193,2.14596006781667,2.11895607531898,2.08606557688824,2.05596135612156,2.03502441688277
"4798",0.0980530485720451,0.0826324594291481,0.0759909004682205,0.0836838597374778,0.0917566426619407,0.0895276701404972,0.0917531413286639,0.0901513921690476,0.0983998918989741,0.0977500199264409,0.103379313151321,0.111315840566595,0.109796701710273,0.101346993829074,0.0931070866748478,0.0779292950004676,0.07034438886753,0.0745970432567496,0.0738530978123688,0.0800607089718409,0.0859437477623517,0.100926345352468,0.106881440179306,0.118520129659189,0.125255540997947,0.13011405651301,0.123419089226053,0.123104040734047,0.11571791418698,0.115998430705374,0.122894204833674,0.123296525395011,0.130493996200518,0.149670599757733,0.163393472723009,0.182301703013395,0.195827456311276
"4799",0.699790151189938,0.744871232720642,0.777125013552696,0.823392918360525,0.876348845053256,0.90085400991918,0.929369562415839,0.947310173159533,0.97968239430608,1.02822366263966,1.05307989750506,1.11006403101675,1.15523580595115,1.22441740889067,1.26640943604346,1.31215651385898,1.36792804220789,1.42368069913238,1.46611447620551,1.50886618451406,1.55823640456674,1.60170664950983,1.62446993854878,1.66371814221819,1.70319221843345,1.73990180773154,1.78630817970191,1.83335902524523,1.85084043708296,1.8619897311725,1.87323711600012,1.87768020046003,1.88232250550134,1.88685063236686,1.86470847996566,1.84953053764318,1.83019913929925
"4801",0.704423053712303,0.768979061461146,0.831407130147806,0.889070529288873,0.951119218736205,1.00849029698362,1.07222386290134,1.12935112864707,1.17080058275613,1.21784010497101,1.26544606390842,1.31909687620043,1.37335920556505,1.4341970548226,1.45267545403875,1.48310843621401,1.50696471858252,1.52383830330817,1.54901542878159,1.57440115153117,1.58935687418622,1.59354484579338,1.61527449930676,1.63705582246953,1.66550778655682,1.68701533704053,1.71976832141524,1.74220420287903,1.76761382651307,1.79007551237784,1.81586237503711,1.82672023463105,1.86340208265627,1.89590187692449,1.93227848120933,1.96448255790837,2.01401001650808
"4803",2.24249224058564,2.24772830396349,2.24699791889195,2.25818339158233,2.27144927756172,2.28377915156831,2.28929346220904,2.30802347160793,2.32610396327108,2.34486087437155,2.35441537010349,2.37397519291184,2.39910712697205,2.41134821227388,2.43611638632761,2.44595896053001,2.47743749004642,2.49788573487574,2.5222452171084,2.54706987379242,2.57234360853885,2.60401353061555,2.63500010447032,2.67014906905492,2.68831732023957,2.72756023769613,2.75975622064566,2.79814197717272,2.83163708338796,2.86447386213116,2.89189811674342,2.92395903178485,2.95646502494753,2.99625787670324,3.02229988635998,3.04945927151657,3.0749126214014
"4815",0.571805590121426,0.584082878357169,0.596395984579999,0.604679459513906,0.610255236898521,0.626198451178831,0.638640401180431,0.651312140359038,0.673845574162064,0.69925234837557,0.71186824298107,0.734896221063946,0.763372911481071,0.776180074780961,0.799169150411234,0.828069277703796,0.8344377432918,0.863443854951249,0.876595169955686,0.895759949012909,0.925081806828537,0.938749803754351,0.963965599874983,0.983690653728717,1.00347893989617,1.02408121263385,1.05129923938327,1.07198299125362,1.09890128542494,1.11990482147639,1.13037460927875,1.14482544272574,1.15531888903527,1.17688437420491,1.19406214723585,1.22834203108277,1.23942508504418
"4817",0.0844808485515683,0.0820196960534553,0.0851496686691787,0.0930035259158932,0.092875518516103,0.0836883239868466,0.0848420017773044,0.0862761312071851,0.0808093435151483,0.0822586525663296,0.090845166816804,0.0991606275475723,0.107631830013368,0.116074012398631,0.131461048705827,0.152319373361444,0.167979532812841,0.176033398677073,0.185317529661114,0.200571788225662,0.209785459399762,0.22488795853728,0.234257566266737,0.242897448083361,0.252966949712002,0.275013623859502,0.304485474872542,0.332025012339026,0.361055581644337,0.384314537342879,0.401684985656495,0.425918171525834,0.437025316229825,0.453789170746045,0.481213707502675,0.49750556393526,0.514899483601381
"4846",0.601525746160572,0.605307503132339,0.619875038711779,0.634984417286663,0.639232105054084,0.653890948766641,0.661984075053217,0.673236008031086,0.688238325570695,0.702560632790007,0.717933755611855,0.720150553760973,0.731073008547471,0.739876694514727,0.754471403960866,0.763740386715481,0.778510594714875,0.788196517798886,0.809392274161589,0.818620795831834,0.830399873242165,0.852070902294505,0.867243468893945,0.88327635275499,0.888611891451259,0.904676631852006,0.903780087052674,0.913216836250789,0.913742100092956,0.913321798368148,0.920656592497232,0.937097572429966,0.940602242889994,0.950248582979763,0.957238035052465,0.967203223620356,0.963781866671448
"4850",0.0669280651916293,0.0753702521678028,0.0856574327919682,0.0899224962388005,0.0996231128420659,0.121817645047805,0.136964464037696,0.141327541235236,0.149487219203348,0.174034504193079,0.189127603480249,0.211308567684305,0.226500325032425,0.241144735607616,0.266877885194264,0.292260955323613,0.316817565598338,0.336818032327837,0.361165596115236,0.373447059303356,0.408660481703536,0.440492696266501,0.469992643099058,0.495528949615336,0.523963932123033,0.545444844103474,0.581633747569781,0.602013994336572,0.640034050006027,0.673591089629508,0.711790341821416,0.738236809434177,0.766032404066802,0.803637162908425,0.818339579873795,0.840002516573642,0.854179013167036
"4862",1.77483156791888,1.77576096313757,1.78289419568721,1.78106147020413,1.78931446282925,1.79182827439305,1.79585902190235,1.79697469806521,1.80224651476991,1.80348593336341,1.8145553424548,1.82603858830019,1.83147273672997,1.84950689337564,1.86769629953255,1.87332726831429,1.89483669041699,1.90605726080091,1.92779881008189,1.94887668271273,1.96084654320431,1.9829812711644,2.00087448347487,2.02906591307215,2.05174393581474,2.07047998853236,2.09288728233253,2.12207560610828,2.14141068052709,2.17662498733044,2.189678162561,2.21849551242941,2.23842400496448,2.25165388165359,2.28731249163815,2.30312632950909,2.31268727398223
"4865",3.0858153070827,3.10398608678325,3.12300206075482,3.13135760238792,3.15023229588412,3.16920455787586,3.18739938277794,3.20589691390575,3.21410476938597,3.2227384815461,3.23103477724476,3.24023570234235,3.25863179361113,3.26739297605188,3.2562618362528,3.24987259476214,3.24869784347718,3.23834740469697,3.23705338599587,3.24271135216203,3.2154692895943,3.1948830902467,3.18097358289538,3.16068145650518,3.14598874884648,3.12034609222933,3.09074527337975,3.05451052765872,3.02637367086528,2.9975265848016,2.96907454000042,2.93896724171111,2.91675979790456,2.88847790321658,2.86558787569344,2.83783997044402,2.82536264102464
"4878",0.241598545327075,0.263901828209561,0.269531415859338,0.292041095579961,0.297861999387796,0.298269809077849,0.313778242170373,0.32653524902853,0.338960363861949,0.351808208892697,0.374401569943134,0.394597734161752,0.412983094233557,0.415954528871368,0.429024130594905,0.442512218269074,0.461382364750753,0.470898918078243,0.480521725178527,0.489642131771132,0.499857972919862,0.515003221643102,0.524441038342478,0.534064575636986,0.53368418992357,0.534355675507199,0.540475321053089,0.550998753697715,0.558199426663219,0.565092873515108,0.572284511936801,0.572381435774958,0.573656417380051,0.576797282652836,0.590600217246687,0.598290786888755,0.595068517621424
"4886",0.759324152420557,0.776773486646438,0.786571330399619,0.804510018395307,0.805418929337618,0.822818523233519,0.840874834072502,0.843202123145733,0.861633164664008,0.857122610808444,0.865618577241766,0.856460176896878,0.849278680135916,0.857312405020346,0.843182060429246,0.840980848747593,0.83647995308125,0.83098407977463,0.833738802932873,0.836586537916202,0.83220090075325,0.82168708977409,0.811030342256876,0.790905616706469,0.770966644935858,0.75001603615021,0.731255301693261,0.718425382295042,0.710057157830193,0.697298099300072,0.690124655583412,0.66831682292414,0.663188357032309,0.649917347918043,0.631042758855438,0.616992823632386,0.598296446590713
"4895",0.236747985478238,0.244406821366159,0.268017226029885,0.286071845373111,0.296365069331538,0.304233910176949,0.322327615771716,0.347399241846202,0.365770553374787,0.380886112964087,0.399317655241891,0.41727520669876,0.431583061810408,0.449719911431946,0.458194450523057,0.465257197572594,0.474033422417095,0.487412864337363,0.496699467614484,0.511848261881992,0.517605826671927,0.539461050679494,0.544613137142962,0.561091009368063,0.567407400862059,0.589467616571268,0.583919074958897,0.584157734124177,0.593366910872773,0.606565713545371,0.60662822589933,0.607543931017248,0.615229010879424,0.612319042890664,0.620706631483095,0.627517591989974,0.634977150286603
"4908",2.32519094239184,2.34673204487494,2.35707442774723,2.3861383705712,2.37756287659866,2.35179738164462,2.31449086630666,2.29987460523767,2.28255191168018,2.25217664767957,2.20499769995767,2.1634107293361,2.12307587060365,2.0819284287241,2.03439686931823,1.979077741896,1.9312047333546,1.87188947989982,1.81494711893166,1.7622161584318,1.70462009317334,1.65825290210728,1.62420195668916,1.60052608387629,1.57134888013888,1.53022395037093,1.49451258925585,1.44904798459203,1.42177949966297,1.39596389278102,1.3701072276582,1.34543066507341,1.33410857421167,1.31089383226688,1.30928677156712,1.28391213298225,1.25902258594971
"4909",0.566709526434373,0.601590608307007,0.651712668807694,0.686168355315076,0.754233243230479,0.804875173130781,0.865412181429896,0.913861094453008,0.967731936955043,1.01172411630546,1.0766193429846,1.14114314157194,1.19886270545669,1.27055582512628,1.34227309941301,1.42083973430862,1.49973406779486,1.59073023255954,1.69855698932055,1.76454516352245,1.85263997574846,1.91162169088465,1.98739308457087,2.04718583796267,2.11062933187042,2.20022730635705,2.28041095651244,2.38393202700252,2.46933993458874,2.54865985184422,2.6179393248259,2.6808455056293,2.75396211220548,2.81567809525607,2.87280650917893,2.93865972991082,2.99125611125192
"4913",0.701258395684805,0.709090164664858,0.720851904071126,0.731955277994412,0.734166480917367,0.752505797514147,0.760613975673536,0.773191289587425,0.781453751271614,0.782994965163076,0.801368949786234,0.809993483672447,0.811608968200207,0.820125513037272,0.822053463637762,0.836705733474821,0.828841005335023,0.844483484396972,0.865781444329643,0.864974780523905,0.870879276474537,0.876047121958153,0.875465758704805,0.880921555214737,0.88079378858589,0.870345347379799,0.866638982101514,0.867310353834565,0.864216284057063,0.861044152762167,0.868909148369624,0.865889136881317,0.863189046669092,0.860465799909507,0.874418243846428,0.859408207165692,0.856407541191175
"4918",1.30667206128196,1.29846961104229,1.28856641464264,1.2966116455282,1.28081269139858,1.27262585875748,1.28071245749716,1.27990543046333,1.2825900892599,1.29760025356415,1.30026066010614,1.29787747207102,1.30390259370572,1.31186273643124,1.32124914253475,1.33554430823461,1.35424770597317,1.36176334566086,1.37131172224345,1.3908246310478,1.39982903182038,1.41935032588817,1.42871706606195,1.43204862845761,1.4462008273826,1.45565434579043,1.47696157324118,1.49501591344087,1.5045590813157,1.53183360858502,1.5490073348002,1.56127095788939,1.57939084260994,1.57724117434386,1.58917518266103,1.59317893013634,1.62093954549544
"4919",1.79275371574013,1.7531875552972,1.72293140725707,1.68803887691672,1.66548978144453,1.64050896538151,1.60276441364211,1.57111552400953,1.54046263716718,1.49299416288945,1.45578570076049,1.43085745426707,1.37777921015679,1.34037714587536,1.29316867365058,1.25572518863062,1.20984036380048,1.17213428767158,1.11900511759337,1.07030796636367,1.03376423715053,0.981521925077544,0.945105884564626,0.898758844447774,0.863914320946909,0.834311857536842,0.789708569842065,0.754724902464328,0.719033462090547,0.67846872495961,0.633664690663579,0.592852627842352,0.558805352522423,0.524076363490873,0.483139065619,0.441546188120201,0.39457596567194
"4928",0.967055928602584,1.00231902927962,1.05212218507174,1.09048988992153,1.1390250807252,1.17766739234491,1.21320548531013,1.2615521736376,1.30406564197696,1.35572761106721,1.4081947966388,1.45714456304597,1.50981765714728,1.56838707198663,1.59139529075131,1.61375244030128,1.64001989838681,1.66356019563982,1.69230205793658,1.72217164408002,1.72234620613451,1.72181956993166,1.72213648048775,1.71623428176007,1.70938090146903,1.70451782192633,1.68528440275028,1.66022996500568,1.64589742068793,1.62692036040478,1.602501309218,1.59021087241153,1.59171623217841,1.59425733256877,1.5958376742737,1.59113096042564,1.58237999876456
"4932",0.354281199991533,0.375742920863982,0.377180843601144,0.398015919641878,0.411344875530887,0.432544129232786,0.454818809516154,0.473848832453934,0.502369490964991,0.524551247455168,0.536168307324721,0.55752505678067,0.583006160871279,0.610659901199033,0.628838621331052,0.649115169718712,0.667818228043421,0.690373378163934,0.729137338099852,0.765461308497867,0.790099712739422,0.815404501349849,0.840495918922857,0.867148919330178,0.884319453273997,0.895479012408425,0.916203945705423,0.932692782084479,0.964012468994176,0.990331848211098,0.999915319357947,1.03061318767118,1.04895994370162,1.07152079985269,1.08273340778024,1.10449950111083,1.11592067836183
"4933",0.904328806242117,0.887655652420024,0.866090704459654,0.856887423648387,0.837186684847385,0.82800567836536,0.815690054818818,0.79244758738894,0.773460670899411,0.754475953339415,0.741434801757438,0.705542620049201,0.692481274680607,0.663531890006396,0.640565675055531,0.611600307462569,0.588948621357947,0.572100420258216,0.549798620630355,0.521930676442795,0.499578689383671,0.477397585649664,0.455224549371726,0.433254694116759,0.410985275964869,0.389116446224738,0.361347744121216,0.339646845849783,0.321911306266844,0.301393442540194,0.286736174585307,0.272349182176096,0.264869490533419,0.256916478194272,0.24267280714193,0.234443810154451,0.220050673879149
"4938",0.937379498112715,0.964825090202597,0.980550054205159,0.992691813221329,1.00941940687573,1.01691349719501,1.02492894291614,1.03304636523137,1.03452072924783,1.04266559126244,1.05115873393856,1.05893618923591,1.05746378638692,1.06554088774769,1.07971228889992,1.08754248001251,1.09305522566152,1.1060151352258,1.11205906596628,1.12071649472491,1.11979808801539,1.13160217884403,1.14671651629093,1.14645618658319,1.14949962410108,1.1545639389784,1.14886845634457,1.14909670385169,1.14806318859657,1.13147555961766,1.11581274091523,1.11666284967801,1.11428486062843,1.117944598153,1.10961847996392,1.10295739861537,1.09369573198575
"4942",0.132349135379252,0.139743876730422,0.139135218459957,0.150140463112786,0.142820766181649,0.143269846606108,0.144467415929362,0.152469685952664,0.172063644651642,0.180171118235317,0.188534602507539,0.192915124691382,0.195786389244204,0.210410223024832,0.218704307549631,0.219389046701814,0.211337286413782,0.202221048189514,0.218331495107859,0.217797673895604,0.223409278632126,0.229594956657404,0.228965376571081,0.229043607879534,0.220081451619837,0.219426250280153,0.21437976393818,0.205900809351788,0.188711130765079,0.18593944824244,0.192291639950524,0.177963938786746,0.170306051291674,0.167316156818299,0.165992881266309,0.163206077057755,0.151201369104612
"4965",0.13292927842463,0.152394749784549,0.170783008639796,0.183293664942844,0.196008562566405,0.215815382582225,0.218183957655323,0.22078858654751,0.233250395988173,0.229105922758414,0.237391946776345,0.240507153899265,0.24314180201712,0.245953176356045,0.254691690238527,0.257931626134603,0.266716855474935,0.270037105490598,0.262254639968789,0.271341344552935,0.274893957684408,0.274292648334363,0.283726250323959,0.283420114754908,0.2997759598987,0.300478743132891,0.31101542435227,0.311652210555127,0.328800461274407,0.329884752964709,0.347052680483109,0.353893077563661,0.355324890500802,0.362726751508443,0.37421108078589,0.381917904761917,0.388831161974437
"4980",1.88251734980517,1.8707020918565,1.84991846290821,1.84406787539492,1.82311687423606,1.80789813430329,1.78607612089965,1.77026060810788,1.75532332431977,1.73968607570177,1.71785758798321,1.69281535280579,1.67118480156549,1.65563042587799,1.63446798698853,1.61958965260666,1.59500192054741,1.58023654067041,1.55890078191981,1.53697266654083,1.51633087568451,1.50155207655019,1.48102592492697,1.46085772242758,1.44615971675816,1.43407585698802,1.42054786766264,1.40786668736709,1.38963869493308,1.38732085819609,1.36877805904753,1.34893157745212,1.34030360421837,1.32213751291407,1.30787002902853,1.30017824740994,1.29129582115569
"4994",0.0713082866498951,0.098965348926855,0.122894165589412,0.14524552000356,0.160035025295127,0.192288346150807,0.214604819407542,0.247029745977903,0.276464864012672,0.308968019774081,0.324682875390996,0.351361739289769,0.367258931139862,0.399746405080572,0.408981234141916,0.431660265744022,0.457955503872687,0.48050003174531,0.513783390473947,0.550525069714391,0.579699976211723,0.613361513298675,0.642752598515824,0.672521361925573,0.696926205237126,0.720396703792007,0.744505576179115,0.758664097992661,0.789497099808792,0.820492114867851,0.841682148071299,0.86306252388271,0.874736951227764,0.901988098878545,0.906931824793922,0.924282920895824,0.952258953205176
"5007",0.759430460494839,0.788273782302949,0.791012370182864,0.806098366734808,0.810142459269017,0.825043326156104,0.830385989564961,0.845897072414074,0.858427092131164,0.863977067553144,0.866665536443519,0.878904285440969,0.891606315532606,0.904021247317343,0.912481413500495,0.920547100248353,0.923600745685266,0.931300532212819,0.940567053611042,0.950857780948644,0.966593519174172,0.97836346645704,0.987705377258059,0.994021376411475,1.01697053392171,1.03296098549507,1.0396600784365,1.05083395996894,1.05630541089569,1.05712585996552,1.0736879644845,1.08145936743892,1.0935806940068,1.10713049360557,1.11808446315504,1.12533312209774,1.13631312747225
"5018",0.602861502923606,0.607520426534321,0.610488859574237,0.612665204627004,0.609473006019115,0.601221676533363,0.596575852938797,0.594652899313262,0.587233656864074,0.579601152096685,0.565388734175118,0.563205896722626,0.555947599688463,0.558238637851402,0.544106756420569,0.526256990256031,0.519257043374621,0.516664674884415,0.510217873566871,0.49724557255233,0.496348630971765,0.496613724114977,0.483577682572973,0.483304166315602,0.477938125807445,0.477575270647866,0.479324105774651,0.480421193177624,0.480413370018896,0.48127725022596,0.475594476383995,0.477391075385039,0.479372792951928,0.48725632127174,0.482367039222425,0.489068075992208,0.494082223739504
"5020",1.5730623008459,1.58041262374213,1.58575315653331,1.58936141114891,1.60284840396951,1.62274057364262,1.62761806229144,1.6313223395791,1.63284695657747,1.62398771692413,1.62130266507675,1.61882556181998,1.6231292182009,1.61423300371775,1.60256076759593,1.60592083466776,1.60464936039558,1.59154655095465,1.59676411480061,1.58624983677162,1.58527696136379,1.57386395685274,1.57321120963372,1.55639219423251,1.56274148657015,1.55888621033828,1.54997439028449,1.55120947683327,1.54013437800167,1.54094393238186,1.52519162539598,1.51710255968445,1.51917865237796,1.5104183150779,1.5155698684005,1.5129153927711,1.51147315392812
"5025",0.15312098914479,0.166594315202556,0.156851795215318,0.157921163571816,0.165837975214985,0.172984767063557,0.174154336885851,0.172457638072223,0.177542618759247,0.174812792057526,0.173109680436628,0.181760931042105,0.180148267068659,0.168605299243096,0.173024543937919,0.171807309089548,0.160575861624254,0.159343684207972,0.14825096179734,0.153167130196862,0.14904134275162,0.155066823169787,0.14446943186516,0.149968440001224,0.153285994619976,0.153577609753735,0.166785605152467,0.16768657513394,0.158435572827115,0.165182668773851,0.159768196900052,0.166960805008814,0.168668710403326,0.175954590500978,0.183380149837568,0.184931227871675,0.192126362319212
"5029",2.18444182894969,2.18492881087778,2.16165836479417,2.14949735349915,2.12676886025826,2.09783622747627,2.08579870748464,2.06984157842092,2.04801426987173,2.01941011891564,1.996753348001,1.9851766959767,1.976115285381,1.96130856004934,1.96239962596075,1.94078753933986,1.92873491164075,1.90713544969675,1.89199392328527,1.8813470067472,1.86970755655694,1.84899923032927,1.84412072136271,1.83935897452171,1.81922948564203,1.814964819479,1.80522818459741,1.80165283165422,1.78578053880161,1.78268734400359,1.77396379181985,1.76520923005559,1.77919140134325,1.77051086535643,1.76533519790505,1.76248860523433,1.75364357357049
"5032",0.525448571781163,0.52405664369918,0.530107721072203,0.514866258972071,0.5150717175604,0.509500851074707,0.501607391701057,0.509699448080695,0.505329270919753,0.507556946599063,0.516191717322738,0.527889059893435,0.539529209060619,0.557555457549414,0.569101646853469,0.586772575711468,0.594780766264324,0.605557545503817,0.624972911198657,0.650352632301553,0.665223464128127,0.690235676776867,0.715292262532712,0.727066450047697,0.726482034314615,0.740474753984509,0.746494591830135,0.762160157132571,0.774542176160874,0.787125213395919,0.783872702921267,0.797122015606306,0.800530913040036,0.813105885964999,0.810466814079927,0.81928193017189,0.82318788599365
"5034",0.172575099111959,0.170004905293644,0.170434421124451,0.171099146112803,0.173778239398145,0.181564812149577,0.179475465267226,0.190369702473841,0.198550650202497,0.209337476512082,0.207890983720712,0.211611128634434,0.215769046471573,0.212974784520019,0.21044212076774,0.201984635396083,0.199990344108598,0.20411039319115,0.205634051453646,0.2174730682392,0.235662207984461,0.247321199571607,0.242403651280406,0.247605985024061,0.253532239252239,0.258722003687823,0.249051375483962,0.248930236935689,0.24830595598114,0.255152013190594,0.249680927446329,0.256913515150836,0.26437720591399,0.272191801470966,0.286173964004029,0.303668209313276,0.311722376686632
"5038",0.739159524088255,0.751612460074611,0.751992539744783,0.747173110701864,0.753937580760043,0.75534672229607,0.767563581244761,0.774994283580455,0.774332455826692,0.797426129713232,0.797501657473933,0.816328178373435,0.817049524863406,0.828281757399326,0.845984236742421,0.849540274476071,0.873931810865166,0.895528511454733,0.896377719597587,0.902273991032315,0.914664853664802,0.916342076469002,0.928436733893617,0.918318366489174,0.916660240597295,0.9024306097546,0.881857263652313,0.867997496986454,0.845597617439738,0.810422557848896,0.776562087418713,0.742231473858163,0.701977244067361,0.653881231388655,0.610654771124695,0.561735756968617,0.506032626915087
"5041",0.595134044425918,0.582798791822224,0.585951946233503,0.573741686503535,0.571362665967363,0.569666444747994,0.563349934088199,0.551771591241936,0.555591653134881,0.543938078290021,0.53819713967447,0.543635675018279,0.524051586385177,0.524188259154769,0.518634381350911,0.520029069960083,0.521467568873792,0.52284678728824,0.510979457450111,0.505193518661346,0.492792386802131,0.471132561055937,0.4720255881155,0.459542807462392,0.453654076212229,0.443297813759783,0.451095378269648,0.449512430262286,0.459291129580213,0.455582275521397,0.452201535581888,0.441171231225369,0.427065094614086,0.411109153450557,0.407075100314997,0.404333308246877,0.390448904473826
"5042",1.6259038268315,1.6795272711844,1.72819829964643,1.79882917169546,1.85407161062525,1.90973706952427,1.95032264188458,1.97461694072945,2.00260455147155,2.02994800621511,2.0573191797343,2.07281507852836,2.07993931976112,2.10465470185777,2.11929496871309,2.15138837248697,2.16619995413343,2.19225895784898,2.20664064836884,2.21491640252608,2.2401460822755,2.25418589139338,2.27271262472176,2.28093101873741,2.31215599882667,2.33878105145243,2.35382048059955,2.39195683689994,2.41988737699663,2.44056763237404,2.46167636696979,2.48107048903584,2.52999994392299,2.55737815136762,2.59080411378475,2.64208670714194,2.66404846645872
"5043",0.490749390808692,0.470188313312514,0.444384464507241,0.41767162251284,0.397886345986357,0.378623540830228,0.355444042668905,0.339143767434531,0.315770722788381,0.300436941461117,0.284907280586167,0.271156576874001,0.283317527882495,0.298261691535009,0.332026615863785,0.347842805908373,0.374820610039505,0.385216415002626,0.401139979728328,0.417864411116576,0.429403727288867,0.445869030576569,0.463690884540546,0.479730399715781,0.502733510474204,0.535392663617297,0.570940542153387,0.588623712166838,0.609721667577534,0.630041650031948,0.630698772382911,0.632247175486917,0.63516618077962,0.628292462983101,0.637240361754279,0.648721753165589,0.649175371076913
"5048",1.44164941143424,1.45098311865366,1.46582438920261,1.48107438228098,1.48331779452806,1.49157295513826,1.49966382856781,1.49522710385474,1.50348145761389,1.51185060344491,1.50431803144768,1.50601899530641,1.51126018734966,1.52061939218379,1.52597429336377,1.53442624418468,1.52732881373838,1.5254814781199,1.52450676108719,1.52454308716129,1.51707977795196,1.51655435438556,1.51019810891851,1.49345980626666,1.49357809818773,1.47162891539015,1.47924448073183,1.47020564829746,1.46530505843977,1.45624599834254,1.44163822666032,1.42649186025357,1.4057895789491,1.40741002956087,1.38664119035376,1.37843395867206,1.3640343404998
"5050",0.577660557353296,0.592705419260734,0.600648841591648,0.603019173719928,0.618104633237119,0.620760847174755,0.628805088872167,0.631355746317715,0.632643455662992,0.641051584447335,0.64359667324816,0.645485875056668,0.638077652922423,0.639809558847122,0.642756770199319,0.641730745649039,0.644766230514691,0.643870373320257,0.653540699799417,0.652678858386474,0.656192078189406,0.655549524065509,0.648328639270823,0.635540390901703,0.645158980016544,0.640042787156534,0.640398983896382,0.647659553222284,0.649845565229338,0.650968646719268,0.658926552871897,0.65432082824295,0.649181325230043,0.638316220577444,0.633127488377804,0.635014578335726,0.630288748540081
"5060",2.04591105944195,2.08334283362927,2.109111280551,2.15278998194044,2.18961551149484,2.21019683887001,2.24395151593611,2.27510950797791,2.2965484452576,2.33045221309087,2.35879836994313,2.39667169998144,2.43091693725416,2.45575083698564,2.48413858761328,2.51774417903825,2.54644086680881,2.57947190126801,2.60216572693053,2.62152831119349,2.65636947443858,2.6824418383649,2.71756778226333,2.73742299087092,2.78371724409126,2.81344428398297,2.85456034367339,2.89153053866353,2.93158531895751,2.96818960812294,3.01907578999776,3.07338087777794,3.12550771739375,3.16596107718398,3.21782236287969,3.25800882819269,3.30312376622323
"5064",1.2985832024279,1.37101559675733,1.47194043307631,1.57012529176074,1.66342058806722,1.7568488963226,1.83225827476098,1.93083190374888,2.0230676256036,2.11858338273787,2.21109795182415,2.29479223379566,2.38619223588794,2.47616010377517,2.57506412048865,2.65899992306488,2.74787927905067,2.85560188901736,2.95077989693183,3.0564264223998,3.14004713434846,3.22933652651686,3.32874987367099,3.41822255632034,3.50751112184522,3.59266357243735,3.70847309065952,3.80878658434878,3.91405183686427,4.00876283998687,4.10392494136088,4.21363355147154,4.29129218941119,4.37880883395162,4.45004493485053,4.53820745572059,4.60885782286625
"5067",0.783157098244981,0.797628200720064,0.792683118445205,0.800528289047887,0.808093994886131,0.815185617683075,0.823147996420129,0.831062617940798,0.846350055981536,0.861163290276183,0.84271107421389,0.839943969956106,0.828516555699701,0.823026535874499,0.811211212788256,0.798337202403606,0.786073958232783,0.762318798654677,0.741925751543749,0.737254707998256,0.716192094488652,0.695667425524377,0.677510896165507,0.650762022176802,0.63735872093905,0.623259351122263,0.617010443855754,0.608466300118909,0.59357384906213,0.580044516052035,0.56065651006831,0.53875645738861,0.520272834251021,0.493927649909387,0.479216406052777,0.459101663342847,0.446800395840315
"5080",0.549888589581973,0.597848174938405,0.646383518532396,0.688803228502915,0.730346682870238,0.786029729630583,0.834081439609906,0.889341544358476,0.954344528977425,1.01279461541245,1.05842629623782,1.12053476816293,1.17884149790035,1.23170449762018,1.2972243124806,1.37630888934381,1.45509026871663,1.5409537095285,1.61973403760503,1.69968633570623,1.7789653060977,1.8383289568783,1.89111126260693,1.95651701758589,2.02284417944053,2.09012932738618,2.15064605220204,2.15708238931253,2.17500485620105,2.19188060556205,2.2090282574576,2.20359356695439,2.22087498953684,2.21827662013171,2.21559170502861,2.21326135943204,2.21600868492887
"5091",0.19783400363061,0.209994944074304,0.216636050373016,0.219052068007391,0.238513557965921,0.245464602641845,0.257756713719724,0.271403677783476,0.283827473148391,0.283819588988943,0.296319014981916,0.296649374684941,0.309240421276137,0.32873765434162,0.335857304371117,0.365558172893384,0.378536377241329,0.391394536045668,0.404551517289629,0.417948014646169,0.437170611947081,0.457414966936846,0.471037442205718,0.484115893274757,0.504017672217584,0.524436413689317,0.535072906491923,0.55584493172557,0.576887619332489,0.58712450898324,0.601887189558992,0.616462974485901,0.633753154887704,0.655369488810042,0.679354383242253,0.707770776998023,0.734824571548891
"5092",3.13259502104214,3.13909038694572,3.13620356614404,3.14856230469584,3.15249446024637,3.16657614295651,3.16308399656684,3.16995690934724,3.16653672483505,3.17659463614163,3.1833912179003,3.19397756076554,3.20391796694172,3.21108170941208,3.23509389524027,3.2636475303026,3.29096686689043,3.31215539758396,3.33275983115618,3.36033902283447,3.38152665741488,3.41264012492075,3.44387940100652,3.48511259360013,3.51613178004294,3.56545964252456,3.60286321543697,3.65820739327072,3.70855439914986,3.76413047213205,3.81427248749499,3.8533711555266,3.90204421177049,3.95210993524916,3.99755474662719,4.04812976911642,4.087216648902
"5103",0.245217683748129,0.246018031486802,0.250430479258489,0.248641790661125,0.264222868166061,0.262950732827937,0.272151972395984,0.263607854716054,0.261724216836781,0.260205916278605,0.268410420440605,0.267379805971527,0.265692767426572,0.264277884356055,0.263016059489648,0.256380766959197,0.261818791924619,0.267601516499024,0.266372916109051,0.272057007515587,0.255555897240721,0.254948471278662,0.247736769402543,0.230814624819809,0.223772152099076,0.214671840360296,0.215166795312464,0.20575260595903,0.19738397670809,0.191942441996692,0.183494742184776,0.167806902711652,0.162467631454017,0.154257870889395,0.145690149590873,0.143779547110595,0.141384610957882
"5104",0.454065362021301,0.453558737632553,0.459653703384962,0.461834028961855,0.4546285530968,0.460329071750566,0.452591766862891,0.434128074868245,0.425289502086081,0.410069753446201,0.385706729033532,0.378208594761119,0.359600817886304,0.35848866353202,0.354150531945911,0.360475454026875,0.356025848640135,0.362594182759642,0.357814291160669,0.346845291538717,0.341973977572962,0.341265552755104,0.324050062342854,0.312661158105812,0.295198462104272,0.278797205673068,0.255354284895937,0.261231611791928,0.26607547529266,0.264082221845386,0.268262825184231,0.271205571268043,0.275607273546883,0.28311415328773,0.286880753549075,0.284897187738077,0.274856732831641
"5124",1.18178608102035,1.19014655977737,1.21060869189893,1.22905823496375,1.23309026211456,1.25955244309214,1.27768251363593,1.29620849001792,1.32421512672547,1.34294880993428,1.36100932089421,1.39076935294498,1.41898123288242,1.4479280219374,1.48114484938572,1.51113097764856,1.54654972572894,1.58706497827445,1.60538891279353,1.62750240422705,1.64457783625717,1.66394463626168,1.69342368357302,1.72309319196126,1.72205844589355,1.72395219126756,1.7308428335614,1.73531591906983,1.73806508080513,1.73280720594367,1.71477368279191,1.69849316676707,1.67272456436742,1.65486553445103,1.64610561140962,1.62928253010866,1.60646619677414
"5145",1.2954150128837,1.28151987005251,1.28234453443384,1.2775669145249,1.27919175050211,1.2755472387603,1.27777740154788,1.27435866338994,1.28373271249371,1.28351656598312,1.29604620089464,1.29576724150213,1.30842184792652,1.32183233181059,1.33450625293496,1.35106014840346,1.35729265211703,1.38669209469672,1.40675299339928,1.43033312494782,1.45025310873603,1.47391118839444,1.48172166293299,1.49489512390173,1.51957424932547,1.53354026935927,1.54210743071571,1.55073783016722,1.548616895752,1.57616144956729,1.58717457787937,1.60317187934411,1.62517026495597,1.6265407034135,1.63256833454465,1.63708078040449,1.64872465148876
"5147",0.282880041210809,0.290326725450082,0.286816601412985,0.300252040641847,0.304268459508634,0.307820326555513,0.298792728021571,0.312783130875648,0.310887946460135,0.314816473475285,0.305290213750885,0.302525606636255,0.299754046077836,0.297156766093469,0.301507318832414,0.311716377448342,0.323087575681352,0.327594905690592,0.338954073645333,0.356442707755686,0.367183327469546,0.37795094767189,0.366421692037299,0.377330497405916,0.388614881019895,0.400146193222269,0.410911223846055,0.422993657193956,0.447950259620118,0.477310178832893,0.495981071195327,0.502179321299944,0.527702520409862,0.540643564818247,0.569482082872428,0.588295801433128,0.607669582102767
"5162",0.0783791721838288,0.0788936087748028,0.0862860587960583,0.0943300337404327,0.0851810547525441,0.0876811185319296,0.102567283127974,0.110755411648175,0.11892135638693,0.117211933292339,0.125454325390156,0.133885239033562,0.132241730965662,0.140545817445151,0.149101617805186,0.140934454996464,0.139645123989706,0.148147960723264,0.147072740536627,0.14622433354325,0.162039412512345,0.173816798901785,0.173191566204404,0.17293907761207,0.172978732570083,0.169060047643072,0.169845486997966,0.16402908292467,0.164982619515752,0.15520263323807,0.156509217875445,0.164484884830664,0.161989121021197,0.170212964010415,0.178582087653687,0.182525230324803,0.184063360429307
"5166",0.380461042107765,0.382218356362494,0.38269766539457,0.384922741024931,0.396264422189467,0.398151122930703,0.407258766993161,0.41637343783082,0.418917329645794,0.426988086325577,0.429519758191486,0.431475901880738,0.43994486309705,0.425314228611099,0.440429641870593,0.449083060589387,0.457718957964022,0.455478565411998,0.46147880296176,0.477534554678195,0.469875442460579,0.472716635802396,0.458807028455679,0.468688912298439,0.462618687642416,0.462331507735117,0.473511702330913,0.481465607526333,0.488030542495715,0.511212000863648,0.505437940598359,0.507522491911977,0.518885463219102,0.513594676451767,0.51464020353678,0.52571936457339,0.533344624027925
