"","V1","V2","V3","V4","V5","V6","V7","V8","V9","V10","V11","V12","V13","V14","V15","V16","V17","V18","V19","V20","V21","V22","V23","V24","V25","V26","V27","V28","V29","V30","V31","V32","V33","V34","V35","V36","V37","V38","V39","V40","V41","V42","V43","V44","V45","V46","V47","V48","V49","V50","V51","V52","V53","V54","V55","V56","V57","V58","V59","V60","V61","V62","V63","V64","V65","V66","V67","V68","V69","V70","V71","V72","V73","V74"
"1",1.69232222203556,1.70089472891292,1.59001966789251,1.46728224201003,1.35857483839231,1.25416801210598,1.16278355349963,1.07052118209311,1.0535183419804,1.03109208122638,1.0066349229095,0.98009902572601,0.957196111610377,0.923779510426141,0.930264536074297,0.919103383708254,0.906703198983865,0.893710514602796,0.89057616219471,0.888819884280447,0.864984046851453,0.847420347690176,0.824530628349464,0.802192960619793,0.780686683219648,0.761774762081206,0.751004420490678,0.732042584830695,0.710518251110894,0.691953339289758,0.678087620027556,0.662291986617102,0.645112364715032,0.630186935717288,0.612615237105635,0.585530574129815,0.567150278742996,1.54389069497904,1.51176798914576,1.42222045762209,1.48829719130615,1.29139360109542,1.21386106896563,1.0901298386205,1.05793769401141,1.04882541804459,0.968337745238309,0.98012552047644,1.07680135315899,1.07745566580514,0.951133979701813,1.03522432570853,1.01532033393353,0.96524787449667,0.836426628955258,0.798763481041341,0.77422217491982,0.777264627075616,0.768960447418653,0.766768897749368,0.795270197757197,0.711466283059858,0.742585105585335,0.811474285788997,0.900253149155755,0.822448616660856,0.813420893389103,0.751873739964557,0.790766251178737,0.81590471802131,0.768991326799122,0.772726555339,0.699252780691161,0.797181509880652
"2",0.149298655168613,0.179307570297858,0.211229149294617,0.248377542928208,0.287094836373265,0.33214579003664,0.380416715646696,0.424170498130057,0.488392075350023,0.562627099384416,0.614784803992132,0.677908215360083,0.779415950125478,0.930695429728965,1.11882587896543,1.35987165126203,1.47669676608362,1.55477446863073,1.57225703578913,1.57191138254269,1.59227887465954,1.58676898976179,1.47747881552786,1.42122709259146,1.38318351268162,1.34043054051443,1.28475801008513,1.19748337261956,1.03708206950069,0.892452705980498,0.759897453108039,0.640524495427323,0.546758622736486,0.468716608180992,0.405894891682359,0.350845541901744,0.311389273536318,1.14332253203461,1.15563225951586,1.15268588400093,1.14332435644053,1.29060386005141,1.26491786138121,1.24050647198474,1.11743640332693,1.24429412925067,1.25027826288503,1.25244255726895,1.25144798423844,1.13593304536412,1.12352755324415,1.12121443844786,1.1055690666002,1.0771809649742,0.951557420254712,0.939475158724108,0.922473736211453,0.911138468393252,0.909273536381805,0.906481305118822,0.806906841834954,0.817205317931601,0.83365945356787,0.862149054381914,0.707060009523051,0.706287855853354,0.703904561679311,0.710808867910386,0.712897874532891,0.627873886941768,0.631090364133287,0.626300072229353,0.615411991605277,0.53250024561615
"3",0.218511075125839,0.219050186321601,0.216059814097431,0.211393976864855,0.232520281281606,0.260279158792481,0.291589586601794,0.323184919229408,0.363092337949185,0.403912583547529,0.454183982278988,0.511440212643373,0.581252421021501,0.669983359407462,0.78468322242794,0.926739153453307,1.04002706621584,1.16467863674931,1.29872689571167,1.45853882646741,1.65296535938142,1.84705171671363,1.62627916971517,1.46028731385226,1.3500980103026,1.27686241006854,1.19809827115,1.11919070688493,1.14956338492223,1.1505648513443,1.15415440295448,1.08469048898913,1.00323089143028,0.947920848316338,0.89009964187167,0.84192297814963,0.776511431276728,1.38171193228546,1.39588030490338,1.41104239121853,1.39453756873879,1.29491093844035,1.28635636267694,1.27964212065637,1.2519594833943,1.22458077402251,1.21029605627574,1.20106146328789,1.17271445039522,1.16660715537783,1.14948300709962,1.14909143643639,1.14333679050766,0.989450782996663,0.986079894731966,0.971445172998046,0.950916720073869,0.817522046949417,0.811396165200329,0.805763321023958,0.703354955874105,0.703599498805576,0.615815332669544,0.612443656876482,0.604584739908069,0.591060469988419,0.580712621704508,0.579540412417615,0.572783783127885,0.521229410482972,0.524543881109889,0.520642873119075,0.515977960291937,0.508482305482102
"4",0.322230389926671,0.355757406370179,0.375226631868927,0.384984295008585,0.392219257906296,0.390194126526274,0.424047496269735,0.453914248849961,0.503094226793263,0.55084537066631,0.613751439172011,0.706656645150554,0.749518746561793,0.822198982737723,0.869707639974846,0.933346306990666,0.978845915242088,0.999087741917961,1.01824211400181,1.02806770611329,1.02061479981098,1.01299859970086,1.00293712646613,1.03276242252092,1.14192168940557,1.24751385273591,1.34726324613333,1.45560505052566,1.54511064432964,1.62015294692227,1.49867456687885,1.399562752262,1.27170583846211,1.21276953045422,1.12919140088972,1.03830763642917,0.920839811487254,1.05070929897647,1.05272994341284,1.05594051893432,1.04205855302274,1.04839330034451,0.952294154625288,0.950137058728939,0.935491856322277,0.918511096074438,0.951627454352079,0.948038365663397,0.927463601010125,0.927660236308482,0.924204100806046,1.06165779176263,1.06349387978008,1.05494208267572,1.05737770069426,1.0553130485571,1.0466962203646,0.950301026990728,0.952187001015101,0.954605190253617,0.958722404981297,0.961483017664334,0.963937306595085,0.969666985664221,0.967000067376715,0.955333883626845,0.950242268617031,0.954939927428238,0.944831809165989,0.935497795936701,1.02375040333117,1.01167958671039,0.993856388908933,0.978709588019758
"5",0.0150413686097476,0.0141949800827414,0.0134419963478484,0.0130105692481599,0.0126332626267432,0.0127287719311935,0.0128734297828767,0.0139180871059643,0.0149172652577852,0.0160346893800489,0.0172072698794397,0.0187021901709353,0.0202476054655483,0.0255996344737314,0.0325467270272016,0.0409842364737599,0.0515340859846406,0.0655618102352076,0.0839182016245996,0.113432464273832,0.156511507155947,0.217867317580376,0.309734630827839,0.444452193433879,0.66245863449922,0.815004339171575,1.03084444282833,1.28860478613299,1.61088851542796,1.97875628129021,2.35188335923668,2.13890539882248,1.98416332589787,1.8490364605384,1.72960449222962,1.60637828995853,1.49350394339435,0.874561122089582,0.87085115092195,0.78637501141618,0.788849297027921,0.789308056591342,0.780810337742537,0.776598309632889,0.768225498422489,0.760921092550331,0.750873741020091,0.747595846902085,0.740290565320424,0.736903465300321,0.662078305533343,0.655082757267157,0.648238261873478,0.742725115691265,0.728803362329131,0.713738795763773,0.698575250448194,0.799928233548417,0.786087388550408,0.90019355912511,0.889260121156502,1.02244215634213,1.01319745776896,1.10802163661846,1.26378681365028,1.24332079678187,1.41424923862054,1.41157788663446,1.27765744471581,1.26351916765539,1.44836116638689,1.43571813492757,1.4173415914906,1.39942757042453
"6",1.70389294300229,1.61571951261401,1.69942556147619,1.69826468295509,1.66416867018288,1.6495904556472,1.61681319555287,1.57713719721206,1.41041020174118,1.28242661577886,1.16906974248526,1.10142379148193,1.06353908498283,1.03377005968582,0.984358059540064,0.92751631454982,0.858344878642187,0.778948689986874,0.699457020527535,0.631789418292442,0.542258824236962,0.466886567855572,0.404354773118645,0.353764091232586,0.31811212761894,0.285538713268589,0.289416814304333,0.286948744101777,0.288927217324058,0.288045919372369,0.288043483766357,0.284271112435752,0.23916644807985,0.204132072134969,0.174242093827893,0.148805384674637,0.127254161149743,1.93143864870033,1.70138323771562,1.70234321543725,1.68390738479437,1.53837849080345,1.51595066222199,1.3165848584523,1.28851478122874,1.25688238606376,1.09514644394614,1.09007201310496,0.934993389886154,0.931650215013573,0.810247174709311,0.81559452832214,0.813694077021757,0.804466177433331,0.798641123074659,0.694885673304172,0.682729821098117,0.671235350046761,0.667982338950103,0.664128187601697,0.66456762864486,0.665803544883962,0.668956285175462,0.676090049287845,0.619249867691826,0.534336266087049,0.529109435218955,0.532706955753032,0.526058669142421,0.458138665948935,0.46042745527551,0.454629288154656,0.445904813406279,0.437493522559913
"7",1.08063881066975,1.26905186544732,1.31449071266792,1.33110469108268,1.34602147385507,1.35400881264098,1.36936582845845,1.35001129014431,1.35270601664974,1.35900998467782,1.36193137843994,1.36598521172313,1.3867457977886,1.410252904279,1.31606092722254,1.20847111882901,1.11187283372757,1.00948678301369,0.926688981872742,0.839345252885021,0.772096416501104,0.708121637883003,0.655007427493126,0.603877792425547,0.553310804778067,0.513304662443876,0.487779226479212,0.458541368695947,0.432988789180311,0.40703354560321,0.385543529837742,0.36431367203844,0.350249857007635,0.335495444125363,0.321449653938341,0.303932758962229,0.29029307276102,0.817965181282185,0.946911665210057,0.959121132735902,0.95226333940704,0.966339455808002,0.964590746525568,1.10356394561485,0.998423147760152,0.979664671565043,1.10851825065388,1.10831815428996,1.0848232724202,1.23926939917962,1.23442822549123,1.24437929507524,1.24461797244731,1.2329863504316,1.07924066152557,1.07205898205241,0.968698160758911,0.953697819668584,0.950042134081286,0.94541631307465,0.945730057051138,0.869840050569447,0.873087850272262,0.880262323877912,0.878587924178535,0.866445595258795,0.860465711844755,0.867885912089523,0.860605110222375,0.855348534130751,0.860465360390284,0.850699875307124,0.767576868474633,0.754385110424905
"8",1.15655065141668,1.2368627420671,1.26527760609792,1.19551618259595,1.1292011383402,1.07775748755624,1.02927536457646,0.972842779205549,0.931445364983258,0.916976105407396,0.90776801702306,0.899182238668556,0.906853207508991,0.892518897631765,0.904403154439266,0.932402290130354,0.958436695724896,0.980253314344595,0.985049262808735,1.0170807571917,1.04825653240929,1.06316436164333,1.08062249260329,1.07148407860004,1.09531534104639,1.10980023757404,1.1227661805584,1.09810630422539,1.07027340947145,0.963067112161883,0.885001879236026,0.786691185452585,0.720521913109632,0.696583963469407,0.660191620495714,0.636451326238553,0.604251422796153,1.54081672845511,1.5576508608834,1.55837845019647,1.54076930401988,1.53190650753158,1.50112908290787,1.47216744849436,1.25917730050926,1.12398640588957,1.11152483485915,1.10167451669588,1.07525876620687,1.06598650166524,0.96496043846959,0.964391100931897,0.955298158181071,0.936161376156384,0.916599778076253,0.824223962335197,0.801439745811193,0.779746884771419,0.7695558300578,0.758687775730196,0.66940750605186,0.672107447551921,0.678731393772261,0.687393169042693,0.689551314857981,0.59543550224431,0.546759485054846,0.556712733139751,0.510326545037633,0.448802698369837,0.455459536643477,0.416794747223115,0.412233176286971,0.407964314567422
"9",2.15636402452639,2.0987903879132,1.91485820513581,1.73440681980561,1.56706754617568,1.40777044702952,1.29512901332538,1.15030060195453,1.06399789042944,1.01472831767622,0.963678272482701,0.924206355483732,0.880233343330549,0.840460410367647,0.816198170683348,0.776335083576354,0.740548996853077,0.696956921688656,0.657213285895062,0.628837020203939,0.600398543505426,0.610017470087039,0.617775093051736,0.631454296336117,0.651828722055137,0.676961303018717,0.697608193147912,0.606915054443691,0.529255930748675,0.457828169748522,0.404170527394141,0.346201716140328,0.299818440190109,0.251209436268967,0.210369252903515,0.178745585603109,0.150992381243631,1.62809082018687,1.80008666097287,1.58088419952535,1.56285342971767,1.56705671177609,1.54820189372432,1.66859890611946,1.31739216303089,1.28545783128484,1.27387257864287,1.26691026248247,1.0866264299989,0.992669417130789,0.983356109210387,0.986706469835396,0.982467902244472,0.850285597337365,0.844352585722653,0.833576980770085,0.816487535386024,0.703162902456991,0.698073595031652,0.608654273119529,0.532370465986121,0.466835626074525,0.409734589772248,0.359065332410054,0.356782607803159,0.350820871544045,0.304040570373834,0.304892729244754,0.302881029991317,0.300994309170012,0.265713404509715,0.264515316436552,0.262384887968934,0.259741966441421
"10",0.121048887154728,0.155842424681878,0.199151174072576,0.258762756801733,0.332720304163913,0.428966088726133,0.488997696810278,0.551126478522076,0.628455338364492,0.718873316835742,0.823802767817642,0.949336663635278,0.877021406657766,0.806855999009476,0.730058477108016,0.654159611721915,0.582839834292666,0.518095562123225,0.591232217373779,0.684527185671008,0.787346809209463,0.907112745179355,1.04089905462957,1.21183372107205,1.33309225450319,1.46100283902555,1.59684799427371,1.74126271396301,1.91004385175241,2.04210134108017,1.62402309630662,1.29619152776434,1.06293318707367,0.875211379296316,0.721399132764179,0.601262126291182,0.561926871352926,0.714878375360273,0.823341372163516,0.950053145787121,1.02399361142695,1.17192915197715,1.31809182198431,1.29347458776746,1.25932210340479,1.22602650033338,1.2195355381887,1.21150967480343,1.18915852791841,1.18086699849501,1.16630151182408,1.17426687473663,1.17413938766902,1.15982869879845,1.14234492089018,0.992340213028871,0.975636935129325,0.847991439471344,0.848963186438064,0.849930632229052,0.754499331654809,0.761869624569549,0.774407872492183,0.79064485944186,0.798675707526221,0.792905673846501,0.788258929079967,0.795410185837112,0.789570371328416,0.752646003795543,0.754447426037573,0.744468273255125,0.729364067120862,0.78501597877249
"11",0.465074916867768,0.484734229326597,0.498808423013912,0.507058539054516,0.51447494887566,0.523067489645504,0.590839699133153,0.659501050323447,0.747519612129771,0.842912219006711,0.938287401284968,1.06732699057857,1.06749278631156,1.0574360345422,1.06382490287068,1.10888300577983,1.15618686629172,1.1974732193189,1.17315034819399,1.1545686124704,1.14220078911264,1.08072392679113,1.025129397988,0.975856207480704,0.989528635548879,1.01280767974875,1.02856361737225,1.03298939574381,1.04746655148597,1.06080832277939,1.10024657163798,1.1282105991107,1.14052905701873,1.16450831470748,1.17877375456418,1.18778965764274,1.25047965686626,0.50511410018283,0.513025433242565,0.513341668963836,0.512087242219816,0.578320942434061,0.567897900832583,0.55642875506379,0.620540402461098,0.692978669559195,0.700627411654724,0.736567006545481,0.854793456656082,0.857049681351878,0.861744646148699,0.868674590574859,0.976213901467166,0.942568159746163,0.877795607165081,0.848508967035026,0.928486936926095,0.910248132921076,0.905238699774493,0.901297394379809,0.918662892173609,1.05321516177674,1.08178413052169,1.30471145739478,1.25932129790837,1.47687528364577,1.45218498247909,1.38555177578285,1.41073931276296,1.29831047217586,1.25002449880268,1.23399176308274,1.20832936013972,1.27724133247956
"12",0.556244104148206,0.611863195642914,0.655810932975286,0.652772784250428,0.657243983660427,0.651794731010234,0.647220216151336,0.633743340651793,0.632300101009776,0.646174619188474,0.660906834984677,0.675015423019413,0.697912793797312,0.711596218786205,0.739200802449606,0.749483930887487,0.761192177084979,0.767360594514058,0.777753496544934,0.791561669905457,0.808548790093597,0.834886383888233,0.847464080322914,0.870645008610955,0.900024027528147,0.932175623068723,0.984046798301691,1.08854705397115,1.20863996979241,1.33178878563085,1.46708484523147,1.5844400411024,1.74317569382637,1.6455082143119,1.54323228564911,1.44608621870488,1.34012780310407,1.25031269750242,1.09267248956735,1.09249722509388,1.0772173278885,1.1804115004025,1.16808489761356,1.01210934174746,0.991828990116358,0.968893658998182,0.952801174500605,0.944858970991129,0.920331199833073,0.913689848531093,0.904434815848285,0.900517804665151,0.899437866784834,0.887786298890897,0.886232770954433,0.877163052727052,0.864588329471871,0.851847591651908,0.925220465628569,0.919801894906327,0.915590171241833,0.915384761626736,0.915756855743234,1.00207170495737,0.99785732442041,0.983930755467712,0.977022060757841,0.980867264709255,0.973129955936837,1.05253585427824,1.05696475396694,1.04572253490693,1.02830613709582,1.0115300297012
"13",0.36733997708285,0.403176983318953,0.435527691221358,0.467240604182143,0.502159212964527,0.546794641282019,0.597561528382471,0.646825829477164,0.707946199381858,0.771924211349778,0.861524441351965,0.943319678694717,0.973477405327285,0.992143264355948,1.03242519964894,1.08518586381071,1.11370040069172,1.1394296991107,1.20913115630762,1.28994197425594,1.40915646969607,1.50475924121036,1.6166533340277,1.74696916957391,1.38791243570494,1.10684705628133,0.884134833277056,0.70308985938359,0.565372240863486,0.45233047285959,0.548657057535851,0.645184018682982,0.764208120046801,0.903367708821635,1.05535326072521,1.24901912427769,1.31919673806125,0.646394162087339,0.649280993450627,0.646653290402503,0.634714480329218,0.633763987575098,0.678217964703485,0.672365216733545,0.657135243753387,0.640145935303708,0.720212349509637,0.779034461852708,0.763105471094233,0.759148204536902,0.859487636665302,0.862233400427728,0.932104266955663,0.914883383563825,0.891953422995963,0.995701562590895,0.97048122406739,1.0336570248898,1.02294670407278,1.14713037088397,1.14977922178652,1.15222680231592,1.16349560030779,1.19259215396765,1.20970657715408,1.1986291969934,1.17870314200062,1.27012996848415,1.25766308970796,1.24700924993883,1.22403256873434,1.19427708605221,1.25967187013045,1.25540928513761
"14",0.0188797786717697,0.0202737366590923,0.0212076690251668,0.0217262966471695,0.0226094247039673,0.0247411443851792,0.0274084651605912,0.0296434547805253,0.0326157538570878,0.0359566898866212,0.040023105939847,0.0468664945018578,0.055859984766417,0.0676926672073852,0.0830195045928719,0.102991783211599,0.12923409556254,0.193406489244202,0.297894190465932,0.469985020860993,0.766215429288353,1.20870556772295,1.9667407329093,1.75785962202811,1.94636324152105,1.9091495080958,1.85959121478044,1.86713904213562,1.72323733196245,1.7805921608976,1.40169329181964,1.178195843158,0.938142867449624,0.79803352270996,0.677358748587344,0.623041342284084,0.599909911969312,0.518917166598725,0.513931601542878,0.511509063959359,0.513745701482084,0.597754770734179,0.591887428034746,0.649262885406916,0.640747603492442,0.634008917448418,0.626441303604179,0.621896292530165,0.680761724403085,0.677533521643731,0.673076094111726,0.775347727433162,0.770163364927153,0.756776677474206,0.749091936140388,0.738028192296648,0.844058912265382,0.832728533512867,0.824684801791425,0.902891163837885,0.897284398414271,1.03490250259577,1.03281705014945,1.03249832491727,1.1275278851408,1.28102881537047,1.27352896873386,1.27633134732147,1.4523713730625,1.43976643558429,1.65213955090834,1.64567275159616,1.63188215008349,1.6171763030958
"15",0.173092179816883,0.166554538230091,0.159249888020832,0.133329915981267,0.111593027808781,0.0933132063676692,0.0770258212007828,0.0633640406005147,0.0516727763315787,0.0570572214394196,0.0619005786419491,0.0673318702674862,0.0722613380866241,0.0774511911191495,0.0829110286323609,0.115772393026499,0.16238349561286,0.227897275079094,0.321819024524754,0.470180521566476,0.692660329988491,0.799935654084626,0.921317466219268,1.07619913546849,1.27235078008925,1.51218576335983,1.8201771498463,1.82326020250432,1.82005430863898,1.79537878077227,1.76863523487634,1.71941505202373,1.66510134515096,1.48341128123668,1.31626543967112,1.16823750144071,1.02901129018501,0.662730554123536,0.763098365695628,0.75753535138575,0.753421272345421,0.635218581305355,0.626890040840096,0.616607977394115,0.607577399742482,0.600193207817111,0.660772337957115,0.657479623780864,0.652567304825784,0.651425512238445,0.758442550023643,0.755173067327793,0.754300073996922,0.743348523021751,0.737434962320867,0.85325015926037,0.935077037975941,0.929480088118952,0.928981095475386,1.07743064561902,1.0793102186597,1.25615906477705,1.26504893328171,1.27691718636931,1.28372162624935,1.28019444720882,1.2839591460057,1.29407643097231,1.29917698702311,1.29959662565741,1.3150326766277,1.31998341224352,1.31879327658146,1.31881985375173
"16",1.43806650479751,1.54447194583734,1.59054049833605,1.59445623015008,1.55978994065284,1.52780045961383,1.50749275814337,1.46637866452972,1.45368523433773,1.43601134573357,1.38665569287267,1.3403373069081,1.31309396210235,1.27335998973903,1.2457447310707,1.19832473574555,0.974925518024837,0.787211843663144,0.655851989375286,0.542265241221573,0.455938766541018,0.395782104888326,0.327010467350829,0.267305104104959,0.222142985858842,0.185288426242472,0.154888465256975,0.129164306029331,0.121905099268542,0.115318630378736,0.11126536507639,0.105922067554411,0.100937253776193,0.0956230261218662,0.0919882413257494,0.0884550335502212,0.0857522175003475,0.876539891001474,0.880206011422639,0.883659623032445,0.8795481529848,0.887994735837736,0.88584797433997,0.8901570884219,1.01317844783812,1.00126777418118,0.994877225105538,0.999331444693831,0.986265349425079,0.994093000063203,1.00046118547112,1.01398693918275,1.0225468065998,1.0233539028115,1.03365337511275,1.13698711308865,1.13388714566523,1.13154093457193,1.12616155811152,1.11975379105097,1.02306007141489,1.02325324556747,1.0188990615531,1.02395544047321,1.01736900677571,1.00273242462755,0.995422517596562,0.95455910843528,0.947894900982216,0.940068585495662,0.945427397151822,0.938479170179582,0.812502200715029,0.804483373153603
"17",1.9429871315094,1.99818493279085,1.96097455610876,1.8230250316948,1.69011710931305,1.53862829522304,1.42030559251742,1.30499269549165,1.22469771611962,1.10312438018278,0.994954813279439,0.897190164220874,0.812472759797241,0.728505536550092,0.663724938983968,0.636620574526123,0.614868608808563,0.588797833035142,0.565170796532067,0.545386052454289,0.527704113257602,0.523027077884027,0.522526306471229,0.519511854773499,0.517532262829043,0.518587433665202,0.520979116721811,0.507982249067478,0.504525146052919,0.497386959759802,0.497455054216497,0.491804645308566,0.480499481747986,0.474432801572892,0.464623324205274,0.456585458835072,0.443148161450727,0.899884285151213,0.908641809968358,0.909968661451065,0.906248800822186,0.90206914422047,0.816918742233405,0.804235593726832,0.89533409125791,0.877567703120652,0.880127854012224,0.879855944254323,0.876179285895953,0.876244931259573,0.87328469137065,0.879720181845326,0.877364877588276,0.865566463967484,0.958640582888907,0.943282233185909,0.925380015248058,0.914802247480831,0.915881266457288,1.04005290609933,1.05757885403444,1.07085946857092,1.0968404137256,1.30218516309601,1.2219685991827,1.21830134770694,1.19556961993093,1.1722833294406,1.16421634586034,1.05836489589102,1.0357524976447,1.01259643408162,0.982721648353866,0.984307541340032
"18",2.0201980268289,2.07470201273136,1.91166598672933,1.74957998134877,1.60948332099264,1.48916981454153,1.37833608708928,1.27467238743549,1.16703786189598,1.06619692478611,0.973672198206453,0.889790117865602,0.812776708923267,0.735535065838715,0.68561189449098,0.643188886561984,0.605233132085229,0.575662828787184,0.542682405824229,0.510909493117635,0.495145396880881,0.476846263664391,0.463582817364132,0.446068767031326,0.432213270026139,0.412846993657574,0.433650801555753,0.455641143993739,0.482177416617882,0.514880648049715,0.54368715459894,0.576379595895094,0.604007617462213,0.631855918586113,0.664938898992024,0.696766911930381,0.729850092251614,1.51633694264056,1.5301137388257,1.52169402423822,1.51801843439791,1.4823701522836,1.44626844897482,1.40284165318028,1.36636235427835,1.17399280104351,1.17710331708639,1.17355874303173,1.17157635059943,1.02024803559848,0.928679912998166,0.931764835201586,0.924709940077289,0.795446731247449,0.773492752184023,0.75893381308484,0.741139735668244,0.727977297830387,0.722792954852177,0.717111816756336,0.722203561191606,0.725483255586944,0.735310518429689,0.753518360790577,0.668559294840726,0.662488547916819,0.650849203348238,0.64641438314523,0.558062456173217,0.551900887518394,0.545891717775465,0.533254863307923,0.518932717658633,0.448252706462436
"19",0.837935214869356,0.952861580853228,1.06272549105462,1.16358170808317,1.27950414041876,1.40155954707751,1.52969288239952,1.54584329192492,1.58788944145026,1.63517489202792,1.66499902596608,1.7067427687819,1.80762554520926,1.57611522835089,1.3814113419503,1.19871788988701,1.04161731393732,0.899612910759814,0.779783028527984,0.570063321577899,0.41998295047951,0.312684924208104,0.240971099922672,0.183087937523706,0.138956291600692,0.13958330778028,0.140853962605776,0.143946331040179,0.149309485215107,0.154148763402815,0.160020652797591,0.17371094078852,0.188851172301195,0.205376455424456,0.212578107195212,0.221194789839577,0.228178986993054,0.735653879406827,0.744959453673266,0.756029933380114,0.748621532576614,0.757605041463073,0.752849632596613,0.748316848148701,0.835044928698529,0.815322765277974,0.806913817462468,0.803550888994261,0.89464918829175,0.972726402748114,0.965070818297191,1.10745853039914,1.10759170409637,1.24920278046049,1.2398457102715,1.225413175504,1.20422682620133,1.18502081431744,1.18285927614303,1.28139092614314,1.13126876606912,1.13667737403454,1.14840549048526,1.16421867508788,1.11607316188833,1.09004386884161,1.067797932575,1.06274143590536,0.911212318705025,0.893839768316488,0.77811294170156,0.770665581071792,0.758447373284367,0.657874215720155
"20",0.215668282922196,0.239385050013346,0.264202260486907,0.290883978287957,0.319962624619312,0.321715106810754,0.326200344514068,0.328645970933822,0.336767772644051,0.339841736863446,0.34384429045871,0.35556667811533,0.367736280516511,0.376365219883422,0.394492795523298,0.408139832481556,0.423607929207758,0.413021379398251,0.407691705156481,0.402936972383577,0.399572266774738,0.398819010367516,0.396824825172917,0.444597523257932,0.495159259419319,0.553211942620375,0.622692792433759,0.69755471580354,0.779756726911053,0.961563483028376,1.19908631939078,1.46624355142754,1.79481647331942,2.18848580051003,2.6256440364512,2.47512443913325,2.30638996833632,0.76220252455736,0.769351964025744,0.774075437584784,0.764713422005213,0.772819242806436,0.767162494028834,0.767909833580383,0.861663874847876,0.919147896395532,0.909251607720729,0.906886856307717,1.01121490359644,1.01253915906623,1.01008139385118,1.02008693941397,1.02028109745262,1.15481096794379,1.14980740722307,1.14285887250296,1.12493731725662,1.10913376515039,1.10584035832836,1.10065800185716,1.10348711623379,1.11054286911214,1.11900019399596,1.13862888809976,1.14309443409102,1.1310555742226,0.984166461567678,0.994716657129957,0.987461706200642,0.983654456331493,0.988163937521258,0.857379942977526,0.840324792107798,0.828159242966772
"21",5.48319864789373,2.08358385324651,1.00051267506246,0.582625040013006,0.359736896641814,0.232741961297613,0.15735278432315,0.110147410135455,0.0841755170484337,0.0713146605172956,0.0590326873096319,0.054685006992072,0.053403363928338,0.0572108984647508,0.0517612313828102,0.0426242425166516,0.0329915085755362,0.0241057718635918,0.0172551372425374,0.0124442656572914,0.00914404938313002,0.00881843783786859,0.00857386911216181,0.00857886454070173,0.00904488146360391,0.00912322004722697,0.00943839320773107,0.00848326401265137,0.00735538666947644,0.00648170350285685,0.00558645534181377,0.00471466695324289,0.00405710765178145,0.00413874329633637,0.00422489902225261,0.00423927864181757,0.00426926388316074,1.9745322276036,1.957496177308,1.88516950883905,1.95520811607266,1.40366389933081,1.34520729680074,1.24755379103316,1.21443270749494,1.10567395694781,1.00092978786432,1.00487858505243,1.05834428604555,1.05601990610752,0.922324178863057,0.918460070576134,0.910804667281297,0.773202757072872,0.715489736685013,0.614018764104408,0.601480024811733,0.600721496914102,0.603841970537054,0.608727493532714,0.629233000150628,0.643334249048592,0.616143139169531,0.659809782544298,0.614657581615473,0.501354445126743,0.499578929569329,0.427881307662878,0.346691156877464,0.351425105963549,0.275712784810065,0.238086927696339,0.213459163952143,0.187640435736154
"22",1.40822371578417,1.44842732617957,1.42045192457381,1.32865818596442,1.24376854403562,1.16573945155798,1.10143627084277,1.02634196002639,0.974994465456118,0.954602357349283,0.918685813907987,0.885425817205458,0.860589426032438,0.828997987319568,0.8123294750124,0.811864888842211,0.787010784126886,0.768614365231093,0.741789385976098,0.718706775002948,0.709321399342144,0.688098425430246,0.67292845311663,0.659233524050921,0.662586788921204,0.658338150338091,0.651572763353434,0.643813250407552,0.726774265395558,0.817290327574908,0.92083199945941,1.02868655817132,1.14393250783904,1.28489720305447,1.27394477207905,1.27918107713975,1.24630339445487,0.885699289822188,0.892356238529347,0.898418134950993,0.894706842128635,0.912071993242968,0.912641741180438,0.922158200537981,0.915628072313577,0.90690313037763,0.896326106570392,0.894310313076357,0.876229211467181,0.878077007653673,0.875465587266799,0.882941222403332,0.958327592558026,0.948176089957099,1.03075484452361,1.0216325458527,1.00333444554871,1.07380811434583,1.06740875454266,1.05939910863334,1.05711285088291,1.15076314874055,1.14993949827865,1.1585921644154,1.1495841783481,1.12736933154304,1.11076634536834,1.11376586886734,1.0942561544653,0.946545728424441,0.939062288952953,0.91610374913116,0.966132522598032,0.825494279854576
"23",0.485824267183299,0.530060943247599,0.574005808062934,0.612818131173043,0.655040290585604,0.701584845561106,0.754258857143904,0.838960923799911,0.941464516783073,1.05869325522051,1.19050608540239,1.35152899299861,1.51508131656845,1.46788007970391,1.41145153223185,1.36971851674868,1.29427637543239,1.23052228253224,1.18757295239933,1.09219000256284,0.998323565997232,0.922632250287125,0.860382183176444,0.801046225445447,0.751792126460298,0.775254524210671,0.812354196630958,0.842141712051654,0.873577855849997,0.904721299638145,0.975750522018634,0.964203122150398,0.944339553995958,0.927830660013097,0.904453572147153,0.862856787048553,0.823395034537265,1.01972519090959,0.939330590865407,0.945309341804446,0.942060334145208,0.95253504961261,0.950825099306866,0.956189690495844,0.948758332233633,1.07599452783028,1.06632956339685,1.22292115112339,1.20428696626673,1.27480474596604,1.28450796434137,1.19603874835573,1.20587991634062,1.10695176930751,1.2817034467779,1.28795675690623,1.28211277154812,1.02234384960845,1.02611918495521,1.02917444393835,1.03465794526282,1.04508290490082,0.83829924974948,0.850164144387555,0.853453595699285,0.852321624360373,0.746893347148491,0.680902413634386,0.674567899995347,0.581120943394098,0.580273981096771,0.576876919867507,0.455352818545452,0.456380108559105
"24",0.872717778928257,1.06327236940362,1.26516057628382,1.48077310496102,1.71390081848894,1.60077283491636,1.49148021674506,1.38645560156864,1.31840087889024,1.26170931593065,1.20137203175707,1.09206060663574,0.999050637378229,0.901213304898773,0.826264290816376,0.750111778227781,0.675973265427,0.634600775925742,0.598644863591687,0.565031784361059,0.53212172418835,0.503932982888411,0.478444525215181,0.488056744021834,0.50291944332066,0.519432701880587,0.538866018747478,0.553562074070919,0.570932088526709,0.628038786913002,0.701842106600478,0.773269453210919,0.855540505478213,0.943807917506947,1.02382506251953,1.21638887965201,1.42254178201968,0.647217264376656,0.654642901465397,0.757288328792794,0.857304345379771,0.868900784949695,0.987361424651982,0.987301226649703,0.970455512822246,0.950795294867823,0.941934528877803,1.07147474295548,1.04771808366478,1.04820202918003,1.04380231835815,1.05232524337229,1.05252230519495,1.04363680476695,1.04172558901495,1.03465702784848,1.02100799235451,1.00847158764682,1.00869455004458,1.0078235394529,1.0131200652434,1.01938105547781,1.02696001527331,1.04099580208136,1.0422146402879,1.02944926892486,1.02116819466306,1.03038101626632,1.01948627275588,1.01214873426466,1.01458457694195,0.999401135535552,0.976839655321509,0.958732276224242
"25",1.64850661824933,1.57951499901073,1.517310940161,1.39510515700755,1.28290922743816,1.18661667215502,1.09431379318052,1.0080800939562,0.928441642676435,0.890864761735095,0.849806042299948,0.814014967705637,0.774558632216379,0.745240655851555,0.714565954275212,0.69907990174407,0.687389763782403,0.6773656950277,0.664198752830193,0.665180447685405,0.665065819275373,0.689422569617171,0.720125621229559,0.749852664645661,0.779052922947424,0.799091149206593,0.823927014160718,0.871163964726128,0.918190499932244,0.970029315192036,1.02926506320721,1.09577504633312,1.16659977353388,1.10578309495851,1.04488833469418,0.988255935940022,0.939836262469476,1.41691186015964,1.41818311030718,1.52004885261363,1.34132406836211,1.25556932272338,1.20949312925329,1.13960257990193,0.975830863776511,0.959831643446735,0.982510538024125,0.987406472045684,1.02449071642808,1.02531863081746,1.03044234056715,1.03066208924302,1.0194608450215,0.988918524448274,0.913850498803931,0.782543467801917,0.759648318380601,0.750731791944128,0.743024151796334,0.737054258329386,0.748916854372829,0.753245433947596,0.77444477422708,0.816710681441235,0.860008865949761,0.874979068330036,0.861169345896795,0.827457989524542,0.838547302511125,0.844490999125498,0.81401338957192,0.802859444857926,0.905288981783103,0.961389766046654
"26",0.570729120161934,0.568725531529336,0.547304063572584,0.52081214225542,0.547285189466215,0.580974674616696,0.61635990294384,0.650419840851285,0.694674237903551,0.742066502039819,0.744809411875592,0.753400538270342,0.767380731239849,0.778440884166951,0.805882388919868,0.823237403845051,0.815082072916159,0.796808407009448,0.778917965439821,0.766312712311018,0.755179931810934,0.730149214321979,0.837382428722276,0.960882873437811,1.13170869186084,1.34015541101673,1.56877534799755,1.87775007764215,1.71403219207909,1.58697713804153,1.4786936269471,1.36093158488179,1.25387951401989,1.16223419256353,0.963889947868668,0.787474900837817,0.640506065028433,0.743001417345312,0.750085615612929,0.762105197460895,0.758392527277549,0.80747869771776,0.806655213019577,0.806318450837193,0.794905860719776,0.89463407321167,0.887424264071803,0.886053966159999,0.867447546529404,0.867227350487951,0.861966133683737,0.865769997898335,0.867742274121653,0.861560011980929,0.866770517075876,0.862532736010068,0.974853317192545,0.964908285368641,0.886186009602458,1.01321000609306,1.01802502561426,1.02652229275949,1.18252564209712,1.09758832562824,1.2547531616429,1.24258322018606,1.22611488969676,1.23015660494261,1.20828049887581,1.19148526621103,1.18946220883947,1.16783266349823,1.15018894768967,1.1319454025269
"27",2.43749086579519,2.43158844423345,2.34891584280458,1.97978271791116,1.68593088801527,1.42370950114828,1.21654064701474,1.02831056543232,0.906358891035222,0.787300933660888,0.683844320759634,0.600974131886598,0.522280720704352,0.458140921295124,0.404729043815062,0.39428592919625,0.384235348352267,0.376009584099436,0.362230005341825,0.350110262565334,0.340685661443057,0.364600677524079,0.393056840735459,0.425504920562602,0.458789988330314,0.508106072843745,0.562040957586254,0.552926244856991,0.546182986772308,0.545260362357402,0.534132704914098,0.516338473188064,0.499053015990637,0.453427177328923,0.407478145056567,0.369068414293939,0.328974284058074,1.2186777762146,1.14344171358917,1.16917413212719,1.17496046381858,1.19123853197578,1.19091023149651,1.18763506340257,1.17518094263355,1.16543566700326,1.03807914873216,1.05222575099366,1.05839170109368,0.987872074142368,0.875501242919216,0.898817718269716,0.916264537538058,0.928218895778994,1.01983838450352,1.03241288559803,1.03858747449574,1.05166853532673,1.04938303548101,1.04612020569682,1.05395227839304,0.857639724736959,0.865525156235009,0.884472918918192,0.890943637430695,0.772844324488079,0.833586724682222,0.835886178745182,0.825420497041284,0.820065018083716,0.713108457557046,0.699552711249733,0.682094698723528,0.671422376648896
"28",0.114001492969281,0.115022251655176,0.114472658083691,0.128424503520163,0.143620975471783,0.161821346112417,0.183203088474481,0.205735614028732,0.229379725002734,0.219039357914646,0.210003510890751,0.199760209670757,0.190938990219263,0.182421490123917,0.177392181428984,0.177626582689909,0.177036772818632,0.176726316345503,0.177143069528133,0.174128796097874,0.175761035881721,0.195712725099087,0.219077117358582,0.244720368364757,0.272353672553419,0.310366859444647,0.355594952983321,0.437738239220228,0.542408922698621,0.677035675497119,0.841009248507943,1.03762714960782,1.2603859180495,1.68726348034126,2.20972044577147,2.89015438916915,3.80872171137643,0.616023273948434,0.614331119041993,0.612323902888264,0.705787307414403,0.706683370314412,0.702321523475598,0.70334257270769,0.69909603409736,0.728944020712661,0.722921251615227,0.725030614977919,0.718568038651103,0.831836889661266,0.833410175614984,0.83705252399992,0.836253992903741,0.952129768965496,0.951354928428509,1.08978359923975,0.986747899582761,0.979945085933626,1.12187096784019,1.11974758273896,1.12068290389693,1.02769676069123,1.02455833626581,1.18108786939317,1.17628150159167,1.16292471975214,1.1568758143536,1.16363700053294,1.32353580322437,1.31558029229263,1.32334486723523,1.20495719150614,1.18860041399351,1.33497612445884
"29",0.305857930352391,0.344890033856247,0.409515519024446,0.480469809065119,0.545670561863842,0.631865945088112,0.726708926537614,0.826800153637539,0.87796458353438,0.923509099813503,0.994528120000346,1.09625012123802,1.24822193810476,1.46233969774982,1.50000588776822,1.54127837405075,1.54694996239018,1.51002418929796,1.46484449258651,1.399389945769,1.32928464324206,1.24504889664709,1.15749985854316,1.09682758035821,1.08933091315171,1.07062511099325,0.984372953032635,0.894517415891051,0.809432550339534,0.722684020451213,0.64622660600944,0.570320283134069,0.480734133007006,0.412538314236312,0.352091217134079,0.303099988423587,0.25860999420018,0.60453331737454,0.600050600406821,0.692379962816016,0.688168859412486,0.6250876198356,0.71771319546734,0.712921484948357,0.812725247370074,0.800632689627267,0.720486226964473,0.716268656225716,0.811073933309813,0.808592851040068,0.804206414840565,0.802122300080923,0.799590487904463,0.789941067340188,0.78818830563428,0.780840188300929,0.771356037192633,0.76298641748486,0.759426295512998,0.873997248783834,0.873854743027446,0.87756745263994,0.880192520948412,1.01585748317633,1.01427972025063,1.15005816491063,1.14502706225869,1.15164906169625,1.30844670719012,1.2993136060223,1.49187831532262,1.68353134050549,1.65701523351096,1.85060001165812
"30",2.50650970359752,2.36131588201352,2.1255783724016,1.84380504736769,1.57819430226772,1.36800846341954,1.21984199404654,1.08763822544871,0.993821950181915,0.913670278471781,0.841251323208331,0.772542579868021,0.747131291157465,0.718024867243189,0.690939681349178,0.658284328576454,0.625790757050637,0.582783740388927,0.554640785245021,0.531653256078284,0.514728603916679,0.494063710133368,0.47762653360048,0.46175254197525,0.461324550032512,0.464673211613621,0.455660993658536,0.449775111310253,0.443682643806867,0.447420194633407,0.39312891706052,0.346735243390472,0.303181709207096,0.270053831862237,0.236080758575975,0.206871561997996,0.183028483963825,0.881391641190569,0.882235091566822,0.88649836073513,0.883524657327884,0.812059674288761,0.809614194037327,0.810992123287498,0.804047369980274,0.797867385793287,0.791398076407739,0.792014556749654,0.789323184011017,0.79759185296521,0.803986166637342,0.813529124098586,0.821110777814042,0.823230673138697,0.832960586845352,0.965118493023466,0.966273339967834,1.11197041688722,1.12098756359923,1.29440870957887,1.30710514118639,1.32341040346432,1.33442257633276,1.24103481468084,1.24682392746689,1.24653766577781,1.24318309238654,1.14971331908797,1.14466448426792,0.91275369125408,0.919965289975878,0.842567468597881,0.844089358232857,0.743937345186688
"31",0.111318790977545,0.124492034116251,0.1368075121522,0.150295249517053,0.165205675500088,0.181789081672981,0.19996516169754,0.250185939336311,0.324112649847189,0.419662858183904,0.549586659212182,0.726547843297859,1.0066699112209,1.12754843040637,1.25180210572978,1.3891265958069,1.58924976825407,1.74623010780943,1.90003943533623,1.76674532475661,1.65917451128099,1.52218030864272,1.40335200967897,1.32751522041519,1.28533348493457,1.20794127629235,1.07050624610649,0.960740396408793,0.851035856459001,0.736048556914571,0.645944348791656,0.549677272928199,0.459358405880671,0.387973428699368,0.326503455337713,0.278548659384141,0.236337804227122,0.9517618801496,1.19713883628279,1.20740870655042,1.36122249981369,1.36943416470962,1.3517660524974,1.52296830814631,1.48405215937548,1.26314073883568,1.23890302329778,1.21721198823447,1.17975254143283,1.26573427821959,1.08336305163874,1.0758327202807,1.06355932295987,1.13566058022535,0.982105365450485,0.959387475809281,0.933313275177785,0.798978378582006,0.7898267974911,0.687147823063931,0.681670909080169,0.679161845282603,0.598312118111241,0.605692439994316,0.663346844364934,0.657602447041637,0.573704747249892,0.581350497719199,0.627025981515599,0.625978810857213,0.632906518751218,0.552923599668142,0.54869459975608,0.542934689821425
"32",0.545740055190783,0.65264363513915,0.775526131244686,0.891404196988113,1.02117368591883,1.16493721148008,1.19321579795318,1.22831135481355,1.25434607884658,1.28008766750751,1.30891213725167,1.35956643227866,1.35057133879706,1.33747870502304,1.32823911896026,1.30782221648573,1.27336305915232,1.21859759245662,1.11548350114554,1.02830649252837,0.943676200953005,0.885083339095798,0.826008465094647,0.782930016781557,0.767656807751675,0.738545274693945,0.73159096762595,0.716761232211346,0.698600377361553,0.678295832487902,0.688237710425359,0.694790530100519,0.68826725766875,0.680930865566316,0.669189002928344,0.655839924274027,0.636958881258006,1.2820699001245,1.27436501401687,1.39369674193435,1.38437713812092,1.37783321739003,1.36278839519548,1.1629257162542,1.26694963770164,1.25607182084184,1.24736363367384,1.2502676891028,1.07132850222552,1.07703045168209,1.08434356388821,1.0870480873404,1.08922725000252,0.925728649413328,0.920744965813031,0.917522966341824,0.912381229375353,0.817757283987818,0.814233662417183,0.813557372885994,0.813290162042661,0.81573877068321,0.731950863853458,0.733044016024744,0.620603051647474,0.619523873375499,0.61754783359695,0.608324591381195,0.613441384948057,0.612788590327648,0.61474704084176,0.621151629405074,0.626805188753645,0.640605813740038
"33",3.11672574043726,2.78746375044048,2.34203749636523,1.82003174040447,1.47049332779749,1.19189349174171,0.984290445412574,0.812504567191955,0.718254026915263,0.645585679671283,0.591892140743506,0.565811386651665,0.541070734879128,0.528810753320161,0.489146058532251,0.452289581912072,0.405898383269217,0.348604299895386,0.374256990640213,0.397922201596268,0.430452928843526,0.453202085917242,0.477528342387112,0.522781534595468,0.412161581979654,0.318000579496893,0.242895734244101,0.183523752443045,0.139025270667514,0.106491919954953,0.0804464060925495,0.0615154643794187,0.0483084049635102,0.0381828279833449,0.0305056948982706,0.0245533674181807,0.0211616148875777,0.953949828337768,0.961087951925878,0.96924411085001,0.883176269971241,0.894241013637998,0.892224315411107,0.89952433318612,0.893486240495397,0.882038257273206,0.80027867433342,0.802076166749063,0.789670037500019,0.794656893804175,0.798402511562339,0.806375936113429,0.808652465132682,0.805142487495907,0.809401617144264,0.927270519991249,0.9194750571957,0.911682758703443,0.910656653691196,0.909134163696045,1.04038566407634,1.04410137714238,1.04385011289303,1.05621815339862,1.20618871625161,1.19483244379717,1.19110437107297,1.20547238690987,1.20007594635316,1.19202337471257,1.19784250916612,1.1847377200238,1.16197497835099,1.1435469087438
"34",0.447915281448486,0.473796183172472,0.499322968386093,0.523464082762895,0.546212323093843,0.665588987261451,0.809974586255208,0.981274271531546,1.21047230053672,1.49947811367528,1.85548511128316,1.73613132310185,1.63531243219488,1.51809550671883,1.45259146409398,1.37439730908487,1.30330303092193,1.23135464618724,1.19134971882643,1.15600041404381,1.04130487228101,0.93279167895631,0.827229956434753,0.790081177963208,0.752703296320239,0.723980490487539,0.680714566485686,0.631322902448228,0.592642426247306,0.563774804889783,0.543538049933363,0.520455090334379,0.502447464184828,0.485370857308521,0.472893558946793,0.46131016390548,0.443614860874609,2.4053514525572,2.01649170376009,1.90897812890409,1.69725250783096,1.50861460960748,1.42193464837672,1.13414047615205,1.09316348588779,1.06945286385824,1.10142388131356,1.09907977175411,1.01135411290817,0.999760624112388,0.997788907577038,0.977600703724471,0.828535970419049,0.78773089653903,0.650699076248273,0.619925424503273,0.595129806308778,0.526937565263111,0.529489509387092,0.491654921252885,0.447766208770676,0.45795545369849,0.477882100188024,0.449077689038122,0.438729089959077,0.393334412190637,0.394263420207335,0.389083662907906,0.399298224777951,0.321954368533059,0.290083353814263,0.288266815853204,0.259809435754894,0.211753772809923
"35",0.409782232298426,0.416743427127151,0.415268576517511,0.412764901244591,0.413645652730237,0.411291350496107,0.412212643340288,0.419186063992786,0.436273922484334,0.442317981503204,0.459070606131896,0.467379334667582,0.496522515836564,0.512035716615031,0.538552544856437,0.562661265547229,0.591375383070722,0.625021558651411,0.711847008765466,0.810067131238195,0.951769008513298,1.09355082046092,1.26687512580219,1.49845426248738,1.51877368698433,1.52919443133503,1.52506826353923,1.50731656738486,1.49439301770755,1.46018313436536,1.43144565749999,1.37388439332587,1.3409969014639,1.28664405156627,1.21643662038578,1.15319102565537,1.01765602577274,0.764556237255022,0.770615810963195,0.776092042089484,0.768681818741948,0.84952048499836,0.844739157895761,0.850212782765195,0.835014208692469,0.890862327445741,0.875994958309871,0.947971014257352,0.924060493009907,1.00472667096013,0.997715386019359,1.00200575541383,0.996584025406413,0.985900784938609,1.07121534292311,1.06160185432665,1.04277553206135,1.11643362034268,1.10910186649162,0.966602835295578,1.04986018741517,1.04844164440768,1.05068677492752,1.06068560552283,1.05625086968167,1.04037340103963,1.02961734176036,1.03627151574495,1.02442981352477,1.10770755446143,1.10967889565557,1.09347187081075,1.06976215134297,1.04989347849145
"36",0.142164189795497,0.118639322769554,0.0985735092471578,0.117958759626915,0.139425284243387,0.165365375200629,0.193958453253913,0.227995331096044,0.272775755275928,0.304926242492267,0.341583550646381,0.380536386219618,0.428916797509398,0.471941227839605,0.5331929137967,0.553798585814175,0.58013198060994,0.616177694477646,0.64529209645286,0.679315396899931,0.714576840855168,0.774994264251131,0.850164240965974,0.921907400322715,1.00820085927861,1.11600591122289,1.22894706138719,1.33628044528844,1.41676345569072,1.49689432867441,1.58552302019827,1.64780445965692,1.72074207506601,1.74318563702247,1.74748294250894,1.75497136170605,1.71256807601578,0.701206933470775,0.701247887434522,0.692522748681318,0.743421028580127,0.829654733529578,0.803818630449355,0.781121777942379,0.758195804643094,0.800469153643037,0.797089953518161,0.79077088255592,0.783170911626372,0.849262733906175,0.843899333191552,0.844028184782875,0.95386631540147,0.92942902345879,0.962984827391644,0.938970176925173,1.03469917065572,1.01742119381583,1.00660567253093,1.08270424312211,1.09366763105622,1.09594078241781,1.11374692610676,1.15477916079772,1.30151521204715,1.30273026250098,1.27422748689184,1.23233577563397,1.23245962145792,1.22777433426935,1.18940890950529,1.01372688608412,0.98107737121293,0.997281609363149
"37",0.872090844484157,0.934175243967454,0.957369179394679,0.958151732489913,0.94663487092747,0.94021032471745,0.934564204389834,0.918910540656773,0.925096370535252,0.938845635170485,0.964366918074205,0.9961576292947,1.0574416971276,1.11984641934729,1.15787060832849,1.22427533316284,1.22916360947955,1.21612009876017,1.19708628932393,1.18359694668832,1.18005261011293,1.15632671974067,1.03196103419787,0.936511500808952,0.871844816705071,0.809556638856919,0.74567272080689,0.679335241256598,0.741618914821697,0.80084296369777,0.866339110283434,0.924422353339812,0.95505530322342,1.00583218420391,0.963442129355311,0.915867348526638,0.864448010195519,1.05341124155598,1.06086082521613,1.06830991045265,1.05940348690994,1.07003340734009,1.064260760545,1.06694536869499,1.0544940649877,1.03728932551019,1.02583202160062,1.02485130610587,1.00485376507741,1.00736572741088,1.00804215169364,0.931350188752749,0.934436472066408,0.929496810854948,0.934521943049305,0.933841553849721,0.92602095026287,0.91911152937458,0.9203471898057,0.921230625252955,0.924814139403527,0.930713946857194,0.933586401525957,0.943404476769935,0.943474722911389,0.935865254614124,0.934253798196257,0.944521094343573,1.07548050954887,0.983355866459314,0.993201694591,0.98949218909297,0.97949614326618,0.971320881424318
"38",0.668002909785007,0.707526256344182,0.723938834847759,0.73521834876502,0.742942698091909,0.772197486748311,0.805199199895665,0.831244825440584,0.869162677010624,0.904862567332235,0.944757850885233,0.829242532752351,0.727954947401048,0.632430248891889,0.554779995377978,0.483335475454031,0.421610945214248,0.490582704608611,0.578632070592459,0.686331625390082,0.826327832581407,0.999731441479383,1.228015782722,1.31738764716291,1.44372969392591,1.59096565260464,1.75135624835512,1.90734297390966,1.9974441173776,1.49348434292529,1.14349804414288,0.862593271231531,0.672520390047191,0.530333236726236,0.424086350259501,0.358138274126295,0.30140497351774,0.710218455696364,0.700649671857662,0.693026701529934,0.695678134016025,0.689192368652399,0.682856746429646,0.681099137966982,0.678720583647613,0.803081106514184,0.796601734916315,0.798405918808624,0.802285677832182,0.808901190381886,0.951419356991999,0.955284827032149,0.956688073615876,0.95043195070183,0.948823655890335,0.947163976293393,0.942913902488628,0.943432571511444,0.941464180151775,0.936667308926644,0.931252489463209,1.08234349319587,1.07366172122809,1.07454740666846,1.06913440440869,1.24094580033696,1.24493037201509,1.25288278098994,1.14664722740644,1.14909493890849,1.33762053273847,1.34108057981299,1.34105666717807,1.34648461450152
"39",2.20525549513098,2.18074582922536,2.02964716613695,1.83995907638001,1.66510212172243,1.49463304045545,1.35286698277391,1.23528987223375,1.14205673620798,1.07031692482426,1.00201377133531,0.982925522066034,0.911237532764285,0.84286783781767,0.774122228340914,0.703507288736574,0.646281503446567,0.579749451068889,0.536975940851471,0.498306281533309,0.466389289124688,0.434244662697427,0.406000546675502,0.38110009571387,0.38304837556655,0.386398010739547,0.388055617678126,0.387596714841507,0.387257391318691,0.39115163787772,0.357392701099103,0.322658981008648,0.2981939392974,0.271173102449824,0.246240373555045,0.221911398468999,0.219069843576698,0.797682586569254,0.792589606700299,0.795531775522023,0.79710162165167,0.798075480066352,0.795488671770541,0.791376900573689,0.867354852456824,0.863205202817092,0.857386801122962,0.857124646073825,0.937778392846754,0.938754679331705,0.936108052159729,0.934225462949631,0.934182301165221,1.01935402600527,1.01706561791733,1.00616847144817,0.994832188574129,0.986070218143805,0.981997985415601,0.981198762549822,0.97910355397594,0.982303543268632,0.984979294211868,0.98762117162915,1.13842617825571,1.13044686400795,1.12064474598627,1.11637340736976,1.10623649978214,1.19707867316293,1.19673309285141,1.18967781052766,1.18495460319221,1.18027062898289
"40",3.33282299888214,2.83572978290592,2.31576598470139,1.79957398281973,1.4422598952776,1.25740732040638,1.1066946838217,0.963699210555863,0.853116277229483,0.77108737641415,0.699047736668996,0.523868395559373,0.384989216477064,0.275290309756227,0.203641743122157,0.149887676836891,0.111141887742349,0.0941288358855788,0.0823245068450623,0.0729739323896916,0.0650227834458657,0.0581466147050725,0.0520821552194452,0.0506391628951031,0.0473665497308966,0.0443477511127132,0.0412845676785663,0.038527475355796,0.0355640871811468,0.0327193751525729,0.0314803997452673,0.0303443860910349,0.0293616721684167,0.0282520188382658,0.0272252033783382,0.0262047713017982,0.0255050169783995,1.44644482045,1.46644296061242,1.4780887597521,1.34278899915364,1.36058162668905,1.35226337226186,1.36093445627142,1.34542379634838,1.21722067304084,1.20688955221838,1.20888343813497,1.188102539194,1.20363424101584,1.11545274934397,0.99867405145337,1.00923607842254,1.01578237077242,1.03024253727178,0.945180754317733,0.820235374214,0.812897653702894,0.812010605496415,0.810050209093236,0.651843238788897,0.666243322416133,0.592962744659145,0.609035483028646,0.617022045482282,0.497930159225239,0.504704243807332,0.509990769522652,0.508012204905962,0.506270932128785,0.510089840254374,0.508302633950094,0.503702774568801,0.500180254925297
"41",1.67357375866374,1.99717966472568,2.32877146146315,2.63178873408535,2.09554583003011,1.65934324027785,1.35532395262489,1.1072462746418,0.933023107364344,0.794085107704811,0.706378437663522,0.637211351000263,0.582518329708009,0.521163212871498,0.473085236506524,0.418999267626756,0.373108334970555,0.330518351702902,0.295818628123559,0.266049770048317,0.237858490291859,0.216030917782258,0.259107257167739,0.313475513463097,0.376777355508225,0.464329670975569,0.579500139335986,0.72622778012455,0.611017141762175,0.516538982283443,0.441313446921488,0.377007924450032,0.32250413026031,0.280680729841264,0.260610879515219,0.246468329127589,0.228472837291615,0.656052188993562,0.690298044927444,0.692832942079192,0.789683263803385,0.796963906013285,0.831818234433831,0.837529207193482,0.830634897691147,0.940808213827807,0.928175073965291,0.848149113995158,0.952221050573873,0.954892681439547,0.955443315969332,0.962981317200758,1.00887337760437,1.00339477671628,1.00732253240284,1.149875358484,1.13747676354831,1.17772588243766,1.17622084959372,1.17397715475196,1.17565999337758,1.08092954730418,1.08061745842716,1.08951577570842,1.08382653970097,1.06949946094447,1.06188567804034,1.06981834353984,1.05998566482782,1.0515347519852,1.05289614563904,0.953906580263867,0.937196536091993,0.848501472620104
"42",0.604772475544458,0.825814658891259,1.06532740695601,1.32869260044824,1.34751359639649,1.35560203356509,1.27803434060361,1.19441902559637,1.18339525740822,1.19596072738413,1.09961482369088,1.06694326154884,1.10897422727707,1.19241628884629,1.22326204587724,1.25792365666459,1.25490726128224,1.23553988201882,1.19544174566815,1.13181854131376,1.08603646457563,1.01271561646704,0.933575735712184,0.887323609404343,0.89404293529514,0.876807488564638,0.860355008543327,0.810990829133754,0.715255328432336,0.613440815414699,0.514594821961669,0.430727011982226,0.363322144056803,0.312995915062944,0.291557494860189,0.270664157359655,0.248751249344944,1.54724115222289,1.56279742052894,1.56313277672937,1.56111602902023,1.52127428021134,1.48430990466014,1.44388201571177,1.4167999387478,1.39719233676691,1.4228900786734,1.25836155373361,1.27432290870749,1.11321157535704,1.11084519855435,0.977209105399592,0.975557160705678,0.772385137582259,0.755774332480612,0.744574068116038,0.644262938555118,0.636185776809568,0.56056910277441,0.560520051164854,0.56644259042583,0.503978594480286,0.513353261306372,0.526317515202825,0.48907601665131,0.486145219135908,0.422020027653189,0.42508340597059,0.421834970021182,0.420336035754299,0.368829786264565,0.414694420045639,0.40623714627487,0.402360902759182
"43",0.321458072426092,0.394163263554635,0.476313439211584,0.568916903666341,0.635797933723211,0.709186864667695,0.808123397024403,0.890855956235045,0.999272041841273,1.12461338179502,1.07136340978088,1.03358923300016,0.999751957667295,0.967778484220461,0.940702271755041,0.907109850389538,0.990769819818909,1.09155599709098,1.19061078375896,1.29462215656892,1.41791198609124,1.56937185647301,1.49281334238137,1.44568716396604,1.42319628055657,1.40066583440909,1.38115185274356,1.3390559736387,1.05279306667553,0.819426824199458,0.651033410716049,0.516213744385838,0.415742849878039,0.339745507093398,0.296643680702553,0.261342190697615,0.228564620242989,0.379764709821251,0.434792808929837,0.43577766244462,0.433535309360882,0.434843656100997,0.498265229630022,0.543005652046415,0.534010461552929,0.526138752869534,0.519326570783527,0.593452131998468,0.582815929531179,0.581686675950125,0.577465514601883,0.661190057365272,0.661057584198503,0.654947788509335,0.823655112835001,0.817326494748986,0.923996331013425,0.912869457371442,0.908490207381009,1.03331130285225,1.03055574935194,1.17783806336772,1.18141925875546,1.35321773909047,1.34571054797359,1.32433838772379,1.49432629957548,1.50227771058788,1.47835057359623,1.46018449244587,1.46076140025066,1.43734968453666,1.40790182044207,1.37874878270404
"44",0.362499812497138,0.375957174867846,0.37916331500875,0.382574080219416,0.382037084107451,0.385155383935334,0.387650104033877,0.389107266881133,0.390859198302196,0.397271172564374,0.404757879580337,0.410548956565894,0.418879080393678,0.415070595366888,0.429279656131519,0.442029532227408,0.455771050583179,0.466596350496041,0.479604727226029,0.497697822707513,0.522040030274522,0.593945481146048,0.671995229821749,0.770143777174421,0.876754642713617,1.03252164289779,1.21007120643962,1.33476623680402,1.44087020858217,1.54633521107999,1.6458117799419,1.72502681365903,1.77237087067101,1.78844589170919,1.78598187569089,1.76838774466235,1.73449988930127,0.991963975679139,0.993401140734186,0.998177027683801,0.995905265529889,1.00226230144605,1.14931839230773,1.15297718734234,1.14426315748975,1.03255325051356,1.02266296609903,1.02341231012256,1.01080572386951,1.01544811731513,0.930665981701028,0.933904987913744,0.934861897808413,0.92733117840893,0.928460766452768,0.925289153380845,0.917325738847656,0.910273744266271,0.907297587513149,0.906114903128117,0.905315010782107,0.82655175057218,0.825776588667575,0.829887864083057,0.910207098558515,1.03765902011643,1.03385152847433,1.03736867732003,1.03478231734784,1.03130086112746,1.03997842460294,1.03992699841766,1.0349352294047,1.03333605138319
"45",1.11783563385146,1.05063011718925,1.00164194097996,0.978419741443499,0.97179466175387,0.954290878286129,0.950003237932904,0.951750646270075,0.951338157457419,0.940118096578852,0.952100431148765,0.962310695849665,0.952594934236154,0.960690264895224,0.956946891313003,0.957745137839285,0.947434023652443,0.952997400183147,0.960197667179692,0.95592127948142,0.963311618476281,0.975116018152296,0.996703970529994,1.03074987943445,1.06715250936058,1.09960953617164,1.13790986478424,1.16080690131898,1.10888958656476,1.05519432896623,1.00584239287366,0.965927153892317,0.924641517864507,0.893298471427681,0.873774357072533,0.862353757975879,0.850535164570647,1.68222834389077,1.55247052259194,1.54284085164829,1.53455696943541,1.48839623992271,1.32725768375971,1.28920520501468,1.25610615055429,1.22592620288776,1.12766713732206,1.12366297037857,1.11922654379634,1.02155120042467,1.01791666491678,0.935836370776899,0.931693180567407,0.841293144430964,0.818930126814054,0.807452846611568,0.728318134440739,0.718779248516763,0.715795139635407,0.65566834397461,0.660823770264036,0.664033640095836,0.671743297643088,0.688374755635191,0.699960263100407,0.697021942261091,0.689692298441242,0.603166744331998,0.599730142619164,0.598280365306493,0.594493783631013,0.584377949663716,0.569348952415787,0.565779431713045
"46",0.103094550845706,0.0949481537090987,0.0864057505053714,0.0873776798059589,0.0882682753960982,0.0894945881632727,0.0911344334336211,0.0923107801529632,0.0939112068551288,0.100572024114733,0.1085324500849,0.116035958713797,0.124814487825129,0.132330360291555,0.143745055651671,0.169453435029594,0.201202681245553,0.242960208326088,0.2917805726431,0.35368455426284,0.434822238810313,0.443068399622793,0.449424770619331,0.461499768029161,0.481670791523803,0.503828982814831,0.526451915874543,0.647450351942119,0.804327412603882,0.998250531863016,1.22682054343634,1.49251913061628,1.77140778295536,2.0246152609191,2.35484122661121,2.62250775934006,2.91166251890097,0.836555106172899,0.840378940292648,0.827734450682103,0.837783470888591,0.808221266318015,0.788556366991413,0.762762907808717,0.750040771769622,0.742691237382804,0.75415928231981,0.757009498999664,0.776090922980023,0.778396836306357,0.78373954029326,0.788735306729015,0.77881665356137,0.758496291903426,0.772185207633794,0.751690896942669,0.828892107035278,0.822020654249142,0.815296740383305,0.809993399916946,0.936581172082015,0.943532188501474,0.967806608898446,1.02372317010086,1.08183278086032,1.27278034539594,1.24812742641831,1.18090186370914,1.20356397614413,1.4035308211623,1.34283785141503,1.47061419230987,1.45973143678619,1.61641062947915
"47",0.739220756889264,0.7553865976376,0.795706180204848,0.831719342828948,0.861199005815918,0.888265206889012,0.923582113066605,0.945547441595745,0.945443520480573,0.941683124019419,0.941789225416492,0.949310212596153,0.964538937199811,0.970791879939224,0.997826260978603,1.01011582348686,1.04501595089268,1.05437280150276,1.07210240889591,1.09982105721093,1.13895862082395,1.16909848964397,1.20593147084659,1.24583426416801,1.30671727638463,1.37297857712183,1.31363773157805,1.2425579563628,1.17203238003756,1.09923515068811,1.04034850488441,0.973778494413057,0.711830303310918,0.538943122967616,0.4068892501322,0.309319345759225,0.237616219481421,0.447358056931691,0.448402064554482,0.45037410703345,0.514426786816209,0.518259661602811,0.516331640749352,0.517905008467301,0.513575427897582,0.582624381740483,0.577846949422414,0.663038928405587,0.650587449925981,0.746164708726052,0.746958269600552,0.753726873166822,0.755679737924098,0.937941739245623,0.940374812814989,0.937843292129589,0.926250626568856,0.914928774633372,1.04081954457638,1.03706782197255,1.03966858133616,1.04338511304077,1.19177441052548,1.20419412579082,1.20071632702458,1.18413951232716,1.17511436894585,1.35140094537272,1.33862139685947,1.32900025279634,1.4525212494816,1.43158123990957,1.59003444755947,1.56203468665089
"48",0.118948117438068,0.137151044618659,0.151950998314263,0.163122460615186,0.174496422459254,0.185608844748151,0.19813015490094,0.212673422660992,0.223214689673613,0.233507589719686,0.249009977541282,0.262660136045823,0.282956169963797,0.309461649037211,0.393070570018042,0.509264404121012,0.669613175234027,0.875038634408167,1.16478067838733,1.55833963816407,1.57640063887434,1.59488023368607,1.57242858086937,1.62092200892309,1.85166571019607,1.99483108121542,1.90460960859006,1.65519457480247,1.41107360413261,1.19083815514539,0.968886984469631,0.787201704025238,0.621817933992836,0.521070312182392,0.434291205130516,0.364347122283499,0.3044778503854,0.718835046459429,0.706093507632684,0.783127314630856,0.782261905526589,0.771919189655726,0.761680548886044,0.746352984885102,0.819195141717608,0.808627542484456,0.799166127711607,0.881845165974564,0.874710702038565,0.870023690481397,0.957507266735159,0.948405028988879,0.944093502135563,0.927655157256933,0.917748147804304,0.903386522361712,0.891705526688512,0.883437899752799,0.975136772663693,0.974407849176292,0.971827248462002,1.07858258050687,1.08162856810008,1.19531389978188,1.20998159787564,1.21618472572998,1.22537769796684,1.23434624111878,1.24774803269781,1.2532071184283,1.26179428314702,1.09792846387151,1.10347359890308,1.11497697073163
"49",1.46719090458714,1.46261973006984,1.41401409588771,1.36454243144789,1.29803739648614,1.25863096729834,1.22705915043969,1.18814218955368,1.08768907513362,0.978170609857825,0.894960868449041,0.814911323423477,0.739559844184004,0.673714796788056,0.656260265869878,0.650458843377675,0.646215735139563,0.642696759455451,0.640868816699571,0.633434488265115,0.629591407420379,0.630179315188257,0.631940632256204,0.625870340157415,0.62757019237888,0.62714770604923,0.692119472842666,0.759871301435487,0.840025656904058,0.930792880932556,1.0298481378398,1.14755053508165,1.16918174190244,1.19087502447914,1.19180033127862,1.21003349774712,1.22912552455293,0.952384652803317,0.959794254813863,0.947446049929217,1.08928965864786,0.962079537837471,0.935573676711014,0.909198764331081,0.890683247461837,0.995409766307806,0.925415598351139,0.929130804071182,0.944599804784404,1.08736397384034,1.09734252326954,1.01368431855036,1.00778655108446,0.989924766594045,1.06779423823745,1.04897282321129,0.94659564965434,0.939897565756785,0.934286461916903,0.928969375112406,0.868510943097495,0.873790355323186,0.888591568623402,0.928870692452101,1.10361795577192,1.11505780962488,1.09629543199113,1.06226885539287,1.07044498191595,1.07339730675135,1.03829723203794,0.931670165333099,0.906328362950545,0.933293571812386
"50",1.23740996709109,1.30606058021728,1.32636420669326,1.32364656209964,1.07802098750366,0.885976143026534,0.739266395724707,0.612189885998335,0.513556460808794,0.429422289863745,0.478009823621538,0.528676096780631,0.589703719653073,0.655186369206133,0.736923212476399,0.824855072588069,0.966883265349432,1.122089281284,1.35254614837748,1.53623249868932,1.78040093277425,2.04240932292205,1.64980292782146,1.34876586738098,1.13148574849886,0.97999636039648,0.85355528384545,0.731090464097531,0.641365919529027,0.563114157289347,0.500065810030044,0.436941004220982,0.381540733031259,0.335064242847019,0.303905075217073,0.27508710044346,0.249281353470998,0.767151086583677,0.763120331044974,0.760291100102856,0.754922430559241,0.754173294301475,0.746707964597331,0.74460305097378,0.735912362540389,0.726868234160442,0.717545903684646,0.715394823880624,0.706388003821063,0.814138907036643,0.89342931348644,0.89798995806124,0.89864614006578,0.892347279832245,1.02853790066634,1.12463952048018,1.12751601694755,1.131724286347,1.14355724689105,1.15546702088497,1.17029152421849,1.18715827625388,1.1854654192921,1.19416107551247,1.19015356979983,1.17831282483314,1.17361084461527,1.18140978448283,1.18229327535755,1.03375215006421,1.04587858994025,1.04706746625482,1.04246048951814,1.0412946204913
"51",0.163712111391606,0.223574489748228,0.275691154283963,0.323828058419347,0.381281862079217,0.446657806066942,0.513754265056989,0.584545963255574,0.614236192419396,0.671715153531932,0.73122663721997,0.858257408430029,1.08382937353938,1.54821675178438,1.69028074239406,1.93029244083587,2.09297287801959,2.14629930270311,2.15333882362361,2.00389998627358,1.40295548776635,0.962318557350783,0.681405285934309,0.521435104149599,0.431927556044397,0.347769183530832,0.350610899038957,0.35313680821581,0.349601632642557,0.351323857807328,0.325319640071904,0.298944993706368,0.27221140251622,0.25066778109938,0.230156406416981,0.210817667696228,0.191819178544898,0.574822628392825,0.581447679910029,0.669021012655537,0.604802687617076,0.69721144824585,0.689861029226994,0.78439902034548,0.768786993923371,0.751284542403302,0.845386214955044,0.840536690471205,0.82047179111481,0.818833378395022,0.813254721317638,0.932889350680104,0.930012968204313,0.919536285726939,0.913134442928822,1.11809997454713,1.09638665935866,1.08737945962264,1.09162098112271,1.09479794788728,1.25857027131063,1.27235087973425,1.29197510354262,1.30903421983398,1.30820922706808,1.12422267322865,1.20418788323922,1.198633349302,1.17707874134139,1.15973150058028,1.00667252255477,0.981595447803007,0.950335159439401,0.928157707554391
"52",0.295821283895905,0.316486048207297,0.32662191840234,0.351670065104657,0.38448708077334,0.411817039771535,0.427318869040843,0.43868084610169,0.4577602015964,0.496890817922219,0.530911201847601,0.570880673847375,0.626118298808897,0.691819416922645,0.782173570503772,0.815483693231759,0.837320472109352,0.848535505049748,0.888028566683567,0.931354511501666,0.985826435690926,0.981128226855488,0.967322634355498,0.976415279265995,1.06965934333522,1.17611418188791,1.29306800882942,1.38496417923046,1.48100185984113,1.58362165978231,1.60006864530469,1.62929733877611,1.60257998708533,1.44334625457037,1.29712098624454,1.16100681537022,1.03031653677977,0.483917356995261,0.477636249210856,0.473348995716708,0.472121158607819,0.604262184975558,0.597715284070005,0.698252043134593,0.697004597101876,0.805673017910541,0.880140949388563,0.88546650274949,0.882383124635969,0.89290173984665,1.03527090168936,1.14927575499737,1.15893171644987,1.1638218599693,1.17959611126686,1.18044185885979,1.17171778124799,1.16498493031451,1.16329662148305,1.1622081695189,1.16254302008583,1.14981502345816,1.13173821757591,1.12331639351745,1.10331194608585,1.0785904319742,1.0591816042982,1.05419514229128,1.13549044283659,1.11763176062317,1.11303098373051,0.960928421240355,0.946291783035274,0.935862369279229
"53",0.0276397646542823,0.0241612618790401,0.0204541312119107,0.0170870788884395,0.0143221726073608,0.0119996877713323,0.0164531611810704,0.022569812153527,0.0312958831043052,0.0438340099968283,0.0608498173829169,0.0884499070663312,0.127606993856666,0.195932304322428,0.310388165697869,0.519617408562435,0.947110338494456,1.79072814421456,1.97934237268895,2.07254540872123,2.20202017670215,2.16518188975885,2.10717717164183,2.26633164429516,1.55641953145101,0.984400463218741,0.636728519867545,0.409946156507225,0.26637480074529,0.187945467476365,0.149412522705082,0.117039282147692,0.0942908582080559,0.0768167445184607,0.0632544549175086,0.0531066863221138,0.0465193510671546,0.877506146547826,0.89331243157479,1.02859829357419,1.17569078858714,1.16488266750007,1.19800569215107,1.34099444999164,1.31640004746068,1.47046030416888,1.6905096585598,1.5602886616369,1.80392028477424,1.5846604114649,1.59822383008829,1.4150916966359,1.13275513660043,1.12191382907567,0.963466651117613,0.844919450613004,0.834767047199795,0.731572382229336,0.64677783419877,0.647917464810888,0.580163974705783,0.517167466361099,0.461000361088111,0.415814571537319,0.367998825263745,0.366371449774776,0.315806700240868,0.277301242349398,0.219521362738568,0.216560052307343,0.189614977825282,0.163646731773588,0.15911021827367,0.136678429768382
"54",0.0421894903971153,0.0459222495403805,0.0509946402589773,0.0488735208713994,0.046933410507634,0.0438374651523308,0.0413296279551935,0.0390312229977125,0.0364808054190871,0.0405026817766882,0.04465532282931,0.050912243835455,0.0580874967821758,0.0655508724978653,0.0737852317558979,0.0953834813868241,0.123296010652592,0.158858189341988,0.206801677277364,0.272453655196696,0.364279788830228,0.43898686316917,0.533528730556965,0.650925830647412,0.812909527910344,1.02635493330638,1.31982701130241,1.44775568325068,1.58532337279612,1.72590302837654,1.87362309194519,1.99354885993278,2.09035576143139,1.93172351186297,1.7803106381626,1.64385146168835,1.50367489273141,0.564037839424312,0.555592613772032,0.549810884120234,0.555723504921812,0.543988721205215,0.544561750643335,0.542107095280441,0.674926593784318,0.68233864949771,0.688607766314922,0.69947429388345,0.843622360536121,0.846481334389851,0.852059558223879,0.850468280244817,0.849808500143774,0.995116788263121,0.988196364636209,0.985315966204274,0.981140284133559,0.982973049139895,0.982440149109053,0.985843037260091,0.988594199060217,0.994603132049354,0.995149580708557,1.00325146121584,1.1852142404687,1.18577515512128,1.18825510051276,1.18450879698352,1.19598225106679,1.38957585837771,1.40038142572615,1.41018679897025,1.41387485674583,1.63970447140798
"55",0.21979987723555,0.263310227010673,0.313929132542892,0.374142542750647,0.446184751867337,0.503702493244363,0.56156642538047,0.622821782073843,0.700945040466956,0.786464191873985,0.880255042560487,0.955468551005144,1.05444153456778,1.16337059814471,1.3062920772225,1.46323493236558,1.65298271335215,1.6146902850985,1.58543810027366,1.57035650532775,1.55521916309744,1.52993979635031,1.51447937643137,1.29398424781178,1.13111646875339,0.99514435048141,0.867983113474,0.75283680596725,0.657239756739328,0.637489229944198,0.599240434684113,0.57043860090357,0.544322923819505,0.51826440452753,0.490414092390658,0.46119127714659,0.447105435999444,0.393042114679017,0.531664204249085,0.530789707895745,0.539233296035887,0.528982384254228,0.524600441246827,0.659176786107776,0.65652474714142,0.659940091535229,0.662714707389611,0.66644337675225,0.831524753878823,0.836341687250242,0.841572786036999,0.83896289949823,0.842971076523884,1.00453040056592,1.00017823713488,0.994213679562292,0.992262431135413,1.18537993832146,1.18955810430463,1.20045228225414,1.2087508385664,1.22116594357275,1.23190224353924,1.24466128753534,1.25772105511446,1.265685461039,1.27130723381296,1.14815699902873,1.17106311347241,1.18272296256779,1.20170882293082,1.2284624322253,1.13250723960431,1.1619597602291
"56",0.367895927899349,0.364141271334437,0.36055043405024,0.35680524327314,0.351274506194292,0.348855130422542,0.34042033577838,0.366986756227426,0.39670026028735,0.428099192951279,0.462478960543889,0.48889668279731,0.516250281462701,0.4796514590352,0.452495191207744,0.424453697455493,0.394599802112888,0.370586402574792,0.34944362238985,0.363151821987203,0.372262873666726,0.387827805581728,0.404860664622641,0.422707466199927,0.446279771184037,0.510660166921321,0.589020403993528,0.676323367476377,0.78380188944404,0.907012102306891,1.05528857972826,1.26011363035135,1.5262708238832,1.85134964528172,2.21299413571083,2.64143113277666,3.01514467223922,0.406481942554349,0.410455978095502,0.413010789464736,0.406602154598864,0.466413966993373,0.459934747893606,0.419625542738487,0.410913269162978,0.40094167366332,0.451833260202658,0.449799934987342,0.402924205065149,0.404189760978073,0.46141876970794,0.467349722481053,0.535534457029186,0.488381355919158,0.554223350021015,0.552834601717001,0.621240638918079,0.567121507833726,0.569885320820968,0.64940882404564,0.658779161003681,0.7541080147558,0.869320259358747,1.01889063043278,1.03778071415284,1.18393460386104,1.34082067928472,1.51874830371793,1.59704659320799,1.60230246879373,1.80549924294976,2.04097068673143,1.99671401401781,2.17488876353457
"57",0.395704468135098,0.392230862804521,0.380996968313337,0.37132976774366,0.361481245026695,0.352645116739648,0.407295124794182,0.460957426387307,0.526258393807632,0.598858563115979,0.681043937327287,0.785342154117999,0.806907375141744,0.826003189422513,0.856520444703328,0.883555531610638,0.923251490572961,0.948593356656522,0.983320741566659,1.03040771292535,1.08566815783774,1.13776547070108,1.19936824454684,1.27079632713604,1.29047413272597,1.31393772478253,1.33455868387729,1.36883398256719,1.38656837636537,1.38286245691224,1.32804650374041,1.26639711365839,1.22588548432025,1.18912136592055,1.13856779737804,1.09448743754014,1.11441039460204,0.1945808367175,0.225721288926893,0.222089381644842,0.223687753481966,0.211699766289569,0.233216672018545,0.239482788370746,0.23241774511577,0.227999595304826,0.233143921475474,0.266775765676075,0.305200382079361,0.304727801711148,0.353258629341675,0.351405271333979,0.397744614460822,0.418013861863084,0.423025594154931,0.40524716870545,0.445343983873339,0.506840454243677,0.501868215835013,0.567778849030896,0.66982736457446,0.681817463690609,0.719077336778374,0.912216786081173,1.1497902979888,1.45997599911231,1.43864929670405,1.43965521829691,1.57888235942526,1.84281862416715,1.63757176743445,1.67913323365608,2.03527450619692,2.80943753522584
"58",1.38380691737623,1.37652866538164,1.31392651483807,1.2282551927219,1.1501645833318,1.07630562604752,1.00499820916908,1.05117862154881,1.09516301192064,1.13954558143682,1.18656402295421,1.26367856534331,1.33877227364345,1.23051331495778,1.13246728870642,1.03606942828677,0.958545752279219,0.866292725283747,0.78705015871683,0.748973392823158,0.714944535846276,0.693416728959391,0.662792728266852,0.635446070808772,0.615269326727291,0.648616109252584,0.670507886856945,0.694793730624143,0.716824444418924,0.733811161153063,0.775690277590095,0.813294164509216,0.856608163019721,0.911586297497129,0.946319445097209,0.991573589182917,1.00919751599507,0.319092840498499,0.368130419558949,0.369702021061758,0.369124540246565,0.369044923434593,0.366446942632087,0.421728037418605,0.457227095132133,0.521298412355584,0.515003060863412,0.512418946909529,0.634578056180921,0.634052764161678,0.723170537759106,0.724330920785207,0.830534436071921,0.900385179319811,1.03525112152944,1.0290418421797,1.01279853469192,0.997660723871704,1.08407154953011,1.07994058997946,1.07747981972807,1.07885887726932,1.18100957253995,1.18647233735123,1.17987769037709,1.16192603365033,1.15087748269176,1.26253162608912,1.24802850864519,1.40943594327858,1.54118936101464,1.52039137650706,1.62215678721194,1.59257605436437
"59",0.359473477391707,0.353803145114278,0.395792533516158,0.434535944598265,0.481658898755297,0.535158064279935,0.594159760377098,0.651593441334452,0.699078742738725,0.761515831636301,0.841987396931903,0.939744833542065,1.07760859083776,1.26383805208538,1.35945725189958,1.46375871794883,1.56910446232367,1.65869153833023,1.70017602015938,1.77276457884287,1.62003553064862,1.46432139036385,1.32569302875338,1.2293850742989,1.18152580009901,1.12571954431323,0.936880540434959,0.771079794329041,0.636195297042648,0.513196546418576,0.427721172458965,0.355081034826231,0.308944690531048,0.269907838056498,0.234740054183131,0.204640660996069,0.178884635326795,0.975040209520428,0.988470204232588,1.00051007309983,0.993729366798206,1.00632431036631,1.00010620039974,1.00522788025777,0.993687048321997,0.897928084044278,0.889298180956804,0.888463695095736,0.992595787953809,0.996193365620853,0.997162785710336,1.00836681348795,1.01078254496232,1.14741241221084,1.15007388038856,1.05301377681052,1.0399488449607,1.02840337382049,1.02710728141141,1.0246960711819,1.02723363441342,1.03062623961181,1.03238782312295,1.04163120993881,1.03737869165996,1.02166214149618,0.928277508760538,0.934609189432165,0.924326001984651,0.915414282223195,0.918067143501775,0.906219818212726,0.782180303836017,0.769554607733939
"60",0.123547242222329,0.15454193091093,0.191796136808849,0.236733172707672,0.292575417543345,0.362884576275038,0.452401601055862,0.555742165786881,0.60749330351971,0.667009774470252,0.730758577361371,0.807928634825621,0.915192878025389,1.04545004639957,1.16402059015107,1.29557511504026,1.44435744639654,1.58458611862402,1.73412597158113,1.94338131835571,1.76417978752076,1.59068992336764,1.42962564063554,1.32335494877046,1.29035491875888,1.21187028159403,1.05556687656887,0.906916537346234,0.784314107966599,0.67123939679958,0.574785241436513,0.492937078226564,0.438279834967624,0.391576398177489,0.347918994139071,0.315969783359192,0.279353892977354,0.597238320218917,0.593595681425648,0.595680630468232,0.593757447433235,0.687315062455076,0.681457780114235,0.674048498295153,0.66265654379608,0.755278446507299,0.745935444560129,0.74095734401191,0.729193625738821,0.727019206895455,0.83077225202879,0.827773115418627,0.826878221889084,0.816437133432287,0.939610762959764,0.929676560957237,1.00526637487766,0.992464087539523,0.989280662843431,1.13403303299244,1.13278590562641,1.24309969282759,1.24986322022271,1.25389236920369,1.24981947705484,1.23434427669588,1.22595177891566,1.23187997206984,1.22091203596151,1.20896833719738,1.215181676732,1.20582067054856,1.29871402072152,1.28275112573496
"61",0.122515651867146,0.185847623850736,0.278650898109892,0.418746238416641,0.637852909531149,0.980915708804554,1.01695669662993,1.03562224962049,1.08684183655042,1.14966147669484,1.20871157197965,1.30391796758174,1.21714941374287,1.13697810833757,1.0626276576381,0.991568268847915,0.915461712849924,0.827899679691275,0.714782353517374,0.62024123280383,0.547270322371777,0.482545313414173,0.41934477902713,0.374785161527433,0.400826116811898,0.430488831026353,0.449505328130114,0.466090253337491,0.485576175117698,0.498571833710811,0.653000836919774,0.846006704714409,1.07570898005752,1.36768630967018,1.71595916186344,2.12926265657469,2.34637302465933,0.56185295734262,0.645732471575475,0.653875471484835,0.739322953101624,0.748511521805776,0.84785123563561,0.846970061237345,0.833085290040811,0.817579327597012,0.924544159786445,0.924448231075171,0.90642367253364,0.9097865210243,1.03795367902103,1.04586381197317,1.04404165397528,1.03346206775567,1.02797866707286,1.01907364175716,1.00137492716753,0.983988513550055,0.978783323444001,0.894398160129827,0.894855297753636,1.01868243429558,1.02338585761922,1.04224173482277,1.04850887855397,1.18639555694931,1.17733969030083,1.18656074129215,1.1777617905264,1.17681270228741,1.18234251322201,1.16931243032367,1.14751203049007,1.13800566564633
"62",0.0696799167383427,0.0672918440715226,0.063416069568268,0.060589800028759,0.0581483145356808,0.0557785072191889,0.052950644140189,0.0866232402326886,0.142110170718555,0.234286178418489,0.395812729000691,0.672108553624879,1.24294515771738,1.46167572136171,1.72025970826185,1.96933006793436,2.20544253842023,2.47045958447784,2.76387786322035,1.76399940481045,1.17488541732396,0.826235250525718,0.59437025192101,0.441922163983483,0.332979127321157,0.290316721632778,0.251655796005173,0.211789282390665,0.182069787993781,0.155650760159122,0.136037997906398,0.122250396800878,0.109340041277351,0.0976223110474595,0.0870171900595793,0.0781438040080246,0.069915986321747,0.337451876525342,0.341523975610015,0.359121911708998,0.355016687631148,0.404525828459358,0.397384416619043,0.360809712734388,0.401890974397802,0.446902001683569,0.44620257567567,0.507984299296477,0.529182117281605,0.529910042491352,0.606813807077978,0.700551304172394,0.702430946155243,0.729106565708374,0.802780869826795,0.794863562777982,0.888874325915952,0.889466745343127,1.00390763374452,1.00043108433304,1.15648523809689,1.16693617049924,1.1947150126719,1.43474571145263,1.38395718346889,1.40993321774066,1.39141765682896,1.53999997467259,1.56954293351041,1.44674954709684,1.40537379286518,1.39694741803582,1.37848087544175,1.46768140784989
"63",0.0967093401585843,0.113692029846271,0.132577573538721,0.155592247915138,0.181813774621944,0.215971536355164,0.257210077237123,0.305740901911751,0.365946566622186,0.437792352029631,0.526058712577257,0.640001834899245,0.796779343427299,1.00228704819669,1.29856961052834,1.71298266290444,2.29696424884003,2.11512329896017,1.95379617672962,1.79751620943444,1.66772781167518,1.52146319625344,1.39924280469914,1.13931324569368,0.932236376979489,0.760767736080894,0.621497355585985,0.507430997820809,0.42108514514749,0.399271350040628,0.391342912339893,0.37974982392738,0.366531725499945,0.355181832079347,0.334533792327717,0.30931888804309,0.283969031939767,0.364247252258791,0.361643879069406,0.419201777873107,0.417278121548634,0.481938651203374,0.47724396691006,0.547835768353876,0.622045689821545,0.61234170315077,0.693932636560277,0.792324410765828,0.775847504916592,0.775515877393306,0.884410748376577,0.887771215922152,1.01546535110034,1.0071122357849,1.01165696007054,1.00730268502215,1.13787218195759,1.12538495128802,1.12443372686121,1.12362438337717,1.22989364615885,1.23633158434542,1.24208149507373,1.25250983720614,1.24933655371639,1.34562738744693,1.22731611985332,1.23980853976515,1.23053553613914,1.22291245304384,1.23200051838475,1.12108640932793,1.11241695418627,1.10471555402094
"64",0.0523748225698241,0.07307319476847,0.102387403727286,0.127998918538561,0.159906948896563,0.200915559181011,0.255304328267836,0.321884752990652,0.410953919987743,0.451093818730589,0.498664758826112,0.549327921306556,0.616572499319389,0.678840399384707,0.775666289664576,0.854303920577846,0.944838957332357,1.03853058127624,1.1500353837836,1.28194254379479,1.43892005314921,1.45622966566202,1.47005783139611,1.50846410099073,1.57127182431706,1.63514565293667,1.71465746427207,1.55255598434677,1.39356842353391,1.24800909691785,1.1239930728818,1.00655471771625,0.905063050938085,0.817379549043772,0.734030252483019,0.656307673803644,0.586732495416452,2.1278449731671,1.80946540239059,1.73789636960537,1.78136722784928,1.61313426183454,1.33873887163976,1.24424628414907,1.20883470728852,1.19052558732998,1.07591876417507,1.08214265273064,0.989405914041672,1.08446830971716,1.09716164173403,0.950985442283209,0.936433395362548,0.903741352963383,0.727729509714546,0.70551438548739,0.68507492287256,0.680273544041887,0.5954135784181,0.59221179185562,0.531987774429124,0.535639215268939,0.547705686288188,0.502981206797332,0.455965875184977,0.457438228870485,0.390807975486982,0.333260984511589,0.332615407247803,0.288921039939462,0.283073396867844,0.242018859096174,0.234379525150831,0.204135383279301
"65",0.141365241389014,0.117176184080652,0.0966990185888962,0.113652697033389,0.133754291252557,0.159236020319435,0.189462614061462,0.228412643577966,0.273690664941498,0.305074010291489,0.334431635542769,0.371486102508562,0.414433738291625,0.458121325287714,0.517579049778321,0.559016375900159,0.605667453888446,0.653394044555856,0.71096136251362,0.774075629367071,0.85318652416118,0.921028748184098,0.989537943237013,1.06970283540146,1.17162330722947,1.29162441516081,1.42619311253814,1.48812323250615,1.55039369260483,1.61307801198195,1.66832946826491,1.7025471839735,1.73541067538509,1.59284491145831,1.45603838462086,1.32470128691302,1.19742447436911,0.446982461567914,0.443296617986244,0.441983921279438,0.508645384261733,0.50511034765214,0.576907525665607,0.570930539031507,0.617013725235212,0.698775914154412,0.690767636551068,0.628296861469423,0.619155121978396,0.71290667519301,0.713380410772198,0.715866323346675,0.715927672645869,0.814542726340475,0.815606895387196,0.93188185544768,0.921087639926158,0.911396487687424,1.04674299872148,1.04957894406289,1.0546992946121,1.06268755903964,1.06793130168095,1.23307224157754,1.23253094673548,1.22041528296408,1.21665745328651,1.40305463078841,1.39580723402213,1.38884701745168,1.40299768691899,1.39441551978614,1.56530265992638,1.5478042965327
"66",2.25590990777358,2.25449301214027,2.09857413689501,1.91861923705067,1.7490573403409,1.60322356912228,1.4114772566699,1.24261286797043,1.12280837784487,1.01859305597169,0.923958807769556,0.837900023380287,0.778892660688971,0.716215068585012,0.660400747457159,0.606081806288021,0.55474227867273,0.500540242958319,0.472078812822162,0.447852619294524,0.42679513275769,0.406486637694159,0.385876846183792,0.369346812306014,0.353208055961342,0.338750568953926,0.323270936339703,0.307110659206703,0.291598990664349,0.273967506668846,0.279760993979496,0.284682754729467,0.289134583191582,0.29035123044977,0.290709051981823,0.288814720846652,0.303410900343243,1.48571584040409,1.63174687771442,1.64585382974773,1.62493088130491,1.63474106657732,1.41396869594178,1.40619913778661,1.38103684061889,1.17969244342084,1.16458052542304,1.01127723397845,0.989991168511876,0.988771960630171,0.986433214914841,0.860804740576254,0.861150251958461,0.851202808376688,0.850899668307656,0.844396803351988,0.723739624475852,0.716584499095973,0.714905109677133,0.714814088310086,0.715243349112527,0.622108152082577,0.624283384641941,0.626029971244221,0.627150370939049,0.622943665345686,0.538829520820723,0.537584819002017,0.539613629294521,0.537041975745686,0.542648125015595,0.54594541388352,0.548075678366678,0.553283798841861
"67",0.187906561425181,0.207307761833743,0.21742789705824,0.220859434548328,0.223780099410985,0.226034574943381,0.229117843326597,0.230705545765806,0.238707190428852,0.250470336654819,0.261310010632361,0.281554545806187,0.307667875827596,0.344429728456887,0.378511425289458,0.41637653662837,0.456351645560614,0.486506888071313,0.526914386017705,0.565916129476587,0.612177237290385,0.644397779284755,0.657219155991479,0.72030586984614,0.824969055028952,0.922363837561153,1.02759798521716,1.1433409013841,1.25943265678007,1.3561084112706,1.49951529908764,1.66157396925335,1.74048843076484,1.81980946324886,1.93641725025874,2.04747902606872,2.32936825657623,0.504833540099555,0.513434013490136,0.522047922059832,0.518088138015627,0.600206818216838,0.596738304899569,0.597103644604827,0.670167186416278,0.658715929190759,0.747688667112267,0.749480618745166,0.73872018303642,0.844363223267294,0.843299773863062,0.852439820069651,0.852927069882883,0.96521146268627,0.954926765451617,0.941782103085315,0.920864828420249,0.904646945388435,1.02027601997561,0.931943190013969,0.934617331312123,1.06279002901106,1.07030108991614,1.08908399744274,1.25032015913002,1.23320842760308,1.38406547889143,1.3646138743425,1.34427698749452,1.32666854379586,1.36314812956912,1.32640656425305,1.28131583380336,1.4527941296687
"68",0.464859490923435,0.42092129342521,0.372220311011377,0.37067060284027,0.37414339004142,0.372706714292403,0.370808095376839,0.368506254171795,0.369083554642101,0.46297834293077,0.580706650964685,0.719827665106389,0.921127624754797,1.18898586506413,1.59611129007929,1.58162853941719,1.52290289894233,1.49562201223248,1.47358784852594,1.45608183616545,1.44757728398619,1.39637488119076,1.34882324832157,1.29956062990216,1.27058624504473,1.24369142494473,1.19109778203523,1.06984309735629,0.960172598539188,0.854853988966282,0.770210108771206,0.701333559698532,0.630354432790303,0.573368206659813,0.521390745221487,0.470655231072496,0.422366753981938,0.881239248048668,0.882222462624348,0.888561353862143,0.884399573255427,0.973763072202399,0.840041169714206,0.835849705931051,0.825043399548707,0.814473748408159,0.806271320728231,0.926514897032569,0.832516106070339,0.833477797943996,0.956535188237286,0.959674345786228,0.962040633983978,1.0013122148969,1.00299874038605,0.996023249721198,0.984413233614678,1.11821241076021,1.11661148790808,1.11636705562986,1.12092204183971,1.1292855627764,1.13643803000843,1.04608662188608,1.04620928275652,1.03821940289431,1.03637083492598,1.04410453100468,1.13776589982785,1.13223536331896,0.999542852229794,0.998429039432159,0.995449826294453,0.994116931435668
"69",0.0662596826934367,0.0984762057205444,0.147355133156224,0.220775200691414,0.332716562311149,0.506889143840273,0.585185044258944,0.68092270357303,0.816576451075301,0.99509537931201,1.21766092716661,1.56291768980811,1.63805046136371,1.79449339085046,1.84023087027379,1.92337628688547,1.9391511039526,1.88101365463009,1.56794283343357,1.32325568844182,1.13467486469651,0.967600122236569,0.82218981600828,0.715446834799686,0.615619967247,0.523077476132588,0.443524869704586,0.372776376757107,0.312251653391528,0.256448277144357,0.1976634002198,0.153177548640402,0.120486077803459,0.0959043573559906,0.0769445192072244,0.0621855151097584,0.0539861343409444,1.03562094464247,1.02524422969034,1.19320309370145,1.18978810119088,1.18117823733934,1.16877017620304,1.04317751246599,1.03085057728038,1.02045867371913,1.01128549193187,1.0090230111471,1.00397707869763,1.00603672263842,1.00997104730351,1.00881348633731,1.01008485909865,0.999011739580975,0.995423052279312,0.890023554238723,1.04026829214674,1.03935577431053,1.04003086314842,1.04537820940649,1.05318225010681,1.06414199436842,1.07218140916114,1.08370517111997,1.09277844047617,0.94024650611879,0.851639779025644,0.849189704064813,0.731252903063879,0.733977292105199,0.740617377441027,0.635370695705153,0.646199142191647,0.559737314843724
"70",0.0843252124415802,0.0934444908292857,0.099393112493127,0.10495898617703,0.109735770112993,0.11567585046505,0.119561818963321,0.12710623382229,0.145617525224122,0.164668204023446,0.189040148040488,0.215602795445674,0.253266146540135,0.307127242861647,0.356604477398819,0.414707755897756,0.494458444297137,0.570281428097081,0.657209879294058,0.762666593661358,0.832859078784673,0.891007966913405,0.950555022552308,1.07216337281369,1.2619575527409,1.49367096458482,1.59053039951909,1.68228746505568,1.76025081181721,1.79284896338268,1.66792474010767,1.58657905776192,1.49721035477545,1.43366447108949,1.39709260665607,1.28880330666658,1.220620627543,0.871707262320373,0.871120217056908,0.764193786105065,0.763264790394113,0.665978778538661,0.663215595080485,0.697394492866301,0.759878044029908,0.748412299248085,0.77546178639827,0.887414121428978,0.795831644549017,0.912635072128493,0.994374967561236,0.993800074547867,0.991389704798888,1.07226632204051,1.07293259474916,1.21999611307154,1.20214179259704,1.35910172985319,1.35610418791019,1.35370920494534,1.29283002720406,1.29632846084903,1.23973020644596,1.0858155136323,0.942005776923499,0.811681513797375,0.924669293646868,0.846257227302561,0.963526463313523,0.954808444648072,0.959307889585473,1.04038598448385,0.828973611646281,0.724431262290353
"71",1.66242483132406,2.03103219313377,2.42631240007223,2.17131237683323,1.9445432175357,1.75703310606411,1.5866557762352,1.3981102456613,1.29100237522506,1.13680034385694,1.01581402909014,0.908963642396365,0.810492478707448,0.72551721889657,0.655109834225081,0.512660421382324,0.405375594169879,0.321075515629685,0.253999303751512,0.209387107805799,0.171788465122885,0.141153527911689,0.118052738780767,0.0988124334548303,0.0826383195058191,0.0678554425225924,0.0567084392479693,0.049447596347794,0.0437712272801448,0.03897344317869,0.0343930382567004,0.0310180920504457,0.0273861074950295,0.0293023336144356,0.031543957605697,0.0339632072422981,0.0368411675494984,1.75881748713399,1.86558067097336,1.8821178754573,1.70674617195682,1.73193652560589,1.72239366055258,1.73405878426538,1.57647378706797,1.55586052637741,1.35659042362679,1.35695936377435,1.16735256043163,0.94441012485819,0.726398564165232,0.642005020392815,0.590092415102364,0.514277154126943,0.519108068684983,0.412980755572881,0.391975076106055,0.339830146152332,0.295221538193995,0.255061881427558,0.25524342133905,0.220397528803518,0.199251402198542,0.233538785366947,0.211605230859156,0.211055147183846,0.210545532475446,0.209432134202055,0.231402785968587,0.23013858266648,0.230847019636922,0.231225951456133,0.266598977372129,0.267661172758969
"72",3.31116054834984,2.82108090237928,2.28043887808346,1.77538470588753,1.38044222367005,1.06929221818206,0.821392162585982,0.653674106467722,0.551172985958155,0.475910531542304,0.415270348040061,0.428204538995807,0.440761091685397,0.475173625426486,0.49175926000353,0.516062991047105,0.522979287594524,0.511902852050606,0.485232220350677,0.465045647027821,0.46098995548888,0.436718641251723,0.392702055931758,0.385410326303453,0.387289391122915,0.381848198285499,0.374846761225195,0.363477340249335,0.348934729163611,0.310628750199576,0.275573828407409,0.23840865485429,0.206057518925994,0.183553048459877,0.160665309786816,0.154302961535726,0.146826242914407,1.91529625955033,1.69052752372534,1.70069328173959,1.67819828790399,1.35490005805055,1.17167411089586,0.933982620948796,1.05382420852796,1.18220818858362,1.33135682379294,1.32317257917593,1.60324800773856,1.28600021391311,1.28103497035905,1.12538885807847,0.981778699566546,0.848558468633529,0.849216663563014,0.884181405320982,0.872351375617016,0.822385104367737,0.714259499865867,0.654712916370792,0.572109006573442,0.454878641767368,0.357955078066488,0.278944057157254,0.214292705480055,0.182364707014984,0.163694980070268,0.163472421384585,0.14784578309469,0.130771086865154,0.133125420723339,0.118604151543256,0.0953159761595424,0.0723144125220354
"73",1.22988681648929,1.26147169318295,1.24781316878399,1.2278213601296,1.2215999344108,1.20248478531461,1.19031070258272,1.18884996612636,1.18102662468016,1.16629746259034,1.17853260210226,1.15845929833896,1.1703947272505,1.17557171695844,1.20260190238208,1.21944581668658,1.24140552830808,1.24702123015,1.06479211856288,0.916121460157874,0.808356083087324,0.702094152477861,0.620372447434383,0.531204452242083,0.558562571218955,0.589120019331931,0.621583764101235,0.655121867270523,0.703239681971231,0.744490444946167,0.747189496838305,0.735069008535884,0.714403383678252,0.706734924373575,0.682855935581299,0.673925358465036,0.675940290720978,0.596409924698094,0.759951026831926,0.868337548730613,0.868744300783036,1.05243802419148,1.16547252891967,1.0267446968049,1.13924629977815,1.02917714660042,0.842036956000568,0.844136922371373,0.685199286235644,0.687180215094974,0.690309798264494,0.797959464768995,0.794837759571602,0.781199782656266,0.602867891278134,0.672903595192199,0.746874194889466,0.805413541797339,0.910075425708754,1.11802564609599,1.05352832646467,0.938590890215885,0.96326045277759,0.888125870609068,0.807358827101986,0.891726758147143,0.877774577356392,1.22464097057444,1.42985011041658,1.31524482776876,1.26687375540403,1.31220367476994,1.41833800623413,1.52432983099816
"74",0.868803296198265,0.923127146103033,0.983739710362819,1.02695046773637,1.07048172359917,1.12008560333657,1.1753578850569,1.22063470064987,1.28337205541277,1.23639888194749,1.20763509645698,1.17118239931007,1.13721238047669,1.09207150733083,1.07139735569839,0.988239793290785,0.91422701145783,0.844679092103917,0.786014084302748,0.725155691259858,0.680343696230891,0.676897604908757,0.680019759816885,0.674119676189841,0.669645391629325,0.672523324849118,0.666561277327797,0.723307483055748,0.781638071107355,0.862146845438804,0.941740719434243,1.0303715057779,1.12411477550463,1.15030849452096,1.17016546585539,1.1873505888478,1.18943059776614,0.106080895829579,0.107408484756285,0.118024854233252,0.133494764419497,0.133352439546823,0.131209377274451,0.147821724944251,0.164596055586751,0.161002710792249,0.160556353983731,0.174463741713223,0.188649006984862,0.235699971207835,0.295406035735189,0.325488246560593,0.403129929150861,0.490703442826256,0.566704348463149,0.767357460547896,0.744393148122976,0.911780569692853,0.902486117925346,0.974845881069848,1.00236836133076,1.15038357543376,1.29983543252937,1.61175618801511,1.77996048516314,1.87359500529147,1.7431202615829,1.58550047950046,1.65752250475352,1.69453846688422,1.43846561907886,1.30529627609662,1.17496698307828,1.18858781460298
"75",2.79424559236047,2.70939942831317,2.51776712868615,2.14741537329634,1.90240831306164,1.62778547897232,1.14232705007914,0.827701977344946,0.660275970496321,0.56564461197347,0.488785529334028,0.463058404066396,0.391588567166486,0.341214878205448,0.27050415767224,0.208137284917778,0.151048963669312,0.108072466647194,0.0707106132149022,0.0473839682620655,0.0332770195980333,0.0230430971882188,0.016601728407268,0.0120609525452856,0.0126645549014312,0.0133882651234101,0.0141499615714559,0.0148551206615394,0.0156237486861844,0.0171446508987732,0.0164485684110649,0.0155838013964455,0.0144473776104086,0.0137034190658289,0.0128955652120197,0.0118129459033531,0.0113033783927246,0.113364523243299,0.132193708802394,0.15194945855337,0.174669086142479,0.213046471656647,0.308964477001528,0.350592933950371,0.357700643540918,0.324502533014787,0.305113747832999,0.35028414120081,0.482945387346457,0.484840815411117,0.426962628176903,0.468872698573448,0.532557432710944,0.539970114771902,0.62799636235576,0.774947191025049,0.964458621053028,1.3630541673589,1.40832376294301,1.60057014977093,1.69354618345661,1.74278410207808,1.64067264748735,1.41903183154756,1.41922264885508,1.32869232505057,1.50807119412034,1.3252090108727,1.21361953609394,1.12906830603553,1.03456678069019,1.03512216375284,0.940718490543128,1.11088426126336
"76",0.5989450176704,0.633127638142109,0.661217782207037,0.688728951829383,0.723337872439798,0.753728955567055,0.786956884113449,0.811951610004517,0.850347179964687,0.888805961055507,0.930398553102104,0.943207310576022,0.96430341430456,0.976516801624728,1.02010955951912,1.05730319653384,1.09934974499997,1.14174773227022,1.19831397708195,1.25834893128901,1.32720498381277,1.38401962579509,1.43437610770332,1.33430346828619,1.2935177437814,1.23023470853579,1.1929588341569,1.13026975734068,1.06586040563232,0.973777270937541,0.901854108932291,0.828327192826429,0.752799386992098,0.69204024671668,0.632629826201011,0.607503841291721,0.562402878369292,0.502039827613949,0.50832752577673,0.513330046476669,0.443481072425193,0.487484880986069,0.422413785000995,0.421081791638615,0.362632771374024,0.460284461250632,0.518800499755703,0.588608141768028,0.658648395541697,0.751781531393191,0.749506320381666,0.82450117813765,0.819618045916474,0.807575858186323,0.696987332672257,0.687600986704403,0.763981596086748,0.852854022971338,0.966491954747647,1.09479484272454,1.01926414240211,1.26816219946932,1.29068552944962,1.11751529457331,1.13745652564883,1.13199207829379,1.11607123876532,1.26522920800676,1.44194686589198,1.50762376287578,1.69700456900345,1.66965767465679,1.55687069260486,1.4433168320064
"77",0.707823373550603,0.706421103359605,0.713949991970585,0.730537697823443,0.735317738297872,0.74222394328259,0.652586657134984,0.5840320945487,0.504826830939395,0.436300615207769,0.370581598686323,0.329770278969215,0.414618209140033,0.50942037617237,0.605282304346634,0.715553637541053,0.839665727796764,0.993436742714049,1.01704962765404,1.05746925542941,1.11364731892061,1.15628563940311,1.22057100977804,1.29109029655436,1.30749122604809,1.2987320542234,1.29043205731513,1.26670112969338,1.27207017192497,1.27362798963192,1.23894204977074,1.22917138038117,1.21604123891806,1.20370311314098,1.17881582124734,1.17001450575032,1.37116412118418,2.22917109727535,1.85627811381266,1.53253578869631,1.46276239760173,1.24624572442179,1.06743725475607,0.958983504480311,0.939662737176312,0.965511850856208,0.893274219294476,0.822604539930986,0.784858815783645,0.788678401098726,0.692152399528556,0.701418578777125,0.803145947574474,0.796505928015209,0.9634739446685,0.953520590231034,0.934872855891908,1.00635643665914,0.885794454899878,0.847326656926431,0.822912212748732,0.829642047866923,0.656043323023368,0.595572412051074,0.486599899664738,0.424161632574339,0.421488770437741,0.444423336963409,0.50606094688183,0.663077284453912,0.862181386050214,1.02195489404717,1.15062427562025,0.854065051572425
"78",0.612164148898066,0.570947668010079,0.545504171621469,0.52084458559041,0.504327476907649,0.494625907468506,0.481923834471698,0.484255030539865,0.484718133776897,0.488051231975193,0.492388659370024,0.563894005525799,0.636970731911103,0.704697355557003,0.774407454543561,0.854259173873933,0.939775413576952,0.966953143309098,1.00238024627166,1.03157113302454,1.07908963798413,1.10524880160508,1.13510501704557,1.14866582403503,1.16029744432296,1.16622999664014,1.15589440014222,1.1639187894514,1.19876339771246,1.22259544198206,1.2433471171637,1.28977229389482,1.3261764441705,1.35908707556872,1.40284772265697,1.46612191308831,1.53511483192096,0.853437360685399,0.992813153691489,1.13707474304521,1.13460550226744,1.10582361563714,1.07756113531263,1.18966327090733,1.15816942762149,1.13106117631025,0.998863452797848,0.874986406916605,0.872694541515791,0.87153050783846,0.798686420626246,0.920863983995909,1.04836758522278,1.17472844240269,1.27199661544836,1.53307674682229,1.69057355390493,1.8202226493637,1.59432258915192,1.3993336588896,0.97332656129695,0.759001427175662,0.460113456160497,0.378102430484729,0.37980134038839,0.357360173931677,0.351693081353967,0.400254948599688,0.493170180061435,0.488730677055376,0.483223339868508,0.362792633420334,0.27113909103844,0.20516724113539
"79",0.232881953851054,0.256781978909119,0.273740229171575,0.293218738158508,0.317844114198489,0.33793335075319,0.358634761448004,0.373090072820415,0.393344561963129,0.412559621469836,0.435504609237463,0.416286203834947,0.397704177368795,0.38157282614223,0.372232123142205,0.353619852177139,0.33657764123639,0.427582727039682,0.529873783174942,0.680017709490525,0.897991130396294,1.19192225855284,1.64103055449538,1.66603871123853,1.78836271538974,1.91382794365483,1.99879693714223,2.05423472541725,2.13968283474979,1.57579403190221,1.14710429717576,0.862089859390245,0.648516394475707,0.497048516169548,0.38782223097124,0.352103880897002,0.32727902038496,1.78213021475175,2.55184680551875,1.96941741724683,1.85338283495262,1.70515949185471,1.29201317811507,1.1261666666542,0.883493918294753,0.794184957220876,0.715652487027213,0.713900409698323,0.703556801564726,0.705279235780048,0.6725021635002,0.739477501254191,0.645043886039205,0.5555558661119,0.480925116795497,0.392058745248477,0.351674472784228,0.410160509146061,0.41072193897905,0.527459386086535,0.610814191581913,0.775517236860065,0.977026880378336,0.857511102395759,0.745669061123459,0.642778433011934,0.639303073794014,0.583323409233853,0.581343004234896,0.526060287890924,0.481295368827607,0.554597546116344,0.634317231781291,0.970222907116576
"80",0.0483450919127443,0.0557536635599191,0.0651774390604939,0.0768952775371474,0.0891882855465915,0.107111354099632,0.12744214054455,0.153329099636328,0.183977157977557,0.223056582215237,0.267957289143858,0.304747711034734,0.344718223342769,0.387873460246628,0.446986816067739,0.506629297382606,0.584561835074402,0.638592031406991,0.708039801631079,0.76428838496435,0.822351888379673,0.893949865639345,0.993244840226891,1.09312743210044,1.23468192207029,1.45966257594704,1.70609786313005,1.97653659070528,2.2125693576899,1.94516469434177,1.70135990325931,1.49648411506963,1.29392842347098,1.12666752193909,0.999365352722805,0.846518886133834,0.717395476456486,0.104260003004834,0.102529738935193,0.117114964461129,0.133055129583936,0.139125897464124,0.18083680935491,0.188823516179323,0.243547855881902,0.238532020162942,0.254915268440589,0.252197634417368,0.268049701001979,0.266872924101651,0.253271537218221,0.316399222386992,0.31502921649538,0.3887435588175,0.443467788907964,0.501388555052897,0.642388986617792,0.585147024390607,0.666420024592351,0.725495958291018,0.90444447038783,1.12631028900565,1.33924309815307,1.30668303292331,1.43190265645299,1.13147336717614,1.16362010111516,1.2124623743499,1.56213284975546,1.62220871737676,1.67266554436913,2.13775574016221,2.17349837427837,1.99435562262535
"81",0.130950920481448,0.135492448936089,0.143553062034331,0.151918043285153,0.165414565889267,0.179003184264791,0.195143206023034,0.187904215849845,0.17900508697463,0.171203014504378,0.164077050819401,0.157410375873266,0.153314221391306,0.165800500044433,0.176075265953523,0.187823548889226,0.204938161581857,0.21918156946861,0.237626285036566,0.28456274326853,0.339470658851467,0.397561997881982,0.475609987435246,0.570018027242444,0.67874102658288,0.773271510726152,0.889140774287198,1.01217240889973,1.18142675618774,1.36746627359861,1.61310183483699,1.74228576451609,1.87489630558775,2.02002821421195,2.1177359119893,2.25372919263034,2.35983872988534,0.483543393754668,0.489962769928733,0.493378887555241,0.488778895402935,0.530492460065797,0.497268656162085,0.60419175844937,0.58909019024701,0.60058418725497,0.550668866224291,0.502833992745842,0.519799336274452,0.517606557255658,0.513913848926042,0.515322914007953,0.585195084379765,0.549152757372749,0.534028454406503,0.646325151839152,0.715326015491631,0.908060233904344,0.943154016468435,1.06597839709801,1.0838553586328,1.0931660557953,0.905269476541829,1.03093867280521,0.81728351217196,0.898957952965296,0.971913016064846,1.19189366153902,1.20260426293461,1.60350257882127,1.78438257739143,1.8572055620234,2.1175767895942,1.97006658902046
"82",0.00670979048469011,0.0168907384692282,0.0447773528458204,0.129708461425831,0.414229939204862,0.568252367093775,0.772404466557513,1.0572223999941,1.51224495713991,2.26452629978476,3.44214896341763,2.56544246731827,1.93653599342722,1.48568681797702,0.98226181550015,0.649497043403249,0.430715575285326,0.340596693839196,0.276011122583526,0.225065432051044,0.188294558023941,0.155443956685545,0.129221439026488,0.120678676641278,0.115373364266301,0.107732487287531,0.102147313270321,0.0945091220832601,0.0873774748954851,0.0673266953306544,0.0523303118917917,0.0409287043174083,0.0324999394561867,0.0264236638776351,0.0213643212858408,0.0199388805165731,0.0182767389621213,0.918469135504214,0.963051500581571,1.11355078322892,1.6054544416854,1.38030852627476,1.62423537757372,1.52027362279391,1.87647021925813,1.91807647070235,2.19592290260022,1.70111313351711,1.84086369846238,1.3510813519778,1.20775912280814,0.89682833885035,0.675594952373972,0.539837341014714,0.348416526192682,0.325129654043901,0.276499830564125,0.236708231095669,0.182026840779989,0.124877944861832,0.0684224626315193,0.0415009386221765,0.0204853707021162,0.016211067099193,0.0114996371065283,0.00909101482033359,0.00629383571531453,0.00446574365042064,0.00404111566890424,0.00418104956732758,0.00418922296619181,0.00412787803807871,0.00460304289517332,0.00454791552983295
"83",1.50766323819985,1.42771009997009,1.36981071290072,1.29111821223881,1.24180282905119,1.17468013235834,1.13904276203114,1.10365733107718,1.08662346421622,1.06429465823629,1.04734393689536,1.01459542845408,0.985409992062916,0.945050298782955,0.90605578947735,0.884516433605057,0.850937751283074,0.835420681994598,0.778085658442452,0.735613459501663,0.689640142589447,0.658599817383343,0.618001178719544,0.583725538679733,0.620278056700025,0.647554398623067,0.684262686155211,0.736772226429166,0.787502131552345,0.83632892919534,0.879525314722724,0.916689222686494,0.972785959848039,1.03827729425819,1.10073145979374,1.17027357392869,1.11618027775472,2.75143913090721,1.80393376255834,1.49336116134029,1.19959477361785,1.10102152565314,0.960952068546825,1.02008814246889,1.12312635312919,1.36678321115107,1.3531751385966,1.48237807596742,1.59531215632516,1.20012692401448,0.958846500715973,0.758837004400123,0.652795222565957,0.506919112067904,0.539684500614788,0.546266834509342,0.530618324144695,0.525532887414827,0.641425477440242,0.637727690266085,0.651295010368847,0.578264321116695,0.421624426281537,0.385719601291354,0.436662725276719,0.381707605328473,0.374136131234251,0.363681466922687,0.332675876386405,0.331720336030041,0.424416130634479,0.478166754335967,0.537119757349387,0.656544842821928
"84",0.683813327010393,0.911738681116938,1.19164867802406,1.55464853060779,2.02918271350509,2.63020190230208,2.19767729434281,1.87702148067493,1.65827598713322,1.491507691201,1.31336720781844,1.16592097985354,0.998009154297328,0.804630209465211,0.669956374998642,0.543986829051787,0.458184215402663,0.385595842399489,0.346442661066089,0.320061150033057,0.290331719620507,0.268700336425806,0.245755500837288,0.220502115370503,0.194885987667497,0.174718635366875,0.154122165435848,0.13890181353073,0.125243897235317,0.113132816242066,0.10339466514463,0.0920264609461891,0.0837505708312463,0.0758480071649185,0.0684368907440596,0.0623849942207532,0.038850756267794,1.23582638536513,1.25309834187937,1.27419526844901,1.26212878856241,1.28040940874428,1.27191584598147,1.11359082320223,1.08626052328856,1.20585988949727,1.29138052601427,1.12082296699241,1.08765174219671,1.08027956787439,0.988261016090452,0.996657098609235,0.918350951690643,0.874630748423536,0.961794222918032,1.09314132565073,1.3392955036847,1.50736330988946,1.44727188998483,1.27686467512985,1.03871722457157,0.844521766155258,0.655529773411552,0.462642985355285,0.403767610497572,0.349748910419268,0.349020124048398,0.440129934984367,0.400392605710857,0.397492201376302,0.400482484660837,0.349553045839969,0.305548917922528,0.245888985762168
"85",1.39024822301655,1.78210558655388,1.9578581553057,2.02551730558443,2.12969434018525,2.19890929148554,2.19919951052844,2.08006649922361,1.43219647365099,1.01322994541463,0.722729528150829,0.538010925776509,0.414622491345649,0.319740408761285,0.244153111522419,0.183589173099949,0.140545748130808,0.103877151075632,0.0784433839452259,0.0599198807274589,0.0577531155007147,0.0553610014718182,0.0534534790307115,0.0513744180604998,0.0489741028747364,0.0480557674919491,0.0547061287292366,0.0633543842838499,0.0738548258043529,0.0844765432282097,0.0995556271655938,0.116726536090741,0.116179156048527,0.115382113497385,0.115347766894933,0.112855270178074,0.107101721911599,1.90102114081515,2.10587061471685,2.11819514374181,1.83398762613723,1.53195426367656,1.44213373675498,1.43108594554964,1.29648428552849,1.27611388126542,1.33376911054027,1.22881703787458,0.976799237480161,0.984636186409616,0.863838325761434,0.767388265453739,0.675628238532973,0.644853498308842,0.500149360281537,0.500576332952053,0.496563123759118,0.493395469674002,0.49565148734021,0.497632628916215,0.501611886679554,0.464599247018078,0.409215242532899,0.331030708482977,0.288207155097741,0.249202047937262,0.198200185937802,0.228131283888481,0.247727151269423,0.246171274823551,0.217113339562072,0.269179419977788,0.30348824329287,0.313821424008432
"86",0.0192195738552272,0.0219340142774645,0.0244788423186541,0.0264776197132255,0.029512912205093,0.0342375330845468,0.0391957646617006,0.0458583725767983,0.0528440435372198,0.0602017827119447,0.0690228011829944,0.0783536253187604,0.0853271322223743,0.0950918401008643,0.109071514518482,0.12809910908129,0.142894713493025,0.161437123435505,0.176296266835349,0.192237879555113,0.211669201985144,0.228576591036667,0.243186327775916,0.266549599335982,0.34737097455007,0.452118401773895,0.614748270211457,0.82484601103865,1.26093580791996,1.9622079261596,1.94997547922452,2.05329234485581,2.03797014263113,2.08155945433899,1.97143773571068,1.85639265111493,2.2197954806763,0.113139667003529,0.0945922381172257,0.0790429400635072,0.0470459722001103,0.0366799842143912,0.0292479271562757,0.0409551896444553,0.0674259741813931,0.090440476017082,0.110725677163228,0.136300246178388,0.150633314083858,0.163880181102533,0.193467324274911,0.220692402624834,0.272394321572229,0.307555036475541,0.378594153853619,0.426045181364507,0.474568027961024,0.530725600711976,0.529112909265717,0.465524186532008,0.534023970388499,0.638146841447315,0.770114853119086,1.03186924296084,1.27038415204964,1.44293947202871,1.39950818375042,1.17812539634738,1.10886742652719,1.19438816159818,1.65493924585407,2.04579950266202,2.53088072605062,2.98513797686368
"87",0.948082086180545,1.44309592995235,2.11635149540738,2.8774115708086,2.37647133911857,1.95709165260487,1.63859662724415,1.39582052182327,1.21760870264599,1.11774097437618,0.903393506009715,0.772001006009985,0.679518943124809,0.596544564561219,0.496893573556887,0.407326832951438,0.396720899517896,0.366638278434651,0.339571484263326,0.30665098225133,0.272414989320742,0.247265081907112,0.200873909825616,0.166461892405977,0.140977620539936,0.124514862147362,0.109950041933206,0.0967853733922498,0.0709609054396518,0.0514698888671497,0.0384674510976693,0.0284146574042341,0.0209227604524042,0.0156919654449686,0.0206294531384726,0.0274980693360344,0.0367127367565396,0.994297374715936,0.715899650811253,0.55525097792147,0.460207385892227,0.380512890024768,0.401772689578856,0.449761055077912,0.535588928928171,0.640858885537975,0.80552704680044,0.987781569181189,1.45944216831948,1.45488840060957,1.30637304277771,0.833482718067587,0.628045731188841,0.728889277297595,0.724858482273289,0.749373377222008,0.922806950904095,1.00752831620471,1.12377868568279,1.23375086742859,1.4625818761966,1.4594975150245,1.3464932501804,1.17106385698999,1.05024464772922,1.08788460149795,1.1838388794697,1.03411534087656,1.01873421992829,0.98263963974702,0.846002615654986,0.932810980082354,0.836782779300532,1.15550580274644
"88",0.126685882327992,0.157888243554275,0.190323389895974,0.227803465301931,0.259771180185328,0.285753534511234,0.318175246680394,0.360004954116567,0.422361145562994,0.520749352563669,0.617824132791793,0.796241941096852,0.867082269605014,1.06978344006093,1.17589224307174,1.27353746616521,1.26377248524854,1.21687754075782,1.42639182865441,1.59795819764437,1.87007714022287,2.00311267778254,2.16279116490582,2.61099782864449,1.34061437217752,0.686387006660383,0.357818296120275,0.189518690135673,0.103688398734287,0.0603435931230741,0.0496849601675298,0.0403351473357131,0.0335185964255558,0.0285379287844858,0.0241791139894961,0.0209810200310743,0.0196946090659457,0.0558657082349664,0.0451862811197438,0.0397407013424949,0.0652685632889812,0.0882799856483635,0.14100263866321,0.130060857942603,0.145019976859801,0.163644340320772,0.272920371676336,0.289427514055452,0.248404102641202,0.288843171788716,0.429644367781226,0.62476308760449,0.98663972412909,1.17669402683028,0.996239441267452,0.974569383344892,1.11484971333128,1.48022962873521,1.52834889607594,1.74963986319647,2.13714110237188,2.12240768699399,2.22067371408096,1.74274181230768,1.44543525563002,0.976252373164135,0.641751145833806,0.5221352775424,0.454888248090058,0.36520726121684,0.340633728191546,0.394519453746649,0.594251088456524,0.392963169417167
"89",0.19412195501615,0.216121126361212,0.245436512901578,0.269520165000025,0.290960394394466,0.300928374582691,0.314716388857312,0.320545257681821,0.340426459199031,0.35954026487327,0.381308091628956,0.42325027265461,0.460271149761814,0.539410564771573,0.605152557952261,0.672830180196414,0.771657758646834,0.867482501860618,1.00867739386915,1.12248350920771,1.26529861543618,1.43231412035306,1.62194456884115,1.82697153884026,2.161400066221,1.78139535562238,1.4066036000802,1.10177245624988,0.878073240417736,0.715992429344065,0.607716134331022,0.707091052859739,0.820060822396624,0.947738453490188,1.08942073386228,1.34171833431437,1.58736225828562,0.448450104225807,0.539413106134247,0.680050341088171,0.805281100062847,0.896105247419076,0.721718711026916,0.731551334810849,0.694685233491404,0.687313834779352,0.77770749745667,0.886880461242125,1.17587187715305,1.34405067587691,1.5267538038344,1.0897222765242,0.77074791865509,0.675189692522994,0.658614348906194,0.753666488135919,0.658846079558881,0.658880472169732,0.636452268512858,0.799633375192721,1.05055237335741,1.38202212187854,1.82325299362815,1.79950639302782,1.74688356990786,1.67432773186394,1.21783606594278,0.866845767917298,0.74754069211166,0.569163470263557,0.500648558252237,0.475226326760019,0.504385825774955,0.490133770514944
"90",0.295435581817625,0.281582080139405,0.448607896257825,0.70182125485848,1.11850894791603,1.68939366228135,2.55767806322228,3.79047551285097,2.35914522415276,1.55722008561686,1.0224644182082,0.702426991196133,0.502057342299245,0.360444419041632,0.285953999455913,0.228574441165333,0.180239495310233,0.137339624586422,0.105848345634569,0.0826034134466005,0.0631849138734749,0.0478320420913091,0.0368572373261191,0.0284807737006319,0.0218966101436567,0.0167139521192717,0.0148905459651532,0.0130715646568234,0.0117384691333165,0.0106700817840602,0.00976079873890662,0.00908628915898642,0.00881783595981954,0.00854846685374,0.00827989173996259,0.00814769952829422,0.00804423068443018,1.11435143348697,1.17471018147071,1.14969710552232,1.33788654319966,1.79787546340578,2.05106099410086,2.15045297480401,2.3670504110724,1.83576361868739,1.35990846798493,1.11594856953051,0.859724061762027,0.801992575316093,0.82279137515613,0.722978105084065,0.686350310723853,0.736418546980698,0.898168561756778,0.878708326141783,0.759604054229771,0.43894714302603,0.264986754269265,0.181159993989252,0.10970229315277,0.0783215347389362,0.0663325018691049,0.0705601683727155,0.0678319268167573,0.0704595453553227,0.0800802617968055,0.0925288930174628,0.114185705622482,0.104674765160518,0.084935286022017,0.0525488329046565,0.0355168910095277,0.0312318837998022
"91",0.119812680998652,0.120686086479791,0.12119685123677,0.123625091764694,0.126067701453176,0.13383932228022,0.13898745879077,0.145586848354192,0.153856824121871,0.161376228365776,0.167871821753132,0.163031926090772,0.158818689830967,0.155309342301112,0.153686345156276,0.149320316878233,0.145947668339964,0.167778155901762,0.194808473890173,0.223273798628877,0.262203058077974,0.309188310823313,0.366910268469354,0.435340297602619,0.520448869309613,0.634142746669359,0.759417008625783,0.929445212516827,1.12303583037019,1.29764465075225,1.47201157407801,1.65253604552495,1.86615262534444,2.05930026093278,2.28962815520669,2.41131257438357,2.51095004560576,0.236417100011889,0.234874595202598,0.235247013233727,0.256301361192274,0.280883354266892,0.304416965424696,0.317119131347818,0.311430445133174,0.305699084412114,0.34626938187153,0.344877427787384,0.387709939604779,0.444009517327985,0.483779993366408,0.607173741536974,0.695281948326745,0.789563534495814,0.905632839614296,0.90313945675733,0.819419726940976,0.923973622929443,0.925852049840096,1.05275422491454,1.20313526611827,1.37561656751827,1.57646259002762,1.67276008970828,1.91205890929002,2.16637650764411,1.88023220118894,1.52264306995371,1.21549917014662,0.929901164980687,0.75480591420586,0.748019455531747,0.838198644652122,0.939636477702861
"92",0.296070531855,0.319702135991961,0.341129998825118,0.382294020995992,0.433126359978187,0.494107337301659,0.544330830856706,0.597823276374346,0.652261477193556,0.708422650426033,0.77145260637882,0.822632713953702,0.887855847149723,0.970606737510057,1.07780005225928,1.14777032309931,1.25706538609944,1.33238047142894,1.41226032960964,1.53445131943188,1.67290121445585,1.54710492183505,1.40876288203157,1.28885315501551,1.2210072891994,1.15894105742343,1.1101922743131,1.06128083086707,1.0095020631382,0.954925998711199,0.924692274556539,0.888296863823129,0.853211475126482,0.801678826199043,0.730243605688792,0.679377103992095,0.61468694488123,0.193477634730493,0.243166472237234,0.26906362794476,0.291865525182619,0.351446751475915,0.415571713768991,0.472325196785133,0.528732009315077,0.541647913012532,0.53471132327736,0.531066526151304,0.475015722993471,0.496158129634342,0.492441647067837,0.431831373794101,0.377983736552516,0.409263457143238,0.411596483720718,0.466997301802396,0.574334957306578,0.704505974524613,0.807876299697592,0.747674753658916,0.693844114932317,0.800839516898315,0.814556680207234,0.902722109849884,0.89842416555161,1.00744729612803,1.29345058766902,1.4107561894224,1.72646506727046,1.85996723853514,2.10134890556598,2.14722704755082,1.82799641503279,1.88536894943694
"93",0.0148557600894712,0.019894043235349,0.0268414919076993,0.0366358728156538,0.0492619121967086,0.0647540459692973,0.0861036455389157,0.112109225588636,0.148132448597414,0.196785862776858,0.267766803246245,0.376778390685601,0.404096541095057,0.46237818552431,0.519192272287192,0.603016157640355,0.654680376840256,0.698311276416543,0.773355208126095,0.773755245004838,0.800063917731289,0.765339191226811,0.718377078812429,0.701952849751126,0.603552627579287,0.549688492440936,0.50536523947428,0.474613575613422,0.437942468640217,0.392807092948413,0.571657232548033,0.809794618836712,1.10560193495865,1.4868955467376,2.14364239646815,2.95684047585303,3.33037308780405,0.0378840877698295,0.0519687738891686,0.0711282192054049,0.0955731835562752,0.124948297902622,0.134392297770548,0.167344217156488,0.187317470392045,0.20881057090306,0.157296723384913,0.123992307847819,0.109846455695465,0.0910237488735214,0.117065891817537,0.132561736516506,0.163012358439133,0.201756850633809,0.240704247108987,0.352173575961783,0.362474085337492,0.358257560969024,0.26601515516142,0.246323870827592,0.201209103864792,0.19576971418628,0.280593692752641,0.442187875127157,0.75866687262907,1.18744418511571,1.69260749934912,1.81268778436882,1.82800646557739,1.6003489601377,1.88126100343292,2.10761261584348,2.46761096149061,2.57812085338028
"94",0.169343972669606,0.183392571243732,0.247101903212534,0.329420020901138,0.439902579811729,0.588358389080699,0.764632458108017,0.999778033092447,1.17701133044505,1.36281603694251,1.61999016886155,1.97882562754261,2.50816523590928,3.36876457634703,2.00267020006311,1.1719204623112,0.691372270816859,0.420977860219246,0.265674631545391,0.176940012908115,0.149686688576628,0.125222080670226,0.106767756999522,0.0903592720741373,0.0752988567147871,0.0637794451665391,0.0515757489086955,0.0419323860178704,0.0338967822682482,0.0273115074729698,0.0216603996691805,0.0173602201168265,0.0216922830792745,0.0274108901904325,0.0335902628300516,0.0403184390918354,0.0485982427181749,0.525806741057268,0.660245640405263,0.727844042578995,0.717381280639664,0.825862233118995,0.930577521708327,0.972190813008049,1.08843532273311,1.21392914613964,1.10981242122959,1.26421528480527,1.24155442454686,1.4222698828078,1.42516553636288,1.65008039989103,1.51889837111494,1.21565327020685,0.938062428733954,0.823182014777223,0.6850436243602,0.74013007534072,0.653612921681032,0.81296135979054,0.821269257585107,0.86539523201838,0.994391001858558,1.01178492084977,0.889279670597612,0.769886535819745,0.669573930942358,0.59220713304951,0.639508240610731,0.634589410845608,0.791065741181703,1.01032522712763,1.03137884741434,1.16426722477864
"95",0.25505380465846,0.272890529501945,0.2863984822258,0.294466609949828,0.301875909116096,0.327162255654214,0.359756369089158,0.386993916454144,0.420247384481022,0.463931293138673,0.520456730005579,0.540530107380948,0.576474440237082,0.600258864447518,0.642980626207004,0.663939190402382,0.697609424096086,0.697810522642026,0.669987025132366,0.634864367111107,0.609261725893946,0.589428202381147,0.580518389470855,0.650230523769443,0.745955063153853,0.884606914814905,1.04973831033354,1.19436227400997,1.36207109083591,1.43800827355175,1.50885237018274,1.5776429049069,1.61295143751303,1.74482825085401,1.85208659406121,1.95997238476982,1.98362958309133,0.491960777016732,0.540043339746514,0.766761628433882,0.882170993204442,0.951638839573131,0.952520729347152,0.900332683155132,0.803384297493425,0.822155281303818,0.833766676172739,1.03595911348018,1.0758219266401,1.17586189223089,1.363592051697,1.48723020396095,1.33353603811416,1.1215874413235,0.900238749296052,0.810013828826114,0.67375819574107,0.571222197463487,0.526786839188164,0.528326753772132,0.541522387303034,0.679986395997856,0.948032490609094,1.21191559175651,1.3107050710808,1.57726527162198,1.64211322037846,1.27644348116731,1.04017636000685,0.873442286461874,0.801777588545011,0.756269361594596,0.7762749525669,0.786754954658333
"96",0.595755558079819,0.718575537321619,0.824506408806208,0.943205466944583,1.06233987824562,1.18505523540518,1.25236157147439,1.27241710598027,1.3561247606296,1.43961379077619,1.53145882351151,1.66475733345596,1.6161452336537,1.64892417950387,1.5955412020191,1.5828636824064,1.51235315589648,1.37945864708854,1.05342170625831,0.795173973477427,0.625633975740044,0.478857731356454,0.374395469906666,0.298903390373343,0.309580226085854,0.315878023077962,0.320630596808958,0.33004274999921,0.333960237111567,0.327552433943236,0.342984138963179,0.352549607223353,0.375470064965738,0.391371281614269,0.410180437770265,0.435707888600041,0.354648487471913,0.491300807594717,0.499610710038938,0.581311336410766,0.62968445954054,0.69126003337051,0.743955731303061,1.03672787333371,1.31338543495208,1.66895196643161,1.76758928903243,1.85640059919687,1.80925072688877,1.66401806512945,1.45933525781108,0.986173059871575,0.945059420803459,0.721644859481955,0.715874887832701,0.807758525828173,0.832758288899393,0.939886014415416,0.986083514682154,0.912518509551351,0.970709209932879,0.936493217630491,0.736130762058267,0.58003728016319,0.636958095189601,0.630314324359223,0.568739078176001,0.520281200548019,0.535061933759544,0.576566038349903,0.651017205160867,0.693573901456866,0.702705627947254,0.608270270920545
"97",0.331663860422252,0.330897787262264,0.315090431047861,0.294383809261038,0.273645692442635,0.250787852424157,0.265209251833075,0.274628275992442,0.289441475224675,0.31209375673883,0.337422305488426,0.366636940159046,0.378497749109712,0.392057878193898,0.398711250751583,0.402908020194967,0.406238671916644,0.400116897626571,0.370705252760878,0.352408740242962,0.335909113686152,0.325698972844742,0.308074673643362,0.297244960381772,0.35956480406163,0.43930191679992,0.541707782879753,0.668998996905065,0.835827235387164,1.03699531235944,1.25999405612895,1.56987100653211,1.84732011351076,2.12795929253302,2.49016780662182,2.77971375660085,2.12520772895209,0.111144168115157,0.129544095733902,0.128924587241994,0.148641172254567,0.163604993482072,0.145242435642122,0.139376135335789,0.124916671210046,0.112383355980808,0.113609173710264,0.11381863697711,0.131741174881938,0.173499465320143,0.220857154595302,0.255216263169886,0.221090362797961,0.215568038044609,0.175911077085365,0.158523502856663,0.155454832812254,0.176175572538739,0.1914605539728,0.192054008570889,0.224859621321482,0.259950338253672,0.307870845560886,0.333182021963323,0.363207795043444,0.439157860755917,0.583061499109631,0.707494878315628,1.12310956690033,1.6058445180464,2.05299695433632,2.93590202999187,2.81040466826102,3.05077051841021
"98",0.00407291289346948,0.00341383250127059,0.00459545861508489,0.00611131462484155,0.00818681048825655,0.011039581742157,0.0147433827294665,0.0198666852662459,0.0198310316739222,0.0199144229785671,0.0197875950946377,0.0195589615009435,0.0191761053118123,0.0191401662003375,0.0292050778853604,0.0458413827994726,0.0754849912902004,0.134153228053955,0.250569389463523,0.499119118919924,0.571126579292836,0.631205153213848,0.683790187648682,0.799092454642026,1.08975658404101,1.41287679206193,1.54917492650325,1.72698791847911,1.79869933728323,1.83286346507127,1.49131922855679,1.2559231187114,1.4009608880951,1.5324154757054,1.69513145861998,1.82527989086363,2.08545595930923,1.15833940529638,1.17087334143702,1.27854535324948,1.10928108543012,0.828359977263157,0.809072971257602,0.724146542561062,0.619598757730183,0.531212711025176,0.505204266749659,0.572364855293516,0.564541561940383,0.451755039674179,0.428589393404603,0.496678485314162,0.652117922451145,0.964655070991922,1.42958648815567,1.73260726830603,1.85117411762398,1.84246984472059,1.83537284065105,1.6189315183582,1.28488347057431,1.1437254079069,1.03055386755464,0.821249544498174,0.732421869821249,0.665165850930056,0.684045123373501,0.541561824902607,0.489799839996766,0.40619235711853,0.310227858201936,0.26721138532734,0.260998863369394,0.256999720593328
"99",0.246283987163238,0.294968917127724,0.34596310216571,0.473806398038159,0.638416930570823,0.889709780597619,1.22460263757001,1.6935671175659,2.41953293512466,2.15413783716134,1.87026639855454,1.67296606538104,1.55243174036293,1.4423730902682,1.33335808023116,1.15026201433501,0.980325020797709,0.835007091755817,0.70065851606726,0.602831173274406,0.511730439563616,0.510938433716329,0.498097986369707,0.50059686337361,0.515753506402722,0.536353754027252,0.543215263648594,0.478822302802482,0.429805992873846,0.377082902786616,0.333167820382225,0.289054642211862,0.256817496426465,0.275788354928914,0.291496566609493,0.308170197759637,0.320768541516309,0.765010899581954,0.767664045632633,0.882031747492357,0.992657139879222,0.91852319964196,0.9889808290256,1.1241273057843,1.19887687339937,1.27482242747289,1.25976406633851,1.31221400765938,1.17576583302593,1.34083347418829,1.52425992380425,1.91347589795777,2.17993506124952,1.89184978001339,1.57868041210084,1.21058732775656,0.879834533442809,0.513128632390741,0.392897803281994,0.273377075347585,0.206264832582638,0.228722097119412,0.290922783236854,0.292765738053295,0.292073828600494,0.362611601000805,0.360387652840646,0.315762388080893,0.250352903964362,0.187678439298468,0.164275782903131,0.143289959859966,0.125037288393648,0.110210617228412
"100",0.0030062107097908,0.00325277004763153,0.00344779581148982,0.00357904209217886,0.00374092591436423,0.00394171221489665,0.0040759533717963,0.00420610254819908,0.0043924411670072,0.0043073620646729,0.00430247630769918,0.00423570202886029,0.00416772432783568,0.00413568483500229,0.00425137231776911,0.00453032067552985,0.0047396292880693,0.0048583977221908,0.00502045420521965,0.00525826468854358,0.00548900542682428,0.00707248372019691,0.00920565175903383,0.0121321439773688,0.0167677088418412,0.0239109359243452,0.0338886159201621,0.06099165281279,0.116203738973482,0.237865607014699,0.436758107986728,0.816733302305785,1.33074896943109,1.68874725579731,2.2010678235867,2.79952124968798,4.2143729036886,0.141979924339295,0.142471139433264,0.125109914186361,0.124457472731418,0.137290078025893,0.196002088550612,0.196628371885187,0.254121727156376,0.325980602277456,0.337718814786458,0.384794533721307,0.346197419177311,0.27987510797235,0.279949398956131,0.308432640766002,0.385144912637722,0.438159879742844,0.460493724574734,0.422429494448451,0.475866228621106,0.493208548799966,0.587476648164487,0.541269662400837,0.501623814712078,0.528421139079907,0.535403167135775,0.501571488010801,0.481489698037399,0.545813107043087,0.619621921304992,0.929334083590738,1.20741641012354,1.65820489326884,2.1476282900924,2.431239732661,2.74140066665769,2.84548181887707
"101",0.835955953746158,0.910792242036027,1.00516436979233,1.02608382685093,1.06810216525446,1.1006857600794,1.12154375145181,1.16449051087492,1.21214521984433,1.17516036630434,1.10406229916422,1.05523386640274,1.00658775457709,0.967545553274647,0.925327618242876,0.903151315075755,0.893786323340787,0.873267230968689,0.863829638562477,0.854640282219343,0.845810334527468,0.832839788820865,0.808128000918402,0.800070169289791,0.791675176823928,0.777816415292215,0.748780880270001,0.777295995768989,0.817852216504403,0.861173634204622,0.885753089570116,0.903855255039187,0.923592884039539,1.04870963523531,1.18101254576772,1.3364618517199,1.53476764183625,1.32655276044315,1.15005768641226,0.982287232898177,0.979451009007662,0.896280879182507,0.865674247522287,0.766736633262187,0.847958405009457,0.941059928303166,0.831692414248555,0.612327411729491,0.559968795272023,0.447025546673923,0.466220363158185,0.537298754553234,0.534503174113893,0.573890883755605,0.486752727666756,0.459209046444432,0.488704155147101,0.481661673274037,0.478422079684914,0.496187770380841,0.645833365676227,0.736353614764741,0.852593970361508,0.930907385536287,1.27268295812981,1.63286225198522,1.75436755709465,1.44076558140604,1.15767829532817,1.28674024610348,1.43232774845254,1.4253177902431,1.41067987473109,1.44633781390562
