"","V1","V2","V3","V4","V5","V6","V7","V8","V9","V10","V11","V12","V13","V14","V15","V16","V17","V18","V19","V20","V21","V22","V23","V24","V25","V26","V27","V28","V29","V30","V31","V32","V33","V34","V35","V36","V37","V38","V39","V40","V41","V42","V43","V44","V45","V46","V47","V48","V49","V50","V51","V52","V53","V54","V55","V56","V57","V58","V59","V60","V61","V62","V63","V64","V65","V66","V67","V68","V69","V70","V71","V72","V73","V74"
"1",1.69247951085198,1.70733239693696,1.59774019614758,1.47372427302587,1.36490018342626,1.26057726200046,1.16929667042796,1.07687742755722,1.04732309023643,1.02428036895228,0.999864523943469,0.974178295451668,0.951583517953455,0.918187622574049,0.92471254565869,0.913505992435629,0.900289314350319,0.889459631032439,0.88650445651863,0.884167068934785,0.860905797774055,0.843437088014313,0.822408797646234,0.799045523598255,0.77698013008165,0.758900221167755,0.746173691736608,0.739393604844547,0.706757901119433,0.695869697025882,0.682550404832533,0.665309437444123,0.649674096867997,0.633874118255968,0.61618717463459,0.588521169230726,0.567502651375411,1.56375400428459,1.51144908204599,1.42343271919746,1.49680238861106,1.19651400504602,1.19511940141263,1.0945891502954,1.062531561855,1.05139443348678,0.968529491005397,0.981034554802392,1.10094314482434,1.09483108858379,0.967254489817343,1.04671538975511,1.02071045102861,0.972065967147106,0.842174295505448,0.80512557306202,0.77966505713157,0.782879363402683,0.775743815675298,0.773115559691951,0.798400107776362,0.713452794791645,0.744503333901851,0.828628042787328,0.882339855160301,0.825101030050005,0.817606060976402,0.739671062934546,0.746406941300718,0.809220696969553,0.775087663316429,0.775966416022646,0.702679676336831,0.795824899838066
"2",0.150245441741895,0.181265475536151,0.213815356178339,0.251011373037512,0.289666849652676,0.334433062651545,0.381998315146362,0.424918150847886,0.487903107538128,0.561707706392842,0.613734391396551,0.677132583729216,0.778664867395138,0.930522666402602,1.11656247770939,1.35677969900651,1.47212892513382,1.56063420135302,1.57700263988486,1.57338079103569,1.59705420760444,1.58896030337607,1.48032733029518,1.42486883094232,1.38622377298269,1.34368444849433,1.28115739272085,1.17917081790106,1.03349551512393,0.884941766464137,0.754709348309345,0.638655741323187,0.548858545440823,0.471923723524602,0.409019740076516,0.353978746192812,0.314233128111589,1.1470306269109,1.15453597819578,1.15196236705381,1.14302824120616,1.27760834323984,1.26152165352197,1.23874800995208,1.11678740514808,1.24201386355021,1.24593778600339,1.24837059830879,1.25949608730963,1.14075673228638,1.12879949956637,1.1229311129681,1.10479946856101,1.07683591508559,0.952127285555459,0.941123876725546,0.924151046275481,0.91257665535437,0.909979128778187,0.90719305374096,0.806503614875093,0.815891818207454,0.832293840085527,0.867297711198453,0.707707184299037,0.706118750263383,0.705194311834746,0.711045401344543,0.713868438740213,0.629050006213408,0.632185005890675,0.627205889488141,0.616055890311541,0.53348121711278
"3",0.219670935966905,0.221202253588045,0.218642287275739,0.213961709935679,0.235324384293374,0.263320434371278,0.294795137315632,0.326382770559686,0.36291531635124,0.403386172914358,0.453480447048808,0.510984198812149,0.580828898871703,0.669441272779373,0.783656351627332,0.925278058485975,1.03682025822933,1.16719470905914,1.30113596063254,1.45868678061059,1.65605950106164,1.84808806605505,1.62907510904828,1.46293436236146,1.35175997441,1.27917569134426,1.19441127413637,1.11562081214942,1.14603024812308,1.14401762790999,1.14533366679377,1.07841790699299,1.00323595016994,0.950129809466536,0.892476820229482,0.845160297134852,0.782496556285469,1.38280274986953,1.39362636900338,1.40904665934376,1.39238767408188,1.30250508157532,1.28708639393709,1.27729990433601,1.25018294998652,1.22242707281917,1.20711181463414,1.19815795845535,1.17540504750227,1.16839938548196,1.15159691885162,1.14901807525929,1.14174869323065,0.988482572932408,0.985613149010017,0.971786569220346,0.951510554236792,0.817973097592978,0.810987015848692,0.805479397707792,0.702877885314245,0.702832826912711,0.615473138366388,0.613882086137564,0.606606616855455,0.591081420861303,0.581132662765272,0.581247049344759,0.578984995256488,0.52233821519948,0.52462722926404,0.520794425145361,0.515994754907396,0.508888869186193
"4",0.331744790923811,0.365458011574632,0.38278898618596,0.389934752582226,0.395924810611884,0.39295984641355,0.424724287422881,0.453095266261176,0.511870609378183,0.560627192402409,0.624820005027348,0.719315661340835,0.763316332267505,0.839867369793614,0.884941997584151,0.950005672149751,0.996510643354061,1.02547479623517,1.0439320946347,1.05147735168831,1.04640607551543,1.03632057192889,1.02509276642172,1.05758613897205,1.16954020693068,1.27665713628833,1.37097389479398,1.39513887489184,1.55962556141186,1.55247020929435,1.43172509654081,1.35186189727841,1.24352134385781,1.19489715720016,1.11730954157473,1.03427541493356,0.942891250697908,1.05122839619167,1.05146832836292,1.05484388553836,1.04105663132462,1.05765042217219,0.953405699089822,0.948911872591785,0.934426463285011,0.917396528291592,0.950026453232954,0.946729997934966,0.928372711487357,0.928496906341253,0.925200564580605,1.06139922530758,1.06205229641014,1.05363686021363,1.05635551848315,1.05486101642994,1.04651788880341,0.949980206641722,0.950969726336567,0.953527479729043,0.957321085649407,0.959855597527171,0.962517546994523,0.970567707492406,0.969001166924588,0.954381509305807,0.949684102347261,0.956514323505828,0.953786445747153,0.936140959384967,1.02238064500768,1.01046392639536,0.992422442732509,0.978041004277736
"5",0.0153916518880545,0.0145323236344487,0.0137531368820946,0.0133085008469805,0.0129200648774359,0.0130152680871618,0.013164162511326,0.0142453196837534,0.0152442734413424,0.0163862775792115,0.0175890919798601,0.0191084497599256,0.0206869991922143,0.0261971116395038,0.0332603221168431,0.0418893156005872,0.052679970595743,0.0670881720242789,0.0858980192211956,0.116051958500295,0.160206143099306,0.222989189114524,0.317699409659772,0.455315889293336,0.678091734875468,0.834752058774142,1.05027908918243,1.29424707238992,1.63617311728158,1.96035102476292,2.30417163383075,2.11280793359251,1.97780521053905,1.85427682233115,1.73862655151587,1.62160458830811,1.53332991866784,0.875255238811875,0.870084281722781,0.785793355759612,0.788981081512735,0.792741226886131,0.780646916526208,0.776132746912717,0.767595557033004,0.760411608029099,0.750486816367462,0.74760645645349,0.740740464916657,0.737649033724905,0.662804581410603,0.655683617267889,0.648059590524117,0.742653342312018,0.728407516179043,0.713238499644077,0.698152168033461,0.799417384218087,0.785278391865206,0.89930797953934,0.888473107441961,1.02158401982083,1.01271256522897,1.10864681050215,1.26523854496864,1.24274611362657,1.41289195418391,1.41291096392952,1.2872789318671,1.26347180396773,1.44613416548734,1.43360231068706,1.41508944233309,1.39799184625526
"6",1.74802585762654,1.63816940593527,1.69260694467807,1.66848771538307,1.62659649542595,1.6049901497423,1.56504127534633,1.52519627535976,1.42821250364856,1.30088936461309,1.18717900829675,1.11893918627794,1.08130362563815,1.05397606628009,1.00073536032301,0.943473722877246,0.872763088269423,0.797375037248618,0.715508152160246,0.645062069695458,0.554619235087597,0.477020036130509,0.413842114765859,0.361886616067947,0.325171115046912,0.292120194829796,0.294750424694096,0.294311256597428,0.294478566322448,0.294573497187374,0.294268521630979,0.290360765910923,0.245773971267714,0.210207716807589,0.179524315841363,0.153415448880178,0.130970127385817,1.93426406382179,1.69827221653376,1.69970948109373,1.68152293433056,1.53597837007619,1.51452196739272,1.31476860934249,1.2873881492238,1.25512024228502,1.09281611057505,1.08796237621088,0.939046874583719,0.934674759153478,0.813258907109561,0.816891291023278,0.813810588681224,0.80468628060378,0.799330522079652,0.696308924043329,0.684299766353525,0.672588332637098,0.668607516823174,0.664836424830981,0.664695466281635,0.665491782876015,0.66871449872566,0.6789025713377,0.621610342997163,0.534812665651064,0.530228907734587,0.53475109329222,0.531845120184823,0.459765681075393,0.461188066827698,0.455432874256616,0.446549495925952,0.438478908517203
"7",1.29293988916345,1.38143505176901,1.39125773082446,1.3858679560515,1.37951754677711,1.37151616864304,1.36694991122974,1.32672861839737,1.32456131033624,1.22157354736121,1.13052878177745,1.04652384195577,0.974434995372028,0.889659437441886,0.855317019607359,0.882917119509956,0.90481280306089,0.926669082235343,0.956847992587825,1.00151102071354,1.01195210050472,0.966797844909668,0.923399167374965,0.880184537800775,0.85110209340645,0.823263970198888,0.798217317382511,0.744508151933083,0.675660087130428,0.626828440258356,0.594828832524454,0.548767044971524,0.510208379303468,0.476460549878346,0.443681865895563,0.412760513010643,0.379524844210236,1.67991822120204,1.66440902352994,1.50824844148425,1.30000318137773,1.30609966250649,1.28940875618521,1.28828548214087,0.991210649134582,0.986141905531184,0.975888044211948,0.975162661717725,0.974017186677019,0.835549531767495,0.836351608173004,0.91974255740555,0.910551145529868,0.895605375078987,0.882504828262722,0.870427773849643,0.953008935237315,0.952884174551266,0.951878734464717,0.954244234241544,0.815949409102498,0.821576976563715,0.823576423306007,0.829430546493164,0.707144336530863,0.711087751469249,0.711558653412568,0.786955970776399,0.795722663437777,0.674545079174925,0.677168802740774,0.685357371659883,0.58767572346073,0.602856986000338
"8",1.08592023574209,1.27822271200906,1.32218182702057,1.33497484541302,1.34813348785777,1.35472154778032,1.36813872373638,1.34822086732954,1.34848085539318,1.35419888325005,1.35711902610901,1.36225765874625,1.38344973420687,1.40709247947308,1.31285023945938,1.20559573256101,1.10773351966665,1.00966528942129,0.926822321266511,0.838548212871267,0.772068703510166,0.707918717805658,0.656312847591005,0.604276817870275,0.553186626352858,0.51370881023341,0.48662569489184,0.465142570764884,0.432589270626136,0.411209114708162,0.389822878303817,0.367650388954466,0.354383497935196,0.339091609548004,0.324848532708849,0.306930177046343,0.291859877602324,0.818876828437562,0.945999263969153,0.958356641395066,0.951418411745988,0.974556370722334,0.965872612204524,1.10172224930894,0.997251197413874,0.978290057021672,1.10580546596737,1.10583736901743,1.08672230553279,1.24058580540112,1.23608372848988,1.24377626213793,1.24239993571265,1.2309190460144,1.07825780822154,1.07191951723432,0.968951227099588,0.953684629588106,0.949022783895175,0.944542680311423,0.944272677959073,0.868284967605862,0.871669164171151,0.881736280988953,0.880658606136206,0.865503668922649,0.860330188612735,0.869526910747002,0.868828467499214,0.856286605068075,0.859731293994268,0.850081832969605,0.766891629877646,0.754315883291123
"9",1.16475798815553,1.24415905225846,1.26594302977029,1.19060938955641,1.12323585019811,1.07118629687774,1.02185553981616,0.966156997567275,0.929589908033535,0.915010886367566,0.90593791098355,0.898079248931678,0.906119332813983,0.892216387723666,0.903530850650786,0.931478360083691,0.956152825361742,0.982854386874345,0.987404996744021,1.01790873504258,1.05068864783505,1.06467282551925,1.08391839149976,1.07421496640124,1.09733684133441,1.11257851369164,1.12008270137207,1.09545400459991,1.06788022103532,0.961277597553488,0.883490144358553,0.786836269660131,0.724400845810429,0.701229479220118,0.66455764062019,0.640977957810715,0.60946861265496,1.54389018324818,1.55510469813529,1.55627732148847,1.53895197792016,1.52637347642369,1.49900354285009,1.46955226587815,1.25812330856471,1.12273128146543,1.10894087081577,1.09934604565457,1.08031821962084,1.06952301262337,0.968614585523283,0.965705506649858,0.955051744610129,0.936098453475684,0.917136860311204,0.825726801129139,0.803091218052051,0.781153882931473,0.770149804950822,0.759368807048204,0.669525658699593,0.671729679356137,0.678400353379238,0.690483938050012,0.691665068729574,0.595759374970302,0.54795223362939,0.558666983167954,0.515741282103228,0.450446090202532,0.456295322161886,0.417654932780412,0.412941237780553,0.408984772092913
"10",2.1722023054793,2.10757427556137,1.91174994964652,1.72362415160083,1.55661168323302,1.39891510095566,1.28657625038149,1.14466137510177,1.06266207910713,1.01328693828976,0.962453130628442,0.923838269938524,0.880290956261902,0.840667046523941,0.816228018723001,0.776375132235863,0.739557767695279,0.698840091532592,0.658952136016311,0.629756465164546,0.601896820146419,0.611304709885258,0.620443114956148,0.63343681254242,0.653306896053085,0.679138129987941,0.696923646892228,0.614190519302898,0.529647544316551,0.462691143294423,0.40888539968157,0.349919344297513,0.304031403591616,0.254576619906046,0.213126825202988,0.180935429776059,0.15211268190671,1.63081726098241,1.79691687406054,1.57917618408039,1.5611607515424,1.56820302104026,1.54767688605586,1.66542476741147,1.31635011800652,1.2838343396349,1.2708511927165,1.264152877732,1.09092813880294,0.995653713101469,0.986631971002215,0.987897083035693,0.98223650651371,0.850462975041454,0.845006628189484,0.834977464003682,0.818069627921921,0.70449335179708,0.69864352861445,0.609376281947343,0.53279900073068,0.467158558450403,0.410234281866907,0.360547377867913,0.3586534493006,0.351549419349111,0.304863533982231,0.306398496835586,0.306737625780556,0.302185908864194,0.266293950611618,0.265121359335785,0.262935999036329,0.260464263189455
"11",0.122097102914472,0.157970979570351,0.202430156118268,0.263001466288567,0.33779821612231,0.434592254947032,0.494468802385039,0.556144909615569,0.630404372449416,0.720576232738776,0.825576722360632,0.951893971923405,0.879875208660553,0.809764153302066,0.73253830959289,0.656444880212673,0.584110935249701,0.521220841133416,0.594824701816431,0.687819385149284,0.792108888909811,0.911982364190197,1.04829085584876,1.21958884258919,1.34069878553241,1.47014219045222,1.59858978568343,1.72727931555948,1.90914167666408,2.01538261439412,1.60830934855455,1.29191968534623,1.06807940614597,0.883035810090902,0.728989764576414,0.608601106818817,0.569027103312465,0.716867506453879,0.823217608003055,0.94975432451835,1.02339962454393,1.17110693588857,1.31627225713447,1.29100032425295,1.25759552555996,1.22361970725899,1.21553392199409,1.20778815530984,1.19438889526696,1.18417646727873,1.17003311947835,1.17484791555644,1.17254508338065,1.1585114912295,1.14177559201647,0.993256342052486,0.976699629601896,0.848949686742244,0.849049801024174,0.850080653254853,0.753980738978913,0.760699938907674,0.77324345421906,0.793903830709836,0.799882230693782,0.792179690893035,0.78895770856649,0.796191716694015,0.793652927951285,0.753674901587384,0.754779889565735,0.744724244461128,0.729332789995011,0.78518560065897
"12",1.17664634516094,1.04946940994501,0.964808421293603,0.88924717329441,0.818990918705854,0.753624986719078,0.685922595900164,0.668465641315078,0.628227288297937,0.617945964329945,0.604443377488567,0.601869466719734,0.589154743545668,0.650006818356271,0.686452685036644,0.728890932881783,0.783047229113976,0.831465180690726,0.878898990719177,0.919748032386924,0.949765508674791,0.980041133176077,1.02093050046068,1.06440917521212,1.07326391782879,1.07826591842637,1.09254682788204,1.10902242614988,1.13339240542745,1.15521580423701,1.18060584401732,1.210794744874,1.25674754557297,1.29648981672886,1.34964002242077,1.38562246421986,1.47670488887047,1.19579390236024,1.20754472439951,1.21405104700862,1.21364012537072,1.18448191511621,1.17584463138604,1.14943540522814,1.12409219141071,1.0130513154248,1.01763375958226,1.01796438803493,1.02762214610161,1.02581884809563,1.02331668839877,1.02725342000834,1.0231053485801,1.00915255733361,0.980650455709587,0.965867519972077,0.947983171575272,0.827069256498062,0.825956195744721,0.825815053321377,0.834795064532965,0.84958627396698,0.87502553072714,0.920478870832956,0.942665796065191,0.953654499939654,0.955317794379599,0.866978181716564,0.861619676429029,0.865784850256887,0.858010221659567,0.844473047071207,0.756299379330977,0.756287703198817
"13",0.466040059498285,0.48793266892733,0.503098902470843,0.511386601160636,0.518884774067987,0.527568677378006,0.595534126675959,0.664011983116563,0.744751616139266,0.839087870764762,0.933812555635333,1.06292231736764,1.06342485946436,1.05331225100045,1.05964076483909,1.10437891653068,1.14977565064381,1.19557467961463,1.17122635786273,1.15126058013686,1.14018125204523,1.07833899078941,1.0251402806593,0.974720943992135,0.987511479969895,1.011722273428,1.02331294166381,1.04066310014373,1.04339966651049,1.06456379544633,1.10330214963765,1.12984175150133,1.14606388492166,1.17043889802318,1.18388448642999,1.19285386788059,1.25643978305133,0.510172007014315,0.515846225776361,0.516329584049399,0.515311196668163,0.574636107061,0.56965056194635,0.559233069522809,0.623710729888507,0.695507139393234,0.701871377507476,0.73790963962261,0.86633557891608,0.865906660603771,0.871072899326547,0.874669623844042,0.97947894664089,0.946414519605551,0.881818344978666,0.853480503451496,0.933257548900313,0.914882777325902,0.909780668085308,0.905664151952245,0.920611325970964,1.05319976187362,1.0816405605913,1.32133071645498,1.24740315647904,1.47591968448517,1.45474359484923,1.37013035115081,1.36414764065052,1.2922442027943,1.25448368897597,1.23594219644768,1.21006896175676,1.27520185916721
"14",0.559063025179302,0.617274257567902,0.661891285949894,0.657955829354616,0.662085231123945,0.656405587515586,0.651534932117762,0.637867721419217,0.631311149931771,0.644732230615753,0.659351549219924,0.673952054952476,0.696991020490739,0.710536591245518,0.738087912168912,0.74827629868099,0.758868053821185,0.767896098492539,0.778295312024806,0.791181222052962,0.809022068952458,0.835008163981099,0.849420319669072,0.871682211629073,0.900324578439318,0.933341363593422,0.98100026028942,1.09387295315585,1.20543312672106,1.33013435115187,1.46063460274539,1.57549240289963,1.73800846238888,1.64499840637308,1.5435348234845,1.4485674954056,1.34899752518555,1.2504916779442,1.09118920744338,1.09118469094584,1.07608338912004,1.19047053833045,1.16901278717262,1.01063415253015,0.990505917837203,0.967563329938028,0.951210441783785,0.943603319863978,0.920959629937875,0.914340435115256,0.905220575626746,0.900457762162417,0.898408761327394,0.886913366184845,0.885454782826664,0.87671592194002,0.864353161847689,0.851443579022918,0.923932697014616,0.918667490197083,0.914266120604804,0.913954762749833,0.914559861854529,1.00271767618106,0.999642725031419,0.982915022605689,0.976233134996142,0.982230712900181,0.981959474170245,1.05292724836541,1.05534676386107,1.04425391666008,1.02664384921473,1.01062764108405
"15",0.368319268100954,0.406101997857178,0.439519453958592,0.47133693707039,0.506363988033368,0.551044128063407,0.601652157486662,0.650520411124597,0.705608082074376,0.768790758711273,0.857832404697313,0.939927286832507,0.970261461272405,0.988833702722859,1.02879895401917,1.08124266325359,1.10801355891254,1.13846044590368,1.20800095971423,1.28695248760404,1.40775607938566,1.50215813244863,1.61670440739456,1.74582083739235,1.3859922131812,1.10629855745105,0.880125658968117,0.710077910055745,0.563936754185064,0.456181337233196,0.553047980416767,0.648608247483729,0.769766071764271,0.908943464636506,1.05973844505517,1.25240197543058,1.32591817312046,0.64910249218668,0.650167671661014,0.647706396679687,0.63571759217407,0.637268992625853,0.679866006642203,0.672932909617772,0.658013289653288,0.640696921002567,0.719690234359111,0.778379336818087,0.767776648604595,0.762702910429561,0.863711351577181,0.864142735258306,0.932227865822585,0.915238857140565,0.892891074142762,0.997526815719452,0.97237943477477,1.03518367764363,1.02362179737724,1.14754570516807,1.14819187996133,1.14933516101264,1.160576830105,1.19929372894129,1.20689815167509,1.19644994489864,1.17926196665603,1.26595463447707,1.25024442300566,1.24524285567926,1.22427322850426,1.19382782703901,1.25839882349243,1.25368713357231
"16",0.0202447064882442,0.0217984771671932,0.0227828284979246,0.0232782125153395,0.0241872732851835,0.0264094213335101,0.0291661903913529,0.0314720923324258,0.0346688209391735,0.0382036951269686,0.0425214320950392,0.0498100957132614,0.0593746816378565,0.0720430866593339,0.0881259725122393,0.109298689268664,0.137072264545801,0.2068627760406,0.318225207749411,0.50061559943824,0.819086042731537,1.28543120641562,2.06182993884853,1.8675074670336,2.0761205724911,2.02395744343978,1.96479398095211,1.57938776580698,1.76811855937645,1.54526445265084,1.22510948674567,1.06873184360878,0.878509566427862,0.764274988949685,0.659131154852669,0.614837474596099,0.630097758188927,0.51952508528773,0.513601767169651,0.511220055447265,0.514065194179706,0.599778936582998,0.591657708047876,0.648963924412221,0.640300073848878,0.63366824028048,0.626215915096984,0.622012198656137,0.681228410729158,0.678263601507051,0.673829366124763,0.775862760060529,0.769802596857364,0.756641151265438,0.748694898127242,0.737589297847636,0.843684913320008,0.832270987655029,0.823821201962559,0.902010396612595,0.89645145339147,1.03389911446882,1.03215447074189,1.03314813290432,1.12894526675776,1.28019042833391,1.27241072142711,1.27767781890824,1.46466295291533,1.43998090070198,1.64938494807706,1.64310103640724,1.62902480979952,1.61543610595575
"17",0.17395100556976,0.16806873531035,0.161062550036929,0.134875351604415,0.112851076035118,0.0942988345895353,0.0777727352340922,0.0638844530946806,0.0517147931394051,0.0570935871736526,0.0619491552528657,0.0673700848641688,0.0723020095899054,0.077586693884056,0.0829545378833331,0.115853851446644,0.16247260043015,0.228336014299601,0.322539210150423,0.470878759876076,0.694259317803888,0.801507498171274,0.925088437301543,1.07939139865626,1.27506422851496,1.51657011375931,1.81643776895029,1.81968270437634,1.81640431973042,1.78885239201355,1.75967588089079,1.71237762258352,1.66649791595289,1.48933739829292,1.32279698308691,1.17589525964963,1.03818270368002,0.66343284710245,0.762516394172717,0.757028354703785,0.753640961883139,0.636985421184655,0.626524428913111,0.616395317709165,0.607182504013444,0.599920123891665,0.660570196062547,0.657648347651359,0.653029001919881,0.652171813739325,0.759268626546613,0.75579283640601,0.754035914171456,0.743324596998251,0.737073327229044,0.852709875811852,0.934622808026646,0.928935113056097,0.927983502461209,1.07630796216833,1.07821137345875,1.25477246480473,1.26403550536725,1.27762465825569,1.2852736960684,1.27962844817727,1.2828533258548,1.29525718069147,1.30906475125597,1.29963145922693,1.31318402076433,1.31817259983108,1.31685443205294,1.31756468952046
"18",1.44808106133257,1.55618645370189,1.59726198951342,1.59435917619074,1.55745926397287,1.52391645464994,1.50140117535997,1.46006133330043,1.45095366438529,1.43298772503818,1.38392838106821,1.33884357122673,1.31220529294398,1.27285208272491,1.2448238727576,1.19747371579974,0.973077472276093,0.788794994089761,0.657147611164107,0.54281198069522,0.456733959911073,0.396438817193915,0.328262163973473,0.267953492233388,0.222501983324533,0.185749679917471,0.154995265286781,0.130873807240346,0.122016204023692,0.116303866576851,0.112322192202825,0.1067107780659,0.101889050879293,0.096317184123032,0.0927405271500476,0.0891286544733698,0.0861096548077206,0.877197407612725,0.87944313623497,0.883017320141883,0.879123305404045,0.895682404417491,0.886874892434074,0.889230911262509,1.01202195128246,1.00005707292257,0.993330420838455,0.998078217941805,0.987159676392759,0.994960751528605,1.00149317468372,1.01395487053627,1.0213888751097,1.02231788142816,1.03278879035577,1.13646376571571,1.13364898665139,1.13102232785794,1.12458599837414,1.11836591691797,1.021614068867,1.02161969732954,1.01752462878043,1.02485100582863,1.01943094797711,1.00185901108191,0.994833648916307,0.956126916800514,0.956731061873903,0.940690731599832,0.944302826690464,0.937470286885338,0.811581717377381,0.804090633426469
"19",1.95082222053208,2.00671551377573,1.96299676083823,1.81905084093811,1.68565688736784,1.53510209682519,1.41706928817378,1.30305676012358,1.21992870471113,1.09850085498334,0.990880646263887,0.894358826474797,0.810219247357506,0.726380594058634,0.661913323459898,0.634822139994943,0.612380862571638,0.5881163536128,0.564583632025189,0.54437113891908,0.527075189109755,0.522358359459875,0.523024300994806,0.519300977440989,0.516872790712198,0.518452515020231,0.519171221291352,0.514638097786717,0.50347980956027,0.501810686566472,0.502178106252423,0.495569603914432,0.485556219512194,0.479095023695705,0.469033116259267,0.460658729507434,0.445425010430387,0.903929006840884,0.909020507577511,0.91062230237006,0.907184231351582,0.897343015755161,0.817235751008759,0.804703925774647,0.895957388021334,0.877524797077785,0.878725987073477,0.878640484221597,0.882824306805725,0.881064889729747,0.878463402322614,0.882195628049762,0.877896312427403,0.866372459082098,0.959739325971995,0.945484820406831,0.927550131241883,0.916746743974839,0.917183231220642,1.04111089641251,1.0564700886205,1.06835530987301,1.09419116943015,1.31128646244838,1.21599793954159,1.21588237886462,1.19611504534194,1.16656111984609,1.15115546752291,1.05675142476078,1.03682739569042,1.01286356407828,0.982678921578999,0.983685381162309
"20",1.0252856127375,1.00568729194702,0.987215214749537,0.974785805431753,1.00212104462554,1.0338172958118,1.0739294387428,1.1105412482088,1.13493270538562,1.16959424114797,1.1898394398693,1.20740209847836,1.19904946334501,1.21562778033292,1.24346098342023,1.29316404024765,1.25444816911802,1.21613256894206,1.18657912027693,1.16037108720586,1.11752015250392,1.07865340503698,1.01680676166947,0.956949996619147,0.89123712531312,0.835408598137351,0.780609790180739,0.734536377561962,0.694029793715471,0.658262111810761,0.621353660581919,0.587775224575058,0.561148245342963,0.531904109781414,0.523305821065107,0.524771317639557,0.534500604394522,1.15647964566936,1.16578350885043,1.16603416876796,1.16008890812647,1.13413124763356,1.12081486734686,1.09820874229295,1.07430847405415,1.04967948452642,1.05179597524934,1.05272915320286,1.05790422008577,0.967732991681397,0.967185841947479,0.970036773524215,1.05008145517158,1.03125825943353,0.998194302339177,0.9817865464469,0.959577093203818,0.948587796700891,0.9463571151431,0.943991521141517,0.9547728023263,0.884673556356252,0.899502357203869,0.936969659996493,0.94996253183205,0.949547853857517,0.942541341493086,0.935385255967802,0.932501071843111,0.81953240192354,0.814476610228879,0.73446183443255,0.715556398562228,0.713090720883893
"21",0.762450831651547,0.759859682988978,0.765838763562089,0.763064851346162,0.774433766630685,0.787621462518821,0.80433360387623,0.843690663143906,0.863739376449044,0.905568046979079,0.94817643614634,0.99296763021872,1.03668701883255,1.04031331345194,1.05868824291669,1.08041562569183,1.10678671150042,1.13501003728482,1.14890228257955,1.17798313399236,1.20658257532726,1.23356964611014,1.25459128001743,1.29063783913455,1.32543241317479,1.23427976220973,1.14532900456488,1.06385568547613,0.982087706508237,0.920733799591495,0.862732656049228,0.831730804678539,0.793053238345829,0.766258063099756,0.746107137281649,0.726019628027498,0.698085301696951,0.841730539735236,0.974318987865034,0.980172216160319,0.890646479657642,1.01609872890439,1.00520103305563,1.12977814050422,1.10846778335709,0.998643492124518,0.996882366001634,1.13591198965072,1.13818503959876,1.13794839379755,1.04478348672491,1.05519020601112,1.05429400045689,1.04577636750171,1.0285535937208,0.939813954767884,0.926496655136312,1.0415045242106,1.04149698160507,0.958509213417208,0.968840378951878,0.977289837522263,0.994015293033577,1.03377001213859,0.95938524768394,0.957295722478942,0.952271882710277,0.953399884702008,0.944347991410683,0.861391714793584,0.853468338511116,0.836784804560453,0.813274814763463,0.737281463573301
"22",1.2992228900525,1.28434119190887,1.27475810199059,1.26959376555541,1.27002380417082,1.27133219109829,1.27593762744402,1.28117381210795,1.27620287161015,1.28185097845112,1.28667433441497,1.27884045471441,1.26362633296669,1.25976430655325,1.24619987295383,1.21134650666338,1.18967078279651,1.06968097079219,0.960895696197664,0.862385857751994,0.768960893020585,0.678781463997558,0.597229585855439,0.565931352764849,0.536338626050154,0.505871798424491,0.474536392183104,0.455749285047743,0.43882052479977,0.475791578775657,0.509684463243539,0.55225848085934,0.598622237622641,0.642948313528569,0.694607614572355,0.698368308205277,0.708762545486397,0.893507221731154,0.901676900552144,1.03681914036988,1.02578120824376,1.02543066647854,1.01192227944859,0.998394676003668,0.977005986793849,0.95254192486405,0.946632688395689,0.943886596769362,0.933698574034766,0.929987544322997,0.925034987956045,0.928547740850724,0.930781584677471,0.924556195786171,0.916464952230313,0.912109821140195,0.900903429657128,0.892317117580516,0.895867412045705,0.899169360453741,0.911140417425851,1.04732735954463,1.06772702153651,1.11071552360382,1.12127712533009,1.11433792381718,1.10646763896998,1.10543925377988,1.10093965670579,1.10044199431849,0.9623293422481,0.949741993981885,0.927969208760381,1.05610464551299
"23",2.01576365580994,2.0786824645609,1.9192585296357,1.75750261982324,1.61703081753144,1.49612174815796,1.38494316242279,1.28033824605948,1.16042536791859,1.0596658303994,0.967774098269115,0.884195781919218,0.8075666976144,0.731950112280175,0.681037922700714,0.638974321132481,0.602139058194986,0.57265404192675,0.539953321413839,0.5085265185895,0.492605168703971,0.474588721640192,0.461438778975265,0.443933719813221,0.430093559972857,0.410908052417341,0.431823032957227,0.452940716250169,0.478951432304988,0.511252624916833,0.540629831279316,0.572930910965184,0.601988342803943,0.628716443700973,0.663295448768434,0.695293435679136,0.727080937769223,1.52230551764885,1.52811817144566,1.5202807319078,1.51783235614842,1.4588960099751,1.44080991962345,1.40148833691845,1.36581899383941,1.17309799119864,1.17421542282213,1.17097950970645,1.18090388995285,1.0260499965627,0.934475538440067,0.93463929112772,0.925495806363879,0.796708071374622,0.775219042302528,0.761516048479695,0.743730380694005,0.73035534295355,0.724561902700838,0.718889424059957,0.722788061033965,0.725271742430904,0.735090097554781,0.759159733078345,0.669576373055647,0.663075710284663,0.652846185745994,0.647230467706022,0.560364530690276,0.553654748362584,0.547635531252902,0.534822191099899,0.520265389429033,0.449764479569167
"24",0.842525589145531,0.96150822275365,1.07223311773837,1.17096777447574,1.28513637276815,1.40486750709889,1.52932418752306,1.54410653902142,1.58408239388449,1.63055655324992,1.66030577402378,1.70322301834983,1.80445165133353,1.57396222474652,1.37935644874632,1.19706903301651,1.03885992220067,0.900460436431303,0.780527272507107,0.57010794966908,0.420259989198479,0.312907833628065,0.241579643954876,0.183312279771553,0.139036473929024,0.139762915529784,0.140867003995731,0.145535910217854,0.14929074310466,0.155335342860639,0.161482534087768,0.175065027976546,0.190851483084594,0.207324166711558,0.214733947570258,0.223342782945057,0.229415279106578,0.736995968523717,0.744776197703128,0.755974857193851,0.748473595200278,0.764021312057018,0.754325834999575,0.747819436420948,0.834555920578218,0.814603214617596,0.805548536087018,0.802360531195253,0.897195489149531,0.974657496446274,0.967284210777825,1.1074889203935,1.1060062066145,1.24717836639046,1.23858967585789,1.22538684137962,1.2044641740244,1.18492029525,1.18150882168972,1.27982872096814,1.12901077957468,1.13352250007663,1.14529139074813,1.16716218029331,1.11708153777874,1.08796969639227,1.06754319557707,1.06338648278177,0.918055823795683,0.894747019727658,0.777910482929723,0.770515318281579,0.758027015299589,0.658194146056546
"25",0.0719076861287823,0.0786489397813586,0.0874849264838165,0.0961271421891912,0.107205304355692,0.119603748183403,0.133799311019689,0.150378288309535,0.169409079242411,0.192933973071336,0.218319805246185,0.246237880971029,0.274029175194178,0.27409454372921,0.279560711083852,0.285282107507905,0.291884731713988,0.29502564172551,0.304247393914814,0.344868695890628,0.413395900388867,0.497868669722895,0.594508477949445,0.719086633384357,0.872283886777902,1.00295363050495,1.09618221559573,1.2409081319218,1.36638303437662,1.54044753013654,1.73224385030688,1.85868067674926,1.89406295664966,1.92250355575097,1.9390677518611,1.94902750193593,1.9242217698547,1.211474420475,1.39689593956688,1.39709039576185,1.26679276650074,1.27353284626485,1.43192787887623,1.42689654876132,1.29195941072072,1.26669857865277,1.25529762976878,1.25303491995761,1.24443509617337,1.14204166021195,1.13928676870363,1.00013546600683,0.989381594102945,0.975832873054917,0.884853503322185,0.768966932464734,0.855031194261721,0.822042203590566,0.797430922860514,0.711307261886073,0.788462641797647,0.77035185914722,0.75565549173944,0.694625186879043,0.682412200513776,0.660016112102784,0.643452031165651,0.638237607304728,0.571839270916578,0.565973059519293,0.569452792034277,0.564279771812058,0.555853604328655,0.548614665515291
"26",0.216907186951465,0.241889845473585,0.267662477614217,0.294845645330427,0.324372330156468,0.326223745116383,0.330857328945082,0.333301579863861,0.337246322364038,0.340063960111567,0.344017012243081,0.355968856399315,0.368208499918093,0.376760207434998,0.394943137770413,0.408547025673691,0.423533081400655,0.41405133398699,0.4087697103576,0.403690053185414,0.400572360230031,0.399790754196603,0.398675884784848,0.446071325388388,0.496368744224705,0.555127197937444,0.622511919373882,0.706929946987463,0.780298798780772,0.967660157773266,1.20196774382449,1.46446901806456,1.79407963421959,2.18395556637448,2.61095723081532,2.46762539389199,2.32349240374748,0.763413460230736,0.769022551190313,0.773889189307585,0.764445818699239,0.779483354420114,0.768584221894379,0.767277290272935,0.861005705942048,0.917990488249082,0.907359319737962,0.905184363220308,1.01377338677303,1.01429224769292,1.01212971505863,1.02014099198511,1.01893909702475,1.15306222833706,1.14873156003884,1.14285147625477,1.12519517942854,1.10906783224393,1.10458693383888,1.09954185500473,1.10130495840122,1.1075354100974,1.11606416634916,1.14120158568522,1.1441744557071,1.12875222370254,0.983994240912222,0.995760666240348,0.994677796739217,0.984338638836901,0.98734408053277,0.856923795439003,0.839581805008502,0.828053717051979
"27",5.59800565192028,1.87891073575399,0.839235235005566,0.480669919122993,0.302988990614194,0.200188671136031,0.137429401455579,0.0985852025181103,0.0883128987295483,0.0753351421376846,0.0625935136114662,0.0578886355747122,0.0565979956970308,0.0612874320908178,0.05481144043916,0.0452588269810906,0.0351803930103131,0.0259714957993008,0.0185555811183873,0.0133487556249459,0.00983101060824511,0.00946389525417547,0.00920212633301602,0.00921695959298597,0.00971574350753315,0.00979862012653162,0.0100815467270824,0.00882859674996342,0.00783993173465004,0.00681086275656329,0.00587719457371339,0.00499163256586032,0.00433093089982059,0.00442568192346147,0.00451514578540747,0.00453599841622997,0.00460885842758831,1.99173549855937,1.95309800879439,1.88243736444137,1.95960992727218,1.33072074822801,1.33006380570072,1.24976169414393,1.21706905593819,1.10685125575661,1.00016329896952,1.00462946170607,1.07604879718674,1.06869808844997,0.934110735982173,0.925868971708447,0.914330311006804,0.777392921005311,0.719555730543839,0.618587243393367,0.605716254700879,0.604909138765779,0.608148813388143,0.612895582899109,0.631584752914665,0.644665978455971,0.617566577614006,0.670207537875005,0.611103064013641,0.503543388620328,0.502976384460483,0.427414889830185,0.343937808208385,0.353044124009184,0.278343461942307,0.240268825397804,0.215412861215624,0.189400315385783
"28",1.67547084318887,1.51819217259323,1.49106074805462,1.42860586333594,1.37335035720247,1.32078013748279,1.27917523772945,1.22759016562719,1.16450917465232,1.10997658078228,1.06112899246979,1.01009630176341,0.981232713876636,0.922760412090316,0.885619749589007,0.836773498660244,0.806819844256184,0.759493753561069,0.71701681894675,0.68273227940962,0.71748420055696,0.753803454113524,0.790350685689817,0.831387517324392,0.864348086968843,0.906008870738857,0.860170789771891,0.825832059085264,0.772228687056172,0.734156475035592,0.722191965539978,0.700681422176201,0.684530818946333,0.665924208118727,0.642522679926907,0.620671152298668,0.601651844888354,1.35131336892302,1.35510809743982,1.35911374104256,1.33918865642098,1.19468659845054,1.17494560606117,1.17045930911047,1.14837009155546,1.12350747114052,1.10378942632475,1.09502935313135,1.07035805691267,1.16316229945598,1.15428224702667,1.15617182309741,1.00777020463537,1.0880248507056,1.08763221942816,1.07818003746041,0.929502701112621,0.91436535509376,0.907593741850461,0.790392468121861,0.786815915322727,0.692398466598373,0.696161993097428,0.703257405296824,0.703306981299822,0.695077650991052,0.693035379066285,0.694733022525432,0.689192959710966,0.673262538577353,0.670966477502923,0.661688465161794,0.649903342537187,0.634576473509654
"29",0.905957554262294,0.940938131275893,0.962688030780969,0.977937722035407,1.01492272532294,1.04775567617577,1.08327463758432,1.10997165002213,1.13709688558801,1.17584099099329,1.14183283286467,1.10436035842521,1.07470462839066,1.03596680784674,1.01806850359704,0.992379108981315,0.969917231127029,0.946106916650135,0.926291455258206,0.907685235096859,0.895858336317087,0.878799649362183,0.87894937976293,0.888788848338311,0.894824392736012,0.907438514565749,0.913933339301759,0.938139340306688,0.939238925157688,0.945454822379372,0.958686735744666,0.955271329566205,0.966466429614655,0.96916709001609,0.987233255913919,0.997421678227472,0.991833106963137,1.28708265335899,1.29952875662745,1.3108787548048,1.29779186990338,1.300661410468,1.28649203843793,1.27048338361082,1.2440309323143,1.21603526671337,1.21022777026931,1.20686414546582,1.04771509055602,1.04349466349776,1.03592070488753,1.03871142988156,0.906734556725743,0.896568737180794,0.888519511321783,0.878512198668524,0.862654991714632,0.848195287178539,0.844773350475172,0.841956161990296,0.841536247964289,0.842185126244995,0.848680612029578,0.758253774064952,0.756429010404284,0.741951253054663,0.734457326650542,0.738348801351544,0.732028422640996,0.721214785788306,0.718974222556253,0.705875124948363,0.691051716091552,0.680309813484642
"30",1.41479767118374,1.45527688516629,1.42230185799887,1.32583901125417,1.2403075529245,1.16228390161374,1.09763330259633,1.02339336871588,0.97152525758116,0.950858605294904,0.915142335843951,0.882781193728627,0.858356743330763,0.826881117575931,0.810175814293384,0.809656645464909,0.783765156759319,0.768461672408522,0.74161306360138,0.717688958453144,0.709056211031411,0.687570892531107,0.673909442822767,0.659405841487101,0.662178613699585,0.658575137723693,0.64923514883923,0.650150008410603,0.724959550226496,0.820268403702753,0.922159972508134,1.02789128182233,1.14581920175765,1.2864665219964,1.27497798806841,1.28086115308421,1.25336049174189,0.886584161717301,0.891560955668343,0.897775766141743,0.893988289694102,0.91995451066853,0.913919969520008,0.920933005547602,0.914666753032924,0.905738367475508,0.894598199907517,0.892794365903163,0.877816745069829,0.879305636993138,0.876899940700327,0.883023992174334,0.957116291143337,0.947076966382193,1.0298640012635,1.02154516766591,1.00352082942428,1.07356836618634,1.06602723810208,1.05818362320922,1.0551554465878,1.14772894202765,1.14706852043885,1.16040981092337,1.15129151409318,1.12525931979273,1.11010150972396,1.11495938024584,1.1031816217249,0.947354108753454,0.93811501975119,0.915302801463677,0.964849391137811,0.825270497867403
"31",0.487667201055309,0.534315329998059,0.579284369494011,0.617734989781884,0.659740762917657,0.705960576276821,0.757969152004077,0.841524295536451,0.93849145922046,1.0545960486535,1.18566859206808,1.34682679582519,1.51013298896465,1.46374314539154,1.406796858172,1.36526601011814,1.28833988318526,1.23043585105693,1.18731740316887,1.09049361976522,0.997941304340441,0.921836832573688,0.861543582232966,0.801203800084641,0.751280010073065,0.775484654972759,0.809331367526773,0.849454748474179,0.871310713609702,0.9086326023533,0.978609439047294,0.966288541153982,0.949969242341562,0.933926639868715,0.90999630880457,0.868375401577716,0.828544970857607,1.02047746161919,0.938589819488626,0.944692742202863,0.941681442924224,0.960824759635529,0.951985861056721,0.955265675849409,0.947909664135785,1.07477300036245,1.06476093393681,1.22111641079606,1.20541166230828,1.27580799215858,1.28574865283587,1.19591467065174,1.20441782673853,1.10590182886104,1.28048282235695,1.28739244265189,1.28187616326808,1.02209075710358,1.02495744369736,1.02816271820293,1.03337690705858,1.04361169021952,0.837727498783496,0.851065835596342,0.855224616720825,0.852060811831285,0.746680876593666,0.681975306799715,0.680177867593513,0.581449333751904,0.579880652869999,0.576486430642194,0.455078839297987,0.456239864238156
"32",0.877797218306411,1.07172689255537,1.27147866661484,1.47947416379647,1.70473923306422,1.59171660856965,1.48234444369157,1.37890623800934,1.31477769318462,1.25800709789988,1.19801377823133,1.09005970775777,0.997721592070949,0.900116185128586,0.825257878650786,0.749211380048031,0.67428638017402,0.635212739800031,0.599245897529459,0.565039273114606,0.532568657439102,0.50425965333955,0.479841159902463,0.48882724135795,0.503269993912286,0.520322614050797,0.537853422834475,0.560966453412483,0.570616872413615,0.633362930447842,0.707074929137867,0.77731820862194,0.862134783825679,0.950648638057117,1.02978538896657,1.22164146573863,1.4324142185226,0.648275327098463,0.654502739911573,0.757065347147866,0.856725270787618,0.876009481183182,0.988460345997635,0.985855018089234,0.969390452683971,0.949470995158721,0.939872314966675,1.06891533475252,1.05009198880025,1.04979255039902,1.04569024422659,1.05221081066667,1.05099701441146,1.04223673353461,1.04088832073861,1.03472270769698,1.02132740901875,1.00849357682024,1.00761910209099,1.0068750441585,1.01131087918798,1.01690026657614,1.02456677194536,1.04313472281058,1.04377996639071,1.02764944367824,1.02081960665028,1.03142366782553,1.02715300225626,1.01277073050705,1.01358336212426,0.998469809093254,0.975584722096643,0.958219712184074
"33",1.64489231785571,1.58260162271294,1.52379594594414,1.40191937504891,1.28947479295101,1.19278805721616,1.10023713003111,1.01323867988609,0.922910142378257,0.885095640294835,0.844319155439269,0.808735144379292,0.769491071035069,0.741133264029323,0.709762253230083,0.694415830528909,0.683312061888285,0.673611204275654,0.660675012057291,0.661719946603971,0.661464641974919,0.685929497031728,0.717219650527109,0.746277880390402,0.774983639554973,0.795431409687981,0.819365498049356,0.87485881777341,0.912697303999039,0.971335487867219,1.03228891969566,1.09747476353875,1.17153585824138,1.10829614941281,1.0477918776598,0.990276856352436,0.938023258922093,1.4279317210419,1.41719782860562,1.51909848596554,1.34463040010718,1.20697673714836,1.19974148033079,1.14101325673753,0.978086666505794,0.960828390542989,0.981262535805724,0.986559126313318,1.03900883153255,1.0356748843154,1.04140049797639,1.03699911193105,1.02181117354979,0.992121328851927,0.917096378874007,0.786702275687456,0.763444634046021,0.754450136640606,0.746786188634652,0.740640578587523,0.750405042219181,0.753586006790455,0.774699281641543,0.827582113829324,0.852709936353852,0.875649115352159,0.863940522035125,0.8206878841917,0.815940614158327,0.84171871952809,0.817611541385978,0.804906446128774,0.906795915381671,0.959861113870022
"34",0.485726034325811,0.505033479584723,0.513182288082461,0.519362502233319,0.513661539224121,0.518761977018794,0.524433251611297,0.553626811695282,0.584569011603212,0.623802246560274,0.664062131641884,0.713103188253339,0.770907120763208,0.833184649845826,0.915167518467766,0.999901089889122,1.09694945195602,1.16948698020363,1.25181168817433,1.24961543245427,1.25452204090658,1.22822396340569,1.23711840379699,1.22243318611536,1.22247781720256,1.24221699168086,1.25267810290905,1.27418110750167,1.26146195623602,1.23038592040279,1.20098738388684,1.14609054125909,1.10634686115614,1.06140734402202,1.01390694440477,0.968366050809781,0.916985369853669,1.34052854313618,1.318230979285,1.31074962194422,1.31052713201199,1.15551012090832,1.13669240672171,1.10802037719669,1.08488293646535,1.06858107404012,1.05546467939645,1.0443958391377,1.03346568350486,1.01804950365002,1.0011879499303,0.976184911912808,0.96031485581783,0.928752795779621,0.910217420665478,0.890174220830403,0.879164473464851,0.872941762678862,0.762335213693987,0.764254744353937,0.769732086084009,0.78127037428887,0.795827651322056,0.805289354855819,0.819765531779603,0.833913045681017,0.848066992593843,0.849506090149062,0.875558870409525,0.889377572975154,0.908021897729987,0.935510812639393,0.964328414181754,1.0026061531848
"35",0.574388261744817,0.574489322189531,0.553387892519266,0.52623806757081,0.552614705883645,0.586170599453254,0.621212428782765,0.654838471173099,0.694272205941082,0.741128267351164,0.743819837883654,0.753002680220771,0.76720430791778,0.778196300802821,0.805545245330452,0.82281222172033,0.813493874071779,0.798408460680886,0.780451136576655,0.766901071580463,0.756567121779895,0.731187436884985,0.840343854968923,0.963216948897214,1.13351670367982,1.34332160693755,1.56477072952133,1.86624174061753,1.70926892232436,1.58036194202099,1.47216971432505,1.35734319326829,1.25745006622439,1.16806372792932,0.970150774838066,0.79400729546465,0.645982442188639,0.743728738948432,0.749558981951394,0.761675933472372,0.758030470413784,0.814926314233349,0.807849259959693,0.805448476579087,0.794192822013333,0.893517319957941,0.88587043303735,0.884738372892939,0.868602248127402,0.868200594977372,0.863110146991059,0.865808785709786,0.866804903915037,0.860725243846645,0.866188581716005,0.862452320205937,0.974883953598813,0.964681212133803,0.885176978488532,1.01201345784224,1.01629198910053,1.02435311784274,1.17978144346398,1.09885841258598,1.25667978088318,1.24019011395993,1.22507112013693,1.231489159794,1.218671443109,1.19196162033846,1.18768064672773,1.16623379454304,1.14824340009991,1.13093644498065
"36",2.47413694701948,2.44442589732838,2.32986970835319,1.95082444651122,1.66178002835394,1.4057017069752,1.20247778928326,1.02005548619068,0.911756369682821,0.792328215712922,0.688520570774406,0.605698099610495,0.526727981459068,0.462173438997397,0.408268171268816,0.397719022674925,0.387033026959903,0.380237988839394,0.366289188564509,0.353617323626241,0.34445471094306,0.36848458460217,0.398092781384051,0.430479267718114,0.463761380780053,0.514053188466319,0.566004965314543,0.560397397312281,0.55045830713667,0.551213838125852,0.539575434938787,0.52166699910396,0.506392388728336,0.460959366107352,0.414400461655539,0.375622975647028,0.334845912090436,1.22147590024467,1.14218940736354,1.16813659476275,1.1740321128993,1.18743232226789,1.18948931610833,1.18578610276803,1.17393675434041,1.16339519688558,1.03528671979874,1.04953351270932,1.06369805706996,0.991264005435115,0.878958192731883,0.900005450339059,0.915798920412345,0.927875549992969,1.01980533473758,1.03345964622007,1.03969707613258,1.0524428449648,1.04921961907988,1.04599644356493,1.05218696487391,0.855984923818895,0.863883365392789,0.888583214703679,0.891193586767945,0.772241509674991,0.834341734880212,0.836044013196866,0.827815067790283,0.82072705449867,0.713690003631426,0.700029023561605,0.68230208791364,0.671956568466307
"37",0.115968481927947,0.117540275306841,0.117257289201409,0.131608640351932,0.147190808931567,0.165807414258541,0.187615272208038,0.210469579025647,0.232122287254582,0.221515497664849,0.212360167022202,0.202161043212727,0.193279962759443,0.184616478456791,0.179553254064712,0.179767277999864,0.178965117132822,0.179126622218243,0.179576349135103,0.176381929862576,0.178150826556667,0.198354326992475,0.222532635968073,0.24825183946482,0.276040514510309,0.314878317537703,0.359279666836017,0.446407370442789,0.548108414850029,0.683559565275083,0.843728146048939,1.03697100640092,1.26031035510579,1.68035949774895,2.18680410079113,2.84980157691258,3.84764243795733,0.616585546565045,0.613883031515368,0.611944016754352,0.705703002797183,0.711435442518301,0.702696136602812,0.702798433659682,0.698493060225072,0.728329271438876,0.722270125465495,0.724680257844826,0.719058974326336,0.832521654249612,0.83418510692046,0.837245054324724,0.835539878730953,0.951304338638017,0.950542026899978,1.0890768402154,0.986376129764014,0.97938726093214,1.12019425739278,1.11824613202667,1.11895290041657,1.02618546138329,1.02333778270273,1.18171200099987,1.17822046620615,1.16171800351471,1.15582884315996,1.16510076794882,1.33540767139316,1.31588149526605,1.32113641061577,1.20318895800185,1.18662572412771,1.33353376010062
"38",0.671189187523053,0.775471345687745,0.873139772198911,0.888460300080955,0.913825682726315,0.94377366181883,0.977819721103542,0.999132401847054,1.01544094946988,0.997441526795684,0.979772747185252,0.959616461023271,0.93135050306154,0.910193500103957,0.899762682709299,0.891226710246121,0.87035408344928,0.856320352957099,0.838610973347058,0.8322053745349,0.838498760508538,0.843954029585122,0.865308995237906,0.885926217377003,0.909289990384672,0.946453857294324,0.961700014630746,1.0454916817725,1.10575128052455,1.19012734184863,1.28487596905859,1.34674003949222,1.42675266320373,1.2806169444503,1.14275766722596,1.02394813551836,0.894374680715317,0.641613862596257,0.735570003683056,0.732865446477185,0.773277137360434,0.786140448005935,0.781561159551532,0.910485042171616,0.910594805441828,0.95508065928496,0.941564197060718,0.93985050243407,0.928128752899177,0.976274147269987,0.976841709508953,0.980525201377837,0.980216102031109,0.890129208711045,1.02660019563152,0.936145534970461,0.929087557941459,0.923747605214385,0.845992182920665,0.978790349523738,0.985410094001476,0.995503690744555,0.99997373435042,1.06453486680947,1.07403827594149,1.07482622153042,1.08298286656843,1.10464875249554,1.17309654194549,1.17034688862429,1.19388801587235,1.20847168696263,1.21474204768511,1.27863448330589
"39",0.897618538653046,1.05638644447517,1.18731375161526,1.33761030210693,1.38494823592346,1.43814985569525,1.48623336563916,1.52461115613068,1.61036502401176,1.67918365718775,1.56337808107093,1.46898047876385,1.40646499829958,1.3116948210343,1.2455500226829,1.16273080058376,1.05729197542191,0.937275878177506,0.831089510750773,0.745808738075861,0.669812476386199,0.610867084532089,0.553529781833238,0.49754540550093,0.44841522289588,0.413363534006635,0.372528986183337,0.342286787797414,0.300198622899322,0.269763561727904,0.245564106588856,0.21876332417878,0.197842428281723,0.177704075876959,0.201771453087975,0.22632394791731,0.24915711489474,0.480230208921804,0.52157690467997,0.518941723445353,0.56934984719768,0.568781221408879,0.648807126361189,0.640202108762638,0.627399996474328,0.678846455184856,0.666490452044503,0.760894907078229,0.74738648474001,0.812483526529318,0.801905018936824,0.912350040399435,0.90393154248393,0.973139776396274,0.967584615511912,0.95135600881036,1.07232241647714,1.05177082978943,1.13849459935625,1.12681993762443,1.11451602313808,1.1084568020747,1.20766376993681,1.20328216431069,1.19009206593763,1.1672792147098,1.15438443163931,1.26325053688892,1.25339125937351,1.22433321349321,1.22154964676683,1.32055930736055,1.30490939614308,1.28729614220411
"40",1.47488202725,1.50558169557347,1.46702162164046,1.58020626058382,1.67392641539295,1.7438006769357,1.84563309113262,1.93726584700165,2.08022878102324,1.65942108651283,1.36471603793649,1.12828146612814,0.931874869425845,0.762766176996118,0.633862697745471,0.562094434716037,0.473053420828154,0.404494018970771,0.347728505361865,0.301039647760421,0.258162262649227,0.249170617306478,0.2447719423257,0.24045153708482,0.234859018043323,0.228584456973424,0.224385287641689,0.234499060096711,0.231890618320441,0.235258593805622,0.238534487488692,0.240183933646662,0.24273289590701,0.229997020194305,0.217502045335515,0.205975087693156,0.196653714129406,1.00751951011495,0.980544984821904,0.961778186369731,1.13629075135969,1.12418725684922,0.988067063362814,0.97605270678073,0.962243406519175,1.13470647793402,1.11719047338888,1.09791423717549,1.08591681113419,1.25903981066145,1.23714643175841,1.2107260324913,1.18652358514798,1.23736642059143,1.22802985941074,1.21249618278662,1.20092907531612,1.07341813501428,1.06786962284686,1.0607869457587,1.04938795985176,1.04577993530082,0.778879438035651,0.775471931142664,0.77284633252463,0.784458493545354,0.651784304810185,0.645170354076525,0.654846416212607,0.657915762788236,0.536742411429969,0.549696709094462,0.447248159707963,0.548590409934315
"41",0.517078707335061,0.511594100379951,0.508746625806578,0.510253059678414,0.468444936638971,0.430656042790941,0.398323126480822,0.366396127451845,0.336189934744368,0.310551077964004,0.335682601622286,0.363301990261012,0.398233798365318,0.436154711054618,0.47203278203801,0.515249410786471,0.587427650002406,0.662977025928394,0.733870309019044,0.818049888001411,0.905520804846224,1.01052780382554,1.04576893890493,1.07488911729993,1.10838162183596,1.1472404316206,1.18398395609846,1.2549286414561,1.29369333510883,1.35585605837746,1.42663756858384,1.49168818152477,1.57386263269416,1.65333901075253,1.66753230055726,1.67576587384177,1.66941248995282,0.846640772016302,0.85435215987375,0.857865968630112,0.849730572361843,0.844953210351034,0.949952479396056,0.933758273318118,1.03740065217736,1.01170202202258,1.00876629119627,1.00594095277178,1.00472505923409,0.996793701824752,0.989312665641902,0.988172328110797,0.977136409793277,1.04394505883253,1.01005138302377,0.994661310433712,0.973129167327153,0.958604778805767,0.953210999959643,0.948057338047942,0.954532360597997,0.957769641391605,0.970485622467424,1.00484681282221,1.10534164302702,1.09997433330876,1.08508382116853,1.06732360077232,1.05611825398888,1.05441859877117,1.03878017043407,1.01486883322073,0.983063635674296,0.980325736173587
"42",0.308516224446714,0.348621968584061,0.412764712111359,0.481466246831607,0.544570357395977,0.627557745681401,0.717429399905782,0.812337467679112,0.875956182028066,0.921597415648063,0.992702504853596,1.09447934826766,1.24650189603648,1.46371410032445,1.49660463122634,1.53834870571463,1.54369902495025,1.51808622809861,1.47133273995682,1.40255132710603,1.33510533030037,1.24846128671067,1.1613317691915,1.10114336087779,1.09320213976383,1.07466774137974,0.982987490707936,0.883590402465139,0.807777782592768,0.71719916839091,0.641604211002803,0.568174866157876,0.482464319441749,0.415410631860629,0.35496118795368,0.306019400037085,0.26132102278571,0.605210302777766,0.599732650759239,0.692029060990882,0.68825491894442,0.628923289488903,0.718216284821714,0.712501384448727,0.812073506091141,0.800033133057633,0.719992192665055,0.716092044491922,0.811741721800577,0.809429214675831,0.805122247716986,0.802518857943094,0.799117005958647,0.789642658451068,0.787801863492835,0.780581659910079,0.771248618317317,0.762766777768842,0.758720189741512,0.873206266014508,0.872995279998087,0.87672918001312,0.879610192793805,1.01665268983574,1.01607542102327,1.14914756073268,1.14421591981684,1.15329922538972,1.32038452432304,1.2998562381291,1.48949001618604,1.68080753384051,1.65390420223648,1.84824831796443
"43",0.580664514036377,0.612228272680876,0.626896486817276,0.635186348986065,0.650296689675079,0.671884343172479,0.700142699779441,0.722624704375929,0.745705358022015,0.773204336982723,0.812762557751342,0.834940707584963,0.863236760847257,0.882718125770639,0.919749094171188,0.951350080943126,0.997291888792718,1.04366188982758,1.09178501907206,1.15017067723422,1.22579056762961,1.30250615131166,1.21497376881208,1.17083768098934,1.11968536976758,1.07577857956305,1.02036551931126,0.981716716304517,1.0096369234769,1.05323564622307,1.09224851573965,1.12445346160707,1.15880026074937,1.18091210785339,1.20503320574595,1.22195352453167,1.21999752776239,1.01882557230643,1.00309135493104,0.992613243982212,0.991457150271607,0.982943904221404,0.964606552194161,0.950874465310051,0.936216200895525,0.924475064244584,0.910878500952002,0.904259437694228,0.904279774210545,0.906786525047295,0.909133612775469,0.906711558234322,0.904414240919859,0.894072456779249,0.886329577156706,0.87932380504625,1.02699265074278,1.02344617652381,1.01992637501658,1.0210080098503,1.12833304655436,0.967559086407118,0.966736994281826,0.97118882182647,0.972651638285228,1.0746693438782,1.06777406730498,1.05928130133462,1.06457110239012,1.05240571209293,1.05273486892801,1.05474168539298,1.05568281466396,1.06406077059892
"44",2.54055237377075,2.37075520731171,2.10910758138253,1.81675381450689,1.55535229515893,1.3495016222403,1.20315998290476,1.0749978352043,0.997995012895292,0.917889185444058,0.84549824372833,0.777133598935591,0.751980885759569,0.723215006220871,0.695412420298438,0.662632243114302,0.629112818783786,0.588729356445709,0.560180402438969,0.536193420613926,0.519802041919986,0.498614015855476,0.483011548625862,0.466520471392472,0.465701782160786,0.469494611553518,0.45837792050417,0.456606412572777,0.446787229600862,0.452824631537526,0.398308302978484,0.35146680097881,0.3087281153556,0.275206900676065,0.240599539957523,0.210839759071431,0.185996482935735,0.882027954562334,0.881459365598595,0.885828175583606,0.883239171846092,0.818014542642961,0.810214046727509,0.810331098891402,0.803354807022029,0.797217439557308,0.790682319246291,0.791620614951256,0.789925910252827,0.798369778087811,0.804846440261348,0.813858529608534,0.820539063911713,0.822812392005035,0.832455483300983,0.964662073836706,0.966024161166115,1.11138630091108,1.11945666323891,1.29263216235605,1.30494929896127,1.32097416980969,1.33226184954225,1.24180344776046,1.24900522624729,1.24525206638001,1.24213960932546,1.15128256571828,1.15485220968136,0.913081705204953,0.918848638331096,0.841635140015794,0.843065010544703,0.743449409883197
"45",0.111757142725793,0.125565960451572,0.138354961887957,0.152095044370352,0.167229651007055,0.184029806534117,0.202416797743249,0.252891385657529,0.323836700778967,0.418872089948868,0.548301840368202,0.725104963660454,1.00448727478434,1.12587020043686,1.24825987772417,1.38508615648934,1.58269770987047,1.75006346526661,1.9030956253526,1.76609112140215,1.6616868726846,1.52250707626073,1.40536413351474,1.32939682493215,1.28640689454316,1.20962272957488,1.06681879780401,0.958584086757359,0.848718214391636,0.73630270370008,0.646858211197238,0.551331721729095,0.463251177288897,0.39182118948594,0.32984308409383,0.281447488120915,0.238099083075329,0.953550969804392,1.19579186637832,1.20631557921864,1.3594123782395,1.3721796933145,1.35145812064097,1.51956023588943,1.48149104221637,1.26084519645975,1.23533376643404,1.2139951926458,1.18369918262919,1.26842459405663,1.08621149378454,1.07629682744364,1.0624513628846,1.1344198873568,0.981944654327982,0.960166945330289,0.934311761935255,0.799822446325374,0.789818571443241,0.687400739155134,0.681411943411018,0.678517922179611,0.598053683624726,0.607687952213877,0.665512529284939,0.657504388431179,0.574456548788646,0.583194900577661,0.633344217514403,0.62740618028,0.633199040676594,0.553349400141423,0.548928278019741,0.543593752869996
"46",0.549910184073356,0.659123408892188,0.781128080977217,0.89304707112841,1.01888935098701,1.15728485615607,1.18197271885006,1.21458478910773,1.25165270696029,1.27733451777096,1.30634553224806,1.35769712453684,1.34942785226193,1.33775670513898,1.32690348686944,1.30671090414622,1.27082112872075,1.22288880010166,1.11898351048247,1.02988118116594,0.946497382692647,0.88703904578688,0.829442416844258,0.785557582429242,0.769616537503974,0.741062383909017,0.730813993802627,0.72180942936103,0.698538168382795,0.68155055370548,0.690833859463234,0.696900446572402,0.693064228878815,0.686291234585415,0.674154598318972,0.660930944535113,0.642897890240352,1.28297385177192,1.2731589456479,1.39245501378265,1.38408700458411,1.38594526787221,1.36299089396657,1.16208774422642,1.26572405921594,1.25499654740216,1.24636319760553,1.24985434780647,1.07193035813682,1.07804206700171,1.08540467807626,1.08776120745099,1.08868024378388,0.925701951094105,0.920251287216236,0.916852860399612,0.911798351376968,0.817186267199667,0.813488650428447,0.812899907753377,0.812805747422736,0.815607563690778,0.732244108058621,0.733691936965144,0.619769066879743,0.620080870292906,0.616961784917408,0.607440789061021,0.613759551399547,0.611863316701548,0.614091449688609,0.620292267465022,0.626083381427133,0.63978054424683
"47",0.882994263804569,1.01729695757767,1.11966751026244,1.19642755318022,1.272426764762,1.34602774829886,1.40922965224757,1.48155838962547,1.59232745636976,1.49040379814013,1.39134147136459,1.28177874293504,1.21665888107305,1.13599759835259,1.07061210376793,1.03441466751859,0.972977356451912,0.932221244457411,0.890062714286233,0.852485608731903,0.827297239010823,0.781360270500516,0.740556247106001,0.701311959238279,0.668373850042081,0.641602911453175,0.611050895818553,0.623317989525892,0.618352829428284,0.625395236939395,0.63412466609217,0.635224147944409,0.638731226827116,0.606039573848173,0.580338542046024,0.555523830257057,0.52539153960357,0.753323446645889,0.747945459058512,0.679002124445943,0.790413273486669,0.800907382712666,0.796161417695904,0.722558217641567,0.719370184283454,0.830714724690896,0.8244438296716,0.825462839387873,0.746321922182643,0.864929472322029,0.867194370406799,0.870922413396062,0.872483364856989,0.78902227797704,0.913321609006656,0.911307257278278,0.905973610414413,0.902499782012987,0.90283876189224,1.04305806867736,1.0465798559614,1.05432621850955,1.05885157728563,1.22886942172049,1.228906077595,1.21656866318702,1.21361370797589,1.22461773272581,1.40676122766352,1.38807617422027,1.27720609012606,1.11403212995292,1.10667087012015,1.10225460352099
"48",3.24323308590839,2.78945231164673,2.25950855811822,1.72959020906426,1.39832151197661,1.13673330282639,0.939870773883275,0.781671460260473,0.74067727501087,0.667630811250807,0.613058351480714,0.585981193668974,0.560902802427999,0.550734795619989,0.507049543385528,0.469287340137526,0.42137790670085,0.364724374049682,0.391199732949555,0.414983368773926,0.44997466591517,0.472736042186794,0.497562639216087,0.545790224611267,0.430415133158144,0.332053498417094,0.252349834808428,0.188864919787923,0.144508712991756,0.110823165445448,0.084023640298162,0.0644413573145774,0.0508943137502956,0.040278079601792,0.032186869053515,0.0259016629286432,0.0222348160978541,0.954464598281491,0.959976683761693,0.96827054201616,0.882489953022383,0.902213131884203,0.893281233466544,0.898348239312501,0.892448947731649,0.880932279294926,0.799112101896709,0.801150202532527,0.790485220273515,0.795446833694322,0.79932465543654,0.806449727573706,0.807843373609083,0.804440962129768,0.808840651973884,0.926939883791665,0.919382787381069,0.91136800348564,0.909476433061645,0.908096362200308,1.03858071246738,1.04196202252451,1.04192510943677,1.05715040512154,1.20824359859437,1.19280542942744,1.19002323728565,1.20694896722285,1.21087715223309,1.19245811316561,1.19591562427799,1.18299018708495,1.15992940760804,1.14244484001977
"49",0.44949820488718,0.47767673967925,0.504604938619436,0.529163906868481,0.552247996472215,0.672585876130493,0.817504394563991,0.988380784492198,1.20777958528552,1.49473951372424,1.84895540667103,1.73161236180708,1.63178599031863,1.5149363043834,1.4494901342573,1.37144163507331,1.29871588324925,1.23157316910442,1.19157006685773,1.15494964446777,1.04132418414233,0.932573587916043,0.828926062839301,0.790641976113362,0.752573280238251,0.724590290171733,0.679098665393316,0.64039218358152,0.592114410642983,0.569564434447938,0.549554986701031,0.525223961517571,0.508409441708913,0.490655607579196,0.477954398812811,0.4659476478914,0.446165921875747,2.42885538489093,2.01290295472042,1.90741432087568,1.7041345402158,1.41689921809091,1.4035432976667,1.13787963114525,1.09723483217788,1.07177592696646,1.10084717123195,1.09922502894658,1.03041100858632,1.01358246673556,1.01216235363609,0.986805388651733,0.833051958123372,0.79297220597649,0.655430281799072,0.625232333803445,0.599982685009377,0.531522132678934,0.534224145025232,0.49605250627849,0.450655733772941,0.460165761710316,0.480093005003533,0.457088851348788,0.437957502839131,0.39593499797505,0.397822189851025,0.388917533473322,0.39309377884504,0.323771023620362,0.293208525377324,0.291017137656791,0.262307184164662,0.213812860158368
"50",0.411294049074347,0.420135748260878,0.41945705967762,0.416911017108749,0.417835403004457,0.41551731751016,0.416503838483186,0.423444375395858,0.435496817287749,0.441195673710813,0.457826206786999,0.466441183285095,0.49560970248547,0.510954730220686,0.537472526252141,0.561447047887822,0.589302095485227,0.624809390874136,0.711685424705827,0.808990653371041,0.951515394703977,1.09270578307034,1.26836115882174,1.49881514412336,1.51797406046642,1.52956617436343,1.51832328232045,1.5073223557011,1.48860859220688,1.45728194025498,1.42732086890154,1.37060168876859,1.34362932369957,1.29114784745487,1.22072765686909,1.1581282694971,1.02403710106307,0.765491802620961,0.770155497726965,0.775759674340511,0.768321167669156,0.857089898442621,0.846075636952082,0.849244105381602,0.834301482873271,0.889768076666292,0.874362440591127,0.946206439027207,0.925791452512556,1.0060491978226,0.999291304362905,1.00190446924864,0.995260789246774,0.984695392252086,1.07023978902836,1.06149001546942,1.04294552476045,1.11614843587028,1.10762779719791,0.965674425944438,1.0479450735111,1.04595636498283,1.04834168088581,1.06245953786194,1.05810915308003,1.03866071878236,1.02916804661087,1.03762026107655,1.03310992759595,1.10824250721013,1.10829868229244,1.09220192116685,1.06815343430428,1.04913108892089
"51",0.142150618939465,0.118942471423001,0.0988840104108142,0.118565287922377,0.14036221066557,0.16669851476496,0.195784990031883,0.23029303525092,0.272038360134776,0.303870006463096,0.340336646759973,0.379334208635703,0.427605766463646,0.470393329899924,0.531465818146151,0.551924805153122,0.577491097191903,0.615027375042163,0.644184733643911,0.677560422369009,0.713274535911287,0.773433407032738,0.850355118371283,0.920932786160494,1.00624883025871,1.11492113940443,1.22262257290767,1.34317115011117,1.41064883530242,1.49746391761029,1.58344833865456,1.64387570793641,1.72232155523134,1.74625429884054,1.74948714439438,1.75754520143589,1.72039712976871,0.705866979164589,0.702955178534456,0.694458791186794,0.745600860111028,0.822832422062334,0.804033546499839,0.782556703296817,0.760029746297245,0.801521144717883,0.796829391953421,0.790727000033802,0.790912737002759,0.855544469666586,0.850532793227393,0.847783884245472,0.955294844154873,0.931289029503338,0.965201698364398,0.942297672501763,1.03778276776248,1.02032272967811,1.00911943361502,1.08502931515813,1.09337955494831,1.09414278249684,1.11185712481943,1.16545438932873,1.29194025146482,1.30082405243267,1.27556394649563,1.22367871296408,1.20913739717607,1.22377519935614,1.19156012171632,1.01489831904691,0.981974857023477,0.996947163431077
"52",2.60000394330209,2.56908428255975,2.3757668024373,2.19302365059675,1.98475797223127,1.56321931778001,1.23773239758593,0.984842403450644,0.789204615817931,0.637783000451812,0.51605996779899,0.449566751817331,0.397703473149113,0.3429713252233,0.299332672973309,0.261047101356983,0.228638653948743,0.224536455178407,0.218081802575584,0.212892226067032,0.20816312388227,0.204057857173361,0.203528656534948,0.214953506849291,0.226644713772907,0.239665364458779,0.253260541639681,0.271788136558956,0.282014715298978,0.285318162242304,0.288478338991106,0.290088389914409,0.293853031008492,0.29593513679553,0.297223341393955,0.290787592327399,0.28220397791685,1.12898336125917,1.23995750826157,1.25136676963715,1.35420306094682,1.38477919323227,1.36147990535528,1.35679949982773,1.33487866439068,1.30763541730446,1.2885194677153,1.28255524218269,1.09746553392078,1.19402032737214,1.03964842266934,1.04046048676075,0.905659095930246,0.894729483246798,0.976036557713751,0.967694407986813,0.831003727102574,0.817877236179112,0.811437245796024,0.881808655051776,0.766557663201595,0.766115721153983,0.765075633211953,0.766921596573816,0.762995738857757,0.6546959359554,0.649971818041625,0.651505803252755,0.652152372529845,0.640924491641992,0.560623491555438,0.558155684421706,0.554316610016975,0.552345084361352
"53",0.879250008315331,0.940911329415551,0.959316197871628,0.954778968385509,0.941283644327023,0.933218261982184,0.925503398174828,0.909424852215916,0.923566799902693,0.937275075309327,0.96291206667558,0.995265068343124,1.05688902134498,1.12046733420277,1.15677762783042,1.22317943808974,1.22681733303303,1.22114773803361,1.20143010562456,1.18572959070088,1.18425279744921,1.15907450754166,1.03589514157673,0.939890044610902,0.874412750015236,0.812502533057446,0.74487129167216,0.681746328551183,0.741083466480904,0.799262146823457,0.861697728598852,0.918795815017748,0.953054825440362,1.00477129879439,0.962863359349559,0.916985065037232,0.87190379415694,1.05380761325003,1.05947768659772,1.06707872583401,1.05828038645621,1.07932156609965,1.06526707530918,1.065274350016,1.05301268333889,1.0357363469668,1.02388774723947,1.02320960990577,1.0056491598111,1.00807106502818,1.00892501109882,0.931237007412418,0.93330195611924,0.928489911048448,0.933675646330549,0.933412770129332,0.925825808906891,0.918706422939166,0.919107879342566,0.920129748495202,0.923448450445828,0.929162691587638,0.932246348695908,0.944146445490939,0.945301430041451,0.934931599047898,0.933601560001264,0.945955927822055,1.08543856324327,0.983859081401629,0.991793701481217,0.988211160428425,0.978000069277116,0.970550255982452
"54",0.671781815199163,0.713957862241105,0.730683825337685,0.740805115290632,0.748035498368374,0.776769618902469,0.80895040308556,0.834307009348961,0.867689308810841,0.902798427740552,0.942511412517892,0.828102749978883,0.727293683596156,0.631811306447721,0.554346552125878,0.482944860006231,0.420809141440586,0.49101472692298,0.579233622035891,0.686331106100455,0.827166546452545,1.00026477618293,1.23100092680982,1.31943931398791,1.44485016381698,1.59334154128784,1.74537134904235,1.89703886436536,1.98966812866656,1.48995633069768,1.14466980553199,0.866146827061954,0.679127768877681,0.536182991713708,0.428842879511994,0.362055740020483,0.303493352166566,0.711115170325506,0.700240248644263,0.692672062443343,0.696206934705754,0.690224781267673,0.682266619230096,0.680993747503364,0.678368096380145,0.802762271450546,0.796477945002405,0.798736574474313,0.802929797560472,0.809909960594746,0.952544214172329,0.956166661891696,0.956444321852425,0.950486810862887,0.948434488658029,0.946627317989595,0.942477928289336,0.942947261044908,0.94066473123265,0.935984310531206,0.930727794031505,1.08190792774699,1.07364808322037,1.07545008320058,1.06964614525955,1.24108552257444,1.24404542272353,1.25362019378462,1.15317512680569,1.14880974189862,1.33604372794426,1.33946270076825,1.33940228293844,1.34534531395132
"55",2.24049752512551,2.19469006946554,2.01744360108288,1.81368474936151,1.6388641245335,1.47083232587645,1.33023985887347,1.21642069036858,1.14853289992202,1.07703736684266,1.00882989604603,0.990258131368977,0.918696910289512,0.850794260114742,0.780593398585827,0.709585639346306,0.651097503026986,0.587013149772101,0.543569268833051,0.503695560186387,0.472044768886763,0.439241494813621,0.411540057251336,0.385911023358473,0.387554469537382,0.391301137031926,0.39129904430832,0.394831522978916,0.390913791761882,0.397103839143134,0.36304483433546,0.327810442088477,0.304206145811811,0.276858017155656,0.251383939454301,0.226571933157259,0.223172285499048,0.798447200269301,0.791998129365903,0.795010967882775,0.797304293303144,0.801608236814966,0.795398138705007,0.790964797773909,0.866661211061781,0.862623742766792,0.856890447692384,0.857053410877152,0.938357094436587,0.939645407269062,0.937054772402224,0.934784316152842,0.933684233381597,1.01895617912564,1.01641420657354,1.00555817852945,0.994386177876249,0.985518334587211,0.980938253388777,0.980270950004064,0.978239575687828,0.981640610968206,0.984658172081,0.98832316735454,1.13963820159347,1.13022843804429,1.11976305966199,1.11722315193363,1.11385905879278,1.19708070547658,1.19516504472715,1.18813609058669,1.18334181989055,1.17920910618344
"56",3.37136997063921,2.83929143403388,2.29448039624872,1.77585146803557,1.42615065109312,1.24445936901426,1.09573011198749,0.956581918586336,0.856052338493189,0.773898984721288,0.701827283927296,0.526635179401184,0.387325984506502,0.276988622134717,0.20496286452724,0.150859441107012,0.111792112115418,0.0948486186074925,0.0829711200722994,0.073525103614811,0.065521795554711,0.0586071567611879,0.0525685592542415,0.0510613705691719,0.0477342891038933,0.0447224794620038,0.0415913678713633,0.03915400670609,0.0358046394304847,0.0330907540862568,0.0318632561222748,0.0306619286180604,0.0297278149943816,0.0285399356498894,0.0275425506674485,0.026501140563967,0.0257339440347806,1.44731793701687,1.46401061141099,1.47593173598539,1.34091018661921,1.36963519654994,1.3531540751293,1.35833843157068,1.34334540820195,1.21520157774164,1.20394634917967,1.20617426372946,1.19040821279059,1.20521718721658,1.11729685800797,0.998821956930111,1.00814117099483,1.01475032592665,1.02963515536556,0.945438919578753,0.820811373457047,0.813246943446803,0.811520627247202,0.809683520441092,0.651493978144184,0.665664232420927,0.592741324965696,0.610284364286967,0.618975411665532,0.498164342086171,0.505041013544897,0.5114546154354,0.513392912220319,0.507225931593752,0.510095384717351,0.508366424386578,0.503660154405924,0.5004904021249
"57",0.635324749449088,0.658345722578098,0.667570699703731,0.695470748008536,0.718401189018076,0.747452880296093,0.775392701438688,0.80202977148779,0.831853533352889,0.860160761795571,0.883715403830419,0.920529859960776,0.965119775812158,0.998861927601044,1.05830101120719,1.08387474947152,1.11402150065265,1.1352355777788,1.15808948096746,1.19239409595161,1.23235110517918,1.0767366593115,0.941694898131309,0.831072095820417,0.734288013647135,0.656153514761746,0.580796589126078,0.648620390978406,0.715391232479227,0.812763808183125,0.921067500904099,1.02988386871594,1.1337098646866,1.27675595157327,1.41455056565401,1.5617780639444,1.70799205289103,0.731360199651766,0.732883527358788,0.736930357015034,0.731571679611526,0.853820945058156,0.84272776135525,0.842075996151735,0.831525578888828,0.936212560293722,0.924017982593716,0.844230064035148,0.828141856721328,0.828532376587067,0.826461409999402,0.829699181213583,0.833967142442937,0.832482849833135,0.840139046611157,0.842461444214751,0.957846514502562,0.952398036199529,0.955471959131389,0.95957737921576,0.965872302461474,1.11208104350159,1.12057437185051,1.1397675557966,1.04977564601214,1.04139822411057,1.19011671610814,1.21231716876452,1.21936727605686,1.10956710587776,1.26196148178512,1.24121973470458,1.37693485572009,1.34787303215298
"58",1.69731735771727,2.01798750330813,2.32863551954427,2.60174512671907,2.07619581400377,1.64952478766481,1.35049583382857,1.10747883130705,0.93815111576009,0.798480213917326,0.71043248647395,0.641491325308634,0.586692540760453,0.524885016195023,0.476521725303752,0.422040677032975,0.375361720461078,0.333517409465318,0.298531950918079,0.268282978337135,0.239994264619437,0.21797106965596,0.262005350655798,0.316559295338064,0.380153791462096,0.46896022944497,0.582868062311066,0.737109684185594,0.615252884994941,0.524586167030085,0.448788106447716,0.383239901661811,0.329056303922785,0.286320429374994,0.265772212947201,0.251217363637739,0.231970917273203,0.656742879935673,0.689882746713892,0.692509863518128,0.789367742418887,0.804051980943421,0.832906116076935,0.836672999882033,0.829873206242943,0.939684163985334,0.926714199896058,0.847241591190697,0.953215074458572,0.955792456402508,0.956513581995877,0.962954439561227,1.00765725147029,1.00230268273115,1.00647764704299,1.14936208902021,1.13726879746481,1.17714961268655,1.1744649061153,1.17240370283749,1.17356101147333,1.0788631802507,1.07877866198255,1.09054555166584,1.08602058304135,1.06821152166449,1.06120851806286,1.07151827621588,1.07001509837924,1.05222493691298,1.05151878643009,0.952882405097337,0.935974066996038,0.848098338400313
"59",0.618690130342942,0.836291457415044,1.05700960218027,1.29039410911083,1.29929771249366,1.29940224812989,1.21992891288138,1.14115992536444,1.19184852323387,1.20673585734451,1.11108171204233,1.07803705460774,1.12120117374044,1.21092292088408,1.23567886305982,1.27154273982036,1.26972916427323,1.26122870415331,1.21861459367353,1.15088094457628,1.10710753842823,1.0300350446462,0.94883532528375,0.903513064800855,0.910390824806282,0.892501790721091,0.870969252116044,0.793315694518219,0.721723336428702,0.607209598114308,0.510390283862633,0.430490563731105,0.366525162155346,0.317402602200993,0.295934853433614,0.275306690649515,0.254782705938192,1.55395581079356,1.56108593799942,1.56197997894237,1.56136898694909,1.49494068085896,1.47842728568841,1.4428240348874,1.41652145549316,1.39556276231888,1.41854369287178,1.25558164616046,1.28517610407696,1.11993871881883,1.1180646394576,0.980532860618384,0.976573267339806,0.773976456991272,0.75780280615215,0.747438839059216,0.64703893918824,0.638765324849189,0.562523387768813,0.562496454746539,0.56758285123003,0.504707298313345,0.514093375771262,0.530591406818548,0.49106838802583,0.487294991012165,0.424013254380118,0.426985892588749,0.425223846953437,0.42236750364741,0.370495032335053,0.416379201886459,0.407728484245333,0.404016832255479
"60",0.682811358232739,0.654710132320469,0.645782559664404,0.638835358217104,0.635464611437697,0.637024350331797,0.638299858590279,0.646772618607085,0.64993989787802,0.654572280130623,0.66252829289967,0.675358020303212,0.701285406279559,0.735212762907917,0.76516730309556,0.799435286195331,0.826300763724584,0.872354345392929,0.919282584307543,0.949101229560289,0.965163016930497,1.00113710323033,1.03808563005745,1.09241878506933,1.13490818422125,1.17698453088234,1.21804387742618,1.27768393869294,1.31757491808942,1.34144953404524,1.36676737404707,1.3418273695142,1.32804565847345,1.30385254074894,1.28469316059728,1.26566517644555,1.24006389218091,1.09381485188596,1.01493472950316,1.17304934080181,1.17388323765101,1.16170777471538,1.15303181772684,1.29679097327278,1.27573879521988,1.25681203796853,1.26420031262256,1.2704995019915,1.17462152843058,1.17168014730512,1.16849500914991,1.17208848993418,1.16189265952231,1.05035839915635,1.02107638561511,1.00488881891248,0.98230791821061,0.890425897502253,0.884103180628743,0.878282128587828,0.87646504364288,0.802949657380717,0.709413026233044,0.723789750668098,0.720213272806642,0.706484852968675,0.611653160277795,0.612090949686754,0.606209269101565,0.686227977874104,0.680975998511486,0.668293456438497,0.652875756954077,0.74122545517152
"61",0.322946706220059,0.397756454823358,0.481116271896897,0.573420543543882,0.639804641419939,0.712355919211125,0.809470860229944,0.890315230683191,0.996473048745923,1.1208112105042,1.0679122389338,1.03114528742248,0.997840273132317,0.966162474556218,0.938856939525053,0.905344994704327,0.987310510935695,1.09273206146098,1.19170763561199,1.2938370535561,1.41916548336955,1.56928519043828,1.49515614358709,1.44729060387147,1.42377632692338,1.40220472899836,1.37604315480992,1.3367894133372,1.05003023347074,0.82250214234371,0.654975215383356,0.519772018957245,0.420431470170802,0.343610414674287,0.29995745818482,0.264121716032057,0.23001730068644,0.380378937927701,0.434742060065703,0.43577666927438,0.433788580022348,0.438092899528039,0.498948497853903,0.542812002859736,0.533820142982059,0.525967958822955,0.519090510697704,0.593257361309115,0.583576545477011,0.582519157269606,0.578366878417659,0.661568510017921,0.660722975460905,0.654721878260944,0.823214339162049,0.817266945521547,0.924067083510678,0.912718123871137,0.907478760800014,1.03214358770189,1.02896994792104,1.17528216682149,1.17906912881799,1.35451125277408,1.34793342421909,1.32197775488127,1.49274947884103,1.50357592851086,1.49069753751348,1.46044865984728,1.45825977428164,1.43506537334266,1.405220553796,1.37723774282395
"62",0.728469879774308,0.656051758552692,0.580383559413871,0.511035528065971,0.449075454309081,0.397726504859373,0.350603340656518,0.305335780876683,0.300097376954681,0.296645945518782,0.292868837336054,0.290751413978496,0.282872004598094,0.281252673972661,0.293098181254211,0.307170454747056,0.323432335397132,0.341260096533843,0.358799733938473,0.378796081305229,0.429554711189376,0.486688507347858,0.553306987492041,0.630670438512333,0.714143441976841,0.809841549507861,0.924336781140392,1.06172577124087,1.17472429766656,1.35401978136787,1.56440226750001,1.79750042255768,1.86140774704239,1.92677980387174,1.98383075214033,2.03072435944407,2.06945551347869,1.0337384157276,1.19619165231234,1.19322804335389,1.18351477736352,1.15820118401764,1.29990143452814,1.27503223729536,1.14888953570601,1.12172825079879,1.12208858889996,1.12478261203919,1.12923130690943,1.03550905759934,1.03998996480505,1.04966068186001,1.04419208959675,1.03040657057123,1.00347629991583,0.993431907539689,0.974455349203675,0.962007847776304,0.958783151559356,0.841503938552187,0.848849376157186,0.852525656353354,0.861450947912774,0.891806140947819,0.899628349839804,0.818219838992769,0.810693840568027,0.80729574154866,0.804103479855762,0.702577203398241,0.69769005979582,0.683776518541585,0.66314815416757,0.65628178699809
"63",0.365867763942387,0.381036523765531,0.38483364053656,0.388061295532653,0.387459766901432,0.390570419498604,0.393030652285702,0.394388684410508,0.392122503034293,0.398265979221471,0.40571301738017,0.411827714557255,0.420278357175549,0.416358353357056,0.430655030202307,0.443383465967641,0.456540058718872,0.468920144260166,0.48202913444172,0.499693061855527,0.524624049858312,0.596675846199936,0.676524371135971,0.774461919344322,0.880932536702769,1.0382710702656,1.2109316077222,1.33585421594844,1.44136789063239,1.53974338247955,1.63279673054346,1.71148371877919,1.76613072407852,1.78594640091584,1.78326657560116,1.7684364680248,1.75133481155153,0.992543814450657,0.992387811293521,0.997278674011787,0.995481679888948,1.00955163929178,1.15006195536185,1.15155044241869,1.14285969503086,1.03141656723512,1.02140750648587,1.02255549363394,1.01136145360505,1.0161950383719,0.931501037577365,0.934153745263934,0.934088514677006,0.926760292079985,0.927773766112791,0.924744519458225,0.916960671830766,0.909775669940694,0.906217049883489,0.905165303620875,0.904347716715445,0.825878982227966,0.82538199584805,0.83047319897752,0.911326030998764,1.03712978304463,1.03301631110269,1.03847395252809,1.04301878317849,1.03145139077914,1.0385600693734,1.03855994854054,1.03345939633274,1.03242566965544
"64",1.11706782747758,1.05301391633312,1.00542141834854,0.982811672779207,0.976615493784226,0.95919565781913,0.955354042147269,0.957289173324771,0.948192925463595,0.936610210309411,0.948601774319262,0.958688512157613,0.948969805609268,0.958055022957136,0.953184663805524,0.954031177593574,0.944378017258896,0.950366019020938,0.957783275374104,0.953568341110664,0.960780710265246,0.972879889849413,0.995523049347087,1.02872016333583,1.06453812084346,1.09765283457704,1.13467833203497,1.16930735045329,1.10526844446016,1.05825715118988,1.00956975922703,0.967710910518923,0.928143371866228,0.894774545278402,0.876338638522145,0.86461597797913,0.850241401593482,1.68847579475556,1.55015972882526,1.54113653751553,1.53420862040049,1.463321072386,1.3228907611897,1.28824988220476,1.2558873087998,1.22464597947146,1.12498277437816,1.12127726241322,1.12819241697226,1.02735823865909,1.02415874513337,0.93868125997152,0.932393227482575,0.842439809485077,0.820559634178523,0.81000331905289,0.730853279286242,0.721107951105371,0.717531375964487,0.657416563456393,0.661510997354661,0.664006166881437,0.671717404180049,0.693572597420954,0.70056071865121,0.697440077524585,0.691628596634254,0.604110600871611,0.601143155242793,0.599813959491968,0.596239843871523,0.585886598716217,0.57060807245994,0.567109191842636
"65",0.105335191957584,0.0974362276127849,0.0888710203467893,0.0899358251664581,0.0908936191027062,0.0921916491938779,0.0939272406160353,0.0951412149095724,0.0955251466289697,0.102220389064907,0.110291083938097,0.117980626100484,0.126921519051046,0.134535615334253,0.14614853502601,0.172252088053881,0.204244938301873,0.247398342463948,0.297144939672847,0.359762998101775,0.442816640411197,0.45094366700225,0.458336791524637,0.470211018161673,0.490364209262963,0.513343899699579,0.533918941070071,0.657517323960637,0.815003360048942,1.00196094559726,1.22072580979921,1.48029224908459,1.75875005447327,2.01059475572172,2.33104722532038,2.59820133943476,2.95897674264702,0.845205223008699,0.843509045137021,0.831212669603345,0.842486993154629,0.790635058968988,0.787592986416246,0.766193640610308,0.753790068397392,0.745537353899705,0.755462607369792,0.758576461543531,0.788078517832888,0.787679738298132,0.79348371935508,0.795262012964571,0.782642004056657,0.762790111539814,0.776635674320092,0.756954634105389,0.833973290121078,0.827018875081237,0.820379650753699,0.814868798600466,0.938881629908331,0.944339589894312,0.968524292848147,1.03870957772439,1.0710095298705,1.27330276375731,1.25159648433041,1.16724863380629,1.1597797298442,1.3932896396325,1.34807329764962,1.47159428135264,1.46062029047951,1.60934100090597
"66",0.741951839694183,0.760916690652216,0.801856506841828,0.83668366913052,0.865533198214508,0.891999302720916,0.926367252604282,0.947609302123169,0.94218959311139,0.937928613582565,0.937979029941893,0.946231927869715,0.961700122979427,0.967852944092423,0.994721225991394,1.00688123481576,1.04012455688867,1.0536427499058,1.07131403269354,1.09762900364098,1.13800805760192,1.16750014684833,1.20677551190668,1.24545650519146,1.30523930946426,1.37259073260798,1.30745622478811,1.24777381663176,1.16789028611393,1.10216191085479,1.04327961034719,0.97630784703048,0.717951207885176,0.544095568383287,0.410811455798097,0.312110278679302,0.2386041858994,0.448154748495303,0.448481852438286,0.450511699276627,0.514665856854542,0.52310968785541,0.51735702140869,0.517853309978519,0.51355022963213,0.582469887239366,0.577518871423805,0.662671966922271,0.651705124062737,0.747316390084233,0.748249428920762,0.754124965302585,0.755239903155986,0.937110992352622,0.93987382495055,0.937935238528499,0.926589091948403,0.915022163028514,1.03966935481065,1.03607808619635,1.03810120189959,1.0413662106411,1.18923433767194,1.20590529527531,1.20296491427443,1.18226949767052,1.17449745383185,1.35274462549708,1.34953502133105,1.32951825128526,1.45025906297682,1.42946805085398,1.58671866002401,1.55993623535352
"67",0.805712414417441,0.870357240044332,0.905361151225948,0.910526394959093,1.09671961953849,1.3212265307603,1.58891240515318,1.88929359802967,2.32970520795024,2.78865736919094,2.09812001981332,1.59947947694785,1.22964090338327,0.925680412875525,0.708878528852124,0.53716412490781,0.417175268164737,0.326773871706738,0.259832006941527,0.207750926667396,0.166910303941835,0.137323329181385,0.129212908791346,0.120989833129129,0.111373057557276,0.103813977618595,0.0968454808946817,0.0916158811579022,0.0892340710434225,0.0882409551778829,0.0868585107327354,0.0857847614151357,0.0851487001426449,0.0845139281688419,0.0850616581827689,0.085445043807384,0.0863266395161403,0.907792641123745,0.897153420196716,0.893758923503744,1.03086638336082,1.03574244473533,1.02145290072786,1.00807098660137,0.99227668359896,0.976024880613265,0.974206443572589,0.978922479206429,0.972640824028738,0.978997134394174,1.13579394462062,1.1449626653954,1.15592560902578,1.15352525954139,1.16231589993511,1.16643065491251,1.16624265188206,1.16737067776668,1.16730370391649,1.17062941232145,1.17483048970319,0.933106310992356,0.938500411599853,0.946549640096293,0.948989611263859,0.816539081278794,0.815638308811027,0.815104424854941,0.824062165341348,0.817202905459562,0.710337195650649,0.714074664580503,0.716220890556542,0.627701280965972
"68",0.93262519016106,0.923530026225701,0.888098458895351,0.838842092447239,0.977639341076152,1.1358135513853,1.31999992686593,1.52458103391659,1.78457220363546,2.09831356438501,1.84125703385249,1.63826008096108,1.44462625763788,1.27732124070977,1.14686571489695,1.01283943292456,0.882585955054121,0.757886472940756,0.654295043595911,0.569695443076482,0.499448157066784,0.439749942299018,0.441907819465706,0.442290338980607,0.445118236738068,0.448314925115557,0.452474296703662,0.462747808005365,0.469543390222979,0.485571056391846,0.500990164407344,0.514520938172537,0.528376525815716,0.542381083090348,0.617570048082275,0.692548855638427,0.766079877125602,0.938389858226288,0.936149495346964,1.08060086984798,1.07354776644348,1.08662316090033,1.07285999104802,1.06809888438386,1.214016021285,1.19658767590067,1.18467472026585,1.18437890239021,1.16291630885488,1.06301673951877,1.06104605903515,1.06207634385664,1.06087800079292,1.04967174190107,1.05394855642062,0.9136949220986,0.907772464859875,0.903258598197144,0.904089090177694,0.90758655337617,0.910411357153856,0.916505237060961,0.920626725252386,0.928320853740987,0.930572874191004,0.923615418199553,0.806160919405917,0.813240094237094,0.823513160687013,0.818722121548927,0.828163247244891,0.832805523824775,0.836512087568442,0.843875273074128
"69",0.372542197909672,0.399536897131588,0.423984508841323,0.444446822809462,0.464124457157304,0.492944769736282,0.53499013080265,0.573361973159453,0.609836991796301,0.642949192068294,0.689578002747801,0.730903631868844,0.780241336584667,0.825861736032676,0.885912626874498,0.944940217476757,1.00837603813516,1.03462323402973,1.06997707636489,1.10318965906422,1.14594710383462,1.19057430247462,1.23259576307265,1.23416239297545,1.2435947870356,1.26394171608551,1.24495568514156,1.26074181328675,1.24194693459068,1.24544716572422,1.23988591190836,1.20143369495245,1.20699929225031,1.20881375075468,1.19857099106122,1.1569556841833,1.10185133467484,0.857066435956026,0.858390917262421,0.862193584930513,0.852727756839687,0.990158267904739,0.891003577462219,0.883111797213348,0.867588527793187,0.851185368097838,0.882182016355836,0.880340050309019,0.862723525690156,0.862416920184434,0.861073185134542,0.865717755254556,0.867880472079499,0.861241228638803,0.864442756607767,0.861730848976896,0.853704654292262,0.967255487557348,0.967484026081526,0.968924480086177,0.972417193592482,1.11804325599078,1.12481302705819,1.19220686228679,1.19434607194185,1.17816217651322,1.17535507695315,1.1907166387907,1.0961157644744,1.07708724678055,1.0805486110668,1.06884914416209,1.19350830667813,1.1740442368387
"70",0.120670695816818,0.139627657551862,0.154665455061324,0.165629593962528,0.176895881695784,0.187869792865155,0.200129786854728,0.214415665248653,0.224670817511864,0.234923207078127,0.250502774616001,0.264418444985195,0.284932863467679,0.311753379403511,0.395485266247967,0.51217292495604,0.672546670463278,0.885031732140856,1.1771690611244,1.57112572778037,1.5934402743979,1.60817568678972,1.58309676500872,1.63595606061105,1.86950193653456,2.01172356561325,1.91030227418771,1.57252768544169,1.4077483755724,1.15211169698822,0.940357541916602,0.77257707627454,0.617970988980882,0.521451176375704,0.436083512351351,0.367285510318243,0.309262240814789,0.719661660303592,0.705582190301507,0.782602930466775,0.78270092882741,0.773205353236651,0.760966787718861,0.74611567303839,0.818613060421984,0.80821496461277,0.798977161409512,0.8820480231215,0.875276827057426,0.870977375221615,0.958525828771537,0.949224353109132,0.943785031618335,0.927670716100321,0.917275364444412,0.902720046945087,0.891116878839974,0.882830589079358,0.974181301530208,0.973565713285114,0.971156048393539,1.07809731176648,1.08155849841307,1.19611816949264,1.21051842040014,1.2163107987272,1.22433242086357,1.23468257324975,1.2547473427399,1.25272719827111,1.26020104068179,1.09648326958762,1.10208413160271,1.11382006315034
"71",1.46318490583459,1.46454749606194,1.41906400395341,1.37050210792586,1.30416488970085,1.2649302352037,1.23380761391273,1.19466409157329,1.08102426420549,0.971633995632167,0.888996376058267,0.809433306806053,0.7345188589787,0.669928481662038,0.651648497709501,0.645943371542413,0.642314500505754,0.63899118990222,0.637324661569416,0.630024060447396,0.626040639875965,0.626850997472891,0.629128177626767,0.622693154035441,0.624150961845762,0.624059975000112,0.688303092916112,0.761634092671232,0.834726236767267,0.931207557244438,1.0322723738956,1.1490266566182,1.17352380181602,1.19347076275511,1.19533221256244,1.21311667407407,1.22733158181029,0.9584068964733,0.960420907938069,0.948468712895814,1.09104704243475,0.944509146060418,0.932858555775205,0.910091633328866,0.892037018980768,0.99535329999921,0.923917123051211,0.927892966443914,0.954717796576931,1.09544024928579,1.1060326242413,1.01785916354254,1.00882571453363,0.991560658677707,1.06954066697502,1.05195440941169,0.949378826718932,0.94254079640511,0.936740646755325,0.931279165091596,0.868751649568608,0.872795760180395,0.887525801694371,0.938172707718931,1.09458693750171,1.11361792777821,1.09760585187344,1.05376531283661,1.04659588481066,1.06919984018426,1.04043639973173,0.93260882814675,0.907041378671317,0.932384296619156
"72",1.24184982921061,1.31294066419092,1.3307873678789,1.32378610161104,1.07972085995588,0.888923758760319,0.742850052047307,0.616152966452719,0.51201797788188,0.42789987300155,0.476200954280915,0.527013700031303,0.587934604867193,0.653018421308772,0.734489892002315,0.821958732243136,0.961941335338131,1.12083945172493,1.35100312484237,1.53226634692053,1.77834829382937,2.03821408879257,1.64952807397108,1.34767779526178,1.12965679986919,0.979327993048511,0.849579284166864,0.738207676744072,0.639516375920796,0.567364347506059,0.50433481959339,0.440102733077205,0.38546876084197,0.338223070869887,0.306697078513248,0.277410010962485,0.250247768653764,0.767768076558445,0.762506358639847,0.759770985579766,0.754833842598956,0.759380741466192,0.747160009852044,0.744044478191393,0.73530359328767,0.726320388566597,0.716982497736375,0.715145988221388,0.706916696965188,0.8148833229827,0.894284040984553,0.898196996094877,0.897879045959497,0.891754835905295,1.02766527350184,1.12396696107005,1.12709820078423,1.13106393142186,1.14192387829205,1.153978991203,1.16852836493099,1.18521203068869,1.18383102595777,1.19486345337395,1.19217114333479,1.17720341007837,1.17262376200259,1.18295561809202,1.19278669196792,1.03409367681328,1.04445314176372,1.04572508497735,1.04095869309911,1.04044155820073
"73",0.165633152038205,0.224629947199354,0.272753026773844,0.315315173754179,0.367183164333764,0.425326846636286,0.482940580263178,0.544820522230973,0.610335541647935,0.668872881957027,0.729038680481243,0.854310053203316,1.07856249881226,1.55437545744346,1.67602644699364,1.91604348877063,2.08946999251182,2.17125650784328,2.17145484547249,2.01389709214548,1.41489494429171,0.966898205121544,0.682811148904651,0.524669373440504,0.434824021412388,0.349940337936042,0.350854122603155,0.339094385254796,0.348105925724466,0.338385444855181,0.312690299506196,0.289716240723596,0.266436554941134,0.246965910617037,0.227423814057005,0.209274149294598,0.193700480967149,0.576335994706496,0.581796639517867,0.669359563479963,0.605151578641006,0.703042621290653,0.691492009303438,0.784000496248387,0.768708408268621,0.750955936937492,0.843933609542565,0.839262318697172,0.823406555672877,0.821046310658141,0.815705464019509,0.933558461762352,0.929314414484226,0.918969166694347,0.913114263200834,1.11864858932917,1.09715202507147,1.08781587770868,1.09091482823315,1.09417450922546,1.25583821933967,1.26839456090387,1.28797976538304,1.31318162763893,1.3075211098869,1.12207125880799,1.20384812303675,1.19804030914083,1.18083478307435,1.15968649617964,1.00628101934052,0.981160642687282,0.949577555943305,0.927986483731359
"74",0.30091822243716,0.322903479359259,0.333111619820211,0.357650404061596,0.390215436948355,0.417168443835827,0.432068589446305,0.443034970271334,0.461855976335021,0.501080864788514,0.535361050169049,0.576034106315579,0.631939155868441,0.698649495202611,0.788936143960418,0.822561794424661,0.84358117862666,0.859793984563426,0.899439259537151,0.941627425288486,0.998466040764868,0.99248596254756,0.97964218357277,0.988843839914858,1.08269319014965,1.19078206018217,1.30215841477782,1.36785604108644,1.48735722568602,1.55797983480647,1.5673016972243,1.60070063524004,1.58513349093089,1.4368903605786,1.29506960964305,1.16418219317204,1.04731327197183,0.484553397013287,0.477432188032843,0.473188731439056,0.472450044467182,0.607527139328542,0.597907719995754,0.697895491067544,0.696556536534239,0.805107210186944,0.879340371460046,0.885009104541292,0.88307440528305,0.893779770902736,1.03629803418841,1.14935002128678,1.15774306015977,1.16279674248754,1.17861468121555,1.1798501621074,1.17139980732571,1.16443326062913,1.1618000257169,1.16088921168357,1.1610282415303,1.14826824694331,1.13056180192737,1.12414217318966,1.10522104532335,1.07801330467301,1.05849732982322,1.05562269626994,1.14541131168968,1.11809478418096,1.11161679538089,0.959869592010768,0.945148587267401,0.935245211245476
"75",1.27954436858121,1.25585853040404,1.2187430089487,1.17810463811244,1.13700599317746,1.09760846331732,1.05329043493321,1.00748383659722,0.948060197089162,0.903243516972461,0.859717047785929,0.818095515344765,0.770655511034866,0.727260350106482,0.686804803417359,0.651496121712214,0.617598155554137,0.589552515127212,0.600669562643938,0.616049431989286,0.632151546416089,0.647622748296844,0.667891163466378,0.6848952387621,0.735922362886751,0.789584943536647,0.848970317795455,0.92180492388856,0.983013061275442,1.06578665096245,1.11934034778804,1.16879305991469,1.22896102656862,1.28519773829769,1.33737590953691,1.38465944388015,1.6186908469172,0.475174967028649,0.54712160576251,0.551395186463953,0.62307280667202,0.63603768989246,0.715692171470825,0.713907035704933,0.798907343955172,0.781389667475014,0.877887410099321,0.874379586447798,0.859881781752438,0.9770944787379,0.971165358951135,0.974602641513559,0.9670968046588,1.08865617662008,1.07513111218837,1.06507138435913,1.04398221607222,1.02591984925718,1.15621877992513,1.14733891051876,1.14781451801037,1.14661901050575,1.14979996787453,1.17325450651001,1.16958233533788,1.14741970019789,1.13008899623202,1.13473295557528,1.12842634570381,1.11849397270845,1.11514469904036,1.09656523729555,1.06876911090415,1.04211591358796
"76",0.0278537699985178,0.0244329749044141,0.0207118430179021,0.0173044918337278,0.0145151017064949,0.012170559761814,0.0166652271765559,0.0227909709779059,0.0313075173548502,0.0438005640920939,0.0607705874999315,0.0883234943893477,0.127372558901232,0.195955882248042,0.308734257444269,0.516177048148184,0.94231510495741,1.80518722851512,1.98842309330998,2.07459274612991,2.21329214101722,2.16394072093386,2.08365221294155,2.26427158146957,1.56052047131546,0.984127691276548,0.633764458828693,0.381540728241916,0.263959324036383,0.181899782087834,0.1451733177242,0.114922239249281,0.0935859132157544,0.0767303665747969,0.0633602560173646,0.0533545059936195,0.046949083009206,0.880687315601338,0.893166127595797,1.02820669266819,1.17512569444835,1.15446610012664,1.19483255158492,1.33849277196878,1.31465489642946,1.46648608248919,1.68188940149488,1.55334569735473,1.81560671008395,1.59058801589988,1.6049353930621,1.41636001318184,1.13169964336137,1.12126202414788,0.963865810370736,0.846546970787718,0.836424270028055,0.733105209884794,0.647750422584813,0.648916837532006,0.580426817640699,0.517129365255173,0.461191550425643,0.418392440853891,0.369764135064953,0.36704428148298,0.316994607646508,0.278833839801156,0.222534261439363,0.217781041089083,0.190365493232315,0.164347593920816,0.159748926706491,0.137360954059293
"77",0.042487589767486,0.0463471023707049,0.0515523414624642,0.0494265660497963,0.0474690091238246,0.0443184311737417,0.0417743433844736,0.0394351874609548,0.0366706990092925,0.0407090319946545,0.0448909356333687,0.0511683509209499,0.0583817333928775,0.0659576467106334,0.0741607552062295,0.0958803434629507,0.123923145654166,0.159872589605841,0.20818463417793,0.274109327087375,0.366717897260724,0.441859306243269,0.538208569205792,0.65580622491031,0.818296508650712,1.03401822560269,1.3231928713274,1.45135403309793,1.58867528231029,1.72032433622089,1.8595480809255,1.97826360744242,2.08266548724653,1.93245442824852,1.7833030428035,1.65064038744849,1.52213525194856,0.564986936026223,0.555342928260923,0.549584939757453,0.556497679863292,0.542191960963209,0.543410052496546,0.542240119181326,0.674700263002312,0.68228819679355,0.688855397677699,0.700197026098197,0.844469720837648,0.847759933347736,0.853327267843176,0.851753250475435,0.849993958993042,0.995589760013773,0.988004877498525,0.984797711486514,0.980669117121041,0.982511106029587,0.981843581958851,0.985340811707629,0.988328509511648,0.994814897928203,0.99580122463887,1.00439340513125,1.18518640637013,1.18667272504388,1.18753253936641,1.18431560012479,1.20046732202516,1.38910067784342,1.39906587165013,1.40869216271893,1.41246394335778,1.63846800601302
"78",0.220485629725102,0.26541380965437,0.317229637728582,0.378050271412242,0.450553758168001,0.508240976270901,0.566009680569112,0.626864811181044,0.699369150199189,0.784079768772253,0.877392139565071,0.953026413693409,1.05197252579648,1.16070934286829,1.30260627509537,1.45884534704634,1.64551968825502,1.61568643068865,1.58597287191915,1.56843114051822,1.55558755323289,1.52903419516866,1.5162833373978,1.29472764582902,1.13087088207296,0.995825072355363,0.864994949270399,0.760145028934748,0.656112839621833,0.642232585869786,0.604030940107143,0.574330772794076,0.549878926343118,0.523517503173907,0.495217563952657,0.465572329335013,0.450010560222865,0.393815817132203,0.531443369359744,0.530583190309875,0.54011178366873,0.526189947141039,0.523199088920374,0.659379283700506,0.656358447502128,0.659967521537923,0.663091321385309,0.66731609631237,0.832468553007156,0.83774212808832,0.842943671139797,0.8404510735149,0.843318267312857,1.00525405843571,1.00008973421667,0.993680475446951,0.991735832805497,1.18488498501486,1.18891129294811,1.19991359899658,1.20849920570454,1.22149718593021,1.23276862343877,1.24614431423133,1.25722257411933,1.26693523722037,1.27057688594089,1.14728807185553,1.17341005275075,1.18165438632893,1.2007747294341,1.22719964577254,1.13155356804613,1.16089404482038
"79",0.647032994681037,0.720293024547918,0.778088530464357,0.829382370635688,0.857014419915828,0.906919491972822,0.96073856406762,1.00870323812187,1.07462774135284,1.14250585778732,1.18308525471861,1.21476856992357,1.26248350053196,1.30223552920652,1.34152549164313,1.39027263309191,1.36834172133978,1.3457095455326,1.3279026899571,1.32500239593472,1.32335747214957,1.30768740660513,1.13970412389406,0.997637286035683,0.880174097666771,0.77981162524201,0.687117816106814,0.611062058159203,0.599226825819334,0.587417175026132,0.580279196130519,0.566037500967438,0.555036825662649,0.540040888062173,0.522511527134686,0.506729057309769,0.486979656549114,0.743006468276197,0.72905857147579,0.719362561668227,0.722540007162352,0.756999032041722,0.74495002843937,0.736714934119414,0.729558062749076,0.726505427081453,0.857786990711524,0.85638346171767,0.860539958979262,0.86621665643417,0.872664698633072,0.924623095620089,0.924740418842627,0.917872347026096,0.912828725550685,0.909605340661488,1.01031490406565,1.01210476349684,1.01196378841477,1.01557904718871,1.02129718213051,1.03022664108248,1.03401969917487,1.04551153613148,1.05246085653517,1.05791519400197,1.06767914056455,1.07522144140688,1.2777619447402,1.28060587690207,1.29965850627337,1.3197772517198,1.33319040847921,1.356519350381
"80",0.3666426651754,0.364379723004021,0.361639010397759,0.358199918395163,0.352822705632071,0.35053371329135,0.342235023023444,0.369085828592298,0.394005888880618,0.424893172492214,0.458954089700773,0.485367694266035,0.512566747239652,0.476271163277182,0.449206457939848,0.421331405694544,0.391584268801549,0.368237881416189,0.34731124806968,0.360847010871152,0.369948499762271,0.385501386535609,0.40314201660027,0.420420545718121,0.443551355595695,0.508012814374541,0.584533486453424,0.682209844817912,0.778533009976612,0.910768822091105,1.05971666502358,1.26207226344109,1.53158159337366,1.8554670733482,2.21334195795043,2.63790335105054,3.01634858697258,0.409579064331111,0.412591489855518,0.415247563429605,0.408755625315523,0.471396593184345,0.46297865214896,0.421601262993812,0.413025619304226,0.402854847668975,0.453371128273508,0.451418751120294,0.406593429614824,0.407501071718604,0.465281154316498,0.470217273718786,0.537818489579833,0.490640600303448,0.556943915365575,0.556109414602885,0.624833287932844,0.570353876739325,0.572543661209046,0.652285715133882,0.660774508898922,0.755298277383944,0.870258053409132,1.02760759376981,1.03868005657921,1.18469924110756,1.34412360847729,1.51350133995479,1.57916576251992,1.60018693536024,1.80827622476098,2.04055552800459,1.99578044537682,2.16961125347992
"81",0.396322571132098,0.394623992866432,0.384217968455462,0.374660050591515,0.36486060135543,0.356066282655804,0.411343241511573,0.465337501512202,0.524527813864152,0.596367685735618,0.67803193907949,0.782353823912043,0.804016015787652,0.822836141564083,0.853309308833271,0.880120226565075,0.918362904420373,0.946797226754092,0.98151413422002,1.02738968336163,1.08356752900122,1.13512479290724,1.19918341709192,1.26914658468998,1.28769177842736,1.31232375884467,1.32727721991859,1.37550835191323,1.38041366002242,1.38484769771146,1.3298761893895,1.26769852044117,1.23188554958443,1.19569609248405,1.14450138787997,1.10032602609442,1.11971653973542,0.201642467690258,0.232137337024549,0.228519226116839,0.230581372516628,0.211016143810671,0.238043612381587,0.246369074032069,0.239221562127844,0.234371030385739,0.239098323360656,0.273515300373351,0.317984459246254,0.316047325995141,0.366502069448915,0.36278944722164,0.408507385698583,0.429748626364691,0.434636047303945,0.416841791145508,0.457387519280807,0.520259477655487,0.516004821229495,0.583116603918995,0.684274094735938,0.695146911658412,0.732942488285517,0.949576200926325,1.13058685635309,1.48330658437374,1.46269744986047,1.4089051779522,1.43129484639758,1.82320365909531,1.67145060714594,1.70209274031083,2.06126337974572,2.79661911845482
"82",1.38887097438743,1.38334217385133,1.31809116827795,1.22913083300511,1.15056533367082,1.07673345483109,1.00539390186738,1.05021501287056,1.0903914527473,1.1339918793042,1.18070815954087,1.25832918476424,1.33350294057402,1.22603637683171,1.12813670668027,1.03217281670307,0.953648375991813,0.865231721098395,0.786060141360185,0.747210567184193,0.713934675759923,0.692232744356802,0.663162889505657,0.634986453833665,0.614279112881287,0.648224200301569,0.667589421860799,0.701705601665333,0.714614796651349,0.737941336866038,0.779583497785021,0.81596889965171,0.861926924201713,0.917050340310869,0.951082445973328,0.996170170663218,1.01447564497427,0.319705410135401,0.368180327967464,0.36978849111045,0.369507599710777,0.371308286972749,0.366816963496022,0.421794749096361,0.457209331084835,0.521241293131811,0.514905902228136,0.512537813940406,0.635464517011727,0.635022132099973,0.724301575186858,0.724817409624665,0.830021396933083,0.89982018635237,1.03461127836583,1.02894644272839,1.01297084562476,0.99759214811622,1.08285123359409,1.07889413975536,1.07602695636492,1.07710384853916,1.1790696510547,1.18783039154987,1.1824388190674,1.16062392347294,1.15032994041737,1.26454243222875,1.25979757739642,1.41017118129328,1.53878903916489,1.51821295609468,1.6190844525068,1.59083585433124
"83",0.374675052812917,0.434402588411109,0.502817185469747,0.568683303514324,0.657337284501156,0.75957655994562,0.883130293144463,1.01959341903558,1.15540641827824,1.16114162086253,1.1706475064298,1.18142041378964,1.19128767768046,1.19374829124994,1.2131616475578,1.18025758771932,1.14325144784706,1.10614432971689,1.05713318968242,1.03099798541347,1.00937182333754,0.981666407434207,0.954646914604312,0.930221468868551,0.90726059760113,0.889844862514466,0.868450292041746,0.914716567326768,0.934965657601,0.970005207886268,1.01130153455521,1.03947298228732,1.07695588750779,1.07278375602991,1.05389112345397,1.03648789228724,1.0088152930706,1.24587869792574,1.26616228944598,1.28323155124527,1.27564775133977,1.27566328262154,1.25588561764454,1.23824770811376,1.21095699907125,1.08500743172117,1.07644274975777,1.07081493533219,1.05377798603619,1.04804387364175,1.04161669881256,1.04452549867109,1.03936752830316,1.02509142395417,1.01253364369513,0.919959898883791,0.902033077548708,0.885867038346622,0.881643584011642,0.877525962366771,0.880130396361613,0.882457590357242,0.782817369554871,0.796960534065297,0.796458111692233,0.782454699398369,0.774175929225539,0.777368137411021,0.771769768993768,0.760331251338163,0.758340394665825,0.744098922513,0.636925867931413,0.625165391721722
"84",2.21625914675271,2.03432672929558,1.79830458958826,1.57516785180569,1.38233565559278,1.21362844131256,1.07042093092424,0.995372429496173,0.932526243735467,0.877272171124787,0.831549003281433,0.779551547205587,0.722829652807606,0.708640867617043,0.705273454744699,0.700773329290725,0.694683858633188,0.679833136318793,0.678021020203883,0.688508737503693,0.700989847079142,0.706163674572183,0.723135559983101,0.738340041410195,0.753154599569317,0.745623817742135,0.739052550239473,0.739879292182199,0.718912114364098,0.720291658795838,0.720011809851955,0.720797659811468,0.715076578649658,0.716345757460795,0.714744404640057,0.711352993796707,0.703109338464389,0.791481486480044,0.801913061010307,0.92547047935176,0.91657583449478,1.05540143692255,1.04240609836418,1.17997299331226,1.06734289466361,1.04606128490751,1.04107519198987,1.18719705135083,1.18092994445482,1.08679637312066,1.09225802174022,1.10687718193387,1.10926950940452,1.10476782021247,1.00854375628234,1.00804518040888,0.998285543302861,0.992674068427603,0.916534039810926,0.919784680646846,0.930991427689636,0.940368000290811,0.952053361863205,0.982860694119463,0.989864608268467,0.982501236653179,0.978077011613787,0.984714000172267,0.980560644178278,0.89293583738281,0.781438918582423,0.769272442454847,0.75035190115924,0.740875717947337
"85",1.47641027469475,1.56936994785306,1.59935881607477,1.59023852341322,1.58491013611015,1.58242170275542,1.44630240796255,1.33517859507608,1.25601873697648,1.18167318283664,1.09583433249013,1.0372958995101,1.02846995140757,1.01086409101808,1.00423030993158,0.992207174225056,0.981210543216426,0.945623746771714,0.86608877453046,0.794201796230693,0.736639868998426,0.681979396648818,0.631004190177606,0.601270377939675,0.580149368267298,0.567237161970001,0.547143028232304,0.536940821552964,0.513817829068821,0.496662255732135,0.48161053159264,0.463254820223789,0.447910705150753,0.433274837801839,0.4137310654391,0.39339569450221,0.36589328485589,1.61698311691514,1.62587460165877,1.64526276527863,1.62992268447981,1.45629270493819,1.43580293143599,1.30789276693849,1.28617855932747,1.10358354397305,1.08940832820513,0.991332048282708,0.973831055993878,0.971589193871815,0.965474965416605,0.963613939909326,0.962261855308049,0.95237719690813,0.960642903539335,0.833720682374357,0.829781040650499,0.718309911785215,0.721526272246395,0.631050165645284,0.63012485177723,0.632922090497359,0.635624633333346,0.637828624476059,0.637192277365461,0.631944126456015,0.629673938352743,0.631166327780661,0.633723063645686,0.54294924777808,0.545518402274665,0.547180853032646,0.551412221720865,0.557076179343306
"86",0.361835764258143,0.357149969306601,0.39911260171824,0.436669106256263,0.482775001326626,0.5348960316763,0.591725874300632,0.647070268474455,0.697232027597859,0.75927401156086,0.839499725858732,0.937364881289419,1.07509450738728,1.26259711676196,1.35512169941991,1.4592334387408,1.56309349010197,1.66385872826414,1.70415727008092,1.77314932118416,1.62376425519444,1.46541209925914,1.32775765199139,1.23180508618854,1.18330309309967,1.1278529660806,0.934050658491741,0.768331299864565,0.634850123708699,0.51413843034284,0.429301253789728,0.35691506973328,0.312009999643732,0.272852050381892,0.23732368827011,0.206908698517374,0.180344259449342,0.975788513029921,0.987367751973356,0.999559518135935,0.992708210716714,1.01487259273903,1.00131077677737,1.00370624416801,0.992458365897614,0.896789650259125,0.887656398087259,0.887040763806384,0.994127931475986,0.997319427120241,0.998525080837568,1.00817849866423,1.00938521913524,1.14561768155132,1.14880606973052,1.05278175894518,1.03999640038545,1.02816218746441,1.02577709125172,1.02351791195702,1.02542169738218,1.02831868359361,1.03024072677217,1.04308577733714,1.03937797270238,1.02010694941993,0.927925733994801,0.936187908282268,0.933003921186214,0.916233059645657,0.917095090690382,0.905379361267361,0.781380338339551,0.769377536990175
"87",0.124085502700818,0.15597801534397,0.194011354314717,0.239296076454373,0.295325824176284,0.365481922115414,0.454056457498615,0.555579310612181,0.606104094988991,0.665125087761185,0.728624770752182,0.806034198718251,0.913237120412154,1.04393198825105,1.16069653292635,1.29177338368176,1.438457129375,1.58815050803598,1.73700552897109,1.9426547920363,1.76705619713639,1.59099086660027,1.43138095778674,1.32523038641649,1.29149532676727,1.21352979317685,1.05185085341943,0.903995495083024,0.782157445141627,0.671380505849271,0.575746385312667,0.494476365213949,0.441780253264945,0.395189919681437,0.351177438534862,0.318996777347105,0.281518235357427,0.597867226675371,0.593236330039642,0.59538004850944,0.593916367317151,0.691741680731198,0.681818575604993,0.673647321306034,0.662188735074123,0.754708538213694,0.745338252849024,0.740688341540043,0.729755996385103,0.727770660122042,0.831634790012451,0.828092883079461,0.82629786423096,0.816038031536736,0.93893364995009,0.929236273601561,1.00497581558105,0.991993076039423,0.988052665759446,1.13264002489904,1.13118565612253,1.24100414760476,1.24805666695303,1.25464432406964,1.25197661165507,1.23312350152039,1.2249262986033,1.23352307603668,1.23182591641761,1.2093962278188,1.21340743514928,1.20419082482731,1.29659429595523,1.28156323471547
"88",0.131438903447187,0.141439705877294,0.157258139467744,0.168821736678656,0.188430384186174,0.210866030850936,0.236961904293809,0.266081951965333,0.291034685111304,0.32326048130009,0.349089411238357,0.377774565233144,0.407991976335786,0.438001959378522,0.472408205025081,0.510021792247221,0.514480621556248,0.521433260025949,0.528034697384056,0.536223705712929,0.546077357159619,0.558272377986049,0.609615151377265,0.667246131138228,0.726628523928011,0.785126992212591,0.861994718286615,0.967982398383897,1.07752896158285,1.22448651044511,1.39678600487126,1.58062646879539,1.79107231840388,2.01475074604933,2.11946417939688,2.23341691811924,2.27943737612089,0.431179171878641,0.433675796188951,0.475772152520709,0.430797529571677,0.499357405446949,0.491838149077837,0.557049239409232,0.54687034048299,0.559601030377455,0.555535649306114,0.555522804640865,0.62606074052002,0.627465614763505,0.628042967166875,0.634499125831747,0.635105086622067,0.720167931967615,0.715686736395118,0.712971988482471,0.703773559155534,0.791317335876134,0.792575601454157,0.793995345175769,0.802715853341907,0.809683031905109,0.858126698282028,0.888342373634906,0.89318061157631,1.01254712877628,1.14643999279354,1.29753223403023,1.47037163116036,1.69272853423127,1.67025872484389,1.87977180324857,2.10307402366714,1.96412260530567
"89",2.05447472975413,2.16894518612117,2.03604298662204,1.9007206063115,1.76989654088012,1.65576687380587,1.54859955958574,1.44954089886004,1.22114746748531,1.03614172952361,0.88042545549399,0.745934134663849,0.627561217117496,0.533072059325536,0.503636060239759,0.478279397375547,0.449495732026882,0.429519008915,0.41123941312031,0.393717155576392,0.377711751315781,0.362599367797392,0.346933967323839,0.334105093612324,0.326871193895834,0.316009475764094,0.336404637124248,0.361493171453828,0.38666219241083,0.415569796579702,0.457170076939269,0.5041749130559,0.515667833786101,0.524072482437345,0.536288840769059,0.547988568293609,0.552450187632927,0.78601832277677,0.793665088964607,0.798304920608528,0.903826823870239,0.904814553377192,0.892307421452505,0.885530373926143,0.869470508409573,0.968730003896471,0.964034683663151,0.963245420434216,0.961269128482032,1.09943691000993,1.10021202801884,1.10937351146556,1.10500990216917,1.00480548712369,1.12358373987981,1.11302815673182,1.09342642663019,1.08197950478025,1.07904684665728,1.07623833186901,1.08553682307311,1.0858327507891,1.09460799226146,1.12902379043624,1.13145858000696,0.977991139464356,0.961854268160174,0.943284416423452,0.920788060026418,0.901916425402698,0.880562941526584,0.850708731903771,0.816232592845314,0.802517436285535
"90",0.123904022207226,0.188885964029929,0.283364778110752,0.423775742299528,0.640857794449041,0.975115187781798,1.00720844089129,1.02396390564742,1.08909985003598,1.1521744929989,1.2116531591753,1.30755100493977,1.22146708514461,1.14282531508811,1.06652418085973,0.995520229623932,0.91817675491312,0.834961743527345,0.720600135547841,0.624329528179262,0.551622118802567,0.486074120762385,0.423328012840535,0.377947754725712,0.403859872899784,0.434143678967249,0.45135494133335,0.472236077443292,0.487969261328034,0.503100723625363,0.65517018018574,0.84472156298999,1.07378691360552,1.36164112467468,1.70000805059392,2.10459894909585,2.36556767815938,0.563136814291275,0.645805115269282,0.654062800787356,0.739233828453734,0.754709402825243,0.849184635874126,0.846194674984466,0.832644538215916,0.816877195184558,0.92258115771874,0.922656908641754,0.909174572835316,0.911775042536472,1.04040079987245,1.04608098454877,1.04273352310309,1.03230137888463,1.02742897661849,1.01949693751443,1.00202512333735,0.98435048567138,0.978100026150622,0.894031099271893,0.893660175432834,1.01619815684349,1.02097908805258,1.04510334608034,1.04963632331759,1.1837910344193,1.17683534234685,1.18636744292667,1.18286110297298,1.17674173215017,1.18116807733652,1.16803063740211,1.1458058174547,1.13691632795547
"91",0.069974511240935,0.0678459264753994,0.0640749106042332,0.0612652147626048,0.0588189963361123,0.0564343110484316,0.0535916184475241,0.0878292338535805,0.142193480668907,0.234135357597742,0.395251766045724,0.671106548068543,1.24000126181681,1.4603512096845,1.71418792647625,1.96233467872756,2.1964987739708,2.47920240276184,2.77098122585227,1.76459140089925,1.17750102732267,0.827185579876565,0.596272376981087,0.442996693528576,0.333502419020262,0.291061869891373,0.251396171883724,0.215047186627779,0.182205627419545,0.157519995352002,0.137797229877821,0.123589299994864,0.110808107755397,0.0987871954854294,0.0880401495866074,0.0789888462085719,0.0703410336170108,0.341273432677661,0.344253866506879,0.362032372282851,0.357924955037325,0.40669943712659,0.400388912889202,0.363496645230365,0.404934103097889,0.449786655595311,0.448424261700555,0.510339544058305,0.536448285142875,0.536030447514561,0.613984679428483,0.706264754067069,0.706328863449391,0.733358092197015,0.807530420637375,0.800514034786883,0.894600318679582,0.895035711596446,1.00951397804488,1.0058630966464,1.15906024666825,1.16776609982402,1.19544510394482,1.45344449940696,1.3732366920784,1.41109573051337,1.39597593993956,1.52526392789587,1.52259466339764,1.44170131352561,1.41119196281145,1.40005720950208,1.38127483987517,1.46635521438939
"92",0.0970927865703958,0.114684996620386,0.134106533081145,0.157474906490212,0.184010930198,0.218472007195057,0.259907517215773,0.308384373768069,0.365580094738939,0.436963927246182,0.524894306471603,0.638900889779717,0.795429778230092,1.00097733947763,1.29477241667143,1.70717776509863,2.28659417952148,2.12064573150626,1.95731527297434,1.79710002570674,1.67057219674382,1.52198465770377,1.40128885232311,1.1411544944093,0.933162495987049,0.762108810127842,0.619860299919547,0.511538237968499,0.42072623840194,0.402199629502368,0.394217227506203,0.382162297865866,0.370180358561039,0.358804566525831,0.337851128764125,0.312395592990201,0.286198115786839,0.364859119457193,0.361646496644111,0.419215256878765,0.417582047549991,0.485533776915589,0.477820311297063,0.547676022250154,0.621757470605952,0.6120703037285,0.693340970605547,0.791702447270071,0.776778129575608,0.776468028968478,0.885545634505466,0.887967504844579,1.01435575169827,1.00613582484327,1.01092101498533,1.00708817552166,1.13778898684051,1.12501628965039,1.12295550778119,1.1223180530662,1.22774625774388,1.23373394383006,1.23969843450994,1.25374128090844,1.2517610335957,1.34343712442381,1.2264656464053,1.24164665283299,1.24200162933988,1.22364005350574,1.23028989628783,1.11980180914455,1.11083693779168,1.10399581374125
"93",0.0523801932828192,0.0733174706426357,0.103081851014255,0.129138982644836,0.161570140111065,0.203211912713067,0.258389084479708,0.325615898853853,0.410351865724939,0.450055164098912,0.497399089947968,0.548295968298519,0.615504822816062,0.677471479506504,0.774063244341892,0.852373617888486,0.941238595209658,1.03876423531236,1.15024171873518,1.28040552563886,1.43912582784186,1.45535475976213,1.47190410259218,1.50922404623891,1.5708671475273,1.63592192494532,1.70722561921746,1.55166373785101,1.38879447676326,1.24868072962042,1.12537489523235,1.00856653594224,0.91116724431089,0.823864508960588,0.739919110500409,0.661794373990764,0.590616756528026,2.14692669785709,1.80785790975806,1.73770871116437,1.78707532628285,1.52716792834951,1.32586250678222,1.24729937376014,1.2123259979492,1.19219207941548,1.07547741494088,1.08223864028535,1.00610095817698,1.09782649945821,1.1112731725377,0.959003442931216,0.940530600294494,0.908628669324948,0.732262955228449,0.710781535902558,0.689932759543183,0.685071465945524,0.600006211498571,0.596657661625366,0.534753991135371,0.537618958780846,0.549678657945972,0.511027243844788,0.455940227671969,0.4599345362711,0.394164495066817,0.334366996436505,0.331244362234086,0.291015952439001,0.285894175797856,0.244363270930767,0.236575882203553,0.206105444482306
"94",0.913893283569603,0.956837907629932,0.990745385667993,1.02390099302804,0.964194739830208,0.923377551327514,0.886179280579252,0.847001331011222,0.803367029422618,0.755203957394,0.780137578405318,0.80622541500741,0.83209741712623,0.84871141464588,0.86939228049421,0.903178067282987,0.921287658945021,0.941051489863661,0.961755381667361,0.989030803329006,1.02243712670232,1.04272460265162,1.06241827440587,1.08428226823997,1.10522827713296,1.11631566456922,1.1331946362663,1.16765359260043,1.12824084002406,1.10980655442356,1.09735972388567,1.07715867946358,1.06086219313076,1.04876879004514,1.04198670858865,1.03989679995777,1.0120997766345,1.52241536511071,1.53213732327313,1.34079012752124,1.32756465534238,1.20457882895978,1.18589066817645,1.16516158072203,1.13760786362518,1.10857261242188,1.01390335235631,1.01024473338168,1.00134088093629,0.997855143050357,0.994083848632538,0.915062648800207,0.910338463261531,0.898014410021433,0.884545306303732,0.873832237098159,0.856297833552463,0.842301462716102,0.841385297967664,0.840979072905128,0.847834174167914,0.853597065403863,0.795999283371117,0.818199166792533,0.824801298257549,0.818096410385168,0.812848655494242,0.816531489582727,0.813382051959265,0.809326728289184,0.807451011344949,0.794160138787056,0.775583436831277,0.704777956298655
"95",0.141759920792593,0.117869399136108,0.0973672803758739,0.114649525043506,0.135118472218108,0.161050073470402,0.191840147517227,0.231359867447771,0.273591270717408,0.3047151962532,0.333970686599308,0.371181822055933,0.414143811106741,0.457668205558118,0.517100739309375,0.558402943053224,0.604178834562961,0.653847423516851,0.711525302221368,0.773864451149626,0.853799500276424,0.921320329365322,0.991970451115418,1.07114058544739,1.17220611119004,1.29337581736907,1.42156000082352,1.49118137399898,1.54600620228547,1.6099208705043,1.66165440099332,1.69531377447557,1.73488687554629,1.5965963655271,1.46035377089571,1.33050417041517,1.20602408931127,0.447555480849582,0.443120387741898,0.441851938274664,0.508827457280518,0.50817778249175,0.577335927936124,0.570657196292074,0.616611220649839,0.698260183641949,0.690181351472025,0.628122902071098,0.619725851693728,0.713661973927062,0.714213703712244,0.716197801667097,0.715482317637694,0.814024741306726,0.81510027585358,0.931500183279632,0.92092718974256,0.911051952985726,1.04532326930165,1.04831219447064,1.05315472100755,1.06095343335067,1.06643851170153,1.23390533512083,1.23476787945143,1.21888379009335,1.21562883264564,1.40478763765653,1.40850890123921,1.38926606072921,1.40064410123166,1.39225928119818,1.56217116379555,1.5459261402118
"96",2.28072341513298,2.26743246883154,2.09343867281345,1.90226190032846,1.73237557903185,1.58742463756072,1.39820113676374,1.23360366255469,1.12490450721535,1.0206429948388,0.92610103346554,0.840651841578414,0.781860876458195,0.719135364556503,0.66298702242723,0.608487172662611,0.55619765112724,0.503779863948094,0.475128755417368,0.450252039808796,0.429485407293215,0.408930715999141,0.389079633354007,0.371931538364426,0.355364274684617,0.341163629306923,0.324443831337548,0.313213669775104,0.293105703778652,0.278382126410864,0.284391085747613,0.288855224271454,0.294203953204738,0.295287671112368,0.29551149967519,0.293440477418377,0.307332538695795,1.48590373869947,1.62900435820999,1.64334072774232,1.62254276152066,1.64838494168394,1.41501727557986,1.40380773144077,1.37889633830965,1.17803776574197,1.16261280983042,1.0102028343283,0.990632488878788,0.989516858209937,0.987306332637774,0.861022235719499,0.860434463866383,0.85066295073164,0.850316296932844,0.844002108991283,0.7235660523806,0.716310131715906,0.714184442002053,0.714194152884837,0.714616613540987,0.621776674664468,0.62416351183041,0.626592288209564,0.627845636409047,0.62305056315792,0.538538114779917,0.537896001820773,0.542775265187244,0.536991203453082,0.542136551346797,0.545390749586018,0.547527620569797,0.552898258459026
"97",0.77077180927998,0.755734684130904,0.760755264410335,0.775182519528856,0.792071184742071,0.814886408188912,0.846257799781518,0.877213964655011,0.895466190451535,0.910396443755476,0.926817552571497,0.943521121744349,0.957122035120719,0.967632900539511,0.985603286080314,1.0157307418536,1.05215230288153,1.08690484474782,1.1338847453323,1.18429973223288,1.23110304034879,1.16037474059081,1.09503832025011,1.03688821466824,0.975620097550204,0.915621098617514,0.856328563403017,0.882558799625087,0.908869031942173,0.952042970863655,0.993039629514501,1.02401272116378,1.08490104407852,1.10773233817368,1.134921321013,1.16374417003034,1.18897177559016,0.748779941729857,0.867029574426397,0.864056343890598,0.852262453273822,0.843243223051225,0.827029742466779,0.816754649971972,0.799979147938144,0.78039939543632,0.774982685364265,0.774322113926175,0.768124327139273,0.876708192626333,0.879369715769512,0.886106434797817,0.880368405012465,0.868542591241386,0.964967754656824,0.954638629118239,0.934626801455832,0.921758100928455,1.03955978915355,1.03267554143354,1.04076668553616,1.04264358314771,1.05188017577224,1.24489934345934,1.15175585564795,1.14538536445353,1.12989866830533,1.26933268328227,1.15568825741861,1.15429145383229,1.13585782561809,1.10817818888753,1.22394101247415,1.22757728090837
"98",0.200248249621326,0.22020785530436,0.229103683447136,0.230919615049486,0.233137325300934,0.234778115228333,0.237070376192611,0.238335885399922,0.251481958208134,0.263971881505015,0.275500119175227,0.296910828946883,0.324566946931466,0.364229430989163,0.398907101601917,0.438894045331994,0.48098520157705,0.516907652053441,0.559223723174694,0.599158792955263,0.649789364171451,0.682318057953739,0.694701750085847,0.763319966099803,0.874642626229896,0.976537761133948,1.08183638345218,1.10608805741972,1.31017446672805,1.30904032431373,1.42540175099791,1.59022871451098,1.68113276485859,1.77105536872959,1.88946246227453,2.01163840911564,2.42699194129077,0.506937745695556,0.514393744821899,0.523118164498577,0.519075962445098,0.604977155621394,0.598718369015973,0.597733833177959,0.670939044521009,0.659186369681978,0.747105021869187,0.749021311882475,0.742744596101597,0.847837363047498,0.847071014571689,0.85413462806922,0.853188119505729,0.965335054158965,0.955650229536972,0.943519338448309,0.922722881126754,0.906235278722999,1.02077969623284,0.932651923375661,0.9340380642937,1.0606137255148,1.06814193544393,1.09453881780847,1.24856418889277,1.23099190528445,1.38401260032405,1.36094557969377,1.33932751014099,1.32519795518945,1.36287166864833,1.32550423685672,1.28002504991304,1.45028506294409
"99",0.466698793966706,0.424399905909558,0.376063290850151,0.37456689554531,0.378142523295381,0.376770314058051,0.374952942178064,0.372598233656202,0.368544729849441,0.461858186188975,0.579088358698071,0.718216883677348,0.919083377375542,1.18609767186184,1.59103161387572,1.57665257953881,1.51609250465623,1.49608145560381,1.47374318432955,1.45410603549081,1.44757212169296,1.39538934761398,1.35053872222373,1.30009838039424,1.27008157728383,1.24427187012298,1.18643544930251,1.07665828860371,0.957818478664064,0.859615299716276,0.775154955504038,0.70544855245148,0.636506091198347,0.579070861587982,0.526469563111872,0.475127338904937,0.424955250908671,0.881779616179007,0.881349801119811,0.887788993934168,0.884030844118205,0.981306200577466,0.840559113539822,0.835052907437738,0.824223356623111,0.813707043908488,0.805444478526328,0.925701771365524,0.833033979506322,0.83416874954145,0.957342159177,0.959748537399063,0.961072264602421,1.00041268216978,1.00210842664613,0.995417648786312,0.984031187757921,1.11749057998882,1.11497346658753,1.11489817222639,1.11924195189424,1.12749058136926,1.13491903121248,1.04669298784994,1.04785548176625,1.03745243248296,1.03551224815448,1.04537249963304,1.14767506684731,1.13252479607449,0.998151749568374,0.997111575294012,0.993993320778764,0.993255469470651
"100",0.0668483909065826,0.0998125969053211,0.149309678224904,0.222373693540055,0.332421417975403,0.500647560985918,0.573754828342712,0.663458173532976,0.814268260717415,0.992503511614356,1.21473832816019,1.55764253705333,1.63350810828637,1.79824129377122,1.83329081580325,1.91743852466551,1.9357376449956,1.89511074467148,1.57722103704992,1.32780574352755,1.14128467224133,0.9713548538971,0.825619814589222,0.719150296360855,0.618601819964246,0.525818940265628,0.443652232815015,0.372396099293754,0.312578495735167,0.257509548913584,0.199090284215845,0.154610674445004,0.122248701819507,0.0973859979322419,0.0781379446343724,0.0631252608741666,0.0545701246161147,1.03666201866069,1.02447715194638,1.19235293429801,1.19002740678047,1.18624590859933,1.16853242646906,1.04269089465826,1.03009837151224,1.01989031553547,1.01092822617796,1.00922578410646,1.00465280316744,1.0071460485291,1.01110378573066,1.00974894461834,1.00981001758232,0.999077887410547,0.994954760339213,0.889389664118914,1.03966041752596,1.03870520981398,1.03906677992703,1.04452642835145,1.05250091427687,1.06383556330916,1.07229372095018,1.08457604909842,1.09283564664415,0.940815803995797,0.850921126634653,0.848538014407456,0.732034271495856,0.732997244509325,0.739856445891193,0.634505820542182,0.645489642676162,0.558944316220737
"101",0.0871661111359945,0.0970025167201802,0.103304755019748,0.108977438725037,0.113867697794938,0.11994868951625,0.123888961654308,0.131561743482041,0.149526113598371,0.168957972634827,0.193917176504639,0.221298071999416,0.259989681492665,0.315366947947025,0.365767746336801,0.425277957211961,0.50637749145008,0.587692254970212,0.676892431556849,0.783886397712009,0.857861172843422,0.916109562885504,0.977046604937242,1.10338772306031,1.29871089387752,1.53597347080661,1.62639981439182,1.62481851074337,1.78638345169798,1.73441689787023,1.60856308708116,1.54483881599877,1.47316736388973,1.42094382681245,1.38847888967739,1.28940824562571,1.25512105056481,0.872570282984307,0.870589571247726,0.763907329108403,0.763367147891061,0.6706026545268,0.663810981956945,0.697125072819335,0.759459033885055,0.748042911583811,0.774961774571873,0.886971516858587,0.796664112542693,0.913674084258588,0.995572003470276,0.994155614513334,0.990678779997624,1.07152798330885,1.07228924962833,1.21959299286381,1.20204303886334,1.35854687589596,1.35429509568314,1.35211290156564,1.29101162666568,1.29426241627772,1.23817637161686,1.08685856625118,0.943875556139314,0.811701949251534,0.924325185785357,0.847585527274601,0.972126258514267,0.955459353170863,0.958363492978653,1.03938256581833,0.828197950738848,0.724170745897837
"102",1.68734214457638,2.0524373114217,2.42337787551057,2.15515754774789,1.9286800002249,1.74263989781914,1.57318303779176,1.38936290951346,1.29762968519629,1.14302036768727,1.02175678802744,0.915179177754661,0.816532973422544,0.731147689321135,0.660108671301407,0.516685203948825,0.408089532852226,0.324261497013128,0.256534750254362,0.211329952636197,0.173463053920713,0.142542882137312,0.119432271955546,0.0998401067906963,0.0834411829156792,0.0685628516328021,0.0572412290086555,0.0503055916857814,0.0441462720471598,0.039434934664276,0.0347980135352631,0.0313193582807905,0.0276843157394068,0.0295788134221043,0.0319275577340771,0.0343945453410911,0.0372466745153674,1.76028986144095,1.86267130927846,1.87956142152378,1.70454533585939,1.74294025411276,1.72358273561562,1.73091722856369,1.57450317239035,1.55341382973469,1.35385844044322,1.35450688326954,1.16997453130534,0.946290931560057,0.728154176898081,0.642927362072994,0.590377189608677,0.514710054798376,0.519580783993391,0.413542641263896,0.392593625376081,0.340324488737904,0.295499307540318,0.255359675575249,0.255567103113656,0.220779693284499,0.199703865855089,0.2342062029769,0.212058248151384,0.211587697682219,0.210817576061007,0.209840918020132,0.233011142762211,0.230503220672771,0.231064647465335,0.231417657834161,0.266819635770748,0.267965685465669
"103",1.15940563995507,1.13170123662612,1.12632539965151,1.11693716716158,1.10574698090728,1.10425282287172,1.10684978660684,1.10974112052059,1.11125993118577,1.09323819792033,1.09791071427027,1.11794425066051,1.12601333871269,1.11873327574429,1.11756055661587,1.11576201727128,1.11264996585159,1.10953706407543,1.11202000002221,1.10964787980246,1.10341806752074,1.05250235326834,0.988418982187145,0.945936677707123,0.904873823211543,0.857960532051381,0.797816897437229,0.772320755648257,0.764518828017478,0.747623144796751,0.733380964445352,0.726816077860374,0.716846145151189,0.672404405653027,0.624749568491129,0.56366561192866,0.50605188335607,1.28906090263359,1.30778441328502,1.3220522206992,1.30923546904585,1.31912780371541,1.3018220932396,1.29221421640871,1.26985606486063,1.24307297200087,1.29360061668848,1.29441351276301,1.2247489643021,1.22747105861058,1.1285427447871,1.14010995875916,1.00010865529045,0.994072102427539,1.12800313213357,1.12389761984918,0.975943510471926,0.965313483531019,0.849669344756892,0.781262418045578,0.691370001522745,0.695551472938089,0.615769881385166,0.574991417714486,0.527266392173447,0.519206135317636,0.473658407594297,0.546417942679692,0.478844342160879,0.472657097472936,0.518178690154184,0.513168362864307,0.527229173065542,0.479039792646099
"104",3.42683465394617,2.81198668826144,2.19737891486128,1.68621299081417,1.31462348052926,1.02365669773875,0.79026417935837,0.634376748635254,0.566383461694144,0.490183318045033,0.428299348998502,0.441635463309659,0.45486810567252,0.492161840710199,0.507087937410639,0.532401558298224,0.539806124431274,0.532810637960877,0.504435151478988,0.482302016334214,0.479238983336822,0.453065135626421,0.407289965140777,0.400293793376187,0.402213244378577,0.396476952959053,0.387093051338932,0.36428420591118,0.359151118424453,0.313483302622931,0.278145828668489,0.242368888416645,0.211413724578526,0.189280235736135,0.166057420724424,0.159775407886596,0.153306196703532,1.91550073290653,1.68783123309507,1.69827931247861,1.6757170837622,1.36682742464068,1.17317838565905,0.933165535982131,1.05282409748183,1.18072998848402,1.32870884309618,1.32090711658118,1.60494419695319,1.2871649009743,1.28245478392269,1.1254393324188,0.980966578171242,0.848170744753182,0.848917991493747,0.884172141667243,0.872553990786852,0.822427105353482,0.713801828449903,0.654443596789141,0.571921054689445,0.454938830101979,0.35826303321486,0.279437701975981,0.214208428679984,0.182727058979699,0.163676454733249,0.163260080830205,0.147596816049,0.13056383514998,0.133111109850236,0.118524764679515,0.0952890458029654,0.0722262982598928
"105",0.94099034865072,0.980729423796513,1.02463631278853,1.06879345109049,1.12015194938353,1.18477733270352,1.21803664227005,1.27430559729657,1.31242006441137,1.37010568157192,1.40605953812234,1.48021281377767,1.3518842312492,1.24570898483138,1.13581854618048,1.05413645115036,0.969359773454161,0.877933048565561,0.864977222771126,0.850368838845346,0.839897911969583,0.81642972490696,0.806470944135557,0.797085737982929,0.801177343653533,0.797877482557164,0.778097489426367,0.78114489998466,0.758525280593922,0.76915078528958,0.73872046542461,0.703179584580671,0.692934521556522,0.666258137778343,0.646289824542508,0.620399624623535,0.615560609310558,1.04305213541942,1.05033043650846,0.917378089311888,0.908727405472749,0.898300338836306,0.883621973627784,0.704702334332193,0.690561801571326,0.674940124088572,0.762703570454199,0.69934992299172,0.866663386742435,0.866782642949674,0.947679659618672,0.955258051108199,1.03745158396834,1.02510603484469,0.919969873227857,0.912387133916771,1.01685143855489,1.00788147575239,0.926241976026409,0.924815273850768,0.936221081440456,1.02534054919565,1.18396783500313,1.13727965409746,1.15201711653616,1.05500988200291,1.04103292571004,1.17094690218694,1.06383821890002,1.33469258396608,1.31175385004567,1.12373219556196,0.998479583707367,0.87192818054905
"106",1.230108726852,1.26734667634584,1.25612736714987,1.23607623478077,1.23000012775502,1.21101806206192,1.19905968145801,1.19745282189786,1.17504614609242,1.15952603026978,1.17151339162701,1.15232809867042,1.1643863517218,1.16928678945851,1.19627976670105,1.2128737757472,1.23337859150438,1.24205967111406,1.06069159079353,0.912041218081826,0.805080819817432,0.699327852022579,0.619070802576779,0.529413750758033,0.556300460008832,0.587254404523773,0.618332559969681,0.661712872258119,0.700049713384866,0.749075690190181,0.752552629920599,0.738849647175564,0.719825889682461,0.711191222405459,0.687191370316184,0.6777603799549,0.676799430585049,0.602639450019679,0.763455506105804,0.872130409567467,0.87343864977874,1.03052075172153,1.16194402346502,1.03028598941528,1.14316163884908,1.03192443699973,0.843453019407898,0.845809990946215,0.69490226510678,0.694996344305265,0.698486020765412,0.80422956663001,0.798740897857666,0.785480741622403,0.606937187436772,0.677961644381283,0.752014274081555,0.810566566161541,0.91532796579735,1.12345745178941,1.05594523751426,0.939877971132529,0.964474615830897,0.900092500417773,0.805559399738539,0.894067723450816,0.882267490178247,1.21456115284966,1.38423368700912,1.31019488875856,1.27232598255082,1.31492663601815,1.42036180129238,1.52109076857109
"107",1.70211694957586,1.5908784195254,1.46401081526607,1.40252653092139,1.33347883297085,1.31062000475875,1.27174262458764,1.21622869853627,1.1761744938138,1.16675071961993,1.15658289923287,1.12624994738169,1.08945805874404,1.06466056214096,1.05043155288441,1.0131861880832,0.998158485726616,0.954253763534769,0.904322784374566,0.862365987309919,0.811827397337786,0.762288855666572,0.719845231639872,0.696377075874951,0.686444074538991,0.671351540665714,0.648360453057344,0.631661297427387,0.62165649230967,0.594809708411582,0.562322590309206,0.535383654170147,0.510929906036536,0.501447712277859,0.495193506278767,0.501424292383232,0.51252889926985,0.666600791113176,0.699006019317774,0.672989922572445,0.554518348772709,0.563879117358576,0.780139063244674,0.876406733423297,0.892253182302769,0.986288561133467,1.20314045635359,1.29557003588353,1.28500878721582,1.27655897054227,1.26578607679796,1.38047377704005,1.56050287393269,1.90711177651415,1.92884317150418,1.7425158425867,1.56666824402864,1.2516591445789,0.889427084814669,0.632030773569592,0.533926581854669,0.55835039976757,0.586775239558048,0.650761344559919,0.499585123732748,0.490491439026513,0.445652767576334,0.470199279994923,0.428217125377148,0.385868088756087,0.338855492448094,0.258210034821663,0.21472998157785,0.230688668245171
"108",0.867414510574768,0.925914810199361,0.989211197187518,1.0332216326242,1.07735022926025,1.12751759934293,1.1834139977672,1.22875127659281,1.27562133723682,1.22803617583087,1.19931896818317,1.16385674845065,1.13026916314055,1.08526458359056,1.06474430698937,0.982000560640252,0.907828308598947,0.840303919283789,0.782108813027484,0.721267546477496,0.676852154929193,0.673548718468782,0.677884291119487,0.671187109998196,0.666255754997977,0.669711305832566,0.66244385815042,0.729761814817556,0.777299111917093,0.866608337696106,0.947659348997787,1.03483429503599,1.13194859505662,1.15724759125181,1.1769803920587,1.19352896591589,1.19085005032873,0.108545551407339,0.109575646644863,0.120402819565009,0.136136742449952,0.135948421277413,0.133840352388192,0.150596071224827,0.167705756779678,0.163933795391814,0.163245495495903,0.17736009238969,0.19343156267973,0.241106857830446,0.302231001065818,0.331751919679107,0.409407048702487,0.498293045902665,0.57522139663469,0.778691916299853,0.754995804433023,0.92382594647531,0.915209842672599,0.987882774200268,1.01195524005165,1.158490167417,1.30811744832227,1.65144939282007,1.74834107916311,1.88381504174509,1.75640739728591,1.5613322808408,1.56152113292225,1.68370774162617,1.4547876673022,1.31611331156733,1.1855133493293,1.19326914335889
"109",3.06287220400572,2.77972542795514,2.41962090763614,1.9976974842843,1.75576409633367,1.49961901630054,1.06473335290129,0.786883121108953,0.716880133226164,0.617661442169049,0.535349810661304,0.506521236081856,0.429141975403423,0.377075965997523,0.29678859679168,0.228847166019094,0.166362823276358,0.119984994344012,0.0784194562800632,0.0524510859243758,0.0368926793934768,0.0255289117400297,0.0184350446478406,0.0133769323181504,0.0140339894701114,0.01485084236955,0.0156357603615091,0.0166415315521487,0.0172848261056053,0.0191089560409481,0.0183363289369163,0.0173600606076135,0.0161567876084031,0.0153295464095361,0.0144216580702583,0.0132109449233434,0.0126116669234505,0.115940817312049,0.134523042275824,0.154588289352464,0.17775468461043,0.211675174002402,0.311063966001509,0.355325496820148,0.362628487710782,0.328671909439866,0.308460441747593,0.354017752781118,0.495712776880884,0.495321160405565,0.436521027811842,0.476996912834868,0.539076475642268,0.547160758845701,0.635622007280666,0.784190192786872,0.973485201240748,1.37326597588278,1.42250725670618,1.6143353548392,1.69854711329533,1.74416652640313,1.64282201417636,1.45522136423552,1.38053632208679,1.33404926319376,1.51460176911958,1.29176922377813,1.12283227194019,1.11761499677514,1.04519552165375,1.04105370658194,0.946959254962821,1.10867247501787
"110",0.599855432083192,0.637008866288391,0.666715049197428,0.694500998651506,0.729394059942753,0.760008493715845,0.793422308711943,0.818312681390325,0.847186789350466,0.884811834454757,0.926051241454103,0.939490635672671,0.960704173974244,0.972618774581492,1.01614408929705,1.05303852536536,1.09342856377268,1.13925494211453,1.1958019915715,1.2544060163077,1.32429075713134,1.38051811541912,1.4339160936406,1.33227767892169,1.29041450172886,1.2285050031663,1.18681438693858,1.14140580473263,1.06202296396374,0.980349823028357,0.908635948320606,0.833408395567693,0.759788988897924,0.698053346144236,0.637960895118721,0.612258014703682,0.564473727425373,0.504905171975836,0.50988960194675,0.51501750876433,0.445040641525176,0.491816141601339,0.424716922240014,0.422401943126711,0.364032022488892,0.461587820348165,0.519524121944397,0.58926955041137,0.663523459537117,0.756185589811625,0.754182869072582,0.827293497588982,0.820857257545539,0.808988534135886,0.69890360070918,0.690238177340753,0.766777625619294,0.855451605586514,0.968271909373812,1.09644454531142,1.01925656862504,1.26559976405661,1.28802253593456,1.12521288520232,1.13593533380378,1.13121428927542,1.11787267416222,1.26159870979557,1.42805561669882,1.50427979046685,1.69734762887137,1.66831290739152,1.55544469884201,1.44137460033427
"111",1.2499554501356,1.24611160130902,1.27068686164655,1.30953091019999,1.35156564412757,1.31826328803706,1.29077100849304,1.24520263637263,1.20942982608961,1.18512419711393,1.15812992297332,1.13364088447373,1.10347220212948,1.08704115832253,1.06035926554827,1.04133727570003,1.02973621440299,0.980512006756648,0.93715186518128,0.880929375072071,0.838668304359122,0.798437598082755,0.774715727174077,0.785641366487097,0.796901241310556,0.799474259297686,0.807003922955239,0.817724987422093,0.824567176081906,0.7593289128758,0.69520271996816,0.650297586977659,0.604724949237768,0.562708321765626,0.550724127723575,0.574408017740008,0.604729967415546,1.15853642317952,1.07056501242881,1.23100382046944,1.21626515373443,1.22221516096942,1.05583847335595,0.922881661707195,0.833846269928631,0.929761782233273,0.920461538410161,1.04643812718927,1.18293838779445,1.18531366907461,1.18591805952589,1.04906049038532,1.04777220830684,1.04132153698043,1.03546660780786,1.03093290414254,0.934804600233095,1.05019097255445,1.19084043592234,1.04217521359444,1.04338278037324,1.04302512163306,1.04712088874352,0.937256733754439,0.817414146414282,0.802461274488619,0.82901558862101,0.762551264464596,0.753989009330795,0.649491504028111,0.646237685881289,0.626293200787459,0.685921798289322,0.664995600449654
"112",0.706683907198995,0.705936155552185,0.713575434551591,0.730471691181964,0.735453171942195,0.742377300509383,0.65196831344974,0.582852420275289,0.503143369089889,0.434864820353501,0.369490386046786,0.328451634113273,0.41298561742819,0.508795886610498,0.603019352195295,0.713129321710077,0.838089958257145,0.991518885776932,1.01531991654127,1.0558866811217,1.11165346481727,1.1546395805612,1.21989650948239,1.28957344868316,1.30542057291492,1.29741208692554,1.28829956837034,1.27317005790558,1.26869837857032,1.27597840928625,1.24233595657046,1.23075990941685,1.22024974085002,1.20545923245142,1.1822660248863,1.17320640120019,1.37212879891926,2.23569575144662,1.85094009410963,1.53008870682857,1.46211642097419,1.22706018366863,1.06485381070494,0.95890199914676,0.940097266431542,0.964985013813502,0.891617437667448,0.821558132016621,0.791152991135706,0.793320008346313,0.696631026510765,0.703825635857074,0.803836819909062,0.797451098462329,0.964522824840728,0.95568507654725,0.93695882022752,1.00809780646765,0.88716953452022,0.848709898208174,0.822750724033388,0.828458354688285,0.655772437393935,0.600084557653926,0.487989638404176,0.425009400996071,0.423158542487876,0.445746039368799,0.50768116999682,0.663874602852034,0.863553349713281,1.02202835124743,1.14967357605755,0.853888381309892
"113",2.17986668537336,1.86797478967677,1.57569622041097,1.30325282893109,1.09321687307808,0.914803716309489,0.781977471484912,0.675600158073959,0.577526867744871,0.495786930534643,0.414166076949797,0.358712821648003,0.302020284900587,0.270933273952093,0.239042983869823,0.206572752865826,0.174755160495555,0.139593860969232,0.100256683369532,0.10683756760795,0.113399864935907,0.106990530070323,0.112439063409855,0.11703416627717,0.120703383450331,0.216156982329817,0.304556300610316,0.404745171301852,0.523722915247867,0.680188179375502,0.850663965712326,1.00081984321402,1.20824295060442,1.44466204172547,1.7225100415935,2.06291479922761,2.37947335542184,0.538410009064501,0.621554727228386,0.718143941325187,0.569243642429854,0.656388419150859,0.64656933911134,0.694266733529287,0.677525870050199,0.750712762161561,0.743206930291961,0.678158340417898,0.831426006472685,0.826491680073515,0.93642143892132,1.02239676775959,0.888774114878047,0.875807464050334,0.977089260747761,1.18614577233346,1.31406134727999,1.2945823788058,1.34417884202606,1.33889880448432,1.18970263102528,1.0547717767356,0.943955279570186,0.974311374015844,0.859052617013972,0.850301353846702,0.917195616740785,1.04130193023995,1.07974915624079,1.23288388492718,1.39322949046926,1.36689616369885,1.33348894251331,0.934118679966937
"114",0.611368210997702,0.569727586002602,0.543436110954312,0.518402633079157,0.501703633141697,0.491655968237227,0.47868631970174,0.481004745291308,0.483506607151153,0.486995609932853,0.491548509298974,0.562422131327616,0.635294164806104,0.704740922047356,0.772402624617687,0.852337045414451,0.939384211100494,0.966272730683545,1.00187765470444,1.03142687601484,1.07846082919063,1.1050425390956,1.13532370182549,1.14852053348207,1.15988927581111,1.16625196017513,1.15595880829191,1.16583859361062,1.19653178780827,1.22189306066335,1.24406952637761,1.28958399531673,1.32927645625416,1.35983452038406,1.40671174985487,1.47056112402402,1.53673763324515,0.857884754569797,0.992818816900656,1.13680785518098,1.13528048751192,1.088656479148,1.07416615108548,1.1887805147917,1.15796325206773,1.12978328793532,0.996506669113104,0.873676667716809,0.880330390455526,0.876991465633658,0.804141416160355,0.92379717427453,1.04851499220015,1.17498712433883,1.27233564940024,1.53411630893894,1.69031552361406,1.81916222005318,1.59434343119061,1.39969366008693,0.972578850196541,0.758252912234929,0.460623470981811,0.38127289455939,0.381424727926166,0.358353361324232,0.353366066024997,0.401593508379527,0.494019600438615,0.49013597198205,0.484914588069189,0.364223910653933,0.272307182552791,0.206328414200848
"115",1.20330270332705,1.29990065392075,1.21593596588968,1.12616008231275,1.03634683287417,0.960383188038957,0.888771561353214,0.83371964186517,0.800037752354136,0.784780378437727,0.760050945481721,0.732511929576976,0.719019124006244,0.694720712122957,0.666785941791062,0.629439928636616,0.594536951332719,0.552022470579654,0.532331352160769,0.513244206190585,0.528480201209805,0.542942382680379,0.560229859996917,0.575958873905191,0.60010685353381,0.623559919996808,0.70405111530856,0.808992159450438,0.909787100394627,1.038176212469,1.18570192342032,1.33254899188712,1.43489067636001,1.54489109790032,1.62903404139008,1.71322540718813,1.72576039536324,0.794103937103863,0.795172493110944,0.80519864352969,0.805890008441382,0.944907448100106,0.936208531934503,0.934439241173719,1.01390807578397,0.872902848308486,0.949525991750677,0.950467239199862,0.941392947392217,1.08273550875835,1.23884276736958,1.42405231746386,1.63245388480091,1.62694111517072,1.3124590304074,0.98906761489169,0.849204843542118,0.841053651738993,0.727182331299673,0.629524370442517,0.629246333423636,0.726751783798641,0.762196284519944,0.876543980510264,0.999322596386514,1.12443957502534,1.11070886205819,1.11094208806048,0.963187333605878,0.941211419716461,0.819161470528972,0.81241104405406,0.805705717768742,0.645209664131831
"116",0.234902471818106,0.260186886479395,0.277875478902491,0.297509432769759,0.32233768695692,0.342545428675133,0.363283511583392,0.377663209296532,0.39443268402118,0.413399625062208,0.436318183793593,0.417418960980958,0.398910377488708,0.382655014464275,0.373337283053959,0.354640972017854,0.337128348783798,0.429631728874002,0.532470691144434,0.682497154650942,0.902437363254784,1.19680589902721,1.64941199799739,1.67452202747781,1.79650562652485,1.92315806470346,1.99794366601117,2.02282683415142,2.13457502078605,1.56236217792173,1.14332792333572,0.864053183326308,0.655029653755938,0.503470346874029,0.393170794268849,0.356970770293708,0.331005778023362,1.78236497846722,2.54571857293443,1.96609544243649,1.85031108023186,1.71927663580299,1.29342547089237,1.12481392880267,0.88279968500709,0.793650731417521,0.715159533777298,0.713689269674656,0.704342113492954,0.706194812993887,0.673468605285822,0.739951373884316,0.644874551778622,0.555637187427745,0.480941113419749,0.392064604816564,0.351707426612924,0.410189073870074,0.41058765364053,0.527271514943437,0.610522791006026,0.774908592997065,0.976064856483126,0.858436768885156,0.747162714669726,0.642937000614916,0.63917755147426,0.584150338761936,0.585797714810182,0.526319426588262,0.481029511111044,0.554241504510456,0.63382877025488,0.96976105042785
"117",0.0485609507938518,0.0561473804776829,0.0657826120923389,0.0777563198178112,0.0903173449850637,0.108618017515312,0.129412713441569,0.155801886700418,0.184550954863893,0.22356834965717,0.268502821995882,0.305535694573254,0.345649454401538,0.388801459460881,0.44807912270718,0.507760587365249,0.584990520965201,0.641287280896705,0.711066166154484,0.766644689746144,0.825803423600925,0.897243135526577,0.99890228062251,1.09829500855841,1.23952746616709,1.46642856558653,1.70543076663435,1.96503252380917,2.20891682998693,1.93199031547502,1.69148676783285,1.49269710675303,1.29946734046493,1.1350042992166,1.00753333147593,0.854874033745935,0.725186382541526,0.104977530140123,0.103066956022927,0.117731845186332,0.133810603851721,0.14098965052937,0.182054539533483,0.189684785639027,0.244590786641574,0.23953490544229,0.255845457283624,0.253196560574875,0.269769650376873,0.268543619111021,0.2549156013829,0.317965994273161,0.31623141747264,0.390099268400442,0.44509896832922,0.503521758992735,0.644988668851259,0.587433892947907,0.668133713392179,0.72731592815171,0.905207548735087,1.12542382728553,1.33739513703028,1.31419544980875,1.43171430515118,1.13145359040141,1.16580020878138,1.21322559897454,1.55899596099349,1.62158717503611,1.67352975924156,2.13566461361813,2.17030631896331,1.99118463343765
"118",0.749362311795821,0.73378791794437,0.708848505970837,0.685437672171141,0.794336082224734,0.930346485224892,1.08856477990535,1.27052224669171,1.47475056776582,1.74509462186179,1.73647092994334,1.71641922968787,1.67063371052759,1.63745217815633,1.64432933865674,1.62508778241973,1.35988359638978,1.16325421907552,0.982908003369325,0.834580693493991,0.708858438728102,0.601668965782413,0.542382185579478,0.495077603344459,0.450731595792862,0.408892711873395,0.369792496603361,0.336086497366463,0.330433490111626,0.319909975019736,0.308501747552662,0.304660044990497,0.297267206907563,0.287967228404584,0.260809589957474,0.238387436473406,0.220863381822294,0.652492904307599,0.718515855158374,0.724112464887436,0.625694943255558,0.722034734134745,0.709212626093872,0.801937619779912,0.894185283387948,0.873453822489982,0.941048278416084,0.928223935613075,0.907827265895841,0.822798003849335,0.710826696723088,0.770882440231696,0.759880389183808,1.11255217305,1.35123554056745,1.33262343018564,1.30406025306317,1.28380629483778,1.27714082651094,1.17062511454894,1.17841061704221,0.916894090957351,0.925570587261514,0.948645820106814,0.94986815538462,1.17066584384033,1.15688931706577,1.15111044166384,1.24425301912714,1.23791602558496,1.07515068739205,0.847982807002007,0.725137243529399,0.627482225027434
"119",0.129800075260084,0.134377038448829,0.142390316129369,0.150777794205795,0.164325466462917,0.177945412574039,0.19419694532455,0.186949775791852,0.177268937210818,0.169517148473327,0.162496989554218,0.1558054645226,0.151733095650578,0.16443082976913,0.174257011849862,0.185926073319357,0.203141215690806,0.217263351659104,0.235602986888405,0.282181820703255,0.336563248931354,0.394289120868815,0.472374042779174,0.565612333720753,0.673069625811478,0.767504896984741,0.880517664455774,1.01853553967785,1.17091787736087,1.37031317146804,1.61697095436161,1.7427893335596,1.88035497887582,2.02451220886883,2.12098199370528,2.25568419735028,2.35646611194666,0.487991412874107,0.492620696376179,0.496188672282761,0.491665035678467,0.530859404672232,0.499800683335349,0.606856536386491,0.592020778258489,0.603023721375448,0.552244841461269,0.50456920107294,0.526042173633123,0.522789660185731,0.519280015309065,0.519137109965738,0.588030437275776,0.552082073167723,0.537214369162609,0.650525187654897,0.719648767755155,0.912527416345548,0.947329863493984,1.07012950859754,1.08529988610308,1.09303667442185,0.905981910377501,1.04266441227399,0.816389789607262,0.900530769948358,0.975617803432609,1.18459426096705,1.17882657293065,1.59537756266338,1.78785901993987,1.85645366299581,2.11476211625469,1.96211142941509
"120",0.00681824292278783,0.0172680753573651,0.0459352659030927,0.131809997085447,0.40958535456433,0.553976977774386,0.739633416060216,0.995577345198554,1.51265488961176,2.26758088127851,3.44830350452473,2.56877940873226,1.94395871216164,1.50416459410125,0.988632058085307,0.655245129693744,0.434895103288913,0.346285452809417,0.280417241156378,0.228244139424923,0.191261331102132,0.157754845116047,0.131407151995029,0.122617426902709,0.117131440023969,0.109471526388151,0.103352038659248,0.0966825650427091,0.0885333293622437,0.0688676192901974,0.0536312100446177,0.0419191800248842,0.0333909297554609,0.0271166463866977,0.0219151200145933,0.0204367094150295,0.0186462959308797,0.941856676447131,0.968232770649178,1.11908672156203,1.62665824149526,1.17672615170313,1.5612404908867,1.53158538788695,1.88557422295505,1.92053134273794,2.18728986293809,1.70201130310725,1.91442420254512,1.38932439390714,1.24302629600391,0.916729295915641,0.685076301770653,0.549508392870042,0.354761102646236,0.331349313214837,0.281620741074945,0.241444632225029,0.186325375254456,0.12796073681305,0.0700611362305436,0.0425349372879678,0.0210639438801923,0.0168167128403385,0.0118794491339562,0.0093839301754889,0.00651406560575135,0.00463338169261914,0.00422524150127954,0.00433572422573452,0.00433609338802663,0.00427308559431139,0.00476224301360693,0.00470883956045834
"121",2.07662611901486,2.03281893327219,1.96105463059705,1.92471068447072,1.92519036781071,1.89498501600506,1.56798657858289,1.30361106200693,1.06416496134682,0.882266867928206,0.704479555996561,0.541372806002693,0.497001490937623,0.453820220532071,0.407646428051633,0.368122947105551,0.322773624532554,0.273677059371784,0.303799657018956,0.33167885363678,0.333617891206919,0.353719800714202,0.358995327510888,0.369550632789959,0.405539747987062,0.420198050952942,0.438097504922722,0.454596803139829,0.484820579898592,0.506072085310726,0.528890279148488,0.561147633827815,0.59254032888476,0.631097793934908,0.677442126464115,0.727660482343089,0.805231897629166,0.347757749261672,0.397745221235084,0.419446139248055,0.413071156055096,0.400986010067147,0.393332669125765,0.409150487643183,0.457448312736404,0.509171977202288,0.546773380760129,0.61997223698129,0.725321820419155,0.788608390317675,0.786105036869176,0.786910160271111,0.781034211686722,0.769575148337831,0.761743079800705,0.85498226804593,0.949034107870147,0.935120426042181,1.01378095174496,1.14753964905835,1.3118356156569,1.62631666431872,1.64899446075878,1.49615087619874,1.50423793730921,1.48827257585539,1.46800513892691,1.45507167103115,1.26422688375509,1.25237714071911,1.08761416821321,0.933088404768164,0.795452150483722,0.891458766224008
"122",1.50584240941008,1.43091865498527,1.37548960304717,1.29726221471904,1.24811342860035,1.18065556594148,1.14523768772713,1.10959940812238,1.08200683805647,1.05929310129377,1.04247176838629,1.00977510895293,0.980673057553361,0.941590435972606,0.901531818312275,0.880159831604763,0.847500509900009,0.832274795441176,0.775329596804346,0.733148352798072,0.687113566778352,0.656432170542893,0.616279986433862,0.581844804087087,0.618129932359344,0.645590321255097,0.682042843152024,0.737781453578417,0.783854144716198,0.835846444222178,0.880388053068634,0.916607685220907,0.975339151772907,1.0396016875677,1.10400394656667,1.17378585743588,1.11545651256131,2.76547254161167,1.79541703549425,1.48891919478455,1.20113582859218,1.04856477183873,0.951213666175381,1.01990108646971,1.12271682936184,1.36256772027548,1.34562590683439,1.47429710375013,1.61803174785486,1.21099238227948,0.968415319633714,0.763214650954696,0.654358178065267,0.508980847051916,0.541830468385359,0.549021775824026,0.533120014883623,0.527984505263659,0.644040825430574,0.64015843968988,0.651714340268479,0.578081178084424,0.422163083654667,0.39079646169919,0.434732350145584,0.382748002330818,0.376094993953561,0.362797934088778,0.32899306343906,0.332366451078194,0.426641694838203,0.479642764409539,0.538306517933736,0.655394881748491
"123",0.690310475236934,0.923791186513219,1.20585458366835,1.56452764580766,2.03022788508026,2.61293649349776,2.18719496590054,1.8729179022474,1.66068047658518,1.4935338608398,1.31545131094732,1.16893453147262,1.00110848154811,0.807126685033164,0.672196686108529,0.545804588659814,0.459270050543116,0.387424592770466,0.348145936254088,0.321462849042007,0.291707701650892,0.270008530223625,0.247413033491629,0.221707612748664,0.195811981363143,0.175689451825027,0.154749370868752,0.141053038539212,0.125737662673648,0.114280529308743,0.104492164576863,0.0927798195427794,0.0845637858711754,0.0763739252775904,0.0689808002559145,0.0628399166722683,0.0390021406748723,1.23706849095934,1.25165038191722,1.2729444345748,1.26071871927919,1.28936783980183,1.27312479884259,1.11213947203594,1.08523360609998,1.2040482080127,1.2881064137107,1.1186829303149,1.09004792917828,1.08204026566962,0.990209111899254,0.996974004784331,0.917673135482163,0.874145859986087,0.961504628649584,1.09341649362191,1.33948955780945,1.5067637761692,1.44524434169859,1.2755287863673,1.03729159809137,0.843392886859461,0.655207812507643,0.46375798608681,0.405189284587019,0.350216408573169,0.349416144053366,0.441517441239731,0.404623753132049,0.398357223931394,0.400661678895721,0.349771100220478,0.30573170028696,0.246168661629384
"124",0.196007167513246,0.163306138259549,0.140472263760648,0.118788595212666,0.101880606748783,0.0861768548761573,0.0706283001309393,0.0555622790597492,0.0672302321932001,0.0782593959751013,0.0898174473193221,0.102439900658355,0.114770575885336,0.130200048972437,0.145207072383564,0.160166217604547,0.182297558238143,0.20392878975737,0.22547879692295,0.249355932594772,0.274532292973908,0.303619254384984,0.33527606725448,0.366656383323007,0.405151713222259,0.445487653224102,0.564603327637749,0.72824208113219,0.915281091115909,1.18945121091232,1.55929886534025,2.05349118407192,2.11450153146406,2.19497727552422,2.25939069053558,2.31891188931856,2.29850982543815,1.28741527416081,1.13847620355194,1.15101416961655,1.19244814951982,1.20252528701276,1.18495308529784,1.17485082044008,1.15427132760331,1.2860284341433,1.12415035764702,0.986802156019891,0.974718575663367,0.977280453001695,0.978565435582223,0.867457425420934,0.699775023428619,0.667077639522325,0.763491469599492,0.763432293591818,0.75553278028982,0.967284866744223,1.10170386752135,1.10460798292318,1.02632202929678,0.911395156065417,0.71286145423093,0.728754704836404,0.640590299753042,0.6324485152367,0.718049222130368,0.726482778510585,0.821827612850629,0.846653451970013,0.96195347734214,1.07510180146592,1.19173958204272,1.2324205193294
"125",0.849049591637728,0.828108723359258,0.829685353581643,0.829831052443867,0.860995341247368,0.881123557093496,0.896672926148801,0.921168123413239,0.94388464490693,0.874680882573318,0.806259735410475,0.741137147009505,0.664278641311606,0.620171841166572,0.551869293709571,0.631629444649104,0.713160569593139,0.787249878365705,0.885380330044545,0.963762697574598,1.03840779508615,1.05397592243071,1.06163562873374,1.10031387639525,1.11930440554292,1.12598284758584,1.14317780047662,1.14740369382851,1.13725149641452,1.14748307538817,1.16753607476475,1.18207359768077,1.1987632519896,1.21540062779044,1.24060877842076,1.26930872350084,1.30931350974528,0.343101490344166,0.393580156612232,0.452497915594995,0.509046220631825,0.562708582222061,0.551904704370702,0.625058750721503,0.697553467122455,0.680348063037385,0.76447020873727,0.760680621291593,0.851301795602772,0.778958452876678,0.885690253473349,0.890248437655671,1.01079157617191,0.9982929938091,0.86717041214378,0.934583061435281,0.916332899875067,1.02334686172398,1.15523379642782,1.15110131384752,1.430074745385,1.43545191271007,1.45170793902487,1.31475972077384,1.15600643996612,1.04436718609958,1.03144496366214,0.984230961347192,1.11209067023326,1.25752234643298,1.2464278816249,1.22030421797355,1.1841026612595,1.1730678021165
"126",1.49321658160668,1.86706835588513,1.98620711499762,2.00703173492354,2.08511067605127,2.13163675580715,2.11071433739242,1.99725837584635,1.51345066050516,1.07547554436858,0.768937906335776,0.572996377061329,0.442252304046048,0.341893947701819,0.260732282206351,0.196194334073057,0.150050559503366,0.111402884252913,0.084113903543148,0.0641845510803484,0.0619146535568975,0.0593383935773757,0.057423873857498,0.0551167160244483,0.0524951688055777,0.0515631693713186,0.0584928907829576,0.068738008748329,0.0790419563721304,0.0910766769556777,0.107081986698069,0.125185942234429,0.125079901171923,0.124328876083348,0.124214757174119,0.121577744247313,0.115581420594774,1.90477635051014,2.10179749389039,2.11467577251928,1.83202129569374,1.53235147290228,1.44243611585753,1.42961306182533,1.29608624898447,1.27504829609201,1.33084788280611,1.22671135127635,0.981369784488792,0.988202031808445,0.86736180359947,0.769086926485479,0.676394951235949,0.645708188318769,0.50130664516748,0.50209745777842,0.498201567735084,0.49488122878777,0.496611443662731,0.498663543855836,0.502329063931194,0.465136629266662,0.409900566351105,0.33263234831082,0.289952018261474,0.250032053798317,0.198926170855204,0.229435408924708,0.25104248186413,0.247332858220431,0.217763921997091,0.269961063733118,0.304253923249047,0.314834052087242
"127",1.02845666372685,0.99001390368406,0.960559895237394,0.950626617784816,0.926040729681442,0.909393595953128,0.924617089370269,0.910807332732521,0.862584901871036,0.821650989232136,0.783216998531838,0.748564395930606,0.732399678781991,0.75139101410858,0.761462778546707,0.792963594616062,0.820475158654352,0.848411842033091,0.861445785098785,0.859161073044611,0.853920455964349,0.8554976239771,0.870176046790346,0.868982237208754,0.873583137040688,0.912465127864712,0.949623770493493,0.998749922711609,1.05514122547766,1.1164680383334,1.14785968660831,1.20061176546469,1.28447481881874,1.32111035625469,1.36201124421166,1.39935002711846,1.48162311130119,0.233914305166031,0.280725493307646,0.337284560911889,0.434699602809131,0.463387292300959,0.543432837182455,0.646700445784761,0.791562027246881,0.812244001602175,0.737162264885075,0.59441233772455,0.536683393545135,0.471713587234245,0.539166996529104,0.621305352309621,0.674935065022393,0.641420076104514,0.697740923610405,0.727527246493667,0.84899617620083,0.873640824104151,0.797526245356115,0.791020813899009,0.726733641612454,0.584747799687049,0.633197349320326,0.697931857260471,0.753789228546495,0.999635636490716,1.22440922236857,1.33392953226824,1.51156586655938,1.87652470885269,1.94245848411219,1.9919236822943,1.76948309087408,1.83138965651487
"128",0.19329027294832,0.16775344465929,0.152528828527287,0.138183803886002,0.126292911479408,0.115710246871803,0.131149918822772,0.141264536890088,0.151208464594589,0.162008543427622,0.17261379124675,0.189032784566628,0.21980108095058,0.253708336723225,0.285967680510158,0.331093440227718,0.380857903704381,0.43520563095557,0.501843578512454,0.560438596147721,0.633058838656466,0.712282077291297,0.807140855261563,0.896955218389311,1.02582666006759,1.18540582884104,1.3644117745182,1.59820950988657,1.82483307541364,2.13543166379812,2.04613102553927,1.84685265283489,1.66381920168116,1.50966820614139,1.35571906988377,1.23084878023031,1.17518357379816,0.954823948873222,1.00914816963014,1.15981180721003,1.30882769428329,1.48830006845321,1.66637629785885,1.94114639788352,1.466366292408,1.25589762842644,0.959724564141246,0.838557825184414,0.786029901825472,0.784023576765819,0.626808790227554,0.628291233018548,0.775881198042964,0.833784962149455,1.02026962345796,1.09612201769052,0.987100052211065,1.1007054412456,1.09348585685169,1.08581526302362,1.00126923271698,0.80979087061753,0.716633710275533,0.639784816557244,0.637979223120802,0.713769986603014,0.705357526826106,0.70773925881013,0.71464788911797,0.575625327958656,0.584425866649457,0.609789530944363,0.603716066573465,0.60301257611186
"129",0.644871201353691,0.729723115780303,0.816156294906169,0.888701667238327,0.948007697320601,1.03096295612855,1.11223864352677,1.04866709789995,1.0190188652368,0.975833707815508,0.953488911020898,0.909726825395996,0.882626552285662,0.867793965397634,0.881340823409815,0.886289527768144,0.89434340340836,0.893819201329375,0.884278877202019,1.01549559772036,1.15974870301717,1.34705246067411,1.53900682160208,1.80564960647556,2.09099401321913,1.57257728695065,1.16698056899562,0.881961587102776,0.663722314550276,0.509960177190087,0.411815988033822,0.359093743032739,0.311155433589513,0.268907842355856,0.228978076491454,0.198212453768794,0.173917059273212,1.11477869723163,1.09187179334628,1.00333709296312,1.01056195109482,0.845894448947204,0.632816708847304,0.489328410422945,0.550033961952483,0.548270832280169,0.412802981321262,0.408844934231687,0.217998380359728,0.23227134942224,0.245126283816138,0.427136599175395,0.557370489795616,0.863387034096263,1.20118006483567,1.19295018134053,1.11161969852588,1.11779798822526,1.26682350030405,0.852790605654203,0.794285785586831,0.810257835789181,0.949966867790512,1.18063410971532,1.19887116323862,1.37062606420433,1.38028450962115,1.52270492331863,1.45165891756508,1.21023095364843,1.21074118434245,1.08242418992768,1.09726000037173,1.27308359254544
"130",0.0213234019593782,0.0244455082122062,0.0273257087045291,0.0295342411496248,0.0328912410275623,0.0380999251844788,0.0435295339314159,0.0507932419625231,0.0582264560454805,0.0662876298407944,0.0759849367839416,0.0863042701786789,0.0940116895258527,0.104827404779529,0.120089647174715,0.141009397727684,0.157108714891462,0.178613756487442,0.194940408627811,0.212139246874446,0.234063379313706,0.25233302890272,0.268447707447401,0.294539380895706,0.383806571914721,0.499102172447377,0.674588497012057,0.828940460517676,1.3614500284991,1.87824889280393,1.84513733966263,1.97154307311296,1.98655390419194,2.05175920570075,1.96442584861141,1.87640797705186,2.3980880660593,0.114487900204724,0.0955805024452523,0.0798983807298309,0.047605323002286,0.0373140719874112,0.0295929648017622,0.0414209788869195,0.0681518931168042,0.0913729635591071,0.111775164803726,0.137556387443743,0.152493539510696,0.165826231494545,0.195783657605111,0.222895596519534,0.274616465977577,0.310004032959094,0.381640244537672,0.429786192741927,0.47866097626122,0.534975534799881,0.532863947477126,0.468991032050621,0.537012562777242,0.640624507090624,0.772542757113069,1.04382637708272,1.2676732807573,1.44481810330074,1.40489872191077,1.17614707196426,1.09966632158481,1.19573496434314,1.66099825336299,2.04795311402701,2.53007986677829,2.97165594000745
"131",1.00772313127823,1.50645585104552,2.13556264851589,2.80643337914535,2.3174619835848,1.91272775244694,1.60258247336614,1.37274987482045,1.27458487495142,1.17285545345386,0.949632041341692,0.811971883039885,0.715516008893771,0.63006685535183,0.523572037405153,0.429546515606753,0.418011648596428,0.388718460013858,0.359825726246834,0.324362563751289,0.288620423482806,0.261722698413058,0.213026338757146,0.176413237209508,0.149283899668663,0.13197423450304,0.116069391908493,0.103601485257806,0.0750594435778329,0.0550628382673554,0.0411967972072916,0.0303589761937215,0.0223842627950795,0.0167341477853316,0.0220472561944328,0.0293986839343534,0.0391037013207758,1.01536632654663,0.718474681747281,0.558887954032235,0.467165126754141,0.347429784960366,0.395749497398266,0.454746609536166,0.540751502383197,0.644518645127539,0.805847989277308,0.988285882823232,1.51192599254057,1.49005256229072,1.33910243724891,0.848807827294207,0.634481442584359,0.737860401325967,0.731663946656313,0.756187804727402,0.927126285422553,1.0126418686198,1.13547630512467,1.24400360865019,1.46172294735217,1.4556069082991,1.34416652766686,1.21057179519933,0.99236109919771,1.08940213084314,1.18302061051894,0.979167890519129,0.869069779527392,0.952145943192643,0.853822152821055,0.932497190327211,0.838340819913353,1.13468385385079
"132",0.127986461531984,0.158639287085044,0.188722005701921,0.222537718848961,0.251459484589389,0.274428396188597,0.302474526211296,0.339681432969628,0.419518041412481,0.51790658845711,0.614993656448257,0.790900805733892,0.861702914167029,1.07240041093409,1.16549045470305,1.26382666641724,1.26028360385372,1.22835228426916,1.43610195739783,1.60352444810285,1.88374161108968,2.00756208727006,2.14669222357132,2.61532153371697,1.34746270942893,0.68868332201121,0.35741882123618,0.18492007167339,0.10368690950967,0.0605966902799035,0.0499976117318991,0.0406708160591598,0.0339751061697843,0.0289592313520579,0.0245407206099828,0.0212951065066478,0.0199292144463975,0.0571707279813659,0.0460745204717073,0.0405530656995422,0.0665173237041456,0.0881128420946582,0.142126233194417,0.132049227650084,0.14722589641141,0.165811032875073,0.275086388718503,0.291807728605917,0.255151807760618,0.295181297678994,0.43904307944018,0.634210079691156,0.992570827202394,1.18548057443555,1.0024489846904,0.981128457434882,1.11901157478782,1.48373410828991,1.53865264461705,1.75799715635935,2.13018699717981,2.11123321190597,2.20872747998849,1.78879689872578,1.38019825674786,0.978089608976087,0.64551868418061,0.511403978359855,0.426107790915805,0.363881498942417,0.344998166333341,0.397691282505771,0.597409528018979,0.393733109091217
"133",0.194891606629732,0.217991451812218,0.248069677265382,0.272318252616923,0.293874460501474,0.303878933756645,0.317676717564467,0.323427079344906,0.33991842671989,0.358729452011759,0.38037847149423,0.422503544300927,0.459549505555436,0.53843245787381,0.603931979301789,0.671342493573071,0.768710900211895,0.868171223709988,1.00932508083216,1.12141754102022,1.26609727258485,1.43168603158849,1.6229702625855,1.82802944356626,2.16162154165122,1.78221898402206,1.40041709720595,1.09786513557707,0.875269280071859,0.717205684334295,0.609695634579661,0.707405313149378,0.821928763289725,0.949122049455293,1.08832656298384,1.33753978454696,1.59478053253725,0.449449351796787,0.539587588999371,0.680138008535914,0.805059906919371,0.903828695151506,0.723303059480047,0.731158171626873,0.694544711557763,0.68704206929633,0.776679822309404,0.885577717826036,1.17860992874091,1.34595353345291,1.52919080781443,1.08979313527609,0.770360777722719,0.675087694482654,0.658788620127465,0.754223898757729,0.659607421676055,0.659456357288056,0.636384137261688,0.799386073077302,1.04889554878198,1.37783545368778,1.81618855480913,1.80302330239993,1.74586440702205,1.66944877367879,1.21729587034922,0.868615987700784,0.755057466567755,0.57034009738809,0.50077121375627,0.475427742166252,0.504433647301558,0.490561861335987
"134",0.326274864217847,0.309860415086055,0.485521874768569,0.741462144133721,1.1531644502101,1.69607655633151,2.48236893160689,3.5731121652733,2.54508253858217,1.69063194584429,1.11372758582216,0.765951641181714,0.548532400061697,0.395091628585228,0.312868130234916,0.2502724872692,0.197192090918585,0.151031762166194,0.116368178711962,0.0906984021428886,0.069445613301822,0.0525592602224852,0.0405908859843847,0.0313216462215891,0.0240605988618753,0.0183814938828101,0.016346448618093,0.0145376411424605,0.0128896730238943,0.0118047857655149,0.010804964606589,0.0100366164231357,0.0097602450234651,0.00944298249840435,0.00915555434939915,0.00900571755720181,0.00886180855868563,1.12953410814572,1.18154743535281,1.15702882628151,1.34837241833068,1.71709144093047,2.03186177763896,2.15826232707962,2.37494831626449,1.84129757316585,1.36305514190209,1.12031856052545,0.876374161667862,0.814643374941492,0.836169083893073,0.731924771289735,0.692720807118423,0.743516828229568,0.90627067347667,0.887695288222086,0.767522323400336,0.444460691002183,0.268562531721911,0.183785307380548,0.111306660169081,0.0794911509512989,0.067365570545738,0.0719175435157716,0.0691618407123482,0.0715836941417806,0.0814329485888283,0.0941868957763873,0.116725810423912,0.106462379367558,0.0863030956432498,0.0534413210874652,0.0361287000172061,0.0317963609648822
"135",0.120606648791178,0.121968395483925,0.122772907179634,0.125361029723761,0.127919103615617,0.13589242459136,0.14122161193383,0.147961331974166,0.154383313721333,0.161813566376777,0.1683064553076,0.163520418411977,0.159304509584266,0.155813356416204,0.154136909195105,0.14974626669198,0.146319931615154,0.168439780017649,0.195630246017937,0.224104622361725,0.263291883290276,0.31047764181216,0.369256257289006,0.437538209019751,0.522619227494228,0.637416604820773,0.760152696960749,0.938562108363892,1.12430817804133,1.29955302268612,1.46827290940957,1.64523674842867,1.8620727602685,2.05535475722056,2.28038671474653,2.40325785577976,2.5316217975036,0.237222919882518,0.235292201723847,0.235691208342027,0.256919808781238,0.283618710962952,0.305401829509445,0.317590887632715,0.311893577581671,0.306165333442171,0.34667025288769,0.345405233358203,0.388914227477004,0.445366762286528,0.485305339271541,0.608212664500624,0.695517557901857,0.789702378228983,0.905945195563116,0.904123938391513,0.820625366562568,0.924900634870314,0.925782970118323,1.05258727573473,1.20164163802044,1.3724698415324,1.57232481250327,1.67694062252843,1.91169666580236,2.15978780330611,1.87876618416059,1.52345384260587,1.22523317995267,0.931614307676863,0.755038734485183,0.748344463028651,0.838119285482517,0.940057216064605
"136",0.296712999349691,0.321891302026505,0.344321150920774,0.386026341665618,0.437348175589163,0.498754032589159,0.5491952921564,0.602619109726401,0.650414227338323,0.705849420731228,0.76848587933378,0.820060921643918,0.885260225599504,0.967560740162096,1.07428146502465,1.14385373014773,1.25082660696967,1.33138529146347,1.4110855243057,1.53104443258184,1.67142018733638,1.54465609609291,1.40942966755617,1.28827318553081,1.21943415312822,1.15851841258469,1.10516422452012,1.06903481147185,1.00630950370567,0.959571972211824,0.929298383760258,0.89193387467883,0.859799148525856,0.808192594775744,0.736086417477564,0.684756958243457,0.618071841669359,0.194310027233413,0.243772261940355,0.26974436200897,0.292669625175192,0.355611744361844,0.417286646010958,0.472988496845168,0.529470633426934,0.542279325293763,0.535049655389002,0.53154623448637,0.476872610020605,0.49798083115977,0.494353858087656,0.433041002094804,0.37870966549016,0.410040950459329,0.412471154987317,0.46816837653257,0.57579445936214,0.705897854510843,0.80842312532166,0.748380181750186,0.694144358542727,0.800473671311276,0.81426066542769,0.90594377165046,0.901378615486673,1.00702232134407,1.2940613209253,1.41155134551744,1.73051277328596,1.85871267539676,2.09880645245625,2.14370779536866,1.82507839499994,1.88265187447715
"137",1.47102057489864,1.48437002596685,1.46146977667596,1.44573413822438,1.41394952142132,1.37930538639573,1.09363083321534,0.876179710814395,0.696462310717617,0.555499241176688,0.441295545242588,0.354371879760096,0.397028603052966,0.443652560284445,0.493225616430151,0.538129446482703,0.589427625173086,0.647540276911815,0.683672875077925,0.717605929608726,0.761275768410753,0.796635870059052,0.83920138909689,0.882920723274453,0.905919684182229,0.932133696431377,0.961251236942198,1.01086714198067,1.04325755194272,1.09354977051278,1.10526768888125,1.10011528848006,1.11514704095387,1.13304774238016,1.16930262300623,1.18384037986846,1.20219400508342,0.993075769339199,1.00201255600557,0.811544368290699,0.800776598734574,0.742195817217956,0.670578344134202,0.78978012917768,0.771798026074003,0.855490556708746,0.848435766054262,0.844554670531666,0.906968809807308,0.792664630077788,0.691513121448851,0.609255987965993,0.698293065371733,0.793203470789238,1.02502866397295,1.10976680072777,0.966201650543499,1.0431422053554,1.0477151458928,1.05339380111258,1.0688887783149,0.952673346475164,0.970775062187901,0.880777454218411,1.01121817926321,1.00218177523981,0.994402639518084,0.996471637374218,1.03717601944426,1.03184972927176,1.1700349765752,1.42865910852331,1.58884499357627,1.59520457654561
"138",3.43057446375971,2.72033691755539,2.11800060005283,1.64905754431305,1.47395540429917,1.28555762992356,1.10631823409709,0.96881068041014,0.848514213032676,0.742474059349554,0.582173820539493,0.470467859410628,0.380692471529958,0.306266974218842,0.242707076726993,0.189068205111856,0.182557677823843,0.177649153329483,0.170873232786323,0.163110689751662,0.156429854027722,0.152567896739381,0.172162469171984,0.194521942158178,0.215903057602111,0.237823036503875,0.258235799042247,0.281865041244839,0.286332712166793,0.301634066243034,0.316101100808589,0.332292584847746,0.361446960825764,0.384984765451964,0.359455277703705,0.328259198183656,0.297710065769825,3.00297267637505,2.30485134654816,1.92552333375434,1.59188259943467,1.1705676900184,0.931092437692243,0.691271061435124,0.628661747230735,0.619203358721246,0.564719536570453,0.646614417412191,0.789203258261735,1.12275475121082,1.2304010778998,1.24653256765645,1.0020794354912,0.80262194966589,0.62195263649777,0.387436525426229,0.403145735656274,0.367957495132425,0.479962974623504,0.596715746038683,0.74649229269166,0.973038368793995,0.862931710688907,0.62571424751659,0.386667206279781,0.268568824953354,0.21366845740683,0.171409748259251,0.15719891056328,0.169447629768535,0.194688526126139,0.211220923069737,0.237928543648902,0.217181553983451
"139",0.0155381630515336,0.0209110986201423,0.0282993875824847,0.0386284560380253,0.0518757619025817,0.0680302419781348,0.090091769502784,0.116722906498574,0.153946732170642,0.204336584656316,0.277921992909578,0.390899895850425,0.419420582736059,0.481103639500967,0.538259117718305,0.62518437183994,0.67884605411122,0.730133578387261,0.807638271687043,0.806044938208726,0.835595138572027,0.797414192462763,0.747615031814718,0.732142204914876,0.629635255155219,0.573268903568623,0.524219583056077,0.478159392711822,0.452958384306127,0.398855998823607,0.570011796612463,0.800576217757891,1.08787104265611,1.45497805044556,2.07254632603889,2.8433990105291,3.40883423643991,0.0384084061329775,0.0525887796788215,0.0719687207500587,0.0966961740428569,0.127591174454458,0.136172056336752,0.169052968139486,0.189234973710125,0.210846765326799,0.158835186039769,0.125311441647926,0.111295217464946,0.0922336114164219,0.118617576828835,0.134141002511784,0.164707893578182,0.203785125762672,0.243153078085868,0.355803884396732,0.366260439309135,0.361893885717529,0.268579103954934,0.248764030463748,0.203143746201311,0.197570734842321,0.282915617858109,0.447753800376665,0.763071202260487,1.19179395097462,1.70027501884845,1.80555181175822,1.79889467085897,1.6017811364331,1.88984819482656,2.11296924781584,2.47120165511856,2.57507415205575
"140",0.170723280249079,0.185744410407088,0.250738014543525,0.333655089857436,0.444225878137301,0.591497006959825,0.764083698748435,0.992212668762318,1.17622266852131,1.36152943856424,1.61836371828522,1.9767335533123,2.50528637645423,3.3740949664113,2.00117283968585,1.1728732708439,0.691578664762033,0.42290840723355,0.266862624632922,0.17759755401115,0.150314003101703,0.125757345973893,0.107425276264218,0.0907984027919965,0.0756117625304783,0.0640920462912254,0.0517693834055441,0.0424268806194782,0.0339958081976878,0.0274369281777682,0.0217335143686739,0.0173696918658593,0.0217956213984358,0.0275421872753526,0.0338686414034521,0.0406944815843098,0.0489379157032233,0.527055473613281,0.660298058919778,0.727900957212803,0.717353228586318,0.832116758248484,0.931750917322265,0.970982834635008,1.08719067705931,1.21159586473599,1.10681281129365,1.26045411072209,1.24527002919437,1.42467112018562,1.42807098533416,1.64892893758833,1.51551752642623,1.21382320314301,0.937765052625945,0.823857112250427,0.685974351349936,0.740811284574503,0.653643121426225,0.812787459338559,0.820371931601513,0.863751232420505,0.992168881135103,1.01457562694928,0.890981533778892,0.769247160831335,0.670090665869413,0.593920539450494,0.645814945559908,0.63585826626092,0.790910632705144,1.00960127251304,1.03014417324917,1.16308960838482
"141",0.257211295647702,0.276451822882933,0.290707456530857,0.298855649826779,0.306363585393315,0.331909498570609,0.364728792445572,0.391995958759972,0.421376207472829,0.464801127449246,0.521304980403337,0.54182350077765,0.577985954249994,0.601748034136819,0.644501830793624,0.665435617074251,0.698129836280353,0.701184735326825,0.673178418908442,0.637107658182489,0.612072526106412,0.591902119272236,0.584243886867406,0.653630296658134,0.749213392573411,0.889225092738443,1.05023022702329,1.19691842099874,1.3621295415282,1.43254517227753,1.49833528123967,1.5666168704855,1.60869766073828,1.74142526013892,1.84617788157803,1.9548149350705,2.00081417865841,0.497218421900545,0.542613709258468,0.769400325582973,0.886153269889493,0.921353688199919,0.9473298075091,0.902808736814813,0.806314396252882,0.82398137937983,0.833760261225106,1.03519007542361,1.09209386180186,1.18837684771432,1.37855708378404,1.49590297741026,1.33570257965064,1.12531403392585,0.903930170210458,0.814590251841385,0.677803127178292,0.575002580463725,0.530354123867983,0.531811206504106,0.543651451110246,0.680919738115202,0.947721000230662,1.22911680977257,1.28975822514958,1.57420086286472,1.64188661777894,1.25654213208926,1.0019926553935,0.870093999033473,0.805787342604403,0.758724180469417,0.778489628454479,0.786847090642322
"142",0.605424237466799,0.727038546963985,0.825145801888091,0.932449178071613,1.04211409374185,1.15378792371457,1.21068480809675,1.22706416462941,1.35845671834196,1.44375589480727,1.53700732089005,1.67017592407982,1.62283036202146,1.66268053496825,1.60153376433584,1.58989988209216,1.5198872591373,1.39758855412652,1.06601900529268,0.802992704158753,0.632971944285036,0.48391882906695,0.379043566643921,0.302450739094184,0.313006519567446,0.319628220443732,0.322933752221975,0.333870992905309,0.336504401111215,0.330557883340339,0.345368660045188,0.354850518184797,0.3791361605568,0.395544660363666,0.414087450117203,0.439878624283138,0.360754612292046,0.493428779122689,0.500363473325217,0.582074011613815,0.630347588945863,0.691754193741273,0.74436787302965,1.0354931527523,1.3113541757893,1.66316804442294,1.75778971578212,1.84621323287609,1.82055764941565,1.6697480499431,1.46529925808401,0.987638695244025,0.944517290512597,0.721976030108297,0.716641939489443,0.809232382517629,0.834226541735521,0.940921723624629,0.986293128590474,0.912891661175687,0.969182665988559,0.934080223032697,0.73497879247732,0.583434998078274,0.637660740383388,0.630169778753341,0.569928532401225,0.52131431899744,0.537628603063883,0.577622291613049,0.651873740053811,0.694091488969217,0.7028820920719,0.60882442952433
"143",0.346901323885218,0.346011286952958,0.328357888762797,0.305703307069495,0.284004228397894,0.260332534944997,0.274566030207045,0.28387308552373,0.300005029568905,0.323369524140487,0.349611363436318,0.380088286623277,0.39254972830217,0.406974708360073,0.413387229621912,0.417780047761376,0.420735143191549,0.416734873299925,0.385940844780288,0.366283222222297,0.349673256017678,0.338738745138882,0.320970660468769,0.309503610141481,0.37411754626342,0.457315254453766,0.560908164851317,0.680159780650226,0.862302077887731,1.0391546768544,1.24638258865447,1.54807646435718,1.8245609677401,2.10367347154455,2.45427419018996,2.74643882441655,2.19945556941683,0.115041805881931,0.133268006957078,0.132683298513307,0.153070147967575,0.163729880768084,0.148615908502507,0.143364181222481,0.128605198606542,0.115626051099316,0.116662312755798,0.116911678702532,0.136938021143982,0.179692080011057,0.228779804492777,0.263090412998891,0.227102558198423,0.221637922057346,0.181009465357765,0.163369696698916,0.160150974108812,0.181377437751254,0.197098953087556,0.197651665240042,0.230526724442702,0.265862483336586,0.314586117053682,0.346052656583605,0.364753774094878,0.448372284259787,0.595302134215011,0.701226772736397,1.03194192035869,1.58754113368338,2.08720416418971,2.95225169854997,2.83042229934908,3.02335941679216
"144",0.00444675171079441,0.00373845836687803,0.00504987618521126,0.00672858323030428,0.00902175232708921,0.0121646252178607,0.016227186956847,0.0218058769451345,0.0215676900940383,0.0216436289040595,0.0215035406157858,0.0212719394291276,0.0208611125367025,0.0208170655391126,0.0317541843376265,0.0498092920955232,0.0818532058333819,0.146386948937086,0.273265504472075,0.542912707617992,0.623160867473244,0.686286292136251,0.73970410845676,0.86902567816922,1.18710296966342,1.53284702964765,1.67286447422535,1.56441677449919,1.89532839633213,1.68010486899003,1.3723539731705,1.19340612204691,1.34085593286481,1.47728829142596,1.63856180237769,1.78043316470539,2.20705019081683,1.16358312470198,1.16995432085755,1.27749590961351,1.10991995096988,0.821442535417679,0.808537140381881,0.724867451479333,0.620836407527449,0.532152873235547,0.505487791019364,0.572506367255251,0.56939018206948,0.454913340386861,0.431775822817433,0.498892852739579,0.653204073379219,0.965387335189384,1.42921990884732,1.73278871351978,1.84998755741861,1.84117476073629,1.8343743094056,1.61838678052917,1.2822769263368,1.14042471608848,1.02809559390407,0.827845524320796,0.731403323883687,0.665410137463121,0.685778288333496,0.542063681682749,0.490789671370188,0.407770939926834,0.311611989730981,0.268463004421357,0.26212275172041,0.258260211823971
"145",0.249205696738845,0.299654968068595,0.351520028034738,0.479260163684307,0.64235271109216,0.888310624536676,1.20986507267347,1.65441047300498,2.4165748777514,2.15477320847169,1.87275871548687,1.67640653138216,1.55689589856621,1.44926829922752,1.3374147525897,1.15438459777443,0.982971717013641,0.84180061734975,0.70611300877133,0.606637997331622,0.515607931956887,0.514521217415759,0.50264485942072,0.504652762553638,0.519496455640257,0.540720625216384,0.545218870185188,0.485554429807668,0.432035023478831,0.382136315297885,0.33798360907996,0.293150775013956,0.261438302757846,0.280584914883636,0.296317467877437,0.313075120824023,0.325339358167206,0.766764324922819,0.767987212374441,0.882339521157874,0.99262518933553,0.927005044982496,0.991115599119197,1.1232410324393,1.19816293439945,1.27337690633942,1.25721860275876,1.30963648205485,1.17928714836139,1.34364725504261,1.52773014118461,1.91283706495122,2.17491084414753,1.88847139589612,1.57749474553248,1.21144371240798,0.881119643926017,0.514066215737661,0.393363093318413,0.273838431009566,0.206667919016493,0.229178360948234,0.291470749131003,0.293760592142887,0.293305067840173,0.363282182102354,0.361061880314764,0.317005979086187,0.252912964692128,0.188164774615418,0.164564368569135,0.143525781572214,0.125259869179287,0.110402682074044
"146",0.00354490733138682,0.00385252694038261,0.00408999500112759,0.00424322845733597,0.00443347347799903,0.00466926427097266,0.00482596468589906,0.00497700618364422,0.00514843420956966,0.00504545135127356,0.00503916815968724,0.00496491483028165,0.00488651922539988,0.00484781758422018,0.00498392942685543,0.00531005851024712,0.00554756171429271,0.00570591634616237,0.00589658869120924,0.00616920078609828,0.00644625548776943,0.0083023367061502,0.0108267684665036,0.0142553651261028,0.0196880542981145,0.0280822068096635,0.039571335674691,0.0675163617674414,0.133928393839105,0.244532604934092,0.422204446385884,0.765661064495801,1.21886718934235,1.54721714751024,2.00823273792567,2.5696878701668,4.54243758165082,0.143191163123852,0.143455581542121,0.126007847423285,0.125398379384991,0.139516879364596,0.197720549768228,0.197859117338038,0.255645741972966,0.327704701048161,0.339237176446248,0.386461612687258,0.349120729880245,0.28215436508486,0.282292684265743,0.310511279327366,0.387097666897298,0.440292097805262,0.462930230196464,0.425090221409909,0.478872969766132,0.496134706315858,0.590120719815663,0.543852698365897,0.50363136632902,0.530085134379798,0.537125399615599,0.50565498398886,0.485058185530099,0.547876065583551,0.622760463237547,0.932140118034931,1.20815584634576,1.65824375469204,2.15025755752139,2.43038300060108,2.73794921831125,2.8371625429159
"147",0.835124636927871,0.911240421578286,1.00677294807034,1.02838355710071,1.07121260045528,1.10428877875596,1.12579428266393,1.16949537021956,1.20957752211568,1.17232779507039,1.10155193330785,1.05243241382326,1.00380175066648,0.966569109973434,0.922583270984696,0.90062043578934,0.892608487339665,0.872012993769414,0.862768044168068,0.853870953392521,0.844689686229296,0.832063148185355,0.807604547763106,0.799337589394867,0.790802033806891,0.777197914203336,0.74837578235572,0.77678330482534,0.815603003090611,0.859304137396701,0.884915616334839,0.902289707329813,0.924237440977371,1.04849413879245,1.18412245531271,1.34094670043899,1.53662509855338,1.33812479140715,1.15284342026652,0.985815707349988,0.984191394699187,0.88109166574502,0.86548976368269,0.770138065047827,0.851766169229467,0.943778716516576,0.832971813812354,0.614343892242,0.567834938668421,0.452315193006609,0.471916476668443,0.54194258054605,0.537792348505454,0.577507103425309,0.490310464604454,0.463180163698076,0.49278764290431,0.485592844904363,0.482032999972638,0.499853657027997,0.648598759937887,0.738072919600744,0.854003829291701,0.943350372984906,1.26127852900947,1.63196180080698,1.75669463938528,1.42482733531699,1.12783138123031,1.28167969169869,1.43753111235531,1.42731235483651,1.41243469209431,1.44349183311768
