"11","12","13","14","15","16","17","18","19","20","21","22","23","24","25","26","27"
14.939488889221,14.8362341560103,14.863769904464,14.9123544459199,15.000628529467,15.0203779687788,15.0828338052112,15.1333386797111,15.3214525628731,15.3561733441619,15.1741898274373,15.1438407110378,15.1092703680719,15.044550520911,14.8970815115754,14.7266517358597,14.5298115005571
13.3244818864622,13.0697937023718,12.5815470859929,12.2129791226643,12.1862238474592,12.1504333337457,12.3594910370402,12.6671534733893,13.3508920019221,13.8367140227329,13.6747353426709,13.841325747787,14.0009303542125,14.1701339649068,14.2409996113342,14.333515255612,14.344373986975
6.7996824155589,6.71780199312914,8.34493082770256,9.86030994699116,11.8272672240729,13.3336577037535,14.3192998040772,15.0869192234352,15.791539237839,16.3049542301691,16.4915851493186,16.7836052364299,17.0569900215874,17.2608892233407,17.4209489921295,17.5896450779119,17.7177338564493
12.3706997688464,12.6386792231823,12.5562367822401,12.3804675213658,12.4101026486411,12.0777005262463,12.0003034365988,11.8965665481125,11.9862572576477,11.4587780242089,10.7673435086237,10.2112771846458,9.65641246138967,9.20114281627714,9.00948204492735,8.85589535154603,8.60197810009756
13.4994242406587,13.5677542455913,13.477193789195,13.4178626671395,13.2981826267493,13.1069154954531,13.0588467253992,13.0245173900363,13.226258246772,13.3197272199514,13.1747187781477,13.2271000234488,13.3301517408445,13.4017016093628,13.4222110762284,13.4281356299756,13.4150818605427
20.1026031419408,20.1446471809472,20.1057081288193,20.1292311319704,20.1624000068842,20.2117016163214,20.3065408182831,20.4470493693341,20.5496517846736,20.6867707616496,20.8237300046969,20.9892738033866,21.1377992927636,21.2331438493171,21.0805365259702,20.9779137745883,20.8661082108865
16.9400468393162,16.8893979679997,16.8030375072867,16.699872464345,16.5897353856823,16.4888543549317,16.386300456265,16.2996158065736,16.1676930347806,15.9857755596887,15.864852043089,15.73246023187,15.5731514880327,15.4057270304393,15.3455168154987,15.2843073018401,15.2336703142215
18.9786029828977,18.7136510179906,18.4793652978636,18.256611402145,17.9616674539128,17.8018145115801,17.580366405187,17.4326187475267,16.9909803537772,16.4433040385531,16.2420809086783,15.8692274121061,15.4173268444635,15.0391484862015,15.1942506115043,15.3698694980865,15.5609084434337
15.491180896561,15.4660820645523,15.252112515977,15.0367082896098,14.7747934372489,14.4890340293166,14.3170748044848,14.1526133940816,14.0855505398072,14.050966710383,13.9199771438722,13.8640347272751,13.8497128039529,13.8422404142,13.9092107275102,13.9452339173778,13.9419334641533
15.014534891289,15.0723080135242,15.1482971854476,15.2072863143443,14.9537168811129,14.931398827711,14.8045144309134,14.6708885661648,14.3310035846573,14.0046140273059,13.9915802732304,13.8847263992478,13.7749645126069,13.6542541468197,13.650797931884,13.663616440199,13.7225366504596
18.6095309898242,18.5766922629453,18.5981406337016,18.607663181105,18.5701318168119,18.5370280806333,18.4921912998809,18.4317418507208,18.3101053179526,18.1567428576918,18.1007768134199,17.9996409739917,17.9004108333473,17.7696658748405,17.655311616103,17.5812130932977,17.529380893391
17.3506174119617,17.3318734711871,17.247644459893,17.1611867176133,17.0934619774949,16.9967573467799,16.9357130170816,16.8900488648852,16.8948482691772,16.9202323076157,16.8669178160031,16.8694097395461,16.9032941481375,16.9145198251508,16.987236218469,17.0391756793191,17.0620887584601
14.0895426073306,14.0613047700358,13.9732004678083,13.8790110785117,13.7294331324164,13.5649987322356,13.4131782870385,13.2530830142356,13.0344560467503,13.0189932832211,13.1084134576863,13.1149563141667,13.1200705925648,13.0937586474211,13.2221981047001,13.276615178089,13.2982644880047
14.5878939848515,14.5698531079061,14.4245688632023,14.2818965765346,14.1019068111578,13.8444107807703,13.6870414740974,13.5307580816555,13.448162750016,13.3539184636722,13.2169440547907,13.138517182307,13.0972629380711,13.063602283428,13.1170329896163,13.1292778477256,13.1253806755039
9.9425237683505,9.97815936724958,9.91307008275057,9.82883887274021,9.6937903324034,9.48719064605173,9.32392370633291,9.12593192945771,8.89406488047443,8.6720145608691,8.56721457445531,8.51349555208646,8.40508402937611,8.33268185455242,8.39961896185482,8.48140141948087,8.55111804825118
17.6773355195341,17.6144296348619,17.4614045387636,17.3203440537844,17.1208623084633,16.9043605998322,16.709026084525,16.5239833529773,16.4139749312295,16.265978874057,16.0796550739189,15.9590559462527,15.8793662224184,15.796210082082,15.66002307058,15.5617481199162,15.4933418708392
19.0174003366042,19.0326638667697,18.7496970018715,18.4619482057834,18.1570005045034,17.7030572177181,17.5034353835145,17.3842619920537,17.8494231814376,17.9654979292118,17.4284734024132,17.3267611073597,17.3594783191088,17.4209434725328,17.0032802995952,16.5893532014676,16.0565820827828
11.9662028760983,12.6020151528808,13.0978437738555,13.4537148561802,13.8853924869696,14.0805877683488,14.3900077671921,14.6031328237197,15.0906069007486,15.1758353994149,14.9034737716551,14.8576162558042,14.8601366603108,14.8334733141893,14.7469792766716,14.6258987241299,14.4425137133167
15.5707311901656,15.6803109611001,15.5484154539853,15.3871857819485,15.3397128631177,15.0543890455026,14.9146262550833,14.7164819210967,14.9951326252934,14.9447190494881,14.3514512159953,14.1389408043732,14.0281114925018,14.0166608726174,13.7672797450113,13.6460544943141,13.484703011462
13.737429879998,13.9875690825917,14.402417906792,14.6721185715407,15.3164909181164,15.7200247573329,16.0867375783945,16.3783347143073,16.6746670924932,16.7708180743464,16.6819852623331,16.6680961989686,16.6598118495616,16.6480001972863,16.7371677930903,16.796678029987,16.7859054055474
10.9032977919047,10.8542492688632,10.7282303778239,10.6147803536417,10.4488940952342,10.2623668685631,10.0473139905213,9.88209685652861,9.63166325866866,9.32300523214183,9.17555137570077,9.0192723434036,8.84885793518452,8.67765997791632,8.6014117179238,8.4706603971041,8.48363030607391
13.6533038509989,13.5667514246694,13.336539520179,13.108771053202,12.8020641212597,12.3955038280338,12.094549007533,11.8101575641785,11.5921738248269,11.2935853076497,11.0502179412544,10.877873824757,10.7034340369261,10.5582420225143,10.3834905923885,10.2472812504724,10.177436954972
8.17663210824853,8.30353363465249,8.60475927815306,8.8625561672364,9.16529740961813,9.50594842685594,9.68368336015028,9.83190258660921,10.0472525831012,10.0878723681991,9.92922365237062,9.87220352281695,9.81708788865807,9.77343781440274,9.71502473208064,9.6673445246451,9.57482794699699
13.9026008171449,14.0865931815325,14.2329673125046,14.3356919380686,14.3255703816434,14.3218945816204,14.3175136558438,14.2644266248569,14.1746762373864,13.9447300035777,13.8033827471913,13.6132867822494,13.4375372115555,13.2622101007952,13.1628039185062,13.066033202328,12.9720574065584
19.3300476890992,19.2261855757322,19.087341116332,18.9699593681871,18.9779054669539,18.9090857805508,18.9010203188175,18.9410741503242,19.0293677993833,19.1350240607592,19.1639086371029,19.2570602127025,19.3784593054263,19.5060721118076,19.6961005830395,19.8492751815802,20.0158733091316
5.74500654562583,5.98049198888715,6.14774813567199,6.25450445268812,6.55649526360636,6.65851476307874,6.80079268654624,6.88057125595977,7.20216335508182,7.10568879596432,6.67020747388032,6.46662897708895,6.22217647231058,6.0270364662707,5.56806056995695,5.09008406770469,4.56383569192547
12.7706571049239,12.7886388482778,12.7880276246025,12.8171619402609,12.8244017207709,12.7573246643232,12.7648438813483,12.7836435700523,12.9119185920866,12.9867936985739,12.9509230677301,13.02266884744,13.1186084898396,13.2317271897198,13.3837256160031,13.4937228360911,13.5867895059881
9.50299739210842,11.1539982760625,12.4789058649402,13.3861992809354,14.9866506481418,15.6926382037885,16.4127307869577,16.9179855280481,17.5506583885033,17.8599124790262,17.8470446938617,17.9710502878507,18.0941748767194,18.1945763117085,18.2306272105021,18.253038610228,18.2163977458868
16.9901870815958,17.0742488081247,17.0573249738995,17.0404668031357,16.9938298844931,16.9685002860143,16.9886907890596,17.0221317612925,17.0944269861728,17.1627082522002,17.1516361707558,17.1944408405398,17.2686606004138,17.296928212233,17.40083349926,17.47656954023,17.5099060612461
20.5287255979337,20.2500613905867,20.1415257481096,20.063802003963,19.9384041948076,20.0227906922321,19.9598788006955,19.9443540095555,19.702683236459,19.6399779159264,19.7424989111735,19.7482115678246,19.7091533580018,19.6372287495663,19.4858631897711,19.3935107948927,19.283454992382
13.2440756376616,13.6775444125223,13.67973946907,13.7523377193242,14.0051044474311,13.8465858775081,14.0324647731605,14.1868594064159,14.9386629390941,15.1599124000166,14.78970348724,14.8694818087885,15.03609054608,15.1895276688962,15.131548444238,15.1548505302919,15.1606903481774
18.5579105960678,18.5295597486072,18.6384342264133,18.7073696157647,18.7286020061389,18.9025643709689,18.9774027642617,19.0871416190122,19.0413730191641,19.070427771529,19.1692126362117,19.2010064572885,19.2038827735452,19.1687612614182,19.0361217597059,18.9178465271037,18.8203077733078
13.1292195998329,13.128462130808,13.143877411828,13.1876382175906,13.1290880263919,13.0910243012554,13.0732426373719,13.0445430118465,13.0673841477242,13.085642784209,13.0518154785876,13.080787873707,13.131637950214,13.1866907126054,13.2645032954503,13.3072035771503,13.354940066043
3.34471187415026,3.29827375025175,3.2939913522592,3.28426438808409,3.25782001113487,3.23545225499635,3.19001536954111,3.15879534565881,3.07038799048969,2.97515642219488,2.946223897033,2.87642399696876,2.78243016594058,2.68574076633787,2.67828872373658,2.64364452019057,2.69285623272576
18.5363259446703,18.6788410190967,18.7824837107891,18.8768667177321,19.0011050670263,19.1922589183268,19.3239825727959,19.4859166001395,19.5742878193486,19.7808438260837,19.9887442844703,20.1503431962873,20.2762855009095,20.3450777310458,20.2705958712184,20.1571360793663,20.0483749653825
18.3203952330541,18.1548359762246,18.0749900818303,18.0544992478558,18.0396801737513,18.1205083941866,18.2027326689097,18.3309751893463,18.4624807564697,18.7032488565876,18.8476867517279,19.0105516349664,19.1646098080639,19.2548496924761,19.1700789748362,19.0902318658549,19.0141616198396
17.0760475747038,16.8526721768474,16.6298293254261,16.4793623511325,16.2610054109613,16.1049790169123,15.9617357030429,15.8870726339892,15.7340369222678,15.8476532639272,15.9859521346177,16.0968240260426,16.2129836578922,16.3119237857966,16.5067257708377,16.6529735508479,16.7833029430223
17.8243519394259,17.5833420361442,17.2483993152328,16.9271577248861,16.5728801538765,16.1272789545181,15.7321661301229,15.3852101636197,15.0868467090217,14.8666765263765,14.6631740791878,14.5289310008307,14.4517456961576,14.4070836196786,14.452063710414,14.523276403505,14.5967699978689
14.6406039497707,14.7460030662947,14.5980344664745,14.4087968550717,13.9006294495757,13.3730861024595,12.8755905610422,12.3562498699699,11.4179335250238,10.3752587539655,10.1636311839119,9.42664077771568,8.51395884614466,7.56921680363415,7.39875266775245,7.24350294541157,7.59154766336148
7.40691617796129,7.77613986920664,8.18779529740135,8.51393803048894,8.83964953562837,9.10120965506436,9.28147889952228,9.40459486416635,9.45050112101957,9.46305279161935,9.5256893611088,9.58209786421531,9.58628338690837,9.60074922073141,9.66000967722431,9.73866564450235,9.77094997426231
18.0016201933959,17.707748502785,17.3978864094554,17.2146727622626,16.9489201411194,16.7515811880223,16.6995125545378,16.8233610657264,17.1036133915081,17.5561284370983,17.7970027469899,18.1372465767373,18.4638075428902,18.7038374962377,18.8066326666344,18.8784947484883,18.9696394568624
17.7005530479351,17.6634703224105,17.6445430360652,17.6133891461705,17.5127199567419,17.4685411341966,17.3509413786056,17.2121629451061,16.945862974632,16.7990116333451,16.851158040607,16.7845620370667,16.7203933774379,16.6203696315736,16.6447464697719,16.6513855676001,16.6687301213405
8.72524093671666,8.63194004696038,8.46353945276554,8.34208126525419,8.14057604703274,7.94857664173239,7.75669115408565,7.60343563125696,7.41624244335148,7.33634067547574,7.42588393317806,7.44989823934946,7.51173731164106,7.55981142472993,7.66717878374704,7.72548498972789,7.8819730475262
20.282277935937,20.6406974542898,20.8909107264869,21.0472326966696,21.2068616959335,21.460487009273,21.6059580469135,21.7302759419504,21.7395291342883,21.8479672960372,21.9588352053466,22.0150475308438,22.0557294143881,22.0649853938993,22.0088187554044,21.9892919831342,21.9468787610844
15.1187366687244,15.0995173666505,14.9771936704221,14.8518149232298,14.6445083364743,14.3912963401197,14.2011692399158,13.9911841581924,13.8396249524719,13.5823694736523,13.3200207528901,13.1164085831481,12.9345845461823,12.7755124786429,12.6279579045836,12.5056524207379,12.420311132687
16.2702758203266,16.6961883155708,17.1454782598291,17.432843784061,17.6649261793218,17.9511222559854,18.1242341315535,18.2488456512361,18.279256218033,18.2431386692538,18.2309844243468,18.1910765500267,18.1399705555944,18.0508761136303,17.8468469358358,17.7033145429626,17.5526180684053
9.38636132646521,9.24646198791137,9.0950164586429,8.95200017209451,8.74772317728959,8.49624562901086,8.22123080607052,7.94828380627107,7.59119706850891,7.11416565340011,6.87205001605049,6.58293992994577,6.22252041909262,5.83851030084584,5.32808871113591,4.7590934495188,4.36156473977904
24.5668348277145,23.6403166799815,23.2437176166703,22.9285003915278,22.6097958422443,22.8860281539728,22.6536996039036,22.5559369909022,21.7550685266846,21.7538994519047,22.3257945375623,22.3610323007465,22.2466944518769,22.1016851977103,21.7671851436145,21.5050998920028,21.3080340124123
20.0108911388299,19.7377711874532,19.5071743802146,19.2945717905896,18.997026149045,18.7522503827723,18.4533054282477,18.1721859379236,17.7532315487927,17.3573074757794,17.1222224660729,16.8098205533099,16.4774369413669,16.1233707454686,15.8600949334912,15.6086136880292,15.4167825675244
8.13481692293559,8.4896793862891,9.09339048721334,9.58217402028874,10.1460929707429,10.7673741673363,11.2362483717881,11.594695479966,12.0058165072136,12.1366907523549,12.0944484688277,12.1214722121206,12.154302316074,12.1617028889127,12.2428601109941,12.2912935604254,12.2804187272832
14.6635557647984,15.8298118247742,16.6233324110183,17.2997640486969,17.8981439997855,18.3671945106268,18.8384644664144,19.2478999057303,19.5061043678378,19.7865571372849,20.1208942510001,20.3631538501555,20.5448760306941,20.6401051752955,20.4589847789964,20.311342293059,20.2143137337084
18.3176096228104,18.3762570223036,18.3977551838947,18.3782870429072,18.3111236297281,18.2941345156587,18.230106750754,18.1906540586048,18.1126571308434,18.0435828355216,17.9957113270487,17.9848704518624,18.0116346915959,18.0193662979236,17.9881453431668,17.9635934859176,17.9161241258481
10.4662885864785,10.4127931518738,10.3375756110222,10.2861090462914,10.1434007112137,9.99517643314373,9.88339255590517,9.77244516012565,9.65699733951812,9.56533273525246,9.50938651215703,9.41095415542805,9.41541723963833,9.3745910206522,9.34599869395786,9.34968203222929,9.34353356021671
18.2591814264376,18.004205624068,17.7444873376389,17.5298443837465,17.2874481860188,17.0674118809016,16.8659970126653,16.7092664152731,16.5520707128332,16.4163856123903,16.275693805073,16.1661887083515,16.0542348008166,15.9650814377932,15.9193924616935,15.875981018588,15.8117460378974
15.5090919078759,15.7378637235245,15.9484626418821,16.1185754964271,16.1972934898496,16.1857933268055,16.2426210174252,16.2619569144343,16.4009521874229,16.2864576942376,16.0402095620534,15.9418239018462,15.8730593227034,15.7650551826112,15.634920204257,15.4948083565082,15.3563216044731
15.4910385676703,15.6478256514639,15.6615267432568,15.6440951399921,15.5561102767643,15.4631758602695,15.4257476151979,15.3503321323877,15.3111947495368,15.1379599091897,14.9480993744529,14.8019284766993,14.6990824498423,14.6106424582584,14.6331134525129,14.6488489750344,14.6427400399957
12.7461362321622,12.9984491971648,13.089315694258,13.2098122245038,13.4134799110513,13.34327391216,13.5451551753775,13.7210647502621,14.2591158156684,14.1148863640164,13.5432485084727,13.3634087211957,13.2137170305885,13.0804616792847,12.7651263626199,12.4909859981343,12.2409897679576
19.3727141026541,19.0322851919496,18.8134445145142,18.6008337370018,18.3306488604136,18.2530375955306,18.0491159865385,17.8771740199994,17.5218792684965,17.565996901799,17.8080196721819,17.8941408270074,17.9762373411359,18.0066782675348,18.0403683719773,18.0431858208407,18.0339783622758
17.4977705025172,17.3524358870365,17.1881083141494,17.0549957890847,16.8901965270167,16.7388627091584,16.6170084123458,16.5668347384669,16.5658308082595,16.6295773351632,16.676865864539,16.7509162525263,16.8335699887878,16.8553624821421,16.8444595057961,16.8191384443612,16.8009623658564
13.0625314528153,13.3887320767644,13.5337167818859,13.6128520277613,13.7473005018414,13.6567807521662,13.7246527070311,13.7078054239712,14.0312447755193,13.6069863584071,12.7745603821282,12.2862762957598,11.7938584187854,11.402244670823,10.8425762329702,10.5027300944865,10.1980224599939
17.5401877445186,17.7131173881443,17.8645278943488,18.0037358378224,18.1152713716159,18.3643778988105,18.5110251218473,18.6794095107744,18.6533630812431,18.8026698068419,19.0474176367723,19.1948765915386,19.3316939392468,19.393196846363,19.3204888453764,19.263651486165,19.2467014448924
20.3724795124771,20.4180948206426,20.3598009202718,20.3286504136731,20.5742498493879,20.9093970371155,21.0975949076617,21.312690935654,21.2662224677625,21.5404675365446,22.0030058575132,22.2435161580438,22.377038812934,22.439051156318,22.2095162271894,22.0104010959733,21.8855765414602
15.4828087655036,15.3200993145436,15.1479202809386,15.0437543955847,15.0434657812502,14.9642883474983,14.9632464663316,15.0236588750307,15.1749617970029,15.4102287518967,15.5107076007008,15.6990228962448,15.8719680016698,15.9974946555246,16.1601573157212,16.2823516160221,16.3953598300104
11.6837194951704,11.4328052645152,11.1561081282148,10.9049717718901,11.9555142013611,12.7383129086279,13.4713517617073,14.1185075683149,14.9809531571735,15.6929653761228,15.7537311577259,16.0193035565009,16.2997393440775,16.5618570582115,16.8052735963787,17.0226406169216,17.1371375282949
18.1910735958687,17.8995754786537,17.6455952069281,17.4202549697299,17.1755143423394,16.9932452804535,16.7595046505754,16.5721366721387,16.2781602278342,16.1256662212169,16.0471049033707,15.9206268506285,15.7780810353793,15.6440657235515,15.5318423517917,15.4449752789585,15.3709377066369
17.8112822936251,17.7105287728652,17.6030722528988,17.5064041605345,17.3560288236997,17.2645878024967,17.1702494618127,17.0686476076064,16.8890269151462,16.7715476933809,16.7378914168788,16.6927918722812,16.6313213996674,16.5726752231894,16.6171546888776,16.6613623768349,16.7013638850124
19.9924553187949,19.7626365044105,19.6497616194109,19.5713833607761,19.4733354588665,19.4123870575693,19.2785081891333,19.1718367765901,18.9485983815872,18.8546694425932,18.9062867796332,18.9021628341357,18.8810406657523,18.8363336927955,18.8776446667997,18.9138717869176,18.9661957586366
18.5631855393898,18.2148853876386,17.7325783348509,17.2879455861316,16.5585264713158,15.7816438616729,14.8956327279464,14.0640121163405,12.8251381976441,11.9467133075427,11.6778277171489,11.4221472087442,11.1785992334537,11.2192986053807,11.1327623999209,11.5025026837151,12.2310437174282
8.89102899645367,9.31278127469188,10.3682089853107,11.1453632759937,12.0732927217039,12.8129159454089,13.3078825201861,13.6447986103116,14.012348548638,14.139786456661,14.0572772601354,14.0769655945199,14.0737142481559,14.0820383699205,14.1170603567627,14.1779165336021,14.1938816296567
14.0294436935821,13.8881191737152,13.6802590928327,13.4642654536919,13.2669231457169,13.0926962260918,12.9355026194029,12.7857909706323,12.5701661215348,12.4678370925968,12.3901677285885,12.2757757182186,12.1573454948483,12.0753453614866,12.1145063218042,12.1620917887662,12.1881998287851
18.8571610538843,18.8331995307297,18.6034306630151,18.3857108626846,17.9808787005822,17.4754043654813,17.0061678984863,16.4734931112209,16.0461588486406,15.182593034691,14.2510127066803,13.3552742602145,12.4206396399606,11.4542310281275,9.65320352218876,7.84935334131197,6.37077024213946
17.4432680893764,17.4684036510227,17.5040120812737,17.4990519798996,17.4533727867516,17.3947549451353,17.3085334164496,17.1840597003315,17.0575336293455,16.7689384602956,16.4706432633138,16.1758742836013,15.8660517073269,15.5633842413566,15.2701568769051,14.9599092395089,14.6010205851788
-0.249682483660453,-0.304664836763751,-0.361229778736194,-0.423616898821631,-0.490035515429119,-0.54574322723892,-0.616812859791451,-0.66207221586377,-0.714062086831341,-0.757721719761245,-0.748517647535218,-0.738229765849306,-0.769078093810013,-0.779780993124001,-0.781650924141818,-0.82968811039519,-0.865587655389842
15.4741015768683,15.6578557500427,15.7937144447076,15.8975527057257,15.9924739231404,16.0235139285754,16.1003443787274,16.1575575945242,16.3135705806023,16.3345038241526,16.2524299293824,16.290536356284,16.3591137013412,16.4004635978814,16.4526111046867,16.5116051092693,16.5305511382403
14.5665063754937,14.6908827392733,14.6048117543416,14.5016126798899,14.3069031271358,13.9306793018057,13.6828449602,13.4138523025704,13.2872821849989,12.8935447414738,12.4933669875679,12.2409638536784,12.0657060689829,11.9326923919952,11.9038333881393,11.8835513527505,11.9006849549236
18.9243961982164,18.7558364580044,18.7190317553506,18.677127523796,18.6405181763633,18.6893912131588,18.6174754659194,18.5578620346548,18.3390437923137,18.1862616502223,18.1815841374273,18.0664481229741,17.9102376901756,17.7344766331245,17.5579956548138,17.4323761997586,17.3421101377848
18.3042339692271,18.0485029505373,18.0078242670461,17.9919252972701,18.1198794588538,18.3506653010075,18.4742825551268,18.6312563473009,18.6721018132985,18.8679296861944,19.0293844971529,19.1313432110278,19.1894808700769,19.1967932536603,19.1064229488797,19.0273191227663,18.9212300545268
9.64590356656539,10.1124979338281,10.3868154838508,10.545040936996,10.9018748785399,10.8339110006335,10.9704700172269,11.0269974602508,11.2912665737078,11.2822841172973,11.134084529853,11.1063426157091,11.1422069411138,11.1609582606782,11.4015944527081,11.5157818200938,11.5444577421069
19.9253207515297,19.9498883173406,19.9708871238902,20.0004377067092,19.9986498308643,19.9835443880986,19.965749941945,19.9379129456698,19.9057685146926,19.8099103104212,19.67346737119,19.5898358854546,19.5147962065646,19.4236833126948,19.2495687168907,19.1241897691455,19.0299368500785
17.3726927428901,17.5445911206789,17.6085920162812,17.6606093770944,17.6850146702214,17.6281681310517,17.6961585518447,17.758339832959,17.9575884132634,18.0571486765736,18.0209104664388,18.0854758875974,18.2024158882065,18.2915273954999,18.3433413236367,18.3856594628393,18.3848210798878
12.7127883009001,12.9782610448838,13.3336983765283,13.6302162115722,13.9840491124412,14.2561728758288,14.5374270828841,14.7615478650975,15.1300147060515,15.2792903194822,15.2386092731002,15.319875313318,15.4173168464251,15.4828573719102,15.5734065444212,15.6649113748856,15.6992656493264
6.45465319343586,6.52246633201944,6.74548883656599,6.92578794088054,7.11994823525636,7.34039912731823,7.48068543446873,7.56554118488545,7.62186100676197,7.57748075685755,7.63511116289169,7.65064555409499,7.63323660470596,7.57688029767203,7.59000090375902,7.56757835701118,7.58850149850821
13.7189119858617,13.4646903430464,13.3902777887043,13.3101899792925,13.8264564816567,14.3248614555386,14.7031071705475,15.0459840696116,15.5273065106247,16.2343445336805,16.4741514016341,16.7409263733988,17.0068288336249,17.2720527408715,17.5999145716104,17.8879468284821,18.0816985655241
11.5965733362808,11.8212907520116,12.0312744773257,12.1766575785815,12.3624497497484,12.4528717753275,12.5975863373951,12.709967330836,12.9111794844379,12.8902364021699,12.7495933025092,12.7224785025348,12.7052617596454,12.6822089023023,12.726953696433,12.7735183829073,12.8076240716811
15.3078256582487,15.38360447238,15.3319730801087,15.3120199163065,15.277299242226,15.1068540666073,15.0688324285757,15.0536934928466,15.2906634086865,15.3921781488516,15.2287459164394,15.2661269559434,15.3551305563096,15.4194500304763,15.413737443114,15.3879465198851,15.3574010213024
20.2066342008231,19.6752092321919,18.9833427647742,18.3617326472169,17.3604018609188,16.538851622521,15.8555807007409,15.6571050771319,15.3631761431613,15.9896100076282,16.3885885826157,16.8079847466636,17.2066924780671,17.5512478478906,17.8969815293025,18.1525425582517,18.3505747868717
12.7599724421201,13.614010427247,14.0634319204349,14.4345598344138,14.805489184805,14.7461922842498,14.9693725329729,15.0805205825632,15.6938238792617,15.5189770470402,14.8075822871002,14.5616228447537,14.3942613458687,14.2089306394508,13.7867127152985,13.4183537325713,13.0662253939532
16.0756597104071,16.0241257321324,15.8947041418354,15.7971217459879,15.6921882478962,15.5275973898635,15.4461182060714,15.3997133780724,15.4628232750608,15.4129474793589,15.2357130059677,15.1907671150438,15.1757476020173,15.1618726749236,15.1282954071806,15.1019125734313,15.0750563778209
18.2857418696948,18.2236843328406,18.1311157760736,18.0183530325591,17.8228220816727,17.6490633527006,17.4639175123527,17.2927432066973,17.1046210471023,16.8989400357331,16.7582300333531,16.6088635730932,16.4742715311846,16.33041606872,16.1826900420466,16.0667570166311,16.0030333871538
13.5115605356443,13.4539741821586,13.3692738773179,13.2816957381106,13.1667847518808,13.0960388727911,13.0397031040287,12.9922205797219,12.8991978570995,12.8349293022186,12.7863466529502,12.7127783926424,12.6192898204259,12.5576405307059,12.5497397828631,12.542379361869,12.480348232775
9.09661526070724,8.9080051396811,8.72569403524203,8.56995222418826,8.39616853543624,8.30183129940918,8.16444125835583,8.09576976199407,7.89640527230655,7.8044475129269,7.89080066568615,7.90152833430428,7.85479231247264,7.81921917724548,7.91306414846887,7.95836585601104,8.08527962932486
11.9553575048423,12.0345697297535,12.0489331609529,12.0691638586025,12.0244368258061,11.9517294829771,11.9186226825675,11.8574080770746,11.830253476998,11.7578501125292,11.7216872071844,11.7048908129126,11.7172057302307,11.7272420040386,11.7973992404062,11.8561210807479,11.9494709326871
11.1920434303476,11.2649748575599,11.3308473407818,11.3648211661646,11.3696003019966,11.3287190993602,11.306803575256,11.2117373729065,11.1105841537134,10.8015046937065,10.6163508874906,10.4179962515231,10.1567302434651,9.89129761651507,9.6815458668601,9.43598306390329,9.3246912971074
20.7801376947629,20.6155278610818,20.5558446674664,20.5101903342149,20.5034532479997,20.6358336144829,20.642719549524,20.7081871737745,20.5494170373297,20.6431888948562,20.8758200225713,20.9596846965691,20.9876256044165,20.9531016216418,20.7072067379188,20.4853196678672,20.2792502997105
12.2699948953823,12.7459336474067,13.2237113570957,13.6199245582986,13.9130626304551,14.087354965195,14.3095149043343,14.4626446417167,14.8073798008485,14.8067844438227,14.60230969682,14.5924290605428,14.6243679687948,14.6747006579042,14.7040243143528,14.7221312228338,14.7316733177117
18.6160916659321,18.4830425168163,18.2952006674402,18.1006825849498,17.9358433105997,17.7521099508433,17.6162203722407,17.5059670115131,17.4154717381244,17.1897378827151,16.8805840845087,16.6160671425323,16.3119551568539,16.0700181364937,15.8631970529748,15.7125883247915,15.5095961545761
16.1762225080877,16.0520048299095,15.937359255182,15.8370133077476,15.749855206822,15.6712694883017,15.6249988315331,15.6329017399918,15.6999594778386,15.7530336989596,15.6872959407348,15.7129508565214,15.7440221636247,15.7638817908859,15.7171365668082,15.6926531226938,15.6650668046567
13.0315792464527,13.1507709067206,13.0380225743451,12.9425541883512,12.7791053972709,12.5216404352458,12.4378987231955,12.3619363719429,12.544987654476,12.6955846746283,12.6334770967535,12.7412779570091,12.932754745269,13.1104313557921,13.294707846978,13.4367428012754,13.5203026816579
14.34542807917,14.1228916437372,13.7386790479885,13.4702997693338,13.2051032128455,12.6570425789644,12.3113372489129,12.0422583408535,12.1601490377056,12.7527325465091,12.9576581102594,13.3138326215404,13.6684713180413,13.9064330725392,14.0213069199397,14.058144760846,14.1011505386313
18.7695223333485,18.6890968752827,18.6662944880215,18.6563325754723,18.6400164410768,18.7309524335389,18.7784417688859,18.8522225895503,18.8182008134777,18.95898448009,19.1351779476189,19.2420120056605,19.3370689393474,19.376686779893,19.4354116569475,19.453648233815,19.4504950088516
15.4791747406554,16.2343799828262,16.6598220143795,16.9007766593693,17.5305004237991,17.8985207340837,18.3190198459824,18.6717680670886,18.9637589359429,19.2198880686175,19.3669971796333,19.4726464508291,19.5602080839992,19.5912121107952,19.5410834678239,19.4794736298386,19.3298782203768
5.03061727079746,5.19755899564618,5.35766443266636,5.48791913049398,5.60598950758043,5.74178807396739,5.84682840736264,5.9251707799647,5.99972125986137,5.94907115137604,5.90879105628748,5.88984580802676,5.84504958793262,5.79088592560934,5.80469363392345,5.75487844751537,5.74041772126759
14.9239315749151,14.7923772611471,14.7475813515969,14.7074801083394,14.8212072777394,15.0161770722334,15.1208176549687,15.2295421872641,15.2285824919732,15.5740038111422,15.9034180594918,16.1066052842382,16.2909893179766,16.4031636476935,16.5729521379452,16.7265731784108,16.8370761613197
10.3319662185763,10.3482279944362,10.4001701020206,10.47293444702,10.5398723594684,10.5842048229644,10.6219654778524,10.6647238671073,10.7277226628634,10.8110575693367,10.9246984589524,11.0090981983377,11.1315497582107,11.2293267496577,11.3637163194627,11.4658118057298,11.5586514051983
11.3678832269041,11.6735286637744,11.9264059320307,12.1054411630349,12.2202037343475,12.1859359628442,12.2200150222915,12.1715531419729,12.347903712463,12.2352277578023,11.9546234160169,11.8473772630552,11.8036921924016,11.7450491117333,11.6184988436167,11.4893930229217,11.2994388340781
17.2515323164627,17.2849629706235,17.3060931753318,17.3293787335076,17.346368060477,17.3575333610067,17.357854523126,17.3772739773824,17.3912096493236,17.3813742084472,17.3304828002804,17.3126585664584,17.3001483022002,17.2421432730653,17.0893537526049,16.979343091294,16.8828480475473
19.388376014182,19.3091108818611,19.3229800508904,19.3278729538968,19.4638840225206,19.6275132714379,19.7532363150369,19.8847948630531,19.887694312654,19.9916835513326,20.1341401970928,20.1944126284677,20.2284588807191,20.2307825933047,20.1567557774515,20.1325101467133,20.0957027286223
20.5724072276917,20.5642638084626,20.5564369258353,20.5404138870771,20.4243091853366,20.2877604198077,20.1121210320892,19.9185299481251,19.7280868179702,19.3459116904051,18.9934675565813,18.667017709347,18.3243446400239,17.9424080774092,17.4376948200063,16.9371311563521,16.5270644795931
11.2000397286492,11.117515801665,11.0266826642331,10.9397942233943,10.8610813957296,10.7696142162773,10.6912119969898,10.6657675342636,10.5514177210005,10.4292550865772,10.4552854804054,10.4410730097506,10.3662146600036,10.2915058863182,10.3656283505532,10.3482672386779,10.4418139565507
19.1646192024414,18.8940795546484,18.6644050686864,18.4562288562764,18.2834670941909,18.1846800027437,18.0722566507759,18.0288783167994,17.9558114846476,18.04242437409,18.1290147960872,18.1892484603148,18.2295549577429,18.240449689359,18.2289355482405,18.2414951613696,18.2278249462098
17.7293436232392,17.5479216951972,17.3725386918426,17.2786013895328,17.1168576341126,16.9992817990673,16.8261770893352,16.6875253359976,16.5286071029726,16.3926436620214,16.3634016551318,16.3137989682583,16.2915590247452,16.2811014311981,16.3299868611411,16.3598742247619,16.4245068054925
3.7104939649468,3.82566514947196,3.98977748484151,4.11716343629144,4.29526175257998,4.44782025591173,4.55420992306111,4.62871144536579,4.6970343982814,4.64160883124906,4.60890155096374,4.5732477639285,4.52303099551742,4.49060064318204,4.46354853889697,4.40495455685729,4.39565097093658
14.9346766509922,15.1124363635043,15.1316362643349,15.1316338192299,15.075055425144,14.9845558661505,14.9759172887904,14.9509042861977,15.117282413003,15.1309472412055,14.9034224036227,14.8569979277957,14.8502715021531,14.8444368028874,14.7765094359923,14.7172431124035,14.6474948520309
15.8231954413659,16.0537494010166,16.112906593592,16.1648691784087,16.2053577255084,16.0792003946034,16.0906683698505,16.0950209260634,16.3028074000601,16.2272679384594,15.9692435671369,15.9048761747176,15.8917225285361,15.9150775460324,15.9363375756,15.9592953904913,15.9827528495857
19.9127665976205,19.5991820443783,19.3226955235914,19.0657067746006,18.8256486023319,18.6681904761425,18.4875176499938,18.4024429433204,18.2080699566776,18.277897258804,18.3654385152933,18.4056940343305,18.4612568806763,18.4877053049558,18.5697823658267,18.5991378916411,18.5681272110054
16.0955930023397,16.1024278077287,16.5529088862425,16.9932417990262,17.7570172488002,18.336036663077,18.8319551900216,19.2944297272818,19.6459889777722,20.0012835147661,20.262043180921,20.5023219838725,20.7162899002222,20.8821265449697,21.0762038748008,21.1986097332537,21.3312619562202
13.3709900923732,13.6573934035037,13.4825957003293,13.2944649976217,13.2055906008164,12.6724285164971,12.5771268163865,12.5047837011352,13.0521109782357,12.9769497761395,12.3044147948206,12.135668824431,12.0867137800386,12.1017306783165,11.9742872384712,11.8749953332078,11.7373841598996
12.6410646732104,12.6862944077628,12.6266938446415,12.566089216246,12.4539842372593,12.277876153093,12.1546327412749,12.0012858538956,11.850054549467,11.7978838344316,11.8227763760936,11.8190594126637,11.8519122498769,11.8750074972191,12.0349272613424,12.1544022663667,12.2671561671965
11.6761324883433,12.1201285011897,12.5464850020836,12.8266693360196,13.0056732788867,13.1645328601019,13.2604904600975,13.2713424232526,13.371825229373,13.0448688728037,12.6446571410388,12.3261401834407,12.0121780863121,11.7269930798488,11.4725672265117,11.3491646187066,11.2432213598782
15.429574483214,15.5489101750486,15.7824689418471,16.0142316044393,16.3102027013317,16.4498234208523,16.6166033600481,16.7344327548386,16.9695150160108,16.9753097031429,16.816113597865,16.7933091404606,16.7697346500704,16.7356391151775,16.6275531080372,16.5451892756508,16.4512290902781
4.73580802766527,4.69478388028049,4.67469562432867,4.6479281516631,4.61523940344314,4.61280221169427,4.57970906288981,4.5453596103878,4.47744003156601,4.43443936609207,4.46930778507146,4.47778111787816,4.45773150899987,4.40509111715654,4.40410905458447,4.38156994320266,4.40543591949047
19.6680091464981,19.6289212552284,19.5833078246097,19.5245011161555,19.4208787852084,19.3687352056856,19.3075433881997,19.2763427297806,19.2463008063621,19.1773060673043,19.0046884895652,18.9042102409422,18.8097795982769,18.7127535447621,18.3560236948315,18.0525057207933,17.7471664518632
16.2601252884013,16.2262802073503,16.1643352229747,16.1243180296303,16.1792878744929,16.1755193973781,16.2411979296412,16.3032514625253,16.5037631482674,16.6979419961098,16.6446645532866,16.7161829030629,16.8043246000806,16.8702261084347,16.9196293898188,16.9682726407275,16.9698354650188
17.3044409766818,17.0283331307882,16.781941805039,16.5473685591471,16.3168672761597,16.1860639192861,15.9785321088881,15.8549852983137,15.5698060253081,15.4752556250707,15.4590159505686,15.3484303124009,15.2178314384858,15.1064840668447,15.0991129725055,15.104012294021,15.0702429370626
12.8469455470965,13.5229610105432,14.2058385675934,14.645808323325,15.1343453858003,15.3808325625416,15.6205268796208,15.7564547030667,15.9978717728353,16.0552513273796,15.966384713859,15.9589036609277,15.9836476578427,15.9695245314861,15.9476730648618,15.8784371519536,15.7565167059172
18.6049776908601,18.4627994254479,18.1499371363921,17.8180438804343,17.3838753906601,16.757965205936,16.131361795189,15.3973828396416,14.6276992420721,13.9490038400299,13.318568378721,12.659729377762,12.168146304096,11.9295231124704,11.8448181597121,11.7645289196589,11.6650640103284
8.24974084500206,8.25834092683163,8.44860221912852,8.58131763635203,8.78295314802264,9.01605117721438,9.12906841905752,9.24189368788987,9.29028218307168,9.30208264104186,9.30861718430211,9.33471015608586,9.27438149482954,9.20461636780738,9.18306745389928,9.09157478790115,9.0958365713544
13.8299066870776,14.8385204388534,15.3623894637835,15.7158934566848,15.9765230424319,15.9524367792188,16.0559743424115,16.0699508558169,16.3391878814492,16.140164659723,15.6465686217925,15.3616904849512,15.1595582990455,14.9286613127989,14.4269326407403,13.9155081924412,13.3717553740619
19.6488064674106,19.3121818315678,19.1740672909745,19.1184145036331,19.031560638994,19.1735953988184,19.2091085887914,19.3251938620811,19.1963437596621,19.3515401260155,19.6599568322494,19.8266559924071,19.9434639552907,19.9834542448785,19.9099197960741,19.8400056165979,19.8080816173443
21.6067084813098,21.1693861603367,21.0118008158987,20.9015049013967,20.746433856118,20.960700154321,20.8789291606985,20.9008299819765,20.4873581051883,20.6038412368955,21.0853564408051,21.2692695173735,21.3586940134959,21.3809100794904,21.255624032393,21.133146210451,21.1136926029219
16.3629291538302,16.5492759847463,16.5509657567067,16.4671178198225,16.3114000118341,16.1424876271258,16.094580283474,16.0013554190571,16.2207356646584,16.1927646160725,15.7540008432698,15.5851793203785,15.5274293488391,15.5504072302218,15.4250468079275,15.3650995152257,15.2019161932036
11.5223216686084,12.3561787726937,13.0427593574569,13.4816721706081,13.9024363135774,14.0640268853054,14.258910897568,14.3178955325451,14.6170005057933,14.3975306377679,13.9532949807427,13.6959688222039,13.447053019811,13.1852371342576,12.895806630766,12.6658062369716,12.4020803265029
3.96899395602616,4.01237277078797,4.09032599589311,4.16298734781579,4.21782680028818,4.32298438947167,4.40514860819998,4.46811516331253,4.53884238968518,4.56227826551905,4.59801868439843,4.65638240312945,4.66648232405167,4.68087018134874,4.71508589228613,4.70374963597496,4.77674844591813
17.0497335873741,17.561868510047,17.9868016428045,18.2711104734527,18.4863283563546,18.6487713047415,18.7525416744891,18.8337927041778,18.8526947712201,18.7545131921056,18.606737594111,18.4767494625281,18.335919150556,18.1419374056135,17.6880347573546,17.271890029337,16.8557226805679
16.1973094341893,16.8077741779044,17.3067168987348,17.6538820946998,18.0521402991151,18.2760591112286,18.5063827132934,18.6544925358212,18.9187300171655,18.9516498794058,18.8147701856898,18.788097285661,18.7804672765377,18.7609708210921,18.6094184985768,18.4799703667902,18.3568590505601
11.8450019933647,11.7942842509943,11.6634435467439,11.5416189235652,11.4337002884658,11.3386219875687,11.2730381839454,11.2804813909798,11.2517467178675,11.2862893108701,11.3217833044364,11.3607802994439,11.4077922319027,11.4340455460922,11.5953061198018,11.7043513827001,11.777096962768
17.1750287871259,17.3538417327733,17.4951159412727,17.5951903741922,17.7002334321776,17.7550849460162,17.8163781025656,17.8487857362906,17.9101251572754,17.8634611210643,17.7254411487748,17.6143964329084,17.5215976718842,17.4227250753439,17.2528657616259,17.1068757297082,16.941901232211
12.6662139001854,12.5894775082668,12.3812575264378,12.1773223532063,11.9378442836112,11.5862065053073,11.3150134581939,11.0501681614861,10.7617272681631,10.5149302501812,10.4397296471628,10.3283076354944,10.2197584477327,10.0893903238863,10.0642638894989,10.0034539346974,9.95366016966935
17.7133833709653,17.8717099996786,18.0176134623317,18.1162188981075,18.1837989925822,18.2840916605539,18.4536052666503,18.5980656071146,18.7631985747508,18.9702667881015,19.0259573099398,19.1725322593538,19.3398367589442,19.4568809714814,19.5077271484908,19.4805453646032,19.4195614919297
8.91576739704166,9.23620386457003,9.58111742892907,9.85170092807893,10.2336292386303,10.5148562544802,10.7844959891931,10.9680263426918,11.3530636852438,11.349227999673,11.0343370489222,10.9418201498912,10.8703812701625,10.8200952368916,10.7307901722607,10.6321731920646,10.4942200902661
20.0459331893115,20.0883680988442,20.0413138030904,19.9773956574364,19.8169464344605,19.6886308598963,19.5532194984105,19.4173090828879,19.303989467738,19.0816301764306,18.8448596190017,18.6482188837986,18.4760361112041,18.3135260364656,18.1540538581065,18.0166500389274,17.8840474197254
10.2751622483246,10.2703157275271,10.2819552338317,10.2708149366841,10.1575080393065,10.0980043356939,9.92829522526053,9.73518362238286,9.35571911841195,9.04999887102121,9.13738610290848,9.03980042816427,8.90393807203635,8.76512096202025,8.81373407747902,8.8197109275303,8.95067314486199
15.8244642607338,15.8298808814685,15.8989940147705,16.0108225493619,16.1380867736035,16.1956392238277,16.3024531792649,16.4193797123809,16.6837202538569,16.7657139384801,16.6322634553385,16.6551394771622,16.6927527436652,16.6895964782062,16.6817109613315,16.6454208101227,16.5746698526654
11.3893037414261,11.5491652052271,11.7877728709297,11.9362415335585,12.0830464224617,12.0720414634296,12.110866890157,12.0787523978318,12.1564718717285,11.8784661608166,11.5127193795632,11.2646355324187,11.0169893353824,10.7790229286255,10.527691302806,10.2630471243632,9.98823411391833
18.8224184602216,18.464737326503,18.0890807228165,17.7751510251175,17.5318608181736,17.3194428760297,17.169761311843,17.1445142634536,17.097566002549,17.3313169588104,17.4650302272856,17.6016958176681,17.7178888024251,17.7682757665145,17.8537732357325,17.8996282119896,17.9060352227739
15.5637291496383,15.459109994583,15.3264300351903,15.1958446465284,15.136620320525,15.0256017450638,14.9173696300215,14.7866952317429,14.5995825232831,14.3269229359938,14.1510226640146,13.9395649164073,13.6916472698916,13.4759735024778,13.4975689858715,13.5393244216091,13.561261678607
18.9962592379874,19.0293174313704,19.0971274626656,19.1780830700753,19.1542275997933,19.2110810529471,19.2258344406129,19.2550602292813,19.2746406297945,19.302771414199,19.3066424517315,19.3403413615552,19.3779715720587,19.371195208676,19.1697353301787,18.9977102275636,18.8582154874285
6.20004854263837,6.69138731107897,6.9518328909286,7.17489937688382,7.49440365343684,7.69792513483754,7.98358380427648,8.2434540573519,8.70337094687794,8.91027926256787,8.76277652672649,8.81063819555722,8.8555539360272,8.9123990435369,8.91877740055879,8.8815020862743,8.92730067581571
10.7228986899875,10.6888934290407,10.6629516702039,10.6494517410664,10.6339448406113,10.6186003671223,10.6495788842784,10.6769802544146,10.7657230009069,10.7487571398445,10.6074173791512,10.5679279317229,10.5415782296854,10.5227076227391,10.5599339583478,10.5788909853434,10.5635372088829
12.9191912384929,12.8741287635487,13.0035216707217,13.1641985097419,13.3564593715032,13.5484490871156,13.749710989385,13.9376692635766,14.2223726583226,14.4726944083164,14.5375051338865,14.6675079704477,14.8096843922962,14.8899806812342,14.9288410097002,14.9292295161768,14.8905740395016
17.1971438992297,17.3416762016962,17.4979086232234,17.596593711158,17.6740827363364,17.7197151962551,17.7225424637606,17.70979413819,17.6367311222869,17.529820643887,17.4350024775116,17.3677446689054,17.2895979706858,17.1788238384164,16.992210955706,16.7961127425399,16.5966670873346
-0.650300799301871,-0.625245023517179,-0.628371502499775,-0.649203492509381,-0.669425666584706,-0.700314978173239,-0.736248612876921,-0.736152559823896,-0.766780671198587,-0.84456727928834,-0.957036599993502,-0.891797728989284,-0.837202345076058,-0.77886584074443,-0.709565439231206,-0.690484144958923,-0.629665103578327
17.8395332017207,17.6400967262554,17.424785331587,17.2612013361885,17.112871746062,17.0175553857597,16.9547447050507,16.9608503596164,17.0019780136297,17.0038276323631,16.8776611203736,16.8423319689626,16.803024899639,16.765078684784,16.6071377819897,16.5057518879947,16.4151519373468
11.6337262368589,11.5283397438685,11.342658491609,11.2370369605516,11.1787428606796,11.0829656004934,11.1234373518005,11.2259471753484,11.4705152570079,11.7999714563566,11.8708263184728,12.0363040945834,12.2163717076185,12.35757225976,12.510244604021,12.5983040815337,12.6290580017909
12.0730120636331,12.0522343222745,12.2208224309338,12.4000828264781,12.5561947024118,12.6901358028445,12.8071612516055,12.8720804011586,13.0510276730196,13.1604917319812,13.100312480044,13.1428882342564,13.1975652807719,13.2406917468751,13.2400600573746,13.2041338655001,13.1637070942669
17.6836980167003,17.6486667100361,17.7010712921259,17.7475536567081,17.7888745374373,17.8848071827737,17.8797726221537,17.8784610163344,17.7579655614756,17.7717247867854,17.8984014820419,17.9511809543844,17.990746976165,17.9848185592964,17.9347413301883,17.9100812793152,17.91886164995
20.0550626658193,19.9567600333621,19.8399261301946,19.713013185509,19.4298217382986,19.274753772092,19.0068940254403,18.7186272968829,18.4213738522149,17.9859398034858,17.4502842123749,16.8632815444168,16.2624727358598,15.669568674421,14.4963421639598,13.1427909513157,11.5032125293029
18.1691938718715,17.9990949407852,17.8298806198798,17.6931820832629,17.5027739326279,17.3881463468223,17.251258503011,17.1560476578019,17.0012105197677,16.9156942142219,16.9085168470085,16.8666884907153,16.8266396713191,16.7654248874046,16.7479717646002,16.7341656687604,16.7246218458823
14.5236701139429,14.3506662259724,13.8825597069094,13.4552149559127,13.6561485559586,13.7551778303181,14.1626597974294,14.6463865662826,15.6405102275598,16.2718316453718,16.0835731838895,16.3282586786124,16.5945735898007,16.8781571911408,16.9847674958968,17.1110509328226,17.1568770306301
13.2950239025011,13.3190517157853,13.3886865246646,13.4607990859858,13.519879219645,13.5025129779702,13.5221796372269,13.5221716150831,13.6195518065465,13.4797577813004,13.2332281364771,13.1210585269366,13.0124830886556,12.8987073290819,12.7368003530783,12.6041866346304,12.474061229138
14.3704123856875,14.2979571608144,14.1538070485379,14.0098506500243,13.8960275299495,13.6552978974723,13.4971443885185,13.3308983832564,13.2839896222707,13.0756794993273,12.7752251211754,12.5791245832762,12.3871810816734,12.1953281662982,11.9579664342645,11.7426348981022,11.5528467911968
13.0054686978883,12.9969140376082,12.696569375535,12.4223244726766,12.1495865234885,11.6393472978776,11.3289325418835,11.0314720529598,11.0735663146422,10.7784925563303,10.1691673318757,9.88635555757422,9.6514038864793,9.53417581371435,9.2238363609293,9.1141873990333,9.05659052032548
18.4960795526752,18.5858801519109,18.7216982122874,18.8525425135751,18.9424030439887,19.0312279857735,19.1169130615835,19.1855076547298,19.323092354085,19.3906807855867,19.3335234041642,19.337820998394,19.3539447598509,19.3484049489735,19.2727348100992,19.1975324114519,19.1033546649063
17.8314848738468,17.7347336926938,17.6176995120578,17.5092167818233,17.3542663411673,17.3206622723361,17.2563078228064,17.1896498066256,17.0179420176322,16.9874209145633,17.0633754353844,17.0245511484027,16.9982226249846,16.9451064200514,16.9622384455476,16.9737053083887,16.9726800534998
19.9433812764201,19.7304023618587,19.5442440466405,19.3669764871608,19.1243385920069,18.9638344620751,18.7358360910962,18.5337904332351,18.2524939365464,17.9983887164384,17.8486256496014,17.6612730774734,17.4536698239688,17.246470219114,17.0415342443394,16.8719214832679,16.7602503890408
12.8646698364624,13.0501814608662,13.1638281761489,13.2003900335568,13.3864304185474,13.4488981641511,13.5702351091942,13.6442245630821,13.9414662332381,13.9234742747159,13.5391155492149,13.3530811755433,13.1905378390729,13.0620309424574,12.8495437292211,12.6593871301388,12.4038999291315
18.866212683588,18.7033550726611,18.612118157083,18.5202146616864,18.3697079922995,18.3172535818865,18.162892233802,18.0501972769738,17.7993223157074,17.5957681653038,17.5260560089881,17.3965539178538,17.2512446833713,17.0603488509033,16.8950070125501,16.7596308301157,16.6970584756969
13.0394346320411,13.0235693409835,12.8048301007294,12.5880357720891,12.24099702367,11.8139519876139,11.4583715945582,11.1320270780813,10.6927901704784,10.2981411690703,10.1685837754778,9.94609787191267,9.79345003221361,9.59791522945168,9.50102365964637,9.4515404192453,9.4327788313291
13.7143397241987,13.740787641812,13.9370802275464,14.0561370406934,14.2097246660209,14.2871316459867,14.3396689289157,14.3239337808985,14.4029428652497,14.2453313484574,14.0196469815452,13.8478552187061,13.6432233202758,13.4224406500277,13.1508998645971,12.8863515138809,12.6382936923014
13.1595748386702,13.315464981799,13.3361413399438,13.317481216335,13.2241836236205,12.9761473412707,12.8243341160074,12.6245416708131,12.6223010180402,12.1071744616892,11.4734812991401,11.0278157931746,10.6037031128871,10.2319758995051,9.7398599351997,9.3660124484757,9.10029471665269
15.3662486653765,15.261680571141,15.1364609423909,15.0096335429074,14.830990942318,14.623742267061,14.4590023984838,14.3343419417282,14.142341060583,13.9344480904752,13.8775865730936,13.7836414629096,13.6700019059018,13.5363949538626,13.5099977876227,13.4667257408943,13.469201626201
16.5313245861893,16.4489209636631,16.3933169663289,16.3423522904881,16.2363506626513,16.1573096232879,16.0724572271469,16.0147696981745,15.917971728284,15.901251420083,15.942977091321,15.977051005778,16.0017838385462,15.9877675029951,16.0403961035412,16.0349591511992,16.0290303761949
19.2885661547654,19.2192200332153,19.1168485715198,19.0088611420563,18.8426479816565,18.6744398982399,18.5234588692216,18.402383617003,18.2654045625619,18.0812663737899,17.9000077352398,17.748676080317,17.5989134362428,17.4217984626681,17.1390609095098,16.8603715951446,16.6029274347196
17.0682192714839,17.0174484412228,16.9829274841554,16.9646368686296,17.0286024750268,17.0789103221011,17.1534726710354,17.1738241731232,17.2225695485191,17.3135261252941,17.3312580953053,17.3668145355625,17.3855003282176,17.3914112321747,17.4312558972252,17.4379104764589,17.3961243532691
18.5849830859614,18.3189325126835,18.0381325697144,17.7845621710282,17.5616685834882,17.4545597048961,17.2934390886531,17.167289177703,16.9337747916808,16.8460307476276,16.8035842943269,16.7332548945252,16.6499603837451,16.5938302660697,16.6524378956762,16.824826237052,16.9976765487864
6.95682513899248,7.56950801303915,8.11594163887055,8.54679068140259,9.28419630086496,9.83282065619624,10.3128492838125,10.619099807769,11.1413401061049,11.4380344638648,11.3947910671389,11.5250529869468,11.6799519547498,11.8472367718275,12.072507956525,12.3085689490006,12.5077575369853
15.1339972488718,15.1637958547157,15.083280075875,14.9921474608463,14.8416830933914,14.5504555234522,14.3389508733437,14.1023378453528,13.997362286321,13.632655198189,13.185619632227,12.8929744788765,12.616643195915,12.3709876006998,12.0730843671455,11.8276776732938,11.6643371701614
19.6995595117341,19.3207346277427,19.0625307956304,18.8528943301804,18.5707698430116,18.4832336052179,18.265923735451,18.1217238659605,17.7725002813518,17.6963189704366,17.8156358751839,17.8148068331132,17.7963692924939,17.7576357557685,17.7086415948304,17.6844020891614,17.6982764985008
16.6915426006689,16.5777274417075,16.5581519090937,16.6813351027686,17.1968545720621,17.4313645615661,17.8860924362228,18.3788946449059,18.9619706342548,19.3775656280843,19.5531090302204,19.7705067773629,19.9602355360297,20.0780518724603,20.1997674232554,20.2325954218505,20.2400942704127
15.7058483318505,16.1790415273028,17.0555217626025,17.6496404411354,18.2112221131555,18.6713206696537,18.9040068433092,19.0681632659246,19.0185066614042,19.0917240999624,19.3379659748291,19.4675903217821,19.5445909989502,19.5482228018263,19.4897874537751,19.4644474573108,19.4898753925138
18.4271591275244,18.3819149278117,18.3589321969203,18.3214704362669,18.2723064266935,18.2552378838868,18.2143128936227,18.0942244386851,17.9200215230341,17.6907589983847,17.4867803723699,17.2727892101895,17.0615777008399,16.861502024454,16.7380781039623,16.6371539029076,16.5338775194977
18.4524924231563,18.4952922214942,18.5053658454306,18.4996623077843,18.4519737555362,18.3895768768695,18.319914267181,18.1631867734996,18.0295088310004,17.674700686937,17.2941835127101,16.9447386538945,16.5533002680567,16.1812632116626,15.7681005537917,15.4359930539637,15.1583068180242
12.7964551076478,12.8951996613037,12.9815276146218,13.0953613580501,13.2073158920711,13.2041894645969,13.3135757405074,13.3974669775473,13.7310500000831,13.953172183368,13.8873357060382,14.0003511124712,14.1467625683305,14.2438456738125,14.2934575709224,14.2859712589033,14.2373210348484
17.3219618034493,17.3706415590248,17.2636404437424,17.2109165279014,16.987771059525,16.6776899191817,16.4820130123887,16.2929230436824,16.2774874407301,16.1418851110599,15.9561212275774,15.9042979018497,15.9100216457609,15.9108659611066,15.9004193676685,15.9046727516931,15.9622825879175
18.6341944442041,18.4942185374589,18.4596330557162,18.4067366087811,18.3772786949599,18.4563417758197,18.4395915289487,18.445930023694,18.3060071618049,18.2955717943516,18.3572796906814,18.3465299127936,18.3590643641602,18.322597339815,18.3180271177931,18.3288386950485,18.340561715033
13.9579102970654,14.6695391106006,15.2284651776651,15.5858314715444,15.9510442171054,16.2584877871699,16.5249085717265,16.7337989982352,17.0150282342166,17.1939762801614,17.2270965995551,17.3123550335621,17.4177092324283,17.4757220354054,17.4723753473912,17.4694844340519,17.43262203842
16.3580281912284,16.4011695642541,16.276034327322,16.2130362998112,15.8050439574859,15.5219360346812,15.2698882079449,15.0777749638224,14.7265889229783,14.6568648019747,14.9775999705702,15.1506904416609,15.3595809846622,15.5023070240519,15.8223757538637,16.0582228921377,16.3142194980515
13.7165270761913,13.8403237727857,13.7418526860001,13.6390103467668,13.6223584236017,13.3906578701189,13.3545999824136,13.3231320280764,13.584475590243,13.6103918468968,13.3084022330726,13.2840795505964,13.3087378597953,13.3454054486988,13.3527607351127,13.3451854268093,13.2900153865801
10.1059109155216,10.0080143217551,9.42322801022453,8.94472453415934,9.04508562011015,9.09004704763711,9.57373224369482,10.1683162769162,11.2354800430561,12.3426777357218,12.4942769015258,12.9335214740751,13.3251463089873,13.6712163664175,14.0108212902945,14.2157042147806,14.2679884394484
19.4758202304362,19.2054982510835,18.8242984932068,18.5213331369187,18.0771588337032,17.4191257644591,16.8950131732707,16.4740517996973,16.4868221736713,16.4629929066254,16.2628972293907,16.4179331081738,16.7210284849955,16.9529951570181,17.0966745411747,17.1213701293443,17.1681216202895
13.6866244236453,14.4460157703614,15.0764142623263,15.525765226212,15.9815040786337,16.2684078598639,16.4966390548431,16.6359565446953,16.7824167206152,16.7608650176069,16.720321451521,16.7220379039402,16.7482673268561,16.7571834132094,16.8273921195849,16.9377864554742,17.0548436086257
19.07576580668,19.0599583865791,18.9622059044693,18.8819659806695,18.7799937784034,18.6178686599353,18.5532538166925,18.5068242674827,18.6300199353974,18.6617445131691,18.5003621310516,18.465077244593,18.4439797283926,18.4196901914651,18.2911503887071,18.164829482838,17.987897218866
12.7920013459233,12.8817821009053,13.2392454634807,13.5159913201759,13.9061276912006,14.2545991809409,14.5271546163615,14.7334423983098,14.9930128806932,15.1017892651369,15.0285142379725,15.0324527226443,15.0259748958634,14.985514078336,14.899726630383,14.8096873758348,14.674937971835
16.9057985035295,16.7616061054702,16.6260569919635,16.5022204098864,16.403018419911,16.3195227488518,16.2502752585202,16.2018717580616,16.1779999526888,16.0519225617912,15.863205307811,15.7206675641212,15.5605213021029,15.3979907724226,15.1726206739997,15.0016524544324,14.8344722494601
4.63262569867562,4.6023921944707,4.55324431654535,4.52610187095731,4.47465236652361,4.40925475743648,4.31536754791876,4.21105273298519,4.11739839172857,3.96442184832564,3.89163958600532,3.80580568641802,3.70919208593325,3.61530650931085,3.47960139975671,3.36088719698678,3.30294921120481
16.3120059604049,16.3315185421723,16.1530771537261,15.9302425406061,15.8977347504661,15.7335322377001,15.6200365886803,15.529459117171,15.4328874483641,15.3401031750878,15.2040549728447,15.1026204207028,15.044449416462,15.0717940242253,15.4236035383037,15.7887254189516,16.0641037939284
4.2062139348888,4.13284022114445,3.94898054721859,3.80930454440723,3.58923768299937,3.36358582711754,3.15192107040435,2.97944016859563,2.82934529540844,2.64195952471908,2.50531397145986,2.42974248203306,2.37759395892917,2.39004619172992,2.39121255164808,2.45548450218532,2.58638660925135
18.5474796689871,18.3645888213305,18.1826792269319,18.0084769659171,17.7954667638742,17.6878749941703,17.5582112207849,17.4816745758171,17.366399865773,17.4550439864202,17.5760440326709,17.6544807766502,17.7368011841758,17.7944136196523,17.8731169470703,17.9551283132893,17.9980321592854
20.7703704985142,20.5848609034043,20.6324170289922,20.6522282519702,20.6472590033211,20.9686500756683,20.9894245634073,21.0600978867972,20.6516905778626,20.6754015699607,21.0797354709844,21.1868504135623,21.1963512822684,21.1452483312671,20.9581196582382,20.8122419676286,20.7394250904769
8.36467258235127,8.73854420182724,9.13108255081868,9.57331017675446,9.98426337531543,10.280488249574,10.641920006947,10.9362772884977,11.4692475158669,11.7343758166473,11.669298335677,11.7988486524337,11.9631481364888,12.0809285483639,12.1568642788063,12.1839385917105,12.1672403612708
18.9922319201256,19.0494750267754,19.2182104403656,19.3386800582331,19.4473483024156,19.5296761732371,19.6323772122679,19.7149637766917,19.7240856292888,19.765335606264,19.771382895657,19.8365059176386,19.9012971329015,19.9241883511682,19.8568418586951,19.7507920534434,19.6517190713052
14.0551717428958,14.1408323621612,14.0903973843183,14.0034796146208,13.8539534574803,13.4658681883061,13.2291995272429,12.961787445096,12.8929613962052,12.2238863441477,11.4110033788132,10.7891849200974,10.0963461231086,9.41590413600442,8.15724562259552,6.52087604543866,4.24170063599127
19.9223026136498,19.7473363265247,19.3780040708263,18.9910635992191,18.6404734418319,18.1417598275657,17.9186982803683,17.7736810067746,17.9453970637768,18.2285579295956,18.1271995447084,18.2610210696384,18.4744443522935,18.6631365065569,18.7705953375646,18.7479737771189,18.6378818060311
15.4188947034675,15.4079467280338,15.4412959126299,15.4696564379046,15.6583973908225,15.8274550337842,15.9953596640442,16.1593633450817,16.3673881768371,16.6360180684281,16.7699208325665,16.9173394728818,17.0725247699812,17.167683850079,17.24891498516,17.2918239188183,17.298091295702
9.78961947592311,9.8266470815439,9.89763756389687,9.91509944773746,9.91037152165559,9.85886415483796,9.79274817431369,9.67120300383654,9.45387619068513,9.25588638962312,9.24918953684139,9.14074466365383,9.02114697629286,8.92081228378371,8.87473703470692,8.8526764431432,8.84391770613101
18.1637557671542,18.1454062135134,18.29152558023,18.371226912696,18.4098062605947,18.5802994069204,18.5844055281722,18.5796576266113,18.3472890435525,18.2050793825585,18.253117925348,18.1508388588932,17.9997343488116,17.797777722237,17.5839830335274,17.4229833683045,17.3085959081824
16.7999905030519,16.8395289623651,16.8908341157413,16.8439121415878,16.9502909793268,17.1459053295571,17.257433449834,17.3136564984792,17.3947578934641,17.5365277568308,17.5355678731796,17.5373743794377,17.5424222337693,17.5387326618714,17.4410308895259,17.3908728227213,17.276262230114
17.1501651166544,17.2378416969815,17.0837465694535,16.9340609825781,16.8108166969039,16.5109928465316,16.3989886547789,16.3112529327631,16.514521962645,16.3755351765616,15.8740499898555,15.6629892744614,15.5524621907764,15.4966359206354,15.339027447466,15.2331093188703,15.0916013929644
14.9237452043975,14.908118601531,14.6364408573446,14.353913318426,13.9480575540218,13.362053774116,12.9206154988936,12.4704220221213,12.1113584957627,11.2583645917621,10.3768565607536,9.54034997504363,8.64267084775834,7.823618206038,6.84839961960807,5.63791181924411,4.2377381208632
18.9878690955164,18.7988697735607,18.6880827097505,18.590317459114,18.3844122393937,18.3413496885138,18.1761757889182,18.0272145867877,17.7067928231301,17.5615289276792,17.6088563433381,17.5147518517279,17.4366349542152,17.3282722637618,17.2856348138498,17.2431505000651,17.2466841098867
13.7793195409894,13.6276666553402,13.4584998184305,13.3332601969521,13.2505410442345,13.1239178869277,13.076518131244,13.0474883065205,13.025552509028,13.1433600828458,13.2322201818024,13.314523457286,13.3908989643344,13.4086853229917,13.5294541121361,13.5645204490264,13.5688504999736
16.5835317107737,16.8987095661538,17.0364036779129,17.1078190469322,17.5102596185368,17.8291199662301,18.1538014704888,18.4140286836088,18.8418052483551,19.5147801974534,19.8901936408642,20.1841966726644,20.484446590148,20.7163972627193,20.9325995177343,21.0785565197254,21.1794988464416
16.0044387114819,15.9474585853404,15.5760927740326,15.2511231086031,14.6351571324476,13.8011937712965,13.2131013426407,12.7014549620689,12.5309639271164,12.214494565173,11.687405708435,11.5604150126371,11.5751288689014,11.6379698632836,11.3743522192641,11.0467254916489,10.8028354074069
17.5358381545224,17.4058349591862,17.2374433319379,17.163026820128,17.0286695292297,16.8385686387425,16.7294744526654,16.6880125639481,16.7520108618241,16.8417696345277,16.8674086141828,17.0008627277148,17.154341129327,17.2613263189032,17.3237055831914,17.4218009992831,17.503044573369
17.8041216574388,17.6788689394926,17.444481521022,17.2362962697057,16.9807793463442,16.6133622589539,16.2839233381688,15.9601147798258,15.588281359124,15.0693586079872,14.7268082453643,14.3431938872895,13.9236902920312,13.5121624403904,13.3376248084555,13.1647653655962,13.0532467941262
12.6262916630785,12.8121916422933,12.9247248934016,12.9997136281501,13.0274756959525,12.963361364542,12.9525828829023,12.8851196114142,12.9398907119137,12.7234399455092,12.4200658139924,12.2348891750468,12.0848576152532,11.9419112377705,11.8204279215262,11.7253655570007,11.6451582363282
9.15018576598165,9.22785375057269,9.17559756098285,9.10129207630688,9.03083356087897,8.8538438917632,8.76660297814234,8.6630353194227,8.65645423004663,8.39280984842329,8.10263819917812,7.90700045122451,7.66550042204873,7.49580319606212,7.37633316092619,7.19309497404591,7.09134445745844
21.1237632321071,21.0810545478473,21.1085846943554,21.0848843919738,21.0119007021203,21.1014242038295,21.0890342263134,21.0751210362951,20.9338445883125,20.815927255858,20.6912359696037,20.5285570923205,20.3160316085066,20.0792779988709,19.6188798695594,19.1584626665471,18.6972661699067
17.5705552141871,17.5887662540556,17.6444176520765,17.6993384566302,17.7193749511448,17.828589764235,17.8705511197209,17.9258546496401,17.8615736552332,17.8679260242737,17.9433305410833,17.97197051687,17.9981449828678,17.9677904582098,17.8811468406685,17.8233675664805,17.7840075345554
7.87035612551165,8.11329986125847,8.36129000232126,8.62103321826207,8.87981187987754,9.09966566308821,9.33542172349554,9.5059661267734,9.82012737108165,9.83881781594243,9.64534857912491,9.59955069913895,9.57601371897739,9.53313333552916,9.43053679667315,9.31890751710339,9.17760436915193
7.35664767951452,7.40847897411275,7.35756278617081,7.2769901831475,7.24115819032794,7.10474005370327,7.02078218683108,6.95909953324537,6.91525643995947,6.70153448067632,6.53342809519452,6.39347266035002,6.26253639686958,6.20494967869237,6.28520238135069,6.28766918575853,6.3276077367476
16.8940912598282,16.9294032693336,16.8994058900805,16.8642551507747,16.8937903923515,16.8131796923666,16.806251137775,16.7974160282349,16.9000550511511,16.8759432987038,16.7203894642423,16.6702132298514,16.6490978115595,16.6300553168633,16.6141055181585,16.5858768957585,16.5216011769475
14.5208228810792,14.4397967267546,14.3593139984246,14.3122950576443,14.2091120659332,14.1170213392435,14.0590648017438,14.016822736125,14.028694025395,14.01347512662,13.9624212758197,13.9703633264041,13.9923369856794,13.9756295604007,13.9463004582472,13.9300525870558,13.8733887552804
16.6189102508761,16.9909500830321,17.400512258982,17.678074652328,17.9332963663462,18.1441997769531,18.2997475556855,18.407300900661,18.4524304773854,18.5097991406698,18.5597628913883,18.5986057315805,18.6423250833846,18.6352380488417,18.598270239889,18.5133449015937,18.4093986146016
14.1581691489304,14.3052107847187,14.3499296300837,14.3738355355685,14.3938503957439,14.3524235180651,14.374937687142,14.3412835932406,14.4904714069819,14.3407796557149,13.9875015511063,13.7977206309166,13.6162753672604,13.4616953214661,13.2685185726337,13.1111286099461,12.9252874400179
18.9909681441506,19.6972394244898,20.0655845698154,20.2477855314312,20.6352201672691,20.7580292596546,20.9553925196625,21.05869066176,21.3670659043806,21.4616800734022,21.1976568226932,21.1054437121872,21.0204700143986,20.9426896238726,20.2798078700438,19.6430272204626,18.8453689871311
21.2659005220269,20.949384100512,20.7022287498773,20.4652777545753,20.2274585005323,20.0998989403037,19.7765051061414,19.4330713568445,19.0768284348166,18.6939762299827,18.0160295760025,17.2538277241764,16.3760782916103,15.5473834254804,13.6532384494482,11.9948181893624,10.2775530918834
8.63470828067949,10.3078225417664,11.6241363653817,12.5787972171397,13.3762816168853,13.9390234212197,14.577610113319,15.0397763781925,15.7423150137578,15.9934879798064,15.8807455550732,15.9651244663123,16.0975525293561,16.1707658149393,16.148665637504,16.0954650370427,15.9873258782702
13.97517683028,13.9372931778807,13.8393089421905,13.7139380017782,13.6121006941605,13.5322586413217,13.4554320944248,13.3944541979134,13.2474141738252,12.8262232081682,12.5354072192267,12.2546321088817,11.9491447270698,11.6997177336379,11.732324548592,11.8683105827612,12.0569113495341
18.7218447989067,18.7180211154068,18.6942031564759,18.6644570551201,18.547510682932,18.4749297386439,18.3923222410434,18.3170348443152,18.1637521583771,18.0559242103455,18.0476878504375,18.0003705044564,17.9841511031012,17.9470909970842,18.0118705184938,18.0220020112448,18.0293133560518
19.7724164909284,19.4848786752836,19.2426146961919,19.0436951363829,18.6969451128504,18.528280358333,18.2826763866159,18.1154486666824,17.7807356784326,17.6418727462939,17.7121524708345,17.7328023605185,17.7707207837443,17.8009648438907,17.8962117422824,18.0016176685253,18.1097865409856
19.7590325379483,19.4621487885396,19.2265202377586,18.9964328801583,18.7111450597934,18.4494161055755,18.0944916836513,17.7552506508024,17.3033199288883,16.8453651190429,16.5269449531116,16.0910834746052,15.636302456984,15.1753421427917,14.812127859448,14.4058607570458,14.0477876729105
13.3997018099885,13.3880645419184,13.3371052619475,13.2662010872418,13.2186306669878,13.0341468773122,12.9510734466647,12.8477856654864,12.8759905907154,12.651616675117,12.3097028099732,12.0862438475856,11.8582408119445,11.6555117524102,11.3452983070278,11.0339856247564,10.7155773157208
12.6379724543652,12.7047722217313,12.9126745595886,13.1131716750115,13.2891617244001,13.4301405253591,13.5705044885943,13.7038645475612,13.9216092311189,13.9633139478772,13.8696643680232,13.8754157715837,13.9146063655527,13.9271567220563,13.9856655346336,13.9991134246421,14.00391421561
13.2962243766715,13.496444884746,13.6690867334041,13.8069285495917,13.964639990554,14.0196575936741,14.1075095826357,14.1201105378038,14.2859837302635,14.2038458043348,13.9691490862324,13.8721197475381,13.7919541124218,13.7254326031424,13.7084127316145,13.7012620627531,13.66202898153
13.4096224386877,13.286429033577,12.9946320045409,12.7404379349165,12.4649431039627,12.0403987305932,11.7149461212064,11.4207539422302,11.1481968162779,11.0149787075346,10.9589510216853,10.8965143164591,10.8623676001644,10.8205429064293,10.8569631730559,10.8759107882295,10.9101793416622
20.7420234359417,20.3970152103094,20.1900767505235,20.05171073972,19.8595678050513,19.8695916980887,19.7627420462394,19.7297312368687,19.4968408125538,19.5232658432174,19.7049102736827,19.7802266569742,19.8239061437041,19.8015643931322,19.688397032068,19.603495633217,19.5622106342596
15.4918214980171,15.6135415904517,15.5999792177844,15.6165237723221,15.5871957146158,15.4628342672268,15.4642003855017,15.4593736302129,15.6424570679099,15.7482177674164,15.6867464267004,15.7561503158949,15.8650280444144,15.9171061884799,15.9065315738221,15.8609910389758,15.8079431661819
18.6452388429596,18.6940026453161,18.6755923646343,18.6889308712259,18.6204302679789,18.5936625871429,18.5370901727448,18.4670680703397,18.3756690005194,18.310300583015,18.2983523603393,18.2688891854813,18.2732691108883,18.2402424284732,18.1940229847588,18.1724533196778,18.1500548127902
19.5271510990305,19.2616689911173,18.966226869453,18.6847726418357,18.2277265921051,17.8848676901362,17.4369173321408,17.0112238694589,16.0802087788666,15.5404255246295,15.731363027448,15.5637804580853,15.3998867331776,15.3351067866441,15.7432863238139,16.1470341770121,16.5202659809432
12.6576497566674,12.7085005493753,12.7894360336528,12.8830390149684,12.8989855071644,12.9061836023607,12.9237354800566,12.8943621536522,12.8660495262033,12.6945707567889,12.5559242596929,12.43255446357,12.3036008390465,12.1828884302197,12.1000047007044,12.0540686340559,12.0353402813337
14.9397308161926,15.3597441156726,15.854860877027,16.1621372642518,16.5517674139443,16.8529724683722,17.0715056864721,17.2250647871731,17.3409200472033,17.3368335008211,17.2950124184981,17.2689612801169,17.2271816696659,17.1647087013946,17.1743432176564,17.1636446783321,17.1256509858123
18.3023428638633,18.0028316896119,17.6151133052947,17.2379949960057,16.706778972669,16.3647562679558,15.9494577915856,15.631359538485,15.0925351955207,15.5334018408927,16.0450919786225,16.2817909539254,16.5465521971315,16.7551237860545,17.044374057986,17.2254933600957,17.3532149324947
18.1178428142656,17.9751217528895,17.7729370338315,17.5873764251035,17.3910021381696,17.1567298731758,16.9636857772876,16.7936384330548,16.713968088935,16.6371964313548,16.4465240685728,16.3368877358855,16.2429898538135,16.1511682524004,15.9760572782497,15.8166831599959,15.6482955976235
16.0896938006481,16.0565488683082,15.8310135717294,15.6406219586746,15.2801217604069,14.8537203720573,14.5175099011797,14.2097747976831,14.012235248183,13.9820934672326,13.9998209762939,14.1261889688072,14.334421520991,14.5271729102762,14.7705099356508,15.0077736535088,15.2284293056548
20.0319215663782,20.3563108700747,20.2319986462821,20.134151951319,20.0080791491124,19.7094475084836,19.6593848835014,19.6582999840131,19.8734098881941,19.9664883931263,19.9549802470725,20.063264976921,20.231009626522,20.3220611182292,20.2576496088111,20.1506483194324,19.9874702969871
12.6473215798158,12.4746915594051,12.2433177599416,12.0077110560615,11.6940333421187,11.3592986738061,11.0273964091085,10.7020302526025,10.1712765610299,9.85850908429066,9.90532483923422,9.77339579840376,9.57954482858213,9.42216447576561,9.44680342557842,9.39539395813437,9.45034519489018
21.3491395077814,20.9111427561132,20.6986053033128,20.4628202918103,20.1806229418209,20.1148357706358,19.8864272526997,19.6738753369882,19.0148490351672,18.4693299323112,18.3567646616368,17.9499758594093,17.3603269786828,16.7368371797836,16.5460359771899,16.5185098504017,16.6263801449723
20.2039573104053,20.1029593265878,20.1014676235203,20.1012603581803,20.0191597147456,20.2432443721684,20.2169329586715,20.2550410072854,19.8627904637779,19.823726734237,20.0984619912953,20.1240809733856,20.1012430514632,20.011924005961,19.764510806261,19.5782742154173,19.4788498823881
18.3138350074629,18.026750811513,17.6936466204347,17.3961781215198,17.038164057729,16.7411635921662,16.4797715099815,16.3332800609144,16.1939668550084,16.3458381565595,16.4337004890674,16.5599516449044,16.6856647176105,16.792679698379,16.9006439264687,16.9549936019327,16.9898028848649
18.560686831516,18.3266356338173,18.1309568348256,17.9687553346169,17.6991143843261,17.479112912841,17.1936580605676,16.9294722207375,16.5425026672556,16.2643353042856,16.2256192605418,16.0908443049141,15.9704283094281,15.8255341790626,15.7597957806228,15.6739949409727,15.6350913296821
12.4393737448236,12.439257061761,12.2743856198004,12.1434215625016,11.9579847409229,11.6237572201581,11.4170496540571,11.2084160080753,11.1335860672921,11.0088488447361,10.8569752102743,10.7989712340739,10.785104242215,10.7503868891763,10.7487409631816,10.708469540755,10.6730566507193
7.33007903593317,7.20227739364519,7.10549817073964,7.02689682767553,6.95919211628028,6.86390867394523,6.77854524832092,6.70294450507999,6.61321347562899,6.47835390350701,6.43893679868123,6.3936295736937,6.30521576078249,6.22980229154191,6.21217958183799,6.1401479295556,6.15499916613505
17.5914326755477,17.5131797267176,17.4393883157315,17.379774021756,17.2692112441344,17.2200721969566,17.1218564541391,17.0428599727487,16.8869259694809,16.8192241778428,16.8334349459588,16.81157099281,16.8116467487155,16.7862713422902,16.7921686546909,16.7995839887503,16.802459720237
17.6818536711583,17.7225979479195,17.8545560750329,17.9347663255087,17.9170967188185,17.9436029420737,17.9379244264198,17.9089977990069,17.7932863059091,17.7102068899771,17.7358949891211,17.706199686023,17.6861164350721,17.6179654553008,17.5887520773719,17.554340275927,17.5100227936783
18.0134347490432,18.0588185590111,18.0862150960924,18.0951060046537,18.0247033675711,17.9683990354477,17.9174269822042,17.8915847424238,17.8736171224249,17.8614420163304,17.8713252006033,17.9061528407344,17.9689405532581,17.9980947432719,18.0013794311797,17.9940662474691,18.0127199220823
14.9621430419992,15.0772255268051,15.1480091767648,15.2236152481277,15.274206559313,15.1908483447769,15.2468178488073,15.3188433749636,15.5296487654426,15.6458136943858,15.4978574730361,15.4877501409595,15.535365500942,15.5099948182951,15.5376165439993,15.4655608493536,15.4247022972755
19.5615973626761,19.3197007278818,19.1824454023621,19.0758992664794,18.9196282194773,19.0481765394307,19.0207175456265,19.0626263518826,18.8000332060454,18.8946560418549,19.2373785842777,19.3888222879245,19.4960953023823,19.56075296637,19.5424354718853,19.5253745689454,19.5599846696197
10.2265153545192,10.3260213749022,10.8902626365987,11.37998822618,11.7337157749296,12.0976791018958,12.3438812139251,12.5374025292796,12.7628973801492,12.735475098625,12.5983280322412,12.5729845916936,12.5240756750292,12.4286958033059,12.3072661256025,12.1700346554757,12.0290672137633
19.9179977818737,19.5794744018302,19.3531778002339,19.1413864351851,18.8464641260509,18.7137590851923,18.4168165425454,18.1683038178682,17.7373586922649,17.4529508956824,17.3892626182456,17.1904295898376,16.9632948430346,16.7061758516164,16.4534440492222,16.2846822637155,16.2262362189923
17.421689774882,17.2998596340196,17.1209555275487,16.9789487789297,16.7788352026085,16.6242629654219,16.4736232320418,16.361981687291,16.2505660982097,16.1302930503449,16.0084368975782,15.9333117088124,15.8889303222868,15.8514619258105,15.8335746698915,15.86631700277,15.9043583828837
13.7802354540834,14.0084238243564,14.1546116246353,14.2619999706204,14.3423205707292,14.3051936786203,14.3983720328017,14.4337455755284,14.664452952926,14.6089203024286,14.3617967071337,14.27039521323,14.2148250314341,14.1200703392863,14.0253205789381,13.8548020815889,13.6416164811881
9.23369870556023,9.07741767851078,8.97491785947036,8.8987945334339,8.90226980971809,8.98801153976919,9.01165840474482,9.06907343991208,9.11049289299096,9.46259804849606,9.64084856383212,9.84071307434242,10.0472664897949,10.230785568287,10.4429904246947,10.6242782320365,10.7325070577844
16.0439279313087,15.9575735210685,15.8951014134325,15.840436804971,15.8191461031814,15.7893717683362,15.7609259921281,15.738204041401,15.7540909937859,15.8032193021046,15.7620533165881,15.7581506013565,15.7596199297893,15.7320676545087,15.6591183819925,15.5767223858973,15.475105205763
13.7876491686272,13.7784658081866,13.976758479794,14.1789731478347,14.5069103569676,14.7854462724587,15.0710331707007,15.3410386093669,15.6750612381416,15.8223929537775,15.7659458835527,15.8225722463805,15.866744942732,15.8749622586017,15.9192914300901,15.9051674446673,15.8457247745974
17.1992449744337,16.9136084338271,16.5377351872549,16.1759587368684,15.7869969771511,15.4846108939296,15.1216926051854,14.8172770207449,14.1257218190876,13.927882771173,14.1660155744367,14.1349389303579,14.0783717185272,14.091246229661,14.4919821221594,14.9065308413054,15.2680580094037
15.744672191087,16.0202825206335,16.1574428156616,16.2371462296469,16.2956049556258,16.2572289138708,16.2735723509189,16.2689222812216,16.4463036623648,16.4323941778883,16.2156388299518,16.1580471750747,16.1451090203816,16.133804693269,16.0544824650799,15.9537342279437,15.8490760135695
19.0136221919069,18.8497114125312,18.6282920616891,18.4531164298194,18.2454816411108,18.1231665672034,18.0102096486371,17.9605066093688,17.9401457544,18.1691559320779,18.3044736115873,18.4434366098451,18.6099245530495,18.7233800723561,18.8166951351513,18.8670327453526,18.8880547250373
18.254108942026,18.1607799767626,18.0045599506361,17.8918911032155,17.7721611729274,17.5722246827887,17.4414188820826,17.347076571291,17.3832807729042,17.3376697279853,17.1570458729015,17.0947581008206,17.0499477020099,16.9743997611285,16.8759182734651,16.761296098326,16.631187881121
19.9327144631784,19.7203709042822,19.6969556883657,19.6878301595245,19.6609393833389,19.8707309018133,19.8702970769638,19.9098589766399,19.6618302558113,19.696022909357,19.9685387435977,20.0480352456619,20.0688350345156,20.0525505666777,19.9020589553885,19.8169840561261,19.7916756397119
17.4846352456405,17.7655127878419,18.0261514943971,18.2295124090129,18.4026150495384,18.5520369438783,18.6664218895388,18.7571495856376,18.7802620364168,18.7759581002565,18.7935649189967,18.7982336950338,18.7949986662288,18.7207465417051,18.5884678941216,18.4691931013325,18.3621496202698
17.4806382921602,17.1182664245203,16.4516867797235,15.7983041763092,15.4793044083052,15.0049320734479,14.9212578181219,15.1002097124476,15.6613023240941,16.3548176973739,16.4576017072009,16.7526485565628,17.0573417393381,17.3186186850767,17.5149890415884,17.6657457529733,17.742577242541
14.6247627430572,14.5182152126753,14.2754456814524,14.0593678442197,13.8019541508723,13.5435332065228,13.3439968390007,13.1610091587114,13.0189474132639,13.0915856467028,13.1139038542031,13.148160013715,13.201450567185,13.2594159896961,13.4190287666082,13.5182610868408,13.5534008980125
17.1524550790628,17.1626293017269,16.9290241923577,16.7133664290918,16.450498180863,15.9583728578965,15.6663253130898,15.4083757181983,15.6129240918207,15.358621839935,14.5519673930708,14.2065792170433,13.9655927906854,13.8112235679175,13.1430473943033,12.5853997476959,12.0641332218467
15.3836148664769,15.5526824630097,15.5996448239931,15.6038565184962,15.6263869761059,15.4907049404812,15.4596238909975,15.3980901949656,15.4791245602877,15.1308565658719,14.5794218423807,14.2066127141189,13.840507356715,13.5117366002217,13.134352731085,12.8375374251293,12.5401185407622
10.4680799762501,10.4068993363894,10.3320048079319,10.2627274846777,10.1781362005158,10.1077257282819,10.0182162076111,9.95160327863973,9.80142011368189,9.86063720889458,9.9902213386972,10.0678114626074,10.1313801545042,10.1652864315007,10.3183865696709,10.417587175272,10.4633390864635
17.7355468229007,17.5249791107839,17.178128409352,16.9034176839818,16.5545896464977,16.2631155480202,16.0513432637826,15.9563498215659,15.9125962840335,16.1035737489935,16.243609734489,16.4047607245913,16.5703892803757,16.7199763303434,16.9705876561213,17.1308770939842,17.2277103392573
20.4350174275453,20.1911542810571,20.0730847054346,19.9597656081962,19.8216377778043,19.935618963766,19.8524996109865,19.8207355943878,19.506457282313,19.4596021504531,19.5995280274746,19.5747314411021,19.5088177457438,19.4246758349778,19.2588699428269,19.1470059478091,19.0622369827476
9.96929693134792,9.8109914566866,9.78736598059158,9.79526326176281,9.78646282454039,9.91628925517552,9.95940524744439,9.99748338385227,9.72902007514374,9.8426694305347,10.1623780894975,10.2692905483104,10.3517351293251,10.3894011886376,10.5862194895188,10.7408448299657,10.8775115335537
15.2438439236237,15.2359469694537,15.2955773839561,15.3184912645497,15.3835318226307,15.4074977199315,15.4138004835616,15.3904083446124,15.3264900748202,15.1271270823319,14.9209313314858,14.7195166802971,14.4916822362774,14.2448731958056,14.0390749834817,13.8666636615184,13.6809376629574
15.3837208777783,15.6040371401797,15.991499494426,16.2240692974513,16.5428974976024,16.7636315786028,16.9373941963207,17.0233587676231,17.101303778319,17.0242956241965,16.8843889611789,16.7604197141011,16.6293801995292,16.4774469807754,16.3600852498729,16.2849717664583,16.1647799223653
11.7660762329825,11.7463982057594,11.8733905539536,12.0173897598243,12.2691630399368,12.4412784973961,12.5969555224023,12.7348906469029,12.8821696085931,13.0520805493409,13.1190867861153,13.2145051228067,13.3173824510291,13.3625999506933,13.4875556223218,13.5562524550937,13.6006004211929
14.3242248832929,14.3788815491361,14.3286979457228,14.2806092508969,14.165972268758,13.9970889498423,13.9117818614546,13.8133260269939,13.7962833138715,13.7172739466864,13.6410200737688,13.6129864204025,13.6326825268789,13.6354665651053,13.7063218685095,13.7460791517287,13.7607604223251
13.7783079568931,13.6873252713196,13.5273620894961,13.3598265776793,13.1735773721544,12.8781324372456,12.6585116606426,12.4559568658687,12.25744916981,11.9046168014517,11.6208653726294,11.3915496632139,11.1291810693207,10.8901711824486,10.6357342144431,10.4649992665596,10.3937541377728
15.3626003082358,15.7349557281089,16.1143042503132,16.3426491424583,16.568148336134,16.7462932343767,16.8828119745004,16.9817131761451,17.0647118592837,16.9001058912552,16.6623605100003,16.4554516951443,16.224311366715,15.9827191150481,15.7750419760861,15.5149768186382,15.2129150388495
14.6393608573674,14.7781032317009,14.8970639622722,14.9872324965887,15.1779050074599,15.2988835155205,15.4742790645211,15.600011412887,15.8797526597463,15.8586446201593,15.5718269949136,15.4573176640374,15.3401322059189,15.2411105038318,15.1064224390239,14.9824264499759,14.7932512869437
17.2157526556446,17.1973825048112,17.1358786095148,17.0684013479247,16.9358220759463,16.8637859783707,16.797056268173,16.7490476582968,16.6834027579534,16.7017447383723,16.7219219772044,16.7335600631838,16.7618999429032,16.7701001648726,16.8594879663798,16.8962068225067,16.9029061122913
14.4272867084892,14.4932611553786,14.7179115923213,14.9216632597767,14.818013264319,15.0856872992891,15.1855321564515,15.2845733300113,15.0958703530979,14.894918666813,14.9776407244074,14.8924792213272,14.7950621999114,14.7129601630971,14.8161580439121,14.9387126456736,15.0552868067947
6.83055471898419,6.91310667209721,6.97806126078571,7.03912191810692,7.03824594727622,7.04320422164889,7.01146260154855,6.96200539817147,6.93342178848881,6.91376089057544,7.02457254612525,7.10727804734105,7.1762316414298,7.23185321653915,7.35706864028228,7.44199527461039,7.59716600783878
13.2235327201886,13.1628120881151,13.0205762707516,12.9317965439025,12.789775534947,12.6295342475332,12.5079564604084,12.3963180101415,12.4019029198735,12.4291849895767,12.4137382682918,12.4553020835982,12.4923150062537,12.5199764596853,12.556606220928,12.5822796107882,12.6077389026172
19.8298608111522,19.6018420536326,19.260144959888,18.928014975468,18.4257009661506,17.867574931385,17.2681559463191,16.6499309382815,16.1018063478742,15.2428275882089,14.08382172426,13.0744747397324,12.1966611219194,11.7505794055985,11.1494196906058,11.0588252688891,11.2613950710537
12.908542454313,12.7600124885268,12.49407291312,12.2726357272264,11.9897491262477,11.7675425011967,11.5904363178243,11.5144408138764,11.4267469960988,11.767374921059,12.0107206115868,12.2283284345209,12.4454568624827,12.6129565165311,12.8703093764649,13.0552257274319,13.1793490531637
12.4347766353564,12.6380123463161,12.6969587580768,12.7238425423689,12.7555557054961,12.6662864069903,12.7104055301781,12.7352342302669,12.984244219622,12.9735087929466,12.7053237616092,12.6552201538027,12.6785744323344,12.7180380624273,12.7886479972707,12.8244529825589,12.797157788228
14.589670016163,14.820017591466,14.9107856616068,14.9962856157973,15.0349715894655,14.9680489551455,15.0202864134457,15.0561042630848,15.2362133909226,15.2520350471558,15.1422802915395,15.1441950834014,15.2048658417055,15.2769159358319,15.5091557926691,15.6804821105222,15.7982149328231
17.3085374104195,17.2582524022163,17.0777048810769,16.9101621378183,16.6485836778387,16.3230881906061,16.068221440486,15.8256142304313,15.7401763355615,15.4260641116454,14.9481157239829,14.6507975054697,14.3983514098043,14.195353916467,13.8305967031183,13.5487632901765,13.3033241906209
17.3331909774697,17.5134548822983,17.7771981819504,17.9623003369604,18.2382322690559,18.4327577750097,18.6258259919865,18.7803285252812,18.9802639454558,18.9728233364518,18.7918967313333,18.7032645176816,18.6156823968592,18.4943740548669,18.2575066755877,18.0378908240445,17.7782082235274
17.1901069920556,16.8947140069059,16.2889725357766,15.6170071333097,15.0145316370194,13.997976008938,13.1622951955994,12.4331550850205,11.9420927182732,11.7655259399172,11.1832779433995,10.8150914591614,10.5622259615109,10.574538490323,10.9592293977182,11.1850066294703,11.1809250794534
11.8810115280154,12.6285828096728,13.2652615042023,13.7402827304516,14.4047631597412,14.5922486563338,14.8946024780308,15.055897447743,15.5841215156921,15.6613437614299,15.3310394820705,15.3148515340842,15.3652026336726,15.4240512647713,15.4152947387352,15.4391687667187,15.4307677934951
13.180637665571,13.4133797980182,13.6937194880616,13.9017461769695,14.1001066770773,14.2352964318089,14.3885485181366,14.4984958384291,14.7089956354389,14.7257999380696,14.593967492612,14.5823526449504,14.5854701979684,14.5633322469724,14.536016541395,14.4915286923113,14.4157910546498
5.65101109756632,6.14412439681634,6.64071236383081,6.99272854041425,7.41088950176888,7.72498535463141,8.00279101659661,8.22148004864865,8.41898967250663,8.4730669579307,8.45630504778052,8.47021308722027,8.44871273245725,8.41779588331943,8.45681963718092,8.42751576789137,8.44531406328682
18.2225002833789,18.1522934343781,18.0729645808085,17.9919372600976,17.8356517891167,17.7356290460169,17.5855921703206,17.4682829164843,17.2378126294117,17.0483028652597,16.9729167625545,16.8518756615694,16.7466795310994,16.6199598290162,16.5343453057964,16.4661910550298,16.4133712550155
18.8851493158283,18.6527548150637,18.3866250001332,18.1524332604067,17.9146750826315,18.0066301927104,18.0541598250861,18.2057639189508,18.3165900321981,19.047411094365,19.5669707471023,19.9081215970473,20.2249089870366,20.4750608493979,20.7112565383406,20.8747334268777,20.9981191586841
9.91308611158859,9.82957381501302,9.70245869230559,9.56253479473836,9.39315724822966,9.20617134928299,9.0054218604597,8.81894008457857,8.61269506005322,8.43979051432009,8.37378564305086,8.30220691428499,8.19870724641252,8.10641548400458,8.03436403367505,7.89846575942094,7.83148833848443
15.0897466855879,15.403979279282,15.5837421925208,15.7256838580588,15.9898939871776,16.1615330829901,16.3642512068457,16.5382414245318,16.7722653349985,16.9275874494702,16.9471005953372,17.0327194832182,17.14001735449,17.2218246326684,17.2970808156275,17.3710826023907,17.4202878666733
18.5672926845243,18.2272070705307,17.9372693385294,17.7185563916998,17.4845358422318,17.2788848470802,17.0663217539835,16.9457483196436,16.7823636043261,16.8280679801227,16.9249995262415,17.0079989537172,17.0766746621827,17.098295613767,17.1275762880373,17.1425710965681,17.1727915170002
13.3572135487093,13.7746917594765,14.2133457071435,14.5130893556191,14.8361750446454,15.0022271927771,15.1693628939424,15.2909883518888,15.5084730378466,15.4597504657643,15.2722629749103,15.2040574927616,15.127236267305,15.0366930943172,14.8966637796767,14.7592365607931,14.6034522755346
14.4847868515708,14.5880625098472,14.6958436197438,14.8388698934592,15.0454205024909,15.1318855277877,15.3148876958088,15.4939144701009,15.8270171859278,16.1682075734918,16.2476207926816,16.4348300067369,16.6432696855129,16.774084318398,16.852962404297,16.8861885481096,16.8702217361899
7.54510788596343,7.78445326349969,8.07213113045854,8.36719619811603,8.70225423305234,9.01638994483503,9.29844436977825,9.54434445291222,9.92374755855403,10.2523616254948,10.2838645192549,10.4462175656937,10.6241042500972,10.7616257181618,10.9373267671743,11.0480320102839,11.0839340785247
15.9868125176554,15.9934806645716,16.0603045073117,16.0918668112025,16.1030992333855,16.1838491210612,16.2050370284825,16.2202685091628,16.1243101570007,16.0904156997718,16.124350522154,16.0916278055187,16.0565253296726,15.9872579722965,15.9894315591012,15.9736823068927,15.931061415765
18.8442887133532,18.3640753766488,17.8586455247624,17.4041147679594,17.0544976145036,16.6603399056095,16.199837597862,15.8260436106864,15.1697039352092,15.2446016974292,15.562226492006,15.7132921175753,15.8628256699132,16.0584494069369,16.5261630771421,16.9519814201611,17.2919163704894
13.4731265002154,13.8480276900601,14.0101755408596,14.1403405482818,14.2897770534977,14.3089008774539,14.4469230157058,14.5398884960692,14.8625353331914,14.9521273851976,14.761689355889,14.7637640618604,14.8288273516295,14.8829936016637,14.9320335353679,14.9732982613427,14.9551298907749
10.5474951438659,10.5019602992551,10.3540267375704,10.2485182818566,10.0922780014628,9.91890661013885,9.83098058645736,9.78302088334251,9.76620595785208,9.68591539222301,9.66701357182278,9.69461170789482,9.69625605592594,9.71134360025952,9.78386857305169,9.81658623980167,9.91415530621448
9.12263251744651,8.93787230769029,8.82090507644644,8.73862239398523,8.57717340591471,8.58299531948132,8.47933190617361,8.4251368348283,8.23979840508502,8.2464759401763,8.351908514202,8.39374060637604,8.39963481856437,8.39265912346005,8.41139417483845,8.46257571639796,8.46382831154629
10.9791124340124,11.2291020961512,11.5079557214021,11.714444577196,11.9055120555567,12.0006172957375,12.1279358968833,12.170123610544,12.3087685575605,12.0819549612026,11.8072827925696,11.6181613323603,11.440257121077,11.2599980900622,11.1133568350116,10.9884715513384,10.8590398075828
5.47510810287775,5.36997796922651,5.29831677713143,5.23039510542989,5.15829316992834,5.11436781985307,5.04031179691856,4.99957548904674,4.91010931877111,4.84274855925111,4.87243686736535,4.86959574001728,4.82434474292686,4.78490348314164,4.82638193215729,4.82311701665829,4.86157949598523
6.54280318329707,6.59511181512352,6.50027623133574,6.40094486805294,6.30209094883049,6.06960940556896,5.93097280089146,5.82611707686609,5.85841985703497,5.74096231789115,5.5989248096031,5.56014146499487,5.53565412216196,5.54307561335746,5.63691924653426,5.66478197662715,5.7308787976748
4.08960837811676,4.02730998031809,3.93263440843549,3.8450083789935,3.75679308403316,3.62427138312396,3.5040822043574,3.39727442647332,3.30823150282819,3.19571603178673,3.11364256844835,3.05597568646395,2.98518852903621,2.93171669496133,2.888719254481,2.8544441667241,2.88410754575791
13.0105519962271,13.1591701522281,13.2413081124007,13.3050085239488,13.3871165007258,13.3712997040661,13.434782041184,13.478661325367,13.6597619234563,13.6405902379344,13.4740119547568,13.4402614122161,13.4382209963724,13.4265216880735,13.4741335876061,13.4962504902683,13.4985507900548
8.1937625106022,8.35165901002494,8.54453127089755,8.65815186154528,8.77022975046636,8.85594807593851,8.89225897249533,8.87751401039767,8.83661113160515,8.80561015927447,8.74061137220624,8.68561867337838,8.61371479469182,8.56922082927282,8.57543471032529,8.50633427226434,8.46893065616027
13.588434260666,13.8890021967673,14.1137346552557,14.2504393980392,14.3501154713963,14.3027577895072,14.3124790235334,14.2461228605411,14.3294668756093,14.0058127448368,13.5866498036153,13.3090613855509,13.0500539417517,12.8005970002753,12.5484623423932,12.3195167877377,12.1050394158989
19.766994866432,19.4466092167985,19.2072332852393,19.0668664657358,18.979475035603,18.9632486281273,19.0314572356182,19.1713507951927,19.2577437866206,19.6490724737626,19.9632369810244,20.2708432485033,20.5531434083546,20.7484925438454,20.859438843719,20.8852843555269,20.9131480411513
23.2237970651032,22.7873897095343,22.599284235318,22.4469973125636,22.2160718881886,22.3874174777869,22.2528129855123,22.2094549629056,21.7125023230413,21.6757747634986,22.0240077095886,22.0783019732102,22.0503246326026,21.9805411854644,21.776052606186,21.5995786533058,21.5134940007391
17.1437229323795,17.1999538479261,17.2317480566617,17.2721446156954,17.2926203349384,17.2525263583333,17.2799643934263,17.2955340421178,17.4215581321252,17.4356148039866,17.2989640846264,17.2888242649087,17.3011710426073,17.2936037570899,17.2576263565192,17.2303261178609,17.1842463882802
25.1126899377757,24.5920781739103,24.2509877404639,23.9471153457121,23.562759872789,23.2974473333045,22.83567803607,22.3453963502752,22.0028565864805,21.8194952621599,21.325343600347,20.9720483348362,20.7622359936511,20.6859534397844,19.8919241697483,19.22810207154,18.6174690210684
14.5217160463887,14.672180312397,14.8836173088224,15.1188282129038,15.0057870345756,14.9624905268106,14.8512620219823,14.7130843042341,14.5521950234779,14.3384585682396,14.3350147985287,14.3568920683023,14.4164260071387,14.4331512791788,14.4413816239238,14.5120618427581,14.6884116073415
19.0185632969163,18.8094902570833,18.6014620889805,18.4197531178704,18.2568411390834,18.1322526066423,17.9517242490946,17.8118413859144,17.5617614480557,17.3843630339126,17.3581862654498,17.2892596767915,17.1896433341528,17.0981204167688,17.1352210716785,17.2533634555515,17.4285903812278
12.3507967551804,12.4071033231741,12.2338372681851,12.1142101128892,11.8032719237,11.5583026222299,11.4205542501161,11.3626074063844,11.3817596176328,11.7516101045095,11.9708016943933,12.2398822441844,12.5423639559135,12.8304491382491,13.1536975090913,13.3839260180741,13.5441158752911
15.9805702680828,15.9592504953952,15.6958797826054,15.4161330118601,15.106525669818,14.5452012812869,14.0881877065427,13.5610171135473,13.2659821363525,12.9884906598211,12.5901661814725,12.3013885740658,12.1206734490022,11.9571606338556,11.7345599339321,11.4841241230023,11.2111684048541
3.72744420952862,3.62564857028178,3.55045324113471,3.47167063883452,3.37007416268573,3.33885806968086,3.26418073791493,3.257666993539,3.20911106444923,3.25345000844594,3.37174439028109,3.47512798491679,3.52322603997142,3.55386470979257,3.65398634183082,3.6934789378484,3.78092439223928
16.9710336929053,16.6932847803122,16.5119480443588,16.3444437211458,16.1658630127015,16.0634806910307,15.8692059990476,15.6836664631104,15.3674923248115,15.4078378069104,15.5401535219769,15.5806478735132,15.6339421046298,15.656708847184,15.7289511860803,15.7931732406014,15.8326829848194
17.785800732755,17.5369116540639,17.2856517606041,17.0722998516514,16.8446674860554,16.7249551507823,16.5636475626652,16.4685463575828,16.2682909455197,16.342141152535,16.5023345054816,16.5827498116898,16.6806549953615,16.7385264629839,16.8807079353798,17.008027501878,17.1193787842782
15.0811967344518,14.9474847277676,14.7141837735476,14.493689445286,14.2140448827975,13.8378417662582,13.5168421236265,13.2039614896426,12.8254050686339,12.4170813090878,12.2235410861339,11.9867151772286,11.7165839164593,11.4376638141018,11.2573435396682,11.0924961936206,11.0017964886844
2.93715832391276,2.91013797170998,2.89359249613236,2.87337399618874,2.85437532672068,2.8615863015215,2.83910065984767,2.86458842355684,2.89657929589228,2.89866984605821,2.89568481779735,2.91089372304913,2.90950837083935,2.88917151587171,2.87151793687123,2.83249779447818,2.83265752059662
15.603728339998,15.8991130756194,16.1776798340637,16.3901693879126,16.5963833776722,16.8252658388912,17.0419311725021,17.2372571031831,17.5375263058766,17.6817385869192,17.5802142686225,17.6135456912556,17.6842669453615,17.7390139031489,17.7963485487844,17.849677948991,17.8482041350363
15.4003520844685,15.7995448497139,15.9717397419291,16.1326213800011,16.2169766567147,16.249451945016,16.3863835068287,16.5097138780294,16.8100836588059,16.9351502185125,16.8348953990256,16.9151286599427,17.0436883607219,17.1256732004043,17.0378681787009,16.9701224555805,16.8993604355778
16.0162057436959,16.0076956363216,16.0114471060789,16.0235289670516,15.9622040975249,15.9358146972498,15.9062589049757,15.8764722638554,15.8227213754367,15.7872619643205,15.7709427941685,15.7525035265444,15.7403830524462,15.6800693012616,15.6114565129468,15.5209844558967,15.4318921957708
17.3429017474506,17.1830265430731,17.0625660314273,16.9807940256276,16.9041593100452,16.9312943548212,16.9407788986034,16.9940549545063,16.9561404495712,17.0407682282455,17.134565087104,17.2115444026125,17.2866099710722,17.3400982645057,17.438248325377,17.5146319379366,17.5719571475833
18.6921524311332,18.6738864361773,18.5940305793327,18.5124998052048,18.4415639342026,18.2375288098432,18.1062588154998,17.95471777071,17.9238319923977,17.6658767630942,17.2728345554319,17.0194959485382,16.7714126618137,16.5357387461838,16.2127875469573,15.9637322190927,15.7451273412405
9.29868883986557,9.26104210385888,9.33542986661977,9.40194767165945,9.44823275079577,9.69020839725648,9.75645237114265,9.844377696767,9.69560031563884,9.70698289428943,9.88037798021126,9.9310608734711,9.94447664727648,9.92153612905165,10.0623109588828,10.1953876865884,10.3049300259088
17.1342702075348,17.1351234458047,17.0240060661158,16.9367546608184,16.7815377385689,16.602111012475,16.4773390843557,16.382495830481,16.3745976895355,16.288985531057,16.1161785908257,16.0543795813728,16.0563388797249,16.0265852695358,15.9363381201865,15.8602913425286,15.8025458818898
14.2948129801602,14.063554071648,13.7872192576675,13.544930506557,13.2623469940291,13.0636757334544,12.8550119351192,12.6975426961016,12.3761950971495,12.4790054387907,12.6929066680364,12.7826415376333,12.8544809280722,12.9322141678564,13.1249224954548,13.2826899528739,13.4039821887964
17.0950702553604,17.1367186513289,17.1630300203756,17.1765825793541,17.2625039220374,17.4194894518207,17.5866475007674,17.7728719462476,17.9919554076243,18.234069132814,18.320487232493,18.4585998890746,18.6039869288799,18.7205592909366,18.8240575477675,18.8589219274491,18.8486248093201
12.4265102704044,12.6714467296098,12.9230771883599,13.1435520857374,13.4582261582271,13.6960216956443,14.0214296599429,14.3215860914486,14.8100605000485,15.0371170624695,14.9283932979759,15.0253406268959,15.1375226945769,15.216033433688,15.2388211070731,15.2305003664269,15.1609145795445
19.0073984525457,18.8606035215795,18.7887161828837,18.7585086830849,18.727562153791,18.87649022929,18.9386855658438,19.0465054958192,19.0464183697434,19.2172733136119,19.3833187155595,19.5032690195739,19.6198671207835,19.6931205179085,19.7574236129301,19.8145330149286,19.8611139743579
19.429801253878,19.0947940837861,18.8023212933561,18.5604051792725,18.2177499771459,17.9608846419163,17.6574657798117,17.4216676244028,17.0846933197886,17.1673570777386,17.3419523955816,17.424036592288,17.5201222782781,17.5343769883002,17.5289954733787,17.4885734160848,17.4739606585416
10.7024742813126,10.8846860651562,10.9183007506306,10.8895800047818,11.0249399023386,11.0283315394153,11.1199842638692,11.1777596122421,11.3783710270693,11.4607945639418,11.2832701060213,11.2262923180671,11.1822742942353,11.1802158103187,11.2008234671171,11.1804666309452,11.0658711156241
11.7659116115088,11.7404535209662,11.6214411989209,11.5019794984602,11.3552593046963,11.0674339110038,10.9152917292441,10.742104553685,10.6983777005238,10.5225406481521,10.2733942413231,10.1498654680146,10.0712576380764,9.9814853998625,9.85675163566606,9.73038000906109,9.63411619269984
12.6931390803598,12.609668144672,12.1704339273424,11.8140522585373,11.1776043615529,10.3644536225415,9.81394581923912,9.41839275499213,9.28018788578016,9.24827887966135,9.15472437758385,9.34216636857499,9.62671415597208,9.89563351547742,10.0980616550038,10.234630569002,10.4150474875522
-0.970284283839622,-0.963795330587617,-0.940326465082999,-0.958209268281497,-0.981545453261818,-1.04529932439435,-1.10493670595484,-1.14303193961416,-1.18809532780777,-1.23068587829972,-1.2251620287942,-1.20737125968475,-1.23543799439916,-1.20620116981336,-1.1553886928159,-1.14017793983031,-1.12365184107338
17.8406440452546,18.0819189859352,18.2846826159749,18.4368477427631,18.6147538321619,18.8107873195203,19.0299632204501,19.2391427388043,19.5448163848625,19.6710337926368,19.5822258682262,19.6294419440469,19.708933656031,19.8013338423118,19.8121404890857,19.8244241576693,19.8465674846841
10.1715370120618,9.9854821495994,9.78098865540588,9.61456548114705,9.37714434752449,9.23220454160512,9.00695423257368,8.83425875942866,8.50292941467095,8.41099949921106,8.49626387547021,8.48980909345153,8.42717612899869,8.37769714263063,8.40628666154356,8.34770028014903,8.3882584906615
18.0210664700326,18.2901158964067,18.4547456777158,18.548313454929,18.6160153906382,18.6108500539668,18.6209086946696,18.583096919483,18.6406004525748,18.4415422107368,18.1367995234149,17.928286737234,17.7365745196102,17.5515995670125,17.3628463718358,17.2129000914018,17.0586379012314
18.4731844593909,18.1556599135397,17.871228666979,17.6127306348172,17.2063739183525,16.8245310599488,16.294287870597,15.7410159790378,14.796728256335,13.8111490758556,13.4702556869001,12.7205359499483,11.7968698157419,10.8957137481235,10.4542907372534,10.1338384105788,10.1014505234542
13.5899084735353,14.6493807378609,15.1056935796544,15.4914771492498,16.0591592911588,15.9936955066812,16.2969820848113,16.5219874389934,17.2100153946483,17.438970087715,17.2464046282477,17.363570900865,17.5489417018519,17.7093955042766,17.7512685339648,17.744000728636,17.7069151106617
15.3594588320788,15.3641041163547,15.454491117716,15.5476922088665,15.644324609611,15.8072983271297,15.9295489879783,16.0478931331155,16.181541124371,16.3708564731562,16.4913403462843,16.61871094596,16.7555255449723,16.8316837985203,16.8897773310771,16.9248872232557,16.9423568030706
17.483984298972,17.4599905285209,17.2371108041481,17.0426392960455,16.810181132511,16.5579061728019,16.426125117125,16.3539693625988,16.4018858138914,16.4673309788034,16.4140164855403,16.4796581243493,16.6120264266978,16.7605537329982,16.982959091369,17.1641199172757,17.2955940907033
16.5135484141459,16.6545633839889,16.8202661192438,16.9376038363217,17.0360733995972,17.1674284284559,17.2356949993406,17.2844331184978,17.2889899969451,17.2603958348101,17.2164638183866,17.175847229717,17.1394069167372,17.0832597505609,16.9825318585728,16.9084355397448,16.8375445838797
15.3317873655785,15.4678948240959,15.5734058006278,15.6799030389766,15.8114953897199,15.9454688741733,16.1054745193453,16.2709402539356,16.5203792677389,16.657497970476,16.5979868716495,16.640999923922,16.7026231040411,16.7416649847883,16.7529827319478,16.7590993602222,16.7456617128238
11.1624786504404,11.2247754224717,11.2848299321129,11.3479057474502,11.3657302851629,11.3574109355736,11.3888973361281,11.4207544574847,11.5661529976585,11.5619851511236,11.396709939567,11.3673608298211,11.3881839509199,11.377366350117,11.3510198449227,11.3063626885587,11.2541742102437
12.9186262698427,13.0558052345001,13.0874601161101,13.1272867959766,13.0235044296444,12.8898884973736,12.7832925684369,12.6583231075038,12.5060982215683,12.2822168516476,12.2014209131593,12.1148510632766,12.064653966846,11.9957699355146,12.0126660413627,12.0475476940654,12.1405175481649
10.5176757474169,12.8261042006491,13.8224438270511,14.4066564154221,15.734268324155,16.2712059622128,16.9663103268072,17.4148114027307,18.1953034343414,18.4441933144151,18.1722384215936,18.168526956061,18.1885616787349,18.2324620661058,17.9578866087584,17.7606381665957,17.4622857251731
15.8492712454279,15.7932890289699,15.5555090751333,15.4283431574429,15.3339114127561,15.098628869502,15.1685631161505,15.3241594815109,15.8719772781754,16.2891569169435,16.3047944525162,16.5659416993906,16.8352110802063,17.0376469119807,17.0372842489196,16.9910741306362,16.9247460811055
14.808178871487,14.7302918450203,14.5729890924933,14.4386294966631,14.2903353543715,14.1110845039017,14.001989099605,13.9164329896732,13.932749604743,13.9980548909237,13.9626486306857,13.9996846566568,14.0706398320298,14.1182989390301,14.2073414511449,14.2831237711187,14.3341810428755
3.12663253663593,3.02849283304513,2.84235341136301,2.65894041145679,2.43117463932096,2.16543297731445,1.91384755740093,1.69619525097003,1.44643670469154,1.19945623033819,0.994386911136122,0.771919987074984,0.537236524453477,0.42686349090253,0.434977093381423,0.35518003713379,0.253939856505699
16.7541047913216,16.5963183926591,16.3604024667644,16.1275907374945,15.9324407492476,15.6973165897657,15.5824665322291,15.5177526137998,15.5306655029318,15.6327118263896,15.5708922507515,15.5843235372407,15.6140074764449,15.6347980418136,15.6900129993538,15.6555764870818,15.5741581852744
17.6709530368004,17.7038478354076,17.7527981605871,17.7313920260106,17.728893436041,17.7803822953358,17.7460010782484,17.720363473285,17.6501244350867,17.5712567311643,17.4770834248085,17.3584777568303,17.2320817933591,17.0921248441764,16.8961707886732,16.7511488895041,16.5921922923318
3.26712761599343,3.27294045833506,3.30523822603513,3.34295716445434,3.4388194852965,3.50671504218467,3.56239491906626,3.61875190227301,3.69142790468964,3.7805172793607,3.85464800592081,3.92987050137547,3.99391962643061,4.02242359770404,4.09276607786092,4.09144797288156,4.14589637245888
18.5200195855342,18.5285004748485,18.5277475739784,18.4991941057347,18.4185181089175,18.3694709589552,18.2601600943521,18.1243291695272,17.9738157345636,17.6498001537124,17.3130999508513,16.9653930978579,16.587489738823,16.1900183260174,15.6625128799411,15.1891575330239,14.7716311168461
19.5692323213388,19.4578373667088,19.3450175904285,19.2691728633576,19.0540480504429,18.9583557583393,18.8123780248658,18.7160425008404,18.5586211274334,18.4656427905616,18.4864118734404,18.4877353671122,18.5157229199512,18.5191467423694,18.4420863839198,18.3744848630967,18.3526101663307
14.3175383492303,14.367390528993,14.1764355723364,14.0072080553466,13.6607687594454,13.2672420252577,13.0064378218491,12.7844064629374,12.6838690947978,12.7649169480323,12.8134035473658,12.9447184310796,13.1536314144622,13.3358658484871,13.6129452804248,13.8043348965288,13.9444093303807
11.8525239183944,12.5957945814668,13.370686141321,13.9477634542513,14.5028155899812,14.8975077195017,15.2453178949983,15.4825803036387,15.8271122006668,16.0085041850134,15.9907478987525,16.1109768613584,16.2446986813397,16.3281613928477,16.3535616653826,16.3583802062011,16.3356197826922
18.6374439446133,18.7343828553604,19.0011389413816,19.1446905851516,19.2924695089654,19.47829347021,19.5961934170928,19.668595409024,19.5965573720695,19.6259278495112,19.6674288854464,19.6972427034799,19.7170141777676,19.6998191932149,19.6427122148676,19.5441156308758,19.4309916965866
18.060709465113,17.9501399363459,17.8027806393221,17.6756352711554,17.531568041612,17.4035678268007,17.2880958017537,17.2030832483476,17.1482744093848,17.0560487628671,16.9257987178061,16.8447284210654,16.7855439510247,16.7319834315866,16.688988984068,16.6672177403101,16.6388093203301
19.3556535329423,19.143115178845,18.9261518587699,18.7420107694168,18.5752654665291,18.398032772657,18.2485739881857,18.151120604021,18.0789151827135,17.9844559483436,17.8301058543122,17.7492001890036,17.660203196068,17.5837594741809,17.5374133435887,17.50753786252,17.4719219040008
17.4157159755658,17.4342985414601,17.4906111421842,17.5250528364375,17.5864096079345,17.6455555285213,17.664084266833,17.6772763785337,17.7450188128037,17.7053421756496,17.5499181093613,17.4688952253976,17.3847695776004,17.2778778186193,17.0840842379568,16.9127202857619,16.7755673827524
10.9342615508284,10.9847452451719,11.4164913165541,11.7198401370071,12.2634982080998,12.6879770913649,12.960723284227,13.137286058541,13.2284245011988,13.172466329067,13.0849007660557,12.9918361232338,12.8881788833547,12.7981313176672,12.9475223814728,13.0842576667057,13.1415033194747
5.18454454657786,5.15818033808573,5.11870239055364,5.07037884480188,5.06931225432433,5.0393552038133,4.98402990156896,4.89548198892942,4.75815898651259,4.64912019283668,4.59826339867787,4.51189017714604,4.37962829173106,4.30325671960852,4.29998262751652,4.32681959699141,4.43014428980732
14.5876519501431,14.5742992739477,14.5309359639736,14.4884352340318,14.3787601127396,14.2075367089406,14.0634579122826,13.9165790308174,13.9023343557175,13.8530628176154,13.7363473313184,13.7087587855107,13.7080386700351,13.6777774010344,13.6093950685841,13.514473444649,13.430027098993
18.2489823816266,18.2644106740541,18.4030837114579,18.553527325743,18.7641471641625,19.0191230789088,19.2726648451915,19.5052864567878,19.6396243842434,19.8953670721618,20.0834619235166,20.2949746006657,20.490896790896,20.6276930499986,20.6750804150166,20.6712211097672,20.6668286660733
15.4988768547914,15.6647750080632,15.7323780722733,15.7551514372173,15.8600764974687,15.7061728872802,15.6283559338257,15.4779693324297,15.6116885199726,15.4106757963464,14.9513782407856,14.7730533448804,14.6703418357452,14.6415601366521,14.5815301892454,14.642807885804,14.7291578736378
11.928581728439,11.9519819667418,11.758649203899,11.5249458414431,11.3337471483403,10.9111827026644,10.6470124707187,10.3381805191401,10.1085925986242,9.62408720399438,9.20796761245338,8.84029570874515,8.44701464884005,8.10547305361553,7.89274544389503,7.7135908877317,7.69295029769994
9.19747314219147,9.42454838858515,9.66967618325241,9.9204414440442,10.1518503576941,10.4062848663907,10.633078357113,10.810335039656,11.0498869771498,11.2556370902387,11.3647802361219,11.499086598064,11.656485784525,11.774262047331,11.9768859062116,12.1207460839945,12.1915881456519
13.1616151937316,13.5338099650483,13.6820440234497,13.6716793871253,13.8636485277663,13.886129728018,13.9621163193075,13.9990756774975,14.1843862673255,14.0056410590425,13.6228404644858,13.4073228386365,13.2268442579041,13.142839231967,13.3261295156764,13.5300156475979,13.6497753453319
7.24071623156182,7.29111887554364,7.36784573187791,7.41242513800895,7.56475351816639,7.76997255345493,7.9686910144732,8.19184322863025,8.37736145728478,8.55002937209405,8.56150913864142,8.58683488288782,8.57066810028489,8.54972833597588,8.61017235512017,8.56961955872866,8.58134346510521
11.3523642811838,11.3464794334607,11.3135767454282,11.3075598216939,11.3144479456287,11.2776110243814,11.3081782406519,11.3518330957457,11.4301296015471,11.4580965323228,11.4230365741909,11.453238929232,11.5054445346015,11.5430994377603,11.6818553441659,11.7870017968214,11.857424451401
9.66628204808279,9.49159564041538,9.26118360839685,9.10714103797034,8.90832540860285,8.88548681105124,8.84796277555899,8.91721856283228,8.95233493394614,9.39651494303104,9.70175375942669,9.91270509668649,10.1674360191608,10.3917020127649,10.6447292154983,10.827007033645,10.9393870807329
11.0193531728902,11.3825458840982,11.7644280584124,12.0701775676123,12.3906539615976,12.5217865364038,12.693060961493,12.7870332938744,12.9974786714563,12.8824542196487,12.6982891160517,12.6287726016194,12.5853627283386,12.5238990141661,12.5677978276402,12.6053258574106,12.6398052630926
10.5619948544994,10.5300358781068,10.6081922508601,10.6717263123219,10.7786482372889,10.9195998765138,11.043010106315,11.1271204976697,11.1632593600998,11.268886016645,11.3512173037388,11.4044189647228,11.4630364291315,11.4979532763274,11.6170928149893,11.679486752252,11.7017476394988
11.9462427125631,11.8552261621345,11.7720464499382,11.7391768023632,11.6901487424899,11.5747241627457,11.4956201364214,11.4258967189977,11.4231662309532,11.319526654297,11.182584714031,11.1365890437133,11.0856472827782,11.0299782941493,10.9414336545095,10.8899187475457,10.8870115766341
13.5822987488296,13.7501836195489,13.8971286521644,14.0355689678094,14.1581752052807,14.1597577962831,14.2340068762812,14.2708570822689,14.4629932083627,14.4315679049928,14.2213345810007,14.1463017064641,14.096343035028,14.0251965573609,13.9636336521441,13.8422983299306,13.6906965198886
15.9700643890975,15.8394979143699,15.5930542480603,15.3894181780837,15.2031698416172,14.9212044153492,14.7437047511752,14.615307308842,14.5876204720307,14.6138425476187,14.5072315837967,14.5171947956507,14.5404439868346,14.5417714325738,14.5759362567543,14.6079889784164,14.6230708683133
18.6611681184866,18.5801589164161,18.4466750696657,18.3459833431987,18.1803367810971,18.0948952771569,17.9953725268837,17.9342938715641,17.8807920147872,18.0185561834656,18.1731206778032,18.3011130492659,18.4533120022732,18.5557323600919,18.6173243806508,18.6552350938332,18.6882151415252
20.1384574646704,20.1283503694164,20.1688112126609,20.2222827296744,20.2373688655357,20.2428401725024,20.2352590977816,20.2342743970609,20.1868532625111,20.179577683364,20.1938752246678,20.2143954903917,20.2281125183255,20.191854955452,20.0568190265745,19.9398131265656,19.8473779071659
11.3895394354764,11.3501903785763,11.2380918222293,11.1068167573502,10.8946214412896,10.6080035015607,10.4167222281726,10.1969912981832,10.0041712757949,9.82686810538612,9.75288976801263,9.68052375455106,9.64881286012761,9.59937671886941,9.60924940942144,9.59598334376783,9.60535988395164
14.2013167484573,14.4782646873458,14.274940122219,14.1800145631939,14.6972342035149,14.9459316171883,15.5236797234546,16.0847943939333,17.0007256145287,17.6010250321265,17.6312897234313,17.9041148134709,18.2011756510548,18.4486997813686,18.5996069322351,18.7134183167625,18.7656063587073
24.0984951540074,23.1054374711991,22.8736889791492,22.7289244351116,22.3985392781931,23.0390502994439,22.8961918032391,22.9315612934217,21.7908308276121,21.8666896379768,22.99540427014,23.3115394838415,23.3726749513079,23.3168111176078,22.8658284650635,22.52805453566,22.4501444687401
17.5570326789416,17.5210637587542,17.6868315692251,17.8111609586183,17.9499514311173,18.2500954346668,18.3789620641096,18.5063912726268,18.4256320442363,18.5325090781126,18.7677304704662,18.8955850209964,18.9865604059686,19.0253258623921,19.057826568087,19.1209847693076,19.1701644151319
16.2920723655385,16.4464634150287,16.4092374192841,16.3753018320694,16.2517412043413,16.0572742886893,16.0097329527804,15.9493166628825,16.0618959656527,16.0327014261963,15.8520895003808,15.8654857192153,15.9355858088942,16.0245868805832,16.1601886317166,16.2610743604448,16.3262492030216
14.7352699296434,14.5714863469807,14.2160877326794,13.904853374851,13.5132925297484,13.1526370642395,12.9295754238095,12.8306580852055,12.8010710930611,13.0124343466192,13.0972096354571,13.2408936846643,13.4203912767458,13.579501881009,13.821354157361,14.0034253945627,14.1279195063004
13.8089286950524,13.725357013978,13.3953699419257,13.1088870186601,12.8538101639194,12.468669818754,12.316426488787,12.266746704079,12.4442161629905,12.5827785771827,12.4295963232865,12.490174408727,12.6018152082927,12.7199799979185,12.8688719871125,12.9801652646293,13.0314524188357
17.5271118753464,17.3907647351251,17.2735389337401,17.1459345492002,17.0162657196228,16.9833057672253,16.8899068249034,16.8397313105892,16.731464164833,16.7308747333751,16.7775629069142,16.7698590387185,16.7534915384083,16.6997904248464,16.6638152925072,16.6487420885372,16.6304813803411
9.99536400300433,9.98894755649961,10.07443674668,10.1017292264471,10.101893154734,10.0945961545775,10.0402025088629,10.0011967735255,9.90599717246551,9.76187229870967,9.67519366891749,9.62132015358869,9.50193307349479,9.38569765783661,9.31952708289175,9.18963284148976,9.17870435525378
18.6703752547093,18.353194090794,18.1294120949651,17.9322213648084,17.6564387370774,17.5097111805647,17.2569992038401,17.0193785506389,16.6268772666718,16.2825769349423,16.0760964309293,15.8120154302255,15.5053977156295,15.2333751429391,14.9629487853292,14.7705836237149,14.6694240801775
3.93478146326573,4.67885448920208,5.42796340066751,5.92471789463945,6.56543103716453,7.10908239329124,7.61911765039182,8.08237876713482,8.44681738287628,8.87387712334179,9.20879296605355,9.4851014758021,9.70299832492343,9.86027026869477,10.1554333459709,10.2905334988133,10.4032377170716
14.7840756538298,14.9009775791765,15.0508294345899,15.1407752377131,15.1877805712378,15.2626174155534,15.3086075806749,15.3227074402379,15.3375213024363,15.2652706720469,15.1654409079546,15.0757353214318,14.9902349894272,14.8773144629125,14.7740823295932,14.6503660784043,14.4960277462382
19.6795375050151,19.424232177814,19.0966041800587,18.7637634928705,18.4155317837856,18.0162617364693,17.6460452704279,17.2926740815067,16.9898625070408,16.5702034512158,15.9394689434574,15.3222688470778,14.5718734610529,13.7709242505112,12.2805961203337,10.2952328367619,6.6302537915235
12.2433772793574,12.5163975708725,12.8313298730283,13.0905168884203,13.3605144598938,13.509614152981,13.7008093333349,13.8044840531007,14.0951214919258,14.1837843323069,14.0446376262277,14.0428868441766,14.0753663450611,14.0747699983886,14.0663517470076,14.0232424654156,13.9525095912067
13.4759331554769,13.6065820390921,13.8036090129849,13.9739109028663,14.2293842782771,14.3215043875597,14.4381750410143,14.4969085354564,14.6272267915481,14.5758933338574,14.4449302826258,14.4111463764906,14.3936506558697,14.3506139315628,14.4465309108555,14.5483765315245,14.6368619057129
6.0168196422245,6.03447737101906,6.07812252825313,6.1300455538499,6.17445386468054,6.17749869647101,6.17116788820007,6.14008204698736,6.17677792635815,6.11919381259922,6.05184608611246,6.01018284953658,5.92571479720806,5.85435044548976,5.72654317204512,5.55749973499917,5.44167743631406
7.24029988946215,7.29844374359569,7.36430109592184,7.4263237879631,7.35021178899723,7.25163950179072,7.14375511454937,7.01543123928968,6.82245374544321,6.34932894023944,6.05303703823282,5.75502846280174,5.399799881097,5.00984527060044,4.48812939694249,3.74766754767098,2.92007882939494
20.393899681598,20.5082373188628,20.6749243872535,20.8032005308354,20.925286177436,21.2892695074089,21.4049642677448,21.5748179232581,21.3236279706795,21.468024859535,21.9316618529085,22.1211815657195,22.2049115012517,22.2186035430286,22.023466312215,21.8238149864246,21.6962284679945
11.3016438921277,11.7403913623117,12.1736579845218,12.4750645369581,12.8556288753479,13.0470947463935,13.276714972466,13.390399792587,13.680991638684,13.6316876079847,13.3989315815423,13.2968308436646,13.2305479311726,13.1539016235401,13.0923445478531,13.0387674867355,12.9364040456379
21.8775299554123,21.2349432631708,20.8844755496836,20.6028672858707,20.245804916982,20.2640506255452,20.0113703583023,19.8965392829355,19.4451262893321,19.4595073409003,19.7682933748837,19.8623106045037,19.8936035962727,19.8795239406126,19.7072121266281,19.6137249061346,19.6113305713546
9.9162189851954,11.2621883341729,12.0667230546117,12.5148185451437,13.4580076347201,13.8459975456875,14.4034145698446,14.7499171970826,15.6699934543714,15.9433043569629,15.453735500002,15.3953353484391,15.4288705493671,15.4942440564351,15.2676388688651,15.0965075492811,14.7895607301582
12.2960654869047,12.3031679935069,12.2188403444684,12.1067784784826,11.9356998604035,11.6808673971932,11.4675507851756,11.2179552812882,10.9473506861548,10.568704869987,10.3403991474594,10.0720076791969,9.79666358523392,9.55040328915644,9.27409924401171,9.05254391834728,8.91028232487958
12.6386885140334,12.7901037659521,12.9433587939679,13.0763207997046,13.1737628163584,13.233733390726,13.2840542025867,13.3140443714294,13.4265458113495,13.4996171537613,13.4723811506425,13.5203274199686,13.5822090333614,13.6090396872043,13.6861237528495,13.7586949178725,13.8089006167135
14.1572449846709,14.010069626977,13.7169346524856,13.4872744974852,13.2212373468098,12.8779590339788,12.6454945915433,12.489278158034,12.411705259181,12.446769117801,12.3926385138591,12.4311069483485,12.4834587670928,12.5253140722188,12.5350025550895,12.5299308708421,12.5188042924451
19.2096396194486,19.0321880533955,18.8653661468083,18.7195251469127,18.5184543880608,18.3913977139271,18.2507104295244,18.1528063459225,18.0908223795809,17.9769425027469,17.77178719698,17.6247646388314,17.4858109041684,17.3622205071662,17.0344737414838,16.7412715922474,16.4370499362582
11.6586435020242,11.4929272939472,11.2846682960178,11.0743838504876,10.7740679571255,10.5503663036935,10.2971836635409,10.0490230066971,9.46802070336226,8.85322327495021,8.59985321320453,8.21840728978725,7.70835030660279,7.34711911962993,7.35006302256023,7.55076520731468,7.94393608534058
10.5369426554844,10.4383139489832,10.2459406894363,10.0319584107672,9.86249022980408,9.74679352516765,9.74696376158605,9.81524067281602,9.96411011319836,10.2370699659566,10.238987115876,10.3305947394792,10.4455696189677,10.5695951911399,10.740498212965,10.811804890229,10.7688118756652
19.0023275761459,18.8657447179914,18.6622368911025,18.447113750142,18.1725658725659,17.8525179310945,17.5174584115351,17.1570800971622,16.6768637406833,16.0818479937068,15.7036247386873,15.2168702132211,14.6982792885318,14.2322481750251,14.0547950345566,13.9592160706763,13.939765753107
19.0445116386178,18.7910748489876,18.6199053624201,18.5027510248624,18.3300455028301,18.3090574321335,18.1847801195021,18.1259742936187,17.8922544108219,17.8920729405995,18.0430593243218,18.1071503522013,18.1769442478605,18.1853248722195,18.1462069806256,18.12409039995,18.145785677505
13.1410081588321,13.9232546662812,14.5784005176491,15.0103382248933,15.4538313845264,15.696188170915,15.9612104916931,16.1078136192259,16.457562297376,16.3657848074589,16.002874753834,15.8419725524456,15.7222716102499,15.6124194094853,15.4153540494213,15.2745727402775,15.1034483402669
13.0798069723193,13.0091158397739,12.8457707851398,12.6844585119824,12.4578068048873,12.1580202883982,11.9087832613763,11.640050366639,11.272927646997,11.0367789027642,11.0160520919552,10.9183491367666,10.834920473846,10.786618609781,10.7646124144873,10.7488105632093,10.7655741094967
21.4692178489197,21.0929832917425,20.9076642143276,20.7738192921631,20.5048023047524,20.5222435900371,20.326868379897,20.2028665515539,19.7685597409044,19.6135638309418,19.7702595201971,19.736915956987,19.6853763379739,19.601157344939,19.5080306415332,19.4210642914997,19.4107896777587
21.7081440905089,21.2140672968394,20.9173217803148,20.6775985941748,20.324552012602,20.2630341399668,19.9734018402514,19.7585980797763,19.2234374645733,19.109404398733,19.3667097169569,19.3778579979421,19.3735331106808,19.3414811070794,19.3187832889282,19.2981432230982,19.330189041596
16.9345712291833,16.7864050508243,16.6744912666737,16.59233735328,16.4906905106738,16.4497499525286,16.3951480154228,16.3925838418187,16.3307744935217,16.5039762545833,16.671588677767,16.8469754938162,17.02425141522,17.160481504511,17.3085714704873,17.3954093580429,17.4576853650698
16.2998109378097,16.2716713476766,16.1671982022148,16.1049175746437,15.9806900388617,15.8076617922433,15.7417434928641,15.7306329189299,15.817144752267,15.8812710521275,15.8450074175567,15.9223375792986,16.0397789703553,16.1278980212934,16.1980369265064,16.2179972770042,16.1986423503818
15.434406616792,15.260578371596,15.003840457556,14.7649417343995,14.4800171691577,14.310272924719,14.1161580642821,13.9894316743642,13.6400253385388,13.8778878416097,14.2431679574813,14.4263990671652,14.6103927623869,14.7638141316314,15.1323213395186,15.3826404829004,15.5676465610906
2.08938480821274,2.19289648218376,2.29592842299558,2.38262198489294,2.48137357265319,2.55572667317813,2.64638589710748,2.73411187750744,2.81092766756679,2.79732371270357,2.76368739725541,2.7759135994828,2.75379072266399,2.72297749597596,2.71139517927044,2.67009752662543,2.67014705853528
17.7020245531885,17.5431329734353,17.4050523746508,17.2784679182003,17.1756166026747,17.0892857766566,16.9758871419111,16.8687331089609,16.7066252404457,16.6860755890758,16.7195088799555,16.7007098175439,16.6779692724501,16.6288497972269,16.643265491098,16.642282692737,16.6285482733409
23.9416382054876,23.3169744797311,22.9842489092321,22.7218572605904,22.4279659830582,22.5331089650444,22.3319311265619,22.2410176052143,21.7480922877532,21.8290685693758,22.2099724018499,22.3166024137683,22.3893771223691,22.4197054527471,22.3652093118908,22.2971407148673,22.2728339839878
10.9587547054291,10.7536099584731,10.5657199004966,10.3851547176164,10.1223689846875,9.94143900912148,9.6492463272005,9.38653176761547,8.97655507223351,8.67858223671414,8.69326864188966,8.59591423989258,8.44746918826399,8.29410798152253,8.27265733192526,8.23688575012802,8.3359686499336
21.8382025220214,21.4361169454232,21.2381770717669,21.0861111921319,20.8808128049839,20.9866113261031,20.8713418163615,20.8337401796745,20.5067798513289,20.478735883476,20.6339135480698,20.6126446776081,20.5429755465001,20.4516379191051,20.1640219334144,19.9372478474693,19.7579372575865
14.7993914554385,15.4936370874747,15.8276567424734,16.1131738303071,16.4103722986784,16.391076438655,16.5901308584579,16.735940795878,17.2531216656037,17.4739826999658,17.34226819133,17.4635981649618,17.6480100368147,17.8182205380743,17.8476583761692,17.8522277698403,17.8366611678862
16.8101906836615,16.6719410682556,16.6618309452191,16.6678939744875,16.7163914153899,16.7123726799586,16.7765164101943,16.8387971295222,16.9888677362948,17.0318907756211,16.927463450424,16.9247226943965,16.9222172501385,16.879888688023,16.7480391308267,16.6349976034436,16.4961764798844
16.0487784466726,16.0117475279732,15.6635872752249,15.3264700897624,14.8403053176983,13.9822208581611,13.2863173528177,12.5433810128982,11.8600161100025,10.7431174371738,9.8555175464353,9.11458064935451,8.45198449235431,7.99438965045787,8.13005002724988,8.05397082525495,8.21405345727769
12.478025170326,12.7006068623119,12.8576371698794,12.9906899700897,13.1598345896579,13.1850584848244,13.2670826962834,13.3106524738723,13.4702101923094,13.3007208103457,13.0056691732137,12.8839233647095,12.773315347092,12.7256260948654,12.7421257616102,12.8192423430254,12.9001527845547
16.6287801543808,16.7758325693349,16.8998898906052,16.9661405367789,17.00372515848,17.0001967036107,16.9589921754886,16.8895808122592,16.8470288575498,16.7616415278342,16.6836205234142,16.5956937959444,16.5455807187216,16.4664232449589,16.4147121560433,16.3495169213535,16.2935842081862
17.6267917693202,17.4192842911514,17.2777187933152,17.1758688529652,17.0325903710712,16.9444749506116,16.8161027877582,16.7347929108719,16.5725415158178,16.5531009554585,16.6532812472432,16.6936952264581,16.7121760558235,16.7008201621001,16.6973997301218,16.6960709287264,16.6863100868888
2.67511215132878,2.76920110425034,2.86870788417324,2.97518664177351,3.04058072075345,3.16968691346686,3.3050453885044,3.4572686968158,3.66906055638496,3.7789085862916,3.76268970367636,3.81502983674412,3.85782207104008,3.89238525036439,3.94752768255812,3.96252534095732,4.03498936019414
16.1266210092985,16.0869495780449,15.9749173961131,15.8462151070634,15.7258678888632,15.5878620497712,15.4625903745448,15.3356984214934,15.1989112695984,15.1384349344439,15.1040929849835,15.0585592633085,15.0495617505886,15.0429082638539,15.1810451624561,15.2941743685084,15.3709873343274
13.3611629555673,13.6904400708983,13.8836666410651,14.0417130770114,14.2065232542227,14.1209756395085,14.2307507191025,14.3497385956455,14.5474833726825,14.47279791528,14.3908968886259,14.401374937882,14.4442012952073,14.4274020797237,14.6217310854617,14.6614166949202,14.6513940735697
16.8412705183307,17.5167750363266,17.8184381540175,18.0276056106075,17.9834187726689,17.8757924274401,17.8725670368678,17.8206243617612,17.9703979729418,17.8058712764689,17.4445453167671,17.2620251149829,17.1608800807469,17.0181199696962,16.5801397547325,16.042728701071,15.4423496396297
11.1152079371255,11.1013382233544,11.1215229277813,11.1646624105525,11.269461874117,11.3007610229693,11.37967839022,11.4432323909163,11.5776134512772,11.54364172255,11.411206497521,11.3318961877016,11.3033734080397,11.249514303048,11.195060287755,11.1269995371307,11.0422178954705
9.78436148656815,9.75387041596802,9.75515594784847,9.76356072830894,9.8037131409802,9.8109245105452,9.79903333788566,9.80905712946101,9.83018385354887,9.82662278535503,9.88315323139021,9.95913787180005,9.99517799454462,10.0276020532649,10.1387616814619,10.1726631105524,10.2865176770375
8.62068708949572,8.560144371327,8.66826296137257,8.78725611933718,8.9002280301859,9.16657935216547,9.29163888757867,9.45469443460761,9.63710372030322,9.96673948629011,10.121810307081,10.2997001101857,10.4855933281829,10.6186911636385,10.7963623560352,10.9041272732337,10.9436550376058
9.28384497623293,9.06769454337751,8.85246267967938,8.61762993222962,8.39133792881703,8.22269792613185,8.02690092886112,7.93112941430387,7.79098905628574,7.81438600312797,7.85987046295551,7.9307073111685,8.0016920461309,8.14926490921788,8.43164477121165,8.67361319410902,8.96092063937814
22.3854026376284,21.6778519779103,21.3234890757096,21.0533182119434,20.7402731997188,20.8595140381085,20.6665547182239,20.6080832625936,20.0821724093173,20.1458034590754,20.5691941095662,20.6911593972996,20.7330847636784,20.7384727492212,20.5910270160797,20.4790573075906,20.4411536181994
14.6972277209432,14.844576336592,14.9655106443124,15.1584183216475,15.2433110272077,15.2940351617819,15.4410298547943,15.5879285094777,15.9355619769071,16.1081950386532,16.0337082812957,16.1315744758546,16.2494651132646,16.3110783414024,16.268114677044,16.1916395696439,16.1133705510164
8.41562008958304,8.72623101002599,9.3101411909368,9.81743925985885,10.3440260521333,10.9380395455495,11.3774097995612,11.720291490176,12.071780883855,12.2581752147557,12.2740795970089,12.3514252975826,12.4301476636545,12.4629509104652,12.5854080429695,12.6704064089943,12.6901989147408
10.414733344673,10.3708825670046,10.1688178217034,9.91746261343061,9.66110599019548,9.21977780704335,8.91582123173287,8.56063189992382,8.11440509335732,7.76429164389607,7.60433248019188,7.33561796412783,7.01878482577675,6.7072204393143,6.44853641670436,6.02623147660364,5.60976181537818
17.1681146402503,17.158721285058,17.1527962774381,17.1185515322415,17.0656706257836,16.9851460191365,16.8822869520236,16.7513019907057,16.6188194420163,16.3157018109504,16.0219314378995,15.7032018557997,15.3730356471817,14.9926662343766,14.5440616099302,14.1080971331694,13.6638223306028
2.35058880996101,2.38471157434029,2.42964464868873,2.45851259911332,2.47193608160521,2.47999821465412,2.49330334616604,2.49805612028397,2.52315330160296,2.53634327932004,2.5421362687097,2.55451124141715,2.56758507119357,2.59692295531825,2.65999199809742,2.668611481956,2.67468521723502
11.9269759183362,11.7595778105671,11.8039320380852,11.8647539886902,12.3920285223711,12.9495312933851,13.4298762794156,13.8423320519486,14.5379214822526,15.020570853174,14.8837545596154,15.0129877232989,15.1565989270876,15.2967678880056,15.2993525209351,15.3364017876639,15.2933746949082
20.2563214630344,19.8864844604234,19.6920401247406,19.5393520711189,19.3451017481393,19.3449474611951,19.2299614637852,19.1920343598339,18.9610467560343,18.9738446364591,19.1170622130498,19.1602740531529,19.2090809859457,19.186995861189,19.1027964895675,19.0345512012649,19.0017120945108
9.49882695646705,9.23419396688415,9.2883331462506,9.47210788080711,9.6522389430566,10.1939405429046,10.5892780681373,10.9823715205944,11.4251406254256,11.7667335049365,11.7930707922884,11.9704019161397,12.1091023072764,12.2308127934052,12.3071936263945,12.4004699216335,12.4566416535128
13.4353556127683,13.3466921598989,13.2013217098962,13.0291726327606,12.9703125483693,12.8168897229332,12.7144465993177,12.5948619004187,12.4874715387477,12.44552334802,12.3440885714119,12.2532737453069,12.1697113567679,12.0844045510413,12.1483818461497,12.1874835447824,12.175607919619
13.1852660438559,13.1829394035108,12.9529210430849,12.7219329871004,12.421497365271,12.0207735806716,11.7357552972896,11.4913241054117,11.2926483433992,11.2592245315939,11.2627349924277,11.2817502762081,11.3438071231137,11.4129646249072,11.6211029417622,11.7714192115753,11.8904355504664
13.1859177831264,13.5604690224562,13.953652183492,14.2803203175087,14.6774257227756,14.9170763224134,15.2374326575041,15.474295629625,15.8682402475947,15.9490294103609,15.7703827995088,15.7598808345109,15.7713419556743,15.7500758316001,15.677424882768,15.5823446604614,15.4465878025953
11.882286330962,12.2405923965591,12.5760491496937,12.818963334798,13.0684640663801,13.1921691719188,13.3751369783862,13.4827955994355,13.7658716549515,13.7764271174068,13.5553754852381,13.4886964385881,13.4615692295547,13.4093904138603,13.324709424105,13.1977332710839,13.0178332236132
9.15570020692181,9.6014140697916,10.1528200450205,10.5568744263627,11.044356481338,11.358863123232,11.6509447245751,11.8358911311188,12.258051812588,12.2889768968087,12.0151320099067,11.9496065763175,11.9059674839712,11.8578888532789,11.7688876060365,11.6849758700194,11.5655036263926
18.4035485199304,18.5150526993832,18.3056519586377,18.0865559891734,17.8343566658761,17.3470853785839,17.0843751650156,16.8292116085007,17.0138189358315,17.0946208669076,16.8487909671087,16.8104787496075,16.9040101233644,16.9497474022414,16.8756711675479,16.6542241404684,16.3155879290863
14.0257023569626,13.6758656597548,13.2685913244269,12.795738059328,12.5477152187807,12.3033202682445,11.9258872574142,11.5180898070834,10.870335895949,10.4974338179113,10.2061874135451,9.85465676081794,9.28312683256737,8.94814070779223,8.77186312387136,9.02911453461585,9.34812739542953
10.1102471866016,10.0406577010824,9.92752289298592,9.87899364837754,9.85801187406096,9.96122067689515,10.0879512602954,10.2783908313879,10.519924252751,10.8871243008104,11.0068410588489,11.1918961575574,11.3932508224107,11.5672021331471,11.7709687193152,11.9428448413196,12.058254852708
17.4565570615635,17.5033934134726,17.4734101582151,17.4173010286523,17.3359512226999,17.2555568735689,17.1945707558531,17.1194299665208,17.0640560678535,16.8399612642284,16.5162735911197,16.237418482078,15.9573727686724,15.6884734741087,15.3796939138809,15.0753058507813,14.7281722282849
19.206139541849,19.0607304528541,18.7929091379554,18.6502816773036,18.3481251330407,17.935206219361,17.7930287024935,17.8208526042829,18.0893223779677,18.1364455425893,17.9470023903495,18.0355089420462,18.1798664958881,18.2826554091754,18.284690847822,18.1779909985093,18.0730591426572
17.9403820401837,17.8114039068282,17.544747941122,17.2916852430587,16.977895298293,16.6244486032027,16.3096521922586,16.0720409791434,15.6945415986859,15.4271648034259,15.3720771494461,15.2542743821731,15.1466637226493,15.0675465575379,15.24977852947,15.4218453886758,15.5916878625397
16.3600924397234,16.4254072985349,16.272558677336,16.1645798672755,15.8479653021216,15.4625164099256,15.238103169474,15.0776165133985,15.1349303743644,14.8382140402696,14.425085763449,14.2710607599976,14.2005859342509,14.1836135861771,14.1430780890748,14.1439802654559,14.1709671551958
15.303822529993,15.1818996729669,14.9853817346748,14.8131786961337,14.5989993382469,14.387489638421,14.1889475900014,14.0194039065138,13.8048058638343,13.7227597590933,13.7383855888484,13.6887905594417,13.6157029508226,13.5491524326659,13.6052115586995,13.5329531681484,13.4323918672981
10.5807349059126,10.5410457195566,10.5061944727302,10.4691845653626,10.4613525165129,10.4009305943019,10.3762154599922,10.3340446830156,10.351065227649,10.3155240881422,10.2151389783049,10.1601533616722,10.1044400470588,10.0316066499443,9.94770669138679,9.85849449724977,9.75910179519415
9.78594029101868,9.92353425917056,10.1436546422206,10.3232480765195,10.5656142968213,10.7189170465858,10.8678734514121,10.9425624767806,11.1070850598265,11.0605069856275,10.8723296948199,10.7726792874853,10.6782787541257,10.5683923727201,10.4613034936318,10.3548874362761,10.2124248016357
14.4763654138286,14.3779267988253,14.2116910750706,14.041379187602,13.7896215927197,13.4785602849413,13.1967549631627,12.9099912376746,12.5206847946888,12.2331020459676,12.2038081116876,12.0597072679392,11.9245558681735,11.7606377227239,11.7608704745374,11.708406031522,11.6757839419021
18.1940565599687,18.0332139924495,17.8432349345875,17.6563167200331,17.4088356601783,17.1836427421454,16.9848181589847,16.8555447696788,16.7057168258528,16.5592041047961,16.4279302251597,16.3232407870425,16.2423391669194,16.1544359626336,16.1359228877051,16.0875150995727,16.0123431347826
20.8005504854775,20.4649998294784,20.3476772051592,20.2309432030033,20.065295529002,20.288729887757,20.1842848005375,20.1224490150143,19.6133290842477,19.5513086694462,19.8339758697303,19.8157924490731,19.7185029946375,19.607825914043,19.3694898383489,19.2480147125614,19.2140539042062
8.71132914448493,10.3251373504296,12.0716129425872,13.1963719061039,14.2666639497629,15.0534340985993,15.6914574476225,16.1281337730061,16.6547770253684,16.9612750815324,17.0198295799181,17.1494306199773,17.3002472173488,17.3944705642951,17.4263491161958,17.4490953431862,17.4276404144235
11.1431431045217,10.8641304453778,10.7008356952298,10.6249168130245,10.6170218551278,10.8077126768506,10.9019340001282,11.0466987803563,11.0558963745965,11.293925025218,11.5167598970928,11.672609124032,11.8121598662712,11.9245662531452,12.1676013149155,12.4013140435076,12.5956300008986
14.0617504444957,14.4499889559427,14.8424299025298,15.0940364149962,15.3935306697685,15.5970621380014,15.8014237583429,15.9422616821571,16.1405146806961,16.0932269819577,15.9038647341381,15.8071901489516,15.7710278353916,15.7008523387791,15.7206150557645,15.7271595588766,15.6852747888483
18.4173339876565,18.5350766163247,18.718531578498,18.8355081992899,18.8992000952822,19.1188690240463,19.1711694963337,19.2118480566493,19.0156179647578,18.9597023497304,19.0820134444974,19.0535660966463,18.9944425813971,18.8863440577046,18.7506083984464,18.669041915714,18.6201573595708
4.99033890918888,5.19878613537411,5.51800659890562,5.77787975624684,6.01356770308436,6.28578436761515,6.47685070490551,6.61964388421283,6.74710161530911,6.78156729204618,6.82880297795698,6.87485404131769,6.87688860510393,6.85689821712169,6.87016261313303,6.83305843840729,6.85203120848209
17.9162098479232,18.3800041183968,18.3291069104629,18.2924540575668,18.3188818931766,17.9437342309994,17.9132071158698,17.8858618751431,18.3893857831533,18.3321411365426,17.66229401908,17.4363458397204,17.3586671626933,17.3256916975029,16.7005794313523,16.0475299820668,15.252447803199
13.1737593202461,13.0751181445316,12.6467674134113,12.1872477160623,11.8280172851216,11.3777741698988,11.066858719969,10.7963038420223,10.8623076728369,10.7121176816747,9.9941372098306,9.67250733178021,9.43585374559045,9.49727688629791,9.45470461617224,9.76663614328515,10.0249258156243
19.6647072627075,19.6403855901058,19.752801517644,19.8455070887073,19.9019364970953,20.1155840062379,20.1376840392602,20.1967379970226,20.0118024962235,20.0109962469006,20.1924689593196,20.2324175929988,20.2074764743123,20.1312302196626,19.9486800420469,19.7663959180462,19.6256387836517
22.5705020273859,22.0117383575423,21.7603229208301,21.5951744383678,21.3728483074458,21.5268665346642,21.4206385942316,21.4242901266379,21.000613640853,21.1007094223117,21.5460972530518,21.7054154584831,21.7809856586891,21.784050027988,21.6058635480882,21.4582987716169,21.4016703134047
17.4581122019343,17.3165640013649,17.0963586770487,16.8752221323781,16.5496030791373,16.2365272277074,15.9427131576932,15.6553767641454,15.4163551708463,15.1709877242185,14.8606147368998,14.6203320980818,14.4187836044251,14.2803936805879,14.1252912723779,13.9844087510155,13.8204105196712
20.4000762623142,20.2167684320571,20.0257815009771,19.8199169626606,19.5054750901517,19.4115538238377,19.2166434345535,19.0540261494162,18.7778269682111,18.5288270850272,18.2067167529439,17.8146824184815,17.4187413321646,17.0915288949997,16.6091418044849,16.1663662515827,15.5603685296758
12.834133964815,12.772186491359,12.6204363850341,12.4705963149358,12.329290098888,12.1225580293382,12.011125552873,11.8992282729983,11.9182556787402,11.7575552337559,11.444469646467,11.2860585800941,11.1276409639554,11.0156371337854,10.8995562480873,10.8473036231263,10.7792254847298
16.8539370498824,16.990930233892,17.2422143908938,17.4514910108008,17.6842457468897,17.8950408315539,18.0715594622406,18.221054476247,18.374652003342,18.4276277975786,18.3761589670783,18.3912432851748,18.4048236992563,18.3636207413366,18.2882021487798,18.2279195993802,18.1514870719192
15.9035854986533,16.115088630722,16.2441755626036,16.2833565101265,16.324815487605,16.2893677249675,16.2667410586308,16.234809163705,16.2692574943043,15.928524330033,15.4054629670324,14.9837742222384,14.4969814752399,14.0338359404552,13.3865626761266,12.7843030909265,12.1257878313049
20.4421273334395,20.2305645081619,20.0776455806796,19.9533540544255,19.7886104486611,19.7433700765214,19.6397490258854,19.5894933160201,19.4215399733226,19.3889053706635,19.4438841761988,19.4637473916822,19.4754131765782,19.4541906281792,19.3698237717225,19.2921179928696,19.1666973039905
5.82325405835107,6.01633038142169,6.07453252528188,6.15708915907314,6.45518365512684,6.62823791355751,6.9313295890837,7.23977733752429,7.71148627002509,7.97305562241184,7.97138355885938,8.13086288003941,8.27231954199463,8.40709603880419,8.57692645804396,8.6431010350154,8.72308060136994
9.55412792119486,9.41801784885812,9.31299305273118,9.19777805785456,9.10491570853622,9.08291328276658,8.99309286444087,8.92079220292964,8.80026845119695,8.7680703969583,8.77340759640452,8.75626708852453,8.66631040710791,8.58096299445512,8.48047813074155,8.32575971993526,8.25943337596958
21.5010986673944,21.0881711789027,20.7847296612755,20.5305245861786,20.2184566601254,20.0356354697213,19.7396740203901,19.4798449237317,19.0598333710135,18.7269453315754,18.4869848935675,18.1719669068943,17.7976292243292,17.3870024257053,16.9208190900243,16.5012585824542,16.1409588537072
19.9394825447801,19.8656956825969,19.5677877862502,19.2435522174222,19.1862697194728,18.9450366964037,18.8547397466522,18.8010861867028,19.024364961812,19.153780303215,18.9214896261943,18.8654461572066,18.8901243186732,18.9790761080354,18.9883524158307,19.0059819628835,18.9412346277604
2.6977286194605,2.63650864952878,2.5731421346779,2.52604265960868,2.50623872265916,2.49747783086141,2.44793811762879,2.41845097912841,2.33814711630366,2.38413236627909,2.51882823729565,2.60667380100866,2.67458710205281,2.72915909649018,2.83746837089253,2.9007685041413,2.98335692776112
18.1779791698516,18.3354009497859,18.5286181576014,18.667962458939,18.7341091580803,18.8528012013138,18.899275179264,18.9177456356818,18.896081209972,18.8474461864386,18.8277998586506,18.8047767875652,18.790450798715,18.7582099928198,18.7837493333775,18.806046642658,18.8163891661346
14.8740796683524,14.9585820740798,14.6842734829721,14.3561272201985,14.1444206494271,13.4975332715088,13.0645248615202,12.5490219741432,12.491140810764,11.9271801495242,10.8563485344525,10.1217117867803,9.39397757796963,8.99281818000578,8.03189014765762,7.50367758826252,7.10371463868048
15.6519692853174,15.3144698911718,14.6692680752449,14.0423886863858,13.410516014446,12.7448856800421,12.2632963949833,12.0564885880891,11.7146361327003,12.097732765259,12.4188866430649,12.672334016815,12.935124600182,13.2108521614545,13.7308834475497,14.1169961467468,14.3866865873746
19.6513991971179,19.318064443808,19.0548431149942,18.8194955386234,18.5058693402594,18.3064230314231,18.0260060816289,17.8289665216351,17.5417966443466,17.3964153480076,17.3722597127011,17.2913038813126,17.2040561737603,17.0715588334948,16.8940637771375,16.7085779707216,16.562214014176
18.5807371547771,18.5788664163812,18.7439299871446,18.8817404502892,19.0343051346537,19.2827882755377,19.4068336724968,19.5327695187147,19.4989385555206,19.5644126410534,19.672178947847,19.7092902851997,19.7265416186999,19.6751324178809,19.4950372083106,19.3549535632693,19.255748862373
12.4961435288807,12.4891681115594,12.382211381973,12.273397273162,12.1447467280987,11.943429183113,11.8359788235955,11.7459637682886,11.7210564371566,11.6138196704707,11.4520901397635,11.37380980348,11.3170872894399,11.2718638911791,11.2694437183075,11.2557634050362,11.1967374543305
11.5184445483857,11.5783229457218,11.5877751404716,11.5884932486142,11.5255968937466,11.3977188503721,11.3934820489341,11.3724416348349,11.4375480814794,11.2975981873579,11.0973174226494,11.003444332213,10.9520143384296,10.8750204611292,10.848163850723,10.778411384724,10.7053818520492
15.4882626548567,15.5942640682773,15.5920333159481,15.5692329658108,15.5876348015145,15.4887727880541,15.5078759485712,15.5075497932353,15.6669766649422,15.6772900240689,15.4728380910305,15.4172409410065,15.3969688323238,15.3760452895335,15.3772207399403,15.3553392282563,15.2756823337887
11.0455889427186,11.4778944230523,11.9658136157042,12.3638346092698,12.7392357818502,12.9388156444891,13.166230676117,13.2997927886141,13.5820484814227,13.5245393996239,13.2996124568934,13.2260348165691,13.1836801835971,13.1128454545819,13.0680732822431,13.015109718303,12.9350553986444
11.4432555204913,11.4473020975833,11.334878136377,11.2181785172769,11.1055183579966,10.9105769668037,10.7875943580529,10.6787956235991,10.5736132464501,10.4158655199622,10.2493373361161,10.1339593233639,10.0112298185383,9.97137354331459,9.90366887196629,9.85250169620256,9.78349218095764
22.6339611064411,22.0854645258089,21.7369507676921,21.4259924287872,21.0205965542165,20.8709561140354,20.4428164346081,20.0051797957587,19.2467672165072,18.6241988256651,18.0402551762064,17.0483506122211,15.7194782257043,14.4075388794152,13.0142281234877,12.4081714942082,12.1653420074317
20.5870525029277,20.4312773836895,20.1923769379889,19.9977053528378,19.6775232987917,19.3601450173473,19.0986689352013,18.9106872094947,18.8553941991741,18.8530381796229,18.7369482121709,18.7478126798443,18.8169638400671,18.9324591875059,19.032165191471,19.0924735589972,19.1171085700644
12.7959581790599,13.3211472429579,13.5323017363974,13.6843868699629,13.6155464896471,13.4641164059859,13.4657669720624,13.4327339302595,13.5624414702569,13.4147312215651,13.2498493408989,13.1921795413181,13.2034658670089,13.1625725090317,13.1724875913427,13.1112006929927,13.0490145234699
1.31118854975242,1.30210553779646,1.32168851301008,1.32369834825885,1.35006703892249,1.39194461028733,1.4065238254882,1.44090876566152,1.4543909591527,1.50281549333516,1.59668115108542,1.67369617154926,1.72037029601934,1.72948813083686,1.78507063307836,1.80100883292919,1.81703631651573
15.5814347854673,15.3094264771265,14.9344338337973,14.5595105193489,14.4172299464613,14.1183775195549,13.9359544870138,13.8227669771125,13.8114967211849,13.7636454758565,13.4592829333222,13.3097025126278,13.1316544549124,13.0196793794096,12.9711853015775,12.9605506855331,12.9114111152458
10.0415290459384,10.0009406347363,9.87813660262375,9.78508988604323,9.83723170009846,9.87667561071619,9.92644575410677,9.99256679141806,10.1797315440712,10.3684043015693,10.377896478124,10.4972376639779,10.639910621184,10.7822549009386,11.0504694941418,11.3010545488351,11.4883063445836
21.2375473407594,20.7267339505876,20.4309215776311,20.1970001004998,19.8659910061302,19.8189948341597,19.5579195068495,19.3816629395848,18.9127349950638,18.7383691781834,18.7797159336032,18.6742014837584,18.5234471182741,18.3763596394654,18.1271508767672,17.9753962768507,17.8856597153761
10.4043710245867,10.6312391038198,10.7552375851729,10.8454830622572,10.9964705049823,11.1752237069708,11.4268810754141,11.6618715751343,11.9870680941706,11.9927235438687,11.8016990631612,11.7483892163223,11.7009602666942,11.6777545444505,11.7240322735838,11.7637935727674,11.7496390044198
10.6473941888265,10.8329328896238,11.1141521698212,11.3584369254119,11.6588069400929,12.0119156815608,12.3450540699973,12.6223989148681,13.0746290522088,13.3223443624505,13.2954720674047,13.4037581970987,13.5390354171587,13.6407701214281,13.7370081451324,13.8085916179117,13.8292918270566
12.3553767344905,12.3988272874482,12.4086981910651,12.388923532604,12.3519649862839,12.1853728462316,12.0875345029908,11.9572742782626,11.8579222638393,11.528996226498,11.2598428496721,11.0377813157087,10.8352543593009,10.6783498774909,10.6569778650746,10.6319576963295,10.5950528434947
11.5767980818783,11.6777344711121,11.8921721513759,12.167466729586,12.5148679856819,12.7796877297672,13.1301153045984,13.4359990621624,13.9539515957065,14.0861900849878,13.8770612261131,13.9106014865388,13.9381878111959,13.9468878121995,13.9123640084055,13.8588635394096,13.7594851792143
10.3307767653249,10.4363276033951,10.5549053576937,10.6637903563882,10.7153929232247,10.7033407833989,10.6881006342805,10.6548306361178,10.6583944796556,10.7161439582486,10.7655994672374,10.8435007693135,10.9408413387672,11.004228641712,11.1818203986068,11.3157793323875,11.422599242343
1.85323344664833,1.89911364916431,1.9146916686452,1.93419165603523,1.96314049670562,1.98286403339313,1.98946132776082,1.99862033134715,2.04788162980898,2.069260384468,2.07727019900894,2.12563830812379,2.1706024944905,2.20960810547175,2.23737482170876,2.23724234152507,2.26354460879199
10.5332253898383,10.612983177841,10.8104906356329,10.9829237716991,11.1671437431185,11.3631910469303,11.5627549247874,11.6972441764665,11.946758225512,12.0612234881119,11.9573436670165,11.9638713889083,11.977827949287,11.9684661150149,11.9469209195095,11.8933100908991,11.7865818602225
7.06178651446617,7.24109402175979,7.50413153491772,7.70638297144191,8.002730903231,8.35059322698633,8.54945898063871,8.69459117076468,8.81615032050574,8.91575254967153,8.94058174505793,8.99925000262161,9.01737666144058,9.02808023189933,9.04893280936563,9.08984677879856,9.07271777271385
11.777723664612,11.6854385855577,11.4611275358342,11.2628821501904,11.0807285922543,10.8096760435865,10.6356371102746,10.5151543555703,10.5162857743319,10.5479683295666,10.4767386015349,10.5077612689219,10.5590561048518,10.6162570182025,10.7309631689576,10.8150315631484,10.8814186895391
23.0337198111808,22.6114062892501,22.5414575865184,22.4945302173292,22.3545119229054,22.7682620248803,22.7350842106273,22.7776570395476,22.0778772070934,22.1054002235422,22.7435308939527,22.9193741388594,22.9231307480889,22.8652466071495,22.6075771986471,22.4290264858645,22.3928821194353
15.8934744089162,15.8096883131459,15.655091794729,15.5290849231634,15.2861518924177,14.9802026179604,14.7589107492894,14.5274263516724,14.3721137121872,14.1007219765746,13.8507212955309,13.6939185056658,13.550069305232,13.3901982719997,13.1807300222182,12.9693121126306,12.8253147441193
19.6143875124752,19.6084850556764,19.5522688662101,19.4906626753114,19.4798167671305,19.4747739435769,19.490000055228,19.5321515667177,19.6248336696396,19.7357496991457,19.7517384695093,19.8284119256084,19.942583919213,20.0648272906341,20.1793862535309,20.2756380790918,20.3898350791174
19.5275858363611,19.6107975260211,19.7276830355991,19.7882103623266,19.8104147161874,19.9461109811516,19.9567899060791,19.9854238832854,19.8611096500294,19.9149518765057,20.0590489050527,20.101485972109,20.1250349763547,20.0988220995318,19.9316502801556,19.7749133742861,19.6153288610763
13.0936688980002,13.2111126509867,13.5339983934281,13.8604055639028,14.3528154234955,14.6460524743421,14.9698329075774,15.2454496859495,15.6433304757875,15.8788921824093,15.8777036850744,16.0095920004439,16.1356969681024,16.1906216273169,16.1694745212235,16.1341641552929,16.0573388687428
5.87382287505213,5.96290833828837,6.14908788290291,6.32768713153702,6.49910672984488,6.67096938217241,6.81409564807913,6.9479161510513,7.12612873602211,7.29482625804743,7.4687285625234,7.65675739050196,7.78981543743434,7.88710010742724,8.02670876204369,8.06917447971174,8.18144016759369
12.9488635274179,13.1324399335136,13.2941086964454,13.4222554546415,13.5275986387743,13.4984165588609,13.5330644415274,13.5096914814119,13.654127618545,13.4374113246184,13.0719808904942,12.8907713484516,12.7323504058748,12.5695326948637,12.3534127863185,12.1914724592191,12.0670496265589
22.5772142617041,22.3230827336894,22.1729797798073,22.0239613322906,21.90422868077,21.9080618565874,21.7943657538636,21.7211654606091,21.5085119906838,21.3465605994292,21.2133497755123,21.0044596075174,20.7623349483235,20.5243860773602,20.1319670275499,19.7548059771518,19.4117470451687
14.4256550384116,14.7910857354845,15.1848273328286,15.4722790417127,15.8300219824375,16.0571868898805,16.2949911786712,16.4829031956096,16.7763351699286,16.7527831678041,16.5207990671681,16.4289877238982,16.3587906916845,16.2750657836295,16.240805301367,16.201202359596,16.1137637193327
12.9700709746208,12.9329646557747,12.7866076845721,12.6422815171314,12.4408304055052,12.124654221925,11.8898826065402,11.6529002088251,11.5024819995015,11.2780419091332,11.0090189124982,10.85535818559,10.7205525217985,10.6145967248533,10.4887705367075,10.3699853785725,10.2904975144859
15.1043867027108,15.1537735133325,15.0892157642462,15.0613519448709,14.9109071900806,14.6963800198558,14.6198754816814,14.5616076845653,14.7006235127071,14.8170265171856,14.7453126560314,14.8353291289584,14.9790138291289,15.0694042490187,15.166521470181,15.2072847341957,15.2207356338465
17.5839007600108,17.5954250983615,17.3248801726257,17.1231276965787,16.9304670251869,16.5481338050387,16.4485652264776,16.4581205865723,16.8416741080675,16.9572980753342,16.6905664162787,16.7296241759358,16.8269045903378,16.8879696876328,16.7160241702219,16.5794306643299,16.4412408534266
21.3513714901069,21.132159786152,21.0689354780189,20.9881649788338,20.8943634708784,20.9083315851064,20.8274269877549,20.813548778708,20.5845924389583,20.5511083286912,20.66321615605,20.6756931168147,20.6559532830842,20.5979283853112,20.5924629078056,20.581986344723,20.598125332141
14.4231697427767,14.3580481023441,14.2438307085806,14.1276458562152,14.0242154337616,13.8827454398473,13.7774720792994,13.6765253137494,13.5526917877218,13.3835395729159,13.2569279453081,13.1480095898316,13.0456147554515,12.9470142148845,12.9993418655437,13.0548796731485,13.0995319554111
10.5680198861112,10.5797320965078,10.5391115358917,10.5509477691734,10.5829019358831,10.6214337640342,10.7212648571161,10.8265458522185,11.016325978709,11.2631044587075,11.3436638840193,11.4926695543635,11.6595264276676,11.7876114805416,11.9998341448248,12.1650558988076,12.2810006601435
17.7905722733772,18.0358033175212,18.2824062232015,18.4415825083426,18.5364384168507,18.6827251262301,18.7424976748346,18.7908467682575,18.7697364859657,18.7376572342116,18.682407388429,18.6043537118778,18.5247013130407,18.4117571989441,18.1783418062699,17.9498927968638,17.724396893951
13.4076891040446,13.8378418169271,13.8964590845005,13.871010111264,13.9075394117979,13.6232453015576,13.5849043395213,13.4964488808796,13.6757023682544,13.2751946594787,12.6115306501372,12.148487580158,11.7304623357108,11.3329128108975,11.0389114232476,10.6739594373242,10.2062250402821
18.2304620634319,17.966405364356,17.7088984064894,17.4759531598905,17.2118178378601,16.9619793459243,16.7100696191295,16.5101548499403,16.2490128355212,15.9826074110229,15.8297026978479,15.679539204727,15.5323899757609,15.4006772841734,15.3675928242837,15.3863890533046,15.4238167167154
14.6718541468927,14.8758541968421,15.2402695470665,15.534009244555,15.8393221312246,16.0275513905018,16.2006884708164,16.3288466656828,16.5183077452099,16.4876505994988,16.3668469062274,16.3471617906742,16.3059719140652,16.2190437485131,16.0981391464066,15.9666086492968,15.8510996487286
20.399260205814,20.2253503919776,20.1767521638058,20.1237233430412,20.0469238276685,20.15357830156,20.0742870041447,20.0028250278758,19.6644147815109,19.4800842288291,19.4822126070437,19.306095696719,19.0468926443398,18.7606225468213,18.4294195266517,18.1326733621448,17.8433899217312
16.5197165494134,16.4442679948767,16.3618913495347,16.2725061663963,16.1771792147126,16.1242271314749,16.057265264969,16.0145419092091,15.9211848033576,15.7885738015852,15.6339918556111,15.4984046849483,15.3843302292893,15.260907144802,15.1867620166351,15.1205412147968,15.0347321507635
16.5729029041369,16.6969327058061,16.7359963176952,16.7601985020477,16.7505799973994,16.7243125550848,16.7013526465375,16.653130065431,16.6363728277606,16.5058659462894,16.322124270484,16.1687454331827,16.0297198692399,15.8893135901922,15.8004662636392,15.7163295766838,15.6233802888664
20.9176411800814,20.6068722977434,20.3141076053652,20.0985543726988,19.7336626111154,19.532039701021,19.2573931800731,19.0844444912945,18.8571827691804,18.8615903592979,18.9219886623326,19.0228248563951,19.1459979414683,19.2840382355503,19.283991402298,19.3158495920542,19.3895155103335
20.7670390689933,20.5439083883149,20.2836881448591,20.0763721734243,19.7683015413427,19.5212469640926,19.2445065312327,19.0053417185528,18.7176210775967,18.6436949108982,18.673914488135,18.6903452118147,18.7580769068295,18.7780175571744,18.8635284499628,18.9200673236162,18.9868066699747
20.955975470964,20.5978800813001,20.3248473992419,20.0914474161933,19.7063327502987,19.4835706746015,19.1508626065487,18.8666988773405,18.5554296239102,18.2763665023688,17.9329009217632,17.681664061583,17.4753548186201,17.3234327619813,16.8709098761468,16.4655916000949,16.0816939551935
2.92980277130041,2.84576978911773,2.76706672954673,2.69382757155287,2.62887689775474,2.59037183904899,2.53242212649972,2.50229461317813,2.43762477106802,2.43284915110486,2.46253642047692,2.47367089126884,2.45380276082023,2.44283404940446,2.48201428026085,2.48280347567142,2.52262918287741
16.2999867093435,16.5948390553915,16.7281809960276,16.8108757189772,16.8878667903536,16.7223322673349,16.7022129973839,16.6165986755007,16.7908348657821,16.6174949803147,16.2061433300613,16.0195620791715,15.8898989903744,15.762823635874,15.5655072819475,15.3790319336072,15.1777730260224
13.6823403244599,13.5885630151936,13.7611599814012,13.9581965008282,14.5373637211652,15.1695046311982,15.6119488482456,15.9677353604484,16.4047508056961,16.8506449968181,16.9933212146155,17.2350565605827,17.4501919922611,17.6507756058428,17.7075857693542,17.8047646498583,17.8807259855407
19.234601647387,18.9516902812988,18.5050123572263,18.0595227386311,17.5477335037303,16.9504605894378,16.3998844858907,15.8682735132914,15.6983494560733,15.7679357071947,15.3607310449281,15.2761175816197,15.3214463157637,15.4962620794484,15.4563184578412,15.5579012519075,15.6112651672973
2.56363575476115,2.61680818037528,2.70278161681742,2.7937509178263,2.87881923768266,2.94968467505366,3.00663273755218,3.05572496585545,3.14350025925417,3.13343308704102,3.13052806239488,3.15363230550498,3.12795338673863,3.11262056825189,3.09840599660797,3.02399339563702,2.99832587623222
12.89772949124,13.1966485639178,13.5577541990228,13.833070478836,14.1127640080038,14.2833961819097,14.4517115037239,14.5461323513066,14.6878316693735,14.5136764164069,14.2613013598998,14.0952712160775,13.9287675278166,13.7385703798181,13.579771602036,13.4642032672455,13.3484629773567
15.7993360041987,15.949865620921,16.1795095237099,16.3534192717565,16.5159066447672,16.7275923976004,16.8475319608777,16.9494263031711,16.9590039054928,17.0051199484653,17.065333046319,17.0932825042177,17.1097544948022,17.0865108957556,17.0345757563186,16.9897107412956,16.9549183402679
18.4438603118361,18.174010290369,17.9422624670612,17.6988644678295,17.2949887117734,17.1329975412077,16.7846578678253,16.4328744884201,15.5431631955565,14.703514659394,14.6134736782901,14.0596538601413,13.4491852808004,13.0878376675659,13.7609259255289,14.4159759039869,14.9615104472143
18.9100790393187,18.8215036423453,18.7363758276181,18.6933531196336,18.6227944310319,18.5453615253849,18.4825381331715,18.4435499633088,18.4402536507026,18.3913293264682,18.2843170308758,18.2359041387494,18.1792405802951,18.1172086013468,17.9923876999124,17.8642197131894,17.757741069783
15.2213268937405,15.1997361304252,15.0876218896169,14.9741025390095,14.8530123830485,14.6587328099696,14.5200058777192,14.3614367724841,14.3001124496644,14.0791950392553,13.8028887376686,13.6137528834367,13.4166162100663,13.2144497147811,12.9888848578558,12.834498033946,12.7169902182037
16.7583887628346,16.9804867465971,17.2529329802121,17.4382817847957,17.6306546181618,17.7908726515838,17.9058051772711,17.9955865892793,18.0404339556924,18.0311720061385,17.9565660913642,17.9139274549184,17.85385035133,17.7638591012227,17.5893936757497,17.4087358294823,17.2277762193938
18.2163036843867,18.591465326242,19.0249414278487,19.2806583564969,19.5954457765719,19.8513473430291,20.0165511784727,20.1175618286277,20.185965299867,20.0843221130181,19.9242862980654,19.7651089659108,19.5900315326527,19.408546387325,19.1543143089143,18.9227974048133,18.7126450785766
12.3515363305507,12.6616614162158,13.3113268316868,13.8210230761674,14.4895493923543,15.0573417865153,15.4872879819655,15.8240359624948,16.2353431965175,16.5190798584935,16.5229656397948,16.6212475437177,16.725344804109,16.7939089887488,16.8217595610458,16.8394580118095,16.8174325725999
12.1767445978141,12.3401686229925,11.9926592677754,11.7121691425756,12.2733304946242,12.3874231501464,12.9757439531485,13.5670000252526,14.6889542293673,15.3740357525965,15.2109201686899,15.4407883479163,15.7115833431243,15.9444779993977,16.0485081362218,16.1305462024598,16.0949829131715
17.5203335416565,17.6006855310062,17.6414796559718,17.6496316163104,17.6201555936627,17.590333513529,17.5470838300421,17.4903707037059,17.4103628508869,17.2594230801472,17.1193926706033,16.9768041584343,16.8623041523715,16.7091136989984,16.6133368150893,16.5310876762368,16.4648436413092
16.4449471725369,16.5734037728828,16.6817808842719,16.7618165384844,16.8363725334577,16.8779669234135,16.9189353102031,16.911929383885,16.9630821183455,16.8973600247112,16.7573672698795,16.6671646263673,16.5701082085606,16.4526419113939,16.3092251679394,16.1634248697543,15.9918520528502
18.5145946833798,18.4501072016878,18.3362325862573,18.2598802317049,18.0617034339232,17.9567870913296,17.8900001505168,17.9052723992665,17.9418690922788,18.0202422274013,18.089242987178,18.2156576302802,18.3669431829487,18.4871445618363,18.5496629461443,18.6181334657008,18.7178250108536
13.6297309258042,13.4059735732522,13.2030293703,13.1770653597028,13.0901229789125,13.2580544931811,13.492167178233,13.8530419157708,14.3604243897965,15.1887047395112,15.5522644451426,16.0017834981049,16.4403594186341,16.7845771485832,17.1131234558111,17.3313223560912,17.4803411710622
11.8188302835672,11.9039963815401,11.9417710967877,12.1237696516242,12.3059946322816,12.5408909874389,12.8545471438614,13.2269791926367,13.7553382743444,14.3131570135589,14.5162212953675,14.8193071804196,15.1489447606538,15.4016900493618,15.7016710944957,15.8430291639066,15.9143700800127
21.6102127055275,21.3653686171176,21.2380352825659,21.112163824722,20.9194472725589,20.96388132251,20.8409237555466,20.7358461055819,20.3421333782652,20.2900128391347,20.5486345983439,20.6076138616697,20.6287196569112,20.6058618183158,20.6417545769906,20.6806323413149,20.7868104292368
12.0356531844172,12.0387985181876,11.9769383566191,11.883287447658,11.7301521342557,11.4787446487547,11.298528177543,11.1042493452401,10.8668164698185,10.4803162237271,10.2652537504439,10.0258548896708,9.77590543760192,9.54422033338984,9.43785123331288,9.33183217780038,9.2641897833756
18.0038778071936,18.1434903716992,18.3071730018198,18.4341853252481,18.6441207220153,18.8574186010695,19.0368754404055,19.2114244967336,19.3291354972909,19.3407639267566,19.2759102064189,19.2283677978556,19.1750381499622,19.0931157631431,19.0144552372177,18.9381640917696,18.8399561728962
7.50423383031586,7.55556318834,7.69778881894162,7.83342653085241,8.05385207786553,8.2673044951062,8.43887001788253,8.59595861970222,8.71482190803194,8.86412342979206,8.96053749806378,9.0513204880291,9.08862753901312,9.09524994997479,9.10005091487432,9.14650260532631,9.14593130324494
10.7013261501573,10.2246850816136,9.74412761225218,9.28118154207281,8.89157279321334,8.9420651679937,8.76754550231575,8.83846267478756,8.23433229938833,8.89513439314843,9.92346592440701,10.321211677883,10.6624794304691,10.9412336210598,11.5774319112989,12.0252208533893,12.3532145129361
15.2434095321771,15.1691480354382,15.0485777226363,14.9336283714422,14.7658781708621,14.4980242159967,14.2897333879424,14.0594539952278,13.8713410745538,13.6360852152552,13.4360394845068,13.2768212034231,13.1361110270577,12.9958974752571,12.8888941576831,12.761772822942,12.6697154044599
22.1531536541106,21.9112979430834,21.852835399395,21.8092159300361,21.6088460565293,21.6958956724815,21.5353719312778,21.4437345260153,21.0471633734413,20.9507471360644,21.0692495223867,21.0132110747976,20.8970338027373,20.736323901863,20.3934033259912,20.1493849753859,20.0016224621097
14.8716054151265,14.7947824643632,14.7510403488998,14.7580638358717,14.766975620383,14.7338165994124,14.7563048087151,14.7891183200728,14.9398152259406,14.8975333287461,14.6952778563146,14.6245121044555,14.5450045189015,14.419792423778,14.1512742857409,13.9119522217281,13.6835922465222
18.2863165837204,18.3079449150978,18.2686461120245,18.2183557240434,18.1628997212674,18.129362861722,18.0924593058438,18.099239944559,18.1197725847846,18.2427892132064,18.3186717626305,18.4124090280772,18.52435901587,18.6086444023771,18.6508601118781,18.6324739446639,18.61410027148
18.9555955583237,18.7671978683484,18.5478487448827,18.3771172734515,18.160359254627,18.0721101475946,17.9608405983782,17.9378256402541,17.8315432536193,17.9564222322709,18.1250905541288,18.2570473116458,18.4194554943685,18.5247317233725,18.5711707227622,18.596438256627,18.6324856409998
6.64594711182515,6.98452424254603,7.2243006611394,7.33628060641169,7.61616953200227,7.84908063342426,8.10622760945946,8.29370505867712,8.63117208109099,8.78231683806219,8.57547974308728,8.53916929777973,8.48578961498253,8.43233239130918,8.30792475549598,8.11497102724886,7.91263054863167
14.6787288823077,15.6171346277547,16.0697078124742,16.7043909128632,17.5144447576409,17.8760898853798,18.4500978365884,18.93443233335,19.7890276618411,20.6601865165177,21.137786065854,21.6231626422221,22.0671180182223,22.358039786273,22.4397337149168,22.496969119997,22.5917611254707
18.5257246065231,18.5281947805022,18.4981804381866,18.5308293649389,18.3547982734772,18.3582644297008,18.3046255656224,18.285857795206,18.2552679399873,18.3874159716446,18.5590202175177,18.7567453996461,18.9921390863281,19.1985426666871,19.3939301301612,19.629322527686,19.8881284179031
18.8943404396711,18.7664702494985,18.6815988022955,18.5889387284248,18.446578196717,18.4101657417788,18.276940780096,18.178008087877,17.9774587802707,17.8459587228288,17.7739157695602,17.6536690969004,17.5104543226734,17.3587231464674,17.1646467646379,16.9753671311164,16.8236797636408
21.0997826294785,21.0121419012744,20.9227293890118,20.8570106684759,20.4966955690883,20.2443333412551,19.879808423236,19.5282683954035,19.0726062331903,18.7109834289752,18.6344354218835,18.4644784902395,18.3303667682381,18.0613696350835,17.6240549760784,17.0753287312493,16.6856313228943
18.1408159136298,17.9784940098819,17.7666725167696,17.5981548602312,17.397266997817,17.2423782900644,17.1330824241815,17.0791265625402,17.135343164615,17.1347734716515,16.9428791434118,16.8994157664693,16.894473072008,16.8904037214543,16.6992918097777,16.5868177565033,16.4787699069877
15.8073263538864,15.9904683884161,16.1130258255779,16.19998823144,16.2779634508665,16.2889836351317,16.3391581344629,16.3715335257246,16.461797845492,16.4974822829199,16.4433976044887,16.4516079635448,16.4855225396031,16.4576543690728,16.3589863788332,16.2283442937778,16.0766567886561
20.2668205929443,19.9523209899334,19.6006552030418,19.2581153515106,18.9122748272573,18.6364862362943,18.3168504337068,18.0337694466581,17.9351808907372,18.1559954309298,18.0943223702127,18.1621775820669,18.3153937242179,18.5166821455785,18.5885123799966,18.6781081244509,18.7168100315491
4.69325029999828,4.58501344313093,4.44861417890901,4.31789081037533,4.16546616364654,3.97964915452676,3.80583861042173,3.65582175402743,3.4416679833591,3.27841559720334,3.23425639875951,3.14530102835181,3.02455732397735,2.91258619672998,2.837313469756,2.73197715528651,2.68194093601036
19.3407944425328,19.4169722820873,19.5035042705529,19.5726901349364,19.5895380743797,19.6683268625552,19.684444206645,19.7027064441801,19.656909217432,19.6884624038644,19.7706634188482,19.8190833651454,19.8873135477869,19.9221199446483,19.9618712995001,20.0113875020365,20.0794030437797
17.9689607522764,17.6521840664185,17.2928802253367,16.973695281153,16.7686469871848,16.5664485656712,16.4160645041281,16.3687980007405,16.3537860367903,16.451949922698,16.4000153313965,16.4276405747119,16.459903891523,16.5218380405196,16.5938284884048,16.6923273107609,16.7583716415227
11.2383990958343,11.5091599691059,11.7633652595508,11.9377970354481,12.1295925312477,12.2458596017157,12.3756014451954,12.4245080142631,12.554326062782,12.3657589707088,12.0799196815033,11.8671588178991,11.6715369473238,11.5054920516344,11.4124440227582,11.355577223484,11.2738210190501
20.2079408252586,20.0681682874234,20.0127771953861,19.9584593685152,19.8668678287788,19.9537409624799,19.8884877915491,19.8457193446582,19.5809040015333,19.5289829167746,19.6346232242539,19.5969618210627,19.541007477174,19.4615199110919,19.3614595330821,19.3009481756296,19.2701569049809
18.0977048088769,17.5515514368031,17.3282870011455,17.2438883401859,17.3390057068109,17.5749760400013,17.6856800265729,17.8867649820718,17.8381652572186,18.0603866069836,18.3815384575593,18.5930978607009,18.7328945679591,18.8170982489085,18.7937161311584,18.7891779889483,18.8268923425264
14.958846053532,15.0010326129982,14.9203963062956,14.8364427504204,14.7701667778337,14.5942159920759,14.5052545222337,14.386050148611,14.4801168037668,14.335202668528,13.9263010511537,13.7021941594644,13.5024888198733,13.3205724154864,12.9763326393974,12.6986315321878,12.3999024281135
16.8491839326877,16.9991512059497,16.9388746487359,16.8604808296186,16.6623503051364,16.4747328834458,16.3740829520397,16.3281874180597,16.3794422253843,16.4190156228798,16.321141121508,16.3386084833841,16.4104002408171,16.5012125402348,16.7026325764938,16.8973061258839,17.0437148823112
3.51840427972698,3.81055711577114,4.18159802307907,4.42098768605648,4.84567169035849,5.10307792069772,5.30939817547653,5.42648535555402,5.61612499627145,5.60303486730317,5.50846936920245,5.4647316908966,5.37311276654559,5.28672884905868,5.24717921820334,5.21569633160512,5.19796221307709
11.0943043662421,11.5199825299719,11.7526860486547,11.9315568328753,12.3166182905353,12.2896662213651,12.4779044475153,12.581165750661,13.1653399376145,13.4585625324462,13.2643364618498,13.3921123225155,13.595944588305,13.7658120688393,13.8766663972655,13.9320609760926,13.9176970307776
15.0790194721958,15.1230929489572,14.8764909100444,14.5649586999073,14.2033053797393,13.5674860852711,13.0099106548159,12.3752726260837,11.5469530518923,10.5509926523791,10.0070393537244,9.18106437629783,8.18879001081122,7.18124156438875,6.82701106161343,6.27772808476075,5.74695051088847
16.3616339067279,16.2541679091641,16.0757197959596,15.9088089531904,15.6850339988313,15.4460835201536,15.2364494918206,15.0659894349132,15.0009749221986,14.8874161043016,14.6886799738438,14.6034376608908,14.5277047907764,14.470133791833,14.3235887056823,14.2248270517079,14.1522308223229
18.2785185661465,17.943017062013,17.7258339441543,17.4832814849203,17.1762217271566,17.4805698435306,17.5872216683839,17.760598576262,17.5566437895308,18.0560730892676,18.5405711133572,18.8343058700804,19.1166715287532,19.3583303001291,19.7052550454164,19.9040354749051,20.0187461625531
1.2802426390598,1.315480386544,1.2250428014788,1.12039652612172,1.08101731758109,0.994739776912488,0.960764301031968,0.960523456169259,1.02370624848401,1.10144334563814,1.10917502827467,1.15183474935685,1.21657143134581,1.30081695831573,1.4383461507408,1.51161274496939,1.55998087490118
17.6988786693548,17.951929426611,18.1095691172195,18.2366878099544,18.3010690381959,18.3015688562846,18.3186948097425,18.3414638038857,18.4182744731717,18.4996844114386,18.5179950935888,18.5883934635352,18.6768244555691,18.7212117849051,18.7694285144687,18.826348907187,18.8874123013531
9.02310360456515,8.85132576393077,8.74685195121461,8.675510274323,8.75787312063823,8.77656785981419,8.73521946180062,8.69758541458126,8.71252688527112,8.86836838263207,8.95100088926362,9.08202326301005,9.20279920523179,9.35245382142174,9.57654289328201,9.7597450082219,9.93446585719699
15.6082891154903,15.6428584794275,15.4907823967648,15.3276897005933,15.0256709743611,14.6394869034657,14.3199005529848,13.9512170449587,13.7671086926989,13.2521031291431,12.6075729474518,12.1494702519599,11.7185537703981,11.3781789876803,10.7619557661053,10.3679881804034,10.1304224353152
18.0588441610622,18.2329177959483,18.3220092860731,18.4070611455421,18.3834218553353,18.3470462438042,18.3699650762147,18.4430432249696,18.5695483289187,18.7003888698212,18.732862328477,18.8436482003401,18.976051889669,19.0647356412681,19.1395300462883,19.1859905558521,19.2205729352636
7.73416672010278,7.87305147035211,8.02676183689348,8.16288193361668,8.35452383301444,8.48292004165953,8.58326400463614,8.65465221417801,8.75872031838936,8.68200409247891,8.63558633240883,8.58628173822034,8.54667560275562,8.4889107539453,8.45634290322158,8.3955483559167,8.42142607212608
8.54666508738139,8.4599141950305,8.46072672615381,8.49241634172537,8.52271888833381,8.62161020773413,8.64291627594407,8.6779712167733,8.69764240189782,8.69417848137807,8.59306776136285,8.58854860772398,8.54488814194554,8.51986581405621,8.46380995843344,8.45837820847331,8.41393847957773
17.1791506847943,17.293937768905,17.3994702325334,17.4377872037422,17.380747450715,17.3294457253911,17.2432207197211,17.1472817295614,17.0540252880193,16.781028950632,16.5081879653238,16.2946960635071,16.0966642053473,15.8663809806297,15.5578141646836,15.2379369972168,14.8974200027284
6.86121907536059,8.09293119085095,9.14859081328261,9.95005108992186,10.5916150717717,11.1507736688536,11.6765878463674,12.1065741813371,12.5902237239909,12.6721823001115,12.6085501409316,12.6677394391517,12.7462397316098,12.7463009367417,12.8156127337818,12.800304555715,12.7649844555653
14.7288250815301,15.1525618195596,15.4671620618012,15.6974740978691,15.8751066696217,15.9308982533122,16.0064545990811,15.9990010988713,16.1396812177758,15.8980000444681,15.473102289117,15.1893991478743,14.9211567702881,14.6661992608606,14.3432746371112,14.0888991150739,13.8605126079437
18.7170559390328,19.2955103619785,19.630831013503,19.8437531618337,19.8993790941623,20.2109972695758,20.2968948499664,20.4137863535537,20.0959146090923,20.1231054433764,20.4958125777632,20.6010772956662,20.6361775613479,20.6065927824525,20.3843941693195,20.2079857710105,20.1204374090386
20.9426278791417,20.9620432273976,21.0637462742843,21.1411795542548,21.0835888199921,21.3860516562676,21.3824094829529,21.453956287501,21.0670050267525,21.1778632514423,21.6892387609764,21.894178602311,22.0085969415431,22.0500840069697,21.8721934640177,21.7137672444157,21.6871383697866
17.1929807898708,17.0823336380766,16.9811360615854,16.8483944673571,16.7231244085442,16.633437868148,16.5205194994687,16.4110499275352,16.2663311781355,16.0445709564987,15.8256307585111,15.6049448160531,15.3779687222188,15.1771822174985,15.0557665663133,14.9977680986539,14.9369222752112
14.4301366444106,14.7208469087712,15.0143140645217,15.2168784239815,15.5016942920662,15.6738311630701,15.8831613028897,16.0555955783502,16.3465655927329,16.4382593554707,16.3470719714779,16.3697937297232,16.4140980510629,16.4359336645096,16.4478858026999,16.4516240998601,16.4305213234535
17.2950582121361,17.2213482042896,17.2497163229815,17.2490041495424,17.1671408825942,17.1917468351006,17.1341888017959,17.1126000597529,16.9323499198628,16.6400554837045,16.4417943216683,16.1963735451239,15.8719227364918,15.505621486882,15.1795410076233,14.8009002702042,14.358174090301
8.5799381019161,8.66803647030846,8.7200118541781,8.80638881030905,8.98809976112216,9.14506546407854,9.25837698830773,9.34920728834786,9.48782331759678,9.49185674963718,9.38271246554015,9.36975206824094,9.31209893491912,9.27125715324214,9.24035458597125,9.23756316895544,9.20357635409013
19.4627505116039,19.1856299269863,18.8783663737616,18.6671781608098,18.400102585231,18.1950428093503,18.051005363799,18.0032741834658,18.0242876119979,18.1725537353381,18.2567229971903,18.3969663744862,18.5429292138071,18.666639555059,18.7021724235538,18.7307485933278,18.7573581626785
10.5510052788751,10.6953801278901,10.7584137839872,10.827828117372,10.8699763834021,10.7403158131004,10.7327798250761,10.7108493149592,10.8923755120996,10.7490149334396,10.3863167987678,10.2842915411133,10.1985270980858,10.1282020600513,9.92447674891878,9.74842765444255,9.57621258949746
9.99869534490892,9.88117396207612,9.83889541295525,9.77861177110319,9.72797451266077,9.77070847126532,9.70914837182954,9.69616356849694,9.61109782357054,9.55696878723599,9.56688698028113,9.58612243459712,9.52890214948475,9.47200743158886,9.47025103722764,9.50668721475958,9.52680584059499
6.55515538558123,6.6911385619769,6.76392057417454,6.83773659209892,6.89507643044871,6.98865270292832,7.10320753026055,7.238714525411,7.41414281012556,7.53346581192954,7.63456272469016,7.76292431561268,7.86329559782702,7.94078060564558,8.09970724285983,8.15519571871621,8.26394920726642
10.237048283387,10.2180761736462,10.2874586775772,10.3349822814312,10.3455075977561,10.4179075521191,10.4057468722675,10.3834220869851,10.2903773676138,10.282434014898,10.4074632536759,10.4777628821621,10.4994165024969,10.4993886347591,10.5115935644939,10.558200161275,10.5508626709533
19.2020046750627,19.0823233012639,19.0396682864616,18.98733477622,18.9321808941385,18.9979678428493,18.929681603781,18.9003478460565,18.6931435585614,18.6352393547961,18.7084822099204,18.6797747067897,18.6189518454636,18.5412696662494,18.4746416978721,18.4178448454804,18.4057654696428
18.4225925900118,18.1462146390127,17.968064154126,17.8273122620088,17.6283958592238,17.5558863107182,17.408613982429,17.3265775979399,17.0842259818601,17.0140374363124,17.105942756923,17.1292038585514,17.1103730608643,17.0628908168686,17.0721318859041,17.0749376706537,17.112862875607
18.9645567624319,18.8294472811414,18.6676283953369,18.5001222386151,18.2128917537852,17.9206372856184,17.60941647986,17.305604913239,16.9726576739357,16.4815572024592,16.08976054858,15.6898542010391,15.2733437090127,14.8578230796474,14.3628013572877,13.9557119675099,13.7464976329951
15.9320122109351,15.9138366377378,15.7231304686798,15.5633322536003,15.2935320490601,14.8923090895574,14.6146838479265,14.3499969244228,14.2104633967824,14.0386593342616,13.8041411065964,13.6610688847305,13.5622214495837,13.4514608293232,13.3217507425176,13.1553691930478,12.9885472527636
10.2012661705285,10.4389460661039,10.7533621910743,11.0361189210426,11.3231211377216,11.4773737450144,11.6663870534595,11.8023223411219,12.0781703733423,12.10891567399,11.961537825224,11.9601279588274,11.9768505163326,11.9637127974338,11.9455607418355,11.870680867148,11.8038967386476
5.56546314021828,5.51041143555207,5.5226796406345,5.58504200694118,5.77069287923549,5.97726052938583,6.16270374845149,6.35542343218844,6.58502764111672,6.7927722016124,6.90934434122002,7.03255385702077,7.16788159276912,7.27380452739405,7.4057681691711,7.47216835129066,7.58137422357747
18.2384120277555,17.9948131641464,17.4342237526378,16.7749917298465,16.4541605032714,15.9944875747158,15.7625777726607,15.6503156391894,16.0335228515676,16.7957236771515,16.840077955557,17.0872228314112,17.442388755491,17.7877584190274,18.0970954569573,18.359177728916,18.5035702863973
14.6555126460208,15.192298232834,15.0880465411258,14.989386713685,15.2158947539862,15.0437455330441,15.331237976946,15.6325068657642,16.2721640569881,16.55388904765,16.5226503711622,16.7074073979554,16.9463154211115,17.111192425276,17.1601107381836,17.1548270780248,17.1061320510649
6.71565789794091,6.17015732714481,6.30083860423884,6.40133310652314,7.23759183235485,8.0081973182749,8.49476002877423,9.00409898504501,9.29167292499782,10.0136761254497,10.4087540926224,10.7293550312704,10.9883518820506,11.1977858971084,11.5584016049625,11.7830590560497,11.8864862453197
8.83499037621229,8.83490726562352,8.95608094839727,9.02920303528058,9.11075073389442,9.21348281776759,9.23800954549885,9.21751577085838,9.17382811864348,9.16473445984986,9.1429718188447,9.11732436608316,9.06537952536984,8.98747982426201,8.88071599961795,8.68470492348097,8.57983212886554
11.769577497353,12.3176872116125,12.5058715508982,12.5756881027432,13.0591478140532,13.1812526644924,13.4829284012989,13.6751480525011,14.2834531124325,14.3627818597275,13.8658598631999,13.7021221893942,13.5966126898946,13.5388677976996,13.3491149590567,13.256020950707,13.0602537015884
9.80812100569935,9.77504481578198,10.0157992705675,10.2333209249834,10.5162919910765,10.7948696484376,11.0343392059232,11.2314334157621,11.4882505065062,11.6611793368768,11.6532701290664,11.7231019171901,11.7936191775767,11.8161055328401,11.8774635415566,11.8870810828646,11.838148347548
10.020015036706,9.99560122633557,9.90567184273778,9.83607058419297,9.6630853830465,9.52330767174688,9.35031154479803,9.20395356100769,8.98279758434312,8.80880355276661,8.78587512848275,8.73436127536598,8.65186814537131,8.56615361107431,8.52445973979697,8.40412633584109,8.40188169823693
21.0378394777897,20.5854664691797,20.1722776345902,19.8240787884233,19.2595488077058,18.8876124485138,18.2856510835025,17.6883668215222,16.6133113541804,16.2749284109809,16.4847268209497,16.3876913072088,16.4060731213115,16.5174645908295,16.8181609142702,17.1294788490226,17.4322618999855
14.6902596727078,15.0831164683247,15.3951617967144,15.6097355033888,15.7958970346135,15.8481763531234,15.9840711626215,16.0827840328888,16.3186229164705,16.1969522989053,15.930422874222,15.7964599586471,15.6769652486054,15.5257897266846,15.3191050108305,15.1022203441991,14.8880330116718
14.5811782085811,14.9574915041438,15.5214620066422,15.8990759542619,16.7075469305627,17.1542560842071,17.5165723358729,17.7738123001957,18.1564605528707,18.3024491360116,18.0859169021636,18.0603100184483,18.0557872919572,18.1128837185137,18.0401876853758,18.0724105713965,18.0703409898313
13.1739905571209,13.3760702971389,13.5376795607113,13.647165686699,13.7850148669483,13.8980652092508,13.9664807779372,13.9980821486046,14.0527287101227,13.9210469417031,13.7375165747321,13.5726149096832,13.4332759972285,13.3156352704205,13.3650511122025,13.3669433646955,13.3273841115022
10.3577335692684,11.4586638762558,11.9060416275169,12.3178774278906,12.7227547042181,12.9813421305157,13.5173900660674,13.9802793090542,14.7852026966387,15.1749915401459,15.1193415490615,15.3099044407686,15.559540665882,15.739783510969,15.8916409598787,15.9750809825041,15.9833910467977
13.4611799345465,13.9434608499392,14.2859267911444,14.5561393699057,14.8555231368367,14.9274055791461,15.1018637914707,15.227979943961,15.6372366892907,15.6397059714132,15.3335754087619,15.2882716247336,15.2839706447086,15.2796381223509,15.219091154487,15.1196557489034,14.9826555559347
18.3624628951136,18.3689439795004,18.3006055876314,18.2242675061879,18.1312772507138,18.0033734486344,17.8979305821575,17.8002495639379,17.7356913816241,17.4832703262908,17.1680647556521,16.9357288162141,16.7202020494855,16.5205183590297,16.366780822023,16.2813642334103,16.2269308533596
9.82093617227645,9.82095297449144,9.8474902868528,9.85435887168758,9.9698286051391,9.9456541108436,10.0089885216545,10.0301913421996,10.2570722176825,10.1987886545509,9.8833860200597,9.75409615881641,9.62302212445275,9.50195830079382,9.25791658758851,9.03303382649957,8.80554242388915
10.3253871540749,10.2878539209287,10.1978211239911,10.0878266695164,9.90124924842479,9.70165486265935,9.4560823301103,9.24353365135776,9.0485995085612,8.83721393865542,8.71043101167973,8.63243185811107,8.51419066536265,8.39736613094812,8.2557996135167,8.04889081807564,7.98768306901368
3.41836589072937,3.40904997462107,3.40332025231345,3.40391133998589,3.39436108834647,3.37859837493176,3.35211586730441,3.30544093948994,3.26920860176852,3.14674637650592,3.01503236203594,2.91735617446139,2.80983539491816,2.73031986521536,2.62810073575961,2.54157019645173,2.49759029116575
18.3750862185655,18.1803286848815,18.0606071437053,17.9612480788719,17.77984067192,17.6538377650641,17.5524812519499,17.4864032104844,17.3546262279235,17.2991356725723,17.3322821748962,17.3380311303691,17.3508839609649,17.3197491212511,17.3320713325162,17.327506671296,17.3109043760387
10.4540400273526,10.4792432670379,10.4147484525175,10.3689302314227,10.2878509998955,10.127591911819,10.0782210411481,9.97938691878035,9.93715039623055,9.93654432882239,9.88972018110515,9.93991520922239,9.90806274781691,9.88856673070419,9.85592928040677,9.81047680160932,9.7484624636093
16.3234494243859,16.2999685283971,16.2788179580655,16.1973601692276,16.2457710984326,16.2337119646792,16.3092347773861,16.365744125653,16.5296529006737,16.5805672014707,16.4106797272077,16.3403361117324,16.2935402105917,16.2476982683021,16.2042084079334,16.1498550983323,15.9948894882885
9.05396608178651,8.97048511066178,9.07055036008597,9.17300452828652,9.30056829672818,9.48652514898982,9.58593730526035,9.67400046789469,9.71647948362833,9.76514942201116,9.788711734852,9.8238886296941,9.82022594792227,9.78437113204753,9.77437161530898,9.75984433707001,9.71247575727963
16.0266765009469,16.096244405863,16.1445205182092,16.1668565816625,16.2036761487254,16.2011090355243,16.2035085939508,16.1642054317745,16.1932510787482,16.0516091274593,15.8048193106824,15.6528694410278,15.491259455817,15.3349515088799,15.0639385894334,14.8510616896946,14.6634863166859
16.2579819390668,16.2078693967448,16.0378458812112,15.8891320796882,15.6511172080916,15.3917880165139,15.1734776535866,14.9635974878364,14.8317725992733,14.7203732803372,14.5851437103666,14.5091309850961,14.485223174272,14.4508141613447,14.4187123994564,14.4035210826093,14.3865933991476
17.9526645873347,17.7243987963981,17.4348496209987,17.1558817717737,16.877559935806,16.5567658462499,16.2434430668748,15.9773753921627,15.6928777487055,15.5825865779716,15.4679598254575,15.3533291729547,15.2583910300755,15.1887013175675,15.1933413056877,15.1900154414323,15.18024315929
22.4753950022904,21.6526840913208,21.1039693569468,20.6176870819264,20.1050457394201,19.7467212847728,19.1707219908871,18.7251635942456,18.3816430655851,18.9614475111826,19.4128866801679,19.7906180931259,20.1426920105834,20.4193034950589,20.4683355947298,20.4898636419265,20.5519513774446
14.9422575812362,14.7886381996825,14.4659207560036,14.1935683376488,13.9116956259291,13.4896581405187,13.1956031567601,12.9808970151498,12.7963565497531,12.9131148735462,13.0579717226303,13.2112774875499,13.3858247214445,13.5243129203054,13.7874268965234,14.0078001049996,14.1840161188501
14.5963227388752,14.7420341827094,15.2913203161598,15.7433344599764,16.0752387486458,16.4358384093055,16.7071524355534,16.9079941053341,17.1445753710252,17.0987332117695,16.8858844123198,16.8239740515286,16.7640864850016,16.6993179064756,16.589654838729,16.5005833951096,16.3885279457575
13.4382865722355,13.4664463042562,13.5658365032782,13.6285460361462,13.8287530381904,13.9711020381203,14.1108861771411,14.2026959389054,14.3724518560411,14.371975563732,14.2027087472633,14.1082754576644,13.9917394903939,13.9049849552277,13.8433386861381,13.814215948262,13.7173555649395
16.0747525646946,16.1612959706583,16.1580493860619,16.1489452860772,16.0484644964137,15.892562002886,15.7696055688687,15.6332692071267,15.5620929996667,15.2603163941822,14.9438614369596,14.7092285946985,14.4666945039525,14.2322700895049,13.9722203133498,13.7225051993353,13.5204878936675
15.0517801472904,15.4503250793259,15.7777010680401,15.9851518972764,16.2151566776383,16.3645841560561,16.5419398378337,16.6581331193585,16.8669814885176,16.9157907422911,16.7749248971817,16.7473945711285,16.7567160161499,16.7539568674019,16.737876775611,16.6744782920289,16.5492246949868
19.0961105657568,18.5395566346254,18.0889941615721,17.6742031437331,17.2460800656446,17.1530182671629,16.945209119487,16.9236550940599,16.2139562607456,16.3488075840325,17.057397463303,17.288452361046,17.4645394583907,17.623461907074,18.164118118057,18.5471006793459,18.8229918533547
17.6625171093769,17.5642859249492,17.3566134873161,17.1549259491754,16.9437884244005,16.6891237020532,16.5006222947963,16.3615258098815,16.3353397732207,16.2822113879149,16.0577216321271,15.9463055613252,15.8784683627954,15.834670460018,15.7725230981717,15.6994222780699,15.600793380213
3.68204472307897,3.59883603374381,3.55956392078948,3.53433453607274,3.5227190408639,3.52699856285133,3.50994292540512,3.51714297353402,3.49330945171148,3.52856987001698,3.6247165993174,3.68708783114131,3.70624271583047,3.71439711230467,3.7663483561252,3.74754247759328,3.76890788238086
17.5745462344067,17.4164037302641,17.3248569820871,17.2783812953272,17.1833658024369,17.1832666849926,17.1446360262296,17.1599972166232,17.0533004699171,17.1371101066754,17.3292194929898,17.4502401776752,17.5582039985807,17.6027624406792,17.6836725126967,17.7212580283545,17.7556609475474
19.0256132239904,18.8494999400586,18.6064802478656,18.4228204417142,18.0432586210674,17.9332040869867,17.7925884741301,17.7683577305501,17.665232433389,17.7978006786139,17.9598525200532,18.1342296640326,18.3574674734451,18.5862094303637,18.8594437574492,19.0794510094416,19.2639971896656
17.041496619669,16.8339834460305,16.6896335600061,16.5979947537046,16.5083674679627,16.5056790947616,16.4833886041956,16.4993741009976,16.5062667881665,16.5300777303219,16.5314122667553,16.5560991534714,16.5602670144837,16.5367105865618,16.4321363613948,16.3998951469837,16.3938287296949
18.5393408795496,18.5306307379658,18.5102627250087,18.4621324532102,18.4138557387594,18.3774712839989,18.3162818430227,18.2527759179498,18.1178616572426,17.9891124044411,17.9345782407644,17.8507933446252,17.7681440379921,17.6601829955861,17.6246982489298,17.577279856829,17.4530782071458
7.19913728697696,7.65368423186661,8.09376820312018,8.6578067998136,9.35334190764646,9.86839783997875,10.5317493531178,11.1357272865429,12.0503309372777,12.4780546102542,12.2937845900517,12.4863087721739,12.7146425471278,12.904939495916,13.0245819191807,13.0823925524789,13.0691299688282
20.815387222518,20.4296821935589,20.2513950494117,20.1400437136562,20.0615099867984,20.2308147518941,20.2810911443901,20.4029938992772,20.2653077426184,20.5589229746045,21.0314022135806,21.2840074416506,21.4760821550729,21.5908093136557,21.5861424404738,21.604016571162,21.6470446135723
14.1887883961676,14.4505514284429,14.7126412444784,14.9138991587897,15.1471038593073,15.2161855401715,15.3353731646864,15.3949959457403,15.607879603196,15.5287206095844,15.2397864122965,15.1130339663193,14.9820598020415,14.819023444942,14.5538101370698,14.2926116311371,14.0411803086794
16.9610322663434,17.3326902024151,17.571112158969,17.7363093336551,17.8659110453074,17.8949701260889,18.0063494255805,18.0951076980873,18.3105575903943,18.3196504570064,18.1357514100044,18.108151479427,18.1173704842636,18.107060119756,17.9128214156803,17.7389140553234,17.5488294681113
14.2471211217905,14.5393311199608,14.5567611092083,14.5441770471622,14.5617809519725,14.2549542756275,14.1786867658888,14.0989943034499,14.2363685808276,13.8256213296,13.2384004953733,12.9428643246386,12.7150258278954,12.5641870537148,12.6441904875165,12.69938154162,12.7387723791717
13.7569582766281,13.8713102146632,14.1530648082931,14.3809638261388,15.1315101840006,15.6499598518448,16.1517310306309,16.5676590232165,17.1954848297005,17.6357694663442,17.6268849754945,17.8079220736152,17.9989843650764,18.1664528912084,18.258260380843,18.3031170624629,18.2776650218748
16.653822872651,16.4546012173341,16.1999171481574,15.9576609072594,15.6281289388358,15.2301793193071,14.792479103049,14.3570118599319,13.5416809196029,12.924046689747,12.9974635898759,12.7826327310402,12.5359447951878,12.3451306500905,12.6028410802917,12.8746577219194,13.2330627631471
20.852591670273,20.580668251545,20.37575313023,20.2034921790339,19.9181323283201,19.8121571916396,19.611531651303,19.5162586167056,19.2495867242648,19.2990062714528,19.4627847740799,19.532301184838,19.5748958956281,19.5848898721818,19.5996660015637,19.6387723471623,19.7000545967494
9.47886504365251,9.39060752817598,10.1923591921445,11.2714750782272,12.5715298746397,13.9121117584127,14.8991350068802,15.6934146591281,16.6693034886582,17.578328605854,17.8667331951901,18.2757562471784,18.6623071092913,18.9482245489575,19.093847253888,19.1945115233777,19.2576646299752
21.0332603681151,20.9652079472427,20.8624621293928,20.7707450165839,20.5731193253928,20.4386515784507,20.2660837002139,20.1159217867035,19.9759054713877,19.8367142348825,19.6968098273768,19.5806869327639,19.4997896168434,19.4722231019388,19.4651555780959,19.4637563941993,19.4482979756967
14.0708538742321,14.0406645989033,13.8535414179108,13.769471864561,13.6637549720844,13.43379823408,13.4251534462587,13.4825540881482,13.8316222093349,14.091070766139,14.0414630633232,14.2200785852476,14.436781022885,14.6015093283045,14.7101759216214,14.7820492178058,14.8296286576493
9.50976350062549,9.27982546503813,9.19968081870523,9.09024556446813,8.97613380498676,8.92204060077022,8.70129161727845,8.43985617912306,8.03832487774514,7.68790906759842,7.42166225705519,7.14937558481804,6.77839842093293,6.47878816822839,6.10605013233892,5.8486996099649,5.75846567989515
23.6090073170033,23.0121281624713,22.7249219062578,22.5002819382196,22.1841138023592,22.3049241980293,22.0898440366823,21.9718374250265,21.3435778760736,21.3081791605259,21.7530858471559,21.8570680366664,21.8859811064363,21.8572913706759,21.7544211874212,21.6872655520122,21.6458284705485
15.3231268624898,15.4214958212665,15.462873789093,15.4529493343524,15.4772490641214,15.4123734618742,15.4114492897262,15.3850831943798,15.4866482424603,15.2614357503931,14.9158835201957,14.6789401159151,14.4309330933871,14.1928703638797,13.9300704639349,13.7226641487625,13.4938376092737
11.1030412143605,11.1109111955578,11.0302558936443,10.9358373479371,10.8141771718769,10.5681001305194,10.4063709095496,10.2186733851439,10.1376586646736,9.93545270200623,9.68214520565842,9.53685441997193,9.41880356004268,9.32074510066534,9.1955126150507,9.1055877904588,9.03483010403006
22.4543540077248,22.2463768884489,22.2195337234325,22.1943334466138,22.0339157217929,22.2214917792083,22.1257805182182,22.1183857761807,21.6788138067762,21.629816702494,21.8823475595159,21.8743842050481,21.7790168025682,21.6371055231037,21.351487093678,21.1482384626079,21.0224275207043
15.0282985613388,15.7954841187229,16.1537900067633,16.5099507648733,16.6796604297454,16.5577924942902,16.686038798522,16.7975781726144,17.3346369731901,17.4158709586286,17.1503476870489,17.2447491994132,17.413969914853,17.5313347697619,17.3945080103748,17.2479906783179,17.1674565319613
20.9645385503835,20.5344415370695,20.0882886867466,19.712318327741,19.2282569470534,18.9527052793867,18.6350277306253,18.5070740921526,18.1633754014613,18.2939229322039,18.5761901372138,18.8036529053193,19.0358368168179,19.3128411557889,19.6966594709219,20.0644411681791,20.4372438876274
14.4946610009251,14.4455974320351,14.2953320243146,14.1450772696032,13.9443427484105,13.665438329283,13.418826618559,13.1692833370656,12.8164911058132,12.5052654935984,12.4019882230494,12.2355408107665,12.0627589535954,11.9071441025456,11.9001215550074,11.9152064474856,11.9511804383981
14.9338802781845,14.9637734073536,15.016463006681,15.0447028522116,15.1057099615388,15.0962969280609,15.1232629431484,15.1039992215183,15.2044583061428,15.0510900932303,14.709546604748,14.5080719163935,14.3106187704565,14.0899322537499,13.8554571425657,13.629344083126,13.3760267447975
18.1700500829619,18.1993623923248,18.2988511528801,18.4007898909772,18.429347922493,18.5627234397632,18.6237937978471,18.686767310036,18.6705048697319,18.7272738562931,18.811917342707,18.8710488291621,18.9181114685745,18.8940659109022,18.7725466717155,18.6769482102206,18.6005947543634
15.9725624505512,16.034760814706,16.0846858243449,16.0912651820558,16.0946174523074,16.0412910981285,15.9674356184681,15.856204532922,15.7562360990962,15.5723690509839,15.4078790861173,15.253666662646,15.1153554674484,14.9708036724065,14.8803068473335,14.8129283629016,14.7543385903797
16.0305552678278,16.091559672546,16.086530620556,16.0691634068852,15.9790038986363,15.8508520534968,15.7511852836758,15.6150844837559,15.5619674202668,15.3133716255122,15.0252841455484,14.8158145261359,14.6293617527742,14.472887220977,14.3617735780715,14.2752973341219,14.1799011161787
14.5700903283354,14.5406832164779,14.4144552340227,14.2915591539156,14.1644041335707,13.9807528795232,13.8234822953526,13.6595353913286,13.4752896169864,13.2464209538137,13.1074685270676,12.9606682188128,12.8347964470806,12.7251758381705,12.7961388866005,12.9035939640156,13.0050485013809
11.9569417684392,11.5060048495275,10.8525187293279,10.1702238845001,9.88297330746322,9.7082959613005,9.55071930325154,9.5985524178803,9.6442952405752,10.5081390432973,10.8376515544643,11.15800006266,11.4512741729964,11.757539245786,12.1892748737303,12.5628278509282,12.7702650442551
15.9475712241621,15.8485792663037,15.7004961091971,15.5942292694934,15.5279098490784,15.4657905741848,15.4919989812986,15.5704144482605,15.7519735662813,15.89671407298,15.8421035647818,15.8954231362927,15.9692005497759,16.0124654079037,15.9984399306117,15.9653807587008,15.8824294965136
16.508177599719,16.4998661582074,16.2584339465338,15.9276406178385,15.6170971621427,15.1176647180676,14.7231086847088,14.2786352317387,13.9799983248258,13.5144953098291,12.8216549961105,12.1654979772084,11.5030460231295,10.9456227427738,10.242077326028,9.51816000192206,8.58494742742346
20.9317114921955,20.7905983095272,20.6943022384202,20.6216942836831,20.4562254859268,20.4967169022666,20.3791154836345,20.293808404122,20.004384091464,19.8517641510621,19.8438747696442,19.7013167838267,19.5171307535546,19.2977125460261,19.0177824299144,18.8000437671668,18.6102387991399
9.75741404665739,9.70847965500753,9.63666087805334,9.57062291767645,9.45417738318982,9.24560572849265,9.11006925464217,8.95937604821016,8.86098977727563,8.6472604729334,8.49580769215544,8.3944004362504,8.25108632120788,8.1121116203663,7.96009707548715,7.74689940423301,7.67869244481161
15.5873762369927,16.0000906681085,16.3935726910748,16.671236565601,16.8628804315887,17.0535972076958,17.1737384321545,17.2596523372932,17.3004121502868,17.2633841006428,17.2332746941651,17.209024138848,17.173959633236,17.0899096260121,16.9082196717297,16.7560090716418,16.6290153049827
19.0046023493758,18.8861000262604,18.7774939778972,18.6715357425741,18.4425300822488,18.278019347993,18.1307032551301,18.0011518185841,17.8599362346286,17.6674259784905,17.4977992496818,17.3680568930088,17.2716442477263,17.1766821780798,17.0683979095267,17.0136209102713,16.9755021675593
15.1423026609123,15.2565566497115,15.2814595498156,15.3087554442622,15.3023227350223,15.2377514246867,15.2539748289111,15.2480962455792,15.3839550743866,15.3342017950071,15.1459667808717,15.0779712466952,15.0378862381836,15.0012313853172,14.9881664628919,14.9567525899132,14.8831858149589
16.1905400528206,16.462972636742,16.4216895196392,16.3811071215294,16.1815584836349,15.6931450797733,15.4569404599124,15.2594646018718,15.4019252994125,15.0806064252233,14.5304816082742,14.325023158581,14.2264894780577,14.1618318555243,14.1408471224602,14.1084740926171,14.1183556851358
16.1205575475859,16.364108213137,16.7738514212272,17.0080665233733,17.3957081575321,17.6825497422049,17.8427735502986,17.9323517277566,17.9255120063065,17.7113922937718,17.4659518450691,17.2132989165204,16.8907186555087,16.5780065280007,16.3234791892549,16.1952302186254,16.0678193211321
20.3196934134426,20.1440388668299,20.0427496617226,19.9570290784619,19.7864322905275,19.752938145815,19.5979452331951,19.4604663480491,19.1615472267027,18.9416243896565,18.8371376200441,18.63975437224,18.4294410999678,18.2003317790333,17.9360178503778,17.7135595122937,17.5461353765482
21.3171901475618,21.128590846371,20.9606193447341,20.7960345169652,20.5895030360878,20.4698140933809,20.3171198240666,20.2037683849757,20.0976518026822,20.2144353142351,20.3227840738467,20.3528959848006,20.4068561194547,20.4531106747766,20.4672203172023,20.4571104668038,20.4471952045371
3.7731416189218,3.78827389540218,3.79760856800598,3.84716561860434,3.89267155216264,4.02289885231149,4.11910848427717,4.258619983212,4.37775269088012,4.63379781585276,4.91018742584799,5.13275818312741,5.3165158285833,5.3851310931775,5.4771931214749,5.50317300952971,5.54806960305807
18.4141725986736,18.3339541356352,18.297936090526,18.2696130831167,18.2213403215839,18.2529753344214,18.2387989804162,18.2501751415257,18.1251130978374,18.147814107159,18.2655950844521,18.3214118628777,18.3721189623576,18.3832532651901,18.4403128876442,18.4551842319427,18.4653194518645
19.2403257885726,19.0554993018965,18.9674124189595,18.8861161600198,18.806149068936,18.8170101980646,18.744337541991,18.7241570684567,18.6183532663513,18.5733881228973,18.5354305142503,18.476501344294,18.3897423800621,18.2376455743445,17.9260987229378,17.6281373145542,17.3664606103639
0.556790586675509,0.710730525108031,0.885612019496552,1.14780351070574,1.44894760240524,1.66963065920401,1.93124233658762,2.18499633333005,2.48667688009813,2.64806258840435,2.69204851139481,2.77027769532656,2.87979851036612,2.95831583978165,3.02097503034072,3.05792163891025,3.12438733659711
7.53662223401741,7.33785225918305,7.15968486744557,7.01210055258619,6.89007052388619,6.7570399939598,6.64543908352054,6.56846750071256,6.45983455378806,6.30434570303246,6.24231850238752,6.16065419560661,6.0068703576436,5.86087031746367,5.72224019099755,5.53709089998567,5.43843656418159
18.1151787441219,18.4473678061422,18.4986150679132,18.4944078190354,18.4170807848032,18.1544104525398,18.0498476880311,17.932716361684,18.1272291295993,17.9153241425816,17.2949548513821,16.9465617582522,16.660964451433,16.3503159423453,15.3548791317765,14.0358239064913,12.1352438903313
10.28645663188,10.2626488996674,10.2301477689034,10.1814793986376,10.0752887936976,9.87867589398327,9.73187545991649,9.55529980584738,9.40920322635119,9.10092388649846,8.86579845969787,8.6795795834983,8.44304744152138,8.21415743795404,7.94782538169942,7.62925378160579,7.43137406469308
8.42749439742375,8.64772032211544,8.83072655989303,9.08696529207549,9.17212925919572,9.3176400627894,9.44660318459209,9.58709551643768,9.75553680904947,9.70066151928996,9.65573084104654,9.70784798807465,9.74874143807577,9.75441770278855,9.77610713047164,9.77340313465233,9.77142591448023
12.1162339189258,12.3152134368326,12.7440105256624,13.1022308081115,13.5549685696506,13.8948478954701,14.1945933416715,14.4169700761148,14.7764198904694,14.8202875845564,14.6290765477995,14.5934068052843,14.5390499221304,14.4820031403827,14.3281167032687,14.2389215749654,14.1078854197609
14.8156999911412,15.0557045915617,15.1846874130593,15.2855848048676,15.4420664833173,15.4767918729148,15.6588819964292,15.8241994811459,16.2047465807617,16.306991755886,16.1068778013518,16.0970245584281,16.1165287259012,16.1517018237701,16.2102703073461,16.2261815287177,16.1384868109737
10.1853431625636,10.4130608289181,10.753925369822,11.0296771827685,11.3474784412697,11.6457922619523,11.910998146042,12.098457269467,12.3942222201738,12.5060625136119,12.4034921932705,12.4199407196794,12.4629548519816,12.4896884073837,12.5499096361998,12.5929060540564,12.5879027887011
11.2992545737707,11.3020277249951,11.2625229961771,11.2501154606675,11.1688140361655,11.0806610909746,11.0530361199533,11.0476347855123,11.0533961046432,11.1069332812632,11.1457482666204,11.2173971021962,11.3098810274597,11.4012444029366,11.6035666854192,11.7448181836778,11.849413400239
14.2041090176626,14.2859093234794,14.4327773159774,14.539430895682,14.7072872792287,14.7728842987252,14.87556388669,14.9262367635821,15.1210283298929,15.0713636140466,14.8086399549593,14.6904941508969,14.5775808081877,14.4567537759897,14.2792520480856,14.0924526744826,13.863920084866
20.3897484532327,20.1647277636134,20.0729627422004,20.003408446608,19.8368923473826,19.9045530883912,19.8343494985629,19.7796605223603,19.5040255241285,19.3781788723656,19.386699457013,19.3063060901829,19.1608048715832,19.0004688290464,18.7291969122847,18.5178094887336,18.3502988096758
17.7522753195625,17.5998441640897,17.3714364413063,17.1849358676351,16.9454063640579,16.7084802725494,16.5389374037009,16.4132540178536,16.3561227938241,16.3026701289602,16.1706344097178,16.1122452224463,16.0833612184032,16.0501806010971,16.003136123649,15.9367617120708,15.8668886499113
8.92140064713601,8.82112594505223,8.87392997060442,8.96549604286568,9.06095017294828,9.27001961298458,9.37833686522659,9.49352407352267,9.61047889854494,9.7824115177002,9.80223617468162,9.88810616693486,9.97329397196625,10.048089757309,10.1185601255487,10.1609828499065,10.1684993141352
12.830022579399,12.5912803877838,12.3056291824436,12.0407511326729,11.7327113656033,11.4128681048623,11.1009449988118,10.8395434865486,10.3902959679316,10.2649672446308,10.3775972704478,10.361084835436,10.3162606107775,10.2533577873476,10.2996661818288,10.3256872596542,10.3650369472017
1.75843551508974,1.72907295775987,1.71037465484988,1.64745915636288,1.57486513704821,1.51749838947338,1.4378416925225,1.38766439864278,1.30174550927705,1.25294729120859,1.27825661702942,1.28033700315931,1.26405957956,1.25670343705851,1.26841736670779,1.25837248750652,1.26241326860095
17.3127383241613,17.1723718469718,16.9606015215709,16.8192708720118,16.6062574405283,16.3095685488816,16.1148595371989,15.9834816502542,15.8695269001105,15.8909179652001,15.95592099893,16.0288328379937,16.1190613501118,16.1854106466501,16.3961395528553,16.5340832324818,16.6609761850677
17.070244028332,17.4613704973754,17.7448113183702,17.9862705021386,18.1706850898873,18.3471553010751,18.56288152562,18.7643721899228,19.0394686309406,19.2382490308832,19.3084502158375,19.4519636941299,19.601653276462,19.6969760339559,19.6701304012822,19.5995302286403,19.5248148555185
9.09081710486241,9.25634863247311,9.30618194124526,9.35799541177827,9.38263090056277,9.27798076424724,9.29884707115406,9.33602319388634,9.56949247380419,9.59336961160057,9.40320003609892,9.41805252807143,9.4737826897476,9.53184084715018,9.62166842140641,9.67322761322664,9.68586682292857
6.21592213758835,6.24845916055794,6.34259909032524,6.41274627265834,6.54287453511859,6.6650535078543,6.73210398406627,6.77176963589559,6.8493107668341,6.79775542359241,6.76463649339798,6.74524436628484,6.68067487011436,6.62260775475857,6.55968406122988,6.49900365926663,6.49226222251372
17.8395617734026,17.8071233192389,17.7922697445994,17.7797411490012,17.751118343548,17.7505172820767,17.7104895281409,17.6537086519955,17.6039748722949,17.5047097144009,17.3749810854624,17.2771471518083,17.180457924587,17.0976991862753,16.979607979487,16.9120213993048,16.8400511779146
8.97598971975882,8.77617674625604,8.54704168331889,8.34865067513645,8.12779909448382,7.94023568006117,7.71274869236533,7.55452908411303,7.24231335427722,7.12078198219864,7.2487934441384,7.26892788822685,7.2215320844748,7.18798897660432,7.34183836661325,7.40133414688453,7.54352085852366
17.894033996569,17.8133604123646,17.6079605527194,17.4213734444332,17.1215114690322,16.7876140229172,16.4960188748045,16.2367100307554,16.1073587745991,15.9006444573893,15.592351278624,15.4199984710261,15.3255896402653,15.2525933295249,15.1189129995922,15.0124670658184,14.9225755318949
13.1605373886117,13.2669362635465,13.3086135851646,13.3604195298218,13.3462914646215,13.271844972984,13.2850347825667,13.312686682737,13.5407879127376,13.5985044854449,13.4285926854677,13.4599308178893,13.5103986125966,13.5276338483609,13.4834628692728,13.4113640234781,13.2914996367236
14.8183076583796,15.055873673166,15.2508312721542,15.4381533867427,15.5656475664128,15.5701762595955,15.6640572563026,15.7216179917358,15.939729891819,15.922168584043,15.7658730283064,15.7464634564054,15.7730890993785,15.7984268443114,15.915056190676,15.9956468926115,16.0510861681327
15.278948200635,15.1946963661856,15.1017420223205,15.0237492929431,15.0011263001155,14.88935180985,14.8345231445083,14.7944767697299,14.8333363653546,14.8652761447381,14.7867307027878,14.7962780305653,14.8246196772312,14.8284710037759,14.9043572679867,14.9488689334154,14.9664405939545
15.8746231749387,15.9841306398331,16.1226106688699,16.1915611672575,16.3172839416616,16.3277449722336,16.3599202512629,16.3332450176441,16.4009392066496,16.2496968983492,15.9431128079189,15.7393526130061,15.5346466715509,15.3055951503091,15.0358449435691,14.7879437481534,14.5167958770465
19.9192583756305,20.1039622137009,20.0656157407792,20.0443271046473,20.0024748119048,19.9163146184178,19.9061339609694,19.8849657163424,20.1247139966815,20.2322860411243,20.0602614925268,20.0963200657903,20.1930141840281,20.3056791296173,20.2608436495187,20.3028106640646,20.339753162904
17.8349294111107,17.7764088201005,17.7834501515226,17.7944191612656,17.8397732058289,17.9353677598559,17.9923780129127,18.0423140569564,17.9781847466768,17.883153644268,17.8303484062917,17.7437328960739,17.6288524699612,17.490536767416,17.3615069648613,17.2658305526534,17.1851895764081
22.8469482654334,22.248834846636,21.9444654880016,21.6954338957289,21.3808049556659,21.3579347800101,21.0241335163355,20.6712031727039,19.9243549642201,19.5891332445434,19.6246766649734,19.369134697684,19.0321878676559,18.6725104441083,18.4060506786733,18.2660765865395,18.287262793824
7.78208309824675,7.88296481059541,7.90538606549747,7.90304961961484,7.86723904260604,7.7906403250913,7.71353371803407,7.61860889860816,7.53007034096592,7.31513890252236,7.1832441169363,7.03973359130055,6.87666985951441,6.72997867040267,6.65005073299364,6.53485288286037,6.49864930414933
11.3654642210542,11.2765726166409,11.1248994568773,11.0282763463007,11.0496027268491,11.0010362605262,11.0375787183385,11.0958301287187,11.2627720324853,11.4424604712697,11.4279705381067,11.5200086633198,11.6258101563892,11.6998385534512,11.8231511480352,11.9162169500781,11.9804088967184
9.95157478277115,10.0123809489114,9.988431494507,10.0291555244673,9.82644977070057,9.66706694180881,9.57731765243835,9.54014450511179,9.34712082822409,9.23854157375622,9.47015954258497,9.61319250879062,9.78339415276129,9.91021796542455,10.2895137601493,10.5871380144145,10.8766910823196
16.8062732908007,16.7227409819501,16.6531175042117,16.605092641433,16.5481548419229,16.4827291065256,16.4460906676008,16.4191387517536,16.4072917996406,16.3215514258274,16.160943537446,16.0430108192084,15.9008005802965,15.7455520039672,15.5630600713282,15.4114019014125,15.2891777759895
17.7398983929351,17.6518671482547,17.498496068371,17.3658464179022,17.1486276739999,16.8973313862594,16.6679727174726,16.4322363581179,16.2469568233872,15.954269729102,15.6498900401504,15.4156814801385,15.2045359394792,15.0231949358019,14.7905692770996,14.6079681454505,14.4933258565897
8.01455029917734,7.88590130907401,7.75207672287517,7.62253741260234,7.46489010083492,7.39041924065572,7.23318690650164,7.11858627811706,6.86529916418939,6.79068289067741,6.92441107967331,6.94940189182648,6.93738667571522,6.93126043427119,7.03812321517885,7.06333287897762,7.13487041526925
11.9273324999463,11.8255456499856,11.7018312747517,11.6183371879959,11.4937241774043,11.3287920609587,11.2016567218084,11.111687257902,11.0483685680828,11.0954807402893,11.1733709373307,11.2561789112403,11.340508091169,11.3839903192196,11.5095943496651,11.5734152658178,11.6351002791541
14.5583258442079,14.7006091407736,14.689377349281,14.6905988330102,14.7299866405413,14.5874646225224,14.5865119998796,14.5423233228133,14.7767271493648,14.7056920581127,14.3718226443683,14.2625792860636,14.1808640272193,14.1060413063683,13.9749089747561,13.8556367769129,13.7149983413869
10.6503762947789,10.559730875117,10.6561374402876,10.766265156243,11.0341028543731,11.3102887234728,11.5645048106694,11.7733372010859,12.1069971501132,12.3452059078397,12.2890482308471,12.364166685728,12.4234137081967,12.4591891120099,12.5090060823317,12.5638832429482,12.5545651186525
19.7846150985476,19.6516949622553,19.5297233248759,19.4180886144336,19.2572162623923,19.1781127275618,19.0297554097863,18.9011748066154,18.7364547629344,18.5175445163041,18.2735521439379,18.0390354362586,17.810559863009,17.6052719767884,17.2987085062172,17.0763768008876,16.9052504496748
16.3132041946098,16.5191444152556,16.5777762005244,16.6059448175257,16.9088030729613,16.8465377857552,16.9834086594305,17.0415310291544,17.6225953201599,17.7546430150836,17.2295739681429,17.1361219942646,17.117420844641,17.1118738519129,16.7746899797733,16.5166379935506,16.1878958977457
13.1099208896558,12.3171650544023,13.1687928452594,13.8575208464278,15.0727136419411,16.3972350904453,17.0360034267592,17.5400224372341,17.8208279813256,18.1570818054534,18.341958352502,18.5077187827251,18.6217889057548,18.7353712477799,18.8663909915512,19.002440308146,19.0922797779002
9.88876106205763,9.87469649219183,9.92073122974931,9.9145597273885,9.92807010323729,9.96636036231556,9.93263526581535,9.92575845400231,9.93577754379245,9.89898555963873,9.8268230330084,9.82077389454096,9.75645372815,9.68524334321206,9.62471486422812,9.56061914423332,9.44910290103288
17.3500488783854,17.4272031887994,17.4440309754982,17.4306392727451,17.3803428752926,17.2734399131551,17.1940792882876,17.1244767873851,17.0761506743058,16.8358531644703,16.5895707119326,16.3988087820082,16.2271331585666,16.0466778292233,15.9813182500954,15.9027207058589,15.8158036776993
15.6806437328116,16.1962508019475,16.656525883725,16.9950841909905,17.3412278702481,17.6041395859079,17.8520067248109,18.0455864445654,18.2698825350069,18.3201832482799,18.2496403159588,18.2782095526797,18.3080999592431,18.3119822944619,18.1843730422336,18.0953000211858,18.0065656241282
19.3790641933121,19.2646438350842,18.9368888886921,18.5823141857756,18.1343911626459,17.5915537741598,17.1866368947139,16.9061422967591,16.8180289494991,17.1535726020434,17.2058367576518,17.3439864426124,17.5554117529191,17.7519657852197,18.0013753424113,18.1390725753638,18.1774597059566
12.4723623458307,12.6122656665879,12.7032373974349,12.7594250811391,12.7321020863518,12.5827652798464,12.5260103465715,12.4214903110531,12.3141090877787,12.0898498492653,12.0214460560686,11.9247196660384,11.8602243847038,11.7754792899837,11.8432894522579,11.744529903326,11.6530553090564
11.2697914354429,11.326221029085,11.3359386392408,11.3398239567888,11.2769301522989,11.1442212158498,11.0519275697087,10.9564394537486,10.8682924662508,10.5815527647028,10.3567283738833,10.1813210605738,10.0877498634731,9.90968968951703,9.76899252053311,9.68167735892338,9.61233411623342
11.2661694327186,11.3175050360291,11.4299970437999,11.5307324846821,11.7276479134528,11.7859090836931,11.8728402192666,11.8962944422926,12.0456591375523,11.9453387313644,11.7101061203586,11.5885298567525,11.4671724756898,11.3254688693756,11.1842221558447,11.0573129418058,10.9230352804294
17.3771403852361,17.2171105075029,17.1259235906586,17.0501718427794,16.9539081153541,16.9046125191131,16.7837310603059,16.6621732186547,16.4249717047798,16.148405419588,15.9852285495812,15.7632886541671,15.4929634209654,15.178379344057,14.8955561557388,14.6757953143944,14.5073221653435
15.13191125329,15.6664026499709,16.0852877822869,16.3795137187208,16.6552067109742,16.8435047379475,17.0452296181904,17.1996883538416,17.4024850583728,17.4061625514579,17.2748070123665,17.2342214241124,17.221419059672,17.1820522005242,17.0916998894521,17.0375127285483,16.971867286031
15.0755834526036,15.3639234173643,15.5702524766575,15.7400957096305,15.9123756865278,16.0337440208991,16.1835229049899,16.3029564758736,16.5217311205632,16.5891343851418,16.5106729764355,16.5394215695702,16.588084057003,16.6025069039832,16.5763581607245,16.5622097853851,16.5320732530175
20.1788116850217,19.589930896085,19.0404733163658,18.4973635483186,17.7679218812106,17.1588508287952,16.3505491691749,15.6791026336789,14.0879498491957,13.883333251399,14.5069849804767,14.5214638230829,14.5312209294772,14.6756591468744,15.290594436521,15.7080363814086,16.0123615921966
12.3970387885968,12.574267188114,12.790385972188,12.9326955123644,13.0996015836548,13.0581654187285,13.0876327310309,13.0489710971159,13.1743929290666,12.8266958399529,12.2885213387004,11.9365866399564,11.5564217299743,11.1723472311118,10.6471448593157,10.0920968740937,9.53814253922049
12.8420069122296,12.6514890448965,12.5490272813693,12.5217180492755,12.5318785694077,12.5520404694474,12.5895224363531,12.681711668156,12.8105488012818,13.1204770638529,13.2648833162491,13.4345613287448,13.6027607924417,13.706205675415,13.8153441296363,13.8709613826464,13.8942190814717
16.1412697861968,16.0339850011351,15.9713404520358,15.9378499344598,15.9396692378439,15.8601422558486,15.8221315805139,15.7757362433652,15.7831795301954,15.792562704713,15.7224893529101,15.7141384562208,15.6998059587782,15.6523543544984,15.6063195817025,15.5632598168577,15.5141490811451
13.9094610872131,13.7989231321478,13.6838838008963,13.6247751526528,13.6078611420446,13.5726443371711,13.5926453756915,13.637834869666,13.7991438711671,14.0916093427081,14.1688938141701,14.3302798664662,14.512883684983,14.6486863017853,14.7964047195297,14.9120828804192,14.979862582862
16.2001506279263,16.2448660772651,16.4411820644719,16.6240036644701,16.8087924956869,16.9406646486134,17.0378131915672,17.0967810783136,17.1551360441572,17.0841910435642,16.9892647644883,16.9285895222645,16.8480735269218,16.7440054704026,16.6175455975827,16.502276394561,16.383335403415
20.8569618287783,20.6551161108732,20.5798409251174,20.5150391853142,20.4105197352721,20.5227175199266,20.4541819231866,20.4236139058381,20.0928059215738,20.0784909704053,20.3505808294582,20.4292781023096,20.467932471148,20.4524605303921,20.4258819424522,20.4193414403161,20.3931097854026
18.0470901816349,17.8358995050778,17.6204996480624,17.4056289352635,17.0900319489074,16.8672448096347,16.5724605874706,16.3052105056461,15.7478667920226,15.4337890288626,15.5450765285859,15.4274294669231,15.2984646999579,15.173276832245,15.370864891581,15.5217637530776,15.6661774924817
22.782177491507,21.9771837299865,21.5941800552641,21.291783057345,20.8768690305713,20.9604263254734,20.6199746432514,20.38907618614,19.514459053063,19.2958518666992,19.6576423137978,19.5769031460083,19.4174653818008,19.2097797907723,19.0922816808324,19.0144925531481,19.0317978806135
14.8076917967219,14.7489727731757,14.5521734191848,14.3805705472052,14.168378205519,13.9083498284846,13.7587231338253,13.6362213261672,13.6381900686901,13.5879920947965,13.4490629831144,13.4267515080458,13.4534097702657,13.4993780124513,13.5788739057605,13.671795877163,13.7398436061131
13.4082201263646,13.6722243832163,13.8294177449615,13.9218079781729,14.0344971691623,13.981233571882,14.0061277351847,14.002956986221,14.1883560565458,14.0465220222514,13.6754553894707,13.5017423361921,13.3586292561426,13.2332359835819,13.1172717975925,13.0197829553232,12.8908040128332
20.0880155471536,19.9441423643607,19.7954565667127,19.6690336971692,19.5307866179127,19.3799680102736,19.2093363167545,19.0522953681104,18.8947033228282,18.7032648114156,18.5384119154168,18.4066591281328,18.271993457889,18.144901542016,18.05071475699,18.0228098884825,18.0343497304338
14.8475913026912,14.9449441860097,14.9098910467757,14.9198804975677,14.9291890110517,14.8742314151348,14.951316606295,15.0496013458284,15.3180280078957,15.6088390644733,15.7187863766603,15.9310574390792,16.166497759061,16.3411315731527,16.4753616172455,16.5605924052878,16.6280583037956
13.9046811680832,14.0550846802498,14.2271269667894,14.3403672192378,14.4652260839626,14.4721516871831,14.5173653704689,14.5108255543875,14.625117138828,14.435519408337,14.1204992258137,13.9330830098854,13.7520419466328,13.5796264149837,13.4084760955607,13.2235843132055,13.0302423399069
15.9954409416092,16.0843754691464,16.1064632956465,16.1418166174741,16.1636363588603,16.1646531092227,16.2344490976323,16.344501424242,16.5510857078853,16.6492468378246,16.5981391540817,16.6630413015507,16.7398038750573,16.7902479092033,16.8136643608709,16.7882531329564,16.7618482776886
19.5555923247574,19.451863563302,19.3668349589444,19.2937711193902,19.1556948649324,19.1136372960844,19.0073760625299,18.9242983100991,18.749064166414,18.736656114964,18.8337100941848,18.8969954672341,18.9763777190242,19.0261570547937,19.0785661042776,19.133639590887,19.1371371883889
19.1740970321375,18.9313149166508,18.6864454662231,18.462529321006,18.2351411673336,18.070316483322,17.9183858068454,17.8112278186122,17.7915920815938,17.7973693440301,17.6924817512284,17.6857432662764,17.704238324142,17.7164987101538,17.5729576400879,17.4878811420239,17.4093781831499
12.4226075477493,12.5025728329253,12.7034111194261,12.9652455508731,13.2577236371464,13.5846608443672,13.9300561344173,14.2580130225216,14.7100970593067,15.0187719016096,15.0271459246906,15.1882333519078,15.367254411158,15.5139851368736,15.6820338396758,15.7990063386666,15.8702700432785
20.5518250945345,20.3643873947364,20.2187909972279,20.080040295323,19.9674980149405,19.9039988765755,19.8070722384891,19.7482339763526,19.6390795567417,19.6418974619299,19.6712186368034,19.6764344215958,19.6934701710342,19.7077833336755,19.7270987712553,19.724880982716,19.7580875822956
18.9490630856669,18.8488253278748,18.7977179224139,18.7213203453018,18.6081689242091,18.6819044073846,18.6412001773115,18.5879948950117,18.328082373523,18.1474778259182,18.1021363965725,17.8714481880519,17.6012683448956,17.3114309872078,17.0678600736649,16.8599276254151,16.6366562708332
11.0560803571006,11.0736039836159,11.3854291190615,11.6473138106318,11.8127660544681,12.045458654971,12.0900853934848,12.0585445915435,11.7162866791447,11.4247402607435,11.6084229611274,11.5342073933265,11.4241111180531,11.2936611813669,11.5149717927695,11.7166983718091,11.9333161444955
19.504910999033,19.3095324732529,19.1453220569483,19.0017950309027,18.8102738560581,18.7181383425221,18.5663922026467,18.4559739616743,18.2556327442111,18.1745924681977,18.2047048390132,18.1902082094581,18.1669182517701,18.1285283464477,18.1293414731145,18.1249408782979,18.1418681393237
16.8964048189807,16.8116948724856,16.7507534765098,16.713035759807,16.6632973604653,16.683627633447,16.6546837147843,16.6521041423767,16.5769568738194,16.5804543072091,16.6353902168716,16.674846512743,16.6879092091434,16.701618449628,16.7434551956473,16.7930973985782,16.8431307520892
13.3835525068838,13.684745176889,14.0083874710405,14.2837314786888,14.2003208770547,14.1921401124023,14.134881167891,14.0109568693519,13.8509244188702,13.3489496914393,13.1251301139925,12.9061330647348,12.7198587955675,12.5074273290187,12.362983005938,12.3088419015671,12.4082172857534
14.4196364706102,14.7014391302505,14.8507991081174,14.9444985975721,15.0488859805866,15.0408063581636,15.0895761073121,15.0898370258149,15.2720802228695,15.2055361486222,14.9033693108625,14.7900976497568,14.7084929021535,14.6784466443392,14.5880346935638,14.5433865655154,14.4731758677046
11.5230254946581,11.6207269463403,11.6605452235809,11.7286577885892,11.7545391950153,11.7736694632114,11.8822830599663,11.9807589389998,12.1821064703579,12.2954523079656,12.239624139236,12.2791546196273,12.3473073188473,12.411608214281,12.515056656466,12.5733782171756,12.5841424259565
8.97597338020148,8.93456190250218,9.14317714963183,9.30165147535529,9.48531533124757,9.86606821648308,10.0182962325432,10.2202323209943,10.4253127226007,10.6206362290431,10.6782386114745,10.7960416647759,10.8799428708239,10.9253769810628,10.9822476037554,10.9945027028972,10.9843644171763
12.1924398899788,12.8936631361437,13.8035905610971,14.457633993255,14.9948875539653,15.5113723022733,15.9018125434051,16.1897009743113,16.496214504911,16.6376148215365,16.6228783874607,16.6741103316873,16.73094823168,16.7344689126147,16.6268482679447,16.5300447756261,16.4001264784616
15.1756507409268,15.200375195381,15.1654298329176,15.2067407311726,15.1948928271718,15.13171240136,15.1590501600192,15.2129005634941,15.3878863667895,15.5414657863596,15.5589395158423,15.6747782394454,15.8135100931839,15.9055809201632,16.0242441263044,16.0836708760702,16.1278954762123
22.0016429114766,21.4269956333408,21.1007828297174,20.8292333159461,20.4575847454087,20.4008974984945,20.190351507379,20.082983790133,19.6974613970637,19.8304529792417,20.2154955329471,20.3814755890365,20.5050537678966,20.5587554840056,20.4960610781537,20.4408372211409,20.4180127259493
15.0343453577224,14.9466828042819,14.7788721745517,14.6454236527032,14.4412899991491,14.2217060558608,14.0784463679416,13.9883832557114,13.9482301130067,14.0236768142946,14.0795251958556,14.1756423046148,14.2875574433297,14.368600275877,14.5227565120485,14.5857386029733,14.6265163720637
14.2455311023652,14.4775647213791,14.2642032550001,14.0996005109726,13.851587754487,13.4265326042665,13.391031686551,13.4406638420111,13.9824096314393,14.0976945565545,13.6988761176107,13.6959044654778,13.8005792730683,13.9251955695811,13.9345681666482,13.9236607073253,13.8534646901526
18.5714797694974,18.4654238331327,18.4096225320682,18.3457884258613,18.2613317105096,18.2564943496175,18.2508205465188,18.2624665188382,18.1945015877337,18.1585822090048,18.1564203902238,18.1303948679504,18.1049987293099,18.0583756461322,18.0200041956232,18.0093581108151,17.9799253017114
14.4597298715149,14.9490595235741,15.5158502074782,15.9198216621809,16.4616005186086,16.9359410725436,17.3235683344984,17.6121008838382,17.8661672566616,18.0783706612821,18.1905551814417,18.2793738360454,18.3680289299657,18.4165108632459,18.4048911895156,18.4102008055417,18.3916301227557
20.3286566589445,20.2540924311063,20.189442652793,20.1200681770451,20.0165940289765,19.9721414101873,19.940373685403,19.9480337522856,19.966292937997,20.0297552109051,20.0591609802428,20.0465504137251,20.0492465795495,20.044538120539,20.0337719460071,19.9780650172338,19.9112239192285
6.22002443248493,6.16684114190342,6.19968220656201,6.24972824883492,6.32215425189599,6.43997502312968,6.49900852894297,6.53780893471207,6.55448615345828,6.59708040877268,6.63580827598701,6.67010345170611,6.66978439598061,6.67349188173963,6.70709277829362,6.71067177486063,6.76446873272988
14.973763592492,15.0051220461841,14.9345627710901,14.8478668766505,14.7783735903344,14.5801895060193,14.4997632031645,14.4313233706147,14.5585316843655,14.4743433575456,14.1471454326439,14.0182592123404,13.9337160554667,13.8522702075829,13.6950915298446,13.5500878665417,13.3576513531901
10.379949469055,10.6651904537848,10.9501347154521,11.1817015211106,11.4277664403845,11.4840052139042,11.6656584868728,11.8044573544912,12.2169169221257,12.2468678796186,11.9575869233436,11.9420464937846,11.9569295135319,11.9631441961989,11.8638825647016,11.7626879873995,11.6548725659376
20.9123044936174,20.4988535797955,20.1989919598216,19.9475174010774,19.6932408559782,19.6658688449553,19.5263918884283,19.4934647153879,19.2590613876933,19.4205431277414,19.7291826906851,19.921672495561,20.0891600722055,20.2164021952859,20.286993576663,20.3672764067201,20.4439504415157
14.2580169387503,13.8606188155599,13.4272090328486,13.2287636660002,13.3417833137691,13.8683553006574,14.314019066551,14.862362617967,15.2019023026236,15.8582071842923,16.3147977498782,16.6772200077812,16.9842841977566,17.2126593952325,17.458596473926,17.6607871993287,17.8040132504486
17.3201372817704,17.4897926504845,17.5583510008035,17.5994683735635,17.5679244164295,17.5711977919675,17.5629604775831,17.5313488767424,17.5341881553213,17.4436941381804,17.307093221278,17.2369003797432,17.2127129381352,17.1609719015422,17.0294289040996,16.9361591382917,16.8658881538137
18.8853992686235,18.6315578252589,18.3618754134926,18.1118793777014,17.7684552744011,17.4085421196521,17.0096074186168,16.6429812522041,16.1473335613906,15.5617750380008,15.1401650161575,14.6525903023221,14.1020778708874,13.528300041459,12.8725276433151,12.2450489466687,11.796672238243
16.5360569146501,16.8149171427531,17.1373838779475,17.3524336610057,17.5457882474964,17.6839465703432,17.804221887631,17.8790607595463,17.938755058243,17.815832545551,17.619362765725,17.4802510366027,17.3363929159777,17.1585224653489,16.9626053500082,16.7776596203805,16.5796563758594
10.9292870416827,10.9453487261193,10.9107703724339,10.8680000100855,10.8384918218757,10.7208418463778,10.6738363168766,10.5924412393316,10.6361538081826,10.5171918099671,10.2591805412726,10.1200094644411,9.99393955034736,9.87699346806274,9.73216736658191,9.5994976041223,9.45741566551906
11.1608130671762,10.8242678335889,10.921551234469,11.1858275486408,12.0779710678272,12.9513651080217,13.661673580349,14.3250865650566,14.8784764042118,15.3864225150926,15.6325174693331,15.9088637806577,16.1422764502643,16.3089861389724,16.5786182552095,16.7788855175623,16.9063112788394
12.8833377413563,13.4640443212193,13.989339077418,14.3784791744756,14.7943607364281,15.0696148014441,15.3499739265735,15.5551645645934,15.848089666642,15.9445578865029,15.8748773959052,15.9081996803393,15.978324341438,16.0166111215379,16.0598527755924,16.0889935744196,16.069386575072
16.0548913914805,16.0881860470125,16.0227281918933,15.9437441326416,15.7636654546568,15.4869648741574,15.2754198049983,15.0405165814932,14.8805068663514,14.5093035759706,14.194157745271,13.9397553502087,13.7118582034123,13.4703836358085,13.2311508047803,12.9496128217015,12.7181807054251
16.3416053680627,16.302044404614,16.2258423560214,16.2371201554567,16.1370566460173,15.9853369299607,15.939977685769,15.951338238993,16.0576455819869,16.1934943594612,16.1602900085781,16.2376259133123,16.3521183156932,16.3791040357956,16.4273627709305,16.443936894157,16.550962632025
12.6601383372989,12.8734826350387,12.9819221976726,13.12419846859,13.2072585221261,13.2654396196093,13.4137578512019,13.5626040490816,13.810755631981,14.038264776541,14.1109536317447,14.2647484830074,14.458469819456,14.5982626198805,14.8206212505824,14.9674223734661,15.0480699814232
16.425007342722,16.2372262264191,16.1523888561637,16.0663285475404,16.112758878915,16.1725391733804,16.174165421421,16.1770590525579,16.1820964656914,16.2860002319244,16.3292897307079,16.3975956309525,16.4773912735092,16.5488948138002,16.638194941812,16.763700215195,16.8492108282124
16.8120774185962,18.0126473995275,18.8196910392234,19.2693384694121,19.5943009495437,19.8412489770187,19.9681885577771,19.9983596076546,19.9929807850415,19.7571556887237,19.4152158816105,19.0731962540839,18.7039807844907,18.3265880031507,17.5566047258628,16.8751969189696,16.1518702387289
6.11398893795693,6.04272366811933,5.93971294670412,5.85458142453672,5.69305233807096,5.53095113174627,5.35212596225148,5.16935588806798,4.83072535813626,4.49499864384494,4.42830521035619,4.26047789863478,4.04420040910598,3.89201603290663,3.92348557885054,3.93949028531642,4.11004716376462
20.3295128754232,20.1004935796109,19.9579114887242,19.8644779616275,19.7057945036705,19.6737997745954,19.5509723193137,19.4799039642385,19.2337336709034,19.1891916887285,19.3173793672699,19.3413035546883,19.3560083209963,19.3210765094207,19.2715822239281,19.2209236617974,19.21701429585
14.9496678318459,14.8648891056811,14.7641606308096,14.6756471248999,14.5845126798553,14.483530419696,14.3973064590627,14.3235791032434,14.1775397622701,13.9711551629067,13.8726878921596,13.7506585049416,13.6186993791138,13.4869709581048,13.5400265079237,13.5996478834264,13.6557628416492
20.4738842429031,20.181902532693,19.8093206224485,19.4720587374269,19.0877543738456,18.8062149161576,18.5933390988369,18.5033708570855,18.3668717067532,18.2794724010936,18.1523501674689,18.0535116699575,17.9504504424565,17.9301910407813,17.9941161403091,18.1277429133105,18.2551044182704
13.9216430462633,13.8452922598454,13.6432919055556,13.490280194789,13.3464239485229,13.1149741734013,13.0043693475647,12.9727510872487,13.0179527556996,13.2023846140299,13.2705654965675,13.393687111618,13.5512332758917,13.6722021737181,13.877398255389,14.0125802654623,14.1035690072819
18.7850935397136,18.7740194769366,18.7269896410748,18.6515900533162,18.5584309156708,18.3774393560782,18.2468033821458,18.0841147231878,18.0059105900849,17.7188867767256,17.326626611592,16.998521345984,16.6880887547635,16.3922156563635,15.9863519508385,15.6184748953672,15.240261943297
5.66276822726276,5.70538456286421,5.76780882334559,5.79370424250804,5.78963652088762,5.77251598643161,5.73174797182359,5.68764861146492,5.6639739852908,5.48383239417547,5.35058810975672,5.24091843064001,5.11052404262747,4.99848598149419,4.85911411031693,4.73126188543632,4.68436528609298
17.6173619434643,17.6756727014124,17.6553989108484,17.6097166829378,17.5284678428536,17.4680087507722,17.423431359759,17.3885783656921,17.3833896327839,17.409291695077,17.446373503118,17.4885776597748,17.5636721459527,17.6191581274313,17.7373220576946,17.8477701540887,17.9130499620132
18.694243616649,18.6153725289661,18.4521638798713,18.3104382180572,18.1294671947403,18.0590869572762,18.0178626246837,18.0439431470336,18.0414024533938,18.1528790927377,18.2602970841036,18.355818932444,18.4666348535066,18.5444757695396,18.6318498355658,18.6773987924901,18.7003821581636
15.4062410512472,15.1484636044422,14.5217454503191,13.88630342525,13.378541463292,12.7173326162147,12.431425270354,12.4235006246007,12.7424710462493,13.119593725496,12.8779647327934,12.9853552887356,13.1402031944294,13.372105428159,13.6574913586516,13.8494672411055,13.9092754489635
15.8237097327542,15.9787007815984,16.0448764572113,16.1094247015139,16.1643229258061,16.1525398995917,16.1991315231535,16.2222957936638,16.3918123864677,16.3078799183568,16.0110553283202,15.8643860305736,15.7357420967561,15.6132649955459,15.4190549826122,15.2485053098837,15.0685723804989
11.256531341023,11.2383546195719,11.2289030149914,11.1781346754975,11.1054135503757,11.085142357911,10.9650795610259,10.7901032066351,10.4834366365514,10.1866576237282,10.0898137550431,9.87494572993883,9.59543634942416,9.31759147333837,9.10611369640992,8.8492690432648,8.69587105457681
19.0520564186009,18.8891252636648,18.7338102309365,18.589610552037,18.3576501430829,18.1741201877717,17.9969634112954,17.8651657239466,17.7639089992921,17.6254029980012,17.4186868866356,17.2980513579219,17.2522696695993,17.184812268501,17.0597259635303,16.9405562430934,16.8278956769644
12.0464187351254,12.0035905677631,12.0457061941027,12.1215484861944,12.2323818245886,12.3065914834114,12.4223071171488,12.5268723240545,12.7963067326757,13.0081583289649,12.9824165378836,13.0887153324485,13.2169874396415,13.2944223747264,13.3142128466481,13.3153988806065,13.2350313472763
15.2134037658943,15.2316723727501,15.2205189283389,15.2135387179286,15.1981127759425,15.0882019066906,15.0447119099413,15.0010908185622,15.0386509019436,14.8597899500573,14.629165467188,14.5112010098352,14.3993235134875,14.2953746022418,14.2543497517552,14.2146807837943,14.1984872373996
8.07635204577968,8.23334743089189,8.32251365362021,8.41901370052313,8.55332898063554,8.68314458885115,8.86247029590369,9.05820990916242,9.29527256178926,9.51601529656183,9.6094797621191,9.76743067373963,9.89506731415125,9.99639722475309,10.0857139570274,10.1774399457045,10.1894705751067
10.8924185147656,10.9691808822693,10.7382265712356,10.4606594895015,10.2528656214167,9.85620341525366,9.57768549301435,9.35013127677097,9.46024782469921,9.47906328174582,9.18698044167973,9.16710197041169,9.17830416161532,9.24015568641125,9.27678069308688,9.24356477096349,9.27457100721581
9.18924207983293,9.16432068071089,9.24442436603504,9.30779114860202,9.41094493259094,9.53533376847392,9.59636985293794,9.64163224177974,9.64079843488466,9.57153399657364,9.59444454130845,9.57252030435411,9.49393614466341,9.4101385813227,9.39013934742239,9.28895496702041,9.28087755787007
11.6666388874559,11.6391021427993,11.4348247097676,11.2545129125289,11.0181121521959,10.8050920992544,10.6977411462725,10.6398858918998,10.6756891962997,10.8386864829921,10.8765980587343,10.9718989936084,11.1207700103014,11.2686291696902,11.4855422854019,11.6585559449991,11.7710326762598
23.0201744260916,22.6102542096298,22.5046677232332,22.4523759564656,22.3802986936731,22.6294608910308,22.6650705911517,22.7836129529545,22.5627026538217,22.7610675831961,23.2307357335423,23.400278976974,23.4838019111371,23.502920414337,23.3535450477202,23.2165843369587,23.1618273515581
18.6756138890497,18.7099110557981,18.686340127554,18.6464394781392,18.5508922649413,18.44499684283,18.3427476823959,18.2192885328716,18.0723380726006,17.9117513341344,17.8007714530617,17.6871518072541,17.5908852729163,17.4858954107595,17.4499412051725,17.4409162055114,17.4315127503084
9.08590766305277,9.13627084879022,9.28439096528971,9.30257654237597,9.34731334610466,9.47640856792083,9.43471961230283,9.3780106557252,9.15620401133209,8.77385644822577,8.60045806629511,8.33408928761105,7.95458233857107,7.57996180305919,7.3005822105694,6.98659523753241,6.7771634806796
21.2337583410992,20.9215130551512,20.6513600245085,20.439281450493,20.2004602980326,20.0590984156865,19.8733177809942,19.762379085895,19.6281852363225,19.5394671729832,19.3898096311418,19.2761133669963,19.166551058532,19.035488256002,18.7573386673889,18.4861522523988,18.2371194884912
19.9771232832609,19.7570550819819,19.6237338876636,19.5220290075325,19.3588427712834,19.322041662785,19.1656137825669,19.0562216199703,18.793073432221,18.6823883210409,18.7030603940234,18.6347626487412,18.5515573920747,18.4329717078269,18.2628116106073,18.1280095611257,18.0631572452814
19.0056159798434,18.7951901206725,18.6197284309916,18.4722793718264,18.2490343360172,18.1558113785251,17.9766687010331,17.8577083937006,17.561237640699,17.4450601414544,17.5329095094325,17.5137185415813,17.4987223359562,17.4598834325365,17.506977843538,17.5467309848984,17.6008624635387
18.1266708147869,18.1209645279452,18.038845319427,17.9316340609357,18.0506578857692,18.1870567154952,18.3353400846608,18.4884888516957,18.6506365822768,18.7357801625197,18.6207924126552,18.582862043138,18.5455143897666,18.5247312171423,18.4266874114159,18.4020956888419,18.3255182455395
15.2511457011589,15.1917951574287,15.0900967364593,15.066414397113,15.0627014338717,14.9432141184957,14.9324526137287,14.9721448202559,15.1836764113277,15.2615969661866,15.1449662855622,15.2063542563355,15.2895057955006,15.3486289861631,15.3799461121715,15.4177343610239,15.4747362495684
15.9259264254883,15.9634238808562,15.6271837396303,15.304934101983,14.9323151717658,14.1445273375575,13.6813447068174,13.2313926333282,13.555788425839,13.3799833412648,12.4605213682207,12.1766812763162,12.0781481421422,12.0703646006211,11.5271107053666,10.9990428414204,10.4583637688696
12.7422924073822,12.8455379944989,12.8103527309586,12.7379098804261,12.6151326132205,12.4099270513269,12.3324525481312,12.2525895579518,12.3904608929296,12.3355236524948,12.0356267223564,11.9346361056746,11.8650565894524,11.8065923045886,11.5995727498392,11.3994483817203,11.1872855660095
11.6776878561013,11.6261631919559,11.5345019800226,11.4473453185531,11.4036778337214,11.2929850546674,11.2862156141323,11.2723539125416,11.3395977500753,11.3575694239473,11.2611240335712,11.2513325277798,11.2749930344583,11.2743068320882,11.334889267065,11.372014572231,11.387393564242
16.2623992200572,16.7338864999457,16.6675808082262,16.5822582785905,16.5596195186054,16.2734728973483,16.350274068381,16.4426290477909,16.8623925327511,17.0142146002181,16.8781086454482,16.9360282657832,17.0867146172667,17.1623660756887,17.1830793929158,17.0955502052774,16.9427169941303
19.2536608599082,18.901149740989,18.6524927121638,18.4399539046693,18.1690376148909,17.9497460550802,17.6754713322006,17.4576253082339,17.1466402689413,17.0711484207582,17.1437831097086,17.1566123291111,17.1404732558146,17.0786151042257,16.9742594792701,16.8717589176603,16.7947312134986
12.6722190972146,12.9853046312685,12.9381049879238,12.9048147904119,12.7840264741581,12.2782736035506,12.1323095323247,11.962959013556,12.4941888040224,12.484479411968,11.8515996303366,11.7347232736487,11.7538714470733,11.7441381003097,11.3146355153242,10.7716768129909,10.1302338626805
20.1844339528996,19.8432790379534,19.5774165381875,19.3522120222189,19.0483493835334,18.8702197556502,18.604886643242,18.385234573267,18.1167967707037,17.9935988399155,17.9055719721949,17.8321904248139,17.7687466079994,17.698874919764,17.4900996036895,17.3110107844444,17.1679677421287
8.41287965431864,8.2193817710629,8.08447959009141,7.91789140181504,7.6992581867408,7.52426450187432,7.29574841075512,7.08989904745966,6.8023714891723,6.59871120927143,6.60737262289655,6.55807290538932,6.46776385493427,6.38738963137787,6.36555541974744,6.30330456117031,6.35611906104911
6.20879555057655,6.7458201719889,7.36912169470875,7.82601221195197,8.25774005453184,8.68155995838545,8.96640144347952,9.14743669201005,9.34595288788013,9.33711464028847,9.22985597541165,9.19529580991723,9.16506053146696,9.13310267613974,9.0496265525276,8.99491595541692,8.92121481018002
19.1133505172521,18.9338550419044,18.8442562173368,18.7949326390093,18.761999867932,18.8755133982169,18.8951894401062,18.9710470600741,18.8444136768221,18.8608795231139,19.0319427759565,19.0941795858332,19.1315828865456,19.1416377691571,19.2029342846114,19.2722486501563,19.3628048943358
24.8414168187434,23.9679628699632,23.5600182314283,23.2593074413249,22.8579693303045,22.9819955280928,22.7067861776786,22.5814300334745,21.887467755232,21.9132753630789,22.4600736666486,22.6497818275419,22.7371749445851,22.7591078828858,22.5921326465843,22.476648911099,22.4264269229302
17.1072736159418,17.0956126067923,17.1324685394275,17.1635716953482,16.9840094026937,16.9039706737982,16.7389306496595,16.5588532142645,16.2728820479647,15.7746813118888,15.4921524946923,15.2095595932791,14.9214246845741,14.6393521756798,14.3989378150768,14.3278769210755,14.4401439880423
16.5472062173846,16.5581931879862,16.5404301645719,16.541511808486,16.9799142850733,17.0697019392786,17.2638084446669,17.4528409971853,17.8646867969222,18.1713423430591,18.1732886443005,18.3258044357757,18.4867991241048,18.5820813016132,18.5417566736395,18.5079709730395,18.4776732758621
17.3836325280125,17.5613095667301,17.8189158282537,18.012815605012,18.159780970359,18.3834699912239,18.4890799386796,18.5914780111677,18.5759033871967,18.5719700582504,18.5844357345084,18.5615279087142,18.5206708476078,18.4369691229846,18.2196242036069,18.0488271737951,17.8904557198753
4.25778205033563,4.2083588510264,4.15048277438015,4.09432301176773,3.98767385767553,3.87422345507938,3.77506641461413,3.68702963450824,3.60670116880184,3.53233307441722,3.50856518269572,3.48473667190881,3.45419344436337,3.44140485928632,3.45408839331867,3.41875559190884,3.40424668725112
16.0908851058965,16.2235707828766,16.380427925511,16.4509700998513,16.5234739908869,16.6009042522605,16.6034016855419,16.579108040188,16.5084934541037,16.4473713014957,16.4793587581369,16.4917040439389,16.5284489351942,16.5259592598952,16.5202487133078,16.5170132448053,16.5144014380786
15.1636808380137,15.2634945283212,15.2715643190745,15.2538901141939,15.2544440507439,15.179501172532,15.1584535669941,15.1236560228898,15.1911960481706,15.0441551969118,14.7348545517308,14.5630459213848,14.3923166091337,14.2734789079733,14.121645863819,14.0069592414133,13.8721629988247
5.77755092811966,5.69937043070289,5.54413324426116,5.4107037804159,5.18629383397725,5.00828463406023,4.79863849636955,4.62710698683804,4.29210657075061,4.21444754097741,4.44888740022652,4.55255094204221,4.61755074395914,4.67169407591801,4.92360607912026,5.06808702755887,5.29812358534712
17.657591934611,17.5925141883276,17.5509675141895,17.5287712956554,17.4962411693384,17.4809626309719,17.451521473263,17.4352083972472,17.4235130014361,17.5129954572166,17.6057687759287,17.6753489287502,17.7498832848556,17.7647452422562,17.7447467145727,17.6987481077813,17.6454979588818
9.47009268634047,9.99742352476041,10.6122894950116,11.0393585847506,11.5076458948643,11.8553374666216,12.1824338479451,12.3938211548355,12.7182026465466,12.786911726875,12.6414235010705,12.6167980092138,12.6191458279104,12.6026057857553,12.635775509629,12.6339756305678,12.5442986836177
17.809778165761,18.154217279227,18.4287487584255,18.6477575191742,18.8149709354748,18.9795445020949,19.1485955192629,19.3014578783227,19.4413913203002,19.4904714260964,19.4815402471738,19.535132237325,19.5897547824742,19.601753568249,19.4569506153538,19.3334966584617,19.1533727603926
18.8599118000741,18.9303361387964,18.9881276048158,19.0227827032496,18.9613139312897,19.0549216778404,19.0477823158697,19.0670695383071,18.9435675374082,18.9621754555806,19.0655487564968,19.0903246877514,19.1035898817003,19.0705223404905,18.8169157856035,18.5769504191907,18.3564050344881
8.66348755740933,8.76150247090158,9.19986071844507,9.58463507362872,10.0492268206793,10.5014361960444,10.8844039111192,11.1983740345273,11.61001801514,11.758972043854,11.638893537981,11.6880938374388,11.7428836879807,11.7735230718413,11.8189140997253,11.8387058831182,11.7831764445431
11.9986095634821,12.397767131217,12.4832471338239,12.5219681667097,12.597444806031,12.4676191104577,12.5749116332501,12.6323721668202,13.1132656327472,13.0934051942155,12.5929504661392,12.4296897631137,12.3459130958261,12.2524251264177,11.9180857232033,11.624897960911,11.3120380835508
14.1131599133963,15.72757572304,16.5117967995737,17.0891980736585,17.7797438563011,18.0473923751588,18.4385763235989,18.7126811545742,19.1533892744436,19.369394247328,19.4067853809282,19.5696123348133,19.7498183838539,19.8642496267291,19.8293835682242,19.8257039178027,19.7712479200861
13.5501281633474,13.6488254030703,13.6711759973321,13.6567625872848,13.6717988161033,13.5517618519196,13.5236819810064,13.4700513202421,13.6172310862094,13.4786130180126,13.1528575992368,13.014032910109,12.9131587277941,12.794904951578,12.6438480629112,12.4839230964478,12.3411668045091
15.7290200879923,16.0470465743306,16.3055340394782,16.5011949113834,16.7800524950674,16.9638170412334,17.1844546520836,17.364903355657,17.6515221904976,17.7770420647724,17.687432653489,17.696786253259,17.7168179584746,17.7040364858919,17.5617436824311,17.4610657056031,17.2850467033919
11.9292970961724,12.3541207238508,12.8505103520336,13.2044496003878,13.5118410492384,13.7521466499506,13.9569477432089,14.0841843175564,14.3263189460057,14.3125652135023,14.1425017169444,14.0562952329479,14.0131734396877,13.9405488994658,13.8890077227544,13.797693404669,13.6845756433403
17.8244347756055,17.6534174901615,17.4298327979255,17.2547559730651,17.0615800816713,16.7696473636652,16.5896264585408,16.4798152343379,16.5339048519497,16.5303999829445,16.3490664545851,16.3472516592238,16.3842799763098,16.3973055821266,16.2964140715892,16.2121254313942,16.1461667926072
15.8544182392863,15.8698909952166,15.8886137636453,15.9036714330941,16.0561256132941,16.1987173121028,16.3410965146271,16.4753313435591,16.5894544132579,16.7876895568882,16.9030431218303,17.0184806896622,17.1405937711807,17.2285782936744,17.3705023994728,17.475626486086,17.5392690119346
14.3489064832243,14.6791247709082,14.5761386534602,14.458578358288,14.2331182882665,13.7699340807266,13.5550838474099,13.3039278451617,13.6801107814885,13.8696254831001,13.5253416722747,13.5925483904587,13.8001746265893,14.033499073003,14.0850418743123,14.1142954410662,14.0834191390775
19.6456262214312,19.4332582833435,19.1576468596391,18.9211434160725,18.6769649946342,18.4546104346976,18.2795736201196,18.1862420131438,18.0934159624174,18.1428709242603,18.1224989278189,18.1559768596327,18.2078011196308,18.2410159612712,18.3315735082149,18.4020124661462,18.4336459393068
15.6491767894445,15.8707836535191,16.0510436457491,16.2045705590782,16.3521049601916,16.5399236739136,16.7205533877468,16.8675568220741,17.0737014892132,17.1936892048996,17.1690604949653,17.2231916160952,17.2950481927357,17.3678253863831,17.4231234690871,17.473858377246,17.4782116945678
12.0393406227156,12.1772558286584,12.2436630091061,12.3235176675265,12.4886169092031,12.5903084724925,12.7733616737455,12.9420171254005,13.3180572614611,13.6089041901894,13.5769285110072,13.7127044591014,13.8843923271071,14.0170780355233,14.1829826412507,14.3100552898808,14.3790480803258
10.8291720662342,11.1462804859395,11.4440309013374,11.6832723402561,11.9704056662392,12.0396685771598,12.2391546091195,12.3655787042389,12.790748407007,12.8232499485043,12.4938164833293,12.4256662119609,12.4051451578854,12.3639068629622,12.2126438951662,12.0148817914977,11.760934628266
12.1159720246423,12.3698602045613,12.6617651027996,12.8696924383986,13.124302250851,13.2872073877442,13.4698213447765,13.6018461717965,13.8383290881654,13.8012029036577,13.6039373937847,13.5298371793783,13.4692081200833,13.3950655788828,13.3802884190363,13.3442031904792,13.2637938301692
13.8929052643518,13.9985049783677,13.9966953252114,14.0180389541748,13.9666846458718,13.9684118538044,14.0653466107006,14.1835109550185,14.4197992819893,14.5941659925282,14.5957958661548,14.7077281349666,14.8442417714972,14.9317661668068,15.052560037252,15.1192281162659,15.1336965824669
18.1966274754814,18.1063890167426,18.0582284863622,18.0478092121814,18.0088167737203,18.0660556397349,18.0846489297862,18.1519639253863,18.1094412444216,18.2352734090789,18.431040112396,18.5569495675332,18.6669050893158,18.7108442777995,18.6683692345492,18.6040601269715,18.5589648311886
20.9693977385191,20.6907116062168,20.5237914091315,20.379304098123,20.1765350481454,20.195490881358,20.098192824799,20.067015485488,19.830066657999,19.8421834145442,19.9945252301265,20.0470484459276,20.0801899668397,20.0824704973827,20.0159774125904,19.946585251417,19.8185834062903
13.0245234131027,13.1487073620356,13.1824055282111,13.185689544353,13.2002304360426,13.2012832808322,13.2439255065569,13.263720248017,13.3885443750277,13.3189975868929,13.1101949604705,13.013845210764,12.9418865593253,12.8926558450711,12.8885929305299,12.9220254720751,12.9296760283436
2.15250335897148,2.16072024555564,2.1499682759683,2.15723827791158,2.1845988357423,2.18753272374877,2.19909795217357,2.21615563922007,2.25083617232121,2.25032955874824,2.27215181083537,2.26745313830404,2.30333451108081,2.32368515042689,2.35840598836522,2.37314956468315,2.42244846121413
11.2712092320226,11.6085879698233,11.4268338081436,11.3730522151604,11.4884473409996,11.4813020192075,11.9939419079758,12.5414159961869,13.9224549405636,14.5121806027835,14.0519188316739,14.2385838662987,14.4907709811509,14.7484457496446,14.6746147574981,14.5866297676614,14.3784046021609
11.0724915179965,12.6166812258505,14.0481263427178,15.0110611609292,15.7907902037894,16.399105874088,16.9006205599171,17.2556556539637,17.6575561234701,17.8971255080548,17.9655207597754,18.1026835224927,18.2415774873689,18.3401990081857,18.3501524706001,18.3417132768739,18.3004496283322
11.2052502437416,11.3470739000251,11.4779227028209,11.6010702331663,11.690383423282,11.6970363713657,11.7713195352744,11.7980097462474,11.9374605140161,11.844954786144,11.7043380862555,11.6593184395721,11.642173429643,11.6086464238178,11.610166152006,11.6119181296982,11.6087815583931
20.7490982762808,20.5592341916503,20.645305429035,20.6902527672035,20.6862098094686,20.982423071294,20.9574627860048,20.9559473309172,20.5111375158594,20.5006803677235,20.8368881011018,20.8698896932461,20.8059753107354,20.678622905959,20.3598580909435,20.094912767252,19.8972814038486
17.0823359579473,17.286390574071,17.3189309039617,17.330678602581,17.3563157067156,17.2467269067,17.2465033205777,17.213234941502,17.3677341034917,17.2359712422527,16.8717764490583,16.7035726327224,16.587122154533,16.4608103382682,16.3329847607082,16.2316841506883,16.1129608882137
16.0845832358996,16.1318450640585,16.0662411598437,16.0262854151877,15.9189943157374,15.7627888644777,15.7202809357277,15.6732737788263,15.8909812357049,15.8563466697137,15.5286916900654,15.4415551193793,15.4017963051335,15.3914812733778,15.2419776110219,15.118180402522,14.9604902879681
3.63456104456043,5.89205843081982,7.04808461561176,7.82586247467482,8.68432883439801,9.36866762527882,9.948881409529,10.4230256396511,11.1926120899585,11.5325037237314,11.3804293725881,11.506542117551,11.6779657871951,11.836324277785,11.9936401984312,12.1095709449959,12.1413497670141
9.32748831862347,9.75220565438218,10.5605988147788,11.203257505934,11.8768495661914,12.4582462722569,12.8923262746633,13.2285717849555,13.7076116219671,14.1039747991856,14.2041029593891,14.4189176429289,14.6273213002044,14.7868527892541,14.9064690771599,14.9916405969391,15.0292383848409
15.1535031732549,15.901189402426,16.7142000861758,17.2726703433148,17.8387724465435,18.2493336103772,18.5857138473511,18.8066027765224,19.0715319166248,19.1866029098437,19.1398125612859,19.1742001230541,19.2191852163616,19.2298157217204,19.1785913192063,19.14531846071,19.0830552901125
17.7590528865408,17.7214723326331,17.6080016127354,17.5096155748995,17.3679464436351,17.179267914152,17.0793307793484,17.0054493657329,17.0388748016224,16.8938423671575,16.607701980909,16.4520395239367,16.3101481777307,16.1321769365654,15.8948361799772,15.6390551600255,15.361484256576
14.3539730284065,14.4016304106672,14.2991351989181,14.2083434854969,13.9830603650756,13.6714381707766,13.4605184586163,13.2131998644062,13.1644232610166,12.8902186046445,12.4962427352423,12.2703418718535,12.0775195478462,11.9086240572884,11.617481447258,11.3078899448443,11.0004192564014
9.95945104123776,9.94525382839466,9.95199032910803,9.94390311523391,10.001523794574,10.0200280011519,10.0432274432727,10.0241922252011,10.0387240080816,9.98999203444821,9.86045328505491,9.74728620992681,9.67615797420585,9.54579186657754,9.37204826856054,9.25894904909934,9.09869943630135
12.9979830005605,12.7693057684199,12.5253773554447,12.2591017702737,11.942961088352,11.6366714450951,11.2828057795704,10.9796917539211,10.4183422022572,10.183725676499,10.3141291277024,10.247337374851,10.1260315175898,9.99505905696418,10.0415664234915,10.0354942777435,10.058820233512
13.7070435978713,14.0210471619008,14.0957104583907,14.1846584942968,14.2272003788328,13.9795407052822,13.9779592938722,13.9541928408299,14.2035850639405,13.9311474056575,13.4743070606737,13.2546968815262,13.0865642554196,12.9034577689899,12.7108156399228,12.4479420472389,12.2123542491871
15.9046238636672,16.2120413264807,16.4270699442217,16.5866726076154,16.6566347459242,16.6669496707183,16.7208729805961,16.7716073735867,16.9366614628891,16.9737165262853,16.9057114079393,16.9827266935201,17.1183108537121,17.2106948923153,17.2431055436332,17.2503964436846,17.2224180516028
8.62988272497367,8.94338455976466,9.34132361421946,9.67800631150924,10.0569299721029,10.3470401129412,10.6089815783723,10.793718819086,11.0899482663667,11.1465136277687,11.0167457741498,11.0247392376497,11.0370981442468,11.0380941965013,11.0205868397921,11.0125967458777,10.994635197513
7.03646119975211,7.00121340606613,6.92904791124588,6.85213288192572,6.75913557742263,6.62657777664,6.5265206006709,6.44280740293947,6.42190508412877,6.27066370668295,6.15405198815276,6.09800126373215,6.00142858585039,5.92397584168984,5.82033741134614,5.68636377750861,5.64991061239303
15.0865059548572,15.0379187684078,15.0104166861794,15.0057441001677,15.1929616872194,15.2679692647592,15.4489319850337,15.6340641411141,15.9550586400438,16.1312592341599,16.0195912012213,16.0703592313154,16.1336647496099,16.1635173553436,16.2125077944023,16.229492191029,16.1906655929494
14.5683619968734,14.9165019807247,15.2050172844744,15.4737683870875,15.52825342645,15.522882402508,15.5523803560433,15.5304264684771,15.7001523892199,15.6281337805345,15.4951122619531,15.4871037654798,15.5093323294709,15.4917854169591,15.4397841357776,15.2756384667296,15.1333559775533
12.8401940602616,12.9333208661906,12.9963221152697,13.0444263270072,13.012904078003,12.9079160700322,12.8574389680501,12.8144833878324,12.782347166176,12.6409443158734,12.3889650778064,12.2248061140125,12.0487780432361,11.8334988170767,11.5607260976904,11.2247888513548,11.0871206296029
16.3935161678018,16.6433490420154,16.8729734662767,17.0690983989412,17.2252102152495,17.3839064200816,17.5167074063284,17.6444777678915,17.7759790761399,17.8083314605096,17.7597210119126,17.7681864805907,17.788042509594,17.7719065066015,17.6607581631551,17.5835902950232,17.5089509383006
11.2593058725416,11.1254975754999,10.9438939003615,10.7786536313196,10.6213442087916,10.4318607042033,10.2849419690316,10.146532926347,9.99110379581568,9.923534616967,9.85750762324277,9.80029561040656,9.74297695660835,9.69457369612513,9.72226029099558,9.7395570412849,9.74070125672774
20.4040660066574,20.1030788178001,20.0829179245812,20.0843061406413,20.0523500650019,20.3599546471499,20.3921219307258,20.497270293785,20.1251917616731,20.2373501797677,20.7288980884378,20.9054341545585,20.9786016042259,20.9744586007616,20.7405198909171,20.5389330164791,20.422993839609
19.8698035871561,19.6236411369822,19.5135414454642,19.4464437784613,19.3495137631953,19.4643352508021,19.4498437669628,19.4974814104179,19.3220580056852,19.3712472986616,19.5884181964403,19.6648673901824,19.701266037597,19.6872254044811,19.5940983614065,19.5134756610057,19.4620650780111
14.3264481072544,14.9531735674031,15.3558406251191,15.6206796391167,15.868191648104,15.907473752727,16.0776639392088,16.1701594554846,16.5674517741869,16.5012514622797,16.050592744101,15.8872590392232,15.7962272751872,15.7102974071233,15.494607433991,15.2698054940127,14.9792953577549
16.2077785783483,16.4877135307758,16.6973025054171,16.877248113271,17.0208364949229,17.1030750351353,17.1806091933756,17.2296247303431,17.3366704640809,17.3688159579433,17.2694859493733,17.2534214456189,17.2868334760113,17.2956507298174,17.2544654513639,17.2286630856293,17.1993600388189
8.0639797539982,8.0831062958174,8.08311153925819,8.10634645503383,8.13712438803007,8.1728367925308,8.24356632476396,8.31525357957599,8.40063878275213,8.36179584765954,8.33234191647312,8.34704189507447,8.32251874768756,8.31177138666915,8.33706768734837,8.34081253329316,8.38841316736119
7.31902519103087,7.16679283727946,6.90358675772927,6.66846495657561,6.38131375964655,6.07217988111296,5.77296741372006,5.52481248121544,5.26235221742093,5.17244782867146,5.15875160872194,5.1544061985355,5.15043339621904,5.20623604436176,5.35485206624203,5.44681619481944,5.59025214017656
19.1341091794087,18.8791832575228,18.4264166768028,17.8846896442095,17.5044980180147,17.1378135354568,16.7961607422986,16.5347529528566,16.2923338824225,16.6517577745594,16.745177955531,16.8269463573034,16.9802594038045,17.2409017583602,17.6985671959223,18.0489456017358,18.2476800196032
6.77028470094444,7.31676971108805,7.66744915990644,7.96921475657454,8.261646172325,8.33159124191218,8.52380468213467,8.68418824158877,8.96527763415184,8.94156201828286,8.82361914674294,8.84452826429035,8.85598610140353,8.83666501210726,8.86018951555529,8.79005002508429,8.82307968066816
9.91325438398621,9.87809266561197,9.85163790347533,9.84122906785806,9.83498888670334,9.89762217119201,9.88964067398598,9.89395875479281,9.87234540095111,9.8660705515042,9.86830050223522,9.89217203443919,9.85398975629014,9.82528360123043,9.83018765162871,9.8740885646516,9.92857703290895
14.2630899777021,14.6459074017328,14.8517667947353,15.0040399148196,15.1555394632072,15.147732108739,15.2713834246722,15.3522474255407,15.6267855571091,15.5376407250699,15.208261349734,15.0567333271697,14.9658108464668,14.906047187815,14.8451169845937,14.7885213624997,14.6871705103534
21.7638420195832,21.4313603506326,21.2741776009586,21.1389607093473,20.9826040912854,21.1201747854947,21.0270016148336,20.981887652454,20.6390478225774,20.6642912023101,20.8864695086462,20.9000999829425,20.8851820187299,20.83112407285,20.7412192691345,20.6640136535932,20.6012827506351
18.3733635595717,18.0868507357078,17.6946617276972,17.3852245473743,16.9773002195161,16.4924598294677,16.1447141634881,15.9340257945343,15.9753093604933,16.2965123546095,16.4088165725189,16.7053986258985,17.0338040196816,17.2932335358455,17.4441018985541,17.569782605329,17.6707516545619
16.0758784852431,16.1550695968748,16.1661791656612,16.1590275876674,16.0951653587244,16.0392287006095,15.986172090794,15.9252600762169,15.9145501475421,15.825477488843,15.6524137126557,15.5560331178559,15.5123234400465,15.446235593731,15.3379033099162,15.2544767024073,15.1708800533502
4.78145217612313,4.89033731104751,5.01525506047868,5.1410721591176,5.31452933210334,5.45203272191088,5.5920457160892,5.70234401513403,5.83346067511787,5.87380647998612,5.89627740556599,5.95164449208718,5.96911820788909,5.98883583053477,6.05094051760065,6.06735004818917,6.15086944960032
17.0269471531177,17.1739283581802,17.3331918373954,17.4055283692193,17.4425366054149,17.3884457043206,17.3695580487271,17.290003599579,17.2952894666195,17.0278994254138,16.6375393188109,16.3392437383921,16.0481821357513,15.7538322472384,15.3521787302535,15.0104184381036,14.6590746789407
14.2990798970941,14.5343097043868,14.8534487561427,15.0996447914724,15.4706302705595,15.7069363658271,15.98305640235,16.2012990398171,16.5499106112094,16.7276789771831,16.6301789454918,16.6809536411307,16.7533851733404,16.7831733409492,16.8023043642722,16.7861096166441,16.7138939063199
15.7543402915393,15.6863199903677,15.4135233481953,15.2068427398065,14.9013910296773,14.5481873184081,14.2707066398057,14.0489307134282,13.8406295507072,14.1281404471338,14.4256791002991,14.7011242233187,15.0346683606136,15.3726515051298,15.9153639945442,16.3929588075187,16.801223232102
20.4863124292445,20.2058315946759,20.0197962958302,19.8929619576493,19.703089791058,19.7132419340037,19.6423614960931,19.6167127236949,19.4421483797743,19.558265065507,19.7823184464062,19.9416233044207,20.0603325155502,20.1420051841457,20.1124868194755,20.0980330308857,20.119278889384
14.3048162728805,14.3373694167554,14.2414935728577,14.1744099988677,14.0718530254883,13.8301378764084,13.6808984677474,13.5277308281541,13.496783291247,13.3805813413618,13.2116987721891,13.1792863505932,13.1843103609,13.2003028002725,13.2641682834372,13.3694523494881,13.4877324970814
15.8417317383099,15.5020789919605,14.7931752829709,14.151375093337,13.386310128962,12.7772129970298,12.4538675020037,12.4925710488535,13.0877641202293,14.1885380783031,14.4039459944557,14.8909468522932,15.3923744771269,15.8303122548016,16.1067858731712,16.3573113139515,16.5170688249968
21.0359694462603,20.8790912758211,20.6724942008768,20.4738948001648,20.3025079727044,20.0163342442236,19.7106293979057,19.3344080957657,19.1728028202765,18.684311901411,17.7888847699554,17.0902924029502,16.2996978137438,15.6075154927144,13.8244367769664,12.6173954883272,11.9136096426095
20.2025002829451,20.0070336911925,19.7939929144982,19.6027693811156,19.3595868856472,19.2130271219979,19.0676342132476,18.9995834679499,18.9280513230159,18.9611812222432,18.9247493335221,18.9551673136379,19.0081274963895,19.0682564494271,18.9715195580346,18.9318383206498,18.901483490879
12.015993418552,11.3895930099226,11.5094113907381,11.7121075397137,12.4635895070713,13.4391847356534,13.9975681073127,14.5211607276322,14.7622788173012,15.2877127985362,15.6704123187177,15.9416030002689,16.1637182302508,16.3349999886932,16.6138632528444,16.8164267189239,16.9526610843964
9.36340352010438,9.45157434874647,9.61164495847573,9.76241122577896,9.8538901245203,9.91948276222636,10.0286353854012,10.115517337006,10.2602063420725,10.3301616424475,10.3755502458416,10.4737585567775,10.5831769073428,10.6643442876735,10.8296194483489,10.9336229928185,11.0141571176213
15.7924323425574,15.8714494864092,16.0031308500371,16.114977249474,16.1299778637467,16.0307704773353,15.9895599695316,15.9255408308878,15.8937956719597,15.6722661561437,15.3968371598067,15.1730410590205,14.9643989521181,14.668609722021,14.3659824952159,13.9883896633603,13.7095968000635
3.60914709725099,3.59813587449463,3.56101532608739,3.51925247741033,3.46202641698217,3.39158363322376,3.31899899282695,3.24748814338805,3.20779829990088,3.1485548764976,3.15719063343292,3.15507702914407,3.14098364643263,3.12621574354006,3.11695559002222,3.10456070420773,3.13205482831927
21.9402702692902,21.4552472668654,21.2763843429922,21.1351261736721,20.9834362466447,21.2627938875227,21.2200478054686,21.2602559827367,20.7647820351952,20.9018388289691,21.4803592545797,21.6740766537937,21.7584462781488,21.7702673414513,21.6171341054101,21.4727650420713,21.4147346849015
20.869050655648,20.4341327057053,20.2394363645504,20.115660368609,19.9600631018003,20.0220372390694,19.9440562952345,19.9429329097003,19.681268061688,19.7275680242732,19.9539426533606,20.0467628929534,20.0843838578339,20.0550072635261,19.9343259639372,19.8337151459838,19.7861983166122
11.5353483475484,11.9790780188728,12.2038641517955,12.4169304261295,12.8508708463026,12.9022815115966,13.2082698526891,13.4468528795537,14.1234698650113,14.0841358106209,13.5169147103647,13.3891378795393,13.3017268739413,13.2387496040895,13.0366980554276,12.9209872495613,12.7912411252087
26.6245627768366,25.1310064764145,24.6265833777362,24.279109041853,23.8035525489334,24.3976239937558,24.1249344824957,24.0813259866243,22.7875236443081,22.8437953668072,24.0089147718259,24.3284085515052,24.3660036384365,24.2938812222235,23.8630931406674,23.5330492624215,23.4649087873505
16.1526853954434,15.9823280050532,15.7746656507848,15.572958090593,15.3525173958592,15.0509676496176,14.7908972750059,14.5377715248898,14.2690267115463,13.9555092655942,13.729252178322,13.4843653922886,13.2146439547058,12.9138677064556,12.6107353882776,12.2772772358794,11.9821939410917
12.9521358994823,13.1240804424489,13.3466717191557,13.5488552882,13.801143236518,14.0435556351234,14.3059942205235,14.5139137256833,14.879378159731,15.0388247259157,14.9419432969475,14.9814281439146,15.0451489223933,15.0874025321035,15.1283487390939,15.1439233247013,15.1380678430263
17.0366226833463,16.9130929887847,16.555163184252,16.1458060840069,16.0042058967084,15.5820218760331,15.386107317928,15.213926569074,15.4556066139338,15.4046185616413,14.7385628547357,14.4230377289614,14.175679315435,14.1274708114195,14.0358838618038,14.01448395992,13.8221548620602
16.2240715402951,16.3032656758204,16.3791952450028,16.3975860148594,16.5323260217986,16.62276232196,16.7019412451236,16.7484459232252,16.856841792938,16.9385910561386,16.9161858460367,16.9303640449954,16.9615508402643,16.9609730313983,16.9110747604084,16.885914298234,16.8172757924745
4.3684444643013,4.33535728829901,4.32710461659873,4.31953484094081,4.29712633963528,4.28052559202419,4.25281239839337,4.23636882166246,4.17887634962683,4.15674270436058,4.21234910998329,4.23475423523393,4.23142347452788,4.21738689404337,4.25780888481016,4.25024268501676,4.28405142473169
16.8528658071192,17.1193413275303,17.4629570518479,17.7258693462957,17.8719671874286,18.0143554349062,18.0730881171719,18.0877010084347,18.0597094617823,17.856723018698,17.7004217969437,17.5410048174179,17.359039114139,17.1204194122974,16.766252785141,16.46800149872,16.2447222441576
17.0798112842061,17.0383484591998,17.1552290930762,17.2386456917161,17.416573050346,17.6860934829702,17.8612976363267,18.0224404002088,18.0487787383271,18.2241293711459,18.4493576663898,18.5862022076554,18.6944482784538,18.7412472605466,18.7478567758726,18.7430433404303,18.7195367394708
1.42989255561508,1.41291943723635,1.32496076460016,1.25339431572694,1.24667755508405,1.19341915388473,1.18127352652616,1.19652586019128,1.29343916967112,1.46040793970006,1.53855112585087,1.64369484877975,1.75548631926427,1.82575523828409,1.91270019781251,1.94234229839794,2.00595771764549
13.7914212482733,13.9033694640784,13.8345662006227,13.7805941365776,13.624603822125,13.3372459353862,13.1764836706262,12.9918934710221,13.0387083669189,12.9068749747848,12.6330082457383,12.5335115564567,12.5092655634575,12.4720716134579,12.3700384752562,12.2736180740832,12.1959739643123
11.9260516293874,12.1855035999161,12.5002271776459,12.7420839551751,12.9380250490702,13.1450512274372,13.3482364176704,13.4856128118623,13.7350710744206,13.8543545304732,13.8420038922115,13.8511319699678,13.890320566823,13.9301319407969,14.0154200287912,14.0521502684362,14.0582889299981
13.3201464366213,13.7600192744418,13.7352866415473,13.6689883607471,13.7972850625425,13.6314044802671,13.789676637673,13.9083995570199,14.7402441878304,15.0376468659256,14.4920535797504,14.4571410152913,14.5330692567909,14.6481853493127,14.4204447278955,14.2423692344571,13.9735055366636
19.1165248874446,18.9799563148813,18.6464023660749,18.289129961348,18.0148308035668,17.4518313703046,17.0302306065675,16.5315183720986,16.410995958465,16.1122930073636,15.3273210945099,14.8006080240199,14.3329162503739,13.9912711530482,13.4819179080354,12.9574910021328,12.2385607845237
23.8436929508986,23.2151825454338,22.9263241448264,22.6967165895833,22.3636978144342,22.4692912947441,22.2135620118022,22.0428804360901,21.3608157297224,21.2157468589708,21.5290758634876,21.5082196872935,21.4138409094179,21.2774765845405,21.0807784028226,20.9395418149969,20.8280143023236
13.519021770698,13.5107574858594,13.3661167473175,13.2560013369261,13.0507671828372,12.7437474407833,12.5635478243466,12.3713150995225,12.4420966627661,12.544011689462,12.4580452875057,12.5268936780755,12.6523727577393,12.7351950369132,12.668146797823,12.5862487515185,12.4999093081016
18.0130300450504,17.9990753182577,18.0535921515507,18.1136792267752,18.101081946964,18.2289829641266,18.2831532293845,18.376944590495,18.315611509613,18.3597903748354,18.4634868041643,18.5080809402606,18.5473685470768,18.5105904280229,18.3201825093662,18.1248081978036,17.9468994204535
16.4188626546446,16.2240341710028,16.2252267269948,16.3180825315552,17.1386744757234,17.6639609740717,18.0967044543389,18.4686880672125,18.861840540328,19.2884576775122,19.4981792712268,19.7375938365054,19.9423791616347,20.1030408749121,20.1190519428775,20.1891798521002,20.2712186044043
1.56618718376461,1.53409983044772,1.48987578882331,1.45359319588536,1.43249008040664,1.39999275893308,1.36430867169712,1.34861496470332,1.31077181265094,1.23942477503896,1.24573765391229,1.21152156855675,1.20603023173948,1.18304225809326,1.17137162532227,1.14252099214615,1.135560523012
7.65488487163016,7.64041567861511,7.66214332780967,7.71574563461242,7.78556966043425,7.93917200795245,8.08824417851723,8.23139045715865,8.51614698148716,8.69441692316825,8.60507057140851,8.62760325068479,8.70799164071801,8.79555778015703,8.79344111382477,8.79632220029843,8.76732779357274
18.7699817036273,18.5638558361769,18.4335890394841,18.3172937089405,18.1641523053142,18.1057060190709,17.9684918539106,17.8749926780955,17.6577916605726,17.6343377781907,17.693765914582,17.6638115690156,17.6248532868387,17.5468832117101,17.4729686348025,17.3646775907858,17.2608007401554
13.1176412760117,13.3861899988945,13.4980178550388,13.5656412691223,13.6712815676015,13.6380795081772,13.7256194654835,13.763534364137,14.0422709701994,13.9981347324821,13.6970560952063,13.6019289898726,13.544211610017,13.4808419881031,13.4025356093393,13.332477517265,13.2230565008199
14.8173706234326,14.798760333756,14.607816734429,14.4387530717015,14.1579564069577,13.7035165028601,13.3489756600812,12.9707150914617,12.6658858941792,12.1741595021698,11.7704669081887,11.4354922911457,11.129097303725,10.8327263757539,10.5144540890493,10.2187354476833,10.0201794982223
19.9042039095178,19.6763849934277,19.6071291287256,19.5356754747111,19.437236271035,19.5260993746242,19.4354009713306,19.3813514408065,19.0593094194933,18.9776146069506,19.1109707554479,19.0718565771846,18.9866067326491,18.8512731279383,18.6750251194735,18.5059303710418,18.358985572599
17.7221807406832,17.6130226915979,17.4249482281809,17.2208963903061,16.8660258467658,16.4375683507109,15.9888539907015,15.4585269150905,14.8634952431279,14.0241779499248,13.3482920386271,12.5931914372062,11.7400321217582,10.9354581140416,9.59771110106688,8.03100099308142,6.28495558924908
17.5363408076209,17.4291493543996,17.489255566525,17.555253328374,17.712038850216,17.8428475463798,17.9091763881321,17.9585594366346,18.0441968607758,18.1047468600125,18.1041099215009,18.1144236022002,18.0853038799473,18.0206795563074,17.9397714922531,17.8464435004415,17.7304202453041
17.7782258626428,17.6559823204181,17.4736373999753,17.3350761757466,17.0721064743817,16.8176409195821,16.5571987579397,16.3195552272257,16.0774805276516,15.8712202713735,15.7675972140802,15.6896959099855,15.65690913784,15.6308525816789,15.6720707306538,15.6912820635107,15.7749542885742
5.84421845483316,5.89070182089621,6.01603153742091,6.16562552088179,6.36232651560313,6.57039665377614,6.75949971518589,6.95909953324537,7.19232804070439,7.38596673587621,7.52318460365607,7.67567528075744,7.79303145929958,7.88545174410378,7.97368477864308,7.96936480480312,8.02883459444664
7.63179213297657,9.43639380564789,10.343890398728,11.0636330046821,11.6550035023655,12.0889671631369,12.6495143716533,13.0798804966306,13.7331534886214,13.9474802698167,13.8279334486466,13.9108219984806,14.049897659243,14.1131121608518,14.2532522857593,14.3002785100436,14.2659691006601
13.3403343741369,13.358170178625,13.2729996615758,13.1963503112746,13.1027471051785,12.8712213913567,12.7699296731573,12.6385988117655,12.6808564419495,12.5122108805327,12.2211560531373,12.0871961277858,11.9783565828484,11.8660455652996,11.7076483527092,11.5429959715841,11.3979191052595
16.0843327519833,16.527921376956,16.9786914950668,17.2833011414771,17.5086973651442,17.840023310126,18.0299796897894,18.1947187297929,18.1732263349267,18.1496187735751,18.1711851516642,18.1363797405851,18.0961351817274,18.0093771880879,17.831084364088,17.6957748530457,17.5735704666106
18.5354028995884,18.3639665056495,18.2386268990876,18.1158474821612,17.9837819175934,17.9287306329715,17.7968651434092,17.712010413864,17.5307734873857,17.4658081759726,17.4590293878676,17.4174529801084,17.3632373502505,17.3123632174667,17.2976044831743,17.2735932493859,17.2717243796835
4.30840162567214,4.53486662701531,4.81985454811486,5.0687348142364,5.41821172069447,5.71016168741414,5.99958064041629,6.24353195953957,6.52943814841761,6.68750196982424,6.73940332018138,6.84834828544401,6.91303586753755,6.97209031190842,7.06205704567739,7.06917649568609,7.1257845542989
8.05725949286327,8.12275658008988,8.14547722463867,8.17982013271059,8.20160326413519,8.2287923127319,8.25896781908131,8.28273006455294,8.33236225823818,8.38025015839757,8.41870299661639,8.49200442998437,8.55087744628004,8.62138501093252,8.77536040808313,8.85650884755796,8.98727517144266
10.356887476445,10.1702899136789,10.0227786323378,9.87047089567175,9.74746036757736,9.72525300114172,9.70279074750601,9.69749757760845,9.47214151450418,9.51201508608538,9.68587988880174,9.76245540743303,9.75083622536276,9.74760444297386,9.83467177688154,9.9474605516198,10.0471337246557
17.4947098495093,17.6482614625447,17.735752675024,17.7874179199277,17.7543004203823,17.7128288536504,17.7242200339484,17.7187266671852,17.7509377328332,17.7378038223807,17.7038553882082,17.7116111171788,17.7583797750718,17.7715358195636,17.7789609581388,17.7921127098228,17.7851574754193
18.8975717940655,18.7034100695242,18.5281329336335,18.3580923036789,18.1520424241156,18.0113874362708,17.8173323473814,17.6512566339056,17.3652421508842,17.0833444058031,16.9087579491809,16.6580219011003,16.3944020659083,16.1230164453477,15.9409595245134,15.7826278633252,15.6506171343137
16.3078794407964,16.5404280117418,16.9063532905425,17.2026230890389,17.491553504473,17.7639347608579,17.9711252479276,18.1389316989015,18.2519913437651,18.3259392763901,18.3988207703041,18.48618138232,18.5666337902555,18.5942207100473,18.6091373591436,18.6209339288989,18.5665203080049
19.1725936134705,19.1769727254299,19.1809496573053,19.1726715502472,19.1683465454311,19.1155647406023,19.036536197343,18.9589087257049,18.864099148316,18.6095987647988,18.3098101000803,18.0187123470229,17.6982920325714,17.3307384082475,16.7917994872174,16.2126124186605,15.6127525804236
11.3224635895497,12.1692987947622,12.9176152888574,13.4604320378336,13.7478148594633,13.9407733290613,14.1790943394973,14.3067269325865,14.7545494363666,14.8461584117354,14.5592464148626,14.5600807357345,14.6292565363762,14.7061345906667,14.5903462625526,14.4362179569867,14.2221691466573
18.8210591831737,18.4558479696075,18.0715114336381,17.6535347129473,17.300423326661,17.1775966502846,16.9191609227444,16.7260126909716,16.4439771728363,16.6998344502173,16.7472944466282,16.7613504857067,16.8004771450955,16.939742452779,17.0938775632362,17.3042484810983,17.4258217915803
15.4384357183908,15.653734922635,15.6750699585692,15.6996026758782,15.7076240625702,15.5304555402211,15.543973928886,15.5627540536481,15.9234881157069,15.9909089520323,15.7288196821914,15.7553464804098,15.8304592468564,15.8828847413985,15.8028111127305,15.6961136500507,15.5801262545454
14.1779117865851,14.1688481225573,13.9250967408465,13.7252966686318,13.4853121418613,13.1429699327086,12.9812673754538,12.9101984401776,13.0476176682507,13.124719539564,13.0397345299718,13.1268302019222,13.2654614361571,13.3978818845544,13.605419040681,13.7562436604713,13.8732300458975
20.7226087917188,20.5214900209678,20.4566162767613,20.3993317784262,20.2751501872227,20.4112186624957,20.3826006376052,20.3736779815275,20.0752040850631,20.0179163849355,20.1484870120745,20.1243684350606,20.0217397510512,19.8859000471234,19.6378207344763,19.4183438944131,19.2177607457992
14.7165317369234,15.4434981005767,15.8313065691246,16.2302660362476,16.4836902446193,16.732563161877,17.0499794798231,17.3751073217386,17.6823946370203,17.9227930619493,18.1309746127345,18.3538427488369,18.5792873445233,18.6945945102301,18.804272600695,18.8595217280475,18.9360247871344
21.2557531356102,20.8727312982946,20.6612792149943,20.4879427106907,20.1967277788016,20.1380204473095,19.9354842790196,19.829346008028,19.4914188981737,19.3238069167051,19.35078771883,19.2688516966523,19.1487286113461,19.0032223270951,18.7570790944138,18.5580882439425,18.4593592447873
9.76699928994144,9.5875689141894,9.40675672880678,9.23879961526578,9.03605062028251,8.92300364545955,8.72061927614322,8.55160511881593,8.2345470940564,8.11839984521491,8.13323350660751,8.09612646241763,7.99894530562351,7.91960411879578,7.87332301458463,7.81191865471112,7.86706816609213
16.0830373792817,15.8990865273495,15.6480438393972,15.4095264403826,15.1322747101774,14.836786912019,14.5760799212728,14.3620112483591,14.1677672189756,14.0810672924053,14.0687575862437,14.0973694016931,14.173833219836,14.2430440365222,14.3853701907223,14.5086096492143,14.6255251676163
18.8726827818853,18.7060833245678,18.5969064293726,18.5004839978254,18.3370165269791,18.2603276223997,18.1158557395487,17.9821471668479,17.7493411656749,17.570554261362,17.4853789921906,17.3522205888185,17.2145553229457,17.0572778107401,16.8926927789476,16.7577484919551,16.6449240906651
16.9895223253027,17.0046515345101,16.9926371119926,16.9616454936779,16.9434822230043,16.8784129794711,16.7895513790773,16.6836661579573,16.5478489024309,16.3229508724115,16.1395328283029,15.9529860778402,15.7756036755718,15.6034331610571,15.520016799849,15.4798900934513,15.4661640239647
21.3287274984071,21.2264277489755,21.1646434275062,21.0819987100209,20.9490133293097,20.9404202457071,20.8380846422998,20.7443401572009,20.5035871143404,20.2656666871329,20.115157319834,19.8589611628015,19.5522071437542,19.2644038795748,18.9968621020728,18.7912705514156,18.5615816798232
5.62597815359026,5.63403585953051,5.55012641127956,5.44090885220796,5.47682144340501,5.41252659415621,5.36970059929635,5.3326660615788,5.38593472449777,5.43010448506213,5.38478984428868,5.39735009248365,5.41026274778397,5.44537844692857,5.5173381932748,5.51401563227765,5.50351247340696
19.5928440194412,19.4396943931641,19.3131371196175,19.2273549874973,19.0579113976903,19.0327586013736,18.9938055484432,18.9812375774312,18.9274690817107,19.0094701341459,19.0815501050548,19.1687340506381,19.2311049056533,19.2579256930138,19.1317356440062,19.0106022752909,18.8991459782524
7.93702951884243,7.78264568932946,7.63213522119207,7.54178038546038,7.43368118613131,7.35069498267666,7.26584262035497,7.24300318236469,7.19061870505078,7.19517872763694,7.23173599804116,7.28623300503566,7.29082610841258,7.29122079946539,7.33381528728122,7.28658446808946,7.3244702967303
8.90803984562327,8.82749501744828,8.72502145494664,8.72243773280332,8.72783920080791,8.84622770406366,8.96643867095925,9.18952715915337,9.50764315413397,9.89775239703742,10.0133346665309,10.2686715078775,10.5384612024208,10.7891775759483,11.0438262620571,11.2468910081498,11.4013609280935
18.6712100987782,18.3961078567191,17.9340400455088,17.5239110779493,17.0944301085656,16.4526232031787,16.014817919964,15.7175799554714,15.8076885981654,15.8518318030307,15.5204380316603,15.5521125430464,15.6815261683871,15.8625131207123,15.9428220650186,16.0446936417451,16.1130088514117
16.302170684473,16.3415721233503,16.3613447991874,16.3658108839494,16.4129761332667,16.3940158668268,16.4161962603702,16.4253937105904,16.5279253224201,16.4101885712634,16.1540062319211,16.0072486996991,15.8701286708603,15.723485642282,15.5159425947888,15.3624784730127,15.213811102702
13.8018533857668,14.031856385496,14.2182946894936,14.337255794209,14.5016344434375,14.5811850204415,14.7181341672141,14.8030941206091,15.1061287488171,15.1335679297549,14.915082009557,14.8638492795637,14.8387246757691,14.8091895262923,14.7175455338784,14.6597477678155,14.547615647783
7.31333993664112,7.43041986560882,7.39619528643314,7.34734258963312,7.32606672264321,7.17326468580432,7.08349744034397,7.00786524015516,7.1630514825301,6.95649609250893,6.54241100521049,6.37688382902174,6.19817104268189,6.09794713519453,5.84211775816388,5.65419582825477,5.53696167099186
16.7851979317973,16.7500910636244,16.7045385690268,16.6627560709271,16.625954514927,16.6429538271537,16.6326800676634,16.6446457735726,16.6685539696164,16.7824810866819,16.8207840474097,16.8718600336383,16.9415932784607,16.9768094464069,16.9919608562872,17.0070552783104,16.9927987666445
16.4071803879246,16.3752986065577,16.3187301549625,16.3067957005887,16.2746807108781,16.2593387703657,16.3517080004997,16.5182419958732,16.7882787507428,17.0323108022671,17.109889725813,17.2936589660906,17.4921771613337,17.6414872303514,17.7417921445857,17.802638444966,17.8536517627411
16.0078605613655,16.6102052415976,16.7818734338638,17.0560361904379,17.1490506465675,17.0563923723508,17.3013300554538,17.5889557704554,18.1855061225265,18.4719501319111,18.4835418819761,18.7118036702894,18.9875038213431,19.1489903372831,19.2090170430836,19.1957437429423,19.1781050439867
15.714266522822,15.7865180685491,15.748766641181,15.7044573796759,15.6838362687347,15.5695196749623,15.555258424484,15.5529810991772,15.7247098238416,15.6417410936824,15.4094886273394,15.3683442893556,15.3747045489398,15.3722443238369,15.2575093453239,15.1775163939617,15.1001452055235
13.6085821972076,13.4076191267804,13.1152277323248,12.9126678650191,12.6683108391917,12.5690486424338,12.5337000631406,12.6089159568069,12.5577263701915,12.7642679108676,12.9842368841077,13.1189359346011,13.2290129946129,13.2781460250798,13.4594190989088,13.5704884857806,13.6291157385145
15.9787446185586,15.719372560115,15.3828175008446,15.0701081114055,14.7814033999907,14.4484033783435,14.1633340168939,13.9388448787742,13.690602838666,13.6783679692753,13.6981929098591,13.7110238462496,13.7317106336016,13.7686442423319,13.9026258492809,14.0363505914576,14.1419116859796
19.0804674091826,18.9447151403867,18.7187591495013,18.5169636592226,18.2380858577227,17.8911760351937,17.5917335989856,17.3145514316722,17.1376949756906,16.8914559924614,16.5787422870598,16.3692642008199,16.2238101507387,16.0641875606057,15.861274592902,15.6859233415027,15.5702940311244
13.6565680582373,13.6860037071942,13.6970888790612,13.6653193749389,13.7154338652287,13.6680009933217,13.6667105436488,13.635201692398,13.7676778915468,13.6715484383827,13.380199551932,13.2452085421285,13.1302368825759,13.0009652997654,12.8336792112804,12.677421325316,12.5282049072442
21.6364388035774,21.386595619244,21.1447959637669,20.9521867763987,20.6175523543292,20.3229577970959,19.9691359182029,19.641571455603,19.1862975209265,18.7458692313369,18.5431544579061,18.3558505988082,18.2275400843962,18.171942743908,18.28327135622,18.4776106827852,18.730885705755
20.3371405590695,19.8324379109489,19.4175200882999,19.1244302396675,18.6513800171597,18.1997064955148,17.7254493872786,17.4095914283652,16.9479163322887,16.8898802416539,17.1683774216185,17.404287612747,17.6329141460627,17.7796073466259,17.9657924796721,18.0628149772673,18.2155775038367
3.07320750892663,3.11475167617001,3.09694881878308,3.07218444513693,3.05374673835234,2.9822556901078,2.97310161949605,2.98987910846556,3.06214181189609,3.08619022630721,3.05119807217286,3.04235610078619,3.03189411884767,3.00559463377267,3.04327712899355,3.00645931846841,3.01295335876846
13.9589569055576,14.2229372175605,14.1154765236022,13.879072548202,13.8530768574701,13.6350093235274,13.6125439583043,13.5605783150674,13.8534451630458,13.7377953578848,13.0160294462446,12.5631721444534,12.1747170115705,11.9019191729183,11.5574612584516,11.3199419326547,10.9882408329187
19.1618466182661,19.1201078925651,19.1671623454829,19.1935169464223,19.2154413888929,19.3895759444985,19.4317075579207,19.5019626431543,19.3592521961715,19.3788094773551,19.5072498568463,19.5228976589084,19.5145878436858,19.4865614492603,19.4056987312675,19.3803348649303,19.3256995895182
12.8402939400434,13.39139964182,13.7101244476716,14.0246702664288,14.3337057719829,14.5046889795455,14.8345036456487,15.1212782428775,15.7171552450034,16.0088591271693,15.910673139219,16.0609316431386,16.2571980836185,16.4489527212095,16.5574564570754,16.643412969898,16.6910460339845
12.9889192385944,13.3047689556307,13.4970424976908,13.6971414459385,14.0246966602461,14.3098605619353,14.6789464131245,15.0013550295819,15.5603479770422,16.0584418888509,16.1403393143157,16.3676610669127,16.6200954085066,16.8059444081809,16.9791629555658,17.0921360203864,17.1275480780766
10.1151417033803,10.896358406051,11.6569322513996,12.2213383946597,12.7985501434481,13.203442378668,13.6063827758102,13.8679005321981,14.3899502656203,14.4738356786118,14.2116562314107,14.2003335823784,14.2283149286013,14.2391011244496,14.1987242651513,14.1884728826755,14.1359963226834
17.3092653492692,17.348467126415,17.3002546035733,17.2511209519144,17.191738903611,17.1729050643577,17.1626935202046,17.1543651946706,17.1477745714449,17.1225719170856,17.0635514486853,17.0295214415141,17.0143284110726,16.9724968556041,16.9883174248266,17.0288083871764,17.0487935647342
16.3656067377948,16.5983100940485,16.8094470581708,16.9451346675792,17.0347884457266,17.0471123337921,17.0752393412638,17.0632568877444,17.141473058406,16.9633753978037,16.734979973554,16.5745363994234,16.4218503602726,16.245883812632,16.0993084666429,15.9104749764042,15.7494699491066
16.8883122934964,17.0060570623913,17.1069270574717,17.1817456638907,17.2336700922471,17.373632057875,17.4760799471881,17.5712911261172,17.6434351277067,17.7693922631844,17.8736511772459,17.9777178636722,18.0810227632094,18.134644196906,18.1447327177651,18.1436514947091,18.1303327479913
11.5348193701566,11.8337027807343,12.0653331559129,12.2633230056896,12.5377991392573,12.6132274448467,12.8105320110289,12.9428054568614,13.3614659855457,13.3655660548821,13.0538909446365,12.9765723163379,12.9447861350112,12.9030726196581,12.7693043853268,12.6625909422144,12.5344176562083
16.1080905372886,16.1132666354622,16.0638060792052,16.092392317228,16.0706204546312,16.0340884635401,16.0611373735938,16.1224807184292,16.2458526045787,16.4580858195558,16.5878065692819,16.7511323969549,16.9281720904054,17.0444010852775,17.1896563615051,17.2660849359917,17.3274697738619
16.9683214706562,16.5019423818481,16.2919849189895,16.2333068258064,16.2337799368695,16.5670565716383,16.7156546572829,16.952831698542,16.747188501504,17.2722577669462,17.9350051306186,18.2655349203201,18.5316929917021,18.6620372229639,18.9590039915953,19.1379895737749,19.2776285366563
18.9600156980981,18.6726012834418,18.4808522961795,18.3220398720841,18.1393972998848,18.0760153222182,17.941386217438,17.8161601350088,17.5422460722395,17.3565799173917,17.2979546139977,17.112872752729,16.8806868487162,16.6082767724009,16.3001298609238,16.0232688554047,15.7891111810319
14.9328774330806,14.9550537913774,14.8988919813013,14.8527525707252,14.8329263200421,14.7791929450705,14.7844930564147,14.7792042020369,14.947015404687,15.02007226406,14.9026849198991,14.9129706645356,14.9493292071962,14.9731347463028,14.9556921911884,14.9596227073717,14.9253204118432
17.4662480193387,17.2777590627069,17.1645252022631,17.0543507766736,16.996746956449,17.0010966156056,16.9540501026331,16.9239856921046,16.788770526245,16.8299972948856,16.9130048542563,16.9211256984833,16.9211916556792,16.8845265375588,16.9016964783446,16.9019036132711,16.8723864185486
18.8986160237817,18.6737918098974,18.4799093356548,18.2932160043903,18.1401187541846,18.0456848740395,17.887935962131,17.7625534623805,17.5362266469468,17.4141813649733,17.3518763825011,17.2391289121657,17.1127209368277,16.9852796666151,16.9045371384475,16.8551817929731,16.8009409756464
17.4853478680556,17.5192611659054,17.4735541795243,17.421500080939,17.3115633344077,17.2041695090804,17.1332278642697,17.0978121407397,17.2039327532937,17.2942945998847,17.2350266423603,17.3340403842278,17.494974842412,17.6298173628291,17.6510694189708,17.6741256799684,17.6629484651217
13.1196779799326,13.2646821180511,13.3199574634586,13.3500648779447,13.331869388487,13.2015539657496,13.1549227029857,13.0677214899913,13.1564636691308,12.9827539059534,12.6633551463242,12.5319673135439,12.4476058177767,12.3797249923382,12.2989032228501,12.2170111187165,12.143626754123
14.8153325055013,15.199453591498,15.3277164024289,15.4132729965654,15.5068429934877,15.3812857467367,15.4782901572924,15.5399638843506,16.0206656312702,15.9314685395609,15.3277822649317,15.1141604459135,14.9688184442343,14.8417935960038,14.4345634686521,14.0384731121695,13.5765398000376
11.467457935804,11.4089873193114,10.992107561599,10.5909496181191,10.206232913339,9.67990713243972,9.44982925901736,9.33333343763105,9.56529587106719,9.97388960610903,9.85413689624932,10.0423396055999,10.289511283522,10.5478071240671,10.7386413278194,10.8626428065702,10.8650304774904
12.4284874738021,12.6867773117787,12.7991363643484,12.8451439554028,12.8455151335081,12.6750498606589,12.6107345262175,12.4865795021389,12.5244991339559,12.1691084376916,11.7325460037245,11.4479851816655,11.2029515308219,11.0103021964523,10.8315319752686,10.6712771347946,10.5257869155183
10.1498466964869,10.190417034992,10.2801318426011,10.3729255258068,10.4045475003488,10.335801676614,10.318530905513,10.3216070659246,10.357688937324,10.2931712055252,10.1836367083931,10.1019571655713,10.1484302844505,10.067078100477,9.91321083278256,9.74269090561561,9.58782178117873
17.3581567861456,17.2668974313805,17.1934841475376,17.1422168719461,17.1171307199286,17.0904638543708,17.0927184672816,17.0981331524095,17.0498406244014,17.0221882264304,17.023447585175,17.052986255645,17.0640151570435,17.0719724438323,17.1930053569395,17.293436561044,17.3755621965269
7.0429132749015,7.2133640148691,7.25172787188743,7.32771440635191,7.436194105493,7.40436844057584,7.49047882448489,7.5886759600459,7.82195443015654,7.71252983269215,7.53085810831792,7.45827864863316,7.41903111292559,7.37026839217597,7.30547856232121,7.19597150034942,7.1686601625884
14.7389043902463,14.7304219384006,14.5973901827306,14.4746986109833,14.3333202993423,14.0917501953055,13.9131354024443,13.7265087858708,13.5981289343759,13.4582971231172,13.3433285140065,13.267905183444,13.2310974573633,13.1984618733291,13.2939132356655,13.3663743980065,13.4272584451246
18.123790877551,17.9619802936493,17.7774796819534,17.6240825119386,17.4011396974255,17.2610748378794,17.1057944917779,16.99429831883,16.8349451272889,16.7685304147796,16.7686912193677,16.7708666145189,16.7872680141228,16.7938223242484,16.7910597693779,16.8023942661701,16.8455089923552
12.1539077010518,12.1851450956034,12.1479534183937,12.0828199358376,12.0533106900246,11.9654479370444,11.9385116527397,11.9106071019787,11.919384482298,11.9759469790271,11.9287924161159,11.9274855164385,11.9459450638731,11.9598147566402,12.0988737561279,12.1454763091935,12.1331963654295
3.31176294978267,3.29827538936453,3.29987292223849,3.30691353662246,3.2923244519552,3.30461236571108,3.29131428585238,3.26280188932465,3.19829146586357,3.11857362023862,3.08501514546251,3.03971015000353,2.98513438885287,2.95370986786824,2.96020730270515,2.95995122509645,2.9931721360542
18.1497859640629,18.2413756201395,18.2708550365184,18.282699759519,18.2482779393123,18.2477723198238,18.2461723314463,18.247277888635,18.2662977233744,18.1644049001948,17.9896091730242,17.8764037596188,17.7835851176566,17.7010674742052,17.5771598677303,17.4959443750095,17.4120875008191
13.4741602201084,13.9241581594403,14.3382097373662,14.6382465620506,14.8899581688478,15.0841387964429,15.2609386675372,15.3708442475774,15.5555211978724,15.5044390801615,15.3364086737123,15.2827730440845,15.2533779569516,15.2031306751339,15.1517711508206,15.1309416450315,15.080509788954
17.3992636295411,17.7296795606321,17.9826738855035,18.1603351986599,18.378971061606,18.5741540252315,18.7598928196515,18.9244745788991,19.0959783529464,19.2520991777518,19.3363824600952,19.442241644571,19.550823736074,19.6187445367345,19.6284156181742,19.5910620374637,19.5389664003945
16.9233759929792,17.2156571151131,17.3333267507187,17.3475954848031,17.3344564218279,17.1869362579558,17.087858843268,16.9168026621665,16.8860612538285,16.5507812155261,16.0005414869122,15.5652300576273,15.1778761514333,14.8284221882208,14.3771793049946,13.932117292682,13.3830580546642
9.3157702544691,9.33071506656911,9.30862373599148,9.28909757105685,9.10476545281025,9.06866345043797,9.01239511410904,9.01393876585239,9.18393594267344,9.12495317064413,8.86539288926714,8.8302095172066,8.760283483771,8.71383530137303,8.44651427572305,8.17473198684769,8.02830453170945
16.1255752058466,15.8655137405577,15.6712618924412,15.5849382994088,15.5992529645492,15.696511341725,15.8440478989322,16.0656334224039,16.3209698000295,16.747212910049,16.9655639307349,17.2123194464627,17.4472852955905,17.6057895147178,17.71740989587,17.787335610677,17.8225876486175
16.1501574734309,16.0121084241696,15.7818235154224,15.5741517738301,15.2547337129258,14.9218777696593,14.6530019539046,14.4453443815801,14.2813027181615,14.1011526643995,13.9254517220751,13.8282804892057,13.7594329689435,13.738099881302,13.7870530376326,13.8298041986886,13.8332773110864
21.8495029732226,21.257473391055,20.9207511366052,20.6517655361622,20.2560912008427,20.2328070528493,19.9181640493374,19.6974594167002,19.0475221985238,19.145298117521,19.6633385768863,19.8492698176443,20.0127177716654,20.1128462763985,20.1693249190403,20.1754488747478,20.2292538939911
17.3800486776056,17.2366600740747,17.0399469181566,16.8961155796381,16.6427200632074,16.4344072920038,16.2683450456388,16.1551655573208,16.1585004752567,16.3091813846571,16.3419089800714,16.4757874044001,16.6644571485487,16.8037442492362,16.8448286235445,16.880655966459,16.9074261908391
10.8554621482409,11.1832065951997,11.430890467949,11.6166087089344,11.8017545947332,11.8658850785546,12.0189831427747,12.0983171142333,12.3417804354512,12.3148522418179,12.1565978558844,12.1131168294725,12.1169582226772,12.1031404836488,12.14130314196,12.1460117285452,12.1011147540733
8.94863479431656,9.78254152536816,10.5810966224475,11.142716299782,11.7874729953176,12.0697224050124,12.4562712221191,12.6925933989263,13.2593008069779,13.1105519592689,12.5544443956679,12.3113181742578,12.0934526063348,11.8569532711601,11.4739773899897,11.0800360409527,10.6126460804908
17.9913170615203,17.9801172383259,17.8720842053423,17.7388803404436,17.5103050606952,17.2578876761363,17.0110171059053,16.7372075276811,16.5390830527186,16.2411023807628,15.9463398591763,15.6994320622358,15.5206036662901,15.3457927042169,15.1313119621252,14.9428306683408,14.7589442877872
20.7505202922756,20.4459489387183,20.2302690679997,20.047306349287,19.7970656336155,19.7543221807433,19.5850545101324,19.4876748363707,19.2181820786009,19.2308326129458,19.3705086524824,19.3940375749249,19.3976435335862,19.3616916963155,19.231575661854,19.1162613906629,19.0035041656063
3.206722093461,3.10425923823876,3.04745270203841,3.01211773900869,3.05671207017648,3.18898256758074,3.27001013269349,3.37442569431038,3.40708605011689,3.58262779424524,3.78114374804348,3.91964585958317,4.02454072591121,4.08185255271185,4.23805577111171,4.34234672176722,4.4590562502489
12.6835881484217,13.083672686823,13.4279093988705,13.7195277067614,13.9532288538193,14.0589253113344,14.2457531674125,14.3725486230607,14.7061751840781,14.7275085724953,14.543866281083,14.5302221266425,14.5685467230254,14.5745811797118,14.51163200943,14.4516920106966,14.3792675247585
13.742499762206,13.7952337344508,13.8194000999044,13.8170613439259,13.8810895457128,13.7915535339003,13.7759365539977,13.7160895713488,13.817583476666,13.5974281593744,13.2163107715827,12.9933687854108,12.7601364503554,12.5275749571874,12.2473896729731,12.0103077883697,11.7779304044782
16.1699857347846,16.3124427799188,16.4483071098818,16.524014909685,16.5899076162871,16.6127347013154,16.6250219501116,16.5975876220151,16.6087277239636,16.3816352089309,16.0353079820405,15.7561413174078,15.4658883290579,15.1472394446316,14.6769540729864,14.2514632219022,13.8067373088343
19.6642951370502,19.4373472995439,19.1613532202477,18.9379397094014,18.9427458959108,18.9115203304045,18.983497329127,19.1568006421807,19.2703239392847,19.504073800309,19.7180029974464,19.923535386737,20.1027634804545,20.2315602360213,20.2790736335499,20.3225150735677,20.3463358912311
13.6344567038353,14.0345067301903,14.4354868567002,14.6970777678388,14.9897351716741,15.2507880889019,15.4746944919302,15.6356364550075,15.8424042585534,15.9366522249068,15.8673660929734,15.8573195572527,15.8625020450285,15.8396319403339,15.7888143597706,15.7114706021657,15.5849084728786
4.59164990362568,7.44525027911291,8.90829139749761,9.85794894441704,10.9955786619317,11.5411357212679,12.1800772839449,12.6285665037942,13.4743942560612,13.6625622349792,13.3158572344583,13.3134334950094,13.3754520838168,13.4037808777283,13.3342205945521,13.2422712249258,13.0839916579919
10.3930698082766,10.4133310778698,10.3838655332014,10.328644572816,10.3622781498575,10.2600283279993,10.2354442493667,10.1853609853268,10.2337514299223,10.2307064494951,10.1026446004698,10.0473717975218,10.0107230473178,9.96787174332646,9.97833633535498,9.9460086872753,9.86474256587199
19.0611759251042,18.9898451959625,18.90743414056,18.8487113827319,18.7435501414463,18.6772416464634,18.5982106380257,18.5409221228364,18.4723430478398,18.3410926739936,18.1663355754356,18.0381324879108,17.9198286085895,17.8003762158914,17.605948761323,17.4749844195574,17.3842884255188
16.8636630110607,17.5036119493732,17.8172953782575,18.0241898120488,18.0589229192787,17.9525657814117,17.9197743079263,17.8630381738681,17.8864246830597,17.4645483930394,16.9123182587067,16.485038455177,16.1006136625707,15.6604496461663,15.045917084624,14.3458733510524,13.6868473451347
16.700871884301,16.8735644753165,16.9517783297245,16.9932267826898,17.0157373482156,16.9955464854027,17.0016595819515,16.9970902123751,17.0781760594449,17.1353207180617,17.1176342489844,17.1681443504853,17.2371129092507,17.2707822855771,17.2916079747515,17.2849581760224,17.2741663309533
17.0875057857372,16.9179152685289,16.5293578614685,16.1228037452716,15.5941372739059,14.8319240045271,14.0907140657785,13.2762311363772,12.0825458835216,11.0189370737003,10.7276935114096,10.0922041798079,9.27514015098254,8.43752136055636,8.1164979706025,7.79995342824818,7.87353434538192
15.7468728294351,15.7942101280592,15.7240914087324,15.6686331202468,15.6394832071759,15.4889799744986,15.4788734556808,15.4967744357795,15.6971990537072,15.7378905373026,15.5686575028987,15.5679823052443,15.6031111201191,15.6659555347143,15.7237023543108,15.7446821391232,15.7336436963201
15.1991669921772,15.3429788589201,15.3873317012724,15.3737949422631,15.328643605425,15.2542875628298,15.1534241101847,14.982554322544,14.9529551799738,15.0156348036306,14.9261339295349,14.9395150273588,15.0372621320019,15.1551375661825,15.3233272251532,15.514925841608,15.6615947496025
13.9924106399348,13.8441146523185,13.576430689795,13.3453139927221,13.065314781435,12.7166982740178,12.4388854277966,12.1998940728745,11.9047171171852,11.8727933414679,11.9549655491695,11.9879654587554,12.0230818825958,12.0374851388799,12.1409186395667,12.2066770109799,12.2743085724904
16.5156693712482,16.5639122507728,16.4894681392607,16.3607225041719,16.315067415793,16.1577829849004,16.0343216428699,15.8955776120925,15.906636802819,15.4511327453047,14.7060417792123,14.0997129191545,13.3904598076646,12.7729819580105,11.9276665550451,11.2534242191656,10.5561191817129
17.8454138366008,18.0925832016204,17.9220519063601,17.7654903848592,17.466840514651,16.8398644105512,16.5203168386349,16.1743829395806,16.7076529094194,16.7344140963648,15.9941252580412,15.8528489768291,15.9698353947974,16.0815242374933,15.5581443073597,14.8812911130182,13.9515441535838
18.2392391238148,18.1941365252809,18.2883291542109,18.3552800509944,18.3978215879277,18.6069027590318,18.6509763939811,18.723313979378,18.5097930326736,18.4772029525975,18.6287985398135,18.6270897203443,18.5985825146715,18.5049077659213,18.3680085401989,18.2451820066331,18.1515553259061
15.9070127858557,15.9470471069652,15.8678027846429,15.7856619499969,15.7086781841566,15.6069519591536,15.5458248908292,15.4851620486318,15.5252030668401,15.5561915774168,15.4629547373495,15.4529025243055,15.4956171706786,15.5360614609722,15.5924468519318,15.6561785685544,15.6761630396104
11.5252934744684,11.5905213938651,11.5990888393541,11.6064615164933,11.6797865468987,11.6004646594232,11.6217341642949,11.6244581123151,11.8330668649911,11.8851960491133,11.6719552827289,11.6626520138407,11.6817315318778,11.7069711111574,11.7258073439127,11.7207854474886,11.6956825764324
14.7463108098048,14.9561669335388,15.1874061174253,15.3703420255297,15.4830814036029,15.607033163519,15.7111843335294,15.768017200961,15.835328839849,15.8641845853347,15.879564593371,15.9255686387649,15.9756582292612,15.9916018181801,15.9970136788393,15.9722649234719,15.9405018952543
18.5072096080493,18.5981040922634,18.6853575360012,18.7107538334879,18.7522128992495,18.8091414068253,18.9166467127935,19.0039323896875,19.0708558598419,19.1301992364242,19.0722778420244,19.110304050516,19.1698600607199,19.2152110963335,19.222275633657,19.1824180950213,19.1099560898176
15.2557289547554,15.4945451246091,15.3458033587878,15.1283906599921,15.2602319555512,14.7729973907343,14.7272679592423,14.6321688302444,15.4326625150084,15.5976114672254,14.805105706179,14.6326941058011,14.6418271381529,14.6812573176979,14.2834912528075,13.8463064925144,13.1849855041901
14.9364321124499,15.358001683197,15.7956508916,16.0855673085223,16.3371126286566,16.6114863006238,16.802724693048,16.9347586299091,16.9805966370669,16.969021050589,16.9815511962844,16.9652801130801,16.9380498102993,16.878631584614,16.8076356974081,16.7404026179503,16.6707096698141
10.0296941215249,10.1334246656069,10.415876716494,10.6310327974032,10.8773351721104,11.1314813956111,11.3201781055754,11.4400859763476,11.5476560047598,11.5526933377339,11.5123293942534,11.4887177090938,11.4657903764076,11.4191544070396,11.4861800342147,11.5362886087836,11.5437245097362
20.1038851454959,19.901014281207,19.7500780956616,19.634821950642,19.446865540996,19.4956998571561,19.4348382068896,19.4012708412568,19.1878149465998,19.1923361904954,19.332819104593,19.3215630140374,19.2962442530755,19.2259779228963,19.0201126877976,18.857378729409,18.7316284711748
12.1947721911969,12.0866798581591,11.921219194215,11.8124037046001,11.6423369508965,11.5439292020092,11.4734935031862,11.4425339134873,11.3913938698991,11.5405388727532,11.6626964020639,11.7413489451013,11.8826567781064,11.9862350388708,12.134069027018,12.2444527076176,12.3246217932498
21.1904048774484,21.0191243626603,20.9710177067931,20.9310359590184,20.8661000882807,20.978645814437,20.9387240880658,20.9416709762573,20.6804720567753,20.6421277160354,20.8065300534019,20.8276131949038,20.7983726927443,20.7133622836949,20.4857543208325,20.288459076279,20.0695701747696
17.4023310155766,17.4996771865857,17.5598646120126,17.5632296654587,17.3219276311721,17.1733053554676,16.9611452244097,16.7289482885522,16.5046450567852,16.3448656155462,16.1630797289259,16.0189804532565,15.9280017874331,15.8640089648295,15.7663974335232,15.6924090992878,15.6063107805236
15.7852474080157,16.1327559383013,16.4432382058253,16.7168415379866,16.9538622262455,17.1340139864932,17.3879249692015,17.6363325650546,17.9518036008163,18.099621415944,18.0565764222556,18.1340787471975,18.2296927543495,18.2757276262089,18.1702195829367,18.069024287655,17.9528331095096
19.5804421609189,19.4722547868338,19.441958179365,19.4066705877691,19.3518516781116,19.4143956889306,19.3714171465505,19.3672974090548,19.198869124369,19.1839207964008,19.3002847298402,19.3293565232384,19.3182579356258,19.2609271690685,19.1439625485743,19.0231554201017,18.9380554000484
10.8936816435929,10.7869946146976,10.6161443644696,10.4458964673895,10.1949260783222,9.94745551804331,9.69316365167229,9.46136619300397,9.13124449078474,8.91787077302225,8.90481379872818,8.81995199460453,8.78099583915957,8.69313698957607,8.69910128623154,8.72343168302753,8.77004755536102
17.4137457120139,17.6971047440667,17.8134791845469,17.8998417593579,17.7596939226314,17.6986872436495,17.591470969907,17.4917540170654,17.2863590554509,16.9743285445617,16.9405086210604,16.8626299453951,16.8183132583295,16.696662783084,16.5858575800526,16.5077708004963,16.5544292399018
8.36898606915629,8.37266494350139,8.55604169332027,8.69220133412236,8.72899096434003,8.80846781234618,8.75625202954489,8.62449615277176,8.32388758913696,8.02852630861005,7.94252776415324,7.72408770677415,7.45291091284681,7.16204427779883,6.78382233866123,6.42190602473304,6.21842374114177
19.8596861797789,19.494059795097,19.2363771688684,19.0606961584299,18.8867235236397,18.8744711543982,18.8183983802678,18.8577450514377,18.8041717206751,19.009863876784,19.2081821198844,19.3655086566315,19.4977881224156,19.5830005381103,19.5581857910751,19.5471040393571,19.5569606143994
9.06298267808085,9.01282726518412,9.02987390262776,9.06126867048318,9.08687348566226,9.20425427145508,9.24194412845583,9.28688867656783,9.29054420195289,9.41800495530402,9.48089579028576,9.55102042335541,9.63154420464995,9.70878869846182,9.85279767053589,9.94631809551606,9.99119745467596
9.57505735625934,9.37775075409437,9.06060442522602,8.78734242593659,8.43507448755792,8.12989149838798,7.83024827884242,7.60000452201886,7.29721034193378,7.30277830526725,7.40703196941549,7.47302628943537,7.51545304583176,7.57183465596411,7.69021821393717,7.7205168932253,7.84647687278709
17.6751619801744,18.2499806080796,18.3710907701245,18.4714290798158,18.4585313764032,18.2308007371436,18.2530255272141,18.2628440439044,18.6269609119992,18.4432337511619,17.8727381179994,17.628888042583,17.4834237465761,17.3440162666627,16.8353076375768,16.286679846087,15.683883814605
10.986834454376,11.2364865658116,11.3726711974625,11.4271976649074,11.5283339841851,11.512686861524,11.5420176976314,11.503482515825,11.5877861585666,11.5165393973481,11.3267843155259,11.225597154572,11.1688286134751,11.1258260575955,11.1690530803395,11.1918942601202,11.1596839483494
10.9333640024047,11.240185501319,11.3864166241303,11.4963078809,11.5774864614239,11.5372851355401,11.6017816729176,11.5855737972955,11.822121896022,11.6896791408383,11.3279316990982,11.1706230539562,11.0466207420072,10.9475589528905,10.8063060016126,10.6732637322891,10.5100091510401
22.820012537646,22.6042016639765,22.4725995921809,22.3062618748938,22.0133736007631,21.9162553236274,21.6807825371237,21.4451745180639,21.0328482557638,20.8069866822176,20.6076352776799,20.3840996016902,20.2011920731938,20.0482632994769,19.6656681075017,19.3075823051557,18.9979104379719
9.75588725781331,9.74074301758351,9.65220297318424,9.57777869966063,9.44074857943857,9.28924236713882,9.1385792189378,8.97163985793453,8.69378405166657,8.43966791039375,8.37145561384537,8.2399235815217,8.05775920687696,7.89369686722618,7.85334833260196,7.77197183335306,7.82005214161874
14.8038841237202,14.835446158261,14.91833822543,14.9899846017466,15.041203737734,15.0881360521021,15.1217332603631,15.1321907504159,15.1373054771011,15.0445898915184,14.9198635017128,14.8260587879473,14.7363048451367,14.6257509399535,14.5653130203633,14.5042947622855,14.4167316119917
12.3857378753952,12.6164041393415,12.899131941046,13.0841458756517,13.3132550272699,13.5030750460098,13.6773703229739,13.7743565828611,14.0178504523621,14.1311466488047,14.0171946119555,14.0078836374201,14.0388618151294,14.0482161746381,14.0652053396656,14.062102625349,13.9958234172089
14.99709143879,14.9570644119509,14.7149060734043,14.5272078866916,14.3111499571783,13.9226897764332,13.7040786493489,13.5322149426562,13.5585552511756,13.4360129885683,13.2007558881188,13.1270359010953,13.1109764964683,13.0895346416592,13.1074221839106,13.12472350361,13.1567269022634
11.7300161325727,11.9231616477548,12.2072834667507,12.4759707997484,12.7100366028852,12.8983217559192,13.0965533064496,13.243999724353,13.5313919637223,13.6355748672793,13.5682497045589,13.6342900420608,13.7337698343471,13.7913464892036,13.8366532642666,13.8827952743046,13.8594388124672
17.565576341227,17.5630098343847,17.5427000073603,17.5498803928114,17.485137057656,17.3647687496495,17.3180676631808,17.2827529858112,17.3916623791618,17.3347203145822,17.1738095136883,17.1794955823232,17.2094250716215,17.221657545045,17.146814077808,17.0817752480041,17.0430392053183
13.2918107973839,13.5527330042006,13.7509939250717,13.9075837410788,14.0192064315289,14.0449812300081,14.1472743977962,14.196387293622,14.4473214953544,14.4422702063655,14.2041021757552,14.1385426331357,14.1154120101299,14.0644552788811,13.9391156020939,13.810578675773,13.6529621236821
19.5084729663971,19.5464818254504,19.6443976433384,19.7308981451736,19.7418710156583,19.9177739937704,19.990887271358,20.1252921083207,20.0398334794311,20.218812120528,20.51918196586,20.6880395650739,20.8163829555366,20.8780823933384,20.9072910392138,20.9218212812292,20.9580368813447
15.7964274886444,15.8602788614786,15.9756641880584,16.1174987423345,16.2584752099267,16.2827528223796,16.3612208271299,16.4159074152489,16.597320705321,16.5125563811521,16.2994331100229,16.2310659059924,16.1766804020266,16.1342099803686,16.1445898907602,16.1896343443312,16.2519611420634
10.7469640451445,11.0684399397177,11.4832087487046,11.8258712040944,12.2382789351158,12.4359771909806,12.6739361702153,12.807485706052,13.1602916513064,13.2067480151392,12.9975234695554,12.9467971138035,12.9237456948351,12.8738300587636,12.7685773708391,12.657558444412,12.518234433608
20.3959368014813,20.0189861457393,19.7412941482608,19.4953309834918,19.1920432083173,18.992926056658,18.7539618050744,18.5704240571738,18.2833036973925,18.2824878800258,18.4111972328636,18.4670017620986,18.535921864015,18.5744764526845,18.6240092652808,18.6809952598031,18.7349137874602
19.3595701417663,19.1350993432231,19.0210641304888,18.9169824752081,18.817454881781,18.8807076855929,18.8123721070251,18.7702977529814,18.5848721672086,18.5833564072109,18.6686598467803,18.6520977314764,18.6127879320392,18.5504561281447,18.4319171472669,18.3515460484684,18.2752726869032
19.5536939100642,19.2062162941074,18.8093305804886,18.4414598134524,17.8846515836385,17.3131050864472,16.7380949739838,16.2046815678032,15.7745029856801,15.1654522241179,14.3534296351268,13.7684619937356,13.2519326283382,12.9712916711484,12.3769247021581,11.7421309787373,11.1987891535377
12.783882551976,12.7040374797428,12.2921562774708,11.8156617450088,11.4850872826495,11.031585487079,10.7629137141195,10.6122123450742,10.4979765634918,10.7668893990407,10.781351955243,10.8020522383184,10.8902817832209,11.0357809938731,11.3982088645458,11.6171520487225,11.6610509381101
18.1097536164201,17.9183269988234,17.8193131190588,17.785705333318,17.7494845157664,17.9077339735051,18.0083823866916,18.1689930837367,18.1778079410767,18.4240406370553,18.7072522715381,18.9010892597842,19.0710543575198,19.1721324907017,19.2221286153588,19.2542042319962,19.2875688813634
20.5358801354879,20.436851614725,20.363195623877,20.3335632765249,20.1957615838511,20.1466418456995,20.0727942755431,20.0253166151759,19.926209468321,20.0202005360278,20.1300779496545,20.2225016129192,20.3238383600599,20.3722456296123,20.3275162130943,20.2689759775706,20.2212609430083
14.3849749163067,14.3964169880053,14.3929511309617,14.3814549973678,14.3052578061479,14.2325268497215,14.2194338355999,14.23763802863,14.2439567979394,14.1246237440598,14.0130838141347,13.9483346127456,13.8775658818793,13.7840414362138,13.7740317125178,13.7080393699528,13.6204889800398
12.7526600241281,12.7304502411103,12.3488145005219,11.9723112613414,11.4383044965061,10.7343910542765,10.1683907718935,9.61986405946614,9.02996148471079,8.95279110728481,9.1651369970589,9.21451251480183,9.40078575922186,9.60834221331836,9.97559784322947,10.2930315878969,10.5785561855692
18.4096904757385,18.1383632775027,18.1352051944449,18.0830831026664,18.0717850989824,18.3681154494653,18.4260348232825,18.5146340378088,18.2010537283556,18.1753139953743,18.393884090853,18.3579003904615,18.2811698022264,18.1706595873513,18.2734087635057,18.3361575398038,18.3651247841866
16.996419729846,16.9584386200282,16.8054663432997,16.6453722630812,16.4045067000417,16.1161647824851,15.8873720126862,15.677744875635,15.4675987589381,15.3046017026445,15.1595555176147,15.048336186251,14.9783634227144,14.9303485410308,15.0172046257815,15.0518254862525,15.0303393539082
12.0919887847758,12.1129522585473,12.2222001759714,12.2973249494403,12.4214469260269,12.4019262839079,12.4330487047166,12.4236559995515,12.564607714417,12.3560898443804,11.9941560785875,11.7767217501667,11.5503277890658,11.3059070719251,10.9647032612534,10.6114443721809,10.2521069999947
13.3528188763888,13.5475967887503,13.4863531633719,13.4475854254423,13.6267839196725,13.257138158452,13.2588605050659,13.2405900610708,13.8923212675762,13.9007549093696,13.2352741290323,13.1314441547368,13.1208258040919,13.1359817363132,12.8645909124382,12.6283605532611,12.3461820008745
13.0701878463982,13.8448225886574,14.5401905899285,14.991825500689,15.4177870987393,15.7489630230317,15.9798515585511,16.1430744006282,16.3047548100303,16.2909488348551,16.1691667229789,16.0936425720193,16.0301020994333,15.9533170950215,15.8140060568192,15.7137423254379,15.5859911968049
14.7593185675851,15.0110370612133,15.19751246538,15.3195576561285,15.5594866413988,15.5561267344977,15.6769392461056,15.7772202992474,16.0022566849237,15.8155541819246,15.4711499225623,15.2923424150743,15.1027215464686,14.9060597892762,14.7990206014045,14.6406376478984,14.4547254887995
13.9196312382605,13.6352469538703,13.4840241434767,13.4092549123597,13.5049967160558,13.6559348056227,13.7799361763001,13.9765667124775,14.0524577526876,14.4628061044364,14.7863207321763,15.0278340965348,15.2440536582721,15.3813468057059,15.6317350392466,15.8131600344987,15.9045919881403
15.0698120017998,15.1924403120766,15.152176825751,15.0888883662319,15.0531920746463,14.9640273721442,14.9838950216797,15.0220482005185,15.2382593613568,15.4024045856947,15.3365312408942,15.4207692193532,15.5421512275053,15.6543002537576,15.8003163073767,15.8875523647736,15.9216516921343
14.9716167137687,15.1890090254856,15.496427876899,15.7530661594331,16.012869771114,16.1749463384085,16.3870197970185,16.5770482171782,16.9326448050443,17.0324676055066,16.8928480457756,16.9338767817503,16.994221581482,17.0265513075096,16.9178717532438,16.8209947378622,16.7241785279225
11.2733783057491,11.1372744954233,10.9138444168229,10.7170698122677,10.3450142956794,10.1043839602525,9.76005573000972,9.4315409668545,8.8409560574724,8.48907260818423,8.57656382676276,8.46478655503868,8.29194916733205,8.15404267365698,8.16424628735923,8.15492504581248,8.28244620971873
18.4280334211197,18.4009285645059,18.3243260544361,18.2457111492614,18.187778398741,18.1023527255699,18.0651115407569,18.0446660948792,18.1253496470031,18.080419805494,17.8379589019658,17.7104500657158,17.6146632238397,17.4942332805228,17.219616748701,16.9723745676797,16.7108681708707
21.1390222258681,20.7987206225719,20.6921622808178,20.6280210242527,20.5319098046158,20.715544146106,20.6915801206287,20.7409519304508,20.4263266495031,20.5234578566435,20.9048634070504,21.0495684696897,21.1291580221148,21.135116590202,20.9583686686092,20.8034829924402,20.713464926228
15.7894618117902,16.1206910806806,16.5948943891455,16.9233927361975,17.2135271523219,17.5022544312044,17.6826701279029,17.7927171045036,17.8636862785757,17.9029568602365,17.9285791591653,17.9261960580137,17.9204512077462,17.8626487869024,17.774394953159,17.6741442145336,17.5524805239322
11.4404685360187,11.3430652725472,11.1260472009857,10.9584119649795,10.7878143936949,10.6389070667201,10.5825117483177,10.5819579682969,10.6878006224204,10.9669780964437,11.0460021989463,11.1949351152359,11.3659612633585,11.5040737672883,11.6610753363832,11.7684933695123,11.8312803170809
18.6474510484257,18.5975964961475,18.5057445720143,18.4076929833177,18.305193100336,18.0899629911279,17.932088087055,17.7525428206157,17.6751585481876,17.347399034489,16.8881226635155,16.5615936275311,16.2248460156894,15.9133240928383,15.4842992636942,15.1401856049785,14.8318442617072
2.91197901484614,2.88319038334004,2.85711057987835,2.84379376461507,2.83517185211201,2.8334431512318,2.82869166444437,2.83640692045304,2.86293785877386,2.85101407275143,2.83537769149031,2.84646545437123,2.83517304384208,2.82002169363489,2.8065146587024,2.79234073278465,2.83048721499949
10.7820823763132,10.4654473417744,9.93098485092599,9.50977634347766,9.02986479059492,8.75046479190604,8.5166001524477,8.59859454573737,8.44408640089876,8.87779851884452,9.48447079250097,9.88669483798609,10.1568642469379,10.4459574838984,10.9448768144539,11.3311199208386,11.6430935599362
19.9780285703532,19.9444602481827,19.9320096111039,19.9079339756331,19.8303102195579,19.9227481102921,19.8688475607132,19.8369147018103,19.5895698243632,19.4924120812375,19.5408003545195,19.4806517402401,19.4152692309273,19.3400095272059,19.2048145686018,19.1508910129834,19.1438587230151
16.725075279036,16.6595358823244,16.7191836578851,16.7337296784532,16.8132248296642,16.9243922516702,16.9628343432156,17.0164801898181,16.942019765144,16.9154528988335,16.9597224974842,16.9478234632912,16.9085573111785,16.828737713212,16.8026203079786,16.7707032426908,16.7293355262158
16.8890222090923,17.0162922980017,17.104697320224,17.1636052931569,17.1852892052138,17.1874183602695,17.2034131821083,17.2052875027205,17.2690699178523,17.2550153966738,17.1690832329101,17.1416974586334,17.1448808929942,17.1120444366571,17.0104629100064,16.916581352371,16.820804998612
9.5209095135365,9.74075307074398,10.2400918306685,10.622078170707,10.9169010931199,11.2914660852292,11.5327038241539,11.6781261234402,11.8238384563267,11.9521617623258,12.0158478456203,12.0863882689239,12.1696154495068,12.221992379054,12.3392088963876,12.4266287233331,12.4725098144528
13.2565207016762,13.5502795583247,13.8529835120879,14.0690743409976,14.25678406668,14.2758383425098,14.3494901138587,14.3439224518421,14.528691939941,14.3370786380929,13.9755488294766,13.7825670988564,13.6264941355337,13.4548730295994,13.2302247603773,13.0160455884574,12.8031279645127
16.2038625830283,16.3069745079461,16.532613417343,16.7370004304755,17.032910361373,17.2202098951472,17.4118610163759,17.5731418619831,17.7488141746322,17.8169925822096,17.7717344800202,17.8036260579358,17.8307616625027,17.8093730745053,17.7721814366522,17.7410705910804,17.7038869555882
11.5570829974958,11.6523451658388,11.860099310415,12.0325986932205,12.2389199395271,12.4729297175479,12.6647604409368,12.8094575398418,12.9107081680937,12.9729608331808,13.0361826150426,13.0697719197217,13.1146828642123,13.1416922778654,13.3418855068905,13.4692136816155,13.567342206846
18.1283617927637,17.8668263183979,17.6769885495681,17.5312421738166,17.3268132796854,17.2491083642497,17.0990689775315,16.9933570378029,16.7683713310821,16.8646497715441,17.0787022307342,17.1744789364107,17.2587043006736,17.284945776455,17.3286832111833,17.3428970173093,17.351486871756
11.8910852272293,11.7561585326306,11.5501735586112,11.4084116000245,11.3234472287566,11.2333431530073,11.2443385139362,11.3082612003155,11.532094409488,11.7313970079282,11.6641200968831,11.7517410259187,11.8525193818216,11.9381335799704,12.0007704026114,12.0578723335876,12.0881292999355
14.7153017779649,15.1773979367098,15.588178069613,15.893738972707,16.171043067345,16.4368274846617,16.6553600272354,16.8230237028909,16.977037334601,17.1116934839529,17.1778240018784,17.2652685235628,17.3622533601503,17.3932634311494,17.340603582656,17.2859357502831,17.2206584971567
17.6621822856644,17.4483334484671,17.1495503834388,16.8873261721693,16.6256843339778,16.3548450731138,16.1954910044276,16.1693584891789,16.2579265118558,16.3029928121486,16.1323138404023,16.1239353032675,16.1127883416938,16.1136002651109,16.0399436647695,15.9225135079647,15.7905798149623
10.6562344841149,10.6634480841401,10.6733409683125,10.6611667405027,10.752651529144,10.7193387341645,10.7356577612604,10.7263354063485,10.8108496082392,10.6929956114713,10.4692417621624,10.3227625145199,10.2127493341161,10.0548765361134,9.85005057626957,9.6750839614357,9.54072115483054
15.1092447380442,15.5663953080598,15.8848989508743,16.1027876990795,16.2017508564072,16.2680410873521,16.3485456549047,16.3800443026457,16.4942436516256,16.4546240391599,16.3349631720803,16.2868419859173,16.2774418800641,16.2311961644432,16.1113730077269,15.9779312166592,15.8324171726863
14.6772468628637,14.7279763190509,14.7871524492338,14.8439300948325,15.0196094744974,15.0476434684837,15.1732429152346,15.2874693977996,15.5766966347373,15.5902154679646,15.3576071773402,15.3018702098447,15.2454909564367,15.1714633929883,15.0662084516997,14.9328953940706,14.7715498330318
8.94805901651449,8.95669435320865,8.93766406171465,8.89196555208691,8.80306143358399,8.72249802627366,8.60852675250237,8.50323317854747,8.31627767330793,8.22379915405541,8.27250143624082,8.2742238039032,8.25093448506786,8.23541113928057,8.36225940643011,8.37962476273018,8.47763708169985
19.3717652954918,19.3872492272037,19.4578221373793,19.5553160365885,19.5718514831041,19.6389619238346,19.7103560887469,19.8011322902116,19.9255306135154,20.112050480737,20.2859484641054,20.4131846945559,20.5398471702916,20.6076820910578,20.603974544379,20.5740304170232,20.5761078004059
22.7277668855155,22.0522798736823,21.7177721692092,21.4316843447769,21.053718117196,21.0999064396685,20.8339465696992,20.6770355067935,20.0478502055752,19.9326363125204,20.1927536719529,20.1498435719831,20.0782606729861,19.9699067337685,19.8815593095163,19.8350197796226,19.8389326018816
19.5400636715533,19.3851009423357,19.274200765153,19.1971065830681,19.0746101219987,19.0684399477653,19.0036895333003,18.9846998836363,18.861994210989,18.8468883634653,18.8872700044345,18.9031521097357,18.9247075458138,18.9199156446357,18.8293136405615,18.7749222975016,18.7485145337881
11.1339744992589,11.0922682501519,10.9894685282088,10.8795852749459,10.8052156027685,10.6630698637154,10.6016665844866,10.5437397070528,10.5557243549496,10.461804676133,10.3259576898087,10.2626389579165,10.189049793641,10.131721748848,10.1055708992682,10.0910486709863,10.077585214849
18.1375594442684,18.0040210048987,17.8125359714285,17.634940574821,17.4060593819219,17.2326681695734,17.0972848411021,17.0193085307424,16.9480168948115,16.8708662664909,16.7932568548552,16.7511263402317,16.7390019872896,16.7162319900053,16.7012915473826,16.6915655568587,16.6551138366794
12.8654664543508,13.1331828201982,13.187279031279,13.2090070003786,13.0478462132095,12.7983904825363,12.6739049928004,12.4959276861013,12.6037929986761,12.435357997028,12.0815268808976,11.9280056660369,11.8539683797954,11.756647145026,11.4465023053693,11.1374937347667,10.7917730661885
10.9584471715329,11.2082199278009,11.4612886733641,11.6781752188525,11.8818256953023,12.0220135317247,12.1680692597984,12.2482307603834,12.4369468968863,12.366040943972,12.1160865776446,12.011406429392,11.9279227128811,11.8443959052572,11.7732847657957,11.7256550821525,11.6709348815811
19.2837285315492,19.0159124511804,18.478518168494,17.9600991797334,17.5445013987893,16.828259639506,16.4326986038543,16.1912377090753,16.6690812116765,16.7822625485522,16.0762645483233,15.9740620031746,15.9845890502845,16.138185296201,15.9573659603264,15.974625796871,15.9526799873982
8.33935613487432,8.24643399568017,8.27033773707981,8.26530476067192,8.33819459543279,8.48212391004532,8.47222453933479,8.44367676017666,8.25589596423524,8.10982908474639,8.10911962768031,8.00198129786028,7.81893834713691,7.63358506382379,7.509977594948,7.34443263259829,7.24373593529393
9.54729851683772,9.40365329988159,9.22856224747148,9.03507007242502,8.64141845883474,8.34853296069002,8.07736538853601,7.93812273091291,7.85995579123894,7.97818695656915,8.14556997402238,8.35755443360543,8.54284530860198,8.69860416482852,8.89699546058976,8.95756211466339,9.10233600538572
24.1377903314087,23.5805945478875,23.2913559312032,23.0798595377,22.7603616431839,22.7860786038149,22.6082944188281,22.5692766381144,22.2393297007544,22.5522709257874,23.1735081250127,23.4703352400366,23.6998697907124,23.8423111477709,23.8503513734768,23.8222068713772,23.8832869677548
20.0114353533571,19.6495461870021,19.4736027253028,19.35520171223,19.1976908280838,19.2259291941789,19.1380834526535,19.1254324591452,18.9192238463075,18.9908108815079,19.2114605589171,19.3204062076959,19.4290174437094,19.4506087905053,19.4052664154157,19.3777080507353,19.3982197321324
13.5067683928153,13.5441147966209,13.4872507246256,13.4252096497777,13.3246660949132,13.1866987520043,13.108350231066,13.0580207167949,13.017876940023,13.058610786489,13.002566480649,12.9747163773659,12.9972192699103,13.0045010115466,13.1560970759484,13.2651952288813,13.3834000361276
14.7481794329468,15.3145351000311,15.7324785449898,16.0313436537672,16.3639232549857,16.445459471402,16.6315602025816,16.7449919771579,17.082060704959,17.0631939337345,16.7683094443511,16.6817074045713,16.6329968436501,16.5626952328522,16.2904349760072,16.054628635434,15.8101354142817
20.315677885278,19.9482858082812,19.6132619083666,19.3232041864989,18.9774391478855,18.7369973237577,18.448071465921,18.2573600706294,17.9958700299313,17.9554454800999,17.8922800563925,17.8501044823639,17.8014851617139,17.797908154952,17.7047523081275,17.6193829309814,17.5205991592151
17.8775258628429,18.1284013489399,18.2380439447045,18.3544116825878,18.5185973161123,18.6528012456164,18.8403573712353,19.0271432783623,19.300750525746,19.3890959799057,19.3051346056957,19.3653930986509,19.4489906537177,19.5362068673676,19.6219421511681,19.7246092762493,19.8033511467145
16.9984008062322,17.0696391382293,17.0586339809824,17.0199458368597,16.9621866310773,16.9129579233521,16.8951223449958,16.8866122089426,16.9358046539005,17.002534136509,16.9645425896679,16.9807715441801,17.0356856885957,17.1216522542955,17.2323520029093,17.3009380202723,17.3220153816155
17.3094040400362,17.3630924796648,17.4568536231374,17.4772099635773,17.54346548443,17.6092367564524,17.6370775031927,17.6377996244224,17.6488575118773,17.5462186264515,17.3998726195787,17.2602159061711,17.1084128506189,16.9499683460346,16.7892616780941,16.6674288160388,16.495708584038
18.4381480716042,18.5051216046183,18.5538292945328,18.5765890227842,18.6009848772144,18.7316395885553,18.8035486087236,18.8877500441407,18.9024931896276,19.0790070889552,19.2750824321909,19.411885202161,19.5426130795494,19.6258765119423,19.6928704945984,19.7030532299854,19.7015705862501
19.4019673561706,19.2224391562847,19.0749106359369,18.9628521130717,18.8917250161087,18.8113850454875,18.7224745305984,18.6514889367627,18.5379997141033,18.5770292421841,18.6307534697531,18.6709783162528,18.7048682393054,18.7088284152476,18.732600092746,18.7764695070524,18.8170961452963
3.90130688056686,3.87306792695956,3.8815994270873,3.88180990814857,3.90756595750369,3.95021639578462,3.96347681844361,3.97137239662436,3.94638613013825,3.91407198562533,3.9461031661204,3.95149141486126,3.92846339269699,3.87200133809854,3.88293191734816,3.86022795828991,3.87248232892191
10.2786402590171,10.4669229479964,10.4663609381556,10.4791087846137,10.3434951672324,10.2370124212541,10.2649919873849,10.337560458711,10.5759807196225,10.7268520431779,10.6452994017414,10.7105046131635,10.8412435240926,10.9535073633894,11.0430647457124,11.0620040940413,11.025173407711
12.8951259646643,12.77715215994,12.5888178091938,12.4266035424845,12.1758890873643,11.9166879432797,11.6937829723445,11.4997668737828,11.3028771193161,11.3257570748315,11.413280231387,11.4759751685878,11.5662067943851,11.6272736120916,11.7619223827797,11.8539942279505,11.9352086018556
19.2333152850881,18.8999973740768,18.6288126826293,18.3981978765854,18.1066309248429,17.9393232029749,17.7030906588046,17.5699132156495,17.3346278211859,17.484030419005,17.6869934839812,17.8275634849525,17.9541234082821,18.0435819465727,18.1035785417252,18.0990183073916,18.1083415594233
17.4776306386426,17.8803800790096,18.1799339570405,18.3779729980014,18.5681923112618,18.6755316144457,18.7817707762624,18.8646130531153,18.9925392218642,18.9939210954158,18.8736101548537,18.8263173819417,18.793183779278,18.7349340400734,18.5149339871358,18.3199880548824,18.0988102710716
9.60517229508734,9.51881992584939,9.51441016786058,9.4792171082371,9.36109405477809,9.33507555299722,9.24703371573379,9.20315198081985,9.06661595364462,8.9774344743984,8.9706017956658,8.94049649613674,8.89942495266569,8.83335604037135,8.83980504568173,8.75012584983162,8.75823139389735
17.1253337527862,17.0788256329799,16.977792234841,16.9233623687972,16.8153532394226,16.7072209714811,16.653227815171,16.6028883439919,16.6304125904687,16.7050931825385,16.7121365701214,16.7791709206478,16.8703216496696,16.9175886240777,16.9132330881498,16.9080893057704,16.9150138722317
11.3745116163484,11.3611863819699,11.1791796740299,11.0299902625539,10.8108812273002,10.6224752024252,10.5206647421095,10.4422202348533,10.4739336991712,10.8085793275331,10.9565629915688,11.1379232818936,11.3558917261015,11.5295863843421,11.7452065103761,11.893099149531,11.9797052318648
13.4587283769417,13.4888540553771,13.1853699915616,12.8887096377992,12.7772192188479,12.4029161356698,12.3060777049199,12.2653267160264,12.6190341614029,12.6684072094443,12.2397298436765,12.1424418168962,12.1331205283167,12.1996500958537,12.2904666613657,12.4047278294145,12.4335223391856
8.70153208143343,8.80429205386559,9.13911345801914,9.41324172612943,9.71077938264301,10.040583406276,10.2762250050868,10.4411373378429,10.591598268586,10.69807908675,10.7203998804762,10.7514996610919,10.7873505714141,10.8084826391816,10.9316276869012,10.9862945738221,10.9754905015791
11.3849488374108,11.5354485947492,11.5808534979386,11.6544494221688,11.7202317602495,11.758223943848,11.8578704318789,11.9726613424546,12.2215984658888,12.360298324505,12.3449094244774,12.4613748704892,12.6176625842274,12.7567714583146,12.9495469834329,13.1093910362562,13.2341253692201
18.8806614745049,18.7425773898193,18.6233788174862,18.5272793627481,18.3954131902077,18.359906748659,18.2813050253173,18.2575765198562,18.1758778157829,18.1595294455831,18.1485351735966,18.1392971431513,18.1331945091415,18.1121410534338,18.0437593297691,17.9899957789945,17.940407976893
18.5238684600873,18.4224059435892,18.3425230550093,18.2729924326625,18.1851445412513,18.1243140203161,18.0364875961269,17.9572602784276,17.8408309325267,17.7684391346321,17.7163477360179,17.6582774327689,17.606441310097,17.5094720878617,17.4167374521679,17.3282693163477,17.2370937608746
14.7218859097604,14.5883201952291,14.3048708365986,13.9496701816409,13.6986607148845,13.232615035558,12.8623901458613,12.4692221055948,12.1598883540785,11.7802091772479,11.3453552202921,11.0358981404571,10.6123495082049,10.2776909806112,9.86184332126723,9.45668135929628,9.07437718503432
21.6255459071319,21.2601159526746,21.0706140388123,20.9295256517956,20.7352423282273,20.7745510619366,20.6354384599237,20.5642768361163,20.2172423126107,20.0991030351804,20.1319446377839,20.0298195453352,19.8705364631144,19.6750672736329,19.2636621229904,18.9485305922295,18.6924435642752
18.2849216594727,18.1172762489245,17.9625545379162,17.8558693122772,17.7037068582258,17.5904767977216,17.4635361566574,17.3565429025351,17.2748998488839,17.3466057437122,17.4132040034731,17.4859522752768,17.5637411204958,17.5929598850264,17.5450446323828,17.5061981735101,17.4888811081082
6.88606592241263,6.90086440776103,6.93801496101699,6.95574306679902,6.92584921996573,6.91411433269876,6.87396094007467,6.8302278486543,6.65672955692477,6.49314569665581,6.4830078593406,6.39856545381943,6.26464095000467,6.13770748175111,6.09860271846133,6.00010884129955,5.97203054796029
17.7812664823372,17.8099416439035,17.6021875535348,17.4118916872755,17.25168219479,16.9430033326402,16.8377687613714,16.807435822987,17.1162449461142,17.1419150751086,16.8089896936577,16.7588282503064,16.781723030457,16.814236018545,16.6415959764537,16.5119818794675,16.3642120066048
17.2523306030805,17.506225857031,17.6153945530961,17.6853684569387,17.7490514329669,17.7323741417545,17.8161529045346,17.8727547363222,18.0864744062402,18.1241444623592,17.9368665703917,17.9107769102444,17.9311245799921,17.9477062442967,17.9299793629162,17.9107067069854,17.8435412125707
15.5664693076801,15.4581790018239,15.3671121570638,15.2884371764404,15.3797051721188,15.3200194619311,15.3390435535943,15.3419475520703,15.5383187190692,15.5757080070398,15.3377301942804,15.2683832843988,15.1973471374353,15.1195639960593,14.9358926565596,14.7721038355291,14.5766344759663
14.3276138738573,14.1582537172847,13.8565562604939,13.5729823844068,13.2205732070429,12.7565540171068,12.3525847464268,11.9746446615561,11.5016039474772,11.2287308937321,11.1699351859489,11.0334651354641,10.8950154509756,10.7565487271909,10.6690539170482,10.5721350322896,10.5272297070551
13.0512236749008,13.2916039718521,13.3837059367216,13.386312416085,13.2519199438851,13.0040192620653,12.8243339651372,12.5796227434876,12.3330011817202,11.9439888770157,11.739616765534,11.5048182830349,11.3435140821005,11.2117642964603,11.3325205272987,11.3779909483542,11.3994753989997
20.3103866464771,20.5050527529238,20.7985569521122,21.0032814670286,21.2421046151485,21.5664027514621,21.7423840209531,21.8974463883406,21.8943703836186,22.0818623428232,22.3699132852152,22.4691958935008,22.5293888569009,22.5420056407293,22.416709639634,22.3085325921384,22.241772930234
17.739178843862,17.7225485151801,17.7820657403086,17.8233280210356,17.8982178071512,18.0263661156386,18.1262261286491,18.2109412327948,18.2374584481402,18.2784489933485,18.3212463139351,18.3313822442356,18.3364201561755,18.3216072864293,18.3095613679411,18.3504218910443,18.3679304446766
14.6693721162602,14.9637134286467,15.4195855368675,15.741743967387,16.0562960087588,16.3202670040791,16.4973399449058,16.6193650056823,16.7361754807487,16.7660136940899,16.7341042513874,16.7267829514909,16.7010814834028,16.6207465154157,16.4295781216979,16.2504489887002,16.067621814636
14.8115271391747,15.1631087456505,15.5229316310048,15.8275926078049,16.104802713987,16.2848213130451,16.4844834658417,16.6457431532656,16.8589774629336,16.9145549048183,16.8639536513502,16.907433493634,16.9746460764624,16.9833955730885,16.9155401857378,16.8596217291406,16.8018330170099
18.3635839679543,18.0486848295823,17.7584580197329,17.5403128724808,17.3473689051359,17.1667954816565,17.0075931429102,16.9206011531101,16.8714417492584,16.9890366249596,17.0612357677697,17.2009780393259,17.3687472940445,17.4920368754817,17.580587239218,17.6539362713379,17.7367411443131
19.7582007017256,19.8031754164083,19.8458968388343,19.869175614823,19.8113581195115,19.7824152624322,19.7430877162286,19.7022018432452,19.650322603811,19.5013339229055,19.4060295191957,19.251952112308,19.1016825183123,18.9399861168876,18.8125433982887,18.6899371535182,18.62265907329
17.654523302021,17.5128806699238,17.3526091008357,17.2579998609683,17.087904801217,17.1342548832466,17.1601624703593,17.2652152128778,17.2905157878949,17.5591882570584,17.7768342178579,17.9566998990778,18.1380731667532,18.2833761247909,18.4456197221789,18.5410511233754,18.60761374911
9.34908367351494,9.54869008874795,9.61837137749191,9.65787874786028,9.70269777207814,9.56848004606212,9.5366033433846,9.53216722170738,9.76343981664561,9.66586546460956,9.40359381895246,9.36990787507743,9.31652067606384,9.24692508043103,9.1584060751657,8.94121910573196,8.82123548353097
18.9096153534327,18.7583135710889,18.5966534696999,18.4757396457091,18.2977267733387,18.2494864423637,18.1801954704525,18.1372188648821,18.0238055921216,18.0539548834186,18.1483515528221,18.1781787396375,18.2267950432752,18.2440284651689,18.232462494254,18.2302287101636,18.2395053191578
16.8033116465427,16.7894099167961,16.7148250564885,16.6274992141773,16.4470485997401,16.3219571755569,16.1908120094893,16.0662089499517,15.9212262208052,15.8852925543805,15.8914593448321,15.8820903184968,15.9152328906624,15.9324452544619,16.0290258967303,16.0845328694376,16.1097588460147
11.8282530487862,11.8491262432209,11.8559601665324,11.8430886335918,11.8045252107856,11.6886045738061,11.5981388400423,11.437449422898,11.2742025140999,11.0271492352685,10.9196096156725,10.7884103418631,10.6084622662969,10.4125409560385,10.2832835079594,10.092972022947,10.0380041820452
11.162104879319,11.1884702293968,11.2652303336379,11.3256720686779,11.4544533724373,11.6355223012716,11.8039313183978,11.9448758077759,12.1465282638489,12.3003673529423,12.2807557903035,12.3343111746302,12.4048651639004,12.4994478296147,12.6340565628793,12.7727394204319,12.8544544386264
14.3145229209356,14.3749329508784,14.4853375214507,14.6248629229975,14.7825831222325,14.8437130253251,14.9701445857583,15.0575987949066,15.3323691093653,15.3819578545693,15.2047763248656,15.203672517862,15.2053447963206,15.1864351477614,15.1106743818761,15.0257612886094,14.9140782352184
17.0934131119294,17.2639910484082,17.0347522600432,16.7514815420539,16.6387582329217,16.1722685075659,16.0067641479212,15.8061791750498,16.1989286606815,16.1874445110721,15.4742173419934,15.200660306764,15.0677427032,15.0116082147321,14.7880149100365,14.5622074658571,14.1685832784736
11.6310314835724,11.6910640274967,11.8507494806644,11.9657529965513,12.2377750484705,12.3760849699717,12.5311952465241,12.6336183743798,12.838115970685,12.8650158230615,12.7268232759919,12.6957794425882,12.6641581388004,12.635621952714,12.6445840065524,12.6405773659924,12.598419021377
17.6474205801626,17.6887592073357,17.5614957123252,17.4379059882547,17.400813050221,17.2444109914969,17.2200585672732,17.2098872159931,17.5185929295812,17.3427965838856,16.6356963146507,16.3236828406334,16.0731047540221,16.0138713973032,15.7159235822655,15.6983205139109,15.6906421846501
15.776561206943,15.9558074137438,16.0588966809576,16.1530091136439,16.1843222113434,16.1479992722475,16.1723367346753,16.1783432587531,16.2993743646308,16.224209286507,16.0055419968689,15.9068712666882,15.8436205800439,15.7729217827201,15.7056709471575,15.5951162948094,15.459855363209
11.8551154085233,11.8742086694625,11.8290074926912,11.7817939532118,11.6882132408046,11.596403853315,11.5368740888238,11.4751244180609,11.4313245608873,11.4418166765283,11.4516983842529,11.4788649632265,11.5293214858312,11.558359981832,11.6893988816076,11.8023726850911,11.8876351720863
19.2180231517952,19.2238570239553,18.9798986341059,18.7178483646917,18.3672515142132,17.8266252817768,17.3980465208856,16.9267816213156,16.7996822147166,16.2892975132157,15.3552823183245,14.6459642650468,14.0378148074313,13.5676285894755,12.6563221298617,11.6555520870261,10.4945842666503
16.4125319827581,16.6023984791891,16.7637103214464,16.8906571674266,17.0056252727325,17.1024421335481,17.1959206461639,17.2477440024389,17.3575475632685,17.3106944936427,17.132635075048,17.0417910337097,16.9554143186881,16.8493929378076,16.6005877005987,16.4124050443774,16.2390001522201
12.9430195985713,12.9220532764133,12.8467236474309,12.7612696375991,12.6581309381499,12.5490411788888,12.470436409472,12.3950442161823,12.314423459244,12.1875257278829,12.079054943654,12.0025261099296,11.9285607598844,11.8879629486112,11.9335220893844,11.996771886112,12.0552106831879
15.8707346398078,15.6585869715175,15.3251588425881,15.0360103808518,14.7676661104485,14.4363735393953,14.2027552059261,14.0147176842059,13.926951428137,13.7739666465861,13.4954720513346,13.3442918630626,13.1774638859043,13.0613487567509,12.9652922367515,12.8995261649124,12.817608411172
11.8750271567093,12.43613131983,13.1863875946793,13.7369831139476,14.2516304853571,14.6188077981997,14.9186488680369,15.1152932246999,15.4179023460045,15.5198413436809,15.4720691580461,15.5168035360822,15.5653271282911,15.5868723426031,15.5587061587013,15.543681125919,15.4797024345093
18.1687186589821,18.3757338667971,18.3361590053728,18.2613321000649,18.1878101740767,18.0580130673181,17.972037023268,17.8784927732689,17.861585395628,17.7518386145766,17.5690892082214,17.4455025801965,17.3779609993959,17.3110445965863,17.2492987296728,17.2086805381358,17.1541309668948
9.94709155940799,9.91324903163742,9.9768885502381,10.0022395884407,10.079262386865,10.0911021895527,10.0877367911288,10.0705522276241,9.97251979792847,9.68740361789013,9.47036896740185,9.26599612109423,9.00365363868619,8.77084400733737,8.61110136755184,8.43634499905808,8.37719755048161
13.0512811038521,13.2108475156162,13.1369630820201,12.9968259673323,12.9007005837899,12.7128440741174,12.663148952084,12.5885409660175,12.8328986211425,13.0499677809975,12.8702632962864,12.9121160072828,13.0451329532089,13.2169557005784,13.369616747329,13.5078979882665,13.5516145914771
8.79721018040209,8.86564187760648,9.03711847491079,9.16195286368641,9.35598479908306,9.47220326842596,9.61913753920267,9.71965503005253,9.91885689324364,10.0289995755995,9.9789227331103,10.0215922722016,10.086736819848,10.1467688000452,10.260972043251,10.3323732831553,10.3501849609105
16.7364289519826,16.6923436319272,16.6232865386045,16.5766737094163,16.4957241925519,16.4312315802376,16.409467616824,16.4203283542818,16.47154926947,16.5355103127182,16.5753164194042,16.6578746660911,16.7651724292188,16.8261858840654,16.8779974671855,16.9203725120532,16.9395477186936
10.6243001844847,10.3826853303332,10.3132356379463,10.3205890607369,10.4027098801149,10.579399453159,10.7124637960026,10.8733844799242,10.9829263657712,11.3162145947155,11.5358713145715,11.7291065414867,11.9066793729736,12.0299948186833,12.2367612951314,12.3853493576586,12.4792103768356
15.2144269891184,15.9938835854207,16.3937000128565,16.693927309882,16.8378856120837,16.6899228700077,16.7780896207117,16.8358589714637,17.2674438232318,17.2799694491526,16.9655526722358,16.9259819904056,16.9917106855456,17.0010031917629,16.7979924562323,16.4801185610188,16.1171347660706
14.3371244044422,14.5038026396662,14.5570780288985,14.6013509204539,14.6858675924478,14.6098469142121,14.6506105369734,14.669515411993,14.9233658155366,14.9064563090554,14.6318922275966,14.5798022086951,14.5660984365157,14.5358648404343,14.418264344723,14.3265914573637,14.2052349796158
16.8484330768996,16.718759497942,16.5537727947648,16.418212788465,16.1712824143419,15.8978433539116,15.6382692787888,15.389782831901,15.1862857265642,14.9647375385789,14.7612792298062,14.6398196619955,14.5502840231598,14.465845693459,14.3152322091547,14.2067119968337,14.1398101711628
16.8380640839727,16.8008329222722,16.7155866046328,16.6309924405274,16.5582369174155,16.4522159621825,16.3983932003317,16.359214861637,16.3089616484705,16.2290088687001,16.140673057399,16.0876042253795,16.054998506574,16.0061941017023,16.1096666975951,16.1833412046292,16.2261511536574
15.8333983678878,15.6349745391057,15.335745955187,15.0567596099213,14.6609442273442,14.2224435714262,13.7843977985897,13.3495618997013,12.7516467438917,12.2585808148836,12.1364126482941,11.8794598945695,11.635770298522,11.4316818198863,11.400467654095,11.4351481117984,11.5713306951684
16.2665276010002,16.8039837040851,17.1624230192369,17.4153981782922,17.6344570705178,17.7994379982699,18.0276110770094,18.2015459575862,18.5570057026467,18.7186701327675,18.6469986979426,18.6974691925548,18.7512624815448,18.7741110876076,18.6059963703125,18.4364414294972,18.2529277515611
15.0979235028294,15.1161429812456,15.0898017849511,15.0457998875821,15.0224921116197,14.838850624614,14.7382979804254,14.6077222930613,14.6218046155738,14.3372382135097,13.9400692007992,13.6715265578348,13.4057450213919,13.1262015781394,12.7706008473377,12.4227255640547,12.1061346828176
19.6665631321768,19.4880127220537,19.2233645184348,19.003191096753,18.5636601555874,18.1405223090937,17.7796922913035,17.4631981222072,17.317836301579,17.5918410472939,17.7899845282831,18.036519908825,18.3599048602617,18.6114918373481,18.7434206214219,18.8420521548681,18.9182215385047
17.1459137667969,17.2716894909851,17.5336020988336,17.7432132545086,18.0113469034886,18.2191969815253,18.3954339567002,18.5416362346177,18.676690976198,18.6588711036879,18.5620872222536,18.5054813947919,18.4245678470775,18.3075779569103,18.0587304542887,17.8155526333927,17.547424037678
17.9810576048281,17.8465774219456,17.7385019912239,17.6546634120589,17.5355001344296,17.4413920586583,17.3377909364097,17.2814858802786,17.207723991189,17.1638508554804,17.0961952946132,17.046799723089,17.0186021642094,16.9594974857527,16.8510766410231,16.7241951841625,16.5968927046156
17.8278161564507,17.9053004760468,18.028563661145,18.1114989532364,18.1988421782296,18.3745392646178,18.4419647729615,18.5252329694459,18.5018319309638,18.6052141418727,18.7502526566517,18.832510107992,18.9020253687756,18.8953380361926,18.8263841004574,18.7576538131724,18.720767157305
12.7970564768623,12.8012946737195,12.6060042067831,12.4297780665393,12.1218059518719,11.6313066591591,11.2729091813284,10.913024408248,10.7589333560896,10.5303732463051,10.3412545631546,10.3259760206752,10.4011933061784,10.4664208392163,10.4747198360536,10.4919428212574,10.579845990159
19.3124327640322,19.1540737582299,18.9634592993861,18.7961995262392,18.5713734998742,18.4167223498692,18.2594153587144,18.17180509743,18.0798699905061,17.9780840427603,17.7988306572721,17.6690539461597,17.5596315255925,17.463277693826,17.3021611122991,17.1512974960714,17.0052261879533
8.20180529023456,8.32503090475052,8.51093278230304,8.93446690449433,9.62547196437394,10.6087626001362,11.5048743824941,12.3880112959161,13.2022437467653,14.0503453415862,14.4475102388652,14.8909947576172,15.2935264611376,15.5943945418593,15.9426723687501,16.1882787890614,16.3624570950251
17.2963949718289,17.446635517531,17.550963343931,17.6180307497911,17.7185345961558,17.7381554092779,17.7698457031412,17.7687767538776,17.841768820931,17.8266589598358,17.7208871724144,17.6681773795097,17.6325776704988,17.567152204871,17.4457453142471,17.3357007871065,17.2158358179173
15.7978575698707,15.7146104040185,15.6737513565708,15.6114502623358,15.5840448677601,15.5851254405462,15.5785868416269,15.556383673811,15.512515858355,15.522913063771,15.4825332379268,15.4283851813756,15.3784877583595,15.316736076809,15.3431645608693,15.3249058206608,15.2606109747865
17.1966420298212,17.0533173434003,16.9576293472339,16.8812544198954,16.7881228886507,16.760041826052,16.7141390296116,16.6976206066031,16.6784978824584,16.599659266581,16.4534015124749,16.3575349264523,16.2447323335074,16.120944406298,15.8737398404963,15.6744394508939,15.4872841623511
19.8828514133232,19.748359749337,19.5010543874321,19.2424875808298,18.8874530561478,18.5489544919804,18.2473574932816,17.9834372072722,17.6667723849243,17.6366452500825,17.7025522081718,17.6931559137402,17.7181975464147,17.7639649778047,17.9599266986883,18.1179745222548,18.2371403989658
14.9724810329148,14.9500421852496,14.8124164129796,14.7040601582291,14.55161939505,14.404305767353,14.3262133435748,14.2879435086342,14.3362255292987,14.4721620392452,14.536149690809,14.6409205931936,14.7602223081192,14.8626004587832,15.0035837267701,15.1303116938892,15.2002212707068
12.8898369261648,12.9431811905935,12.9410361455688,12.9385560548321,12.8797640101881,12.7430298901855,12.6516080504487,12.5353552842426,12.3995938560704,12.1797752633286,12.0642856151575,11.9986734879402,11.8619408195276,11.7584327779759,11.7929301849042,11.8569872311231,11.8999147270971
19.53210135866,19.3555487293067,19.2562494183436,19.1868627313549,19.055747296403,19.0348235900116,18.9423638726595,18.9017061824949,18.7700436579111,18.7030943849873,18.7039624258979,18.6977594562346,18.6596677761305,18.5865558309407,18.4024170694126,18.2456624522904,18.1499091082337
12.1160667204734,12.0785565767072,12.0179945432055,11.9890229005084,11.9410487661399,11.8734332570374,11.9355458259625,12.0484919312222,12.2923688614345,12.612193596129,12.7057709453069,12.9057984597247,13.1340630182436,13.3187752559399,13.5512503372283,13.6802254587708,13.7371579215736
6.34794024462191,6.26658097863955,6.22541293186507,6.18690185858631,6.18385364372977,6.19234644582458,6.20504125742148,6.2542658056246,6.25021096657937,6.28288825241229,6.34129756897177,6.38160275272218,6.37142027899137,6.35341091530875,6.39021409870023,6.36711026298052,6.40729028160638
15.7860498534148,15.7231984288806,15.5591353815332,15.4352180416538,15.2556956623425,14.9465206621839,14.767016409289,14.6165017310737,14.6114821219301,14.5335806068478,14.338582905325,14.270461538527,14.2415663313257,14.1772043186129,14.0855667726321,13.9187682484016,13.717798957164
21.7535738651155,21.2810153091096,20.9907047712122,20.7632042354259,20.4401134392523,20.4008304068956,20.1744991453038,20.0277054044894,19.6095510619121,19.514491071336,19.630710470929,19.5869823227395,19.5088577790408,19.3874775660142,19.1937698175337,19.0430779324122,18.9355074817735
16.6321025335605,16.5308675941425,16.1933793838744,15.8538698191712,15.5096946760482,14.7531630257299,14.1353405530866,13.4469340934161,13.0152348458885,12.4201984643552,11.6087248941317,11.0823068020934,10.6930119150418,10.537076136886,10.1889323456932,9.9532454066131,9.85493416323742
16.6001712001807,16.5316440517659,16.4501831307832,16.3868638279401,16.449402206864,16.5079708532124,16.5693668148333,16.6792962371184,16.7725345773578,17.011207892387,17.1826795703463,17.3366384985808,17.4893828332853,17.5622410796468,17.6803060268208,17.7427030091387,17.7932817690155
13.9081966406189,14.1043302601776,14.2795953040227,14.4790404559163,14.7088944877757,14.8850674613042,15.121190870855,15.3465582760496,15.8050849212767,16.1104042555417,16.0539970994017,16.1987220578109,16.3866762417124,16.5360079263905,16.7061555150494,16.8277720269723,16.8762872940552
13.5435310063821,13.6224095712653,13.734548195926,13.8195615317986,13.9611893941299,14.0513596932085,14.1673521040065,14.2430062054223,14.3916264814682,14.3842742442318,14.2535627015864,14.2317631040516,14.2132426564558,14.2021329576326,14.2309782266428,14.2467121908375,14.2316855516701
18.7581246181508,18.6069245627632,18.3971668328098,18.2128439656358,17.9215510961841,17.6583688682095,17.3852275393469,17.1216257358791,16.8427863339809,16.4714784173391,16.1667773563591,15.8876713980499,15.6413476618567,15.4686991987433,15.433705448548,15.4484638447178,15.4763700672005
17.608741623315,17.5527419927499,17.3242974386625,17.1267292411171,16.7592665776447,16.2449430727058,15.8326350508596,15.4295474684369,15.041875859795,14.3158958387594,13.762073766076,13.2525501049704,12.7396233915894,12.1911632857128,11.5790101969389,10.954865756156,10.5721983077177
15.3668127276631,15.4101788941953,15.3234053511332,15.2495037059404,15.0654459111989,14.8281990023312,14.6406636815353,14.442598975547,14.2573771855352,13.9929141270829,13.8151741879297,13.6681628813333,13.5712155296702,13.4860408978481,13.5453109014837,13.609585784856,13.6750076387721
23.3262124326402,22.809163675935,22.5934295256882,22.4214124869239,22.1676208634131,22.3337055453079,22.1816864246322,22.1237930926119,21.6284483075226,21.6571933435141,22.0666537066116,22.1794575012501,22.2090201599379,22.1848601437985,21.9835582267881,21.7956270131693,21.6948526283725
11.2280916487354,11.1978047844114,11.2536423044357,11.3811357964583,11.5339173741664,11.6771518223963,11.8903862334175,12.0950833688556,12.4566580592455,12.7820061116715,12.813073114412,12.9649201720107,13.142942284229,13.2705602766872,13.3890298565115,13.4622584113578,13.4573330146481
21.5933855189397,21.3621054250664,21.1877074688649,21.0400613289769,20.8305031290858,20.8007779393125,20.6410832593216,20.5097608894737,20.2096581872128,19.9843029520128,19.8091768700716,19.5680803724309,19.2992763384217,19.0153689268002,18.6542438811147,18.3990340483525,18.1942082252416
18.055144683231,18.0597988125068,18.1203121668272,18.161061997329,18.2226699825218,18.2602606619563,18.2740757079297,18.2733501159331,18.2701000263419,18.2118757046745,18.1059058075498,18.0311176859302,17.9508370111739,17.8148850521312,17.6523305296692,17.5046803566357,17.3498206093275
6.59037083031251,6.64785050698345,6.75415541840541,6.84264379439129,6.95863577976268,7.0517746546158,7.10058225049349,7.10123285324894,7.06873822843897,6.8847112636954,6.77606096864291,6.65895103563219,6.47815951719951,6.31207439497946,6.14465375678825,5.96929199460056,5.89251694685519
10.8571586419638,12.1630964351097,13.660815816226,14.729163470226,15.8277549208188,16.4978790463061,17.0387668340237,17.4468890828548,17.8524264077118,18.2345184429149,18.4953458874554,18.7596034740138,19.0008516819411,19.1587084227187,19.1859651550544,19.2061568461332,19.2421501607939
15.6409869263111,15.7939934658779,15.8334084466599,15.9221002740913,16.0147373728504,16.0116387836408,16.1308939501969,16.2600412500253,16.6056473031219,16.7849151100477,16.711344271035,16.8240262319737,16.9679037189986,17.0705082364267,17.0185699261524,16.9833751516958,16.952436264881
17.6497344673446,17.4567188534973,17.2686956055994,17.1121433254246,16.7383765657106,16.5221363110861,16.240946907014,15.9741751552832,15.6364063171636,15.4077967935862,15.3039817265962,15.228874302096,15.1984948524643,15.2055682414651,15.168486904727,15.1584361682032,15.1983929814556
14.8616330988805,15.1002907405039,15.2673777991843,15.3749217052074,15.4245883456407,15.3475010116035,15.3256926880489,15.2826122791139,15.3300208330829,15.2281120437238,15.0514590785523,14.9539961019641,14.8757991754034,14.7760826063583,14.7744626753238,14.7494704408328,14.7056710584638
13.1267229381594,13.7197374532346,14.2602679049006,14.6668043053704,15.1174247671136,15.4013968670077,15.7581970835822,16.0352002435372,16.5161559117083,16.6918877980737,16.5392875725175,16.5995218010199,16.6978413394496,16.7685500950824,16.7130122760762,16.6561400618023,16.5477589359706
17.4769592515362,17.3638402476293,17.1899070319856,17.0238050412825,16.7963155827969,16.5360524409941,16.3272166228861,16.1624601303422,16.1703035033891,16.009787469905,15.6546729633076,15.5246499007761,15.4360165858657,15.3604336820352,15.071719470025,14.8486298520137,14.6341658351845
14.6992230531162,14.4327585980523,14.0700794683073,13.716169730076,13.3465570961826,12.9571568004219,12.5430235167154,12.1789796645512,11.5449714440652,11.357092635533,11.4700036247396,11.4397474093546,11.38079117053,11.3775281131232,11.6182718639145,11.8865149049829,12.1459361620247
19.2626436990971,19.1135929804386,18.9672849976719,18.826645537271,18.6275224982174,18.4676598197438,18.2848233192577,18.1229100711965,17.8997698083782,17.7823685989641,17.7115508018142,17.6275043582174,17.5625236846828,17.4766091753062,17.3801196117687,17.2274933780556,17.0696326608035
19.3320170893095,19.1776904379819,18.8484822865039,18.5323357720637,18.3360256930018,17.8896074597897,17.6269851655247,17.4449436119076,17.482462616281,17.3958031727992,17.1231225456369,17.0186733012643,16.9507677276972,16.8818138854263,16.8944822558154,16.8246756523251,16.7209491677238
16.4096142957153,16.3111619313178,16.1815993260177,16.0744018144554,15.9896377994803,15.8761364190021,15.8469212117965,15.8656351755981,16.0117373460394,16.141698091903,16.0902487925676,16.1534113737859,16.207818367723,16.2179929477039,16.1542164463064,16.0375710613086,15.8962122875771
11.7175645847404,11.5476727527148,11.3191338051258,11.146762083029,10.9781609369333,10.8560711349482,10.7871720747303,10.7741680840951,10.767956944689,10.9541180719196,11.0450978640386,11.1587093205604,11.2841725052734,11.3849936514826,11.5758453669038,11.7039621009997,11.7742124610915
9.55855669976935,9.63066122274142,9.72386110556653,9.82417361777286,9.94921891145707,9.96789165941593,10.0402323683172,10.0737821772001,10.2585269570641,10.1144613569147,9.82176773337176,9.74136962520949,9.58524141488667,9.42610209282902,9.20714041461548,8.94175341143121,8.77732042732254
16.4459130399778,16.4234492802687,16.3385204728732,16.300683566632,16.1635284402412,15.9512485912075,15.7940917455454,15.6367403106708,15.5123556034603,15.3507437530393,15.270253332902,15.2245091398429,15.2065437725296,15.1994543898165,15.3230599091832,15.4638176644765,15.6416801567703
11.0419958102962,11.770244816562,12.1553666000467,12.8405602235071,13.7242626926251,14.0213395685005,14.763755801172,15.4618059618231,16.6004948773228,17.3855472714695,17.579245550419,18.0174249321622,18.4644331889085,18.7972174973523,19.1181582850638,19.3434244014376,19.5148276453744
21.5691060592376,21.0485365689797,20.7652910389557,20.5447960991857,20.215279012196,20.2599310059143,20.0502917774789,19.9459138086573,19.4809615552739,19.4758415459173,19.7795477926052,19.8553616666324,19.8965400474245,19.9060119382963,19.790107928275,19.6970493790374,19.6684477701596
14.7902862405065,14.8007914269544,14.6836160418413,14.627636987098,14.2789812852622,13.9938727278877,13.8415428034435,13.7886712558692,13.6484605402024,13.4213876237601,13.4466845547779,13.4368778150091,13.4330082344188,13.3506105629835,13.3965246059244,13.3248753541804,13.2570549972797
13.5212456288077,13.5297551581983,13.4299612405379,13.3718826821599,13.2800103728972,13.0377534278411,12.9264488580523,12.8491106474259,13.0655700891436,13.1073665874391,12.8530111267295,12.8720575396708,12.929165848515,12.9766539375485,12.9236113871346,12.8957044401896,12.8723513870813
18.1310973118082,18.0528661577631,18.0236072852157,17.9862719839159,17.9226089959603,17.955138455952,17.9394909761338,17.9438303303225,17.8939652389032,17.8329476481117,17.7772500921189,17.6984686305415,17.6033535980792,17.4946113885524,17.2978235750044,17.1187576782975,16.9257254109058
16.866730904345,16.9484203242574,16.8744301226588,16.8034757926732,16.7515439998873,16.7245676429949,16.768778846782,16.8373906201724,16.9726715635247,17.1444020942569,17.1696676994549,17.253914037434,17.3788042757737,17.4891981475096,17.6366035436399,17.7555922209053,17.827899070149
18.5208815124737,18.4788313811732,18.6197137701906,18.7013074328269,18.8127867592447,19.0242042909264,19.1817125966368,19.3155064740519,19.3151113686117,19.4129911492924,19.475282980617,19.5557756932691,19.62782429116,19.6724956788358,19.6845194672737,19.6567730636048,19.6085032298445
15.2798095225077,15.2400391948008,15.0065295090036,14.7419220363,14.4021185328101,13.8785542388804,13.4027247995198,12.8976090507078,12.1587076204955,11.3767101474229,11.1415593649952,10.7088311000812,10.3027981568837,10.0210455836064,10.3228590259956,10.6521921906335,11.0342107616629
13.611487790626,14.0000863675921,14.3043815320886,14.5465434038519,14.8573235220143,14.9060030319647,15.0673523175575,15.1648782405855,15.5042378292281,15.499645844288,15.2028932504627,15.169968726857,15.1680702676015,15.1507478679227,15.0176303377409,14.8899463718325,14.7409762790796
4.02597437438349,4.13327065919822,4.16860625186835,4.22918049105146,4.23831769020705,4.20022957259311,4.22031209030882,4.25995196502584,4.45327102468574,4.50633270500031,4.47420150453318,4.56287276023355,4.6406179127453,4.71044014892401,4.76883871511227,4.79696820236799,4.87782808106354
18.0242270214652,18.0563121081772,18.0586175188316,18.0423396877451,17.9730786846985,17.9170115656968,17.8518549462487,17.7975006997795,17.7466352107042,17.5675825101239,17.3700900972287,17.2241905309728,17.0629222906635,16.8848420478213,16.6496703631324,16.4298013121613,16.2426897288819
17.8644838499056,17.5245178858221,17.2346216054879,16.9812859763929,16.8151968474112,16.8730380176721,16.8491817513678,16.9182245528959,16.8057449377037,17.0789957718891,17.3795693465609,17.5556641066216,17.6720450505618,17.7725616944611,17.8863280063014,17.9676952357403,18.0181763659905
17.1575183292543,17.0061957044954,16.8811656128646,16.7873442077641,16.6639074290187,16.5284935353557,16.3805267595654,16.2407010767474,16.0633856059114,15.9619613542805,15.9105736869937,15.8391433017962,15.7698724990722,15.6611066098615,15.5691321996141,15.4648084098897,15.3580861981756
14.8013937856857,14.6472226178452,14.4543046518763,14.2919571711692,14.123142103117,14.0393979199993,13.9784540446199,13.9615231013709,13.9747313039908,14.2043360514752,14.2952291241402,14.4028786301149,14.536350416394,14.6404215618199,14.7718081077847,14.86381515798,14.8957964125925
21.7524439772734,21.2516795602669,20.9276004728872,20.6393021155514,20.3367476115288,20.1979336118544,19.8437569843647,19.49672555393,19.0018007482621,18.4666787586204,17.7697876473004,16.9295351151538,15.8070303789414,14.7285392877823,12.8889366679356,11.7665459088961,11.3653366690593
8.21922235995668,8.0320930034551,7.88061095019783,7.77159303442698,7.61915554320236,7.45487106829268,7.30540096624681,7.21914178318526,7.13394810885211,7.22776988572021,7.42271049463243,7.59038240635257,7.70312512902188,7.77847704294514,7.87889638325195,7.87135718496257,7.96255693471743
12.6538480570857,12.9990220839579,13.57997710918,14.0930027608357,14.8293031794471,15.3315055262465,15.8402374808458,16.2322219280893,16.7707047123321,16.9584173572632,16.8043373168511,16.8593309078667,16.9244337527936,16.9729509199072,16.905856085961,16.8746254329338,16.8161439979805
15.5309413529794,15.5588688805709,15.4317439988339,15.260812218772,14.9621276579046,14.6674878519015,14.3785076317599,14.046307590379,13.6063674567369,13.1227066635766,12.8639066311393,12.4807593928392,12.1229109547033,11.7801161676519,11.5321618359103,11.3132329701799,11.203232653938
7.00141199747014,6.85936303254552,6.69789728605296,6.56763698125199,6.43814483665655,6.34045581836831,6.21427310586625,6.14743558010223,6.0116970415622,6.10256014209952,6.26212003753143,6.377179135894,6.45379346173296,6.52767634302095,6.68222538634346,6.7314110856414,6.85426977040268
13.4472451162639,13.7881380366409,13.6540206872706,13.5166605351442,13.4765761843496,13.3408843573598,13.518270830558,13.7173758119126,14.404434955251,14.7791846320833,14.5502114066104,14.6853559792296,14.9040777316015,15.118813726438,15.2546298641778,15.3753949040742,15.3992342018916
7.02138349893334,6.86330264855176,6.73263785669203,6.63162786888019,6.51288246700768,6.43922088072594,6.30643408859826,6.24947302129326,6.10929047595837,6.07224797852258,6.17987686860157,6.22283147197078,6.21153461235958,6.16217352443735,6.16627813567742,6.11253968701705,6.14574401806398
16.7118989238386,16.7861115218967,16.714892130837,16.6695391104647,16.6159325888938,16.4953018782713,16.4811539369848,16.5208108163641,16.7047095985161,16.7477378610684,16.6307052034066,16.6682898664283,16.7324627660035,16.7864574593359,16.8141415913212,16.8201104792265,16.8420343754107
16.394265211944,16.3048147844451,16.0508828903059,15.8009067789286,15.5136490645101,15.1367570724371,14.8066593871324,14.4948799719894,14.1243107087381,13.7985147004112,13.6046038592688,13.395262528954,13.1854761481139,13.0505561703191,13.0678967673971,13.1272286110596,13.208572283671
5.6766512073594,5.66091378505179,5.71268845067853,5.75688635856875,5.8021529121172,5.81509777649073,5.79626694205221,5.78273689429169,5.7174113190349,5.52893391677848,5.42728019517986,5.30674268924426,5.14896658405922,4.99410412708426,4.93398283190129,4.84177922146849,4.86366719918794
7.44525378906505,8.44765313164315,9.30116239514413,9.95159514839011,10.6462831850004,11.244178679817,11.7340659491081,12.0564273183502,12.5918335775169,12.8256580991654,12.7041501617508,12.7408597706909,12.8009910475414,12.8128985411877,12.7666259673276,12.7146470146251,12.6142529883005
11.9413573869984,13.9522388742065,15.2115396278296,16.0264034145687,17.2669654453395,17.7416010949708,18.3289846118052,18.6848728638626,19.4457832209196,19.8138276442948,19.7201168625038,19.8464861097392,20.0138887075525,20.1493665578122,20.1560481610905,20.1824693304969,20.1558339365432
12.0994567432359,12.1923766366836,12.2518404933366,12.2797331397881,12.3508590422551,12.3222926795562,12.3781511258494,12.4124516402312,12.578219036717,12.5514420035026,12.3684716690087,12.3071992740881,12.2854172234654,12.259790886994,12.3182894491167,12.3318095692924,12.2913557976024
18.047622552946,17.8678211477258,17.4151039942088,16.9475830697943,16.6219433503949,15.9318021233388,15.4812330236897,15.0827732653338,15.2734871882031,15.3165509198389,14.7032271788819,14.5634301878652,14.574753955147,14.719184832167,14.7801577550291,14.8898667931084,14.909331904514
13.8071092107386,14.1039633205316,14.2942781159299,14.4442595694381,14.7091718432304,14.8514636823295,15.1212271883672,15.3581748184589,15.8786205729892,16.1333886225369,16.0246373811782,16.1267997825969,16.2649418672145,16.3756422027847,16.4224386820048,16.462887920648,16.4216655071651
11.9362223499341,12.0189489511602,12.1732380789186,12.3602666707886,12.4858200735003,12.5965244676339,12.7077298034389,12.8154896019309,13.0434092534701,13.0473676915794,12.8872858697286,12.8546280472421,12.8474510598822,12.8222949006103,12.7977048940336,12.696142409035,12.5819869277713
18.8297744391546,18.8094309535228,18.6764841293005,18.5036638868266,18.4966389267703,18.4531604241069,18.459999606106,18.4775038217047,18.6096570715486,18.5964560579252,18.2786413789333,18.0888947117397,17.9320410796003,17.8163286816185,17.5464329139633,17.3695072918929,17.1265270798013
18.5773134810178,18.4349337848608,18.2628465493157,18.1015974181033,17.8766822319985,17.725113118773,17.5225291202376,17.3569278637686,17.0557143936686,16.8846419401984,16.8806086666213,16.8103095583711,16.7746992425744,16.7611469404135,16.9017643514205,17.0295111593841,17.1278196747803
16.5579964446776,16.4901341547336,16.4209776412538,16.3736731151439,16.3149561465847,16.2084801182257,16.135680822572,16.0780901367599,16.144248636651,16.0858141677666,15.8825385785428,15.8099417652867,15.7477232830533,15.668850624677,15.4936571534305,15.351034134242,15.2218929250137
14.1999610164432,14.2008855767003,14.1651175067346,14.0886652146339,14.0104194155621,13.7906644560186,13.6078317196142,13.3710209177447,13.1525440246676,12.5243789333276,11.9310528464511,11.3269374685331,10.5850663439535,9.77961314779536,8.80471161926789,7.81361332720808,6.85708740486904
19.7556000745539,19.6431295120555,19.6684777809921,19.683273746102,19.671958511827,19.8648774817065,19.8805448339281,19.9295064591162,19.6860108452722,19.6368804906867,19.7731330033645,19.7640570785278,19.7193939887281,19.6545707385421,19.5353796733936,19.4788492556565,19.4613722736344
17.744781199904,17.4638167915094,17.1057075868382,16.7378150570954,16.2635129352601,15.8256996951438,15.379523468916,14.9988327621915,14.4877880052338,14.1923210431183,14.0166959270453,13.7753045008185,13.5820697135321,13.4868431578128,13.6523836860207,13.7324985849796,13.7235245029664
12.1919800208283,12.0583413707951,11.806059351829,11.4925353781785,11.2229274698903,10.9592848142839,10.6625749707427,10.3350102787852,9.84340023664872,9.64519399578261,9.54223173161988,9.32900724563059,9.14283342052842,9.09176514655645,9.30243769109552,9.5461935334181,9.69577113993977
19.5676377820302,19.3912941813374,19.3049972687217,19.2813271501169,19.1875376293251,19.1208852726757,19.0425969754974,18.9938274400833,18.9544925544468,18.958818315052,18.9464623591294,18.9644059896075,18.9835944182876,18.9794669714111,18.9476373560709,18.919348828542,18.9118184457642
10.5875683595622,10.8504913911779,11.1743541790442,11.4311315259312,11.6816525768399,11.8359617391772,11.9869959917669,12.0939734557455,12.2869653968588,12.3015574643493,12.1986167135676,12.1931688067032,12.2015673993995,12.1823952276205,12.2592646051335,12.3008207401433,12.3022279438932
20.1082255819929,19.8566307504519,19.6305179625008,19.4235988525892,19.1536570079118,18.9647904430989,18.7122572072365,18.527239459484,18.3273034351126,18.2301333856376,18.0931165066791,17.9862931149346,17.8957449140039,17.8155978380157,17.609091377761,17.3677411103015,17.1377979041158
17.2798483689704,17.5103396036384,17.6771254768594,17.7775200539767,17.8843963470459,17.9888710757278,18.0606573938295,18.1077960630861,18.1168122011715,18.0497218060718,17.9856446113755,17.9303830045811,17.8711862975233,17.7829401922342,17.672721391462,17.5810561539409,17.4892403299862
14.7611625967122,14.9639289885515,15.0755018337699,15.1816468357375,15.2548865468272,15.2080471420192,15.2870425776837,15.3273006509564,15.662670693021,15.561717785929,15.1114873967924,14.9304729816875,14.7834503170055,14.6732477297172,14.4064287717113,14.1766912144038,13.9276920044584
11.4101804836123,11.7085843120128,11.6975068894543,11.7274147920892,11.7473538914004,11.4717957610634,11.5536932604749,11.683235576239,12.2322836988848,12.3796790960702,12.0959696586561,12.1527449541581,12.2891862705765,12.3863166677882,12.4017518724068,12.2799744227761,12.0679421227785
6.41313867662356,6.293575282416,6.23133163879,6.20482509717439,6.16389222351065,6.19117040840211,6.19177261436105,6.21812234764126,6.23222683628383,6.3651017808811,6.53713240965189,6.67680051392331,6.77538647688672,6.81161069118981,6.88997603092926,6.89512471685726,6.95321405976944
17.4176666739736,17.3349542925463,17.3149655467392,17.2895512143623,17.3671778976445,17.5169271667164,17.6589795126894,17.8317031520223,17.9634963265774,18.1468686074762,18.2141768406197,18.3114576911537,18.3968248302727,18.4541221044452,18.4260612314313,18.4060263692647,18.3521361935244
17.3235684710437,17.8027196892883,18.0931260687322,18.2506528894445,18.2900330223308,18.1633170370541,18.0765334748379,17.9441026078173,17.8653865503364,17.5080297456091,17.1335073114194,16.7979541447568,16.5072746646858,16.2023271298373,16.1019969911843,15.9110583760095,15.6809091959161
15.5474120768896,16.1758519789374,16.5783491163205,16.911571320109,17.494186483863,17.7132654432694,18.1912382368918,18.5995725801353,19.2951680034244,19.5774878917517,19.4359329688232,19.5485819093967,19.7061867893316,19.8546014794479,19.9502485746565,19.9970812029526,19.9656894368828
10.4104187978408,10.3125782408055,10.2685466915749,10.2575629379181,10.2863100799332,10.3489269893745,10.3787424476628,10.4198424304923,10.4050056690337,10.4800656916352,10.5843643609354,10.6809452029503,10.7238754247552,10.7409252001475,10.7828199366276,10.8274128355786,10.8693033078913
19.6689998705669,19.3903332381176,19.2476300052353,19.1240017132724,18.9735372896299,18.9824015418179,18.8522547022933,18.7596060487038,18.4562554448939,18.3548916501192,18.4491023599783,18.3943339126295,18.3129397485385,18.2046674809156,18.1418104440835,18.0813959352648,18.0300639972214
3.00870896832556,3.1194559719318,3.2144475879338,3.26852225965372,3.35297444508619,3.40633210923678,3.43440886637491,3.4044103996388,3.40614913318697,3.31109828390984,3.2340289078388,3.1550908923065,3.04871552966126,2.95128791223315,2.9224332495846,2.92767508120432,2.9637817648095
12.4480040917822,12.8686702548564,13.2792314905051,13.5682737325734,13.8870953655342,14.012304518127,14.1849265225044,14.2656050347889,14.5090708579964,14.4159779116224,14.1559327531215,14.0256891306826,13.9240452650503,13.7906813041313,13.6719375728785,13.5293795879922,13.3625533402229
9.25517086686414,9.5061770979148,9.6520413919199,9.73688859705049,9.8386815295862,9.80443357031757,9.88055728982967,9.89909548336073,10.1408322875183,10.1842147291767,9.96738973763547,9.94390533077614,9.99099374468683,10.024459429188,10.0701205107293,10.0924527078214,10.0631253436496
16.0989755412979,17.6070475953163,18.422398396714,18.8869898506881,19.4006555038128,19.6152349056034,19.8371153890972,19.9767006478868,20.0743598394456,19.9904006454811,19.8209873844307,19.6758778820104,19.516316604302,19.3244439050476,18.9266990728273,18.617248002183,18.3164502592523
11.8537305100241,11.9260925004691,11.8139073897037,11.6596014702795,11.4739309522513,11.1108742275213,10.9017745011789,10.6940115020933,10.6147617868274,10.3499587616927,10.018855907218,9.80896012243744,9.67161456464227,9.49375216723195,9.24651738864749,9.01645350926868,8.8335507791216
10.2778404779247,10.3769339776413,10.4845588837166,10.5396278664096,10.6393178102907,10.6523167018973,10.7270643548119,10.7675672110035,10.8925388549153,10.801824984707,10.60308331149,10.5076068824282,10.4265815783735,10.3663464227494,10.3779101417962,10.3768208740144,10.3390520911584
16.7975130994307,17.0050101280961,17.1904791033088,17.2823019684543,17.4588536407804,17.5643951548215,17.6654174412639,17.7276037122235,17.8572419517876,17.8422457299997,17.6965385340069,17.6282749874463,17.5755094040023,17.5248799500146,17.4896128319366,17.4236701173884,17.3128976396137
22.7514249772774,22.2280476585146,21.7822279637761,21.3594042966522,20.8561208115173,20.5025411970765,19.9259559618205,19.3629098798376,18.207201314945,17.6992261408744,17.7758870621965,17.4836625641476,17.1746618960092,17.126384529629,17.5205140770765,18.0920508874504,18.5986372270097
17.1537416788719,17.1445076026477,17.1046806367953,17.0543731344212,16.9881452568558,16.9567747827174,16.9075118401364,16.8613009483639,16.8156390139184,16.7725452307418,16.6718890766087,16.6110600329552,16.5688134289093,16.5027939002962,16.357562100904,16.2463089182856,16.1326963947971
16.8204325174013,16.7605530443507,16.5540114549317,16.3197549719049,16.1738355226103,16.022398749981,15.8695910453781,15.7109944108419,15.6087264896574,15.348433708345,14.8905199967898,14.5361204928023,14.1422636419616,13.9091582432051,13.6459477256235,13.680287058084,13.7319460577714
16.1598561823797,16.0948241684311,15.9133922557154,15.7096299790044,15.4721386069337,15.1710365044569,14.8938610980221,14.5934023845827,14.2756892879255,13.818150276945,13.4748064587636,13.1055383014465,12.7398825115192,12.423075559854,12.2789560414854,12.2481724146992,12.2755317212311
14.7148299455692,14.7223494874106,14.5695784749116,14.3792035218598,14.0810616113198,13.7298281039798,13.4376457623697,13.1349781888943,12.814169324302,12.3507060216344,12.0284621191229,11.6999961356334,11.3844087091857,11.1238518983291,11.0398104282269,10.9925956097328,11.0135826007181
10.6812030243614,11.0576850365026,11.4486850725586,11.7541287204199,12.1400862728852,12.397296385963,12.7121220524122,12.9582347897331,13.4403297579707,13.6129556208749,13.4163586456243,13.4677022291135,13.5670348088296,13.6536952665539,13.7250216462491,13.7693063228106,13.7229322878286
13.2139508837205,13.5653721339421,13.6090933207939,13.6082506518703,13.53175345316,13.127550824719,12.9973285533922,12.7795547740195,12.9798066134592,12.509850499578,11.7284216445396,11.3120184173322,11.0074861501836,10.7556782484998,10.1773254676512,9.55836622111324,9.07570427391394
10.1877792873264,10.2744280762682,10.4018353051343,10.4120346664763,10.5881954759308,10.5451573860986,10.5403276055383,10.4442202285502,10.5526477127446,10.2221218757496,9.6234553593873,9.20145720005491,8.8215970020935,8.44142789896943,7.93385750933664,7.37949884234384,6.77380369344076
10.7557549605094,11.1107469948767,11.5568303516436,11.9591118254983,12.3361867901654,12.6219921313861,12.936159218903,13.193218401937,13.6331751070795,13.8421738799147,13.7959663952985,13.9383866393977,14.1053324343375,14.2284130866577,14.3392267440356,14.427178792655,14.4831929463116
17.5928157073071,17.8197770862607,17.8896226369845,17.9676677621939,17.8782137813268,17.6244817710888,17.5227666286211,17.3967745494817,17.5093461781983,17.5036727758841,17.4338803764765,17.5192963332232,17.7033123266574,17.8271866491621,17.8914235138518,17.91994854407,17.9518215551468
18.3455044988356,18.4048068123697,18.4289029642769,18.4289709907696,18.423178168536,18.4540864899648,18.4462895074068,18.4680973460334,18.4563983117667,18.4749462846043,18.4734828580507,18.4775388670913,18.4824446376477,18.4686133529733,18.3919167641698,18.2933500483097,18.2107364017566
18.2632083953993,18.1263135241693,17.9669717779909,17.8348894651958,17.5428892440177,17.3611010184958,17.131635611188,16.9427546537554,16.6633622169312,16.4698923047309,16.3980978558089,16.2985489985523,16.2504898673475,16.1606575259018,16.0611487937456,15.947581358675,15.8694321167669
20.0207025040614,19.7412182693862,19.5757440423723,19.4040153431187,19.1551673749027,19.1473523319777,18.9487976943661,18.8076586501401,18.4609979006785,18.3134964310994,18.3245875543445,18.1918947989813,18.0320944666037,17.8584946635438,17.6166231975101,17.4551815846116,17.333790511059
18.5495220167749,18.4594472746296,18.288998934275,18.1539157634428,17.8552573700257,17.5234084475404,17.2899697134085,17.0863279394528,16.9978150414094,16.9436796796557,16.9107246065672,16.9735126921992,17.1094755707046,17.2063042991192,17.3081176196358,17.4010518877739,17.4949334856132
20.1854979568538,19.8027408826083,19.6513397819462,19.5534665934266,19.3337675581401,19.3758159187874,19.2059534346644,19.0896122065655,18.7018528403455,18.5906731839925,18.7191006498978,18.7006539827752,18.6325256248771,18.5179705589293,18.2320950635898,18.0232256030812,17.8944379357822
15.7427521150302,15.6259777274773,15.3301413205749,15.0606969920475,14.7506796358495,14.3455652756881,14.0852536644858,13.8808452606194,13.8551965409688,13.9169805061355,13.7720262468137,13.7772706252002,13.8206067246121,13.8452981566933,13.8593803851481,13.8553620078049,13.8227075621485
16.8836094506352,16.9216892450507,16.9348714451124,16.9024548066274,16.9826590632649,17.118737132657,17.2325056298864,17.365824206819,17.5178793105289,17.6448738841061,17.6246824078557,17.6940087812726,17.7858472595977,17.8670527002843,17.8787172429159,17.9067789599898,17.8730320108084
8.83222730043684,9.09052422058664,9.14255361714908,9.13417677813869,9.10165529837063,8.79993757313854,8.62459795856003,8.39797338718178,8.37142552098866,7.78307710206249,7.01625346913841,6.43865814103461,5.83041820499439,5.23223937223913,4.41960413088202,3.43236908801346,2.03521896018641
13.5518573744035,13.2804140760022,12.9757866456659,12.7076224093149,12.4793281141471,12.3371904656974,12.2019805008089,12.1299199531519,11.9566153685371,12.1371582776201,12.2846375980614,12.3772441550439,12.4600399111265,12.5475641686305,12.7533261702449,12.9218193887741,13.0461936396362
18.2268514816457,18.0057802424146,17.6088206741922,17.2054886018389,16.8312082579653,16.3859137612656,16.0644294346964,15.8506780828851,15.5136244412973,15.1443972472005,14.8536024109317,14.5567870802912,14.234594527987,14.0364611488269,14.2195033121567,14.4007220078067,14.5061548552137
12.0100388054694,12.1128256285706,12.3885137176817,12.6478802719709,12.9737798195727,13.2479406945162,13.5254148869627,13.7575421237289,14.1166466044336,14.3573122752898,14.3416797429555,14.455863256423,14.59528947583,14.6739594449505,14.7237272447954,14.7399106484867,14.7007765699666
17.3539276770199,17.2374793726427,17.0507071056878,16.8846865525004,16.6553101362616,16.3756149852359,16.1367875146862,15.9111575056909,15.7416554209976,15.4423375969511,15.1183500775762,14.8734133541049,14.6563943652506,14.4739764417639,14.2996753217572,14.1336113925764,14.0252098433855
20.4717489411179,20.2359930683505,19.9078350918115,19.6010835156046,19.2774943522826,18.8742879917161,18.4812183850794,18.0861390689185,17.9966660530656,17.8464553446353,17.3429064433571,17.1055861891473,17.0358704842011,17.1007162967295,17.0243718249383,17.0538084652126,17.064763518489
11.1874292025337,11.0820912204034,10.9238188512515,10.7869439060213,10.6348059463068,10.5534391974964,10.4815762360815,10.4429270578796,10.3390814710421,10.4670132659311,10.6123984105022,10.7055555614558,10.8058569065647,10.8909225083109,11.1025633440049,11.2819616650129,11.4200676509425
4.86976354124958,4.88837409907227,4.91630626193138,4.96085192708726,5.01107357084486,5.11000602312054,5.15935999319205,5.22442847269769,5.25729433843763,5.34890065817401,5.49309653292505,5.62026897943029,5.72714939066595,5.8176951180167,5.98097211346609,6.05660352880127,6.16645474460199
16.5910244898776,16.5236918541838,16.2986464126749,16.0936821900956,15.7872651924874,15.4300757400553,15.1512465599972,14.9123575209134,14.6347765778901,14.6077744213514,14.674125235615,14.6814287909211,14.7477517274912,14.8182928430027,15.0236685934644,15.1469703881602,15.2206823638955
16.4524662351464,16.2642901002531,16.2044963450743,16.1675769431619,16.1184695263047,16.1609476078009,16.1550077916747,16.1913122079373,16.1711730085836,16.4126584936922,16.6308034076836,16.7906501309843,16.9369098841742,16.9959944095248,17.0774991078983,17.0879605947348,17.0588333125203
10.5202460789155,10.3856828992351,10.3315944772562,10.317038130424,10.3038306511817,10.4202532376612,10.4349283354388,10.5063366021291,10.4030385669047,10.4254778935371,10.5169479277165,10.5503006607465,10.5629581720729,10.5584708799773,10.638052773231,10.6708868505869,10.6688349693882
14.6929350141208,14.8859200220864,15.0592195689619,15.1681033016272,15.2880864079137,15.2844633769457,15.3375697440716,15.3363563031509,15.5018358400899,15.3552011425971,15.0234455712457,14.8319295022028,14.6572297549434,14.4695710671402,14.1495859481122,13.8297042516993,13.4753551607172
12.3395894527474,12.5497472678312,12.8878916352758,13.1465308488281,13.6416515141465,13.7415703463216,13.9266780703289,14.0259973443104,14.3805141503795,14.2422974131633,13.8659364141059,13.7346414379266,13.6212059936836,13.5307788651819,13.4733919785051,13.4777892982697,13.46735715516
16.3749597691502,16.2731589744743,16.0410826765109,15.8703542963694,15.6268978556359,15.3635462632865,15.1874275264926,15.0743880181949,15.2119556249441,15.6128601076722,15.7668309769338,16.0450760346213,16.3681825661838,16.6298586759399,16.8149771466868,16.9520247428164,17.0677630059245
6.42126657657937,6.28469047677398,6.14870068495623,6.04056086425695,5.93289584794953,5.83039065095975,5.7299036910924,5.6748703788448,5.65943202325062,5.6825713696495,5.69424737477339,5.71429062447627,5.70934992683508,5.70244685089689,5.70515774693215,5.672365609427,5.67952764714117
15.3508810055096,15.4600567153784,15.5653743819514,15.6764805509295,15.7851073073649,15.8910941352234,16.0202270258317,16.1740673251775,16.3960202973443,16.5614298689324,16.6247588862652,16.7531255959783,16.8924722462865,16.9762607166593,17.0403722305726,17.097263503893,17.1413779787525
16.9167655326636,16.8334300421386,16.6346679513853,16.5011286737085,16.3705320060166,16.1723903448091,16.1102513463787,16.0801586329143,16.2980988343136,16.5247645480375,16.4433449276867,16.5476091117489,16.6917858819828,16.7713544315994,16.796898330326,16.7998105646804,16.7715385350236
18.3114692444059,18.1241173434967,17.9624168401503,17.8945931309961,17.8396626631499,17.8330304471497,17.8609934920789,17.9647276641824,18.0535263827273,18.3093085852413,18.5186526510886,18.7151317458216,18.8967667461673,18.9979757482944,19.099859882679,19.1431360378829,19.155627088022
20.7389179652722,20.4035395863508,20.2528635674616,20.1447357060103,19.9337799426575,20.0429900829515,19.9185323691743,19.8431753542209,19.44226146858,19.3804058376995,19.6145709199099,19.6456792599546,19.6427873380404,19.572463300004,19.3791015054285,19.2352364951877,19.1782417000733
15.9026947599387,15.9276006858518,15.8339160122691,15.79359293494,15.7302164407261,15.6480496204773,15.6697190856343,15.7121450624752,15.9276148150984,16.1194608421586,16.1345563135836,16.2829691130923,16.4794048211039,16.6097612893603,16.6793520710223,16.7272056740912,16.7689146228366
18.7197803704674,18.5669096729474,18.4535536666368,18.3270892471073,18.1809009529183,18.1161331184405,17.9703572701625,17.8650180062052,17.6579153818447,17.4619506145997,17.3208442914581,17.1465137219973,16.9561728798286,16.7416642760205,16.5469883262892,16.3906767666136,16.2775835469698
11.1764867004799,11.2511454233704,11.4517071430418,11.5749713183149,11.7107923450638,11.9000195344208,12.0539367152839,12.1581387111081,12.3155022831543,12.421857136338,12.417649984195,12.4627220214452,12.5286213740747,12.5948120301046,12.7033701617955,12.7993491613217,12.8017809387541
13.087719908499,13.3170547409304,13.5008081942453,13.6153700743183,13.7003294612097,13.6450726281696,13.645143547735,13.5756696702069,13.6207466465611,13.2944283909964,12.9276199562686,12.6510958460962,12.390778141266,12.117463167706,11.8848007713323,11.6722002876397,11.4857865403733
9.71377523021956,9.59979438469245,9.57856412524117,9.62594971334832,9.69703622559124,9.89248637188705,9.99124111943759,10.1389847853205,10.1667550924129,10.3575423878236,10.5358651649865,10.6862064424411,10.8267912920291,10.93876402546,11.1323558795795,11.2968965516828,11.4260757832065
13.6776996830138,13.585387655108,13.3008988662901,13.096889758905,12.8162446147539,12.4654216470307,12.2598893098963,12.1684595969426,12.1495341455615,12.4201106260172,12.5772671529295,12.8070268636487,13.0805221214435,13.305975064222,13.5994187750711,13.8132648124381,14.0014110962482
12.9284264797702,13.124538948302,13.2010491396999,13.2606823929034,13.3435493094762,13.2867732786285,13.3147471822374,13.291272263748,13.4415642635956,13.3644408654874,13.1290778902912,13.0410680299855,12.9831066624649,12.9239186550447,12.8927843318461,12.856591371582,12.8209530723558
19.4369240894461,19.4122595983887,19.161351704106,18.9094327346532,18.6068065068348,18.1025937550091,17.709507687077,17.2798984556624,17.1113368286318,16.514811685437,15.6081388703084,15.0083638050306,14.4928411644877,14.2198826915122,13.8670702161662,13.9120652831125,14.1026531477317
17.4002843770862,17.3493495701372,17.2283752210019,17.1171319193816,16.9892171543124,16.7863011349433,16.6238280325293,16.4791665013477,16.4419355555278,16.3162434292526,16.0881462442308,15.9524903461462,15.8494389697323,15.7226639261483,15.5252991286565,15.3295288899009,15.1327326369609
19.6750175928922,19.5843921509031,19.4048119251489,19.2848788654465,19.1259053211034,19.0269767357892,18.9720799272347,18.9835190416483,19.1398493970927,19.2873117821498,19.259937319891,19.3495068764356,19.4544509272158,19.5197838622045,19.3536723700562,19.2132573215803,19.131658655171
8.51389467576828,8.56420251218806,8.56985034323332,8.57171058916314,8.54407174918097,8.46436490137032,8.41297936174691,8.36904716780921,8.35058191798238,8.2530345320197,8.11945816673737,8.06627741967451,7.99029675229885,7.90734637725042,7.83308664007977,7.71350231563539,7.68400308120319
17.669074536096,17.8405229426903,18.0470475252099,18.1825619678254,18.2535120922122,18.2673348547359,18.2787988294135,18.2319675240728,18.1833284693344,17.8938452820109,17.6123813707075,17.3306220843073,17.0308916153735,16.691038465648,16.255845126003,15.8639274214446,15.5102866973652
11.3402449819928,11.5691989431217,11.8027669178513,11.9534275678564,12.1597510484958,12.3006689078086,12.4441206500221,12.5285178284614,12.6714788414145,12.514339942467,12.2579226771722,12.1034242681601,11.956738513091,11.8218173932267,11.8023386299303,11.8037396028678,11.7523803172456
16.8338821610347,16.867428578172,16.875737600629,16.8757691404734,16.8494248198975,16.7876230262495,16.7352374300611,16.6596640669021,16.6325920305741,16.4530574872078,16.2238146064055,16.0674191330463,15.9217028302075,15.7817863276626,15.645462341478,15.559809789521,15.4977307516816
11.2317242867994,11.1633471873375,11.119353753795,11.0571706440475,10.9958353624464,10.9321370201102,10.8027275273735,10.665279211651,10.5103544808696,10.2627661939367,10.0681713389343,9.87097362919575,9.63166491612431,9.41884416775838,9.21036171093154,8.99653362608074,8.88699834159951
19.7970213668345,19.588721453764,19.6812364685568,19.8174766403325,19.9983809037196,20.3438147166993,20.5110471280976,20.7047004790576,20.6170097846028,20.8476379282451,21.2709818183737,21.519766919122,21.6913953864911,21.7740303534666,21.6749150356959,21.5996983809467,21.5264781435572
22.7548606028916,22.1217282406975,21.6975061053262,21.3389712592571,20.8336316253387,20.4873963811847,19.876432932369,19.2542282520156,18.4017581588129,17.5409270203057,16.750729445572,15.7374717924234,14.7662620588923,13.8175126168975,13.0976035624047,11.8477015702854,10.9317634916599
18.4741789378097,18.2019670528365,17.8722603714733,17.5598552645461,17.151752865526,16.7578357880658,16.3490255271707,15.9790181565634,15.5745467727693,15.4061129184296,15.3092279139276,15.1893931317665,15.1177874223825,15.0681219442093,15.0644924421208,15.0398964883377,15.0063320597274
13.7585208644118,13.9056371213832,13.9831857639686,14.0451132899935,14.1312463086855,14.1628565554612,14.2436400001973,14.292911716684,14.4576881282235,14.4386203378539,14.242437328194,14.1697092843371,14.1269264193803,14.083096162309,14.0652733263195,14.0623782910449,14.0147316754469
20.6281215177003,20.2260405182063,19.8953617983982,19.6244498920302,19.2343016990146,19.0422966618856,18.7675466108506,18.6514041816725,18.343647071313,18.3860323903105,18.5994441143251,18.727066457305,18.842959845775,18.9379690242418,19.0508016434518,19.0983553489799,19.1786835388953
12.829118447853,13.0017767701656,13.0096782879283,12.9979495349848,13.1011771814636,12.9728045539019,13.0482832859628,13.0846803491878,13.5865210872652,13.7931621146439,13.4531485170118,13.4313301802804,13.4737244216834,13.4872107850242,13.2500036077457,12.9703415756365,12.576928359629
16.3645897994664,17.0605985774588,17.8717037084408,18.3331548363398,18.7834519858728,19.0803711045117,19.3061366010541,19.4249380753448,19.4404169531267,19.466126816854,19.4760184780907,19.4933549445247,19.5116731722131,19.4826732260812,19.4367694103101,19.3286145613825,19.1936391420764
18.920883144616,18.7483503173946,18.5529499526375,18.370540047278,18.1165639565081,17.9520671745395,17.7913780675022,17.6926251524857,17.5986287592143,17.5739400814085,17.5512622438576,17.5509484440383,17.5656349592714,17.5783104386173,17.5842490001248,17.618202529324,17.6288750198566
19.9259538534609,19.8139254027554,19.5845127537134,19.3507392854013,19.1361770532047,18.9337467843779,18.8367285890143,18.7961069079748,18.9955199935672,19.2932973580564,19.290211973502,19.3480769864444,19.433260353119,19.5084451314368,19.4354965487883,19.351330538658,19.2280038592503
17.2269582969262,17.1604192719081,17.0976327926595,17.0453933424579,16.9701267415802,16.8780002208871,16.782064508889,16.697160706769,16.6054419921884,16.4639136781285,16.3468726090926,16.2600132649305,16.1755541187033,16.0644703915366,15.9647826637593,15.879458674023,15.8161798209894
14.7269415432246,15.8406899011833,16.6909721656517,17.4011237756319,17.9432724306037,18.3749771305117,18.8361969579517,19.2070517034875,19.7253061017426,20.0150637600404,20.0493774474776,20.2311427785795,20.423400702054,20.544456826326,20.5874949107929,20.6310819395286,20.6388023715546
10.7247714504607,10.6272937865861,10.4364711473688,10.2829715030368,10.1207263569049,9.94225531332116,9.84284485203216,9.77147863363611,9.86394346945564,9.87998257868424,9.76761651091076,9.7920113120289,9.83961262309241,9.89441562916485,9.87545121837126,9.89363482046548,9.93876806260219
17.7591933304641,18.1736198724435,18.4435078667679,18.6390104143967,18.7791258673455,18.729594257781,18.7736081890192,18.7568733829308,19.0556919170591,18.9278973855454,18.3658455097723,18.1378877289458,17.9617520834534,17.8071821379376,16.9755632517567,16.1429859419881,15.1094440215533
19.07551606642,18.9433172839631,18.7470362984397,18.5610383312831,18.3071444082553,18.0589145622591,17.7859438638657,17.5342608691136,17.289878658654,16.9239682057732,16.5742955170927,16.2590362354856,15.9527921435136,15.676296658075,15.4366290819674,15.2472606273727,15.1408936585495
20.0465381445196,19.871597626227,19.7991765012301,19.7969517471555,19.7688746500335,20.134127474749,20.2607263209167,20.4716924945712,20.1703174701718,20.4809130264922,21.2103833777705,21.5429955248449,21.7631492110908,21.8471355510041,21.6879795139248,21.5367612615483,21.5181594599889
9.53321529499004,9.53677286287764,9.45675088199935,9.38537906606225,9.31230695896818,9.23918029634412,9.18547113465089,9.20960708084473,9.30386006311854,9.43972096294431,9.54571550007012,9.68058834242896,9.78662274827812,9.84980091671476,9.96741864447976,9.96295259126297,10.0226564177487
16.074604959884,16.3293638893873,16.488418546532,16.607640608572,16.7156583056755,16.7179155833505,16.7736373747283,16.7960919096368,16.90063289985,16.8032309247741,16.6510276868669,16.5846206827048,16.557842581025,16.5281699066294,16.5578941468572,16.5788155240722,16.5814598955876
20.5706802090331,20.588696833152,20.3568486078986,20.1092160554842,19.8304589702267,19.380689974617,19.1037470254151,18.8348113589063,18.922616654873,18.9265487827791,18.5613522813112,18.4533763935348,18.4796686425782,18.5423237379982,18.4761742084317,18.3678830008684,18.1663601171242
18.6204139751127,18.786302247816,18.6603531896767,18.5506952997905,18.2484138159981,17.8460643665575,17.5502628533234,17.265608368695,17.2287437831386,16.8476149822408,16.3371054696588,16.0671640279974,15.9318355593087,15.8281110285338,15.6848818899997,15.556643199766,15.5374264875512
16.1956469151618,16.2932759043018,16.3365629310177,16.3528768578703,16.3357206216467,16.2266618853763,16.1472175123673,16.0258905566054,16.0071401691318,15.7838381887233,15.4378713241486,15.1901935511008,14.964513980371,14.7304271044235,14.4015612206295,14.0855173700135,13.7493145270559
18.4210644347354,18.774845765548,18.760032738451,18.726338980282,18.6807066637703,18.5792753835972,18.5927623062924,18.635445933503,18.7096590217399,18.8444869620351,19.0232754985792,19.1557964631248,19.3190855009045,19.4189795989033,19.4730223048938,19.4617844562053,19.4442543061978
20.0686885245286,19.787664812246,19.7214239761294,19.6863059293979,19.6510915268428,19.8920430837732,19.898748035417,19.9695067270672,19.6410200687503,19.7246465738428,20.1249907836508,20.2594682669197,20.3179186026493,20.3100548035748,20.1919572649632,20.0960817403114,20.0675473874239
16.7996682457463,16.8794913083267,16.8235124125754,16.7521247321423,16.8836794209266,16.8060722103587,16.8722757351191,16.9478601854906,17.2383498333579,17.1120607373464,16.5787841669035,16.2721341774276,15.9465413153815,15.635750343416,15.0041271063361,14.4096743434266,13.6742417154062
17.6838494098464,17.3602055083488,17.0555223576162,16.8342204709586,16.4214528167039,16.3497588872708,16.2100387723117,16.186803697466,16.025063538097,16.1443466357764,16.3256064135644,16.5040633509287,16.6687698218524,16.8471868759411,17.0016560037247,17.1847258660075,17.3688380318521
19.0427550277215,18.759271232259,18.5128251087821,18.3071333146069,18.1534618034983,18.025257522727,17.8837084612614,17.8009080045677,17.7646692131856,17.8508990503969,17.8205664295238,17.8445169405288,17.8624555682925,17.8600110139282,17.7318319602496,17.6407854970724,17.5335488007642
9.66282547515051,9.65341659975867,9.74432027481546,9.84006353463688,10.0506139078503,10.2493625599527,10.454169194639,10.6272382741449,10.9406251215394,11.0197713053577,10.8105019818827,10.7794361689951,10.7522995678804,10.7510516181026,10.7226397096797,10.703397413966,10.6344324781679
16.7382280485537,16.57812485021,16.3438821549998,16.1695341127319,16.1574081360493,16.1286044386877,16.2478930949869,16.4665822334775,16.832704886566,17.1552671553558,17.2225485343892,17.4050231728894,17.5889318898966,17.7205632181331,17.7533054600992,17.7707785737115,17.7551512680474
17.9246358161774,17.9358244355584,17.9905590074019,18.0162086581241,18.032636047823,18.0537506477849,18.0318070211362,17.9928131709896,17.9149555801223,17.6647007786991,17.4027723405664,17.1430697758266,16.8434317963103,16.5312497971335,16.172033160954,15.8736546775005,15.5999786522315
15.6073688250658,15.5604895695708,15.3787754169579,15.2449985456476,15.0869674278496,14.8539831235056,14.7701030764615,14.7559816069413,14.8734644608792,14.9219521442785,14.8561338823861,14.8699727132266,14.8771884161915,14.8499837684065,14.8756003232323,14.6928690001381,14.4442950278223
20.0631342837863,20.0435342051994,20.1320686876599,20.1826173653216,20.2430931545496,20.4992584698369,20.5683289240408,20.6742657520747,20.457129544615,20.5378525002565,20.8285241264392,20.9281858362759,21.0033338039374,20.9997111077895,20.822547613826,20.6901784398411,20.6180460921375
10.9697352422429,10.9693437816133,10.9451349027773,10.9202784808825,10.8884349460576,10.8118352390297,10.7666704668947,10.7044134165715,10.6630602699409,10.5231602563204,10.3871730718141,10.2602546669788,10.1452188299478,10.0178759589955,9.92368017389715,9.80241969296987,9.66146365449103
14.3799608030896,14.9555818253774,15.2850339581854,15.476611501001,15.5222262266704,15.3856029366747,15.3700834318096,15.2608545589504,15.4083878174752,14.9187749529879,14.2604543919034,13.7642420933312,13.2741725419513,12.7626421469851,12.0418803535159,11.2717622960552,10.5408770027181
11.7525016208825,12.0321177770477,12.3261934146879,12.6382040828585,13.0493801915594,13.3720210805689,13.7817498258325,14.1742199526163,14.8253878422406,15.2328336434425,15.1646083653258,15.3476447594889,15.5503633146397,15.7122041693595,15.85556127495,15.9718288904391,16.023392390752
12.6660295365272,13.0486322801433,13.2710634257456,13.4544650842956,13.6412905407985,13.6256708503831,13.7581269511292,13.842554568817,14.2076811253291,14.2746973752469,14.0839356096306,14.1639239015636,14.3062374070075,14.4381133382379,14.5714932261961,14.6689664410824,14.7109911559819
13.9335709164275,14.3389886788688,14.434407386513,14.473877949277,14.6656637419572,14.6524487884872,14.8436160273824,14.9627608045604,15.5919252218593,15.6538072289346,15.0717168883006,14.9095858936661,14.822774276613,14.7864496015586,14.3800217733059,14.1075126933651,13.7756710735655
16.5114340805459,16.4670502816288,16.3646880567802,16.2893659031017,16.189895246179,16.0955849578277,16.0334684005375,15.9758068695126,16.0850256206808,16.1264264133577,16.009942537785,15.9953872968924,15.9804639454734,15.9572508238532,15.8964213685969,15.8243840181042,15.7221994792206
18.1563106435512,18.0540940719931,17.8688702546298,17.7243789318708,17.5586436530419,17.447179284061,17.3869891835798,17.3715727108843,17.4145796663167,17.4562786913484,17.414960063213,17.4514132736284,17.5236086175905,17.5563280463948,17.5025822299076,17.4579220858631,17.4216159975071
12.5822667126145,12.5652175737761,12.492020236126,12.5033735639902,12.5332197568925,12.5389627974733,12.7191766459789,12.9802615910129,13.4147582028671,13.7534397869438,13.7945050411769,14.0227504714896,14.2598065595805,14.440856057618,14.6214599553439,14.7308492910064,14.7888643600955
7.28714634169454,7.5461353347287,8.17099125010544,8.68219157326411,9.29256464873861,9.88915022672131,10.2723956975806,10.5331544557675,10.7759998088586,10.8646787060364,10.8959188995121,10.9397945013714,10.9583845594673,10.9826715496831,11.0572087782705,11.1564861021472,11.2433558914105
16.5743819312733,16.4497067567013,16.282838509492,16.1414955634687,15.8998119925085,15.5774105000886,15.2780035619624,14.985053099062,14.7146062113504,14.5037118040941,14.3704681697748,14.3114111138961,14.2790976479537,14.231368694261,14.1855262678723,14.1283494115353,14.115061195129
19.8943439348787,19.5938430177705,19.4794424737885,19.3675786048411,19.2428619594413,19.4339085986322,19.3620965970317,19.3373488222627,18.9099769329891,18.8882710143759,19.213317034805,19.2355504435276,19.2119850558124,19.1561581388044,19.1001150312705,19.0750421114657,19.085841893254
0.421747685467323,0.405730322159025,0.386439209137794,0.350359241455755,0.33635870598216,0.288343220024309,0.241144665820596,0.206098237715164,0.18089317815057,0.0980499461644602,0.0478093026961126,0.0375246449459929,0.00360628021947473,-0.0339226082044037,-0.068113822962049,-0.118738188308167,-0.166830382331383
20.2564478198719,19.7893044582622,19.4358320331929,19.0894139181917,18.6443185606164,18.2542118285942,17.7478963239816,17.2300688480966,16.3045717003397,15.7425750958702,15.800502573313,15.503489494677,15.1651692655247,14.8375602352326,14.9088134578135,15.0173226489323,15.1926670760562
7.09289358881182,6.97866714728946,6.72516007938528,6.51163680651646,6.28236165878875,5.93681518052802,5.71619247954197,5.54863520923619,5.55570716796055,5.49480359222175,5.26809575643813,5.23791005081857,5.23793068133634,5.30785279038994,5.30207401120256,5.30918437651209,5.34667804070161
8.85787577507824,8.95381116848851,9.14529842844997,9.2708206482641,9.44141321039334,9.70218854921517,9.84016620666449,9.92767081523476,9.99692084055194,10.0410740283325,10.1001255467348,10.1204849513959,10.1022760079505,10.0923699178966,10.0861620883895,10.0435034935761,10.0347779904934
6.47081200550457,7.3470578123009,8.5969576002733,9.55230690054124,10.7061378322784,11.6070504339148,12.3631275621883,12.9494966058687,13.768744075684,14.2175903265964,14.1860533269859,14.4447059479823,14.7119532702369,14.9320715989417,15.0841082138312,15.2094048891103,15.2585339231904
17.1167061447504,17.4465171440664,17.5771787990894,17.6224509722373,17.8016650003285,17.7136745308885,17.7619703023407,17.7329513437733,18.1238391194079,17.9980035717252,17.3255765549865,16.9923775185282,16.678237370422,16.4403435832016,15.6636115857884,15.0004695606745,14.2680167334165
21.2084711475632,20.7565942801571,20.3339280237334,19.8833013952614,19.5304896607239,19.1805555019673,18.6911987324736,18.1700844956902,17.5918393322374,17.2689688197677,16.6242319977783,15.9634880182592,15.271966957197,15.0648166839826,15.1095728157423,15.6039949146849,15.9083841290093
12.9926073340959,13.5418009363931,14.0743944365853,14.4695512716859,14.879313102063,15.2069520660613,15.538534362656,15.774310471316,16.1518449646189,16.2891293360676,16.1647679512191,16.1902262837831,16.2460582972354,16.2766032020143,16.236810168651,16.195329034497,16.1090807354875
14.597768298411,14.5614757004968,14.2587463638566,14.1369011082917,14.4421376410828,14.3601801727944,14.6784658872157,15.0248543772832,15.9012864058135,16.478798458854,16.4294735035242,16.6995646083885,16.9722252898853,17.1838649601165,17.2362213358011,17.2660934365266,17.2431389114807
6.36220471450343,6.21766912215081,6.07885720944047,5.96864266372762,5.8520529449729,5.75779463718605,5.60962035313406,5.50158229877204,5.28203287421842,5.2975268085101,5.5014278166663,5.61021248828984,5.68501020943164,5.73477004127435,5.87903841470063,5.92422515645665,6.0250920544207
16.7082556929046,16.7921857515228,16.8101714410642,16.8750311766534,16.9648506845401,17.0710725637938,17.2542400863369,17.4679309942492,17.765642266114,18.0915871604199,18.2359869671401,18.4373227886442,18.6388121505839,18.8118452803369,18.8953031102153,18.9410607253115,18.9681550663437
19.7199172752463,19.5716003449066,19.4141676274974,19.3228722237262,19.2033423139876,19.2218373298137,19.2521924354851,19.3737322294749,19.3134022852529,19.2985834341986,19.3657795704456,19.3902422105423,19.3939883121913,19.3639008925998,19.2757598099863,19.2051305698363,19.1607193056207
13.6751151285562,13.7165559101353,13.7114849188326,13.7062194647693,13.712197143328,13.6168770321546,13.571860547396,13.5072933901668,13.4851218270053,13.3164307034836,13.1874764265718,13.149093298455,13.1143752085145,13.0802744399505,13.1547971915147,13.2443262105442,13.3344595258126
18.2159212529488,18.166968978874,18.031877007659,17.9128490635464,17.7966033280987,17.6492568034198,17.5626347333189,17.5052728786691,17.566742976077,17.6099366938365,17.5433873056588,17.568082126255,17.611853596486,17.6319720227788,17.6138359721776,17.5707031368174,17.523013827834
8.83350954861566,8.72618111202939,8.61953145843414,8.5492291165049,8.51251604420092,8.49607310996543,8.44194140990981,8.42341736520473,8.30518049574143,8.29752883047801,8.47562568457666,8.52761887323438,8.58207251499244,8.60906749779647,8.78351719442039,8.87930142028716,9.04862145614884
15.9998468739389,15.987142231701,15.6308802453072,15.2715503787704,14.9145769991819,14.3584704311391,14.083801906886,13.9308311385357,14.0805252626645,14.2057870997161,13.9781174807745,14.0253950067609,14.1872711463689,14.392872625529,14.733389002159,14.9639706402598,15.0818588476107
12.6849011682003,12.6715684369118,12.4700715972046,12.2112760780564,11.8951076557965,11.4500216571904,10.9742324020527,10.4165747896318,9.35143863358803,8.25407889741412,8.09640078963953,7.34167584007198,6.40330856501011,5.56003749050383,6.14584484433864,6.81155100347162,7.52661055483368
23.4320929828593,22.7330886615171,22.4030915649228,22.1635785523425,21.8366428932184,21.9318467532523,21.7295466078468,21.6487685681322,21.0788853286228,21.0597119224194,21.4456023782745,21.5310874028204,21.5198928852173,21.4321220995978,21.1812146215726,20.9714078595184,20.8650235596654
9.98868154125576,11.2164547582328,12.1515368445032,12.9545207044449,13.653987691619,14.1876797598404,14.7859276752649,15.2652870474564,16.0247924059446,16.2491198230782,15.9930961352211,16.064453232385,16.1861957736051,16.2824550758806,16.3355282158959,16.3379641676485,16.2733798852958
15.8245685127604,15.7978576417251,15.7639745594808,15.73869923189,15.6970135255738,15.6054850622455,15.5459011187703,15.4901224321359,15.4783277174796,15.3612431707466,15.1998298554353,15.0636273731602,14.9323120260872,14.7565079867538,14.5252212492723,14.2403232132889,13.9348070991516
19.1995920641936,18.8753641885165,18.6422401092539,18.4695798373405,18.2060650380553,18.0977449633009,17.8978546538948,17.773539744927,17.481331960228,17.4488748187342,17.5901761758917,17.6578828722114,17.708704219844,17.7121069111369,17.7056550013966,17.7030413607521,17.7429173947069
18.2233643382881,18.2041596402978,18.2277109606072,18.2271210691068,18.2457552255694,18.2723528601601,18.2693820012316,18.2658687670668,18.2530188357046,18.2194914857634,18.1737609257477,18.1356823933738,18.0872587098441,18.0077766554476,17.9110022211653,17.7844363453429,17.6526705102481
8.18575749816671,8.11945081914313,8.14128283292276,8.15248279496527,8.20998405260956,8.26706887678183,8.2700134810354,8.27392928667127,8.2315603590206,8.12542851833837,8.12612319373038,8.10147513866609,8.01389469379006,7.91073107426032,7.87912121371579,7.80338886475828,7.81236690332184
2.41585631486201,2.45908615720322,2.45684649200107,2.44345111581576,2.41225198025911,2.31075077598077,2.24542411672116,2.17324437148716,2.12484560857937,1.98031378095164,1.81225479400365,1.6914886381709,1.5570379756097,1.42325384417741,1.18074560587296,0.803725906655629,0.281605052023743
17.4547990583054,17.2299274417829,16.9253648407291,16.6966622861363,16.4186363830965,16.1024888566818,15.8989124237571,15.8056528659105,15.8909225831022,16.0709047373712,16.1083395648955,16.2737875789774,16.4533534787512,16.6097471492874,16.6853633542312,16.7628894477177,16.8134391410266
4.54899197265756,4.46884697952987,4.43191198308377,4.39234098921884,4.33414194984278,4.27783291823882,4.19734967846249,4.13621357252455,4.01375082159739,3.88994239040393,3.84933505458545,3.75971913547165,3.64206946312043,3.52345327628616,3.4855378542824,3.41176593996799,3.42729227826536
15.1658120786896,15.343084148369,15.5141019008124,15.645729568925,15.7479664760045,15.7229342789311,15.7690890134029,15.757865215786,15.9064450327674,15.8030994719387,15.5370192470101,15.4118576397454,15.3184038336313,15.204063332949,15.0472834053852,14.865235524112,14.6795202488453
16.2445089880891,15.8961782288838,15.35228886109,14.799179476668,14.463923564855,14.2001712895091,14.0344422296295,14.0617579031544,13.8642471221684,14.2494078670301,14.5611410110163,14.7459377397032,14.9135210837339,15.1076907304834,15.6015100580382,15.9719802781262,16.2084591384134
15.9341905198777,16.3759722961234,16.8175163823528,17.1724627661382,17.5569441383823,17.771177758044,18.0069933968928,18.1896751453514,18.4498939787809,18.5308542118695,18.4921780536794,18.5493521616346,18.6247686571306,18.666496587759,18.6323979738145,18.5988906206751,18.5546429346076
14.7959993666509,15.2127617935418,15.6014605782704,15.9397721740256,16.3264592350766,16.6443545526833,16.9616061080143,17.2436058786188,17.5124569230489,17.793889134366,17.9477984764356,18.1263357092807,18.2887158310898,18.3847602125038,18.4321844575112,18.4269033509727,18.4158778294101
21.3976864523319,21.3483201891319,21.4115264440874,21.4771553105838,21.6054248526282,21.7411018271072,21.7960431122403,21.8831834867839,21.8543580393386,21.8147973254044,21.8321112108961,21.8191961089251,21.8143365530856,21.7409515022021,21.633167132594,21.5716450025254,21.4971725606297
19.253992490178,19.3781173820098,19.4119531357078,19.4430023071129,19.3654347141373,19.3968933595666,19.3903881977086,19.3973488859965,19.3340444588508,19.452811103326,19.645369661844,19.7826216281879,19.9386204202707,20.0413993446536,20.1426557011099,20.2110043673151,20.2753167942923
5.09629479076133,5.23888472704821,5.43518493341849,5.63326042836933,5.87838498017065,6.0816889442188,6.21763616765431,6.34288355780246,6.46948259169665,6.58850193393555,6.74112283736561,6.91923241840513,7.08403102641061,7.23757551366643,7.50668941111686,7.68763582015841,7.9083030649968
23.1959736372672,22.7423046616013,22.4969956354769,22.3052130110213,22.0788232983448,22.0656335824791,21.8955499569771,21.8078266254006,21.5334314276591,21.4691519177457,21.5279524074099,21.5046485250161,21.4513369343035,21.3844326041715,21.1297660816786,20.9081338977018,20.7941513402229
3.50760310224121,3.54116744544297,3.66011646447026,3.76513195096918,3.8820933515169,3.98922528120949,4.06663169525087,4.10404327343971,4.16116741009836,4.13968692150943,4.13979807862919,4.15523392796368,4.11024513175883,4.05300888601376,3.95551542729189,3.82939865814322,3.79370904868039
16.3158186327513,16.4497994803533,16.5223964549543,16.552433980228,16.5246613973532,16.5233297962009,16.5439185346229,16.5679132980102,16.6794429863598,16.7711233913562,16.7565347035307,16.8159936158846,16.9154239907195,16.9979720513426,17.0567240225433,17.1112339170314,17.1547515432041
21.0661157420966,20.7582652459689,20.4931185091128,20.2003145626584,20.0371105155861,20.0708927496783,20.0377078162576,20.0542729760774,20.057107645044,20.4113838267476,20.6089472584997,20.7457340495669,20.8696930424474,20.9555356231873,20.9167462467157,20.8925560733188,20.8338795948829
6.72532098210314,6.56156634205173,6.44174387525899,6.32868535756814,6.20918117234235,6.11457161498355,5.9432074081276,5.79349579605745,5.53436593918255,5.36547286774301,5.37145979030267,5.31019383593307,5.19788127436306,5.09167760939485,4.99287287220735,4.84885516876827,4.77557586189868
20.3709096324074,20.0445395556474,19.764009864808,19.5286394619022,19.224764008902,18.9923545029841,18.6954253196661,18.4881386118433,18.2456036523686,18.0908656544194,17.9463040981455,17.8487281318111,17.7558033765289,17.6765743654028,17.5062098082766,17.3527771466106,17.2840769313699
19.1182610419114,18.9548813238471,18.7262912518442,18.52678627567,18.2084424968819,17.8764471162776,17.5645700893335,17.2970768708707,17.1391933949548,16.8712344020365,16.5136769202381,16.2724375008262,16.0635505375657,15.8715546730852,15.4373368022323,14.9686044642431,14.5586595264208
17.7299121542584,17.7888825470752,17.8899858715814,17.9724813429782,18.0732583069874,18.2325406206734,18.3353013582435,18.4290147138353,18.4573525101405,18.5105176277885,18.5256332642105,18.5439333230397,18.5547975343419,18.5419331776591,18.4105798749724,18.3162636858661,18.2291078090495
18.1520355242801,17.8924635692876,17.5021846460213,17.161068021678,16.8207784011735,16.4794043558755,16.2023019667862,16.0739285143549,15.8667697507094,16.0982277902592,16.3872461432615,16.6007269503899,16.8407532484327,17.0444842600863,17.400833654619,17.6621605323082,17.8592569509391
11.5422076040209,11.5113353958086,11.5451895485615,11.5745517307611,11.6849550674304,11.7248271244141,11.7821763939297,11.826264805282,11.8948363063622,11.9416618757058,11.932330049394,11.973474736571,12.0186218709403,12.0677245544757,12.2157738974559,12.3293937004769,12.4095893721619
14.5224420622231,14.4585082425281,14.3381132244412,14.2519806909285,14.2118823790082,14.1843769578636,14.2289478749383,14.3100893800306,14.5145900923615,14.732208388921,14.7131106274382,14.8150349374686,14.9405862360109,15.033954594969,15.1185673675981,15.1693239832049,15.1558061453467
15.9959772736769,16.0148872134737,16.126845944633,16.2170708066622,16.3960429937163,16.5274905673708,16.6643093800402,16.7925298932269,16.9453763661168,16.9539659334344,16.8602032701803,16.8565399513892,16.8387261072162,16.7897467688783,16.7142077269856,16.6625219666253,16.5700111518358
16.3252649655012,16.6574353912956,16.9331720350103,17.1062804430351,17.2917519500528,17.3984203468906,17.5107089323897,17.5914958706186,17.7298705307749,17.6515527473005,17.4536026333963,17.326806048123,17.1975088323676,17.0218957573424,16.7827832901258,16.5420370216298,16.2619327783706
16.5978716818989,16.5167996373371,16.2648653212649,16.0084330538656,15.6688885748629,15.286447861594,14.997823632087,14.7832554272145,14.6600844931035,14.6273478491273,14.5807848165926,14.5773806824797,14.6334919386778,14.6695019181288,14.8108199543243,14.8800850769954,14.9072151629125
9.47335069479549,9.53350295481515,9.69218464796789,9.77577236882447,9.87760058527954,10.1579391406705,10.2840272559674,10.4011119450025,10.2116453240349,10.2007069047075,10.4303529037082,10.4122573627765,10.3385945763646,10.234468759152,10.3684898681011,10.4231576371672,10.3788813111627
19.628574619564,19.261382779227,18.9640680059862,18.7255369150536,18.3956761711423,18.1158047536474,17.7760910736111,17.4812240550979,17.0656739013189,16.7835328609818,16.6878487304541,16.5440014114902,16.3823669646688,16.1816456617166,15.9272999312775,15.7132629550567,15.6162395862104
5.00372014263334,5.0987740986753,5.30875125705249,5.46260488734752,5.65238946193,5.85126871433195,5.96552539852677,6.05661079343025,6.08848935574684,6.09238904212464,6.12544177269736,6.11461414419378,6.07265743671521,6.01628262407167,6.0881353566328,6.08057929847121,6.14243084485092
16.0533416319524,16.3350954681897,16.7259913675955,17.0359679335906,17.3359386098928,17.5591778443435,17.7422508344171,17.856237226105,17.9920436846002,18.0149756523497,17.9480325323017,17.9318315944335,17.9164756881434,17.8221923417014,17.7169498456783,17.6116561048102,17.5014095126923
13.5939813109212,13.7846500265112,14.0263805545684,14.2029970184717,14.3439613546619,14.3795901143954,14.4243629695302,14.4094743320941,14.5090529152313,14.2638992848312,13.9198926285321,13.6886804416893,13.4399323417784,13.1970795487003,12.8768400690826,12.6115924327192,12.3415636037747
12.4758490124491,12.6761746609973,13.0186978471636,13.3100735230521,13.6192832658342,13.8769745995487,14.0982206012295,14.2366387831599,14.585022898094,14.5987698035542,14.3697955998096,14.2994478216362,14.2102211377627,14.105539056857,13.9089013006514,13.7211627024037,13.5075510881719
10.1309878549535,9.92816552878153,9.73877247386302,9.58089845329527,9.50386721083346,9.47200383226222,9.43498089107739,9.43755503364139,9.34060777691711,9.59415467058236,9.81400449980219,9.94811941914516,10.0589622987984,10.1548970072515,10.3449924933214,10.4745139051194,10.5494858832204
21.3430019606342,20.8386389470477,20.5410186733948,20.3042540415101,20.0228536089396,20.0221058864541,19.8526470971948,19.7431444139952,19.3687460049688,19.3793483520034,19.5618408614369,19.6198883048076,19.6095653069597,19.5979372644076,19.5162809334268,19.4944922223553,19.5085834480865
13.5505563383652,13.7938727411663,13.9097551587099,14.062330480016,14.1792852334072,14.1796045848289,14.358031375313,14.5416828126205,14.9692946709774,15.2239404026374,15.2052703979501,15.3613332737299,15.563554380141,15.6982565058613,15.808666909268,15.8602139327655,15.8712018932737
14.1774631744552,14.2569531147665,14.3062204523386,14.34687821567,14.2965154031011,14.1796590382366,14.1086436364601,14.0466602227497,14.0680731659933,13.9482450345134,13.7477959944208,13.6566494969936,13.5630259431587,13.4602955153666,13.369375563144,13.3081480639845,13.2726957376935
18.602057812501,18.5030769307029,18.262877489327,18.0767705801637,17.7533240253062,17.5256377562034,17.387156517964,17.3051742216243,17.3450449380401,17.5202986587448,17.5950730368146,17.7188483701884,17.9037392179673,18.0462995341554,18.0970369157458,18.1218390018246,18.133289004375
18.5758442719946,18.4483342039785,18.2763413328755,18.1201804982327,17.9286283096169,17.7236247998924,17.5519784897278,17.4064155866232,17.2966873584865,17.0631208636165,16.7355326315887,16.5144837746492,16.2947947435778,16.099800667381,15.8104163519629,15.5707070740691,15.3798947894876
11.7280156432703,11.6561852501494,11.5200693058394,11.4236040298333,11.1810236754085,10.9673740802786,10.7121610368818,10.4796535738744,10.175455430898,10.1200741333077,10.2209570786511,10.2764746841856,10.3148073951077,10.3172373799738,10.3322040150451,10.2319465823642,10.2947892667566
13.8132358426995,13.8781354044974,13.7255585484006,13.5765426844969,13.4292963387354,13.1283836301058,12.9644606928448,12.8132137972448,12.8543227465661,12.8467703453202,12.6412395558748,12.612608400339,12.627490432063,12.6934758912634,12.7534307387973,12.8050875070002,12.8219563178205
16.4448798619284,16.4882638246155,16.3360966284388,16.1749073198694,15.9500723589234,15.6231483836729,15.4084080249371,15.2098265003277,15.062419466511,14.9352122982796,14.8080849644428,14.7194363974664,14.6788281131519,14.6375058128726,14.7427149340327,14.7817881973483,14.7642001103148
10.3883355029441,10.6472081797465,11.054180510119,11.3874396001311,11.8303893349521,12.151254068733,12.4713798538023,12.7144346372371,13.1452710191694,13.1961919137496,12.9165735400198,12.8792991717366,12.8707526630566,12.883410746752,12.8515131155002,12.8481630506148,12.7824498530775
18.0237460916122,17.9828279495676,17.9208983193096,17.841216353875,17.804328780915,17.7313797468372,17.6685818415706,17.6029405606754,17.5768987368936,17.4334312007687,17.1700058629779,16.9797702645663,16.8036055974448,16.6412268336173,16.4151829555769,16.2393632136584,16.044915243577
13.7034666760081,13.7223477225544,13.5800353286254,13.4265961896076,13.2727240740601,12.9455001300017,12.7618325406031,12.5800654198661,12.5881344960859,12.4042174608063,12.0290124803669,11.840602845854,11.6798023332027,11.5445517158405,11.3692741764614,11.1677853810736,10.9619756957271
17.6316929774322,17.6258475847725,17.5530412238841,17.5147389341615,17.358635703795,17.1726687486179,17.0620427355648,16.9770522584704,17.0408926084528,17.0502281904593,16.9261823603963,16.9327450542652,16.9978958430336,16.9995126588361,16.8961642933649,16.7812566173771,16.6938287215691
8.66249629961902,8.54969215526978,8.53364516051023,8.56483317112474,8.65236809891774,8.79615341584865,8.83703402804693,8.89958660425162,8.89251729264637,9.00758013020787,9.12069954891777,9.2269962228087,9.33222047755613,9.40551840781554,9.52302175031312,9.62932012795457,9.71408734451708
15.6135999938451,15.4901909187708,15.3529280038698,15.2267456504387,15.0432265806602,14.8550943671665,14.6688812903614,14.499842090229,14.2837372169692,14.1038896874859,14.0482555887007,13.9482108391093,13.8308268248834,13.7107155788478,13.6829545130168,13.6588187654026,13.6190698312322
10.7577751918581,10.810181572751,10.8894407966541,10.972186601795,11.0915846009938,11.1571306374038,11.2583316641418,11.3364794090744,11.5745598156152,11.6218172487363,11.4409749753222,11.4203116695645,11.4190319922708,11.4213880786182,11.3775512882431,11.3405599619044,11.2802307409898
19.5029797299262,19.3721366417782,19.2768610668834,19.1948722063257,19.084045769644,19.0071355533882,18.9048018130136,18.8157963925246,18.7541127167984,18.5735122293179,18.3571008893638,18.1846026815489,17.9679722437068,17.7402885196866,17.3408006820143,17.0244657598156,16.8046371382183
22.5983480937394,22.0110790749909,21.7571996161143,21.5617804902774,21.2772143013072,21.4062028932972,21.1861733259935,21.0459857115378,20.4007677422258,20.2108707445006,20.4839297442525,20.3840457058311,20.1805823907718,19.9106623075492,19.6358960776901,19.4088472457083,19.2759380076895
12.8294685699151,12.8971867782193,13.0802621634749,13.2740403199906,13.5554913477062,13.7735631194877,13.9880491022989,14.1754467758463,14.4702206911136,14.7556589622841,14.8179818089189,14.9866194181447,15.1775352024915,15.3316232168,15.4783793468607,15.5944940345003,15.6474832769421
18.2034728852428,18.0146110564222,17.967014934619,17.9196615384382,17.9230031920388,17.9573038967787,17.9239900403329,17.9069826353238,17.8081845125226,17.7741857117974,17.7845477496157,17.7507385220328,17.6966323497061,17.5904668229633,17.4158546368864,17.2772803951439,17.1483633999327
17.2512931391649,17.301584064642,17.2709782892813,17.2965020399157,17.2925312148861,17.220640532489,17.2512272137108,17.3100699569719,17.5326160914722,17.6559782787507,17.5730448685771,17.641012786692,17.7418562867723,17.8130980748044,17.7823784345747,17.7194425572469,17.6476563439825
11.8904211571922,12.2079172103298,12.6387870729848,12.9731026735294,13.3149150065508,13.5742602765751,13.8501511610922,14.0562270620892,14.4321978737763,14.5206799861368,14.3355108328136,14.3175871323923,14.3203586220277,14.3356598032326,14.2994513407979,14.2146789146684,14.0721207436849
2.49787280664098,2.47951535180323,2.54799853697575,2.64324780581339,2.8066875645215,3.00885319216145,3.16393200840955,3.33344017179012,3.49917628011104,3.67253722241185,3.77729542799745,3.89036662416589,3.96862020222167,4.03146511367743,4.09816696163755,4.12307754814795,4.198950695133
11.6756005282857,11.8270998240293,11.8415417139158,11.8660327802727,11.9081259969377,11.790795212702,11.8129506098275,11.8048726033155,12.0517122419335,12.0125226000909,11.7247619045966,11.6623192880685,11.6507491929935,11.6418005586914,11.599928439919,11.5751781737274,11.5479013431694
18.2044476771198,18.1963473586469,18.1243553593803,18.0638458657824,18.0521078273686,17.907120367587,17.8623110132492,17.8146917702153,17.9180208888562,17.8767394245084,17.6458689961209,17.5759823250992,17.5320268994323,17.4874704656975,17.3934923736323,17.3283130432381,17.247727708374
14.9587955892275,15.2950408469882,15.5182937905858,15.746065989849,15.9056580610489,15.9198813649836,16.0751172631522,16.2140493819637,16.6021695074503,16.7835494606876,16.7429715162516,16.8772968013656,17.0511464438001,17.170649123424,17.1620467243103,17.1253183428308,17.0741230759631
4.00244322377424,4.02780223881933,4.03966613155619,4.07726195934952,4.09198769718354,4.09851190504941,4.12157625501496,4.15457797828756,4.23366705990547,4.23405696477985,4.21827696571925,4.23695221985614,4.23492871843759,4.25020886525435,4.23345028546551,4.18221468331119,4.17549168393381
11.0305688276583,11.1375301768383,11.1467925876985,11.1386438561278,11.0984227211161,10.9775163487982,10.9379306579229,10.8401344818641,10.8251594324169,10.6170428391885,10.4142383872457,10.2948657468592,10.2004679985488,10.1556874451294,10.1856287536082,10.233651452439,10.3175830345003
14.9609801346391,15.5661088736481,16.0829030563339,16.434986907344,16.7696993696226,16.9140717382581,17.0836504317757,17.1906866698406,17.4155129093825,17.3224151746986,17.0781691493167,16.9668805803788,16.8772376803085,16.7490072264596,16.5842713748987,16.4289352250101,16.2594170669957
16.2685490632367,16.6319630653561,17.1667328233149,17.463566075973,17.8944678668308,18.3963016882409,18.6268838812314,18.8169619342532,18.6725478420238,18.911685089541,19.3719513702647,19.536734254102,19.6402534860286,19.6562029777391,19.7753815880587,19.7637883588255,19.7118219408827
11.3105185847897,11.2961342534738,11.2436752459414,11.2082175301444,11.2447252235823,11.1553915771495,11.1859787520948,11.185163293201,11.3749908564436,11.3662538659029,11.1548913331435,11.1265466798822,11.1119148061246,11.1242222744535,11.1080791899202,11.0854485093035,11.0747733766056
9.34364116182849,9.55354087416794,10.0110342401583,10.3916289658934,10.8761853219504,11.2728091277106,11.6171695249311,11.8769533075241,12.2163082426811,12.2827613270493,12.1867737998541,12.1910068060863,12.1865774155003,12.1604893401604,12.1663956579751,12.1767060449178,12.1396136487938
20.8813069521519,20.5370445032993,20.4863171366554,20.4342415331661,20.3843496810385,20.6629098236731,20.6451857811965,20.6631537987308,20.2604838308093,20.2705862576208,20.6216898427409,20.6937141841841,20.6724432892495,20.5862514072709,20.3112641668386,20.1226875368855,20.0152236969323
19.5727197045188,19.6440754812419,19.6937916119089,19.7016290658,19.7126291405448,19.5721024158036,19.4932887694541,19.3607683674423,19.3405585588491,19.2282061791274,18.9766472557409,18.8954779309079,18.8497015556494,18.7790383492958,18.5091029840533,18.2804267298044,18.1224963398123
17.9695372664032,17.7995571533767,17.6401589157331,17.5213522882023,17.3975976894932,17.279381762743,17.2096553235651,17.1875223975605,17.2500613904601,17.3088274365745,17.2568831285969,17.2862982593828,17.3160148832137,17.3013302079971,17.1770100023405,17.0309460297938,16.8801345266214
13.3636071275213,13.5608124853685,13.6624603655337,13.7415254407115,13.9257586267594,13.9838352213255,14.1343170849313,14.2635151075357,14.5601832484975,14.5297656992058,14.2240360325185,14.1277149970193,14.0351082228363,13.9906250206768,13.9201488045462,13.882594666743,13.807188556123
12.6384070503814,12.4912665566973,12.3161371401616,12.1486183160341,12.066255706343,11.8079836936843,11.6650520854532,11.5626360917696,11.5300680574255,11.4971090011353,11.3908353317675,11.3801988819138,11.3600984340137,11.3337141997974,11.3229142367979,11.2854266322485,11.2547555288402
25.1680436903059,24.2270849136651,23.8909614852173,23.6552562816357,23.3356592638896,23.692418372254,23.5309960818177,23.5405257059629,22.7270877535593,22.8740281894742,23.7496035633745,24.0663241821359,24.2005017554755,24.2303625657702,23.9223878769286,23.6843667174451,23.6316823099392
23.0524915816368,22.4027675385202,22.1210023277034,21.8651677377292,21.6229114311941,21.9243162764311,21.8145950442671,21.7934574108654,21.1930700454439,21.2935860921669,21.8757438525227,22.0377224091204,22.0893765800604,22.0927945656212,21.8449893429129,21.6768203664283,21.5992982828335
9.02065266274067,9.50481331023293,10.1704930688873,10.6539263426911,11.2019098031815,11.6376453456281,11.9698230246773,12.1856068395918,12.5365243025388,12.6830018202958,12.5933704231658,12.6365913018526,12.6886287994047,12.7080283601033,12.7591746284485,12.7972494985596,12.7585947252913
17.0914466198369,17.0352289614845,16.9634894696078,16.930201402287,16.8613388697879,16.7705048050552,16.7392852690886,16.7096797094227,16.7522859523626,16.629018266701,16.4071881973066,16.3037720040632,16.208142647624,16.1007599454239,15.9041717895439,15.7458487544281,15.6230326052411
2.27410752383037,2.23520020548307,2.17840361942389,2.12207519667999,2.0774647881485,2.03693042782906,2.02701544279075,2.04895316874709,2.05437973711851,2.10081507248962,2.1605269209486,2.23101919982391,2.2460488137006,2.31070358813051,2.38709904489349,2.45079211440423,2.49017678393475
12.0690792139115,12.0268150841885,11.9604292975494,11.8949695668675,11.7928858293761,11.6111612513014,11.4742575682624,11.3336488011275,11.3334137471784,11.1502253442422,10.8740612236483,10.7239995604329,10.5713927041064,10.4186063744219,10.1639083170928,9.91673045521608,9.70459752915986
21.6706186205349,21.3293085892651,21.1586636683276,21.0316451433649,20.7857917508148,20.9115174678861,20.7912899052822,20.7518697672188,20.3633785217555,20.4096122159469,20.7727298437613,20.8869326431532,20.959366677788,20.9776485457093,20.8544665893009,20.7487933357409,20.7055562297443
4.30673595471984,4.38441159330866,4.42576948116263,4.4538673827462,4.6101473905636,4.63818662048339,4.7178175719682,4.76264494802988,4.89669478688505,4.92256165072526,4.84986816766388,4.84207830292416,4.79764896957537,4.76357551295384,4.7175819740718,4.61282225329151,4.54225952684766
18.9396111384188,18.5433916831947,18.1191822324982,17.7460329022932,17.2120637021143,16.5664159112999,15.777922876519,14.9218546543604,13.3849047293467,11.5381380322772,11.1736498744932,10.2147486151495,9.21323669772828,8.52316238919354,9.30739342969665,10.2366195244989,11.4901072291902
18.7995467104254,19.1132687294288,19.2368630454054,19.3367416556871,19.4395395027404,19.4635896620038,19.5736367102464,19.6904400306853,19.8838031359353,19.9579394289546,19.8681690640116,19.8988224436432,19.9448005493441,19.9631504986866,19.6468734822558,19.3981921977169,19.1651673434309
16.6889916312651,16.5158599540525,16.3008676835591,16.1060843731284,15.9371336505768,15.8095436879163,15.7012271603935,15.6302325844629,15.6069878312112,15.5797602751341,15.4513421222999,15.3832162830836,15.3421763392793,15.3299174310234,15.3070403179133,15.3446070595618,15.3636985287723
5.31985309833517,5.27884041715385,5.23481471116689,5.18886242067645,5.18717484600524,5.13847462443739,5.09532872197972,5.04210237707597,4.99238221233312,5.01469958675287,5.08956442513269,5.15082655086826,5.16035352811774,5.15980480824847,5.21324574270443,5.18423409855913,5.23495854512647
15.191591699692,15.17752434201,14.9754830743893,14.7876794308849,14.5020805468304,14.2274054321766,14.0494325967008,13.9076774807513,13.9581623087329,13.9190963887667,13.6250948998203,13.5840185430598,13.6249202409529,13.7397075406414,13.8881317066822,14.1041248087888,14.2808634250334
17.5930621399776,17.3406555651441,17.0372819494135,16.7636460782205,16.4173819941184,16.0386742479347,15.713523188219,15.4558782675801,15.2977660128561,15.3002807734295,15.2266406122838,15.249121468122,15.3194979965422,15.371294104346,15.3585719763165,15.3408261840225,15.3102161602358
22.4128387421048,22.0204639493443,21.837250315467,21.6916498384788,21.4432814604812,21.4937932241696,21.2929735157889,21.1508337546359,20.6221989298567,20.4184225612791,20.592160270863,20.5323545980653,20.4248390561558,20.2797143872031,20.1541402320139,20.0809666986701,20.0350721460907
14.5566808647468,14.4586835924838,14.7099135373634,14.9186950249178,15.2698321638304,15.5830691561183,15.7013951449393,15.7671974053509,15.7102260673069,15.9913715985782,16.3095252753191,16.4826546450873,16.6414252100155,16.7205190261504,16.8716551369171,16.9878785762849,17.0699032343422
11.935455980426,12.2540681489822,12.5066992231785,12.7004901954619,12.9158571761267,13.0241884049833,13.2070666165822,13.3225250616082,13.6653937520535,13.6654190717493,13.3954368335198,13.3412147568239,13.3221033229198,13.2957611570091,13.2521425059041,13.218975189402,13.1463647610716
5.83036902915491,5.72940844760033,5.63484195369255,5.53899408462919,5.44276169724841,5.36672096218456,5.2580660064248,5.15975156806026,4.98937668131967,4.86652712791735,4.83471229252898,4.76334958729817,4.65776487675034,4.55516052898043,4.51436818745911,4.44802664273008,4.41684458877384
8.43912089872494,8.33601915741005,8.27515452451682,8.25718419046336,8.24620131143394,8.36662588631811,8.43363558496309,8.54369691926555,8.64325875954506,8.92747749013515,9.07932856717215,9.24335154714238,9.41240246100146,9.54210222018946,9.70405923918017,9.81234443530253,9.8746266512977
10.9293574908043,10.9175186830593,10.8758598940964,10.8116710994477,10.789659992061,10.6854140712793,10.6192918376109,10.5251645502549,10.4967916240017,10.3877286648111,10.2208706341169,10.1131994414378,10.0083771788459,9.8985996668793,9.78085363312527,9.68318084197548,9.57820206434958
19.4432261666419,19.3513154996872,19.330760964841,19.3208592999409,19.2390207437737,19.2903590274893,19.277493798873,19.2962291473976,19.2756869204895,19.2482700802154,19.2341130082456,19.2222360187371,19.1900238588266,19.1225091663551,18.8742010010085,18.7051823559297,18.5629322869236
11.054512217438,11.1104185041395,11.1270457091596,11.0928724412587,11.0907986351384,10.8479582286312,10.6058231981082,10.282855880444,10.0563446492616,9.52970934360519,9.05012741132939,8.71166585546297,8.34052701663402,8.09322602252591,7.89230037688211,7.82454741434925,7.92550367750339
17.9193255782752,17.8251713675756,17.6811942239639,17.5627159671185,17.405628905521,17.2324517938728,17.1203896298179,17.0096347371477,16.9630442318115,16.8921006699738,16.7480300539566,16.718793087718,16.6983656216128,16.6913936692581,16.6850109635716,16.6893068263749,16.6921081372234
15.2400429466523,15.3775273230546,15.4004735272109,15.4066443067835,15.3279393622942,15.1700133772363,15.0815591912057,14.9687656410674,14.9900045525249,14.7656187394695,14.4906312217107,14.3562007709718,14.2751613576436,14.2143888893923,14.1974348701271,14.2060123684991,14.2411230526943
17.8150265470725,17.7158422990344,17.4686456503098,17.2739204049851,16.9045837055607,16.5431162973827,16.2791086489528,16.0978969682225,15.9957071493145,15.9663916441497,15.9463961268836,15.9999393691126,16.1495566217089,16.2802420659776,16.5069942507719,16.651673660819,16.7958723027247
13.8841120991807,13.9143672843937,13.8889316870587,13.847091496448,13.762116300077,13.5707794673747,13.4374184473487,13.2845625243085,13.1200506765498,12.7496138706544,12.5102532214393,12.2695086194932,12.0154005876734,11.7477739040253,11.5798097228923,11.4204062510656,11.2838213594221
15.1030247303106,15.1433143786321,15.2048737499742,15.3240549730651,15.4684155617256,15.5503857151189,15.6981389484721,15.8172209603827,16.1195411338212,16.3596787601934,16.3692287568141,16.4914776010944,16.6054147406939,16.658906547139,16.6219011248842,16.5593020127317,16.4678919073055
15.1476183349867,15.1347750134957,15.0494110970724,14.9977333777234,14.9096645961424,14.7210535231277,14.6488742763906,14.5969866082316,14.7148525678039,14.6272090187248,14.4064421150981,14.3431592799086,14.3283602926159,14.3004232636887,14.2277312722874,14.1496042015818,14.0776688462494
15.4772567640156,15.8006301592371,16.0746199111477,16.2210692748473,16.3477129384301,16.408761792345,16.4347227248948,16.4245858858763,16.4387035022439,16.3328390076368,16.2291730322722,16.1245507051105,16.0361659391364,15.905395115139,15.82547830091,15.7399763479587,15.6397909253042
11.5101631796353,11.5051103748156,11.4432869976261,11.4279029513926,11.2941794568214,11.1758998581048,11.118037967511,11.1055703442085,11.2390965965933,11.3619195472359,11.3022380966045,11.3963771230274,11.509386159224,11.5973943323893,11.6609642009955,11.7146054341039,11.7535622694848
11.0195393960887,11.5512174554306,12.1864170641894,12.63496472974,13.1929242563029,13.5661575722569,13.9378298761413,14.1929876544341,14.633871458877,14.7032179862278,14.4674699010992,14.4125548285008,14.391692777792,14.3524675064155,14.2973978038119,14.2323922188799,14.1013094890228
12.3372243872069,12.4399044151605,12.4632966163904,12.4815056016154,12.4370249393189,12.2801331078607,12.1987459619897,12.1194400045877,12.1719919232793,12.0292665162508,11.7963710329243,11.7042539891742,11.6334609456832,11.5555370458188,11.5126189022151,11.4672961051439,11.4274913448106
12.0396563818224,11.9370564402231,11.8006858506771,11.660317617897,11.2912494895271,11.1261988088391,10.8726741337356,10.6346776447866,10.0466477201679,9.97572754880297,10.2511130112851,10.3055028670402,10.337880524649,10.3838396656039,10.4729422132774,10.5761989798078,10.6838752346286
10.8932078016517,11.0653604688012,11.3132710691776,11.5138094492426,11.7320642034298,11.861622216029,11.9928814827694,12.0655719474734,12.2229977668159,12.1312728598008,11.8992923412026,11.7699496037604,11.6520533638421,11.5465952224392,11.4343490170837,11.3160867677444,11.1842074398447
17.7055402984836,17.6697075660886,17.65912694238,17.6389472862017,17.536254802862,17.4778250264947,17.3825701522428,17.2894329652188,17.1526508295533,17.0118722797246,16.9233546843719,16.8153252684204,16.7210778106474,16.5843603960694,16.4084471699002,16.2229657806589,16.0563037484011
19.204628560427,19.0637928984073,18.9183509343638,18.7964517940226,18.6073458646581,18.505351228615,18.393019676027,18.3366938087124,18.2456665214194,18.3259461321491,18.3949653822294,18.4648798696301,18.561292491153,18.6436604365846,18.7520324760419,18.8383694725564,18.9112554685433
18.1640583208307,18.1871173313434,18.1035961420859,18.0620495172365,17.9627595198109,17.8951655255641,17.8762903045817,17.897802062336,17.9750800038799,17.9774168466633,17.8577210675006,17.8379353338961,17.8527984643674,17.8765808504208,17.8621057805015,17.8446823972788,17.8205470262015
12.1601906238032,12.1482145549604,11.9666163966036,11.7152567538195,11.4492227060102,11.1292416472043,10.8333778537723,10.5141847004521,9.98798662491278,9.35498363541293,9.09088585096815,8.58586279526445,7.95321427281266,7.36071781015286,7.09160118615682,6.82607693065851,6.62784505111306
18.0737448623191,17.8613993603539,17.5445152036656,17.2210621431123,16.9372731200466,16.5385000495297,16.272136549836,16.0994855771697,15.8478919011152,15.9463181637787,16.1179137716434,16.2242891206944,16.3882471379879,16.5690694857005,17.032574161165,17.3448065328508,17.5300089892966
13.3257635349643,13.2099635262214,12.9923993930019,12.8606275641386,12.7154186871458,12.5587454801918,12.5033571064521,12.5395799555687,12.5767594673708,12.8983239683675,13.1719032807482,13.4218153632224,13.7060489820124,13.9252245966242,14.3046371584518,14.5648595315098,14.7565203265316
14.9347704558684,15.6821460394586,16.4458462306716,17.0248639763017,17.3798821570808,17.7159173808104,17.9854411551653,18.2180624125715,18.3487038905528,18.4085033278319,18.463141634831,18.5271125439111,18.5870569657965,18.5571995523032,18.2998148885114,18.0597185110331,17.8578872922482
12.4522999365499,12.5279606284678,12.5269706937983,12.5086299551833,12.5364221872399,12.5208484410178,12.5257777983678,12.5183399962415,12.5380237830798,12.5494132514941,12.4806563521744,12.4765224260368,12.4853775718305,12.5459244684134,12.7139396770202,12.8768584191691,12.9892156662484
13.8502503932514,13.6623109444443,13.4479135012501,13.3211451157876,13.1731441632941,13.1971114101427,13.2393586398149,13.3790533318491,13.5220378632789,14.0773767392558,14.4430607198668,14.77742463574,15.103311210885,15.3484820894246,15.6427658075448,15.8448557484364,15.9854603089497
12.6637802877475,12.9277175451167,13.1920111328694,13.4463452965439,13.7255307589191,13.9235373174505,14.2236680226408,14.481972728128,14.9771541178054,15.261513736958,15.165938134565,15.2793891020698,15.4249671089699,15.52487681682,15.5859943826091,15.5877340118711,15.5197108397196
20.130282195002,19.6604464104081,19.186272711421,18.7503385031617,18.1231325620018,17.4998700001953,16.7924374876128,16.116183237694,15.2331642279219,14.5660561680858,14.0743703627444,13.5558346954571,13.0608889046889,12.8119661819551,12.675945090696,12.5669032450557,12.4830953494535
14.1340805026486,14.0811750273635,14.1429973793726,14.1860098247874,14.4878785903885,14.7590074731981,14.9941114420523,15.1934098245174,15.5921844987673,15.7728559607324,15.596712127998,15.6367097578117,15.6873451751993,15.7806772087491,15.8180499736148,15.9725464655144,16.0671755762593
17.2164927685244,17.5081756132902,17.7288187835475,17.8562882900943,17.9462077396788,17.9694753810353,17.9905818307119,17.965054299021,18.0089496420576,17.8337612477142,17.5916621287364,17.422960422274,17.2703866214258,17.1088039373532,16.9300858091496,16.7415876832561,16.5543369487648
17.4206278222087,17.3370640947767,17.1847446940058,17.0492860672902,16.8838345681535,16.7097950872498,16.5732239565437,16.4606704883812,16.3564254109641,16.3132253644682,16.2559005971093,16.2175426525569,16.2078406985293,16.1920367412257,16.2509528190612,16.2940678886003,16.3206374793835
14.3323192001695,14.2314371246729,14.1283743914299,14.0382038512485,13.919989205774,13.7671529106079,13.6420920631719,13.535168507402,13.3942768716923,13.2636997114197,13.1738022722491,13.1083878454117,13.0376428988005,12.9648258178736,13.010589958509,13.0208624735684,13.0376342186745
16.5497537032506,16.8223297908734,16.9787788965575,17.0612357863677,17.1517853780758,17.1768149985424,17.2663793288962,17.3532157522734,17.5241215829541,17.4565226289863,17.2494137063351,17.1552621430585,17.08859388428,17.0295453124972,16.9511602060554,16.8937341523784,16.8268053184305
15.5718499640556,15.3945357114766,15.2687711977238,15.2373360115351,15.1636854063319,15.1097115980369,15.0953006793122,15.1407615295889,15.1175097730292,15.1778327030263,15.3057211431215,15.3990783861851,15.4697014776634,15.506845205262,15.7005353097924,15.8504342878455,15.9995343537795
11.4956561086939,11.9484753887527,12.1494566815731,12.092616987268,13.6587308658273,14.490734898127,15.3639183312788,16.0322568342783,17.0280129907709,17.4487607885432,17.1319523831731,17.1611290947908,17.2090899286448,17.2907335160931,17.1935369296363,17.1559404921682,16.9633157974036
16.8748405565473,17.09861284556,17.3184419181111,17.5106794065412,17.7159721169067,17.913853204269,18.134109282518,18.3381031177413,18.6038569377519,18.7616144209209,18.7649326798555,18.8488658033815,18.9420814645168,19.0008247324595,18.9290430629982,18.8511406169019,18.7440242334647
18.1291909369155,17.8419381391077,17.8238535620941,17.741951955829,17.6911768208114,18.0600389408321,18.1470768170699,18.2688210100535,17.9459025525791,18.0761638331767,18.4951450143409,18.5988165396046,18.650323845982,18.6525731852994,18.758096293398,18.8175512529082,18.8296304842999
16.4958302677786,16.571786265463,16.6322973751155,16.6568489644556,16.6666116440523,16.6311394833011,16.5880040865493,16.5254838040119,16.4526952350333,16.3396151842105,16.2284643160876,16.136010896637,16.0647316086451,15.9517666656123,15.8375403629946,15.7076986766971,15.5723521894746
20.2275108587509,19.8571150892145,19.6223487413424,19.4165970219682,19.2768247723117,19.2259689577111,19.044614023458,18.9019117363503,18.6093247613421,18.540841276596,18.5738997804737,18.5100684341246,18.4067454422906,18.2723635073498,18.0650913543856,17.9098647356301,17.7843001932164
10.4105353662547,11.0011855573368,11.2488821357752,11.40904738691,11.6466960190421,11.427494134171,11.5274374698049,11.5321772225045,12.0689628261895,11.9554032544901,11.3237023428781,11.0746271437214,10.9267162593022,10.7876648551148,10.4326691093185,9.97080098990957,9.38376199241526
16.9402042999948,17.8338838831377,18.4552955049585,18.8731509950599,19.1847699255181,19.3762050998274,19.5436443153723,19.6501314727993,19.7910779151841,19.8304678369571,19.8275517502921,19.8712132099157,19.9248952513097,19.9298319370082,19.7789375620752,19.6234074072455,19.4959279212067
9.40708607838989,9.31999410529897,9.41573559813057,9.49648936622204,9.66045154582958,9.79092292228763,9.90850401267438,9.96649075134526,10.0375974019105,9.95582846533099,9.80973264663007,9.71953366143333,9.62239899857945,9.5033684937509,9.37661698517273,9.2854357955096,9.21259567711278
18.4543743169306,18.2808140912633,18.0720991663011,17.870914112875,17.5046041767498,17.1428211443319,16.6645438238015,16.1119973235248,15.2216194678811,13.9416797873918,13.3334495351696,12.2009689264314,10.7926106421343,9.10285527456154,8.26006625133043,7.562169915951,7.86758191977724
16.7874452900151,16.7287739663568,16.6506500127963,16.5706381153454,16.5031989438181,16.4913367258126,16.4845228469164,16.5054922029929,16.4890368182191,16.4854776466231,16.4843166539581,16.5021949930281,16.5205761534716,16.5211100035861,16.5997869144491,16.6871930068585,16.7269255261605
14.9665829611908,15.1677335030628,15.2148033985461,15.2823995043283,15.2798828077552,15.0939710088704,15.0870225986878,15.0774460448758,15.3143635242517,15.3708573086268,15.2632956791098,15.337306500071,15.4614882112304,15.5148752554403,15.5524449020434,15.5183203254491,15.4642424768662
19.3993513580327,19.1593970144644,18.9365846721824,18.7558785082,18.4407381218015,18.2762153408528,18.0279679827928,17.8375796622622,17.5368502544715,17.4248369140177,17.4699860080471,17.4718814027419,17.5151450317096,17.5535267417424,17.5992703965141,17.6533836180024,17.7388824403986
13.6442364758599,13.5560739355792,13.3032559898656,13.0885751426236,12.8355847283194,12.4972109940912,12.304462918163,12.1608826122532,12.2597718037404,12.2628835382804,12.0203327697631,12.0055791018371,12.0414305525761,12.0970813447975,12.0900041705184,12.1239502874572,12.1586309361701
20.8595421506387,20.4879594282015,20.2153085354528,19.9754850108675,19.7491731871451,19.6173146578914,19.4543637820646,19.3562486357179,19.0906573721379,19.0185814485314,19.0295332261308,18.9403872447908,18.8143218332592,18.6713562900726,18.5329535743302,18.4092692194583,18.2522258270451
18.2241492440984,18.0549157535769,17.8782497147376,17.755033814309,17.5871920483004,17.4380005988118,17.2961968739135,17.2079719971537,17.1099572124393,17.007907291795,16.9211975453977,16.8777456291082,16.8444261354653,16.7910013965402,16.6917255739808,16.6197897824756,16.5949306615275
20.2793745120606,20.2097441441384,20.1130082472235,20.0482032057043,19.9432641152016,20.0027937830085,20.0165011921002,20.0946377540452,20.0370086413444,20.1855580227122,20.4125216904613,20.5551691461027,20.6659714743714,20.7373957554913,20.6539256857414,20.5797867263571,20.5374705782235
19.014798768571,18.9829942716401,19.0634894520328,19.1419799046236,19.3040055958436,19.452596510522,19.5605436449346,19.6777127684698,19.7142304959062,19.7769203463009,19.8897660477115,19.9600529209481,20.0154043647074,20.0343458363668,20.0830829570081,20.1097109686188,20.1848664936518
7.35827594397419,7.25597418992858,7.15602305910991,7.07671926486237,6.93660364468012,6.83470210473151,6.67446967153709,6.5478789912894,6.35238685566755,6.19408334619324,6.21458570491806,6.19684113814945,6.14685563575964,6.10031731834269,6.07632944456926,6.01574600647268,6.05108979054599
7.21035752211031,7.21448776042534,7.21476140481161,7.21207320802101,7.18581869641634,7.15039824264679,7.09653853346681,7.04950308707627,7.03769279531193,6.89103836875517,6.79968502145727,6.75099664957029,6.66621464789536,6.59483182233542,6.53356468279974,6.45147961614369,6.4667334971164
14.1504554563692,14.4394724487266,14.5899982136885,14.6670971492071,14.7579819413139,14.7580155371961,14.8526174088481,14.9023130866207,15.157543900029,15.1358360354326,14.8360233030486,14.7203617683382,14.660114402554,14.6090514990091,14.5542101022486,14.4738876157833,14.3143376845569
15.9367751655798,16.3610453704062,16.7210679460883,17.0007169140733,17.2591914853764,17.4462533437057,17.6356219074646,17.7732665402798,17.97204891262,18.0191351389832,17.9384854425668,17.9520970928874,17.984855717513,17.9703452747745,17.8842984771378,17.828614380502,17.7652233992273
8.57754708105211,8.65828115556527,8.79351958403994,8.91693763800805,9.00068068517998,9.04042430632321,9.06763624927705,9.04897654369831,9.08864468290447,9.01798675610956,8.9589105692887,8.96070011991655,8.93646943347071,8.89946174552343,8.81435020193571,8.77281161320565,8.70197816893769
11.5168957785033,11.4880844541722,11.4531861063425,11.4352313936238,11.4594190640471,11.5204387674039,11.5897232096842,11.6818307060557,11.7423545609285,11.9665872507502,12.0824133324052,12.1920221892262,12.3061087856298,12.4232809671928,12.5916115507829,12.7091202357163,12.7349446233468
17.7351136525361,17.7648557783999,17.7272409785228,17.7006655096197,17.593387030723,17.4594827971723,17.3785954739805,17.3119683417417,17.3641275983315,17.2829470763793,17.0797885667314,17.0036552947215,16.9571078411356,16.933627304117,16.7929555486566,16.6666649021215,16.5617160792457
7.6394340844819,8.00810478548757,8.19012012549303,8.33833651312129,8.78332725087344,8.9250764630958,9.1985036125896,9.40622138942673,10.0020525436401,10.215256299799,9.93562075630214,9.97767902149839,10.042042444681,10.1001536562193,10.0192048468048,9.95429310599271,9.85199783357577
14.5087531381608,15.0022887658808,16.175611525898,17.0753238048254,17.6232960831539,18.2208873224367,18.5824451762951,18.8941126199348,19.0027198547265,19.0125511826648,19.1021904472122,19.1585990272918,19.1564547992569,19.0795342095656,18.982399278069,18.9257613074543,18.919718135824
17.8190518976589,17.8198368824324,17.791322581648,17.7655143342585,17.6940435690483,17.6640876442603,17.6221656649931,17.62201204676,17.6271443166021,17.6813051377372,17.7131465545447,17.766362739343,17.835142805908,17.8330638585715,17.7867026854059,17.7194004472223,17.67657299701
13.6638132548043,13.7113590601498,13.6971952525313,13.6556919979622,13.6136699358278,13.4441445294279,13.3517965817619,13.2291576331174,13.2603998408672,12.9964933828435,12.5536685081329,12.2848214646058,12.0122084362637,11.7635312972934,11.4121563154489,11.0869165426671,10.786667973871
22.2159735025081,21.747963829021,21.3883380254995,21.1153588409413,20.7344126374788,20.5482245499988,20.2653777657838,20.0906278642435,19.777504247102,19.8722990394329,20.1394389226152,20.3108673372561,20.4730061717946,20.5592934565754,20.5408185221713,20.518469172207,20.5578337270925
14.4176623505567,14.9951129514217,15.0503419352032,14.9892619661072,15.2830722126036,15.1984441370809,15.3981227311155,15.5466628628115,16.1631706178555,16.2761013907743,15.7810024589011,15.6340736813041,15.5719375415502,15.5516998004005,15.4839336487598,15.4410442442541,15.2740816166721
1.62015901147536,1.58088052988021,1.53083649447783,1.49802203596016,1.43275622915309,1.37414678977076,1.34255520931289,1.31566451304311,1.28948057560162,1.27799454075338,1.31186478431056,1.33856669376066,1.3597614511243,1.38291617337646,1.45582167008834,1.47912178231053,1.54040100389508
19.7646981416684,19.6384255693045,19.6962796151462,19.7334689561978,19.6724510628443,19.8697610994143,19.8367387333558,19.830563693249,19.5057046705036,19.4609302669987,19.7189771005899,19.7424271210717,19.7082261895534,19.6175861104222,19.4344091128233,19.2854894930456,19.1934801352619
12.0223080764375,12.0320215524981,12.0128180374922,11.9807483383409,11.9872502111019,11.9006373929464,11.8690806586586,11.8110356827028,11.8635051598532,11.6066857572182,11.2226361571409,10.9444257100766,10.6607957995262,10.3953460491221,10.0667117752187,9.76437498910913,9.44250045203004
17.689401605355,17.4164617533659,17.1965195352162,16.9991661485503,16.8695426826799,16.8319095199088,16.7550830675507,16.7433981683351,16.5853236489721,16.6763248536281,16.7966726628449,16.8521718065344,16.8818948038472,16.8947378241569,17.0045137195235,17.0660858377166,17.1019339225012
17.4821942626461,17.4999363826682,17.4742298494102,17.4097702144439,17.2115092717448,17.0999334083479,16.9269094898099,16.734496608078,16.4635206676874,15.9689351022221,15.5236703889131,15.0020726087319,14.4771334477965,13.9891263219209,13.5901444199718,13.2105620273973,12.8444935858425
18.9956780562284,19.2332363612434,19.4040564757334,19.5532681233574,19.617564241857,19.7330208942319,19.8652081867269,19.9938866982833,20.0867477745374,20.0936342739906,20.0433704060165,20.0373713020143,20.0475896729728,20.0334725869754,19.9746262046283,19.9070736773676,19.8264402585052
11.8611194775113,11.7988345118958,11.6672443997551,11.5015108491337,11.3107819379888,10.9868677014367,10.6833069104436,10.3325807522769,9.84211721390902,9.3370074783349,9.18738601211045,8.90585063415843,8.55598044722932,8.23954266552823,8.14018413582134,8.0247545977465,8.07156831677848
7.59883856705035,7.43501464065076,7.23425966853428,7.05526903311471,6.8418976703843,6.62532654149319,6.38616301878905,6.20166871101417,6.00025412884487,5.926571065064,5.94383995649123,5.9590489468994,5.93681912751256,5.93231576949505,5.95751717007079,5.95732183649984,6.03635219714702
8.54035146101223,8.27646936292819,8.01526768910738,7.83571985108579,7.6057065820785,7.53096672302011,7.41981752712173,7.41155990551318,7.30244517875982,7.51200609690719,7.80245795828295,7.98121618793658,8.15393843365189,8.28244423634188,8.46291927088386,8.55897844523104,8.71877517905915
17.2697930722718,17.052286876753,16.7650814520843,16.5270441858662,16.2665371886662,16.0192351590569,15.8183337107636,15.6641310342696,15.4700729671198,15.4934210656335,15.5560295059083,15.5991078897047,15.6504840613646,15.6833442726736,15.7935927571089,15.8886851718736,15.9787604363484
13.4499378406357,13.3182945351389,12.8791130472601,12.4285080181058,12.1336190454437,11.6752827164326,11.4153637811752,11.2514262983235,11.1936766511529,11.3611455503913,11.3564263587818,11.4380960680431,11.579397120984,11.7924738247364,12.2298533881799,12.6184781682418,12.8828810973709
23.5034442545441,22.7163354208215,22.3634217055329,22.1094078577948,21.813969321897,21.9817370646269,21.7827936158912,21.7049561180774,21.0886791912018,21.1386313702745,21.62792052883,21.7518665190431,21.7605133491123,21.7043127980134,21.4915352216173,21.348168624965,21.3151318580598
19.2918162125223,19.1567547176374,19.2377083619781,19.2886759161106,19.3414340533359,19.5757447342168,19.6289233992387,19.7042338884894,19.5333044925822,19.6133466240184,19.8398683818385,19.9161177240504,19.9799080234741,19.9594970619809,19.8276428079173,19.7240325784971,19.6564310621372
10.7275496684314,10.6477225534338,10.425636635166,10.1801320379135,10.3082654128082,10.327851046944,10.4331438850947,10.5262149577216,10.9927668233664,11.1583618973446,10.6336656501019,10.4823205681883,10.3556967456085,10.3708065087028,10.1176809003915,10.0476620605679,9.90895854760049
17.871627961704,17.8164116977703,17.6106444053564,17.4501295100643,17.2100802445479,17.0029259947639,16.8810705125412,16.8581584867541,16.9565281017772,17.1392386836764,17.1989555579391,17.3566282238707,17.5538393405868,17.6841876051529,17.7797485859379,17.8383932248415,17.9040970245312
10.1335036826689,10.2397736579663,10.3402548668144,10.3924902396401,10.47499683706,10.4697362722774,10.5022788644922,10.5045598020714,10.6758861639938,10.6400440567695,10.4148603836132,10.3372018700462,10.2860484280388,10.2486089958489,10.2149889527219,10.1473023917221,10.0391565442969
17.4142375644226,17.3682480435977,17.319830534704,17.2495925145275,17.1132034518641,16.9892192402962,16.8678821695043,16.7299929359102,16.6601047220718,16.6243902407198,16.549190329536,16.5304594073222,16.5342695147147,16.5016385789055,16.382086458198,16.2255601140971,16.0574281436841
15.5713172160155,15.5092274643822,15.3732101887673,15.2405731825011,15.1359042003949,14.9887009328724,14.9159822910103,14.8590102725871,14.8864261806134,14.9200074984727,14.7973186702869,14.7651742309787,14.7510401522891,14.7368818561041,14.7744524664795,14.7840990865832,14.7439644881489
11.6366272125637,11.6828320554834,11.727628885666,11.7819004200878,11.8625014493672,11.8695805414804,11.9309579344832,11.9758017978824,12.1497480784811,12.1395313847589,11.9585948046419,11.9214250781731,11.9132228147251,11.9025610057896,11.8973417169554,11.9079350682169,11.9010392729774
14.8006316526436,14.6250769367178,14.4974633795975,14.3769312502818,14.3339503141655,14.3703376073445,14.3682771903351,14.3772978295457,14.3860210664205,14.5573307938946,14.6234977398889,14.699914822683,14.7625495482302,14.8019735210087,14.8652705017426,14.9273348093892,14.9505110273951
13.8810087258307,13.9137568466953,13.8936490469253,13.8387467162996,13.7589211389549,13.5860492024017,13.4570766138961,13.2801744330789,13.1713677279541,12.9034907170132,12.6303015590181,12.3980950355857,12.1564638096283,11.8936049237368,11.6109948016676,11.3117336876253,11.0069923809618
19.0740410293737,18.8868769751387,18.7185257850135,18.5444323772996,18.3522606907809,18.263587101719,18.1174090594351,18.0413142830733,17.908581551158,17.9362423608363,18.0012225072092,18.0242156135889,18.0617010964471,18.0705216961616,18.0457193376609,18.0050494547546,17.9505788791573
11.2877898352987,11.7834104311292,12.2822733947659,12.7047546199212,13.0831486352045,13.3072315530354,13.6399921609205,13.8924943986548,14.4918505015668,14.5951539323797,14.3127184776674,14.3231670146487,14.3688678097536,14.381186073511,14.2219856940177,14.0706343689093,13.8716261799627
10.5271243199132,10.4590061389423,10.3712739144163,10.3188498065531,10.2239791615239,10.1982001715689,10.110014053025,10.067063770115,9.94004852501414,10.0480617246493,10.1882981727545,10.2874746259718,10.296823757656,10.3616773883859,10.4545313122517,10.4947274769369,10.5149666987594
19.0147134812797,18.8920390265849,18.7991056981963,18.7197825909786,18.6403879844133,18.6288881280079,18.5581137273567,18.5246357601491,18.3866829946695,18.3077630014963,18.290573934874,18.2442555630554,18.1882097777487,18.1098837893323,18.0023411130708,17.9209281938617,17.8582158707405
19.6609434504349,19.5386756295928,19.4187642505634,19.3229636129681,19.1287088898059,18.9345894572418,18.7110672782581,18.4940909574565,18.2429652794463,17.9296414257804,17.719004132378,17.5108406352608,17.3248472685085,17.1217066217108,16.8716038443066,16.6049763070681,16.4026626613983
21.0384975947928,20.599978598129,20.3757904663187,20.2298892590769,20.0206179614381,20.10201064774,20.0091522995756,20.0051308270858,19.7637871466064,19.9004195542632,20.243597127339,20.4393464647686,20.5761859510079,20.641162689804,20.5094428741397,20.4072419538386,20.3758225105024
12.3269786969396,13.0277011545667,13.6443321011376,14.0850123414657,14.5048259076603,14.7112518330106,14.940879039898,15.067497370461,15.3523813648618,15.2468556482866,14.9438585016121,14.811329953954,14.7207075925826,14.6197219429699,14.4915956569463,14.4040330681859,14.2980554250473
7.48190925379674,7.56517715404518,7.70093753866636,7.8797061945108,8.09547817661499,8.38501931601366,8.64731646918245,8.91982045486285,9.19381425970344,9.61416081185419,9.86663424548697,10.0706072734228,10.2917503087077,10.47335713267,10.6921968958245,10.8665372075049,11.0029362410076
20.5406739751753,20.2032602557879,19.9965949464849,19.8267244566087,19.5859752997078,19.514752955658,19.2981903901503,19.1312185644071,18.7628692944615,18.600181385986,18.6694852928082,18.5886029994097,18.4885757674651,18.3619493251103,18.2268738898314,18.1035331778156,18.028664911657
17.9034393867263,17.6919117329952,17.4180459835866,17.1731231374197,16.8978331295943,16.6293811821999,16.3910436235805,16.2118622192815,15.9713461977844,15.9700009505035,16.0161132335475,16.0345814394251,16.0648887704376,16.0608968180844,16.186948305836,16.2735037747452,16.324950865188
11.9624942390918,11.9164502508351,11.8135326326054,11.7036886749823,11.4565065528761,11.2603918067459,11.0338026700164,10.7891463784658,10.3786866603171,10.1020374912531,10.1393736598158,10.0251816991369,9.82780169020528,9.63199925465809,9.55557919942583,9.41827086124891,9.42327081978835
14.2081362837493,14.4883609901021,14.7668252808076,15.007641849999,15.2109237735506,15.3624777733549,15.5573317022859,15.7310370139186,15.972763554785,16.0980868991246,16.0627561174929,16.1359145382325,16.2231000638441,16.2703454302591,16.3323488294219,16.3318795223717,16.3054375488955
14.0874367892962,14.388405583396,14.6818568798312,14.9349844147702,15.1438555650052,15.275893056532,15.4393679583347,15.5691879434401,15.8039537977646,15.8983985104243,15.843671807276,15.9130601387272,16.0179929552749,16.0939564989011,16.1320598060086,16.1564866925505,16.1421082150926
17.6376437548396,17.3951992824874,17.2123312816025,17.0122511448094,16.9761299966465,16.8995068559899,16.7424270012981,16.5833712406636,16.1721079263223,15.9541907399636,15.9851535556575,15.8024784461906,15.5801796280644,15.3648618896758,15.5411937048136,15.6801803391419,15.7516702396498
16.8364266083399,17.0203266634616,17.3223257225505,17.5244054076867,17.6965290541072,17.9364067927084,18.0382275449658,18.1336846598226,18.0440503340775,18.0247767732245,18.0958359756971,18.0618669368368,18.0061212100777,17.8987732465224,17.7625023465053,17.6257902689927,17.4904641258468
18.7810886963704,18.477281082494,18.1963282517798,17.9550803733348,17.6894980568105,17.4637453158939,17.2383909887622,17.1021345499107,16.9591698439174,16.9538644983191,16.9375876361826,16.9176849490685,16.9119178807841,16.8833886167112,16.8392382904188,16.7642312637591,16.6946379663454
17.3644583907689,17.5937479065686,17.8195046342813,17.9865840244707,18.1016644053986,18.2140460102442,18.3495361403956,18.4443055329134,18.6838991915897,18.7634835513637,18.6703085225255,18.6293121836055,18.6123931880146,18.5825955034928,18.4662258240257,18.3408137077883,18.206921372351
18.257352035743,18.0676453409002,17.8963094228597,17.7500054541899,17.5556155113646,17.4616839526172,17.3438213101625,17.2777472428131,17.1870854208765,17.2440132909164,17.2654652719374,17.301914737268,17.347497715447,17.4248340279092,17.4839875138876,17.541377870141,17.5846934549967
2.09254939003051,2.14591919647033,2.17183553497468,2.18126029703734,2.16962691134061,2.15530804258215,2.17326789547265,2.20802962513296,2.27207885198951,2.29139548253317,2.28216366357098,2.32655586565819,2.32864160891984,2.3800898768333,2.3986076883025,2.41320319386193,2.40243442451188
14.7185746869888,14.7290654647992,14.6228887597338,14.4912211792786,14.3266947549935,14.0641700397117,13.8708816336495,13.6239961354761,13.403926633688,13.0643867078077,12.7980431584547,12.5386691205822,12.2871427624251,12.0466802792957,11.8815298178968,11.7289278569278,11.6049665678476
16.453066722806,16.5121444129321,16.4364893941796,16.3584276674402,16.1865922666667,15.9434434766914,15.7837293830263,15.6230453551088,15.5534838441585,15.3614829319588,15.1030121072276,14.952157346138,14.8545694350919,14.7571089272812,14.6516985668391,14.5525349473216,14.4470237899518
15.918827917186,16.3786099450194,16.8716550355421,17.2323276961055,17.6091786721907,17.9940381778377,18.3073704340975,18.5559448927818,18.6924621139131,18.8590463130323,19.0312454674735,19.1198446177011,19.1909786987055,19.2004794669407,19.0963245021706,19.0013506361117,18.9061234921077
14.9812808491523,15.1492968738393,15.3989233161754,15.6196615594427,15.805631257853,16.0523777755215,16.2565704006986,16.445603361728,16.6149274477352,16.8505519873437,16.9943710016215,17.1560791971813,17.3227677334435,17.4141823697864,17.4239658203845,17.4010785792769,17.3570260860648
19.4889936264585,19.2360390895672,19.1299099610298,19.0627244676034,18.959737674524,19.0181428638896,18.9573731411084,18.9528643104452,18.7904224558137,18.8418483069781,19.0153299053988,19.0901524454529,19.1425033396521,19.1531466982284,19.0262432126804,18.9168344014402,18.8321342921705
18.5067782655486,18.4620944705031,18.4966080503444,18.48977409829,18.4879052636808,18.5424305202792,18.4911417177972,18.4602602888685,18.3076961913673,18.1595962601349,18.0702189914014,17.9340958482959,17.7761411862615,17.5737404786382,17.3592458221226,17.1736473420527,17.0299641239073
9.82329059480389,9.94330213005545,10.0937643227546,10.2172977360094,10.36570976164,10.5678033372985,10.735056358624,10.8303224571022,11.0377565821011,11.1325400611357,11.0564086319544,11.0918738559125,11.1306850617419,11.1732399741097,11.2290266548045,11.2736582486792,11.2434616902389
15.8153550206887,15.9514037978829,15.8254542694772,15.7247921591166,15.6432947931994,15.2855545735011,15.1775710527401,15.0747672786065,15.546575085166,15.440283565774,14.6709863136553,14.4119019404986,14.2346911258458,14.1178867903551,13.451775598828,12.8865952976598,12.349884762352
11.1916818949444,11.3361291708482,11.1447982020756,11.0017082903193,10.7112782010468,10.2798865565972,10.0675838077878,9.88633910992766,10.0166983812922,9.88577297869523,9.52294015080059,9.47553182103686,9.52146827044131,9.62717819414035,9.66334172808519,9.73099729806129,9.83469694246912
8.61276016859371,8.46366160016718,8.47991288255931,8.50887784462861,8.57643212145112,8.74092332016995,8.77799236939636,8.81678057915368,8.73994158542618,8.76065631614047,8.87681431401545,8.95989820610022,8.97925905649893,8.97837519245025,9.04016487868637,9.10854249790218,9.17152798318063
16.6527115814314,16.7041944038884,16.7923136438483,16.8882223514559,16.9593868322138,17.0172937453424,17.0993269840586,17.1557954811318,17.3503074053797,17.3692884246342,17.1844486532449,17.1404681078566,17.1023106386435,17.060071098399,16.835260241613,16.6386611022967,16.414673252212
18.3277072888322,18.2030748502992,17.9963943651695,17.8375482047242,17.6616984444952,17.4251092803773,17.2937959536101,17.2282359689302,17.3522016656409,17.1786759988598,16.6585130566981,16.4011059975233,16.1864451565516,15.9956200776702,15.3980123312584,14.864332157524,14.333605268167
14.0840898548368,14.0455658668013,13.9519642875404,13.8932672252706,13.8112904593061,13.6018615255252,13.4958481072712,13.3934778774985,13.5004344310647,13.3808717792028,13.0849171078641,12.9913287438663,12.9152635311169,12.830096404378,12.6041815227967,12.4203690995653,12.2875348309575
9.56306548908405,9.4875301853353,9.51168723651224,9.52771246881773,9.61172383707557,9.6714164777253,9.68079190416563,9.66564438463407,9.57368680960125,9.52543857554778,9.5955239189073,9.60422174441794,9.54177655643748,9.48024919320928,9.48501096726901,9.54085564619436,9.57547468613996
13.6655290078235,13.1611784295467,12.6824749346016,12.1616400172817,11.8123567720131,11.7053984158287,11.3649266333703,11.1212188689976,10.3267410823162,10.6371321305378,11.1157047539782,11.2304986793316,11.2675778805492,11.3756580447079,11.7837314827405,12.1854559795819,12.4642285960783
12.0651415907998,12.0881953124738,12.0359247819483,11.9523278262379,11.9226451666943,11.7720227557833,11.688012539981,11.5715703649511,11.5244955896481,11.1724691889439,10.7700272302356,10.4471070322177,10.1031801884463,9.7855771188217,9.47356693627214,9.22660178574338,9.00174079233363
22.7612848530598,22.0001730144745,21.584878056147,21.2550829500289,20.8655681979796,20.9047245485189,20.6373357370576,20.5361501458904,19.9557572389277,19.854313815873,20.0860592581337,20.0428064585263,19.9015410783471,19.763606446189,19.6090351688179,19.5598954062619,19.5763336567882
19.0211538500864,18.9890077471625,19.1237091434103,19.2562432647639,19.3868623962761,19.6125848136165,19.7288689193912,19.8563692013233,19.8195372989016,19.9270785147945,20.0964058336741,20.1809643226325,20.2257422898648,20.2089288514483,20.0091750348711,19.838386153608,19.701790178526
18.8264192585604,18.6937165222636,18.6506968408861,18.6184227323795,18.5194437384292,18.565190348921,18.5108013726091,18.491807865332,18.2867398076083,18.2273878182163,18.3491765463239,18.3584076058379,18.3578286609274,18.3106091994432,18.27493264286,18.2419159581727,18.2370005424335
11.6267447710969,11.755346267713,11.8138254955448,11.8202819458144,11.8145455683419,11.6807380300099,11.6500409449789,11.5798263545924,11.6540290034579,11.49883026883,11.2273853727688,11.0718466041325,10.9364290238658,10.8030369623843,10.6496120328409,10.4752087443307,10.2801466134271
19.1735415848862,19.16651730326,19.2690605434478,19.2873699209598,19.3047232128511,19.33416443961,19.3333178134502,19.295000488504,19.1462782193337,19.0279255363303,18.931603627531,18.8399523839601,18.7380228702776,18.6083473622792,18.4746434788054,18.3178893496118,18.1608373877751
15.2085352911635,15.1486898486679,14.9860032499506,14.8267228769557,14.5849081077242,14.2845420946148,14.0241676442039,13.772257507421,13.516545451394,13.2076201904709,12.9367576310466,12.7207872027525,12.4997860545931,12.3414166822312,12.1653822119744,12.0116597652142,11.8886106743166
15.8107213333492,15.8333937541373,15.8878354047636,15.9382992969484,16.0337034132215,16.0306332245848,16.0798989741016,16.1251020899339,16.2841071623157,16.327102624907,16.21195138973,16.2117331042458,16.2220712651529,16.1892891253129,16.0847686425924,15.9504941823635,15.7876685717938
16.8599465475586,16.6834565153685,16.3152013248968,16.0260484867458,15.4613533606462,14.8997780805227,14.3781256053549,13.9311919080902,13.263715819015,13.6891393890083,14.4037087924795,14.8123042251174,15.2370439320636,15.5404302330725,15.9706158626162,16.256430372524,16.5131132697572
11.7071797126868,12.5860597437317,13.1714612938095,13.6494692442689,14.640001643701,14.9855857915497,15.5212144398789,15.8764593853046,16.7436325179368,17.006843471736,16.6274910793219,16.6528571849045,16.7236395154056,16.8189238497725,16.6274099212063,16.5244343326989,16.359581791018
16.952135666182,16.8932838041284,16.8563303246443,16.8150045265215,16.7754943957514,16.697453451973,16.6147852979544,16.537227973727,16.4991129740906,16.4199782049689,16.2666212913592,16.155509681887,16.0490418506843,15.9184246611051,15.7375508122668,15.5477492629987,15.3659273417312
16.5229619064943,16.5020814148407,16.3512694866245,16.2559852721541,16.1518232469136,15.9063393818944,15.8105982907661,15.735160904898,15.9746658409555,15.8913814386711,15.5351133744617,15.4199639134305,15.3030575204651,15.1746825357201,14.8704075953076,14.5579201632778,14.2508609987389
15.6473980295761,15.5844357014998,15.4041686630648,15.2381037705161,15.0028719850664,14.6791656187611,14.4129188514341,14.1162285925919,13.8896801728203,13.4629328434862,13.0582868842532,12.7238614244946,12.379972684226,12.0821988500342,11.796043372931,11.5539515803,11.3592534055009
11.2816424439489,11.0995172278021,10.9600578318582,10.8418472358097,10.6880328934469,10.5508462030892,10.4051956570594,10.324547977206,10.0699984559431,10.0191055938608,10.1427118835349,10.2000128115454,10.1940924826475,10.1687746071004,10.2244831896665,10.2533197410254,10.3010829443004
16.7771899560226,16.7704332648292,16.767850253693,16.7340374294857,16.6760440311944,16.6072758457034,16.534184825944,16.4463743618897,16.3667949184745,16.0564695333086,15.7848404571948,15.5274609796419,15.2330175627222,14.9347617014909,14.647031966541,14.4553220791077,14.3074117001317
9.15659557733928,9.67763808051233,10.3553125449446,10.8579157523699,11.3858318616338,11.7822825152744,12.1618760029552,12.441277929448,12.8970064590708,13.0529817484422,12.9835679108837,13.0926788595173,13.2509110885312,13.3579585997095,13.458759772803,13.4986795537725,13.4819973690461
10.438216816664,10.6866507126279,10.8240216743236,10.8729984650865,11.0094515756707,10.8018709839379,10.7381559136016,10.5698163885224,10.6997465708123,10.3106786507406,9.68155396130368,9.29535577573234,8.98247067129542,8.65511356850719,8.18798566337948,7.74224741440424,7.42147905160972
15.5445962148597,15.4679193765242,15.261377354357,15.0887277638828,14.8173173930438,14.5587508251016,14.405781677305,14.3335683126218,14.3445114377842,14.4897678403803,14.5396659999887,14.6728635506714,14.830469619101,14.9527495502322,15.0828354805999,15.1712602920904,15.2347214455148
15.6118865947199,15.3480946352216,14.8608545437774,14.3855707702108,13.8403211074159,13.1282715760831,12.5293126822393,12.0069765540599,11.6355745433642,11.5914519773792,11.3098407859737,11.2217671957492,11.1734248495318,11.2006276744616,11.0611009614329,10.9952675438834,10.9351091997186
14.2371540465094,14.8752739572965,15.3208433116823,15.603518308124,15.7640658636888,15.9419088279102,16.1011243728204,16.2051406049682,16.3374516347632,16.0935378971709,15.6693813094694,15.3582944446396,15.050473688946,14.7844457292622,14.4668694383677,14.2530206904105,14.0466059483259
10.0659766609787,9.93216019294965,9.86966861172208,9.82115484384169,9.70453755062207,9.69445618043955,9.58736894423064,9.4925003108585,9.27478372148503,9.31958438177058,9.50042444940905,9.58902679416217,9.6537097875545,9.72509485815095,9.87196810159523,10.016609082012,10.1215654569051
22.2137245231558,22.0667121515618,21.9906317910665,21.9585394172799,21.7962320498064,21.8121015856655,21.7068253340959,21.6514063796584,21.4042981031683,21.3456018805251,21.4740320034295,21.4852380926912,21.5040869302877,21.500501159414,21.5042085927903,21.4985147729938,21.5314229268467
10.5610046882975,9.97793221036937,9.50891767336582,9.18263591285039,9.23726257331345,9.74365371170063,10.1328438877191,10.6482319004397,10.9950581491948,11.7907759919476,12.2236588592261,12.6095639435919,12.9498538873167,13.2478579153916,13.6930431282916,14.061545857711,14.3100455818771
3.57325038290616,3.617278679667,3.69125730492725,3.754586697892,3.85389246382486,3.92679195415963,3.99213814195879,4.04833992322785,4.12790165503191,4.10553033712508,4.06674142844836,4.05492047308201,4.01675568565202,3.97589572251303,3.95244672385605,3.9118368445879,3.9061435471836
7.75853122119325,8.04048758833627,8.2711545379558,8.45038326353117,8.57830819399972,8.57055512905497,8.57159470290908,8.50704102208235,8.55796311438868,8.24950334334966,7.93902828456543,7.68968084474409,7.3987384455093,7.11366253562305,6.63218039028498,6.06492931221242,5.53712311349617
14.8971002849758,15.2575068597057,15.1805471074236,15.0640431417338,15.3169890289982,15.183169351321,15.345665261903,15.4648866757933,16.157370210343,16.283951186629,15.7487961651358,15.6395699999668,15.5964226537786,15.6337614713387,15.5603428849225,15.5409662930026,15.41647576808
18.5387856258042,18.2989012073004,18.2248755886259,18.1817117111512,18.1239497590434,18.15352693369,18.10353535783,18.0815847979195,17.9698034056939,17.9743273355377,18.0700060514986,18.1095554740647,18.1215442765547,18.0616241615287,17.8674332606808,17.7065042512927,17.5709687745084
17.9247794871789,17.6930029635832,17.2942985392771,16.9440929194113,16.4437925365334,15.856324357595,15.3199856231001,14.8482098179351,14.2739821235522,14.0846632731422,14.1249138504959,14.1454377178479,14.2221711066026,14.3147827685288,14.5177443849286,14.7314107937165,14.9595309933673
13.6233451300361,13.5672066076413,13.4160632136109,13.2756296645141,13.1414874274702,12.9022063915966,12.7199614404068,12.5463503616386,12.3728584873963,12.0747317244891,11.8523153335788,11.6520903228621,11.4468869423103,11.2702862361994,11.2150740380094,11.1887390407617,11.1953165672519
15.6820543383329,15.7455042647009,15.7966817690393,15.8336623913671,15.9569434850375,16.0073508820939,16.1318860316291,16.2452329685332,16.4510170743895,16.4751071793128,16.2987945601442,16.2585226844924,16.2335222201022,16.1876936902461,16.169985520445,16.1431732907546,16.0754417250035
14.5001846683429,14.7404218838258,14.4344897966403,14.1350295802607,14.3743916968361,14.2501920115145,14.5980660540086,15.0118686441755,16.0274124183568,16.7227878813165,16.5692380115433,16.8024228318115,17.1017355675515,17.3640765132536,17.5376815421799,17.6507638248818,17.63754097028
14.7203990993266,14.8227946496205,14.4037433943874,13.9886904438352,14.02692241651,13.8409738139218,14.1765931489479,14.5829946652851,15.5745658861381,16.0825163189647,15.8013738139822,15.9247419456578,16.1096959180664,16.2866718913472,16.2563864309054,16.2268482680428,16.0856824311451
19.994838521196,19.8265935104092,19.7322796973987,19.6386480245259,19.5051875368527,19.4798080617893,19.352515777989,19.2398050375011,18.9658747540274,18.7512135152848,18.6863867055796,18.5400224408156,18.3596346750358,18.1529478177696,17.9525963196478,17.8078605064542,17.6435648659743
19.5595338487201,19.3869042485378,19.2085983836477,19.0226169270589,18.7711916208029,18.6195753140951,18.3913921265271,18.2044668531439,17.9749165076863,17.7727233549585,17.5571913473003,17.3374553000821,17.1234143037824,16.8900889183784,16.5364817598895,16.2226320714811,15.9467996629603
11.560059666283,11.7692883110966,12.0712530757579,12.2693754553524,12.4454303889067,12.5664313118026,12.6477688102559,12.628132559885,12.6988264780471,12.3235414562983,11.8213403818585,11.4134314830408,10.9472945297458,10.4806677855571,9.79398570522285,9.23194579292171,8.71543666137705
17.4506582379639,17.3000716074677,17.0495885674667,16.8406575377008,16.5991602242691,16.3952074977512,16.2652476867801,16.2002929466539,16.2915663914275,16.3345682418889,16.1825897765785,16.1623374189629,16.1471971517453,16.1533343478367,16.1467974587316,16.1087329623611,16.0129497323952
20.4659332660493,20.4477664853941,20.6494068611123,20.7741994329794,20.9677530559239,21.2513091348975,21.3404604418528,21.4329427692352,21.2357549930499,21.1633358523686,21.2612136425147,21.1795059023878,21.0263957395561,20.8293830509127,20.6480183694891,20.5122529578899,20.4013725567367
14.2606919630634,14.3020222080418,14.3953367491537,14.4724545695144,14.590359599464,14.6896323911361,14.823770610838,14.9355462089968,15.1637308435117,15.2402622835305,15.1172274758999,15.1166112974233,15.1176520221713,15.0793515247014,15.0059071050705,14.9082042159116,14.7605453727608
15.1641208302622,15.2449897434396,15.1809855159791,15.125632513742,14.9109988503514,14.5553097942332,14.3029349729642,14.0041366293624,13.7434765704188,13.1570332803372,12.697033457669,12.2654179798913,11.8300133062768,11.4570112474237,11.0708935714086,10.6540208712424,10.4458826006882
16.7871572712471,16.6653219354636,16.4410843677683,16.2451827847383,16.1222794233648,15.8670607487832,15.6352496160711,15.4017615587295,15.1787903110795,14.9011371823429,14.6737558438959,14.5329404007014,14.3980213441079,14.3511367233859,14.4894953119336,14.8133620838639,15.1647122643875
16.6906449714261,16.8611046712466,17.0353609111412,17.1741649624501,17.3057391987205,17.4127508693603,17.5628126802611,17.685953858082,17.9256881647908,17.9473332064942,17.8283005246864,17.7586865810965,17.6972499585056,17.6308207863533,17.5575656710977,17.4847427115507,17.4145149807126
15.4480057491878,15.5904573476631,15.5880796869197,15.5997650110784,15.5935329854085,15.578989569983,15.6611292725921,15.7775766964993,16.011557494504,16.2721195596254,16.3756932662983,16.5709091956008,16.7838056840206,16.9473663331942,17.1405986567888,17.2637574618959,17.3561501227022
21.0451155684339,20.9755002748347,20.8508477714899,20.7737609941691,20.5570584319738,20.39064725728,20.2323937653608,20.0967553978929,19.9696467706472,19.9060010092124,19.8509503809108,19.8403897187518,19.8601433409751,19.8445404627455,19.7043605129147,19.5911660936018,19.5250805480113
16.0616177510522,16.4126044816007,16.7246355249796,16.9400765335501,17.1414263336558,17.3884263424344,17.5930470566943,17.7435254333734,17.8129461347282,17.8240779411543,17.8447069975062,17.8133773329865,17.7906122000796,17.7422230805612,17.7170970385519,17.7024791744692,17.670182651057
18.7831665676893,18.8485445089319,18.803061588281,18.732338216631,18.6362289800141,18.4490450590009,18.3891696805183,18.3101558224031,18.3678412991412,18.3775283369014,18.2240874869605,18.2488897712975,18.3325401519502,18.4004169134475,18.4133733676205,18.3926815302111,18.3638254383137
-1.08663837765486,-0.96905570491582,-0.921507662050704,-0.911926063517462,-0.824673341181986,-0.839713203059537,-0.824265106465278,-0.799567633368478,-0.712458759119404,-0.688013766142815,-0.713122502952377,-0.696353593667475,-0.682000670544093,-0.628753584279723,-0.616695480220352,-0.627057893131325,-0.646284978862933
12.5642476217254,12.6458737804124,12.6877332285171,12.7800336609312,12.8674398517989,12.8190151078391,12.9361971554708,13.0350248110274,13.4297864931808,13.4800589235221,13.1985832569457,13.2068553763596,13.2515417548604,13.2803322065745,13.1592817200733,13.0453762127647,12.9451849065123
16.9873881460108,17.0295090511472,17.1064840136639,17.1491240442966,17.2048670920632,17.304426667194,17.3573539293666,17.4370766983148,17.4559042128205,17.6418262366826,17.7754947544254,17.8874160507641,18.0009168684081,18.084857791895,18.272069277358,18.4228946393801,18.5278276881755
12.9244056510845,13.1630825057967,12.9965489890133,12.7773247672872,12.5650464509976,12.1844194133447,12.0336781228532,11.8875847727949,12.1453035127264,12.0546459999295,11.4462836385982,11.2144083300894,11.0832747738602,11.1157735021249,11.0088295781625,10.9614721534883,10.816698974452
9.57536851404222,9.46713750325536,9.49441544404678,9.57149841681137,9.71285288075792,9.93185053837444,10.0475691855878,10.1884210667393,10.264957184118,10.4683460015368,10.561064091555,10.6650034746514,10.7623471308654,10.8478034547173,10.9665149266486,11.0571374301643,11.1213818834266
9.93830648554579,9.92123860748023,9.84457039393472,9.70501867459946,9.66985110991641,9.63101958987994,9.54611176503835,9.45898628181155,9.43601504550283,9.33315759243538,9.04558334933713,8.84831199401595,8.6617599705042,8.53719505200579,8.38932386081502,8.23205246670516,8.09853883971797
18.3489459575485,18.3558662268826,18.3188889572994,18.2912355768424,18.1356373847495,18.0601019121645,17.9640358610451,17.89422327963,17.7434978627974,17.6286063414012,17.6205724286768,17.5817095225367,17.5849477790695,17.5423539740049,17.5800246862897,17.6074313380263,17.6622266943497
19.0535440621028,18.8443598970297,18.6684866747613,18.5368403967379,18.4095426658997,18.3122812290871,18.2365052537303,18.213976872604,18.2085171627656,18.2235120090787,18.1577098044629,18.145253392795,18.1358516225676,18.0902217674659,17.8914130762417,17.7020462165033,17.5104235508948
15.6145824063475,15.7676645088988,15.8869867993249,15.992194689505,16.0784868748251,16.0236056615741,16.0803037567953,16.1109559766295,16.3507061693527,16.2611723486889,15.9784665411901,15.9024789573446,15.8620139803362,15.8067252514953,15.7124536632722,15.6478425262041,15.6043249814169
10.5310872341486,10.1026067519664,9.6684936826595,9.24568827525637,9.19358014181866,9.46025443749246,9.48926812266192,9.64319953493539,9.33827662594419,9.85461175245732,10.4683577883071,10.762454582771,10.9870944229992,11.2016265871337,11.800254637096,12.2736050369737,12.5854762032141
17.5562277387236,17.5969166240729,17.5362492623559,17.5158034507297,17.504437305536,17.3611224863097,17.3545020670488,17.359229961837,17.5902268761454,17.616614041669,17.3977527293986,17.3667163494972,17.3727438452984,17.3832168290621,17.3657245253527,17.3533462783867,17.3248913730365
17.2944490559149,17.4035967710004,17.4126793858268,17.4073464029663,17.3142597583899,17.2605669325085,17.2189081590358,17.1742590333071,17.1078415102256,17.022761166754,16.9584091569535,16.8874009167318,16.8453783865236,16.7948514945076,16.8103333750242,16.8027339221216,16.7811690918553
15.5394241929291,15.6552674313513,15.9957061581033,16.2683839088552,16.5646758358542,16.8326526950207,17.0107085842688,17.1396644616133,17.2615418997209,17.2758046356855,17.2361708681661,17.2208962472431,17.1929312113904,17.125750622481,17.0092327096059,16.9154570842069,16.8173910888656
11.2412191988158,11.0877156179038,10.9161599723042,10.7653922877077,10.5736461471006,10.5082589043341,10.3583350710075,10.2521297905086,10.0785470529726,10.1488744968694,10.1977643906645,10.2237689900713,10.1950245788705,10.190948882893,10.2114535341152,10.1390321985846,10.1417662848143
9.6372495830806,10.0911921716958,10.8712368579317,11.5087794465139,12.1543792476985,12.6759806672005,13.0824801483792,13.3809434696319,13.7154399414732,13.9195159494878,13.9755589911026,14.100562276536,14.2221559078851,14.3242445871691,14.4955744379595,14.6250052682761,14.7039214693114
17.8951707767828,18.01585585923,18.0965241755312,18.1552271831353,18.2237944608046,18.3357294346631,18.4152932828096,18.4975763857205,18.496326875983,18.6304681724657,18.785354407601,18.9093977276828,19.0432680435939,19.1375634948832,19.2369212274032,19.295395709301,19.3390363518308
15.979412630547,16.3675864912725,16.7862541134127,17.0523366341106,17.3065056303985,17.4616264132451,17.6261303793532,17.7079166934874,17.9208064812199,17.846026446065,17.5867400260046,17.4501587111828,17.3405983509031,17.2107194891276,17.029460564392,16.8525796675157,16.6404948273367
22.0023809909726,21.4698755691098,21.28778550573,21.1500171119708,20.9767788522069,21.1741219533297,21.0444678126837,20.9868124687,20.5045288303801,20.4621218720659,20.7529517822603,20.7461432399663,20.633324431445,20.4749613177283,20.045881680619,19.7054944379912,19.4385668465135
7.03457646551922,7.04240683382917,7.0812703665954,7.13096930791674,7.1438087482969,7.12829091055329,7.12209378551101,7.11804562399925,7.18764194350564,7.19074278052828,7.19505133929295,7.27675780593042,7.30935210448519,7.31311598116679,7.31774587411544,7.24602687360254,7.26145979963879
7.60982966426295,7.48453316697546,7.41339150398904,7.35261558915967,7.30205102172273,7.29381541060057,7.19990035921677,7.12473584350282,6.91195796852203,6.88714322784917,7.07829405187285,7.13597692288661,7.1542014717875,7.1729730235215,7.28316617410286,7.33198745647718,7.46500869222928
13.7799315557147,13.8132972219649,13.917150204016,14.0016649900358,14.1746516786903,14.3575668180484,14.4955425011685,14.5965598549081,14.6989686364744,14.8786348090376,14.9901552607565,15.0962990374743,15.2011181122947,15.2549045968922,15.406773925024,15.5267016030833,15.5969949264161
17.1756532299287,17.6380562040496,17.6864591292253,17.7177346159049,17.8297411426857,17.6905790150385,17.8770996741225,18.0671581254093,18.6444027211884,18.9214229082995,18.7936718365373,18.9091751834173,19.0793005747373,19.1757508308503,19.0780923123472,18.9433830878653,18.7423260502951
13.3302178697351,13.4437855050242,13.5178580450168,13.5517538878367,13.6861584517816,13.7382449954748,13.8560871556229,13.9459212296136,14.1739589716239,14.1784658751238,13.9484763056033,13.8657807812577,13.8116927942734,13.7670468914784,13.7794701466384,13.7724117887166,13.6934728040924
13.6802508590817,13.6988717071636,13.7544112102142,13.8072663368936,13.9048176120395,13.9488153272113,14.0569728824278,14.1630380159065,14.3960403017411,14.6542915983474,14.7033935745102,14.8308693681613,14.9916827232308,15.0967166267324,15.2318846834906,15.2878533073792,15.2792235601918
18.7427389851657,18.4559462642467,18.2355398586468,18.0715476114462,17.8652563480259,17.7578490338791,17.5876599228543,17.4750191560612,17.2785375947192,17.2211543343178,17.2270421945977,17.2135117367121,17.1906184982665,17.1481943231282,17.0363799226318,16.9730044647851,16.9578300344628
14.7388220912118,14.9255487053448,15.0595470950929,15.1694377028263,15.2367224767878,15.1818664040932,15.2353577604454,15.2347939102137,15.3572828730387,15.2379598004291,15.0183645044212,14.9479982322676,14.8869451012479,14.814589143232,14.7832560099626,14.7112319764392,14.6240086824376
8.9413693545979,8.95279179386731,8.88449088639676,8.82260189100767,8.78553101841802,8.62459292398979,8.56023037719522,8.55501628744429,8.58625573579745,8.41903138424229,8.32991961998774,8.2888027277704,8.21064934691572,8.13236882592489,8.22471992164451,8.17670244938861,8.18441514449957
19.2491980226739,19.0467736534768,18.7235018609094,18.3990420898223,18.1146381434037,17.6861057018368,17.3569582877226,17.0307379247522,16.9875955369627,16.9485635088844,16.5680991161064,16.4039560591599,16.3166768386424,16.2615683031927,16.0545643127838,15.8742339556296,15.6394950446206
18.4323560928061,18.4399920640981,18.4354087714144,18.4709755077678,18.5376899737519,18.6269426459125,18.7435219102759,18.8875136503739,19.0842037830733,19.2293089604288,19.2261300734566,19.2950351437102,19.3720170066348,19.3955376198974,19.3147125030641,19.2323341430084,19.1442931017327
16.1090606495091,15.7416834710028,15.1661416206287,14.591584207191,14.3791459917231,13.9854873751416,13.8076571776261,13.8337508877574,14.0182376093389,14.8087562941322,15.0026045750243,15.250365097313,15.5051535892541,15.6998219467761,15.9699158659495,16.1250475951131,16.2133507301206
13.7649752093881,14.0721007496501,14.3679521832064,14.5841954752382,14.838944476349,14.9799429269785,15.1739877915866,15.303759499107,15.6351666317723,15.7025919039902,15.4691937882395,15.4295988254811,15.4357496530789,15.4298146501861,15.3518727233307,15.2759971379863,15.1439349594308
19.3466204137461,19.2334638770847,19.3451572392977,19.344368438844,19.3405025772019,19.3799686764969,19.2682167361481,19.0885496750039,18.6381559834206,18.4319745701226,18.5093298042105,18.4413810252822,18.3817300368575,18.3293654457181,18.5201806018407,18.673116541294,18.811935412071
19.5718172203941,19.3774476715843,19.1341645051309,18.9034219081242,18.5911117109057,18.2496592659234,17.8964234812548,17.5255991790803,17.0941296446628,16.5827736220972,16.1801825802436,15.7338075282532,15.2566173574001,14.8002000983398,14.364081389554,14.0161936026721,13.7617676964171
14.419354911114,14.4078360745624,14.3054428879561,14.2244123578424,14.1298741920951,13.9212470844223,13.8625811785218,13.8475341058509,14.0100278447241,13.9832998699294,13.7289844802666,13.7168445807052,13.7393934689452,13.77024152873,13.7896746684331,13.7575550607243,13.6822900062054
15.6481250508014,15.8566538965538,15.9458092959914,16.0147459839408,16.043835846695,15.9005334441202,15.8593392824811,15.7517965182099,15.8548147627933,15.7453929729052,15.4811171049656,15.3901911587688,15.3670412645498,15.3320046572437,15.2461422495325,15.159097282667,15.0833898881548
17.2785970721697,17.4953732378023,18.4385349816443,18.9550830432178,19.6005147433534,20.2550899241211,20.4661202781204,20.6231167526755,20.3335622672958,20.3801031397931,20.7236156203632,20.7920389672823,20.7607856324549,20.7097454083636,20.63848362622,20.6398449522916,20.6824094610778
9.89571839500567,9.92508135913274,10.0078254302162,10.0463828849677,10.1283400336499,10.1675185078087,10.2140118188948,10.2195700885645,10.3031784738904,10.2255440005204,10.0519557262363,9.94256045352077,9.82028735720008,9.73156779561862,9.54644066335541,9.40299151239974,9.2731837856665
19.0361298257531,18.6136218297809,18.290405813876,17.9400814565575,17.4316812450553,17.2196761371572,16.7499836809475,16.3368048837738,15.0378213894352,14.6817373427783,15.3711128926248,15.3165710904906,15.2060856889657,15.095867053705,15.5481014748906,15.8593147643376,16.0753841003402
19.8610377289368,19.6959987274682,19.6058027568684,19.5062776580754,19.386125694806,19.345188125894,19.2126400797353,19.1004625084984,18.8315850965977,18.6809646405287,18.6643316382152,18.5623863409326,18.4314043676097,18.2735274446812,18.0703506534777,17.933571757731,17.8442869151695
11.3822134411968,11.2878778532822,11.1780020722237,11.0662211343229,10.9081339746834,10.7364141591836,10.5758189673871,10.4153017445486,10.1512015496334,9.93149484645008,9.88291588758064,9.78479099263351,9.68205905769756,9.5923548795496,9.63960626344463,9.70463767724728,9.78275883972749
11.482028981053,11.6268048315808,11.8042917205056,12.0203463085986,12.2219842831416,12.3914655030383,12.6121074884703,12.7811861283427,13.1513856007577,13.3208851334306,13.2065989941672,13.2727653249258,13.3675852924418,13.453716850361,13.5038076642617,13.5666774781825,13.6078064184205
16.4825585382305,16.5469839890198,16.5786987249533,16.5694417858626,16.5005339986048,16.416052454633,16.302393102207,16.1595670113928,16.0088061145751,15.6119858867597,15.2365921951236,14.8512564241091,14.4187657268029,13.9990661650095,13.5738827218685,13.2434519285337,12.9421535156257
21.2962235465769,21.3000452088595,21.2654532816544,21.2105612203476,21.0889345285097,21.0472786587164,21.0058432972372,21.0328950857309,21.0289906610316,21.0315213838828,20.9771290029554,20.9925437321004,21.0319835521965,21.0707953185793,21.0509667787324,21.0696605112056,21.1136079581961
13.6327117668758,14.3813578662336,14.8231454220862,15.196538962177,15.7156183944053,15.8629878887578,16.2083321631249,16.4900605264311,16.9611042349972,17.0076643472555,16.7803579286186,16.7571250032409,16.7634957591189,16.7305424082053,16.6101205327465,16.4988079480679,16.3729400342797
19.1773839005411,18.8984679300204,18.6985784964239,18.5079798193122,18.2140044443513,18.0586766069623,17.7565688686152,17.4735812339939,16.8353279817718,16.4462257852994,16.5769505884908,16.3833281828912,16.1699603245442,15.9103200321672,16.0138260860457,16.0240433641695,16.058285659575
15.7398700967003,15.8094680996489,15.7881233844382,15.7768777665675,15.6310649299047,15.3921278521316,15.2429749659306,15.1262804642304,15.114001260086,14.9869600507331,14.8044937452464,14.7327467779968,14.6682874189205,14.5693196016064,14.4689238913703,14.3639033326908,14.2945871609505
9.62725072254775,9.47598743050877,9.33876610773243,9.19454103727675,8.97221465100644,8.72339540740813,8.41423901549993,8.13983823746406,7.78574018389655,7.36998686538668,7.19580362751888,6.95132175579912,6.62298421156699,6.30731572733977,6.0642250900593,5.78374978017885,5.64951167624491
12.3173244556014,12.4967053831661,12.7430149727566,12.9353126466351,13.2132867039676,13.2717737400218,13.4066642797758,13.473882148911,13.7789893177566,13.6552935060626,13.2677602763387,13.1254960409766,12.9958884609898,12.867389136959,12.6423672323145,12.4304726080432,12.2083170231258
14.6945576577112,14.6122763857658,14.3939383673779,14.2018170865082,14.0230653649362,13.628033620764,13.4082439412716,13.2063552585216,13.3008088866463,13.1331496876293,12.6914242740157,12.5129365059335,12.3665534933008,12.222607418712,11.8739900383902,11.5247269598111,11.2012108123991
18.1167637251087,17.9986000413974,17.871014974329,17.7533280778105,17.6051988733935,17.4806270150491,17.390949175844,17.3672265137444,17.3264179032466,17.3242561234778,17.3406794429132,17.3704583502635,17.4084310126125,17.4191825695402,17.4519056184145,17.4627878987337,17.4843744427395
18.0032166874124,18.0006864914862,18.0106208314064,18.0005123939604,18.0139132393802,17.9787836791643,17.9591094608313,17.919085981717,17.928396131541,17.6946414886562,17.3427252756625,17.0729139950798,16.7704354608015,16.4598119048182,16.0554637186835,15.7081469531804,15.3695754715047
16.8471423723074,17.0193385112837,17.1832661145596,17.3040561390875,17.3762409561569,17.4297327094089,17.4674964727837,17.5041142683281,17.5530661105682,17.4610176577083,17.2807602330529,17.1765573757385,17.0859958811125,16.9681398857665,16.7118326435245,16.5014496649548,16.2985633744106
17.6987161752285,17.5279754119443,17.3399260742273,17.2142045155579,16.9793408370724,16.7933101227817,16.6018673012754,16.4470817598647,16.2971183624881,16.361667195628,16.4248925577375,16.4858530454346,16.5666093099443,16.6118105048134,16.6574043534067,16.6583236845605,16.6591871482763
19.0506283313432,18.7766574165401,18.5448044613547,18.3597059208196,18.17875648841,18.0693726383359,17.9228237545307,17.8202548935555,17.6509054648083,17.6777956686059,17.7442237363558,17.7719238974189,17.7891033155466,17.7539510393319,17.7184657874835,17.7013467471697,17.6884721488561
13.9030696523365,14.4760307122186,14.7146834910309,14.9628935796665,15.1094973561763,15.0379676624952,15.2234143182166,15.3991186836677,15.9289841437309,16.0353469477081,15.8778349530184,15.997716627757,16.1866417057045,16.3303093955803,16.4457789292524,16.5517034291833,16.6277430000954
10.8303707851076,10.5477972890064,10.3037485869222,10.0741064737782,9.8732916656208,9.68657768638291,9.52986305800047,9.45313913643323,9.35850621857387,9.2131578413183,9.20305876299659,9.2177820901485,9.19744301212341,9.19815016541033,9.31958559894071,9.45846449037812,9.6813192565945
17.8555998277155,17.8211264117099,17.5825201319219,17.3700447011999,17.0887163704012,16.8562376681136,16.7401964886352,16.6711053294128,16.7289337133918,16.8526679885679,16.8355276306912,16.9022502021159,17.0546815993125,17.2175518066417,17.4021267472934,17.5544639921918,17.6536036783045
15.6202407493493,15.5073516817612,15.3556136699119,15.2364129039591,15.1786331332626,15.0758777058071,15.0430098773267,15.0426168757831,15.1492115697605,15.2209879439247,15.1507319190326,15.1961049448308,15.2456648478813,15.277286586127,15.3114831394367,15.3515363156744,15.3762068793936
18.7645966582348,18.5268579328235,18.3599889743498,18.1972273311553,18.0154538243067,17.9744803437668,17.8554503046092,17.7497074557459,17.6030340140271,17.6135466271626,17.6488858504725,17.6599907961257,17.6695179889189,17.6501903712184,17.5272291020244,17.456107441449,17.3940708714637
0.521811496677369,0.500754818726221,0.457044509185992,0.416209909066316,0.397311946695214,0.324729424925869,0.25673391767916,0.21704017185539,0.182694581046628,0.129086733915657,0.111016808352836,0.0835184789695704,0.0564733676675964,0.0796310328684546,0.101067788284939,0.111277128572652,0.133022823680284
21.6589792587019,21.0897821422401,20.819959034709,20.589298201005,20.3352099554991,20.3453348639889,20.1782830464467,20.0818921120073,19.6716026367245,19.6623171270575,19.9098713705432,19.9375189307587,19.8999735095048,19.8058600881671,19.619182662027,19.4709774354918,19.349617578719
16.5380638786992,16.5683326591509,16.6109486287038,16.6745142830745,16.7529126947006,16.8733149151993,17.0598983736443,17.2586780370913,17.5067086097123,17.7616596053256,17.8767707668132,18.0394379951936,18.2212473600535,18.365282123324,18.4981284635367,18.6186140978072,18.6833439625898
18.7498400367192,18.9522079388762,19.2981441357454,19.5201147598102,19.5088551832385,19.6751059737358,19.6588271173977,19.6494449072112,19.3630466021314,19.195295087849,19.2877743999793,19.2332064345857,19.1997457042128,19.0736690298896,18.9424172328044,18.7778300792416,18.665335506725
20.0198708818099,19.8432283327592,19.8405210362361,19.8593933956754,19.7972464891084,19.9334348607092,19.9008990330458,19.8973093676798,19.6476172165309,19.6556617830718,19.8669153599648,19.9190664448517,19.9170935590478,19.8446242061209,19.5918998221639,19.3583705933273,19.1830388974662
15.8680914112138,15.9202263219648,15.7232452078309,15.4418656872454,15.2025755463507,14.6696703605143,14.1884802200213,13.543431535131,13.0403581601029,12.3867078982526,11.6912345722008,10.9796641089655,10.3482337772444,9.86084944328879,9.49727817971803,9.31439179111338,9.15917608200293
14.125405686026,14.4328376656952,14.7056693442722,14.9127269162431,15.1424124285024,15.2979756260922,15.4578309990026,15.5724666511952,15.7570862504743,15.8525390324261,15.8331872940221,15.8838250111816,15.9683211526967,16.0272640038798,16.1161037094193,16.1809541925939,16.2126967470394
16.7572733005628,16.7188203813313,16.6711584101341,16.6273160711172,16.6351631391364,16.5787902296508,16.5409476194086,16.5323152265036,16.5662670305961,16.5615617223487,16.4919895217893,16.4862561536148,16.4791811010962,16.4577868019344,16.4563997579558,16.4281848830882,16.4154585950159
11.8867736412446,12.2355916214261,12.5047257443606,12.7239107816885,12.7769344453687,12.5905753299314,12.5569223884526,12.4518704242861,12.6931120218871,12.3355549724952,11.7296946820428,11.4206600019086,11.1437633007899,10.8532235035662,10.2120265024452,9.47914756627219,8.70924061592066
15.2375738999834,15.6106775061196,16.0904441049167,16.4061064835482,16.7407477554951,16.9116811370972,17.0683752800569,17.1264431446785,17.2725302903274,17.0778987418279,16.7383455318759,16.4937112014478,16.2365999999818,15.9490878307501,15.6061482692165,15.2507048153175,14.8513119918429
15.5925522662203,15.528912580844,15.3286974613565,15.1577409602795,14.8440877943261,14.5577929033248,14.4119128656267,14.3787054550292,14.4918384777922,14.521986617734,14.4149717548557,14.4515945724447,14.5298876132778,14.5773732036925,14.6239079835649,14.6045730173552,14.5493231956413
16.4716019113833,16.3617828874553,16.1939063912407,16.0818407907773,16.1816193041772,16.2162997691063,16.2926088562649,16.4143585838364,16.7183258695342,16.9637822476259,16.9154182287246,17.0184350785523,17.1289912990192,17.2322495676139,17.102775293665,17.0682196009735,17.0331323201447
9.63685549165906,9.58299630076954,9.71295636850661,9.88233309998752,10.0863291841853,10.369858771237,10.5894549342034,10.7728700006913,11.0143023612787,11.450560905556,11.6561900747379,11.8580087148664,12.0605027229245,12.1997927644101,12.3354038298276,12.4147705253549,12.4363678946251
16.1673887583558,16.032373620744,15.85659744068,15.7431160681274,15.6234021251113,15.4902338935006,15.4242423928955,15.4140124852907,15.5193525917595,15.6804667639104,15.7017879226027,15.8239187312511,15.9331829986441,16.0210785310394,16.0443323748506,16.0496400065754,16.0427511134078
5.93314009792287,6.10766520206182,6.34316218739148,6.53234369552641,6.68526464030769,6.80456659468405,6.86460119250318,6.87508594702398,6.89587001267945,6.75516479373405,6.73431117333212,6.70042964898965,6.63444670902803,6.53920245680156,6.46830352535124,6.36279980979084,6.336620344521
16.3830236193056,16.3485686104857,16.3372480241204,16.292871026855,16.2219532300176,16.1593368100079,16.0751694198843,16.0023417095987,15.9131699211701,15.708318774121,15.468382412499,15.253384561137,15.0331461402364,14.7834175895961,14.4928127273676,14.2011053597773,13.8809623691148
8.61158585000965,8.7940434071044,9.06770076601171,9.36202483228743,9.59757601304746,9.82645679562913,10.0441825677088,10.2099587588846,10.4791209995784,10.6037334732559,10.5885498402999,10.679780912971,10.7884886951753,10.8737927443314,10.9918595245129,11.0895866869333,11.1689937605306
11.0434468960987,10.7527825729506,10.3433495578709,9.94151110230396,9.4507966720769,9.06226151450947,8.56356054111192,8.17708355741919,7.40952716644136,7.22758539760145,7.51843241423583,7.52922723128379,7.49864732968413,7.51062635393901,7.89170418801523,8.15123853008394,8.50335025672932
17.0729547042023,16.8537698051379,16.6693779349339,16.5694525378115,16.6421837494471,16.5806998959842,16.5923512906728,16.6528548800946,16.8709078409694,17.0127903421758,16.9499941601239,17.0624019592821,17.1946165576888,17.311022815793,17.349479021071,17.4526727915163,17.5480017600516
22.3023261673085,21.8699627952683,21.5333226010787,21.2528731223541,20.9434824040875,20.8375926654365,20.6237885258082,20.5240045025105,20.1742497599022,20.3061297477738,20.6092155387665,20.7524619905928,20.87109253879,20.9332999392429,21.0240918837472,21.0782062176023,21.1276498374956
18.7744274764746,18.4705003315788,18.2377272568762,18.0298076722946,17.6614256109827,17.4908671506429,17.1782911930229,16.9369241243489,16.4181632779226,16.2397492664964,16.4776446031262,16.5021207614647,16.5292824795506,16.5227556898499,16.6896550613284,16.8419546084303,17.0213576030715
18.3218364348455,18.0655839823796,17.6626560724916,17.2819565157171,16.9936906034168,16.5060532120532,16.0921229596696,15.6860025056964,15.5270338626889,15.1480280723512,14.4816805963231,14.1073064442099,13.7416304155166,13.5573320585584,13.2777348072849,13.4373117392069,13.7579658395179
15.6795131564605,15.6176950144757,15.4848974279279,15.3828542829475,15.3143336509837,15.1556878315453,15.1291015441453,15.1416122104706,15.3794707735632,15.3890377241603,15.1172590709544,15.0983905432374,15.1087152831782,15.133450065533,15.076182027999,15.0361713389261,14.9767874102672
10.1579150364924,10.1580207203061,10.1067150554184,10.0979655118475,10.0096382606575,9.91154572589529,9.80205388428793,9.71892542850845,9.68112649511139,9.57556761330163,9.4658190707556,9.47393048838887,9.4416210034518,9.40931173459844,9.33159350936572,9.30684614787029,9.34251117654629
8.2575327918594,8.23225554723726,8.35603855189946,8.4631503354435,8.58173325026481,8.8606052434856,9.02163117148032,9.22844018673139,9.40710985257514,9.67609256987551,9.8205776321476,9.96075957086497,10.1009849230109,10.204179905042,10.3897270202602,10.476156079343,10.4839763672311
22.1925102007774,21.5473547715225,21.1666431011928,20.8454709250594,20.3178065628013,19.9769082063693,19.3750072552607,18.7864236608228,17.8256720395368,16.9841527092369,16.7372654836602,16.2334841159341,15.798722016039,15.2285411782832,14.8613942105268,13.8796982808134,13.0996528077618
16.3130243372847,16.2230962726946,16.1094336589488,16.0088503125385,15.926565318586,15.7601058726538,15.635131968988,15.5085631592138,15.4031855940301,15.2043970163992,14.9878874009785,14.8157133262312,14.6442810076297,14.5289383592179,14.5553264301582,14.6132546495894,14.6672982982055
9.38219186702137,9.2856308254494,9.31308198118805,9.33154488133348,9.34784087072493,9.45057918332258,9.42366606137267,9.39592958386422,9.23550950510204,9.07644348090998,9.07231929995625,8.99077578485048,8.82709604270365,8.6611525168154,8.53521386416596,8.38963875847404,8.34153121547502
20.0930105400516,19.9017121060065,19.7104403272355,19.5340061688546,19.2766354722014,19.0806458355871,18.8455556108372,18.6532888383902,18.4079046619901,18.2611533750964,18.2263907444497,18.1463005607029,18.1071172668848,18.0196218343072,17.9134364186884,17.7584723465765,17.6308315878764
22.2072392677013,21.7590672251481,21.3752212046871,21.0170744193587,20.6297616311708,20.2748532961002,19.7419966054594,19.1522176679051,18.2750501163616,17.355899101934,16.7513496909783,15.6850152510502,14.209465713342,12.598707320408,11.3634394527939,11.2556133772119,11.9975195155087
19.9263083157604,19.4841756128125,19.1692308799963,18.8974958773444,18.5706547168249,18.4382448630281,18.1659074515961,17.9990155811685,17.6381876428622,17.5265106237399,17.5743921219393,17.5376078244285,17.4668825726112,17.418170751948,17.3504736767254,17.3293469512307,17.345293640946
1.32179064933802,1.32329906181897,1.33386098637712,1.32153744231629,1.32079297116921,1.30183908516959,1.26723697165187,1.25752897886591,1.24424411404225,1.13853376355997,1.04921721447694,0.990840249610744,0.926691863134944,0.833624657491436,0.711414615094023,0.570449879648744,0.458454135896736
14.9246706810834,14.9636556894187,14.9270478532497,14.8726237571228,14.7928646625283,14.6040782387911,14.4623331886907,14.2893587537546,14.2180484636254,13.8482814404,13.4039503542735,13.0563899479912,12.6649231030707,12.2953257125779,11.8286879646547,11.3875188231032,10.9810500537556
18.6186057906876,18.7552527469084,18.7686768203782,18.7778760959425,18.7337012026217,18.6741857939717,18.629662100408,18.5772849897046,18.6137723889956,18.4212538513285,18.0099793437033,17.7605889202895,17.5534362940623,17.3698323072516,16.8134020296602,16.3778685994704,15.994333583865
17.4630477175175,17.2684768040223,16.80215828232,16.3914078522867,15.7585935208188,14.9264892225012,14.2089817504985,13.5344299413553,13.1773580822252,13.3548410447931,13.2412761224929,13.4607417295294,13.791755710054,14.1571144254877,14.3165609367076,14.5468118436962,14.790974216472
8.50767343362289,8.65718094614423,8.98613299419376,9.30706290345922,9.77731566686762,10.1192817617335,10.3551854379542,10.5703740594589,10.9641629118599,11.132654190788,10.9844578212828,11.0237840877551,11.0737847941546,11.1199070868609,11.1004672889288,11.074195737527,11.0258528190653
19.9177520149349,19.60501219615,19.4007182773501,19.252675242273,19.1034008376486,19.0834052485479,19.015950036971,19.0167833401901,18.9451494980726,19.0080532687173,19.0430456263446,19.0812161098482,19.0950702452146,19.0556411006988,18.9299655980632,18.8320678981548,18.737552041647
16.6491749854521,16.6487386436528,16.2075190017521,15.7302831593125,15.2391023752486,14.3674622787947,13.8435900488906,13.4170017187953,13.438004564903,13.1091560680409,12.2796793449768,11.8114401901417,11.4275817815558,11.2107790165739,10.8130285487904,10.3407175761334,9.70368828079041
15.8486773617296,16.2820463608015,16.5396695706436,16.7135218289615,16.9582124847666,16.9459366382309,17.0243649855877,17.0689018321963,17.2568425013162,16.9768607275623,16.4837866099741,16.1563634894473,15.8045184132304,15.4453834654283,15.0055008966085,14.6034087600365,14.266693821755
19.0929930032914,19.0181272604684,18.9086822232848,18.7992955266891,18.7023430458546,18.6806543257932,18.6051052429722,18.5621056692197,18.4363352676914,18.4617102087179,18.544182842777,18.5596962169007,18.5747231206352,18.5591149987131,18.5470990275019,18.5462999800958,18.5250631643325
17.6814297804541,17.7835863897697,17.9113560028503,18.1145459079547,18.2610558259213,18.5263909791919,18.7733858484708,19.0591068080192,19.1962933299535,19.4765416774232,19.8118768248732,20.0694046435123,20.2750295825714,20.3899247926722,20.3313696695777,20.2685339289399,20.2506890098524
14.0609144289512,14.1747080643177,14.2689906644778,14.3608913665087,14.5016609981746,14.5412612586546,14.646970145635,14.708873044062,15.0034579529642,15.1307829106094,14.9896733985323,15.0286086461529,15.0863758330892,15.0991765539565,15.0146955904909,14.9448586314714,14.8536049278677
15.5677549300388,15.4838218937246,15.2505351088993,15.0305566643969,14.6947472933568,14.27564625017,13.9041465178005,13.5340965518056,13.1081440509431,12.6883623493758,12.4967780875951,12.2548824485567,12.0513736164051,11.8601827981433,11.8416293312144,11.8155889661705,11.8269386648316
13.8257824267218,13.8368098247889,13.9000546787152,14.039842745395,14.3373884037275,14.5520822411455,14.8617863572675,15.1631600035828,15.7336121030372,16.0499369182264,15.9265624824682,16.0543680806275,16.2030458588393,16.3516129583557,16.4752951083152,16.6048526008737,16.6839857521946
14.2702977127602,14.3561407259732,14.1140777976042,13.9659430504849,14.0291361689056,13.6795017881016,13.7470364223052,13.8847166385652,14.5876096083359,14.7660293011018,14.3392638625786,14.4179403366677,14.5895362669016,14.7669230127189,14.8017506714868,14.8792975586685,14.9254407961419
5.38756841329963,5.94653123175039,6.58429991010214,7.18725585965927,7.47994180411755,7.95230663917688,8.2968990332023,8.61821724042705,8.7171073803701,9.03324323943296,9.50481487225899,9.82761772482069,10.0159390517767,10.1031616387676,10.3747888823522,10.5504331750016,10.6950138587389
21.1285707876531,20.8992535548178,20.7839740930668,20.6857052772258,20.5371372559298,20.5425463557994,20.4205360082756,20.3370967503848,20.1388020634231,20.037724867656,19.9986245733638,19.9199215224311,19.8112044002046,19.6838041569964,19.3642279131655,19.0896973577377,18.8727573644719
12.697438867053,12.7158821893054,12.5369027395142,12.3843238810702,12.1514999687975,11.7835480815506,11.546350623324,11.3141166100223,11.2305941315352,10.9357553478342,10.6205516842042,10.4686568588132,10.3438328587763,10.2483108183024,10.1214762766337,10.0858175446088,10.1289106757857
9.34977099081648,9.27704789001849,9.27321617258015,9.25845547570723,9.24909089625164,9.35159568768523,9.44006627831296,9.53229748462377,9.62137409953951,9.82146433087501,9.8940269024802,9.98587743611981,10.0791990190236,10.1624414507031,10.283982954963,10.3623575728071,10.3818521138149
18.2749194998307,18.4211426911494,18.5015714491801,18.5837196350089,18.6324925204514,18.6292610314264,18.6073896375145,18.5833074944849,18.6222839070113,18.4978927209546,18.3066317637318,18.1896170107936,18.1033503927139,17.9952040532945,17.845218769722,17.7345099656209,17.6790907941648
19.0989206817193,18.9598532463848,18.8584305515768,18.7496474181955,18.6672579716008,18.6296883164369,18.5381816859214,18.4643291384314,18.3002012209922,18.2219670939479,18.1778504144003,18.0931605120268,18.0178250192064,17.932353090168,17.8554339362732,17.7845526292763,17.6971482144571
18.0176472372118,18.1668254866322,18.2316656606543,18.283756923752,18.2393987813659,18.1577460046358,18.1103206314688,18.0560675263476,18.0925156310836,18.0751640211162,17.9798660969269,17.9576701615187,17.9914045059723,17.9558649527155,17.8213794730224,17.6744967983674,17.5523413907896
21.6545122351748,21.3139587744886,21.0378154128427,20.7886515939348,20.4605816736353,20.3758370952242,20.1561576947475,20.0158937956369,19.4330323930539,19.2781887592363,19.6731460843224,19.7837112820958,19.8703226685777,19.9654990756471,20.3805731522625,20.7002915995903,21.0141431242441
6.70261278310616,7.13807364792293,7.62269196051339,8.00413615274405,8.35138854321378,8.72728881532166,9.00817741168805,9.21793049574581,9.37844005590947,9.46269899449946,9.54258938859742,9.63063502907358,9.66348939499979,9.65190516867838,9.66269172378516,9.69816724487811,9.71730290795445
19.7009655239445,19.3176500624014,19.112664777723,18.9419229396233,18.7005616293311,18.6709461865836,18.4670204228627,18.3259035548854,17.9379158537136,17.8111424612178,17.9885106664913,18.0148201237072,18.0170271656502,17.9597780582684,17.827132728708,17.7227055660261,17.6875841473116
19.9355052643765,19.7874557002501,19.7004462267916,19.6159914338329,19.485156822112,19.5053750521185,19.4054008233611,19.3480766172287,19.1417534580361,19.0685395869409,19.0569878175022,18.9604908758664,18.8490257932528,18.715950035895,18.4866652387724,18.2818169602748,18.1016188935872
13.4478058694189,13.8977033566366,14.2617887389234,14.5357061407812,14.8078301401187,14.9692617411803,15.1889290090285,15.3520782569413,15.6408386957831,15.6614251029821,15.4874789782944,15.4610415622454,15.4803159080869,15.4669590519764,15.4361358838838,15.4006215369308,15.3232931048707
16.4037539704323,16.3784127780333,16.1950951675666,16.0010446930619,15.6925608053312,15.292091984025,14.9428934919135,14.5746117133159,14.1776393757717,13.6698669572911,13.364701747253,13.0524924783074,12.7896559121411,12.5878556933885,12.6470258721149,12.7140498280404,12.8091359311259
7.79878561862591,9.10624395701693,10.3596097348312,11.4459109213898,12.386138295263,13.3257905813875,14.1134482170944,14.7398773663411,15.5521459043813,16.0233408042807,16.0193550093305,16.2150967956933,16.4216636945479,16.5606272099459,16.5681281811483,16.5562436591833,16.5040815697309
17.564353629612,17.3233596072331,16.8838637203478,16.5220197106775,16.1307095105099,15.8722330921472,15.8447987711929,16.0816087246116,16.2059422223922,16.6682997184221,17.0581520726602,17.3927346679585,17.6967025618806,17.924705111095,18.2671109885841,18.4533331080314,18.5895523590782
10.711079548529,10.9220005253192,11.3358213722594,11.7002232691176,11.9853641290621,12.2581746856849,12.4944780359154,12.6738508062553,12.8856859364365,12.9918572721528,13.0355860692661,13.1230492414822,13.2249195121668,13.2610105693111,13.3952023692357,13.4694552045744,13.5037127547401
11.5407199717689,11.7564774481223,11.9923361088742,12.1530468638097,12.3027436874184,12.435266494557,12.497802486475,12.4755612820459,12.4818870781079,12.1895330559108,11.8540754431995,11.6052037839036,11.3361352365744,11.1563758960019,10.9739000413932,10.9639845027652,11.0028137715016
12.8241143454512,12.7810777178897,12.6917459134096,12.6688329456824,12.6764100120845,12.7170898297444,12.8693534593216,13.0853453869563,13.4880410094287,13.9677724215797,14.0740982162839,14.3357664012944,14.625471623353,14.9118218448636,15.2023872157572,15.4030839896243,15.5248959671067
17.1637436808966,17.0143606680094,16.8651011444858,16.711462640592,16.557409675648,16.4272470949587,16.289664305062,16.1764163554833,16.0487090087223,15.8448090581472,15.5758176745291,15.362214333146,15.1297442828497,14.9155946402534,14.6934229504648,14.5066860446771,14.3073342643612
17.8454706379244,17.6491550057783,17.5180702570391,17.401151772747,17.2452905278925,17.2067657358043,17.1016344398474,17.0307906879726,16.8632081498998,16.8214447778387,16.8184250374159,16.7801653191056,16.7331801967089,16.6732005921956,16.575793436128,16.4967198593458,16.3955760962675
16.3808789131616,16.5552907314838,16.8277833194142,17.0274382614545,17.1781944298461,17.3756309396715,17.5345208360417,17.6511060923804,17.7171085838278,17.753289608647,17.7844094480488,17.8086019343091,17.8360594626848,17.8236543959681,17.8072660442945,17.8131932922402,17.7953224435926
6.90887107974541,6.87555059658069,6.82888644342088,6.77640510816833,6.7118420628569,6.6489375134844,6.56740044623568,6.50339525226706,6.45386335088514,6.34912711584872,6.30480676722649,6.28336981153935,6.22965273030795,6.19036052965332,6.19159356436077,6.14913395091216,6.18075839973815
14.3092285283149,14.3411479898856,14.3113443163116,14.3132191615225,14.1060008122094,13.8372824115075,13.6084098986554,13.3622470799566,13.1410546176538,12.8122700427835,12.6658116064537,12.598498897529,12.6110052598458,12.6274660923496,12.7609283196644,12.8804600152714,13.0558955610581
11.6438443601228,12.1277972339483,12.6173560728287,12.9776061455294,13.3939904471296,13.5674762021249,13.7926952174193,13.9179824739029,14.2684324965913,14.1617936081806,13.7575592543347,13.590429394944,13.4322659197388,13.3040133584194,13.063963225724,12.8453908532264,12.5980281131553
15.9340208362444,15.9864106178823,16.0443059135008,16.1117893657666,16.1012393953325,16.0485490377709,16.0184302381617,15.9791948369545,15.9912429880923,15.824465104591,15.6232016205575,15.4925662560572,15.3676831575265,15.1888920193112,14.9125668056633,14.6405201083923,14.3950146700791
17.1939791015112,16.8694999119864,16.6084970386498,16.3598402633254,16.1437816421458,16.0136463229623,15.791189394087,15.5726694396268,15.3903640524828,15.0756054298859,14.4882260811017,14.0224873343108,13.5030806782612,13.1692966739996,12.4877673227199,12.2797663509609,12.186332859523
8.18757461186313,7.91635836214229,8.18014002537209,8.46539537128415,8.69037954549877,9.18655374563913,9.38149237960702,9.55963624526409,9.23639243801614,9.55167526646445,10.2270078543371,10.5110660380963,10.7513746071629,10.9157371318464,11.3962451720204,11.7099143403393,11.94228255412
19.2131364144671,19.1770591557265,19.1252900687903,19.0765424656218,18.956336798017,18.9636293840958,18.914168686492,18.9013913477484,18.8206971430757,18.8071639700475,18.8216849713691,18.8261097026445,18.8637233022305,18.9042252741865,18.926951422745,18.9505302972706,18.9755931592666
8.36673222002269,8.44483394777661,8.53082968001954,8.61664117667158,8.68578138663731,8.86063036196348,8.94615265112166,9.01629470436507,9.03065225869207,9.16761194133423,9.30273214162406,9.41500627837296,9.43500706224541,9.51281694924625,9.67818629043803,9.79830535529262,9.87256940864322
6.37053306926489,6.34828393163241,6.2939619751519,6.26950025721079,6.24209621633953,6.20335482604837,6.17162416006899,6.17396732060922,6.21879876245125,6.25042885872786,6.29456602883414,6.38288622424778,6.45362887514539,6.50817330803468,6.57284520307199,6.55996820388944,6.60191682470069
16.2830414958435,16.2736380245984,16.1698906893067,16.1001679230593,16.0322607261792,15.9281371833457,15.9087484899038,15.9166707986749,16.0856303443045,16.1635851486089,16.0574258672041,16.0964930575091,16.1648226878835,16.2144893093232,16.1608507148594,16.1363923431151,16.1115453388013
18.6104762717319,19.0957930050367,19.6840728287357,20.029391487847,20.3345092375928,20.8344759133928,20.9946547423162,21.1721368820589,20.8703996062159,21.0022735690848,21.4901352887613,21.6704905039604,21.7483688775517,21.7639830576815,21.6102923242251,21.4728387477535,21.434866100083
18.8233158744821,18.8980098859893,19.0352710257992,19.1268047064389,19.1347214370115,19.2674196420473,19.2731833071952,19.2936328614979,19.171407781092,19.145247490972,19.2272572830655,19.2318457935336,19.2180021864306,19.1431466685866,18.9998412178278,18.8807645291074,18.7868029086262
21.4175620487531,21.2782023796984,21.2182708909691,21.1268433565684,20.9544267018854,20.8362125298958,20.6613617402485,20.5172251514776,20.3239532141362,20.03755835492,19.7097282483155,19.4177867053004,19.0834855166935,18.7214768428264,18.0895087049569,17.4788202980466,16.9309407274218
12.5319746673906,12.6678444841051,12.7232501714887,12.7284352608513,12.7044389534663,12.4719176970621,12.3358008218406,12.1296034722852,12.0609982824472,11.5939862562787,11.0938338341207,10.7078736170812,10.324029535896,9.94047437557195,9.49935043387272,9.08546093149547,8.73385101318927
10.2371507927178,10.6681785999223,11.1560829123023,11.5688630184948,11.9054433239543,12.15174635155,12.4257323725429,12.6220463877445,13.0114227663277,13.1578907014158,13.0522713878937,13.1153038593978,13.2275176365552,13.2956753152711,13.356169376746,13.3745914608331,13.336393259998
3.02330020958031,2.9763513708104,2.92446069222518,2.89739403797423,2.8519070617233,2.80959815006514,2.73858973115693,2.67734488774347,2.53482627110491,2.40581016219462,2.37459757688729,2.31329813608296,2.21895425505148,2.13801960190471,2.14177301790501,2.12709654843565,2.17691854392177
15.7361750647482,16.6436445997284,16.9801211236026,17.1922651334844,17.2455274073501,17.0744355373889,17.1542040260392,17.1656944194049,17.7006520862474,17.8091444570628,17.4290220756295,17.3990241934075,17.4928018898288,17.5448386188665,17.1730400479308,16.7800240983766,16.2950592520315
4.30507028376755,4.30670404842721,4.29933385551546,4.31083672354928,4.30239172918993,4.32908951529477,4.36451108515238,4.40513291202865,4.43655802136224,4.48836976001733,4.54494318273381,4.61413117040728,4.64931905163062,4.68741983023127,4.74717562855209,4.75010352831556,4.81361089765543
10.9009054109529,10.8990766968601,10.9208134799997,10.9448692365672,10.9506609914336,10.9394846988331,10.923799874033,10.8982004549964,10.8508260441101,10.8325266875166,10.8188870807095,10.809294116098,10.799183778502,10.7749174533481,10.7913513637361,10.7619852205147,10.75012312521
17.1244684200363,16.9231702231323,16.6043803228712,16.3146097369352,15.991509054879,15.6463411497559,15.3618560014221,15.1686718922401,14.9250807883879,14.8669442670348,14.8226542987455,14.8040012254223,14.7862259336669,14.8200509686223,14.9549861839871,15.0557909713925,15.1186126879404
12.7648374986201,13.1733597845469,13.4918392845823,13.7193507762606,13.9552021091672,14.0684963199383,14.2443775142252,14.3334200405968,14.5699626257415,14.5555548186756,14.3552363373064,14.2647883066031,14.2278410248622,14.1801112547974,14.1676512739144,14.1430767677271,14.0406389743332
17.4485731478554,17.2383572905595,17.0818698875788,16.9591340709409,16.8319415146184,16.8468718706551,16.8191129286143,16.8565965456605,16.7669144611324,16.9302946240665,17.1556181695505,17.2932112688489,17.4181490888719,17.4947199244146,17.5867289084393,17.6354936746169,17.6658601856717
15.9314887131977,15.7700318160419,15.8247956203762,15.8818074022701,15.928412231619,16.2515358292424,16.3893239444379,16.5535168795467,16.6141493238314,16.7836570658815,16.8809640982368,16.9942453340012,17.1011536674602,17.1934963494466,17.2094563177058,17.29254343714,17.3633518049561
16.9921022675914,16.9276341916525,16.95564329207,17.0035752630817,17.0782338434491,17.1807705217527,17.2206036272355,17.2633598674672,17.2331794621023,17.1811305701788,17.1587280826332,17.1180426437357,17.0430670075663,16.9239745248584,16.7319417642195,16.6054800714215,16.530705241726
14.9086566227152,15.0754920995934,15.1582387132025,15.1959521344322,15.2567226898618,15.2647768059082,15.3154756980755,15.3391836784743,15.5205184138837,15.5359339266147,15.3249992858004,15.2807789393269,15.2784409808271,15.2787508473743,15.2188772676316,15.186629322434,15.0984842952289
19.9414024460517,19.6850941795107,19.3690694249222,19.1241929626344,18.6812279347335,18.2039056939056,17.6862568439233,17.1841970852217,16.5733767436447,15.7811246126393,15.2930006953022,14.8427215984001,14.439861726707,14.1503311382221,14.0958999245896,14.144326401432,14.4233697195874
6.59298007252023,6.5201686150679,6.42804385915458,6.31479915353107,6.18666112517498,6.05513865618654,5.92397710255145,5.76817198957177,5.56984377434418,5.3584038864084,5.26503791412016,5.12821363098352,4.98678974389618,4.84430492072326,4.68112619389417,4.52471947023147,4.43998295107218
20.399197090135,19.9963756608865,19.7168446614587,19.4771653738608,19.1170536997794,18.9481195397564,18.6102398004787,18.3148513052848,17.7760400241039,17.5213218199435,17.5256419130507,17.3748969082697,17.2183209330668,17.0614980495143,16.9218304116145,16.821429296406,16.760647916476
19.3108968556419,19.1248060521435,18.894842627564,18.7650579990507,18.4408847885383,18.3181641366432,18.2413830603034,18.286932346467,18.3632490938684,18.5518875380695,18.6738118243983,18.878302904637,19.1088124154062,19.2948120947439,19.3358033186989,19.3860204268038,19.4553927012583
16.4655758409783,16.4299905161787,16.3862682160405,16.3327213590919,16.2250075964207,16.0807779355451,15.9247997042692,15.7640216207527,15.5057426597425,15.2810268857656,15.2498958090081,15.1419260123651,15.046434831818,14.9214651206309,14.959719222654,14.9489425854091,14.9251017469295
11.9995518502548,12.1418888899513,12.2419224082481,12.2982807410648,12.458372553241,12.50648107999,12.6358258950522,12.7176951505304,12.9960726589739,13.1106728596994,12.9287170722269,12.9142106075934,12.9332715787368,12.9765760660431,13.0077855026931,13.0058590494769,12.9242330365985
18.5184674626597,18.4460099905864,18.3051127800495,18.1688364790559,18.0156923150736,17.8898891582809,17.7645403808642,17.6913030335809,17.6348926361002,17.5932995210965,17.5031812458883,17.4525856282452,17.4112211214687,17.3694820380817,17.3004616410762,17.2229664364257,17.1637949228116
17.6679627303016,18.0516360844032,18.4327596598344,18.7365873112289,19.0349715608941,19.2631862074389,19.4652544995584,19.6184516814772,19.8557684868502,19.9815195080007,19.9723842477693,20.0326847306237,20.103474990259,20.1734219464433,20.1898783984374,20.2036750881783,20.1866167891689
17.1318858277681,17.1540379002863,17.0704667332097,17.0067709357888,16.9420248307877,16.9984539938192,17.1248039258632,17.2689717379354,17.4798215365725,17.7053416387251,17.7614891104589,17.8566913401187,17.9799327206665,18.0752807225563,18.0797124069487,18.0778474550635,18.0382486835733
12.1632935254863,12.2024236784931,12.2236053069216,12.2381200348892,12.3079852716104,12.3110838357143,12.3319577521667,12.2911791801753,12.3523020548172,12.3145590934055,12.173651972089,12.1006290906888,12.0238548746731,11.9503874880186,11.9256373311489,11.9016132668436,11.8458384689867
21.9192703580366,21.5644241750536,21.3117161575739,21.1175717641644,20.8721231149854,20.8366938456066,20.6513256160159,20.5207918188691,20.1503478127632,20.0588649068849,20.1704425558421,20.1491346353658,20.1101180109159,20.0258019844974,19.9660841686966,19.947472998784,19.9755634708689
20.0166686219988,19.656495275037,19.3707567115145,19.2533002158633,18.9425937505968,19.1108915251308,19.1975487396007,19.4818076559043,19.451007048701,19.953110047081,20.5587928217203,20.9690332693544,21.3255627177556,21.5872574410601,21.8389078506487,22.0317701567498,22.2394264926197
17.4014987817822,17.3333544535637,17.1404592771538,16.9486435768297,16.680788677745,16.371829347295,16.0894548081304,15.8414347821241,15.6144697390753,15.3886856532447,15.2074460820795,15.0617689275323,14.9424092116527,14.8464477677094,14.8220035730657,14.7894210694765,14.8048888983458
22.1195270773165,21.9152882727389,21.8868642197337,21.8590540316078,21.735166114459,21.8585894474596,21.7982077914482,21.7772461125703,21.4846858094638,21.5440735518561,21.8912362579089,21.9655812829064,22.0144541122567,22.0175843816845,22.0331048400905,22.011366933123,22.0346661850178
13.0701875691963,12.8956177356049,12.5838631022187,12.2677599494694,11.8604605636504,11.4472166459815,11.0507033521443,10.7004211986309,10.2090759738348,10.1108572016726,10.1906990884338,10.1869334073137,10.1460744888173,10.166158487726,10.1973802117649,10.2807064114198,10.3422907903429
15.5237576552412,15.5679259002441,15.6053490637681,15.6313919003728,15.6141392387628,15.5796083895542,15.5835229395523,15.5791585487198,15.6345582073665,15.4566706758904,15.152065924138,14.9651050273029,14.7794745477932,14.5896949570841,14.3226062524383,14.1008639207533,13.8742862086709
7.60383557990723,7.85992610947065,8.27201701150849,8.55955700053058,8.93200296420549,9.16222459099339,9.28656278264914,9.32087922695151,9.3280281239016,9.22112632738211,9.11306029166607,9.02292658102328,8.87476284316839,8.72299845415106,8.61436970563506,8.48231671640644,8.44601736426035
10.0491569111772,9.69931256834432,9.35275774165367,8.96650368441329,8.73483258984021,8.55460983215215,8.35233382725139,8.25807520518524,8.18185852707842,8.18994179638368,8.10454246115173,8.09648713124591,8.07178358090301,8.18642570151393,8.45362811494637,8.7137924366101,8.97051526159539
4.73297305680902,4.8047498628465,4.8034633857458,4.79260964977392,4.72756892804974,4.56119604099496,4.46744606982394,4.38036502025806,4.36817980855908,4.18345498789407,4.05687186316387,4.00189115106854,3.94936686466988,3.91992245166818,3.93636396971042,3.91144612087604,3.9637801469454
18.7209775039415,18.341732478741,17.8643791176542,17.388110293533,16.8199648889861,16.0757852207457,15.3070679320562,14.556366471031,13.401358064342,12.2406814126832,11.6039518714808,10.6574445741346,9.61987838613501,8.97909085253051,9.64712633791561,10.2268595192982,10.7510764880945
14.4594841269129,14.3278159158696,14.1113883339528,13.932542470202,13.6739308963186,13.4583907206784,13.2886861218235,13.1783504056962,13.0826888052186,13.1209076455329,13.1165492459587,13.1674598393007,13.2263975857494,13.2943718708333,13.3918083646413,13.4787074888193,13.5646039470507
13.1060597002575,13.0317127401502,12.8152479589721,12.6550852654493,12.4915111269254,12.3180716518381,12.2370443795068,12.2242762697838,12.2696422511285,12.3624116311503,12.3396320765988,12.4069074081511,12.4955288276193,12.589122099706,12.7356023024147,12.8711958278152,12.9682700948317
16.666996065349,16.7876121602574,16.826983254605,16.8150632420352,16.8585938913374,16.772124137865,16.7406214362474,16.6850472093012,16.8085562113727,16.6932786039486,16.351575152793,16.1623272790511,15.9941993485392,15.8181653353718,15.5354490126749,15.2773419072954,14.9770091964066
13.0468817996868,12.9754991368597,12.7422586398144,12.550237165757,12.2639108493316,11.8552705630784,11.5541015345373,11.290678275645,11.0865928351368,10.7258881596337,10.3729287082936,10.2070226968482,9.96610702383209,9.79000470187055,9.55682960069059,9.32256201427905,9.28174443041223
3.89588136529934,7.99656502287107,10.7220909309822,12.3155148404961,13.5520818354068,14.4383100304242,15.0290820481509,15.3893397010299,15.8576515728424,16.1028909990616,16.1046690231394,16.2587214813628,16.4212618530987,16.5284663632422,16.5332076409236,16.5484009728325,16.5466074741663
18.3560467723589,18.3200196391623,18.3057367847562,18.2449391378288,18.0673451400485,17.8902641776831,17.7091080836406,17.49574434746,17.2235016925817,16.7977643059164,16.4900597731396,16.1369359050605,15.7890770065429,15.4253249239613,15.1712984906212,14.9220536249167,14.7020660694923
17.0232089297111,17.1708045047593,17.2616475065568,17.3038563413059,17.3802879534715,17.2720234241821,17.2449685301124,17.1619382384721,17.2004330227095,16.9008013485442,16.4730094774651,16.167403577404,15.8527835468078,15.5296683260332,15.1611664275428,14.8226858455505,14.4851462516338
15.5597049782881,15.4512440082465,15.1908804188594,14.9638957950426,14.7462153197755,14.4646219057383,14.3116708865666,14.2319903629437,14.2309628144596,14.2990237908975,14.2787764038156,14.3380242022174,14.4384903207805,14.5319943011902,14.7475353319911,14.9020919069992,15.0074990808228
17.4907269119783,17.8194986507237,18.3085772293104,18.6314547501868,18.9740601704442,19.3835816861328,19.6424593880671,19.849684464008,19.8461683272997,19.9798037366288,20.2216203408098,20.3197971686065,20.3915325992593,20.4165988358055,20.3998605979024,20.4057718868205,20.3930580927574
16.2396955862144,16.3935230966702,16.3231043411999,16.1829581497935,16.1961820684226,15.9532938309673,15.8283947335244,15.6238193130264,15.7176498358403,15.2849342845469,14.4201295792306,13.7080641144509,12.9129901056905,12.1363024882693,10.8097281473348,9.55129755243318,8.08612551929385
14.1588056688578,13.9866287118183,13.6240728569877,13.2125930650249,12.7854360336541,12.4853251659318,12.1646440916965,11.8905119839695,11.3109462466837,11.1443960344481,11.206442706547,11.0373339391988,10.8848537765095,10.8589619204419,11.2612965673484,11.6277640756435,11.8630031333092
18.3566215776168,18.1572451553878,18.0774665819756,18.0101315058371,17.9308262508943,17.9700203873082,17.9034805840672,17.8678439643413,17.6694981467827,17.6176206263905,17.6942045717727,17.6712193152065,17.6172172524008,17.5225850111803,17.3941371465673,17.2813080629602,17.1909257744696
6.78373896358131,6.73603212435644,6.74096948380882,6.75069969267458,6.80942866609309,6.83102600318048,6.87549912144712,6.91613975590641,6.99418692665326,6.95563353909434,6.92215125567424,6.9115388674269,6.85302511682847,6.78658494966915,6.73664490290544,6.59775217963576,6.52221718890485
18.8747781231144,18.6990930639043,18.5787585540685,18.4354740246299,18.1723834495025,18.2427632830263,18.141670698539,18.0762031424968,17.7632510238498,17.5175650442228,17.4539600894941,17.2726950811788,17.0578324249942,16.9300530801483,16.9899470909777,17.1429825582896,17.2812240141628
15.2983733175604,15.5564848230643,15.7170240151773,15.8589839075199,16.0032243359736,16.161857891074,16.3323687649507,16.4874717479128,16.7018625662628,16.8456396068079,16.8554440595295,16.9411446615964,17.0499763338815,17.1323334027713,17.1671669773171,17.2120026329668,17.2420164295255
9.73635394463393,9.79073136760583,9.75133363600398,9.71312207634247,9.87869289784757,10.1127528117069,10.3066308564389,10.4529733846539,10.8548086280272,11.3021043024926,11.253626960881,11.3951041104807,11.5472008208356,11.6890409072509,11.7567546572875,11.8855438794256,11.9426188875418
21.4312590158295,21.2401019374986,21.1930709713163,21.1465530855845,21.0340611389684,21.230220403776,21.1593980097468,21.1574261090757,20.8137554414345,20.8290201189737,21.1054948366669,21.1608672472682,21.1466634759662,21.0932259811677,20.8770926347156,20.6705071932354,20.5112641630698
11.6811291902286,13.8336603794832,15.1050551914314,15.81432343047,16.8882528762373,17.2325229934836,17.6794332452903,17.938453465403,18.4712729826387,18.6638719602759,18.5265874211384,18.5555135768094,18.6201972795111,18.6451632865913,18.5746540599636,18.4522925183388,18.2631871352452
15.3909002400927,15.4392625204965,15.4080511497416,15.3980715107931,15.3957500580478,15.3196629705545,15.2890991508098,15.2477821454401,15.4076539859794,15.6316748070354,15.633220122899,15.8024780411409,16.0061393461631,16.1779099726477,16.2706152484126,16.3643650994087,16.4411558098314
17.8098864722012,18.0371533636288,18.2347929705264,18.3871501963863,18.4954380653892,18.5745474958038,18.648162115889,18.6664412835788,18.7656222357016,18.7021388584932,18.5556967991464,18.4837979379614,18.4249733613065,18.3544737870419,18.2471177863529,18.1869157829254,18.1254429254138
8.57165015166577,8.55145136154079,8.61427292148915,8.65344820433022,8.72061060894138,8.85178890308735,8.85983002598913,8.84524749049864,8.72792769707173,8.59963241162671,8.49642486996425,8.38741878491497,8.22294479731544,8.08662459679003,8.05228345438616,7.95828213517142,7.93866681269041
15.9515258805942,16.0129839960658,15.988024704704,15.9446392088149,15.7967302056072,15.5919842741981,15.3430518583725,15.0002856369476,14.7164115135101,14.0825156184387,13.5853092411103,13.0733705337103,12.4946569807066,11.9613229757131,11.3117631059442,10.9792745902761,10.8867593274035
20.4606065868761,20.1364070329941,19.9826034963684,19.8513025864122,19.5613951537036,19.4631551742143,19.2025592066048,18.987150029222,18.444962743115,17.9524485557659,17.8662219674874,17.5559309578276,17.1881843061698,16.7268972987934,16.4900750331079,16.0023539467893,15.5317487469668
12.2788325200969,11.7384349910796,11.1218051199811,10.6347689384237,10.1876727125539,10.0404109360244,9.80542863095597,9.82978726685357,9.58246687773732,10.0396852911803,10.5072396139577,10.80907908682,11.0587674313134,11.3041572530798,11.6786597062296,12.098495643456,12.4740405014801
18.5353792293131,18.6443045633524,18.7012974487423,18.7390078459061,18.716076859121,18.6974556949728,18.6459103721092,18.576026081637,18.486112351212,18.2537829012285,18.056598540811,17.8739901937046,17.724896194031,17.5602071097252,17.4721812429476,17.4011320220508,17.3693795518908
13.4301363063134,13.5530571894468,13.6043974013548,13.6316982881393,13.6598524043836,13.5578314851177,13.5679801252657,13.5700129130605,13.7422430421639,13.6349788531725,13.3459498735442,13.2440634147702,13.1632754653831,13.0835546122993,12.9731761632071,12.8569341319351,12.7286352723361
17.572233078648,17.6525027865706,17.7695478069228,17.8407916939852,17.8893591027705,18.0056697165745,18.041049107663,18.0743941676946,17.9874962947507,17.947395310277,17.9844809437862,17.9567939430402,17.9116132587906,17.81771752337,17.7096308224374,17.5972669313722,17.4824352079298
8.60119741593572,8.57247781039496,8.49950487360985,8.40869442697644,8.27112421386643,8.11999839887503,7.97876822942462,7.9020435346192,7.89458974133206,7.76606267408589,7.66568803052587,7.65527613563065,7.60735548520039,7.56980771202951,7.56692510089205,7.48832561172745,7.50347523368005
14.162030356857,14.2159132479004,14.0825490663771,13.9289677732527,13.7369347606661,13.3172081614142,12.9707193826338,12.5442442353525,12.131830313578,11.4622841677989,11.0177764994163,10.5257518871049,10.0520666767015,9.60162483861729,9.35577343583519,9.19880641454921,9.18668960852412
20.0965277908501,19.7171111512684,19.5204323262403,19.3579284696897,19.1235321077384,19.1685111528869,19.0076020490025,18.9005611963912,18.4763371068517,18.3652821516736,18.5361408135858,18.5039456016293,18.4162683590811,18.2966509567324,18.1277151475557,18.0055005127789,17.9564361499682
19.5954169229021,19.2441115904764,18.9686650543102,18.7526690595994,18.4728745298025,18.3643541106338,18.1712894200557,18.0496905205709,17.7492951311717,17.6829834326453,17.8079944303243,17.8380011068494,17.867297076634,17.8494004950877,17.8632343568373,17.8738985518831,17.9204297596162
18.7682466434831,18.9343520821497,19.1044820437629,19.2176988437359,19.2616098873297,19.3427831932622,19.3595253129602,19.3570916856556,19.3391231247208,19.2560443331643,19.1659337950902,19.0893177944423,19.0012928673851,18.8743888623812,18.5942396437057,18.3244218870909,18.0849574741794
13.8574053451421,14.2359606027796,14.5534031072503,14.7994647619929,15.0261070819088,15.0492545445135,15.1829086004852,15.2350335994554,15.5759386775522,15.4791010549971,15.0468502631874,14.893143834065,14.7793919660946,14.6460507087499,14.3566162174444,14.1043640346103,13.8511967818297
15.61106656723,17.9038857167474,18.7164037289095,19.2223358487314,19.7241990463116,19.9087742850689,20.3287862488505,20.6159247263796,21.0938510778012,21.3074400312636,21.3125886639993,21.4525045760468,21.6045214965199,21.6875729826078,21.5976337429016,21.4888403262564,21.3731459378068
18.0099569195984,18.0923501579986,17.9049720202968,17.7980232398001,17.7637430390587,17.5248605482541,17.5609827620139,17.644305034761,18.1118176332659,18.2834764035113,18.0629258515241,18.1400410588784,18.2727606399778,18.3760135137229,18.1852341114243,18.0580919852863,17.9407708002425
1.15809780045301,1.168709034303,1.15818752413851,1.16753187749152,1.20866778122579,1.21091740203579,1.22462936295598,1.25841697396907,1.30912257693222,1.29245584565978,1.31238792384236,1.33052338038541,1.38132922567419,1.40981695775603,1.45251134288508,1.48245557791998,1.54340000847757
15.3547358120281,15.2581249853376,15.0134137457978,14.7724523896889,14.5578629553071,14.2782998330553,14.1088512109802,14.0197415644062,14.0453354515826,14.1892616575209,14.2237149510594,14.3165827324919,14.446929167415,14.548028737618,14.7546441477299,14.8962590212446,14.9790769898294
17.8415563056284,17.8704109233368,17.9368022340921,17.9764621389817,18.0658678536811,18.1506488851781,18.1867442266318,18.2454537778021,18.2560160794155,18.2900788544242,18.3069694494709,18.3292696266965,18.3421746977057,18.3368739107039,18.3030280395392,18.2464137027898,18.2049133235618
16.4124198623329,16.1952723690459,15.8992263784456,15.5967628975836,15.3877798333486,15.1024727050747,14.8179352654034,14.5501765391817,14.052679001031,13.733484393938,13.6730703530142,13.4042175898952,13.0777802527098,12.812582033836,12.8624857787807,12.9766892927616,13.0850474453712
15.1134014592893,15.03883147262,14.9236925769044,14.8281429974726,14.7352883987069,14.5895300408988,14.4802313438005,14.3688250024746,14.2794469748972,14.0788321120394,13.8555881666965,13.6770152432042,13.4902079760372,13.2999417472718,13.1480263423942,13.0354884610599,12.9293164171466
13.6382791532427,13.5244567295643,13.4123892047284,13.3869816139831,13.2809823635421,13.0814491364933,13.0290491304638,13.0321352236336,13.2188831739947,13.0689290257058,12.7190659083521,12.6310113987309,12.5392216075329,12.4223534729805,12.1261502530732,11.8394834602834,11.6086279944784
15.7931256684856,15.7624725148671,15.7282700564769,15.6908381756583,15.6180166108538,15.6018622770287,15.5570951710312,15.5234177146101,15.4284860876872,15.4325968809136,15.4761567415194,15.4929039791351,15.5407914817928,15.5729919870031,15.7131513922042,15.8173780564539,15.8730917273185
17.4402647631341,17.0663845830853,16.5051241573114,15.9690430447,15.2754700903142,14.3147519271583,13.3506489937953,12.4177601955118,11.2999245894539,10.8588993441562,10.65826326934,10.6349117861116,10.714719498247,11.0004651659527,11.35578040165,11.7759543607411,12.2463234112572
13.1997862481357,13.002490080729,12.6754296650545,12.3631018150943,11.9593557355343,11.4790013554856,11.0635174727036,10.7076452800219,10.1575410626157,9.91069906137,10.0094472617867,9.97365978411126,9.92297424468269,9.88921476196348,10.0385096951588,10.1903230409866,10.3862905460275
10.3247603865428,10.3334805612732,10.3929267315416,10.4313663140577,10.5304826104635,10.6084834478592,10.685625340019,10.7490602157428,10.9295540009697,10.9950854129018,10.8802570773491,10.8769643531166,10.8832134158509,10.8905505235685,10.9269896239206,10.9362680806724,10.9054902582103
15.2566220834276,15.4341255576797,15.4704129008459,15.4896397742176,15.5895886544331,15.5409567822425,15.6268121958384,15.7042966356074,15.952475237311,15.953681370002,15.7049226791548,15.6152957710797,15.576885451447,15.5715470481607,15.5815033193339,15.5884855584496,15.5348609486626
12.6928708984393,12.3644868792514,12.3360647905428,12.366437418685,12.6900597344681,13.1167859060762,13.3970182384255,13.6390122528884,13.9497526131422,14.1647558246545,14.0758610857802,14.1425600755899,14.1737778187317,14.2317273944535,14.3204439098952,14.5308881407527,14.6979575714068
15.8824403193807,15.8609845458906,15.9428383831111,16.0134083042114,16.147618873953,16.2809448007729,16.4130490105888,16.5390185520756,16.7228435228639,16.7543010546032,16.6445352497258,16.6260234348531,16.5936445514879,16.5387951713976,16.4671834476483,16.3623300540602,16.2312404912733
16.3718420999402,16.8120748472049,17.2979077603943,17.6276245671299,17.7912991260555,18.0880539962476,18.2444805064772,18.3471460661488,18.3662516270094,18.3579018700077,18.3630989347676,18.3702833061177,18.3879257319094,18.3916852480409,18.3075287144843,18.3007616754246,18.3080600679565
19.4711571615149,19.3162300367235,19.2504843567635,19.1939435009366,19.1563711007515,19.2336910950869,19.2301856978207,19.2641091776166,19.1305793251808,19.314889394523,19.590560279705,19.7537334392972,19.9002539055161,19.9852797101498,20.0242600892794,20.0045074736783,19.980597739425
14.403674183921,14.4821212999524,14.3773679700108,14.2882856707263,14.080587268266,13.7870436751037,13.607463086938,13.4425796544407,13.3192497841897,13.1304623781091,12.9939924583858,12.919161698307,12.896827539105,12.8691776552341,12.9386070590204,12.9953120948309,13.0508910587406
21.0292424882719,20.682789242431,20.5294642952546,20.4048695274144,20.1899730484285,20.2743142885484,20.1234871527219,20.0257732794724,19.6157032731616,19.5567192028481,19.80145565059,19.8066193658174,19.7637011582916,19.6754822863299,19.4761472565424,19.3146718731535,19.2114817167034
4.17005051695674,5.55518711215991,6.25930620471834,6.84959788014544,7.73711513560451,8.27897137816326,9.01951064496237,9.68368703973736,10.8724492091816,11.4059480327625,11.1110576907092,11.2927339053987,11.5328587928823,11.7404672765026,11.7922531563331,11.7816243296289,11.6516450756806
18.6591479144137,18.5790629403383,18.4740521334528,18.4112432875921,18.3301924704948,18.2767266970021,18.2923513300086,18.3532320605491,18.5122629576765,18.7172208372775,18.8007854122882,18.9192100361398,19.0198995972557,19.0343441096717,18.8802362528101,18.6578486403997,18.4233617126355
16.5427739796533,16.6293725221162,16.5403483778452,16.4621310123307,16.2903286998387,16.044964833672,15.8755511800824,15.6998081223242,15.5986320199356,15.3166007691135,15.0573588320209,14.850695598824,14.6706925535814,14.4822246630535,14.4158903667887,14.3372173540091,14.2584757104775
17.7563468131721,17.6010439971438,17.2464109132236,16.938283584293,16.5533863702397,16.0188126591118,15.5957727354693,15.2465173233091,14.9598672003545,14.9894083718438,15.0362465172908,15.1804771360649,15.4191896642761,15.6679610358755,16.0459995644465,16.3607287965934,16.6135472137775
18.42100196526,18.3576682450861,18.3225340273962,18.3458522894048,18.2851597609626,18.231945922688,18.2328195768217,18.277312047023,18.3381020278146,18.3755214873454,18.3874379702699,18.437989004147,18.5002626439888,18.5335854634565,18.6328476608895,18.6800874966859,18.713390151736
16.1743677880887,16.0605321374022,15.8956804187681,15.7671913235459,15.6093039014064,15.4683753238218,15.4128201147773,15.3935903859602,15.5109739435963,15.5917733671718,15.488617782013,15.530705081571,15.5839032437152,15.6290377466962,15.5620369730022,15.4774071575527,15.3733211095984
16.1926444456767,16.1014755401522,15.9744030684748,15.8610197884073,15.7569304160903,15.6443844660676,15.561494681274,15.5043190432027,15.4120984510636,15.33487084739,15.2495902393356,15.1867827024372,15.1327244915084,15.0761207034539,15.1052973542102,15.1490679123015,15.1660346050656
16.1473546755116,16.4653189586441,16.8934249923322,17.2091759396102,17.559019213642,17.8964274502502,18.1543576026093,18.3588843308057,18.5701561227837,18.7003022319462,18.7255148758093,18.7920718467521,18.8506543194891,18.8726601694012,18.8278738768928,18.7607124325269,18.6770982061365
12.2915630624197,12.4001514805402,12.4625358651723,12.5155885418453,12.5602670758591,12.5619700308536,12.6127340083559,12.652331260289,12.7605162045326,12.6996712369845,12.5933651768156,12.5547343666751,12.519979659099,12.4949071280704,12.5758402714076,12.6620107533987,12.6986253466739
14.0449255510638,14.6269457681539,15.313106174898,15.8233763041293,16.4123149655912,16.8177280352195,17.1785090942393,17.4516609460669,17.8075847963114,17.9361668628185,17.8514623957642,17.8913740997595,17.9376416578241,17.9978157115351,17.9686685848836,17.962299836243,17.9374153219467
20.1469313229248,20.0156545675303,19.9072933644944,19.8107430853513,19.6304704680865,19.4929649170078,19.3051784633152,19.1243074850556,18.8977621088507,18.5173773760548,18.1223732201784,17.7341428481323,17.3013578272825,16.8157160106255,16.1365779304775,15.4720953797048,14.8682981525299
15.4643113818833,15.7491103713615,15.837599840148,15.9401032895974,16.1012374893788,15.8377083636409,15.8268778881905,15.7717029413473,16.1931240066971,16.2815107403264,15.9643508551619,16.022822850644,16.1732786811233,16.2855874667302,16.217318511819,16.1084930601837,16.004059442496
18.8968792887507,18.8293158357317,18.775949325447,18.7282639207103,18.560703286576,18.5818409225416,18.5051590701012,18.4519002622942,18.2330903079503,18.1441690972709,18.219223554683,18.205409113316,18.2076974531022,18.1579320572297,18.0966186245287,18.0259596363237,17.9846159392206
21.0633831616965,20.5959132195186,20.370783458128,20.1719905015744,19.9061709888219,20.0106283881421,19.8545485293611,19.8026942307142,19.3963184527501,19.3727337426317,19.6204220177839,19.6240774061313,19.5505862365251,19.4243870736581,19.1388628777392,18.909196634135,18.7215217713302
12.1475802084332,12.6181107777671,12.8207960456947,12.8774701177638,13.3739162686797,13.5499526392638,13.862655210344,14.060721799431,14.6338625348845,14.7099074193671,14.2045452122596,14.0017190562668,13.845993752593,13.7474913576217,13.4813446304088,13.3081020320881,13.0004909861571
6.67938820138504,6.7373000887364,6.95019001610621,7.15226683647814,7.3422063391415,7.55590612413552,7.6728559451927,7.7776736036618,7.85729354812331,7.90860732951695,8.03165966205068,8.14465968809062,8.20222151066886,8.2356020847266,8.36282364255255,8.42511618514641,8.56625689383985
20.8900249337795,20.5463228998351,20.2785322931877,20.0353167362571,19.7469901228818,19.4882300736689,19.2612035236889,19.073773067274,18.8451254969571,18.7751088247044,18.7166980823648,18.7187803035379,18.7276567353136,18.7037354250126,18.6110019390576,18.486494865898,18.3956767157996
21.0286007024575,20.7727594642413,20.6261126236362,20.5222913385856,20.3364619001865,20.3893199028665,20.3001452799633,20.2784197429624,19.9964253922901,20.0678121133008,20.3906745270349,20.5516947050907,20.683357860582,20.7533293052368,20.7733841089635,20.7899044149955,20.7847735348462
17.5080377262139,17.4576895069035,17.5374126374407,17.6120246672932,17.6133283858258,17.7123158612904,17.7045850643044,17.6809726153601,17.5435738137369,17.4709954468114,17.5217486523852,17.514670888859,17.5027954674722,17.4166820380363,17.2807530951875,17.1629235250454,17.0940848571168
16.5631392881633,16.890493765998,16.878763385935,16.8536462781034,17.0379731427576,16.8377312815837,16.8719405807232,16.8673792640021,17.2784519988871,17.2602283892806,16.822036171457,16.7381158323845,16.735985912568,16.7677858587368,16.6472214823873,16.6183868546854,16.5897968982805
13.8838507452159,13.8696519047391,13.8599383798186,13.850150098389,13.8501846571451,13.7862063245888,13.7750291715787,13.7669765816283,13.7919350805795,13.71577995611,13.6104925134426,13.5421843457282,13.4645427249372,13.3955907040154,13.3737793197246,13.3040409116847,13.2232437443568
15.8412499519735,15.6520721546641,15.4459568125049,15.2830710821396,15.1863173766432,15.0512306370181,14.9883392638569,14.9678913309414,15.0829986019693,15.1119341264494,14.9492111069124,14.9215757303869,14.914119341478,14.9117281147741,14.8297251559515,14.7917197850892,14.7435063510826
18.9010015422361,18.4547605898186,18.0891112087277,17.7529082895581,17.3670725163491,17.2056087682584,16.9261927232617,16.7791513853241,16.1055607610245,16.034028752119,16.5295199334513,16.6410606146931,16.7220874297616,16.7882361309316,17.2083729202466,17.5063296480563,17.7309188614746
14.7417931229691,15.4869832169124,15.6571528257596,15.7873467116615,15.9195394233399,15.6785440907758,15.7762062635448,15.849145754391,16.3240087430601,16.3329543100964,16.0130929838838,16.005375642229,16.0825192356747,16.1179693564245,15.9609582315783,15.7873617225723,15.5970897139478
12.0119596104919,11.9037180874573,11.6726790521862,11.6115284023461,11.6166294848252,11.3160517528737,11.2906439290313,11.3826290275646,11.8039546624113,12.104879869456,12.1018232034024,12.3532113026727,12.5998476381142,12.7575488455196,12.8830843231892,12.9681880009608,13.0586927429425
19.7582260320881,19.2958766256425,18.8151938993116,18.3733263032702,17.7750303427174,17.1851226790181,16.6440899622982,16.2373905585555,15.8604312099915,16.140329193687,16.3585656313622,16.5939715526929,16.8618075881475,17.0906513807405,17.3001338071636,17.4703817090026,17.5967727966357
7.80280462188362,7.82046394505453,7.84941254906411,7.8422863487427,7.82652032038461,7.76561230701953,7.70964931860352,7.65045217524179,7.52848733288507,7.42000751672066,7.35106145445761,7.28533550842558,7.18902711796334,7.10830703498651,7.10288499910199,7.0182521187417,7.00226555658932
3.93315634684775,3.74607638703973,3.65615126714276,3.6318530146252,3.79897329124803,3.95876097808453,4.09829640439161,4.2522715125408,4.41383215732474,4.65179003804231,4.81530656192972,4.97699187058476,5.07813849790545,5.15472566567289,5.31294289482622,5.44286415575206,5.59442768898785
10.1575967689957,10.0373746501157,9.92748063157972,9.86527860359253,9.7648328113097,9.77640411976614,9.71291234966591,9.72360948471371,9.62910702790429,9.86334686717477,10.0762836046281,10.2292312651604,10.3893893536911,10.5057502592467,10.6704886523636,10.7750842577583,10.8476354834242
15.2432098619977,15.2577675994593,15.2183325489812,15.1645436977301,15.1090713091005,14.9944637877269,14.9137361733126,14.8307628578697,14.7585583300207,14.6557428833756,14.5269644908045,14.430670774548,14.3280576004875,14.2404375827268,14.1941548586386,14.113580980183,14.0023225978723
15.523904921621,15.6428940815868,15.7426200295722,15.7931290344434,15.8200471719388,15.754491662827,15.7192742871749,15.6506327587723,15.6838571693175,15.3849529743135,14.9875771311566,14.7129605375118,14.4090740333937,14.0998166551623,13.69826144958,13.3192321816453,12.9771700323131
15.9875340723393,16.3516901596352,16.7217399820775,16.9813831671566,17.3039699026435,17.6799028089129,17.9569710133214,18.1810470459293,18.3813511236745,18.5692801341025,18.6386954825248,18.7137322390646,18.8098694514347,18.8735334057917,18.9752718512722,19.0573474335961,19.0898625725628
16.5186508368507,16.3966534801168,16.2756173205216,16.1260531437233,15.9493754358984,15.8364372055136,15.6002266136497,15.3194003224829,14.7130011562337,14.0124027072042,13.7383554822239,13.1379959104833,12.3882720851745,11.7219992931886,11.6631657714261,11.8414019294493,12.0818495535334
17.8265817876461,17.9056706708692,17.9659051097572,17.9919680771395,17.9717348153429,17.9720950902955,17.9880186697732,18.0351209974332,18.0551866366825,18.0314330436694,18.0176181543083,18.0151167228592,18.0246422665754,18.0030345187266,17.9759137460365,17.9236706852632,17.8768560073165
12.519015449671,12.8053504459359,13.0009882175162,13.2197757753189,13.2706342697431,13.0652893587756,13.0775428943546,13.0733540085323,13.2838718311987,13.1312828608588,12.9007491752321,12.840532227554,12.811294705988,12.6642108072582,12.3992986490543,11.988059818041,11.5863095327534
14.7394699292707,15.1444060069586,15.4245288597072,15.6030769284444,15.7273045190199,15.7506011069198,15.8293398194864,15.8682947020764,16.0241434509087,15.9935042671451,15.8834884027878,15.8701924682335,15.9144031163839,15.9476083522754,16.0481715246866,16.1260080062817,16.1904213519427
17.5094340038035,17.1036143922098,16.5756212827258,16.138947184207,16.1231314787355,15.9989639941807,16.019912481631,16.1775214895498,16.410304069766,16.7099382705459,16.7909352675895,16.9582850755982,17.1002382459672,17.2282788282527,17.3468014658134,17.5165906558312,17.6573491733585
11.4548154648222,11.5593204106304,11.7359346897295,11.8869801726196,12.0486181118699,12.1846794673811,12.3184574927081,12.397801763417,12.4805703509193,12.5157579093915,12.510120806809,12.5063728186977,12.5331884476878,12.5424857257389,12.6928866986303,12.8020015344519,12.8341580075432
8.91208499324998,8.91819213933311,8.8382719892478,8.77695043544212,8.73058445812718,8.67449336932981,8.65641985328721,8.68676207763723,8.78309384759648,8.84713199811479,8.88280124957596,8.98920894092147,9.08048606018975,9.18200938362788,9.37081129200955,9.48910189696875,9.66593577477249
10.9138792884321,10.9271335036306,10.9678706518188,11.0322555597506,11.1476179604345,11.2565909678831,11.4186655518604,11.5752774107294,11.756751481936,11.9572426065608,12.0768006338161,12.2328571683997,12.4061806225944,12.5634797921967,12.8480910894284,13.0241354994273,13.1748802726491
13.2370225079629,13.7957396308545,14.1007041365821,14.2994980076094,14.3987037086144,14.343193648081,14.4257240745396,14.4586444559312,14.7727870674437,14.7017862286575,14.3704399040255,14.2747999949196,14.2687667776802,14.2530756162424,14.2133723315416,14.1532471905037,14.046305519697
16.5536788025526,17.4040511273587,18.1483864227112,18.6370103787981,19.0584837144281,19.4352759483145,19.7000815189588,19.8947612784564,20.0407628847765,20.1739359084755,20.2861866767573,20.3894564724241,20.4901423557745,20.528090176821,20.4460196277721,20.4037501045666,20.3676896700298
19.4538525020122,19.6015879923514,19.6275843495931,19.609399199472,19.5351155970119,19.461656144042,19.3860628494615,19.2898241826585,19.2481128501909,19.1095436053057,18.9135390632823,18.770109975069,18.6624238732723,18.5653701437802,18.4814770823049,18.4128272235621,18.3251059017095
20.501871932873,20.2743863044864,19.9529202724364,19.6314159536168,19.2497882890929,18.7706795582822,18.2600648704326,17.7051206136276,17.1730912938613,16.390948177369,15.5139349997713,14.5672337700575,13.5616007052771,12.7337383270889,12.1269840827227,11.8753205308272,11.9048651196683
11.9171540753628,11.8839642069748,11.8724377006767,11.9046376127429,11.9605778066963,12.0449586017447,12.1829909747404,12.3433726616718,12.5877057740257,12.8327757122926,12.8959280133252,13.0445362096022,13.2176425481056,13.3452791653312,13.5166000883857,13.6382470835294,13.6555194018465
16.8241293696852,16.6949373321344,16.4992242224149,16.3987416240656,16.2801705193189,16.1250996013394,16.0150416797663,15.9518432938787,16.0326393090164,16.1125945916916,16.1056602079893,16.1726273800902,16.276819144057,16.3666997703196,16.4175636839741,16.4245654164989,16.4388618829812
14.9473826529499,15.0750989336247,14.7424917040933,14.4416705156215,14.4295421036739,13.8459590384494,13.723679466728,13.6475135558713,14.3185623791904,14.3147515788785,13.64900936428,13.6032917134006,13.7010183816213,13.8713621111293,13.8459945600767,13.9455388744985,14.0470695822347
16.4810183359136,16.6346310329864,16.6403384270725,16.6344163870133,16.6073470962717,16.5248007284558,16.5271765368122,16.5139755313629,16.6554245297196,16.6647327393726,16.5053948952251,16.4735126798342,16.4895186394728,16.5203001990687,16.5504117993936,16.558733156051,16.5111381869011
5.43721666223333,5.39806261736025,5.33272617615406,5.28354597410154,5.26364104707591,5.25614389569777,5.27579183551109,5.29936076211607,5.30667257443386,5.2959370773937,5.30808591839618,5.32339022551239,5.30535337131123,5.30446809338005,5.35632904441643,5.41051103188698,5.47991643834375
10.5858908436508,10.6561010134608,10.7331526665378,10.8471463234206,10.9331240781854,10.9598426001614,11.036389447399,11.0914474393351,11.2472125871695,11.2982589452414,11.2582303097894,11.2963681201835,11.3442149579389,11.3822546056055,11.3885091515549,11.3741985631313,11.3609738444126
16.6266765190211,16.8424625281652,16.8475596268999,16.8587455525999,16.939240898827,16.9445522846207,17.0835393432743,17.2331684036183,17.5820810215274,17.8294209088769,17.8314008701021,17.9731213757234,18.1441398173818,18.2776651657093,18.3687013436209,18.4040131855281,18.4029917417474
9.5545736875752,9.5988365237595,9.65274263727951,9.67235450237566,9.60331747575658,9.54089444166971,9.41691915781564,9.26178735502626,8.99340805402483,8.69257613353078,8.65851865361359,8.51326606919828,8.31820617591599,8.1412871141995,8.06109373019985,7.91113635068033,7.8850938181585
11.8710965474539,11.8618696449654,11.8875284411505,11.8919153979682,11.9034084623712,11.8508481809461,11.7780049557976,11.7035214943889,11.6316750014542,11.3713942379157,11.1605201467496,10.9730738906992,10.8030197996496,10.5368944097228,10.2428995749751,10.0266903260956,9.90566660518485
12.179121663516,12.2408693358088,11.9524245628726,11.6820724976243,11.3697702519151,10.768030628818,10.4524563540493,10.1595767260746,10.1492392579524,9.71283431726679,9.1154786868217,8.80223501808702,8.57913976303805,8.50770337919927,8.45538741797169,8.52317423100477,8.6446683718743
17.4119395171148,17.2810724870613,17.1780031795638,17.0732673392529,17.3062096672052,17.431978746408,17.51301962532,17.6213052222379,17.7059662947413,17.9166110938502,18.0426543269748,18.1822221428579,18.3119958343713,18.4478131731364,18.6383971560641,18.8090676934889,18.9656889278769
18.5845893025931,18.4056767626292,18.3426951732196,18.2682170370816,18.2354959067133,18.3327704083014,18.3442282376756,18.3623335421026,18.2152255610895,18.2350431462289,18.3219383726301,18.3123728002924,18.289016585577,18.2132875503412,18.0664713352619,17.9518460247467,17.8515901284599
14.5801371170666,14.8252976213795,15.2388935291961,15.606709758324,15.9504658344923,16.2367747009802,16.4896043650575,16.680334303934,16.9592605393249,17.1222154176375,17.1402671542016,17.2465562735499,17.344925205689,17.3666889955665,17.2806277047786,17.2032294731069,17.1236267503478
15.9766497147429,16.2571385856122,16.4200608867173,16.5357633446713,16.5814130128455,16.5039411350224,16.5368099152363,16.570669874173,16.8116788494014,16.8021010788258,16.527060582898,16.4574413577841,16.4263792719493,16.3851745183648,16.2960414609658,16.1940923958984,16.0539286292618
12.8936071705558,12.8238101266619,12.7892226569272,12.7502619764771,12.770022429257,12.7677144618955,12.7602486585352,12.74087980921,12.6781778253581,12.5735591711267,12.5267407583602,12.4584111945075,12.373499738217,12.2774345483567,12.2954378937692,12.3155172466622,12.3290290439182
16.2765560271935,16.3801842575133,16.345615271532,16.3855233304171,16.4407186512493,16.3046155311697,16.3841064177721,16.5025222309065,16.8503635512907,17.0088504952617,16.9230644832921,17.0073089035646,17.127981081441,17.2038188789868,17.1810874309016,17.1254668912998,17.0505167032177
18.9046387602178,18.3522262881636,18.1002508575985,17.9322369157832,17.6785834334266,17.7057824228863,17.4862964966456,17.3232600802208,16.626060841842,16.5669962628738,17.0810312191711,17.1910003245346,17.2234435264768,17.1975539871965,17.3657482822209,17.4998105800284,17.6714532702797
19.1814805052918,18.883888943712,18.6338091195454,18.4485944774232,18.1691997675163,18.0058147369178,17.7962544634552,17.6577538301984,17.4244787453886,17.5642988422856,17.8336279464029,17.9819078439721,18.1477510170841,18.2330851404727,18.3263344912907,18.3577537073269,18.4227768108085
10.3737703850157,10.6220567493864,10.8089738325063,10.9702106876701,11.0297598494841,10.9723741455162,10.9889056957603,10.9777435715968,11.1771296931119,11.1757953986385,10.987194805231,10.9862613782285,11.0292858939699,11.051500343004,11.0614322520126,11.0442534860548,11.0089961449619
3.24816578813976,3.20782065343602,3.15434364794731,3.12262622544524,3.1744744928957,3.14335725832732,3.12640522366174,3.10701531633211,3.19287132287409,3.17973234906713,3.01277391146771,2.96361789649875,2.8982378565485,2.86065241351667,2.74515475091991,2.6369984270964,2.56850944430904
8.30343672383559,8.45310070787039,8.60964669340999,8.73342106194887,8.9054891305179,9.06943532131962,9.21400826670761,9.34100747100839,9.56769332864359,9.66153497749969,9.54635933034719,9.56366412641593,9.59657838288733,9.61818833286115,9.60023765035523,9.5331353055197,9.42255029848257
12.1263660743841,12.1604745290147,12.3438022399971,12.5088901124602,12.5652818035932,12.8463672440707,13.0519187386629,13.3006703274068,13.2235152064419,13.0304474862985,13.1225672851046,13.059503311262,12.9552396689567,12.83724616863,13.1392822650278,13.2890702716511,13.397034817837
13.4782610803925,13.6752819978029,13.7373756959025,13.7668774780203,13.7601288730496,13.56496055517,13.5274565698657,13.4270575335113,13.5645677517783,13.3642110771334,12.9990965551435,12.7997458807396,12.634875276468,12.4589843504308,12.1473660076513,11.7326629934089,11.3243833440916
10.7503366384868,10.6107187673628,10.3085328782486,10.0046761510719,9.62751419237953,9.31273780710078,8.94540402094842,8.64456103041566,8.22496341614572,8.14034350695047,8.30274640904507,8.34953525346386,8.3762916524051,8.4065891862095,8.61731848380759,8.72676886938431,8.90589667909208
15.0798834892043,14.9869287978481,14.6820450686308,14.429042112915,14.0727787384671,13.641620388213,13.3084395765631,13.0445468052041,12.9424174904642,12.9721636649457,12.8469615958217,12.8250743040158,12.8621380552139,12.9003369608825,12.9062216670222,12.8211241370272,12.7150472580414
13.4552046648534,13.3670024840135,13.5761731229644,13.722340158079,14.0066363499785,14.3368286735437,14.5303333950362,14.6764257542926,14.6948179160787,14.6935643394414,14.7040817787723,14.6648220222166,14.5924114441161,14.4886152885633,14.5274482569102,14.5570120823961,14.5416301802139
16.2461625635038,16.1428582318565,15.9676357201227,15.787986351977,15.5640466672792,15.2770920508867,15.0205504212088,14.7681711988194,14.4444335908516,14.0206835031074,13.761157072738,13.450170850485,13.0855177624918,12.7255087142162,12.4258911188795,12.1470702104106,11.9469560162687
18.7974023620101,18.6280951357575,18.3910881131964,18.1604731010025,17.8478363913272,17.4968063272305,17.160797181508,16.858675210046,16.4788071480255,16.2387966710581,16.1655048394356,16.0691991794282,15.9974072143342,15.9331707496687,15.933986047653,15.9517058412741,16.0077178955869
12.2287495946319,12.3907322610546,12.1795750352111,11.9384824497795,11.752522428473,11.3053399837061,11.0971981129747,10.8646537609016,11.1560949251103,11.2571354801754,10.7950035959738,10.7271225581204,10.8110615189635,10.9815295449326,11.0456265548508,11.1438214008952,11.1560876047445
11.9498390170281,12.2077667125382,12.4998813088096,12.7792846469107,13.0851414478994,13.2757884575314,13.5115421988537,13.6995521302036,14.0555534336629,14.2707962996329,14.234827437583,14.3840842601276,14.556114905034,14.6854101486431,14.8072385771997,14.8863307663266,14.9250681861519
9.21662405298444,9.27351974932057,9.37702417575136,9.46595973268729,9.55082552770912,9.67393071294149,9.76524914704977,9.84041960471885,9.83547385803831,9.79032031250774,9.8769619221025,9.9108262674145,9.89178185685312,9.86703966271456,9.9647186837646,10.0094337451926,10.0993891761072
21.2033857392973,20.8815487882512,20.6260810977109,20.3864780804398,20.1277320073756,19.9893158493326,19.7703734512037,19.6275361449886,19.3108067176821,19.3213760176216,19.4739985327963,19.5183776165301,19.5590717232389,19.5743897978174,19.5546102781876,19.5294550959941,19.5093190110422
22.540042617119,22.0908449534931,21.7832685756634,21.5166795276686,21.2056101822066,20.9726142320316,20.6988250044541,20.489545879063,20.1065879259402,20.053265962931,20.1909709412463,20.2962101338151,20.4148222137867,20.4934644228507,20.5867650349248,20.6081212955358,20.6670801383229
17.0732092016215,17.1197957592546,17.1458677288741,17.1458569845915,17.141325591699,17.1399068534826,17.1190261274547,17.0690250511725,17.0102309424277,16.8804695952047,16.7170482298098,16.5680267608817,16.4206074629072,16.2621487118691,16.0871238487863,15.9421544904449,15.7972613496088
16.5139891209767,16.5406787060278,16.5613771920628,16.5776340511893,16.5669213284067,16.5995009100424,16.6250762951896,16.6662048696175,16.7786799872032,16.9024873024945,16.897470168996,16.9524532416274,17.0255428322627,17.0566284972273,16.9564516664172,16.8681225450711,16.7653157453414
15.3617333763466,15.6777587600126,15.9693931447898,16.2030675464264,16.485838621802,16.6458801010007,16.8460499698195,17.0404294480877,17.2965724861517,17.4590332222365,17.4898168898387,17.5937011425443,17.7162533969584,17.75890744661,17.7854507290086,17.7525452550047,17.7109378350314
11.3181958378311,12.4765264462602,13.9390761343404,14.8755672622147,15.8875738131343,16.6399881312514,17.1803587089331,17.5718374559113,17.9035017271983,18.1562422396086,18.3207208666439,18.4738658012527,18.6073793666076,18.6692579635426,18.6136395381532,18.5787508800499,18.5235631864205
18.0172860481356,17.8352293751894,17.5765056258701,17.316505787348,16.995638056034,16.6702461320784,16.3341171947489,16.0209339870484,15.6054764003251,15.3937401711621,15.3698493621982,15.2803674750106,15.2383461688613,15.220379454659,15.4280667920399,15.6164254426557,15.7748745506691
18.3193665799211,18.3104767010767,18.4193482900408,18.6139833358122,18.7795397972919,19.0277557411487,19.2726686730588,19.5389391395978,19.7484827801012,20.0235308710281,20.2474070195387,20.4576616440134,20.6309427546517,20.7188196289104,20.6676715622529,20.6108429661057,20.5735622723228
10.9455893548658,11.1278104149244,11.3296057038168,11.4815783729034,11.6761732225735,11.6882234097966,11.7722075508467,11.7669097526979,11.9261380007195,11.6657825326106,11.2395993369044,10.9588648687176,10.6912025777001,10.4359846997847,10.1181129068368,9.83626341063199,9.52692872991156
15.9609441906188,15.8168406272092,15.4790167247017,15.0859936187017,14.6866689323406,14.1381122048842,13.6803064363663,13.2434033726756,12.8917885744157,12.3581617719738,11.5438791743297,10.8720909893723,10.1648892966432,9.77008071442453,9.24812895749979,8.96994722492423,8.63004196682156
12.4601686960028,12.5598339891009,12.7626255442407,12.9175159059659,13.1114279756403,13.2461859976238,13.3702364446836,13.4353674529503,13.5906969135279,13.4886966847705,13.2580201408128,13.1296312888383,13.0027909475718,12.8647236762922,12.7290031618663,12.6191157810545,12.5078146850619
15.3561032007473,15.5438122626048,15.7641533944461,15.9606255279349,16.1631983381633,16.3763125526656,16.6068008903752,16.7931581920633,17.0072420359904,17.0762989319062,17.0365614769612,17.0369942077472,17.0464392154409,17.0216082317974,16.9491145851624,16.8925871731706,16.8220416525262
17.4652500177915,17.2537922249333,17.0960413408524,16.9787735103597,16.7813941884611,16.6119708649287,16.4108969392949,16.2461048090173,16.0289476334016,15.8162740461134,15.7080733048437,15.5967054522664,15.4678885834065,15.3111568286614,15.1668795223893,15.0513843107619,14.9988053257118
9.93674276019976,9.99215164479033,9.95410463516854,9.9227386546995,9.93752090694652,9.95173907062574,10.0714840729158,10.2040453630449,10.5736267247538,10.7088245642838,10.4904117245398,10.5026434709401,10.5579795833278,10.6299346307642,10.6564224866401,10.680341020529,10.6470127964303
15.4310734095337,15.4390982696079,15.4096121133539,15.4317300691029,15.5184228421476,15.5209394739412,15.6031693951677,15.7064374775517,15.9039167820801,16.0848132052294,16.1036052008343,16.210789711803,16.3392229544501,16.4371347720294,16.595125451542,16.6840179151016,16.7335025891594
13.2583924325884,13.1977601734549,13.1968210426904,13.1680873960983,13.4465918525699,13.8754873145061,14.172910342148,14.4419168451379,14.633810941805,14.9184522428175,15.0033753586202,15.0809838724046,15.1475350310609,15.2060859017373,15.3627998633444,15.5409163624687,15.6311454558765
10.7290277704041,10.5583495670103,10.4110520133031,10.2936865917487,10.2072072231354,10.2040294774501,10.1462083991499,10.1502114603647,9.82577852157789,10.2283343062698,10.8292017953998,11.1610075914237,11.5014145788979,11.7927309655186,12.4258202364612,12.872009151816,13.1972127408405
16.1205358521854,16.5623958604395,17.0598060490765,17.4595649095964,17.7686168791429,18.1178061908596,18.347322778114,18.5398052989994,18.6135247782046,18.7754060385944,18.9733406464407,19.107775979984,19.2254415822671,19.284410495804,19.2904478427603,19.2710048297215,19.2684091498207
15.3958165746894,15.9775818788645,16.4533892393535,16.8522377501108,17.1171801059299,17.3739875743346,17.6294258972483,17.8240712737331,18.2169779587796,18.4429206447949,18.4495789025908,18.5828402389653,18.7266159935078,18.8239514811298,18.8156936770338,18.7898405534803,18.7357522726303
18.0652579860511,18.2168592327515,18.3398901993731,18.4109810914473,18.4482221783365,18.5100023805017,18.5153261080267,18.5381035410404,18.4855713859347,18.4418562407031,18.4403950618584,18.4130604258269,18.3886359577816,18.2951909630133,18.1616238386056,18.0148170627871,17.900894368686
11.9624921299541,12.3594869054607,12.6451347780564,12.8533932970563,13.3495299983277,13.5059595757814,13.8096793259224,14.0294671089067,14.6269498778288,14.5471095806735,13.8804348981503,13.6309302081712,13.3859686547359,13.2432707266787,12.8340647799647,12.561629370417,12.2424850487289
18.6419137540408,18.3796780369587,17.9420708721369,17.5410220663448,17.052987803087,16.5072413851052,16.0513500451524,15.6983035633408,15.3248753686718,15.4858070491189,15.6189984551549,15.7557431175407,15.9228986902454,16.0912100434348,16.3298358534197,16.5315668641975,16.6850843660101
13.3073147349418,13.32628780335,13.3342213013744,13.3612838753441,13.2999148793811,13.1780676616473,13.0872684366125,12.9670996294005,12.9066985001483,12.6350467449655,12.3889183271308,12.215145640476,12.0375684732805,11.8588471530948,11.6733721455207,11.532165507847,11.4575976453722
20.8788126538939,20.6616914793486,20.5120003475919,20.3840787580418,20.2552816844034,20.1541994733264,19.9935748588217,19.8491963908946,19.5535892699897,19.353298839084,19.3131323473843,19.1873257797742,19.0309564867006,18.849326016862,18.7359035197489,18.6685438346236,18.6377118572926
8.2205341835513,8.09063201371946,7.96631974612563,7.88886739860386,8.00782865322298,7.95364594674844,7.95359649401707,7.95442699262598,8.15137184720293,8.48106579506735,8.56638064310415,8.778527149571,8.93592450012941,9.06131198677605,9.09605365745367,9.18757633465694,9.23756211459808
18.7370736543182,18.7611002353253,18.6529273426577,18.5112008271955,18.3175041075603,18.0914284495106,17.8333991430213,17.5430352554422,17.1511627046423,16.9124462525892,16.9700426345618,16.8810284899338,16.8421871922784,16.7943841664873,17.0274662010743,17.1872182412241,17.3340293985957
17.1125079610039,17.1833347422366,17.2113629309542,17.2278809756506,17.1265005100077,17.0034884699214,16.8920217386978,16.7651293915273,16.7071589441338,16.4778285425284,16.2540958780323,16.09387643367,15.9652317474641,15.8263887013744,15.6242305584764,15.43908600695,15.2973885539538
17.7381329603832,17.6011962744429,17.3124141210412,17.0184381067544,16.5764122791488,16.0866852295326,15.609475350647,15.1377833005645,14.3686707786765,13.3131823193956,12.8870583080803,12.1168094515479,11.2241036549468,10.3714963818096,10.2972134710323,10.23669364561,10.3051338569389
14.6253632582225,15.3111055974398,15.5727727995441,15.6568014904875,15.8124579921019,15.7089445671571,15.8003940627624,15.8230971140406,16.2179988766621,16.1331424878338,15.6140232893702,15.3975115483433,15.2820855582316,15.1976598592607,14.7725294121853,14.2695030649489,13.4947169749207
18.813497990469,18.5411061029635,18.1704199868411,17.8635904907901,17.5186904422124,17.1568195610131,16.8343250853114,16.582169333326,16.3982273524954,16.3479406730888,16.2966325332258,16.2785457727966,16.2425776854039,16.2071112736989,16.1984246923448,16.1947244591631,16.1998874049016
11.1200089203595,11.0401304854393,11.0584446935536,11.0809987158726,11.2211267307798,11.3196053777803,11.421017041264,11.5318155454242,11.7154159410422,11.8265282761619,11.7400415536427,11.7511864362904,11.740775759347,11.7039738688549,11.6921710905105,11.6583564539606,11.5773960113246
15.1085113689127,15.1587608201851,15.0826100631081,14.9925624099039,14.8337857363867,14.5721579022948,14.399000468048,14.2089514050425,14.1289371598582,13.7912996092166,13.423564927854,13.1360051681759,12.8969908706542,12.6693763224267,12.4730470200062,12.2516085846827,12.0373104420445
14.3881969843809,14.2742802620963,14.1491651569338,14.0627292312835,13.9791215119797,13.8712079913884,13.8225271674388,13.8179551919327,13.8739047470812,13.9091487943236,13.941103565757,14.0553620791329,14.1970549977578,14.2948980359379,14.4316143624363,14.542698501978,14.6515865952561
18.5287272480949,18.4276314936874,18.3158250255369,18.2159548560441,18.0391037357116,17.8920586916623,17.71455488576,17.5504948435332,17.3455673995179,17.060140641079,16.8079932094985,16.5678313727083,16.3346870387078,16.1241359323459,15.9214421669521,15.8273496201891,15.7497130691372
20.4499568957339,20.2342015459937,20.0564390427566,19.8912333257691,19.6408803697152,19.4831032630563,19.248168656737,19.0499965199527,18.7402542049974,18.6062776248652,18.6444775752887,18.6067682605443,18.5816492746894,18.5330374522764,18.5358657198759,18.4814618539393,18.4446269768558
16.000820834644,15.8597287539671,15.6295380916073,15.4118827275894,15.1835303470374,14.8830409467234,14.6463580584886,14.4518261234684,14.2788676664514,14.1373821362301,14.0019966949291,13.9042834325439,13.8331094621675,13.7682108456001,13.8413935700492,13.8695632037646,13.8855084128131
19.0003756215761,19.3782955652239,19.6811399187821,19.8961809751747,20.1765409782787,20.4776165920921,20.6742804870507,20.8611075060547,20.8577459901441,21.0413149036042,21.3103294816419,21.4788274656133,21.602592020955,21.6716175319937,21.44887718219,21.3014379225245,21.2084751354526
13.4458057155395,13.6123234642319,13.7181794616207,13.797226835349,13.8393236691701,13.7484707308948,13.7323248145798,13.659084617032,13.7817668678468,13.6335478442246,13.3108794300487,13.1403994248711,12.9939091858369,12.837672124996,12.585863318401,12.3207185671878,12.044263596547
16.3968049917497,16.5079208633847,16.6659522639035,16.78230195863,16.8575063511391,16.906425808032,16.9217933058712,16.9228199567786,16.8960944132643,16.8073764343705,16.7449817242753,16.6833305120838,16.634359540217,16.5525426393699,16.5772632073167,16.585898305627,16.5832276382041
19.7433372640543,19.2386701447166,18.6149751201221,17.9888633564816,17.1897364220542,16.1780210185702,14.9761779658603,13.8049235174047,11.0570905762979,10.8137273351084,11.988790069011,12.277815690754,12.6022112310669,13.1396441253983,14.2925597164516,15.0714883194719,15.6370654003876
19.0420763918091,18.6834465064325,18.4434610616641,18.2382033166312,18.0280018303493,17.9632967415576,17.7797065404663,17.6449821182092,17.3402097356996,17.3769893681236,17.5447620561712,17.5882657950052,17.6145361275757,17.5955576473624,17.5622448448006,17.5299296078014,17.5068400594019
14.7428868778739,14.8712986489311,14.9982724711715,15.087720289392,15.103490643136,15.040429079552,15.0285907563356,14.9778311315305,15.0831050645395,14.8742540693762,14.5764046493728,14.4079973859806,14.2445929820987,14.0581403750718,13.747682731854,13.4627619366314,13.1948260900587
15.7986961261756,15.7379665722986,15.5756531886604,15.4089094694032,15.2024987282757,14.9252330183231,14.7073362728098,14.5014923362945,14.3428236111604,14.1182253819223,13.855179719938,13.6862277886182,13.5431046469388,13.442560712457,13.4320493988652,13.4263443214001,13.4282278877666
