"11","12","13","14","15","16","17","18","19","20","21","22","23","24","25","26","27"
12.1600962214632,12.1402948383276,12.1300907775847,12.109828387881,12.099329426383,12.0795191285352,12.0699855300585,12.0202250944694,11.9706768016906,11.9214911872326,11.8723468886086,11.8231408260828,11.7729407145092,11.6520648405998,11.540831599693,11.4292488607495,11.3079013334597
6.55016199408616,6.27049637642029,6.05015282901962,5.83971108162889,5.61887105270768,5.40919042663718,5.19997563906343,4.98037895882761,4.80113943259422,4.63251049511332,4.45395111509452,4.27528775217515,4.10495085341642,3.92347627187402,3.74140004348205,3.55873541606536,3.38646678030839
5.52018443967807,5.57056515339129,5.63017400471738,5.68967104964988,5.73871462792193,5.77907825369456,5.81997226365846,5.86043146664071,5.90129731020344,5.94285834453279,5.98449857407366,6.03602041304138,6.08563683423257,6.12395793748128,6.17159403083931,6.21856019772487,6.26597722412003
6.13033506758758,6.00102670198416,5.86031611061944,5.72940240298936,5.53766489225169,5.3583254833549,5.16994961198613,4.980783836146,4.79235679548338,4.60519269290175,4.5681724625539,4.53093715460364,4.50024031524964,4.45719029970981,4.4128958414668,4.36738434224136,4.08269190976885
8.24023191171393,8.16071061548676,8.07021879094924,7.9895863827117,7.90838379222523,7.85884100987516,7.81996512473577,7.77054251975063,7.72163121859644,7.67359403999486,7.62565644027693,7.63756997800934,7.65708767170784,7.66497665184925,7.67200431072035,7.67818961398734,7.68494182131049
7.7402031313034,7.66062242759362,7.59019163883503,7.50963771291475,7.41858436477282,7.33898484138346,7.24996945278116,7.16047519265928,7.08142878319508,6.99314801704586,7.16495447196918,7.33663053829236,7.50620808654985,7.67435904577443,7.841755574318,8.00841428419395,7.80556954492484
4.7901166336565,4.88035738463219,4.97011003492658,5.04979198249239,5.13918717248377,5.22941711760135,5.31998246043931,5.44027284547711,5.5708203767986,5.69180752416109,5.82284475200078,5.94380711349077,6.06356455072177,6.19250287099523,6.3110080132827,6.42908951584752,6.55745612730927
7.81017223928665,7.79052776939311,7.78016249458202,7.75969280919248,7.73879965324102,7.90913922574699,8.07997409837336,8.2504029258085,8.43121149519634,8.60266926958701,8.77420100055189,8.94562217229179,9.12526396661125,9.29369612621043,9.47148858823397,9.64865543835594,9.81624332434785
11.9401819370337,11.8905574848788,11.840171643664,11.7896755131458,11.738732069013,11.6890907607822,11.6399726400102,11.520425612111,11.4012797071251,11.2828195599285,11.1644375333512,11.0459387226312,10.9255603485667,10.6239042326052,10.3315724015869,10.0385797342646,9.73603180878215
7.43003991196428,7.51012229679751,7.59003765388301,7.6699288165391,7.74972185093263,7.429800538008,7.10999399797335,6.79009336755152,6.47028073242704,6.15061853363672,5.8309734723543,5.88130279185392,5.93121978702616,5.99085648088817,6.04034494151449,6.08968843289286,6.1491294883573
11.6900980984465,11.8003005897119,12.0500925483748,12.289825040259,12.5393163455647,12.7795097482195,13.0299852477946,13.2702294853666,13.4406900039994,13.6015202756858,13.7623926691504,13.9332020938904,14.0929980787586,14.2521051192568,14.4708478216323,14.6892342083447,14.9078603949631
8.64007588747745,8.62023253166393,8.63007159402577,8.63986465378529,8.64947113524815,8.66962074862262,8.67998858791661,8.69017752641571,8.69053377667874,8.68117606232297,8.68185093273899,8.68247709150015,8.68231926847364,8.67162848848169,8.77065586201742,8.86940759513459,8.96834483383936
11.1903190350219,11.2209775755763,11.250300985121,11.2794309972601,11.3077766242415,11.3384056068853,11.3399520229897,11.3407463305652,11.3422440257625,11.3549442290307,11.3577814204259,11.3604138254135,11.1897503289524,11.0168462528475,10.8427572790688,10.6675094981988,10.4830415927605
11.1000621229333,11.0401903548455,10.970058608232,10.8998892030128,10.8295670612492,10.7696895376049,10.6999906578514,10.5401453265025,10.3904369597477,10.2409627469995,10.0815152087657,9.9320277942442,9.78189859731113,9.72133311166331,9.66053690112934,9.59951504610297,9.53864504948101
7.63028673526771,7.56087860383754,7.48027051277548,7.40948860425426,7.29800172332345,7.17856702648569,7.06995688027975,6.9606707705415,6.84201683603218,6.73444366523196,6.64699361360229,6.55935950855719,6.46876318582672,6.37615312429068,6.28247812653025,6.18776164166442,6.13374607605599
5.36009989722211,5.40030610145521,5.45009424538191,5.47982183212134,5.50930380978046,5.5295007587502,5.55998497729179,5.59023369330985,5.62070265621194,5.7015481521201,5.79243654216964,5.88326080887274,5.97305305283098,6.0621437196365,6.14086336765742,6.1992201664568,6.25782116223718
8.00030010877369,7.94091958245092,7.88028312965463,7.81946475244795,7.69790852249291,7.58850019173591,7.46995486914996,7.36070205568449,7.24211090248227,7.12465092046097,7.05731979996269,6.99979604168655,6.92917190610394,6.85644010972219,6.78259370784765,6.70765724328036,6.6334543892678
9.41008347361828,9.15025577684228,8.90007875096891,8.63985112381329,8.38941826694077,8.19958283651309,8.0199874471003,7.84019527295881,7.65058713601008,7.47129362815463,7.2920359624288,7.08272471555599,6.87255111564844,6.66179128138729,6.45072142568869,6.23934837499861,6.02817937408232
5.64017302136302,5.61053016580325,5.5801632324112,5.55969141435,5.52879420290005,5.49913531728209,5.46997398076343,5.44040475534903,5.41121699615833,5.38268138977585,5.36422007577765,5.33564770054497,5.31528786838185,5.2937129089842,5.26149534737533,5.23864933318728,5.27622626664094
9.41008347361828,9.15025577684228,8.90007875096891,8.63985112381329,8.38941826694077,8.19958283651309,8.0199874471003,7.84019527295881,7.65058713601008,7.47129362815463,7.2920359624288,7.08272471555599,6.87255111564844,6.66179128138729,6.45072142568869,6.23934837499861,6.02817937408232
8.48040248257096,8.30123327253819,8.13037971149565,7.94928216756809,7.89719507286034,7.84798857368056,7.79993947401025,7.74094154253933,7.69283097840722,7.64623745317903,7.4698167470139,7.29313769002767,7.11230064787514,6.92863697480897,6.74347847945273,6.55685807670304,6.41122153543307
2.34007713879965,2.22023636592015,2.10007277455247,1.97986242203733,1.8694624147026,1.74961449507878,1.83998839974073,1.94018045368055,2.03054257821793,2.1211954546251,2.21188145310019,2.31251793670524,2.3123575113066,2.32165534091973,2.33066667664361,2.32939782686474,2.3383175415083
6.70036439545158,6.58111656736439,6.46034377921408,6.23935009639658,6.02746050446543,5.80817891592117,5.58994520161379,5.37085244391572,5.15256308155813,4.99564719998293,4.82888778351968,4.67189446409785,4.50113663164705,4.33781965372626,4.1631493092681,4.08715539841668,4.01205224575966
9.3300552406612,9.52016926643624,9.70005211533514,9.87990147762661,10.0596150242497,10.299723932096,10.5299916928187,10.7701292265458,11.0003885512821,11.2308560893378,11.4713473467791,11.4218031456162,11.3816882617299,11.3311854232541,11.2904774206853,11.2495687715872,11.1987951573018
12.7703744060292,12.7811472414142,12.8003532234277,12.8093322424129,12.8173907401011,12.8281288875705,12.8399436962067,13.0908758620345,13.3426334938717,13.5958023384,13.8591319464093,14.1122212257385,14.3614425743107,14.6280344732305,14.8932358262776,15.1570772522579,15.4218339071112
4.79032325823434,4.73099051619105,4.68030496939867,4.66942346511072,4.65774719240029,4.64838450117488,4.63995138789606,4.63075621008406,4.62227373095728,4.53500967805039,4.44788442664501,4.37055167798064,4.27987939851362,4.18693687982585,4.10279377843214,3.99747653028809,3.89294948114322
8.20016746862077,8.25051315129126,8.30015799382396,8.35970131773157,8.40883290032091,8.45916306738288,8.50997481579392,8.61039176561129,8.70117793932818,8.80259533643514,8.89408464167479,8.9954664499474,9.08511816581061,9.36359375129042,9.64144735747162,9.91869267988475,10.20634737636
4.43002075109313,4.21006358474909,3.99001957706785,3.75996299017972,3.53985538428632,3.30989629539804,3.08999687941661,2.82004854380863,2.5401459588582,2.27032158901034,1.99050612932332,1.72067734965104,1.44063419364652,1.46044530293076,1.47017934255097,1.48983800952498,1.49954740217663
10.5201282865945,10.5303930911433,10.5401210285815,10.5497711993395,10.5591059624034,10.5593588814743,10.5699807080514,10.5803001056309,10.5809023411323,10.5919881149747,10.5931289728645,10.5941874844631,10.6039206871037,10.5427529343244,10.4911087244891,10.4389985488345,10.3872019674763
7.7402031313034,7.66062242759362,7.59019163883503,7.50963771291475,7.41858436477282,7.33898484138346,7.24996945278116,7.16047519265928,7.08142878319508,6.99314801704586,7.16495447196918,7.33663053829236,7.50620808654985,7.67435904577443,7.841755574318,8.00841428419395,7.80556954492484
3.3502787580887,3.33085416045412,3.31026298691774,3.2895028316475,3.26805731680131,3.23860689282767,3.20995807990102,3.18065210922813,3.15196072621985,3.12432003930587,3.0967990462996,3.06909912037476,3.02851938776663,2.99598193999821,2.9624091832883,2.92782391438473,2.88392006466649
9.94039818115091,10.0312200922824,10.1203756534351,10.1692898392017,10.2072250497357,10.2580100702375,10.2999401208649,10.3509314800664,10.3928007231163,10.4561707921405,10.5097118332723,10.5629972846352,10.6221691881369,10.6685446695532,10.7134413041752,10.8768916551307,11.0413153528211
15.9003284199384,15.871006332498,15.8503098390713,15.8194142591504,15.7377112201499,15.6483587053065,15.5599506116705,15.4707682850515,15.3923100373064,15.3050896712967,15.338010323135,15.3707201644516,15.4000371501996,15.4270476461327,15.4428383887652,15.467436236175,15.6328369002776
6.26034867571648,6.21106839952059,6.34032894884735,6.45937813273031,6.58757005631886,6.70825747606565,6.83994756557337,6.96081567015115,6.94245251222207,6.91540358418741,6.89850437148202,6.87138134620896,6.85065620605804,6.81748231997344,6.9530134505266,7.07727811230671,7.20239510566859
7.55037252904586,7.50114149002984,7.45035145263766,7.38933559003485,7.32740382091937,7.26813826788621,7.20994397847053,7.16087147113719,7.10262029156287,7.27577324994678,7.45908616586752,7.63215995793091,7.81138521006126,7.97799419457349,8.15321960433833,7.93709190466264,7.71187484560778
7.26012789555628,7.1703918929382,7.08012065966692,6.98977189676076,6.89910868757384,6.8093608357068,6.76998076685633,6.73029919086068,6.68089959065131,6.64198205488027,6.60311943525164,6.55417472033655,6.56390873621837,6.57274454293755,6.5811053449184,6.58900160141884,6.59721049632974
11.960053989339,11.92016543218,12.1900509348084,12.4499037093746,12.7096237447952,12.9797301856398,13.2399918809946,13.500126299281,13.6203797497429,13.7408366970357,13.8613168264179,13.9717623004111,14.0916500188969,14.2111585708161,14.3704666060591,14.519578539857,14.6788224496329
6.19004452621488,6.01013643561733,5.83004200707523,5.5399205869685,5.23968969392092,4.94977747806509,4.64999330407477,4.36010416184062,4.0603131881028,4.05069004275082,4.05108601618625,4.04145340854768,4.03136080747268,4.02095549925343,4.01038482044856,4.23965241239778,4.46902884788652
8.84011679007178,9.47035786391422,10.1101101824924,10.7397917035239,11.3791860824156,12.0994163359084,12.8099824369173,13.5302732113852,14.250821476991,14.9718099481989,15.6928485670459,15.7038122191414,15.7135693310759,15.71250622755,15.721009365111,15.7290882948138,15.7274527157679
7.48031043218182,7.55095121506476,7.61029286899995,7.6694463405273,7.72783657799215,7.79844859999924,7.8599533166989,7.86072620561943,7.86218351518059,7.87481090695355,7.87757159294264,7.88013301462851,7.87948740947582,7.91666164233598,7.9526829285137,7.98757665505408,8.02322922753657
9.94039818115091,10.0312200922824,10.1203756534351,10.1692898392017,10.2072250497357,10.2580100702375,10.2999401208649,10.3509314800664,10.3928007231163,10.4561707921405,10.5097118332723,10.5629972846352,10.6221691881369,10.6685446695532,10.7134413041752,10.8768916551307,11.0413153528211
10.8301902270432,10.8505828868263,10.8801794646534,10.9096607278156,10.9386742953988,10.8290493310543,10.719971393345,10.6004450052406,10.4913380173222,10.3829480339301,10.2646397307442,10.1862093221149,10.095813707335,10.0040821300072,9.91164404848543,9.8285150194768,9.73585099708888
13.1103302969217,12.9810120838823,12.8403116098614,12.7094109115285,12.5676981393316,12.4383493249908,12.1799503294067,11.9307726759488,11.6723232396152,11.4151187597499,11.1680561036768,10.9107814322593,11.010094514449,11.0970879247898,11.1828546107045,11.2674215837702,11.362795961781
15.1700541457543,15.390165911462,15.6100510823743,15.8199034304061,16.039622654727,16.2597294039468,16.2799918574726,16.3101266651891,16.3403808499353,16.3708391210735,16.391320641463,16.4217674060618,16.321654799251,16.2311619273708,16.1304679578874,16.0395773188233,15.9388190380915
11.1000621229333,11.0401903548455,10.970058608232,10.8998892030128,10.8295670612492,10.7696895376049,10.6999906578514,10.5401453265025,10.3904369597477,10.2409627469995,10.0815152087657,9.9320277942442,9.78189859731113,9.72133311166331,9.66053690112934,9.59951504610297,9.53864504948101
5.07024966484761,5.05076501399692,5.03023553967186,4.98955471978754,4.94826006948528,4.91875228772193,4.87996245499038,4.84058405032057,4.80175609043369,4.74386916828134,4.68608944790155,4.62814946935651,4.5676302419004,4.50535762081388,4.44215774322941,4.4080510266588,4.3645546113636
12.6602640550529,12.6608091079435,12.660249115729,12.649529054686,12.6481597832115,12.6486803719678,12.6499602909677,12.6506177138662,12.6618573081344,12.6740921797558,12.6864404320554,12.688619189215,12.6980700344794,12.6256664238513,12.5522821114306,12.4679386915555,12.3942407495564
5.18000948919336,5.18002907644308,5.25000895232751,5.31998307591135,5.38993386919624,5.4599525772926,5.52999857299959,5.59002219842506,5.77006674500549,5.94014705829117,6.11023144607246,6.28030974280526,6.46029000814992,6.63020363098843,6.64008201091527,6.64992592395365,6.66979303315616
8.93004210177812,8.7301290067459,8.53003971980474,8.32992491098017,8.12970658997792,7.92978959430628,7.72999366866555,7.53009849026499,7.35029613512062,7.16065247016544,6.98102688298641,6.80137427096282,6.62128671198383,6.43090347265474,6.35036386711032,6.25967133842062,6.16908172677794
2.53001496372797,2.43004585131406,2.33001411713184,2.23997331201403,2.13989571680947,2.4799252180383,2.81999774973008,3.15003500520874,3.49010525173945,3.83023189961299,4.17036497265274,4.41048844057751,4.6504573205441,4.89032111040484,5.14012932490485,5.37988318777305,5.61967362920778
6.99029917028204,7.01091670675876,7.03028224425961,7.05946642625892,7.07791506290207,7.09850488189379,7.11995501028188,7.17069986023586,7.21210430132788,7.26463637623438,7.31729690969178,7.35976540778273,7.40914322397922,7.52641997039366,7.632585596878,7.74766456948275,7.86347485851609
3.53038058443251,3.55116617305428,3.56035905227832,3.57932122315736,3.59734768240741,3.60809801069775,3.61994276708826,3.63089031540461,3.6526769514714,3.66589808789174,3.67928264069279,3.87242289893866,4.06163139829842,4.24816705714335,4.43328922349442,4.62702902142546,4.81169915122659
6.70036439545158,6.58111656736439,6.46034377921408,6.23935009639658,6.02746050446543,5.80817891592117,5.58994520161379,5.37085244391572,5.15256308155813,4.99564719998293,4.82888778351968,4.67189446409785,4.50113663164705,4.33781965372626,4.1631493092681,4.08715539841668,4.01205224575966
4.43002075109313,4.21006358474909,3.99001957706785,3.75996299017972,3.53985538428632,3.30989629539804,3.08999687941661,2.82004854380863,2.5401459588582,2.27032158901034,1.99050612932332,1.72067734965104,1.44063419364652,1.46044530293076,1.47017934255097,1.48983800952498,1.49954740217663
8.93004210177812,8.7301290067459,8.53003971980474,8.32992491098017,8.12970658997792,7.92978959430628,7.72999366866555,7.53009849026499,7.35029613512062,7.16065247016544,6.98102688298641,6.80137427096282,6.62128671198383,6.43090347265474,6.35036386711032,6.25967133842062,6.16908172677794
5.89029784075221,5.93091263286152,5.97028098994998,6.00946879749113,6.04792432848172,6.08851152628412,6.12995521021875,6.09069675001696,6.05209494969249,6.01461577191336,5.977264481808,5.94972200975233,5.9091025909692,5.96639143967825,6.02257410633768,6.07767494826947,6.13350385661784
11.6002544355135,11.6207796320988,11.6502400404299,11.6695462112484,11.6982268224054,11.728728446086,11.7599617375698,11.7805952105178,11.7717896463019,11.7639431014332,11.7562058067787,11.7483051917009,11.737776042701,11.7254599957339,11.5621989739918,11.40801378513,11.2544505593514
3.92039599133706,3.88121338233403,3.84037358751337,3.80929374476062,4.07724031069036,4.34802101393922,4.62994045017266,4.90092635735297,5.17278532042267,5.45613685561172,5.45965842264014,5.45292580552628,5.45210226317919,5.44849767778666,5.44342237857937,5.4369087496029,5.33136311440044
6.39000041710742,6.44000127808546,6.1500003935089,5.85999925608405,5.56999709315146,5.27999791548543,4.99999993727476,4.71000097575496,4.81000293384637,4.91000646410072,5.01001017345372,5.11001361506839,5.21001274761099,5.31000895081268,5.5700036048754,5.82999674391008,6.08999090255633
6.84032122483577,7.01098428552469,7.17030305104277,7.32942709170115,7.4877613632868,7.64839466318362,7.80995169368188,7.97075145327869,8.13225942845609,8.14497816555943,8.14783483105805,8.16048530452238,8.16981725391007,8.17689324461404,8.18277620466458,8.3674924037266,8.55299383118119
6.84028704809826,7.03087956240159,7.07027080790716,7.10948804631727,7.14799954318706,7.18856546309974,7.22995683323578,7.27067150235771,7.11201903641698,6.94444851330749,6.7870012436926,6.61936971985846,6.45877274653496,6.28615983740019,6.1124808301868,5.92775919959695,5.75373925297322
7.55037252904586,7.50114149002984,7.45035145263766,7.38933559003485,7.32740382091937,7.26813826788621,7.20994397847053,7.16087147113719,7.10262029156287,7.27577324994678,7.45908616586752,7.63215995793091,7.81138521006126,7.97799419457349,8.15321960433833,7.93709190466264,7.71187484560778
4.7901166336565,4.88035738463219,4.97011003492658,5.04979198249239,5.13918717248377,5.22941711760135,5.31998246043931,5.44027284547711,5.5708203767986,5.69180752416109,5.82284475200078,5.94380711349077,6.06356455072177,6.19250287099523,6.3110080132827,6.42908951584752,6.55745612730927
6.46029166234886,6.45089370122142,6.44027516109938,6.36947981674667,6.30796738617536,6.24854240315683,6.18995613933719,6.12068229664681,6.06205149209274,5.85452002242159,5.65711378752455,5.44952033655221,5.24891376698148,5.03625885576545,4.82252070912087,4.72772317910187,4.62363861250245
7.91017075334154,7.95052321621385,7.98016109270655,8.01969545939318,8.08881000888885,8.1591466518303,8.21997432183222,8.2903994496815,8.36120104336855,8.43264624122823,8.51416475762296,8.60557366861075,8.68521855324711,8.77366423894026,8.86147574586537,8.93866703817639,9.05627573399098
8.83031340407204,8.92096032142329,9.02029567275087,9.11944104012589,9.21781586669648,9.30843374783262,9.40995286978117,9.47073315787343,9.54220441883616,9.60485696367111,9.66764407880051,9.73023002199059,9.79957823620409,9.97672541687632,10.1627086132509,10.3475534554132,10.5231644082503
10.7401719264561,10.7805268108291,10.8201621994503,10.8596933671295,10.8988018333774,10.939140789133,10.9799741454173,10.9204021939923,10.8512092948115,10.7926644215115,10.7241933704616,10.6656119609905,10.595254405903,10.5436894131009,10.4814858845774,10.4286578804234,10.3762501474306
8.64035117836087,8.86107606803303,9.09033130990076,9.20937366923439,9.33755261522777,9.45824496897797,9.5799471892216,9.71082152468083,9.83247011530045,9.94544236879167,10.0585654122044,10.1714630366191,10.270732691724,10.3775360248495,10.483035079779,10.467258575767,10.4623405210065
7.48031043218182,7.55095121506476,7.61029286899995,7.6694463405273,7.72783657799215,7.79844859999924,7.8599533166989,7.86072620561943,7.86218351518059,7.87481090695355,7.87757159294264,7.88013301462851,7.87948740947582,7.91666164233598,7.9526829285137,7.98757665505408,8.02322922753657
11.1000621229333,11.0401903548455,10.970058608232,10.8998892030128,10.8295670612492,10.7696895376049,10.6999906578514,10.5401453265025,10.3904369597477,10.2409627469995,10.0815152087657,9.9320277942442,9.78189859731113,9.72133311166331,9.66053690112934,9.59951504610297,9.53864504948101
10.8000918418355,10.8902814184308,10.8500866457412,10.8198361989988,10.7893599482924,10.7595410159387,10.7299861886741,10.7002148490424,10.5906459963034,10.4714233141751,10.3522400673444,10.242997867865,10.1228068645938,10.0119708570666,9.82079374850133,9.62928304969397,9.43799685661837
4.43002075109313,4.21006358474909,3.99001957706785,3.75996299017972,3.53985538428632,3.30989629539804,3.08999687941661,2.82004854380863,2.5401459588582,2.27032158901034,1.99050612932332,1.72067734965104,1.44063419364652,1.46044530293076,1.47017934255097,1.48983800952498,1.49954740217663
4.75023801190965,4.68072930748585,4.60022454601692,4.5995755029404,4.59834127956569,4.59881052384894,4.59996420737833,4.60055679016673,4.61167412609999,4.58368857746775,4.56580522703781,4.54776909838414,4.5272741055185,4.50510755748467,4.47205703202302,4.3481419936718,4.22480877119658
5.66009223287366,5.69028261663584,5.72008701465584,5.74983550157758,5.77935722312194,5.96953906170622,6.1699861298691,6.3702157638127,6.5606487467844,6.76142937426955,6.95224960495725,7.33301063199159,7.71281881547913,8.09197924845353,8.46079712807201,8.83927999710964,9.21798832776491
8.64007588747745,8.62023253166393,8.63007159402577,8.63986465378529,8.64947113524815,8.66962074862262,8.67998858791661,8.69017752641571,8.69053377667874,8.68117606232297,8.68185093273899,8.68247709150015,8.68231926847364,8.67162848848169,8.77065586201742,8.86940759513459,8.96834483383936
5.18000948919336,5.18002907644308,5.25000895232751,5.31998307591135,5.38993386919624,5.4599525772926,5.52999857299959,5.59002219842506,5.77006674500549,5.94014705829117,6.11023144607246,6.28030974280526,6.46029000814992,6.63020363098843,6.64008201091527,6.64992592395365,6.66979303315616
9.96036337875229,9.89111345203121,9.81034282003613,9.7293519096918,9.64746758990868,9.57818399692554,9.4299453545067,9.28085006551304,9.13255593030754,8.98563144373745,8.8388629857262,8.69186127736872,8.59110555934527,8.48779783612036,8.38314052238432,8.28716333513594,8.18207442077865
4.43006493840823,4.47019898192197,4.5200612644171,4.55988418157993,4.51954744002168,4.46967546713122,4.42999023445562,4.39015191284834,4.34045676321083,4.30100637967932,4.40158387957843,4.50211969595565,4.60198464368528,4.71139352964888,4.81056123403827,4.9094930674958,5.03858364173613
14.7302032877187,14.9706229068757,15.2001917864009,15.4296374339463,15.6585832747046,15.8889840596905,16.1199694292592,16.3504755585674,16.3314298833875,16.3231504410836,16.3049582870143,16.286635643943,16.276212866904,16.2543624023292,15.8417569261463,15.4384130631602,15.0255661333835
11.6900980984465,11.8003005897119,12.0500925483748,12.289825040259,12.5393163455647,12.7795097482195,13.0299852477946,13.2702294853666,13.4406900039994,13.6015202756858,13.7623926691504,13.9332020938904,14.0929980787586,14.2521051192568,14.4708478216323,14.6892342083447,14.9078603949631
11.6703022203799,11.7509260527583,11.8402851217934,11.9294609863733,12.0078938065723,12.0984896388807,12.1999545516032,12.3007069954439,12.4021257550797,12.5046836449708,12.6073713030722,12.7098649679701,12.6692364408845,12.6264854232114,12.5826119575293,12.547640759325,12.5034083334591
7.49032138125105,7.43098476480672,7.18030319860861,6.91942681273266,6.66776027321861,6.40839388149064,6.15995167015989,5.91075181918679,5.87226052864849,5.83498058959719,5.7978386461032,5.75049041017301,5.70982203426419,5.66689660116879,5.67277755649286,5.66749118269287,5.6629904196398
8.84011679007178,9.47035786391422,10.1101101824924,10.7397917035239,11.3791860824156,12.0994163359084,12.8099824369173,13.5302732113852,14.250821476991,14.9718099481989,15.6928485670459,15.7038122191414,15.7135693310759,15.71250622755,15.721009365111,15.7290882948138,15.7274527157679
9.38031004114363,9.3809500168597,9.37029250008535,9.36944703794853,9.36783930316263,9.36845055423169,9.35995337550386,9.39072529084917,9.41218076469959,9.43480484685914,9.45756205532977,9.48012025050192,9.49947545859052,9.54665325094909,9.59267954894302,9.62757970763841,9.67323775639002
11.1700139470287,11.1500427359809,11.1200131579539,11.0999751253092,11.0799028022527,10.9599302990427,10.839997902623,10.7200326268061,10.6000981004889,10.4802161433675,10.3603401748593,10.2104552538484,10.0704262482423,9.92029929279894,9.77012053802107,9.6198911244923,9.47969580422676
8.93004210177812,8.7301290067459,8.53003971980474,8.32992491098017,8.12970658997792,7.92978959430628,7.72999366866555,7.53009849026499,7.35029613512062,7.16065247016544,6.98102688298641,6.80137427096282,6.62128671198383,6.43090347265474,6.35036386711032,6.25967133842062,6.16908172677794
12.3201594914418,12.1504887079078,11.9901504679662,11.8197155451248,11.6488884937988,11.4692029337249,11.2999760154152,11.1303731042979,10.9611218295158,10.8124717105091,10.6638900743721,10.515206061765,10.3548743677505,10.2034225669979,10.0513784142297,10.0087549526051,9.96652136497051
7.91017075334154,7.95052321621385,7.98016109270655,8.01969545939318,8.08881000888885,8.1591466518303,8.21997432183222,8.2903994496815,8.36120104336855,8.43264624122823,8.51416475762296,8.60557366861075,8.68521855324711,8.77366423894026,8.86147574586537,8.93866703817639,9.05627573399098
9.94039818115091,10.0312200922824,10.1203756534351,10.1692898392017,10.2072250497357,10.2580100702375,10.2999401208649,10.3509314800664,10.3928007231163,10.4561707921405,10.5097118332723,10.5629972846352,10.6221691881369,10.6685446695532,10.7134413041752,10.8768916551307,11.0413153528211
14.1501194491314,14.1303660117087,14.1101126911117,14.0897869610595,14.0691675512563,14.0294030471277,13.9899820370436,13.950279431823,13.9108401802618,13.8718511568409,13.8329134228135,13.6438990152022,13.4636505970959,13.2725632889808,13.0810323461916,12.8990675372403,12.7073947195644
5.130076200308,5.12023349022798,5.12007188915744,5.1398640958483,5.15946895511176,5.17961918523666,5.19998854087264,5.22017825823192,5.24053597706354,5.1211809103985,5.01185856282929,4.89248730280142,4.77232882918188,4.6516352015912,4.54065856567397,4.61940515306713,4.6883380107566
13.5001951541244,13.6405979842102,13.7801841129773,13.919651940308,14.0586399582507,14.1990247077254,14.3399706524024,14.4104565313459,14.4913726733827,14.5630243911198,14.6347599046665,14.7163701501099,14.7859642884898,14.784187861482,14.771686631076,14.7684765569143,14.7557435335353
11.9401819370337,11.8905574848788,11.840171643664,11.7896755131458,11.738732069013,11.6890907607822,11.6399726400102,11.520425612111,11.4012797071251,11.2828195599285,11.1644375333512,11.0459387226312,10.9255603485667,10.6239042326052,10.3315724015869,10.0385797342646,9.73603180878215
9.96036337875229,9.89111345203121,9.81034282003613,9.7293519096918,9.64746758990868,9.57818399692554,9.4299453545067,9.28085006551304,9.13255593030754,8.98563144373745,8.8388629857262,8.69186127736872,8.59110555934527,8.48779783612036,8.38314052238432,8.28716333513594,8.18207442077865
8.20016746862077,8.25051315129126,8.30015799382396,8.35970131773157,8.40883290032091,8.45916306738288,8.50997481579392,8.61039176561129,8.70117793932818,8.80259533643514,8.89408464167479,8.9954664499474,9.08511816581061,9.36359375129042,9.64144735747162,9.91869267988475,10.20634737636
14.1501194491314,14.1303660117087,14.1101126911117,14.0897869610595,14.0691675512563,14.0294030471277,13.9899820370436,13.950279431823,13.9108401802618,13.8718511568409,13.8329134228135,13.6438990152022,13.4636505970959,13.2725632889808,13.0810323461916,12.8990675372403,12.7073947195644
3.34007666955383,3.42023492807407,3.52007233185496,3.62986325894282,3.72946568490718,3.82961684015772,3.92998847030668,4.04017935595623,4.15053927764073,4.2711881825118,4.39187000796474,4.51250261975333,4.63234317024424,4.75164527125547,4.86066262115879,4.96940148996594,5.07832777613245
3.91023097322229,3.87070773979459,4.00021790555421,4.13958805652267,4.26839033263439,4.40884570003303,4.53996526586769,4.680540324302,4.87162461744205,5.07357949576827,5.27563355000603,5.47753934410553,5.67705898958312,5.87495651252072,5.93199619975071,5.99819694018973,6.06496229055879
7.78031160529638,7.77095480967997,7.76029397574373,7.74944424826358,7.7378284024807,7.60844273730189,7.479953140284,7.35072894993022,7.22219176662357,7.0948290872368,6.96760020578128,6.86017130700828,6.75952326213172,6.64668681649664,6.53269306722576,6.42756749730109,6.3132036409762
12.1600962214632,12.1402948383276,12.1300907775847,12.109828387881,12.099329426383,12.0795191285352,12.0699855300585,12.0202250944694,11.9706768016906,11.9214911872326,11.8723468886086,11.8231408260828,11.7729407145092,11.6520648405998,11.540831599693,11.4292488607495,11.3079013334597
8.20013829717205,8.29042376519306,8.38013047279516,8.46975334535585,8.50903619803898,8.55930885312364,8.60997920264428,8.66032352374968,8.71097275344582,8.76214325339173,8.74337313575417,8.72451424610383,8.70422662976732,8.68296775382872,8.66119524149859,8.63892040267569,8.51698362882781
6.58011053346079,6.56033869263311,6.5401042798589,6.52980286226369,6.48922968514331,6.44944760362757,6.39998337779676,6.36025857506101,6.32077746929505,6.2817129866882,6.16269596523989,6.05360799311598,5.93337811691111,5.8123719653598,5.69095529198003,5.56913713616305,5.46758917742318
6.19004452621488,6.01013643561733,5.83004200707523,5.5399205869685,5.23968969392092,4.94977747806509,4.64999330407477,4.36010416184062,4.0603131881028,4.05069004275082,4.05108601618625,4.04145340854768,4.03136080747268,4.02095549925343,4.01038482044856,4.23965241239778,4.46902884788652
7.6800527380168,7.8001615979238,7.92004975428173,8.06990594112253,8.22963246534077,8.37973643918365,8.53999206917051,8.69012337201614,8.85037094820373,9.19081730473355,9.53128630605666,9.87172145520605,10.201611776064,10.541131718378,10.8804557914329,11.1395883081269,11.3988497419639
6.13033506758758,6.00102670198416,5.86031611061944,5.72940240298936,5.53766489225169,5.3583254833549,5.16994961198613,4.980783836146,4.79235679548338,4.60519269290175,4.5681724625539,4.53093715460364,4.50024031524964,4.45719029970981,4.4128958414668,4.36738434224136,4.08269190976885
8.35032834173077,8.53100609285696,8.61030976528841,8.68941439863464,8.75771176518401,8.83835909615304,8.91995062343152,8.99076810209748,8.92230948721024,8.85508845927779,8.77800841561241,8.7107176116263,8.6300347600225,8.55704596785537,8.34283771285103,8.12743684669181,7.91283860604829
11.6900980984465,11.8003005897119,12.0500925483748,12.289825040259,12.5393163455647,12.7795097482195,13.0299852477946,13.2702294853666,13.4406900039994,13.6015202756858,13.7623926691504,13.9332020938904,14.0929980787586,14.2521051192568,14.4708478216323,14.6892342083447,14.9078603949631
10.7401719264561,10.7805268108291,10.8201621994503,10.8596933671295,10.8988018333774,10.939140789133,10.9799741454173,10.9204021939923,10.8512092948115,10.7926644215115,10.7241933704616,10.6656119609905,10.595254405903,10.5436894131009,10.4814858845774,10.4286578804234,10.3762501474306
17.4601822498642,17.3805584434429,17.2901719387957,17.2096749552088,17.1187298888766,17.0390891973963,17.1799725929663,17.3204263439272,17.4712819075099,17.6128244080041,17.7544451634415,17.9059489339325,17.8055699092749,17.7139109457147,17.6115751052435,17.5085772921971,17.4160249856994
11.6703022203799,11.7509260527583,11.8402851217934,11.9294609863733,12.0078938065723,12.0984896388807,12.1999545516032,12.3007069954439,12.4021257550797,12.5046836449708,12.6073713030722,12.7098649679701,12.6692364408845,12.6264854232114,12.5826119575293,12.547640759325,12.5034083334591
4.70034085495274,4.54104443541919,4.38032157055545,4.52939208115505,4.66762455972853,4.80829656071464,4.95994874167266,5.10079737474589,5.25239750260213,5.3452823822991,5.43831361922448,5.53112606367717,5.62041718835206,5.71731449223572,5.80294585911292,5.86733916399329,5.93256568273771
4.12031973889066,4.07097973234543,4.03030164916731,3.97942974190185,3.93777171893464,3.95840208926693,3.97995191714074,3.99074797715169,4.01224897662831,4.03495513720065,4.05779858812912,4.06043680084134,4.05977184054593,4.05686135734387,4.05276336229598,4.03750400354705,4.03302624082432
7.78031160529638,7.77095480967997,7.76029397574373,7.74944424826358,7.7378284024807,7.60844273730189,7.479953140284,7.35072894993022,7.22219176662357,7.0948290872368,6.96760020578128,6.86017130700828,6.75952326213172,6.64668681649664,6.53269306722576,6.42756749730109,6.3132036409762
8.20016746862077,8.25051315129126,8.30015799382396,8.35970131773157,8.40883290032091,8.45916306738288,8.50997481579392,8.61039176561129,8.70117793932818,8.80259533643514,8.89408464167479,8.9954664499474,9.08511816581061,9.36359375129042,9.64144735747162,9.91869267988475,10.20634737636
7.89033373805774,7.77102262808692,7.73031485630982,7.69940477422157,7.65767415783133,7.61833212774523,7.58994981192301,7.5507807259271,7.48234744384799,7.40517208858073,7.33814003467012,7.26089375657324,7.19019968223963,7.11716176899439,7.01288435092647,6.91739472102807,6.8127209078706
12.7703744060292,12.7811472414142,12.8003532234277,12.8093322424129,12.8173907401011,12.8281288875705,12.8399436962067,13.0908758620345,13.3426334938717,13.5958023384,13.8591319464093,14.1122212257385,14.3614425743107,14.6280344732305,14.8932358262776,15.1570772522579,15.4218339071112
4.43006493840823,4.47019898192197,4.5200612644171,4.55988418157993,4.51954744002168,4.46967546713122,4.42999023445562,4.39015191284834,4.34045676321083,4.30100637967932,4.40158387957843,4.50211969595565,4.60198464368528,4.71139352964888,4.81056123403827,4.9094930674958,5.03858364173613
11.1000621229333,11.0401903548455,10.970058608232,10.8998892030128,10.8295670612492,10.7696895376049,10.6999906578514,10.5401453265025,10.3904369597477,10.2409627469995,10.0815152087657,9.9320277942442,9.78189859731113,9.72133311166331,9.66053690112934,9.59951504610297,9.53864504948101
6.78033686636324,7.15103221372748,7.51031780762658,7.87939919485167,7.84765235646747,7.80831649388563,7.7799493414833,7.75078804408921,7.72236944769596,7.69522056933606,7.54821633557313,7.39099586958596,7.24029528932202,7.07722890008948,6.92291138749194,6.75737030035344,6.55265267704295
4.43002075109313,4.21006358474909,3.99001957706785,3.75996299017972,3.53985538428632,3.30989629539804,3.08999687941661,2.82004854380863,2.5401459588582,2.27032158901034,1.99050612932332,1.72067734965104,1.44063419364652,1.46044530293076,1.47017934255097,1.48983800952498,1.49954740217663
12.6602640550529,12.6608091079435,12.660249115729,12.649529054686,12.6481597832115,12.6486803719678,12.6499602909677,12.6506177138662,12.6618573081344,12.6740921797558,12.6864404320554,12.688619189215,12.6980700344794,12.6256664238513,12.5522821114306,12.4679386915555,12.3942407495564
6.06039427076904,6.26120811023172,6.46037196428915,6.65929681341407,6.85725230144049,7.058029612562,7.25994070891451,7.46092233236381,7.62277321830629,7.79611019119629,7.95961645714348,8.12286964336929,8.28204967928387,8.44846075568436,8.40340750846836,8.35692218097395,8.31140064135564
11.6900977074083,11.7002993915068,11.7100921794602,11.7098257376803,11.7193190707352,11.5695117024519,11.4199853065996,11.2702285705964,11.1206872535184,10.9715142155914,10.8223831315375,10.7131893297638,10.5929861278733,10.4820967278699,10.3708444420616,10.249237260929,10.1378689238165
5.26027570799084,5.42084481445457,5.5702601093839,5.72950827153315,5.88807857313108,5.79862213584078,5.70995853857975,5.62064497402008,5.53193927246807,5.44427277056943,5.35672465291916,5.30899956018736,5.25842617086129,5.2059164871805,5.15238282263696,5.09784772454249,5.04398658972344
5.36009989722211,5.40030610145521,5.45009424538191,5.47982183212134,5.50930380978046,5.5295007587502,5.55998497729179,5.59023369330985,5.62070265621194,5.7015481521201,5.79243654216964,5.88326080887274,5.97305305283098,6.0621437196365,6.14086336765742,6.1992201664568,6.25782116223718
9.3300552406612,9.52016926643624,9.70005211533514,9.87990147762661,10.0596150242497,10.299723932096,10.5299916928187,10.7701292265458,11.0003885512821,11.2308560893378,11.4713473467791,11.4218031456162,11.3816882617299,11.3311854232541,11.2904774206853,11.2495687715872,11.1987951573018
7.4603491449623,7.27106983736667,7.07032939154487,6.87937729582482,6.67756678611428,6.48825513098671,6.28994749500741,6.20081676787547,6.11245581279926,6.02541085630071,5.93851581661747,5.85139666316086,5.7606705471204,5.79749238963771,5.82301750601142,5.85727444920551,5.89238487104444
3.23007471436289,3.31022893704872,3.40007048728198,3.479866746049,3.5594793107596,3.64962661131997,3.72998876433151,3.82017478210492,3.90052552523575,3.98115788203972,3.97182231990036,3.96243879912038,3.95228341581775,3.94160331432104,3.93064572330537,3.91941675288758,3.90837042039973
7.26012789555628,7.1703918929382,7.08012065966692,6.98977189676076,6.89910868757384,6.8093608357068,6.76998076685633,6.73029919086068,6.68089959065131,6.64198205488027,6.60311943525164,6.55417472033655,6.56390873621837,6.57274454293755,6.5811053449184,6.58900160141884,6.59721049632974
8.64035117836087,8.86107606803303,9.09033130990076,9.20937366923439,9.33755261522777,9.45824496897797,9.5799471892216,9.71082152468083,9.83247011530045,9.94544236879167,10.0585654122044,10.1714630366191,10.270732691724,10.3775360248495,10.483035079779,10.467258575767,10.4623405210065
6.87037237263059,6.59114101074781,6.31035130507182,6.01933586900334,5.73740491098756,5.44813904957919,5.36994400199252,5.28087110522908,5.20261919137047,5.12577082590901,5.03908235082237,4.96215485228028,4.95138042970714,4.94799083801874,4.93321825251005,4.92709312569637,4.91187825714917
4.01033897796944,3.89103868403486,3.62031979976539,3.35939542877699,3.08763764054685,2.8183059410304,2.54994902393649,2.29079298384863,2.16238430029335,2.0352532938459,1.91826783868267,1.79106479586954,1.66035982410263,1.53727421357867,1.70292963717364,1.86735381639807,2.04260662123429
5.91032716861621,6.03100249824175,6.15030865854462,6.26941649089835,6.34771994069546,6.42836495885039,6.50995079984642,6.59076535778669,6.67230123576724,6.76507027899455,6.80797980277378,6.86067931924654,6.89999890736661,6.93702079369471,6.98282757413898,7.0174460044448,7.20286419260866
8.35032834173077,8.53100609285696,8.61030976528841,8.68941439863464,8.75771176518401,8.83835909615304,8.91995062343152,8.99076810209748,8.92230948721024,8.85508845927779,8.77800841561241,8.7107176116263,8.6300347600225,8.55704596785537,8.34283771285103,8.12743684669181,7.91283860604829
6.5202339451125,6.47071684615312,6.41022070930513,6.46958275612127,6.52836962133872,6.58883084786642,6.64996481894996,6.710547276556,6.77164552109762,7.18362555248582,7.59570603586389,7.99763635146761,8.40714981631139,8.80502028706106,9.21202188448791,9.49817374054883,9.79489747127252
8.73031066680473,8.57095193398781,8.4102930903487,8.24944592207455,8.08783494288986,7.92844742745977,7.76995328141592,7.66072675448159,7.55218516546918,7.4348145430102,7.32757731551037,7.22014067310446,7.109494580007,7.06666667716811,7.01268495625611,6.96757482350348,6.92322411022449
9.3300552406612,9.52016926643624,9.70005211533514,9.87990147762661,10.0596150242497,10.299723932096,10.5299916928187,10.7701292265458,11.0003885512821,11.2308560893378,11.4713473467791,11.4218031456162,11.3816882617299,11.3311854232541,11.2904774206853,11.2495687715872,11.1987951573018
1.07019053987378,0.930583845390379,0.790179759785069,0.659660169878582,0.578672115262387,0.509047767668343,0.439971346301018,0.370445737056808,0.291340217706985,0.222952882005673,0.34464736083454,0.45621953341618,0.575823268043232,0.694088843116701,0.801646752141979,0.918512577409341,1.03584417400612
11.7703838691533,11.2911762379769,10.8103621511609,10.319315364819,9.83732479097535,9.35808159514517,9.31994227312656,9.29089799947482,9.26270005551177,9.22594899268483,9.19936275664096,9.17253011760201,9.39173178573493,9.61823754479319,9.84331761188817,10.0670033797171,10.2916275088576
8.04025748561134,7.85078897809832,7.78024291796376,7.70954077136279,7.63820556607561,7.56871320307294,7.48996127889109,7.42060234572583,7.49181110005363,7.56399037016965,7.62628020015909,7.6984047518883,7.76786925960637,7.8255254485516,7.94222533464309,8.05798997497222,8.16438403429448
10.7401719264561,10.7805268108291,10.8201621994503,10.8596933671295,10.8988018333774,10.939140789133,10.9799741454173,10.9204021939923,10.8512092948115,10.7926644215115,10.7241933704616,10.6656119609905,10.595254405903,10.5436894131009,10.4814858845774,10.4286578804234,10.3762501474306
4.3201314931076,4.40040291642485,4.3301240536812,4.25976548048538,4.1890836160054,4.11934285676826,4.04998022585066,3.9803076067471,4.17092489507648,4.35203780774889,4.5432071812901,4.73429215030117,4.91401868436312,5.1028217436969,5.29113643696869,5.47897351764302,5.66713203087795
10.7700963778784,10.6002953176096,10.4900909251506,10.3798281089125,10.2693283363148,10.1595183468423,10.0499855065365,9.94022546037749,9.82067790188297,9.71149361127035,9.60235070365374,9.48314593173344,9.37294549486329,9.26206819715453,9.33083295152126,9.39924763971576,9.46789792191828
4.43006493840823,4.47019898192197,4.5200612644171,4.55988418157993,4.51954744002168,4.46967546713122,4.42999023445562,4.39015191284834,4.34045676321083,4.30100637967932,4.40158387957843,4.50211969595565,4.60198464368528,4.71139352964888,4.81056123403827,4.9094930674958,5.03858364173613
10.5201282865945,10.5303930911433,10.5401210285815,10.5497711993395,10.5591059624034,10.5593588814743,10.5699807080514,10.5803001056309,10.5809023411323,10.5919881149747,10.5931289728645,10.5941874844631,10.6039206871037,10.5427529343244,10.4911087244891,10.4389985488345,10.3872019674763
6.55016199408616,6.27049637642029,6.05015282901962,5.83971108162889,5.61887105270768,5.40919042663718,5.19997563906343,4.98037895882761,4.80113943259422,4.63251049511332,4.45395111509452,4.27528775217515,4.10495085341642,3.92347627187402,3.74140004348205,3.55873541606536,3.38646678030839
7.54021384574971,7.74065525841254,7.90020174709494,8.05961860357285,8.21850969510157,8.37893129541434,8.53996784152513,8.70050025736448,8.83150414637439,8.95331406363285,9.08521580256201,9.21698027536091,9.34653554080704,9.47458896977511,9.56184817455475,9.65833064338333,9.75533585434015
6.8401367330193,7.13041897237278,7.43012899713677,7.7197561350408,7.86904709872092,8.01931667005343,8.16997943786413,8.32031986466862,8.47096175152183,8.62211901301406,8.57333498530266,8.51446318959747,8.46417882622613,8.40293418828117,8.35118172321586,8.28893261301301,8.44701774424164
7.63028673526771,7.56087860383754,7.48027051277548,7.40948860425426,7.29800172332345,7.17856702648569,7.06995688027975,6.9606707705415,6.84201683603218,6.73444366523196,6.64699361360229,6.55935950855719,6.46876318582672,6.37615312429068,6.28247812653025,6.18776164166442,6.13374607605599
2.92039567850651,2.96121242376997,3.01037329238169,3.14929430269761,3.28724249082675,3.42802257732518,3.57994049721663,3.72092562553676,3.86278312003787,4.01613200753619,4.15965079254984,4.31291559422501,4.45209270247095,4.58849096467715,4.73341967492282,4.86691119167037,5.0013699374832
7.43003991196428,7.51012229679751,7.59003765388301,7.6699288165391,7.74972185093263,7.429800538008,7.10999399797335,6.79009336755152,6.47028073242704,6.15061853363672,5.8309734723543,5.88130279185392,5.93121978702616,5.99085648088817,6.04034494151449,6.08968843289286,6.1491294883573
16.7600314655394,16.900096415568,17.0300296853278,17.1699438808378,17.3097807146151,17.4498427494289,17.5499952681606,17.6500736085138,17.7502213220375,17.8504876355973,17.9507674599162,18.0510270867196,18.1509616479037,18.2606752269314,18.3702719427877,18.4797543687144,18.5893137115919
7.91017075334154,7.95052321621385,7.98016109270655,8.01969545939318,8.08881000888885,8.1591466518303,8.21997432183222,8.2903994496815,8.36120104336855,8.43264624122823,8.51416475762296,8.60557366861075,8.68521855324711,8.77366423894026,8.86147574586537,8.93866703817639,9.05627573399098
8.74007424511707,8.79022749920263,8.84007004458446,8.87986758295449,8.92948258096418,8.94962895639891,8.95998883489747,8.9701736843806,8.99052222465856,9.00115060992642,9.0118108747649,8.90242348216848,8.79226907475539,8.68159324465677,8.57064166782055,8.45942041598878,8.34838065502388
15.9003284199384,15.871006332498,15.8503098390713,15.8194142591504,15.7377112201499,15.6483587053065,15.5599506116705,15.4707682850515,15.3923100373064,15.3050896712967,15.338010323135,15.3707201644516,15.4000371501996,15.4270476461327,15.4428383887652,15.467436236175,15.6328369002776
5.36009989722211,5.40030610145521,5.45009424538191,5.47982183212134,5.50930380978046,5.5295007587502,5.55998497729179,5.59023369330985,5.62070265621194,5.7015481521201,5.79243654216964,5.88326080887274,5.97305305283098,6.0621437196365,6.14086336765742,6.1992201664568,6.25782116223718
5.18000948919336,5.18002907644308,5.25000895232751,5.31998307591135,5.38993386919624,5.4599525772926,5.52999857299959,5.59002219842506,5.77006674500549,5.94014705829117,6.11023144607246,6.28030974280526,6.46029000814992,6.63020363098843,6.64008201091527,6.64992592395365,6.66979303315616
9.55024864814833,9.58076189866375,9.61023458049391,9.63955653308275,9.66826715492854,9.6987573687263,9.68996260788329,9.67058167191788,9.6617489391831,9.64385341203586,9.63606465010807,9.61811628262737,9.59759916959862,9.57533580320798,9.55214895634563,9.52805896337806,9.49457678638259
4.7901166336565,4.88035738463219,4.97011003492658,5.04979198249239,5.13918717248377,5.22941711760135,5.31998246043931,5.44027284547711,5.5708203767986,5.69180752416109,5.82284475200078,5.94380711349077,6.06356455072177,6.19250287099523,6.3110080132827,6.42908951584752,6.55745612730927
7.51031473360187,7.49096439532053,7.47029692706049,7.44943866889369,7.41780660111683,7.27842710344229,7.13995266984429,7.00073626809232,6.86221377047155,6.72487756799212,6.58767650668429,6.58027342002099,6.57961886921411,6.57675394759173,6.56272010379123,6.55754307662646,6.55313541014855
9.41008347361828,9.15025577684228,8.90007875096891,8.63985112381329,8.38941826694077,8.19958283651309,8.0199874471003,7.84019527295881,7.65058713601008,7.47129362815463,7.2920359624288,7.08272471555599,6.87255111564844,6.66179128138729,6.45072142568869,6.23934837499861,6.02817937408232
6.70006806671372,6.63020856756253,6.55006421573386,6.47987860221003,6.40952563865782,6.32965983327162,6.2599897640159,6.17015923101045,6.07047876705881,5.98105486043465,5.89166018048145,5.80222180896836,5.70208025076767,5.68146066074397,5.65058827060374,5.61946864682117,5.58851541090848
12.5801720828714,12.6805272901111,12.9901623470162,13.299693088161,13.6088007433092,13.91914000744,14.2299741218953,14.5504025599004,14.5412103950039,14.5426668455492,14.5441971855067,14.5456170666412,14.5452591862571,14.5436927696557,15.0914872364057,15.6286566593897,16.1762467358892
8.05026694873546,8.06081797466101,8.06025184569696,8.05952389376886,8.05813961694991,8.28866591064765,8.52995985581095,8.77062448316619,9.00187766169375,9.24413702445452,9.48651101039072,9.45871364375176,9.4381584710306,9.40572852011425,9.38230712025364,9.35791610243146,9.32417763604085
7.29000213767545,7.24000655018777,7.20000201673312,7.1299961874306,7.06998510240133,6.99998931686265,6.93999967853292,6.87000500074411,6.81001503596276,6.68003312851615,6.56005213895037,6.44006977722538,6.3100653315063,6.19004587291498,6.07001847498641,5.75998331253904,5.44995337560113
11.1700139470287,11.1500427359809,11.1200131579539,11.0999751253092,11.0799028022527,10.9599302990427,10.839997902623,10.7200326268061,10.6000981004889,10.4802161433675,10.3603401748593,10.2104552538484,10.0704262482423,9.92029929279894,9.77012053802107,9.6198911244923,9.47969580422676
8.00030010877369,7.94091958245092,7.88028312965463,7.81946475244795,7.69790852249291,7.58850019173591,7.46995486914996,7.36070205568449,7.24211090248227,7.12465092046097,7.05731979996269,6.99979604168655,6.92917190610394,6.85644010972219,6.78259370784765,6.70765724328036,6.6334543892678
7.59009731637008,7.74029819330175,7.89009181054558,8.0498264351015,8.19932179590565,8.23951365668437,8.28998536540456,8.34022765582612,8.38068450303736,8.43150815549695,8.48237359392465,8.44317656563725,8.40297417698801,8.37208833648305,8.3308410624909,8.29924031351337,8.25787745266998
8.93037378036806,8.87114532428606,8.79035263316436,8.71933335828689,8.63739510037382,8.55813201434237,8.47994379029465,8.41087439840203,8.42262909310206,8.43579264224891,8.44911668622873,8.472200803136,8.48142345289422,8.48802104701153,8.48323041896452,8.47708213639279,8.48184755327673
6.71020907508383,6.52064064031068,6.37019724633688,6.21962711211194,6.05854294218147,5.90895513705022,5.7599685589457,5.60048909716727,5.48147059050623,5.35324013048098,5.23509944368491,5.10682455301652,4.97638974000639,4.8544865948551,4.7418069437924,4.61836788491215,4.50543990635231
9.94039818115091,10.0312200922824,10.1203756534351,10.1692898392017,10.2072250497357,10.2580100702375,10.2999401208649,10.3509314800664,10.3928007231163,10.4561707921405,10.5097118332723,10.5629972846352,10.6221691881369,10.6685446695532,10.7134413041752,10.8768916551307,11.0413153528211
4.7901166336565,4.88035738463219,4.97011003492658,5.04979198249239,5.13918717248377,5.22941711760135,5.31998246043931,5.44027284547711,5.5708203767986,5.69180752416109,5.82284475200078,5.94380711349077,6.06356455072177,6.19250287099523,6.3110080132827,6.42908951584752,6.55745612730927
6.06039427076904,6.26120811023172,6.46037196428915,6.65929681341407,6.85725230144049,7.058029612562,7.25994070891451,7.46092233236381,7.62277321830629,7.79611019119629,7.95961645714348,8.12286964336929,8.28204967928387,8.44846075568436,8.40340750846836,8.35692218097395,8.31140064135564
12.2701988298833,12.5206092473379,12.7601875807745,13.0096453845484,13.2586143416481,13.5090063379404,13.7599700996358,13.5404651301864,13.3213985279041,13.1030813560073,12.8748495582275,12.6564901328999,12.4360766268116,12.1942667405187,11.9417183990405,11.6984478626216,11.4456633623129
8.93004210177812,8.7301290067459,8.53003971980474,8.32992491098017,8.12970658997792,7.92978959430628,7.72999366866555,7.53009849026499,7.35029613512062,7.16065247016544,6.98102688298641,6.80137427096282,6.62128671198383,6.43090347265474,6.35036386711032,6.25967133842062,6.16908172677794
5.70037409319861,5.66114628285012,5.62035292829604,5.5793328003499,5.65739292023744,5.73813045095641,5.80994374325067,5.89087513021824,5.97263129348685,6.04579749032444,6.13912431631903,6.22221101443727,6.30143301360246,6.37802776012104,6.46323312262107,6.53707969432532,6.57184073019396
7.78031160529638,7.77095480967997,7.76029397574373,7.74944424826358,7.7378284024807,7.60844273730189,7.479953140284,7.35072894993022,7.22219176662357,7.0948290872368,6.96760020578128,6.86017130700828,6.75952326213172,6.64668681649664,6.53269306722576,6.42756749730109,6.3132036409762
5.36009989722211,5.40030610145521,5.45009424538191,5.47982183212134,5.50930380978046,5.5295007587502,5.55998497729179,5.59023369330985,5.62070265621194,5.7015481521201,5.79243654216964,5.88326080887274,5.97305305283098,6.0621437196365,6.14086336765742,6.1992201664568,6.25782116223718
8.84011679007178,9.47035786391422,10.1101101824924,10.7397917035239,11.3791860824156,12.0994163359084,12.8099824369173,13.5302732113852,14.250821476991,14.9718099481989,15.6928485670459,15.7038122191414,15.7135693310759,15.71250622755,15.721009365111,15.7290882948138,15.7274527157679
2.09003107450126,2.02009521736293,1.95002931641316,1.86994457825906,1.99978343978556,2.11984470366137,2.23999532696555,2.36007269374357,2.48021857155651,2.60048157550292,2.76075792230328,2.921014322593,3.09094969701841,3.25066683554455,3.41026856321703,3.56975742129869,3.7393222404454
7.91013595094293,8.47041657596264,9.04012825930758,9.59975752988328,10.1690525490619,10.7393205785183,11.2999795554741,11.1903180351281,11.0809562505598,10.9621068928252,10.8533159100769,10.7344376613443,10.6241549244555,10.5129174055074,10.4111749640745,10.2989387181817,10.1970348019486
12.2701988298833,12.5206092473379,12.7601875807745,13.0096453845484,13.2586143416481,13.5090063379404,13.7599700996358,13.5404651301864,13.3213985279041,13.1030813560073,12.8748495582275,12.6564901328999,12.4360766268116,12.1942667405187,11.9417183990405,11.6984478626216,11.4456633623129
10.8301902270432,10.8505828868263,10.8801794646534,10.9096607278156,10.9386742953988,10.8290493310543,10.719971393345,10.6004450052406,10.4913380173222,10.3829480339301,10.2646397307442,10.1862093221149,10.095813707335,10.0040821300072,9.91164404848543,9.8285150194768,9.73585099708888
12.5801720828714,12.6805272901111,12.9901623470162,13.299693088161,13.6088007433092,13.91914000744,14.2299741218953,14.5504025599004,14.5412103950039,14.5426668455492,14.5441971855067,14.5456170666412,14.5452591862571,14.5436927696557,15.0914872364057,15.6286566593897,16.1762467358892
6.96030878982143,6.84094618260347,6.71029131955865,6.57944926969649,6.44784802370818,6.31845680777553,6.22995356367975,6.14072236358433,6.0421719631604,5.954785454557,5.86753153496856,5.78007940529683,5.86943721575757,5.95662639851106,6.04266873431683,6.12758947590826,6.21326504872108
6.39000041710742,6.44000127808546,6.1500003935089,5.85999925608405,5.56999709315146,5.27999791548543,4.99999993727476,4.71000097575496,4.81000293384637,4.91000646410072,5.01001017345372,5.11001361506839,5.21001274761099,5.31000895081268,5.5700036048754,5.82999674391008,6.08999090255633
8.0000416325323,8.23012756889982,8.45003927710723,8.66992574788566,8.8897098601825,9.10979193938522,9.3399937392315,9.62009739254067,9.90029283454343,10.1906451980521,10.471015437851,10.7613589540109,11.0412723709215,11.1808934029905,11.3103598116255,11.4496750015218,11.5790919614021
7.43003991196428,7.51012229679751,7.59003765388301,7.6699288165391,7.74972185093263,7.429800538008,7.10999399797335,6.79009336755152,6.47028073242704,6.15061853363672,5.8309734723543,5.88130279185392,5.93121978702616,5.99085648088817,6.04034494151449,6.08968843289286,6.1491294883573
8.30011718110997,8.43035906211929,8.56011055140702,8.69979100610266,8.82918335724509,8.95941438167592,8.89998237811236,8.84027412615548,8.790824227472,8.73181600829327,8.6728581046588,8.613824983268,8.32358128196119,8.03251461893687,7.74101274468165,7.44908524222946,7.15744418691443
2.88023558747289,2.80072187861441,2.71022225874643,2.62957982695207,2.54835817562269,2.46882264009013,2.39996457196911,2.3405511185911,2.27165707311781,2.21365100488237,2.14574609383798,2.08768996079929,2.01720001002965,1.95505553088598,1.89203607868478,1.82816091969464,1.76486165008801
7.91017075334154,7.95052321621385,7.98016109270655,8.01969545939318,8.08881000888885,8.1591466518303,8.21997432183222,8.2903994496815,8.36120104336855,8.43264624122823,8.51416475762296,8.60557366861075,8.68521855324711,8.77366423894026,8.86147574586537,8.93866703817639,9.05627573399098
14.1501194491314,14.1303660117087,14.1101126911117,14.0897869610595,14.0691675512563,14.0294030471277,13.9899820370436,13.950279431823,13.9108401802618,13.8718511568409,13.8329134228135,13.6438990152022,13.4636505970959,13.2725632889808,13.0810323461916,12.8990675372403,12.7073947195644
5.36009989722211,5.40030610145521,5.45009424538191,5.47982183212134,5.50930380978046,5.5295007587502,5.55998497729179,5.59023369330985,5.62070265621194,5.7015481521201,5.79243654216964,5.88326080887274,5.97305305283098,6.0621437196365,6.14086336765742,6.1992201664568,6.25782116223718
4.13010544996436,4.1203231159672,4.10009948396916,4.08981192873977,4.41926511235959,4.74947300864942,5.0899841422613,5.42024668304759,5.75074171304209,6.0816342054608,6.21257197627249,6.35344205947031,6.48322275540223,6.62226287733028,6.75091135756113,6.87917681975932,7.0877000525181
5.79033827410071,5.74103652726573,5.68031913571912,5.62939668413522,5.41764254585372,5.20830945864881,4.99994912978542,4.79079133726215,4.58237934942755,4.37524238567595,4.33825067097949,4.30104182044168,4.26033831250909,4.21725910908227,4.16292355394641,4.11735931104986,4.05262197317051
16.7202351964347,16.8107206804093,16.9002218898318,16.7295805243733,16.5483609007932,16.3788245943226,16.1999646307741,16.0305502038208,15.8616543226368,15.743644944788,15.6257365562251,15.5076771966727,15.3871880591443,15.2650471394991,15.1520326991141,15.168163972279,15.1848701789415
5.79033827410071,5.74103652726573,5.68031913571912,5.62939668413522,5.41764254585372,5.20830945864881,4.99994912978542,4.79079133726215,4.58237934942755,4.37524238567595,4.33825067097949,4.30104182044168,4.26033831250909,4.21725910908227,4.16292355394641,4.11735931104986,4.05262197317051
11.6703022203799,11.7509260527583,11.8402851217934,11.9294609863733,12.0078938065723,12.0984896388807,12.1999545516032,12.3007069954439,12.4021257550797,12.5046836449708,12.6073713030722,12.7098649679701,12.6692364408845,12.6264854232114,12.5826119575293,12.547640759325,12.5034083334591
2.09003107450126,2.02009521736293,1.95002931641316,1.86994457825906,1.99978343978556,2.11984470366137,2.23999532696555,2.36007269374357,2.48021857155651,2.60048157550292,2.76075792230328,2.921014322593,3.09094969701841,3.25066683554455,3.41026856321703,3.56975742129869,3.7393222404454
8.74007424511707,8.79022749920263,8.84007004458446,8.87986758295449,8.92948258096418,8.94962895639891,8.95998883489747,8.9701736843806,8.99052222465856,9.00115060992642,9.0118108747649,8.90242348216848,8.79226907475539,8.68159324465677,8.57064166782055,8.45942041598878,8.34838065502388
11.7703838691533,11.2911762379769,10.8103621511609,10.319315364819,9.83732479097535,9.35808159514517,9.31994227312656,9.29089799947482,9.26270005551177,9.22594899268483,9.19936275664096,9.17253011760201,9.39173178573493,9.61823754479319,9.84331761188817,10.0670033797171,10.2916275088576
9.38031004114363,9.3809500168597,9.37029250008535,9.36944703794853,9.36783930316263,9.36845055423169,9.35995337550386,9.39072529084917,9.41218076469959,9.43480484685914,9.45756205532977,9.48012025050192,9.49947545859052,9.54665325094909,9.59267954894302,9.62757970763841,9.67323775639002
11.7703838691533,11.2911762379769,10.8103621511609,10.319315364819,9.83732479097535,9.35808159514517,9.31994227312656,9.29089799947482,9.26270005551177,9.22594899268483,9.19936275664096,9.17253011760201,9.39173178573493,9.61823754479319,9.84331761188817,10.0670033797171,10.2916275088576
2.19025944080228,2.33079496912367,2.46024476253674,2.59953728425661,2.7281919402232,2.86870343191069,2.99996098486627,3.17060691957714,3.33182485245861,3.49402067064173,3.65632788822348,3.82846857252124,3.98792901403287,4.07556740548603,4.15224223249651,4.22797471205058,4.31434139002721
4.43006493840823,4.47019898192197,4.5200612644171,4.55988418157993,4.51954744002168,4.46967546713122,4.42999023445562,4.39015191284834,4.34045676321083,4.30100637967932,4.40158387957843,4.50211969595565,4.60198464368528,4.71139352964888,4.81056123403827,4.9094930674958,5.03858364173613
6.19002536534374,6.11007772356891,6.02002393026007,5.94995476060912,5.86982322727461,5.78987323545513,5.71999618551803,5.64005933809773,5.56017841453396,5.45039309812445,5.34061867315527,5.23082796634479,5.12077521409305,5.01054432129601,4.90021922148504,4.7798019890299,4.65944676170585
3.92039599133706,3.88121338233403,3.84037358751337,3.80929374476062,4.07724031069036,4.34802101393922,4.62994045017266,4.90092635735297,5.17278532042267,5.45613685561172,5.45965842264014,5.45292580552628,5.45210226317919,5.44849767778666,5.44342237857937,5.4369087496029,5.33136311440044
5.52018443967807,5.57056515339129,5.63017400471738,5.68967104964988,5.73871462792193,5.77907825369456,5.81997226365846,5.86043146664071,5.90129731020344,5.94285834453279,5.98449857407366,6.03602041304138,6.08563683423257,6.12395793748128,6.17159403083931,6.21856019772487,6.26597722412003
4.38006853595954,4.29021000540861,4.19006465843138,4.09987776530455,3.99952236845324,3.90965748819268,3.84998969344995,3.80016032873476,3.740482067636,3.68106213254795,3.6316716256169,3.57223712592027,3.59209459183003,3.60147073040824,3.62059232608856,3.62946498371998,3.64850517628433
9.59037096489311,9.53113669720956,9.56034997697928,9.5793383797198,9.6074147216013,9.63814608481601,9.66994421369039,9.70086781205614,9.71260928963888,9.71574900956911,9.72904801541601,9.73210890142456,9.74133740652007,9.73796062902595,9.89320608605559,10.037104115,10.1919089610216
11.9401819370337,11.8905574848788,11.840171643664,11.7896755131458,11.738732069013,11.6890907607822,11.6399726400102,11.520425612111,11.4012797071251,11.2828195599285,11.1644375333512,11.0459387226312,10.9255603485667,10.6239042326052,10.3315724015869,10.0385797342646,9.73603180878215
8.84011679007178,9.47035786391422,10.1101101824924,10.7397917035239,11.3791860824156,12.0994163359084,12.8099824369173,13.5302732113852,14.250821476991,14.9718099481989,15.6928485670459,15.7038122191414,15.7135693310759,15.71250622755,15.721009365111,15.7290882948138,15.7274527157679
11.6002544355135,11.6207796320988,11.6502400404299,11.6695462112484,11.6982268224054,11.728728446086,11.7599617375698,11.7805952105178,11.7717896463019,11.7639431014332,11.7562058067787,11.7483051917009,11.737776042701,11.7254599957339,11.5621989739918,11.40801378513,11.2544505593514
8.20013829717205,8.29042376519306,8.38013047279516,8.46975334535585,8.50903619803898,8.55930885312364,8.60997920264428,8.66032352374968,8.71097275344582,8.76214325339173,8.74337313575417,8.72451424610383,8.70422662976732,8.68296775382872,8.66119524149859,8.63892040267569,8.51698362882781
14.0903192696448,14.2409782944993,14.0003012064698,13.7694305788073,13.5377749891392,13.2984044343459,13.0699519877067,12.8307468794274,12.8022456760511,12.7749478650873,12.7377871429937,12.7104214838894,12.6697574994836,12.6368512876796,12.7227593068112,12.7975076666482,12.8830364754485
4.38006853595954,4.29021000540861,4.19006465843138,4.09987776530455,3.99952236845324,3.90965748819268,3.84998969344995,3.80016032873476,3.740482067636,3.68106213254795,3.6316716256169,3.57223712592027,3.59209459183003,3.60147073040824,3.62059232608856,3.62946498371998,3.64850517628433
4.75023801190965,4.68072930748585,4.60022454601692,4.5995755029404,4.59834127956569,4.59881052384894,4.59996420737833,4.60055679016673,4.61167412609999,4.58368857746775,4.56580522703781,4.54776909838414,4.5272741055185,4.50510755748467,4.47205703202302,4.3481419936718,4.22480877119658
13.5503742496139,13.8111467621322,14.0703530758619,14.2393325213814,14.4173918301692,14.5881296692634,14.7699437197287,14.9508754961263,15.1226323936793,15.2857999143622,15.4591281313642,15.6222161200879,15.7914377939566,15.9480311166758,16.1032344744493,16.1270784732916,16.1418373186526
5.52018443967807,5.57056515339129,5.63017400471738,5.68967104964988,5.73871462792193,5.77907825369456,5.81997226365846,5.86043146664071,5.90129731020344,5.94285834453279,5.98449857407366,6.03602041304138,6.08563683423257,6.12395793748128,6.17159403083931,6.21856019772487,6.26597722412003
4.90000010427688,4.96000031952141,5.02000009837722,5.07999981402104,5.13999927328785,5.20999947887139,5.25999998431874,5.31000024393875,5.37000073346157,5.42000161602519,5.47000254336341,5.53000340376711,5.63000318690275,5.73000223770317,5.83000090121885,5.92999918597755,6.0299977256391
4.12031973889066,4.07097973234543,4.03030164916731,3.97942974190185,3.93777171893464,3.95840208926693,3.97995191714074,3.99074797715169,4.01224897662831,4.03495513720065,4.05779858812912,4.06043680084134,4.05977184054593,4.05686135734387,4.05276336229598,4.03750400354705,4.03302624082432
12.5602240127426,12.6106864117444,12.6602113388744,12.7096004706207,12.768438840669,12.8188804853706,12.8699663125961,12.9105240413913,12.9415756588803,12.9834716260877,13.0254637804968,13.0673121426522,13.0968462638248,13.1848071458342,13.2619360433925,13.3482512761908,13.4251141041503
6.13033506758758,6.00102670198416,5.86031611061944,5.72940240298936,5.53766489225169,5.3583254833549,5.16994961198613,4.980783836146,4.79235679548338,4.60519269290175,4.5681724625539,4.53093715460364,4.50024031524964,4.45719029970981,4.4128958414668,4.36738434224136,4.08269190976885
10.9902027402652,10.9406212293886,10.8801912699204,10.879638410336,10.8685870899433,10.8589867956159,10.8499695115861,10.850474277889,10.8414260327141,11.1731419569514,11.4949449343563,11.8266177741658,12.1561961356646,12.4843506543875,12.8017521947473,12.8184173367783,12.8255780737783
6.55016199408616,6.27049637642029,6.05015282901962,5.83971108162889,5.61887105270768,5.40919042663718,5.19997563906343,4.98037895882761,4.80113943259422,4.63251049511332,4.45395111509452,4.27528775217515,4.10495085341642,3.92347627187402,3.74140004348205,3.55873541606536,3.38646678030839
13.5503742496139,13.8111467621322,14.0703530758619,14.2393325213814,14.4173918301692,14.5881296692634,14.7699437197287,14.9508754961263,15.1226323936793,15.2857999143622,15.4591281313642,15.6222161200879,15.7914377939566,15.9480311166758,16.1032344744493,16.1270784732916,16.1418373186526
9.06019093091197,9.09058504359545,9.13018012869966,9.15965947245735,9.1886693900919,9.22904581343589,9.25997128749605,9.23044665182707,9.20134296818798,9.17295894210009,9.13465689844742,9.10623229754277,9.07583521892853,9.08409723450359,9.09165013171266,9.10850952482501,9.11583564515266
8.05026694873546,8.06081797466101,8.06025184569696,8.05952389376886,8.05813961694991,8.28866591064765,8.52995985581095,8.77062448316619,9.00187766169375,9.24413702445452,9.48651101039072,9.45871364375176,9.4381584710306,9.40572852011425,9.38230712025364,9.35791610243146,9.32417763604085
6.11025623428915,6.2607851438421,6.17024173743706,6.07954300311075,5.98821428662116,5.89871945661678,5.80996146706698,5.72059941846098,5.75180229851444,5.79397097786752,5.83624967979789,5.86836390668321,5.90783101677342,5.93549859611357,6.0922145200169,6.24799974324208,6.40441132662554
11.1000621229333,11.0401903548455,10.970058608232,10.8998892030128,10.8295670612492,10.7696895376049,10.6999906578514,10.5401453265025,10.3904369597477,10.2409627469995,10.0815152087657,9.9320277942442,9.78189859731113,9.72133311166331,9.66053690112934,9.59951504610297,9.53864504948101
5.66009223287366,5.69028261663584,5.72008701465584,5.74983550157758,5.77935722312194,5.96953906170622,6.1699861298691,6.3702157638127,6.5606487467844,6.76142937426955,6.95224960495725,7.33301063199159,7.71281881547913,8.09197924845353,8.46079712807201,8.83927999710964,9.21798832776491
6.99023511822707,6.99072044076833,7.00022181604892,7.00958066385756,7.02836144582727,7.04882498516907,7.05996464253506,7.08055002086679,7.09165377254061,6.98364373276907,6.88573464870252,6.77767464384738,6.66718566896729,6.55504546122172,6.44203202319996,6.36816458279584,6.30487188471216
10.3501718482485,10.300526571188,10.2401621256674,10.1796935066137,10.1188023784115,10.0591411799794,10.0299741571783,10.0004020110382,9.97120874471534,9.9426632094926,9.91419146293902,9.88560940816521,9.88525201572595,9.88368773482355,9.87148520866328,9.86865849094027,9.86625185320131
11.3801489334107,11.370456356371,11.3601405072721,11.2197343754982,11.0689620734018,10.929255698001,10.7799776031492,10.6403484055008,10.4910475665289,10.3923080879598,10.2836325588244,10.1848614303471,10.0745516938474,9.96319599955202,9.8612871658212,9.76883737238194,9.66675164401382
6.55016199408616,6.27049637642029,6.05015282901962,5.83971108162889,5.61887105270768,5.40919042663718,5.19997563906343,4.98037895882761,4.80113943259422,4.63251049511332,4.45395111509452,4.27528775217515,4.10495085341642,3.92347627187402,3.74140004348205,3.55873541606536,3.38646678030839
7.3700650948235,7.440199461204,7.52006141198294,7.67988390261143,7.84954634995349,8.00967468543823,8.16999021093363,8.34015227875645,8.50045786340323,8.65100880371709,8.80158769462358,8.95212480160628,9.1019894240394,9.25139688620364,9.40056258586654,9.56949184646207,9.74858023019474
7.47026773081183,7.43082037107115,7.39025258352615,7.34952249892638,7.30813416660895,7.26866200218275,7.22995973820102,7.23062631270672,7.22188316265574,7.21414914464335,7.21653008561647,7.20873917200494,7.1981823728012,7.22574530288802,7.24231387939501,7.2679099972628,7.28416057833394
8.84014705642743,8.95045060498662,9.06013873648209,9.16973772312014,9.28897515422015,9.37926507831676,9.46997788541307,9.56034401460357,9.65103436422015,9.74227899950664,9.84358677828261,9.93480016253943,10.034494329598,10.133155720895,10.2312709438819,10.3188520247867,10.4167925825104
4.83003232582346,4.55009905161916,4.26003049693986,4.3599423465111,4.45977471924001,4.55983845011753,4.65999513878966,4.76007562100841,4.8502273730957,4.58050096780505,4.30078844266448,4.02105516779809,3.74098793985136,3.46069368798258,3.18027937784322,2.88974765302884,2.58929494811434
11.6900977074083,11.7002993915068,11.7100921794602,11.7098257376803,11.7193190707352,11.5695117024519,11.4199853065996,11.2702285705964,11.1206872535184,10.9715142155914,10.8223831315375,10.7131893297638,10.5929861278733,10.4820967278699,10.3708444420616,10.249237260929,10.1378689238165
15.3801723957019,15.7705282486751,16.1501626421479,16.529692530224,16.5087985631728,16.479138444054,16.4599740748514,16.4304032917166,16.4112125953887,16.3926716936248,16.374204815597,16.3656272779424,16.3452687469654,16.3236994827652,16.3114899400622,16.2886542173222,16.2562399128065
4.7901166336565,4.88035738463219,4.97011003492658,5.04979198249239,5.13918717248377,5.22941711760135,5.31998246043931,5.44027284547711,5.5708203767986,5.69180752416109,5.82284475200078,5.94380711349077,6.06356455072177,6.19250287099523,6.3110080132827,6.42908951584752,6.55745612730927
6.99023511822707,6.99072044076833,7.00022181604892,7.00958066385756,7.02836144582727,7.04882498516907,7.05996464253506,7.08055002086679,7.09165377254061,6.98364373276907,6.88573464870252,6.77767464384738,6.66718566896729,6.55504546122172,6.44203202319996,6.36816458279584,6.30487188471216
7.54021384574971,7.74065525841254,7.90020174709494,8.05961860357285,8.21850969510157,8.37893129541434,8.53996784152513,8.70050025736448,8.83150414637439,8.95331406363285,9.08521580256201,9.21698027536091,9.34653554080704,9.47458896977511,9.56184817455475,9.65833064338333,9.75533585434015
5.66009223287366,5.69028261663584,5.72008701465584,5.74983550157758,5.77935722312194,5.96953906170622,6.1699861298691,6.3702157638127,6.5606487467844,6.76142937426955,6.95224960495725,7.33301063199159,7.71281881547913,8.09197924845353,8.46079712807201,8.83927999710964,9.21798832776491
7.7402031313034,7.66062242759362,7.59019163883503,7.50963771291475,7.41858436477282,7.33898484138346,7.24996945278116,7.16047519265928,7.08142878319508,6.99314801704586,7.16495447196918,7.33663053829236,7.50620808654985,7.67435904577443,7.841755574318,8.00841428419395,7.80556954492484
8.98038848340388,8.77119037679669,8.56036650435314,8.33930713524838,8.12729263396364,7.90805853520226,7.69994157922798,7.55090879376392,7.40273251118753,7.25602050179894,7.1094753004729,6.96268073429576,6.81187280618145,6.83833656315845,6.86335749082224,6.88696735922202,6.91152686838679
11.7703838691533,11.2911762379769,10.8103621511609,10.319315364819,9.83732479097535,9.35808159514517,9.31994227312656,9.29089799947482,9.26270005551177,9.22594899268483,9.19936275664096,9.17253011760201,9.39173178573493,9.61823754479319,9.84331761188817,10.0670033797171,10.2916275088576
6.84028704809826,7.03087956240159,7.07027080790716,7.10948804631727,7.14799954318706,7.18856546309974,7.22995683323578,7.27067150235771,7.11201903641698,6.94444851330749,6.7870012436926,6.61936971985846,6.45877274653496,6.28615983740019,6.1124808301868,5.92775919959695,5.75373925297322
4.7901166336565,4.88035738463219,4.97011003492658,5.04979198249239,5.13918717248377,5.22941711760135,5.31998246043931,5.44027284547711,5.5708203767986,5.69180752416109,5.82284475200078,5.94380711349077,6.06356455072177,6.19250287099523,6.3110080132827,6.42908951584752,6.55745612730927
6.99029917028204,7.01091670675876,7.03028224425961,7.05946642625892,7.07791506290207,7.09850488189379,7.11995501028188,7.17069986023586,7.21210430132788,7.26463637623438,7.31729690969178,7.35976540778273,7.40914322397922,7.52641997039366,7.632585596878,7.74766456948275,7.86347485851609
1.9301648095611,1.85050500349679,1.76015548520471,1.78970606019598,1.8088514314802,1.82917635616354,1.85997521566768,1.8803855451735,1.9011592360574,1.97255412779312,2.03401978590723,2.10537965388659,2.16503689979057,2.2235366898596,2.29142437639097,2.33871343745819,2.38640537256351
3.76014338066847,3.51043934185897,3.26013526868489,3.00974427887977,2.7590007708227,2.49928344810179,2.57997843817974,2.6503354157631,2.73100850969878,2.80222203461913,2.87349712472157,2.95468017974949,3.0843819912762,3.22307684185824,3.35123917591748,3.47888071907941,3.61687275373289
3.3502787580887,3.33085416045412,3.31026298691774,3.2895028316475,3.26805731680131,3.23860689282767,3.20995807990102,3.18065210922813,3.15196072621985,3.12432003930587,3.0967990462996,3.06909912037476,3.02851938776663,2.99598193999821,2.9624091832883,2.92782391438473,2.88392006466649
6.87037237263059,6.59114101074781,6.31035130507182,6.01933586900334,5.73740491098756,5.44813904957919,5.36994400199252,5.28087110522908,5.20261919137047,5.12577082590901,5.03908235082237,4.96215485228028,4.95138042970714,4.94799083801874,4.93321825251005,4.92709312569637,4.91187825714917
9.94039818115091,10.0312200922824,10.1203756534351,10.1692898392017,10.2072250497357,10.2580100702375,10.2999401208649,10.3509314800664,10.3928007231163,10.4561707921405,10.5097118332723,10.5629972846352,10.6221691881369,10.6685446695532,10.7134413041752,10.8768916551307,11.0413153528211
16.4703513347761,16.6110765473151,16.7503314574666,16.8893733902659,16.9275515251596,16.968244187285,17.0099471656996,17.0508218905889,17.0924712154928,17.1354447928294,16.6285692272496,16.1314681422698,15.6207374720781,15.1175393814043,14.6030364316073,14.0972573547333,14.1223371094651
2.64017583683797,3.02053879287976,3.13016588859629,3.2396863929171,3.34877458167257,3.45912124680846,3.56997355736768,3.68041134169492,3.76123679962151,3.85272502245564,3.93428874659036,4.02573960225642,4.105373914756,4.19377332696978,4.33151968028426,4.46862735458011,4.60616485889606
5.45033139182862,5.5610154388565,5.68031264282225,5.59940895874899,5.50769050885423,5.42834385313993,5.3499501647528,5.27077523730553,5.19233094096201,5.06513572801424,4.93808280899285,4.8108171718137,4.68012797692784,4.54711142067308,4.41286407350237,4.35741303653405,4.30277208099133
6.39000041710742,6.44000127808546,6.1500003935089,5.85999925608405,5.56999709315146,5.27999791548543,4.99999993727476,4.71000097575496,4.81000293384637,4.91000646410072,5.01001017345372,5.11001361506839,5.21001274761099,5.31000895081268,5.5700036048754,5.82999674391008,6.08999090255633
3.3502787580887,3.33085416045412,3.31026298691774,3.2895028316475,3.26805731680131,3.23860689282767,3.20995807990102,3.18065210922813,3.15196072621985,3.12432003930587,3.0967990462996,3.06909912037476,3.02851938776663,2.99598193999821,2.9624091832883,2.92782391438473,2.88392006466649
11.9401819370337,11.8905574848788,11.840171643664,11.7896755131458,11.738732069013,11.6890907607822,11.6399726400102,11.520425612111,11.4012797071251,11.2828195599285,11.1644375333512,11.0459387226312,10.9255603485667,10.6239042326052,10.3315724015869,10.0385797342646,9.73603180878215
9.34007698238437,9.36023588663812,9.38007262698663,9.24986270100583,9.10946350477079,8.97961527677176,8.84998842326271,8.72018008777244,8.58054147802553,8.82119303058733,9.07187763805504,9.3125128310546,9.55235273095248,9.80165198436498,10.0406653248153,10.1693990478985,10.2883209530497
7.91017075334154,7.95052321621385,7.98016109270655,8.01969545939318,8.08881000888885,8.1591466518303,8.21997432183222,8.2903994496815,8.36120104336855,8.43264624122823,8.51416475762296,8.60557366861075,8.68521855324711,8.77366423894026,8.86147574586537,8.93866703817639,9.05627573399098
8.0000416325323,8.23012756889982,8.45003927710723,8.66992574788566,8.8897098601825,9.10979193938522,9.3399937392315,9.62009739254067,9.90029283454343,10.1906451980521,10.471015437851,10.7613589540109,11.0412723709215,11.1808934029905,11.3103598116255,11.4496750015218,11.5790919614021
12.1600962214632,12.1402948383276,12.1300907775847,12.109828387881,12.099329426383,12.0795191285352,12.0699855300585,12.0202250944694,11.9706768016906,11.9214911872326,11.8723468886086,11.8231408260828,11.7729407145092,11.6520648405998,11.540831599693,11.4292488607495,11.3079013334597
8.64035117836087,8.86107606803303,9.09033130990076,9.20937366923439,9.33755261522777,9.45824496897797,9.5799471892216,9.71082152468083,9.83247011530045,9.94544236879167,10.0585654122044,10.1714630366191,10.270732691724,10.3775360248495,10.483035079779,10.467258575767,10.4623405210065
8.65012844300974,8.7303935704253,8.81012117614736,8.88977092037103,9.35910487233517,9.81935809978137,10.2899806845294,10.760300471539,11.2309034413247,11.7019905390124,11.8231327879097,11.9441925901138,12.0639254674578,12.1727562908792,12.2911100763174,12.4089973278008,12.4671985559349
10.7700963778784,10.6002953176096,10.4900909251506,10.3798281089125,10.2693283363148,10.1595183468423,10.0499855065365,9.94022546037749,9.82067790188297,9.71149361127035,9.60235070365374,9.48314593173344,9.37294549486329,9.26206819715453,9.33083295152126,9.39924763971576,9.46789792191828
5.18000948919336,5.18002907644308,5.25000895232751,5.31998307591135,5.38993386919624,5.4599525772926,5.52999857299959,5.59002219842506,5.77006674500549,5.94014705829117,6.11023144607246,6.28030974280526,6.46029000814992,6.63020363098843,6.64008201091527,6.64992592395365,6.66979303315616
7.47026773081183,7.43082037107115,7.39025258352615,7.34952249892638,7.30813416660895,7.26866200218275,7.22995973820102,7.23062631270672,7.22188316265574,7.21414914464335,7.21653008561647,7.20873917200494,7.1981823728012,7.22574530288802,7.24231387939501,7.2679099972628,7.28416057833394
6.46029166234886,6.45089370122142,6.44027516109938,6.36947981674667,6.30796738617536,6.24854240315683,6.18995613933719,6.12068229664681,6.06205149209274,5.85452002242159,5.65711378752455,5.44952033655221,5.24891376698148,5.03625885576545,4.82252070912087,4.72772317910187,4.62363861250245
6.55016199408616,6.27049637642029,6.05015282901962,5.83971108162889,5.61887105270768,5.40919042663718,5.19997563906343,4.98037895882761,4.80113943259422,4.63251049511332,4.45395111509452,4.27528775217515,4.10495085341642,3.92347627187402,3.74140004348205,3.55873541606536,3.38646678030839
8.35032834173077,8.53100609285696,8.61030976528841,8.68941439863464,8.75771176518401,8.83835909615304,8.91995062343152,8.99076810209748,8.92230948721024,8.85508845927779,8.77800841561241,8.7107176116263,8.6300347600225,8.55704596785537,8.34283771285103,8.12743684669181,7.91283860604829
10.8000918418355,10.8902814184308,10.8500866457412,10.8198361989988,10.7893599482924,10.7595410159387,10.7299861886741,10.7002148490424,10.5906459963034,10.4714233141751,10.3522400673444,10.242997867865,10.1228068645938,10.0119708570666,9.82079374850133,9.62928304969397,9.43799685661837
4.9403334252272,4.86102166952287,4.78031456117814,4.69940533215856,4.60767633796772,4.51833369113119,4.42994985896698,4.34077999411089,4.25234524346319,4.1651672405052,4.09813240457981,4.03088354527197,3.96019012153139,3.88715505588488,3.81288164726993,3.72739716309554,3.82272773095337
9.33039387973085,9.16120691202665,9.02037159537456,8.8692975108353,8.72725502661097,8.58803156679445,8.44994076771947,8.31092141759355,8.43277046782529,8.55610413110188,8.67960691953061,8.8128568792427,8.93203772839857,9.04845236429748,9.23340412889768,9.42692523355828,9.6114091702091
6.42001214825302,6.32003722423756,6.23001146094675,6.13997833344693,6.10991533803696,6.07993928851194,6.04999817312583,6.03002841886285,6.00008544827627,5.97018826693319,5.95029630184003,5.92039653886607,5.90037127416995,5.88026069241926,5.85010499199592,5.82990516638022,5.79973503695266
7.59009731637008,7.74029819330175,7.89009181054558,8.0498264351015,8.19932179590565,8.23951365668437,8.28998536540456,8.34022765582612,8.38068450303736,8.43150815549695,8.48237359392465,8.44317656563725,8.40297417698801,8.37208833648305,8.3308410624909,8.29924031351337,8.25787745266998
10.8000918418355,10.8902814184308,10.8500866457412,10.8198361989988,10.7893599482924,10.7595410159387,10.7299861886741,10.7002148490424,10.5906459963034,10.4714233141751,10.3522400673444,10.242997867865,10.1228068645938,10.0119708570666,9.82079374850133,9.62928304969397,9.43799685661837
6.87037237263059,6.59114101074781,6.31035130507182,6.01933586900334,5.73740491098756,5.44813904957919,5.36994400199252,5.28087110522908,5.20261919137047,5.12577082590901,5.03908235082237,4.96215485228028,4.95138042970714,4.94799083801874,4.93321825251005,4.92709312569637,4.91187825714917
8.77007447973998,9.00022821812567,9.24007026593322,9.46986716450175,9.69948094586189,9.92962778385944,10.1599887996145,10.3101742332428,10.4605238749472,10.6111542459831,10.7518165973326,10.9024311406444,11.0522762452866,11.1515982794889,11.240643695563,11.3394185844382,11.4383755377118
3.91023097322229,3.87070773979459,4.00021790555421,4.13958805652267,4.26839033263439,4.40884570003303,4.53996526586769,4.680540324302,4.87162461744205,5.07357949576827,5.27563355000603,5.47753934410553,5.67705898958312,5.87495651252072,5.93199619975071,5.99819694018973,6.06496229055879
9.38031004114363,9.3809500168597,9.37029250008535,9.36944703794853,9.36783930316263,9.36845055423169,9.35995337550386,9.39072529084917,9.41218076469959,9.43480484685914,9.45756205532977,9.48012025050192,9.49947545859052,9.54665325094909,9.59267954894302,9.62757970763841,9.67323775639002
8.64035117836087,8.86107606803303,9.09033130990076,9.20937366923439,9.33755261522777,9.45824496897797,9.5799471892216,9.71082152468083,9.83247011530045,9.94544236879167,10.0585654122044,10.1714630366191,10.270732691724,10.3775360248495,10.483035079779,10.467258575767,10.4623405210065
6.55016199408616,6.27049637642029,6.05015282901962,5.83971108162889,5.61887105270768,5.40919042663718,5.19997563906343,4.98037895882761,4.80113943259422,4.63251049511332,4.45395111509452,4.27528775217515,4.10495085341642,3.92347627187402,3.74140004348205,3.55873541606536,3.38646678030839
8.0000416325323,8.23012756889982,8.45003927710723,8.66992574788566,8.8897098601825,9.10979193938522,9.3399937392315,9.62009739254067,9.90029283454343,10.1906451980521,10.471015437851,10.7613589540109,11.0412723709215,11.1808934029905,11.3103598116255,11.4496750015218,11.5790919614021
9.3300552406612,9.52016926643624,9.70005211533514,9.87990147762661,10.0596150242497,10.299723932096,10.5299916928187,10.7701292265458,11.0003885512821,11.2308560893378,11.4713473467791,11.4218031456162,11.3816882617299,11.3311854232541,11.2904774206853,11.2495687715872,11.1987951573018
4.3201314931076,4.40040291642485,4.3301240536812,4.25976548048538,4.1890836160054,4.11934285676826,4.04998022585066,3.9803076067471,4.17092489507648,4.35203780774889,4.5432071812901,4.73429215030117,4.91401868436312,5.1028217436969,5.29113643696869,5.47897351764302,5.66713203087795
9.33039387973085,9.16120691202665,9.02037159537456,8.8692975108353,8.72725502661097,8.58803156679445,8.44994076771947,8.31092141759355,8.43277046782529,8.55610413110188,8.67960691953061,8.8128568792427,8.93203772839857,9.04845236429748,9.23340412889768,9.42692523355828,9.6114091702091
8.35032834173077,8.53100609285696,8.61030976528841,8.68941439863464,8.75771176518401,8.83835909615304,8.91995062343152,8.99076810209748,8.92230948721024,8.85508845927779,8.77800841561241,8.7107176116263,8.6300347600225,8.55704596785537,8.34283771285103,8.12743684669181,7.91283860604829
5.45033139182862,5.5610154388565,5.68031264282225,5.59940895874899,5.50769050885423,5.42834385313993,5.3499501647528,5.27077523730553,5.19233094096201,5.06513572801424,4.93808280899285,4.8108171718137,4.68012797692784,4.54711142067308,4.41286407350237,4.35741303653405,4.30277208099133
2.74038144471652,2.76116880910543,2.77035986389043,2.77931968883064,2.79734168703235,2.98809371138636,3.17994263771734,3.38089232789918,3.57268300252959,3.76591142009946,3.96930362344112,4.14245098001715,4.32165769024607,4.4981855181945,4.67329665854992,4.84702230573994,5.02168038774899
12.5801720828714,12.6805272901111,12.9901623470162,13.299693088161,13.6088007433092,13.91914000744,14.2299741218953,14.5504025599004,14.5412103950039,14.5426668455492,14.5441971855067,14.5456170666412,14.5452591862571,14.5436927696557,15.0914872364057,15.6286566593897,16.1762467358892
7.51031473360187,7.49096439532053,7.47029692706049,7.44943866889369,7.41780660111683,7.27842710344229,7.13995266984429,7.00073626809232,6.86221377047155,6.72487756799212,6.58767650668429,6.58027342002099,6.57961886921411,6.57675394759173,6.56272010379123,6.55754307662646,6.55313541014855
12.1401733341936,11.9905311243673,11.8401635275429,11.689690856413,11.5387920227637,11.3891337538961,11.3299739337195,11.2604054871652,11.1912191965431,11.1226862378514,11.0642277058679,10.9956579118462,11.0452974290901,11.0937196220937,11.1314980510319,11.1786468911198,11.2262194435582
5.91012633140353,5.85038710011792,5.68011918400854,5.50977468644571,5.33911958825578,5.1693686526366,4.99998100207619,4.83029553177963,4.80088858872732,4.7719578145026,4.75308128480013,4.72412366383019,4.69386093267718,4.66271097739,4.62109182663566,4.56901381175616,4.52724461174356
10.8301902270432,10.8505828868263,10.8801794646534,10.9096607278156,10.9386742953988,10.8290493310543,10.719971393345,10.6004450052406,10.4913380173222,10.3829480339301,10.2646397307442,10.1862093221149,10.095813707335,10.0040821300072,9.91164404848543,9.8285150194768,9.73585099708888
7.50023621313399,7.59072379574253,7.69022284900978,7.83957871107809,7.97835381534992,8.12881951331821,8.27996447788116,8.43055258222352,8.5816614738874,8.77366070103344,8.97576135401858,9.16771038340183,9.36721913144612,9.555068957105,9.74204148599787,9.90815603555972,10.0748480039225
6.81013415216727,6.84041106421932,6.86012656230045,6.87976073802097,6.89906508484611,6.9193295679876,6.9399798259769,6.96031382718489,6.90094359834726,6.84207901639092,6.78327203705767,6.72437894636198,6.66409995038315,6.59287880512773,6.61115941804934,6.62895276006958,6.64707403467445
8.35032834173077,8.53100609285696,8.61030976528841,8.68941439863464,8.75771176518401,8.83835909615304,8.91995062343152,8.99076810209748,8.92230948721024,8.85508845927779,8.77800841561241,8.7107176116263,8.6300347600225,8.55704596785537,8.34283771285103,8.12743684669181,7.91283860604829
8.84011679007178,9.47035786391422,10.1101101824924,10.7397917035239,11.3791860824156,12.0994163359084,12.8099824369173,13.5302732113852,14.250821476991,14.9718099481989,15.6928485670459,15.7038122191414,15.7135693310759,15.71250622755,15.721009365111,15.7290882948138,15.7274527157679
10.8201096731768,10.760336056582,10.6901034682468,10.6298043965904,10.5592356805184,10.529451902939,10.4999835071677,10.4702565625664,10.4307714182369,10.4016996544805,10.3726749824916,10.4235799120375,10.4833518249635,10.5323535043087,10.5809478569245,10.6291438518486,10.6876079409008
7.91017075334154,7.95052321621385,7.98016109270655,8.01969545939318,8.08881000888885,8.1591466518303,8.21997432183222,8.2903994496815,8.36120104336855,8.43264624122823,8.51416475762296,8.60557366861075,8.68521855324711,8.77366423894026,8.86147574586537,8.93866703817639,9.05627573399098
5.99023230275212,5.98071181369183,5.97021915986383,5.95958568529046,5.95838106705475,5.97883905564271,6.00996506593081,6.03054343452089,6.06163396907744,6.09360010008928,6.11566597788981,6.11758274213593,6.11709962259314,6.11498504323614,6.10200769029103,6.09818656140301,6.09493329245704
3.8901138963892,3.63034899719671,3.36010745252442,3.08979686444105,2.81920624867715,2.5494307972285,2.27998287207406,2.26026644208527,2.24080112343162,2.23176510350018,2.21277798871064,2.20371776460465,2.18348089452468,2.31244413128702,2.44098435628791,2.56911088393782,2.69751582928346
10.8000918418355,10.8902814184308,10.8500866457412,10.8198361989988,10.7893599482924,10.7595410159387,10.7299861886741,10.7002148490424,10.5906459963034,10.4714233141751,10.3522400673444,10.242997867865,10.1228068645938,10.0119708570666,9.82079374850133,9.62928304969397,9.43799685661837
5.45033139182862,5.5610154388565,5.68031264282225,5.59940895874899,5.50769050885423,5.42834385313993,5.3499501647528,5.27077523730553,5.19233094096201,5.06513572801424,4.93808280899285,4.8108171718137,4.68012797692784,4.54711142067308,4.41286407350237,4.35741303653405,4.30277208099133
6.42013634198111,6.41041777416771,6.41012862822218,6.40975683246204,6.4090498238914,6.41931862428588,6.4199794966691,6.42031894989836,6.43095900104084,6.24211295291965,6.06332544768978,5.87445042547088,5.69416687534083,5.50292579689429,5.32117834364517,5.26893566559734,5.21702627309509
6.47026843468057,6.47082252784027,6.47025324757243,6.47952124356816,6.34812926130208,6.22865848456435,6.09995963235209,5.97062795929319,5.85188811352153,5.7241600528133,5.65654725331965,5.5787621474328,5.50820388439474,5.43576040738441,5.35231996262224,5.27790450261101,5.18414522639772
6.47026843468057,6.47082252784027,6.47025324757243,6.47952124356816,6.34812926130208,6.22865848456435,6.09995963235209,5.97062795929319,5.85188811352153,5.7241600528133,5.65654725331965,5.5787621474328,5.50820388439474,5.43576040738441,5.35231996262224,5.27790450261101,5.18414522639772
12.1701605863487,12.080492062882,11.9901515009271,11.8997135923453,11.8088808633214,11.709197461874,11.9299758507613,12.1503756656547,12.3711295308626,12.5824886787734,12.8039167796882,13.0252418013194,13.2349078302293,13.4534460628812,13.6713878770276,13.8787464053689,14.0964974841808
3.54008832249179,3.42027063458514,3.31008332550989,3.18984247578995,3.07938447482677,2.96955860403072,2.84998671791874,2.74020661611007,2.64062124197444,2.54136877332539,2.44215422882848,2.3428829907257,2.24269930662614,2.14189533458467,2.26076333236517,2.36931052295293,2.47807361629947
3.91023097322229,3.87070773979459,4.00021790555421,4.13958805652267,4.26839033263439,4.40884570003303,4.53996526586769,4.680540324302,4.87162461744205,5.07357949576827,5.27563355000603,5.47753934410553,5.67705898958312,5.87495651252072,5.93199619975071,5.99819694018973,6.06496229055879
4.58003185657763,4.71009761377307,4.86003005424235,5.00994318341659,5.15977798944459,5.30984079519647,5.45999520935562,5.6100745232841,5.74022407251851,5.87049369569175,6.01077699752903,6.14103985084618,6.28097359878901,6.41068361831832,6.8002753223584,7.19975131613004,7.58930518273849
4.58003185657763,4.71009761377307,4.86003005424235,5.00994318341659,5.15977798944459,5.30984079519647,5.45999520935562,5.6100745232841,5.74022407251851,5.87049369569175,6.01077699752903,6.14103985084618,6.28097359878901,6.41068361831832,6.8002753223584,7.19975131613004,7.58930518273849
5.130076200308,5.12023349022798,5.12007188915744,5.1398640958483,5.15946895511176,5.17961918523666,5.19998854087264,5.22017825823192,5.24053597706354,5.1211809103985,5.01185856282929,4.89248730280142,4.77232882918188,4.6516352015912,4.54065856567397,4.61940515306713,4.6883380107566
8.350024661475,8.30007556679979,8.2500232662138,8.19995601596735,8.14982813258148,8.09987675307354,8.03999629136696,7.99005769151126,7.94017346366817,7.8803821899545,7.87060150545209,7.87080499091693,7.86075370249951,7.85052921679962,7.84021313825781,7.83980748368169,7.93946211364207
8.98038848340388,8.77119037679669,8.56036650435314,8.33930713524838,8.12729263396364,7.90805853520226,7.69994157922798,7.55090879376392,7.40273251118753,7.25602050179894,7.1094753004729,6.96268073429576,6.81187280618145,6.83833656315845,6.86335749082224,6.88696735922202,6.91152686838679
5.83005962028889,5.93018268633302,6.02005624717861,6.10989366650875,6.19958450234026,6.27970204469253,6.36999103420314,6.45013947197277,6.53041935666928,6.62092396239527,6.7014541680433,6.88194610383403,7.06182211164522,7.24127940678723,7.42051527187696,7.59953458264268,7.77869963414313
11.7703838691533,11.2911762379769,10.8103621511609,10.319315364819,9.83732479097535,9.35808159514517,9.31994227312656,9.29089799947482,9.26270005551177,9.22594899268483,9.19936275664096,9.17253011760201,9.39173178573493,9.61823754479319,9.84331761188817,10.0670033797171,10.2916275088576
7.29000213767545,7.24000655018777,7.20000201673312,7.1299961874306,7.06998510240133,6.99998931686265,6.93999967853292,6.87000500074411,6.81001503596276,6.68003312851615,6.56005213895037,6.44006977722538,6.3100653315063,6.19004587291498,6.07001847498641,5.75998331253904,5.44995337560113
11.6900977074083,11.7002993915068,11.7100921794602,11.7098257376803,11.7193190707352,11.5695117024519,11.4199853065996,11.2702285705964,11.1206872535184,10.9715142155914,10.8223831315375,10.7131893297638,10.5929861278733,10.4820967278699,10.3708444420616,10.249237260929,10.1378689238165
15.9403957567141,16.091212663411,16.1103733661646,16.1192941632134,16.1272419457927,16.1380221864787,16.1599404854556,16.1709258084908,16.1127836701341,16.0661332195551,16.0096527000724,15.9629181470503,15.902095092648,15.8484926429545,16.133420350837,16.4169105811535,16.7013682317125
16.7202351964347,16.8107206804093,16.9002218898318,16.7295805243733,16.5483609007932,16.3788245943226,16.1999646307741,16.0305502038208,15.8616543226368,15.743644944788,15.6257365562251,15.5076771966727,15.3871880591443,15.2650471394991,15.1520326991141,15.168163972279,15.1848701789415
4.7901166336565,4.88035738463219,4.97011003492658,5.04979198249239,5.13918717248377,5.22941711760135,5.31998246043931,5.44027284547711,5.5708203767986,5.69180752416109,5.82284475200078,5.94380711349077,6.06356455072177,6.19250287099523,6.3110080132827,6.42908951584752,6.55745612730927
7.48031043218182,7.55095121506476,7.61029286899995,7.6694463405273,7.72783657799215,7.79844859999924,7.8599533166989,7.86072620561943,7.86218351518059,7.87481090695355,7.87757159294264,7.88013301462851,7.87948740947582,7.91666164233598,7.9526829285137,7.98757665505408,8.02322922753657
3.3502787580887,3.33085416045412,3.31026298691774,3.2895028316475,3.26805731680131,3.23860689282767,3.20995807990102,3.18065210922813,3.15196072621985,3.12432003930587,3.0967990462996,3.06909912037476,3.02851938776663,2.99598193999821,2.9624091832883,2.92782391438473,2.88392006466649
7.4603491449623,7.27106983736667,7.07032939154487,6.87937729582482,6.67756678611428,6.48825513098671,6.28994749500741,6.20081676787547,6.11245581279926,6.02541085630071,5.93851581661747,5.85139666316086,5.7606705471204,5.79749238963771,5.82301750601142,5.85727444920551,5.89238487104444
5.52018443967807,5.57056515339129,5.63017400471738,5.68967104964988,5.73871462792193,5.77907825369456,5.81997226365846,5.86043146664071,5.90129731020344,5.94285834453279,5.98449857407366,6.03602041304138,6.08563683423257,6.12395793748128,6.17159403083931,6.21856019772487,6.26597722412003
7.02023261558267,7.01071277225588,7.01021945499551,6.99958512735347,6.98837888691836,6.98883749225675,6.97996501888684,6.9805441663371,6.97163616946223,6.97360494816481,6.97567360798011,6.96759295343721,6.98710918330138,6.99499175634565,7.00201039394758,7.01818411933554,7.02492646937427
5.28009755099299,5.29029891222479,5.29009203189434,5.29982601664876,5.29932016080336,5.2995124841449,5.30998533012158,5.30022820468827,5.30068615332596,5.3015117915536,5.29237931649238,5.29318422411321,5.29298134751919,5.19209337131519,5.09084309023332,4.98923848196277,4.89787233535791
8.73031066680473,8.57095193398781,8.4102930903487,8.24944592207455,8.08783494288986,7.92844742745977,7.76995328141592,7.66072675448159,7.55218516546918,7.4348145430102,7.32757731551037,7.22014067310446,7.109494580007,7.06666667716811,7.01268495625611,6.96757482350348,6.92322411022449
16.7202351964347,16.8107206804093,16.9002218898318,16.7295805243733,16.5483609007932,16.3788245943226,16.1999646307741,16.0305502038208,15.8616543226368,15.743644944788,15.6257365562251,15.5076771966727,15.3871880591443,15.2650471394991,15.1520326991141,15.168163972279,15.1848701789415
6.90021431499553,6.94065669625862,6.98020218979245,7.01961776666737,7.05850642489699,7.1089289503354,7.14996777095918,7.1905013550888,7.23150744695159,7.27332133574615,7.31522724769746,7.35699559231282,7.39654988186939,7.43459903943938,7.05185223003957,6.66832698028214,6.27532561971601
7.63028673526771,7.56087860383754,7.48027051277548,7.40948860425426,7.29800172332345,7.17856702648569,7.06995688027975,6.9606707705415,6.84201683603218,6.73444366523196,6.64699361360229,6.55935950855719,6.46876318582672,6.37615312429068,6.28247812653025,6.18776164166442,6.13374607605599
8.84014705642743,8.95045060498662,9.06013873648209,9.16973772312014,9.28897515422015,9.37926507831676,9.46997788541307,9.56034401460357,9.65103436422015,9.74227899950664,9.84358677828261,9.93480016253943,10.034494329598,10.133155720895,10.2312709438819,10.3188520247867,10.4167925825104
11.6900977074083,11.7002993915068,11.7100921794602,11.7098257376803,11.7193190707352,11.5695117024519,11.4199853065996,11.2702285705964,11.1206872535184,10.9715142155914,10.8223831315375,10.7131893297638,10.5929861278733,10.4820967278699,10.3708444420616,10.249237260929,10.1378689238165
8.48040248257096,8.30123327253819,8.13037971149565,7.94928216756809,7.89719507286034,7.84798857368056,7.79993947401025,7.74094154253933,7.69283097840722,7.64623745317903,7.4698167470139,7.29313769002767,7.11230064787514,6.92863697480897,6.74347847945273,6.55685807670304,6.41122153543307
6.84028704809826,7.03087956240159,7.07027080790716,7.10948804631727,7.14799954318706,7.18856546309974,7.22995683323578,7.27067150235771,7.11201903641698,6.94444851330749,6.7870012436926,6.61936971985846,6.45877274653496,6.28615983740019,6.1124808301868,5.92775919959695,5.75373925297322
7.28008425569465,7.37025817325242,7.4700794887981,7.55984972897082,7.6494128165998,7.8095789280482,7.96998732949037,8.12019710249933,8.28059263697207,8.44130574834346,8.60205503765456,8.78275024380916,8.96257501741904,9.14180806416106,9.32072818483006,9.49934226982995,9.67816231637541
7.29000213767545,7.24000655018777,7.20000201673312,7.1299961874306,7.06998510240133,6.99998931686265,6.93999967853292,6.87000500074411,6.81001503596276,6.68003312851615,6.56005213895037,6.44006977722538,6.3100653315063,6.19004587291498,6.07001847498641,5.75998331253904,5.44995337560113
7.50023621313399,7.59072379574253,7.69022284900978,7.83957871107809,7.97835381534992,8.12881951331821,8.27996447788116,8.43055258222352,8.5816614738874,8.77366070103344,8.97576135401858,9.16771038340183,9.36721913144612,9.555068957105,9.74204148599787,9.90815603555972,10.0748480039225
8.65012844300974,8.7303935704253,8.81012117614736,8.88977092037103,9.35910487233517,9.81935809978137,10.2899806845294,10.760300471539,11.2309034413247,11.7019905390124,11.8231327879097,11.9441925901138,12.0639254674578,12.1727562908792,12.2911100763174,12.4089973278008,12.4671985559349
5.9302565471197,6.05078610240615,6.17024203256873,6.27954244517376,6.22821210648477,6.16871789323082,6.10996142002301,6.0606001502772,6.00180449889923,5.94397582594306,5.82625730988819,5.69837411798448,5.57784057748166,5.44550530922308,5.31221722367344,5.18799730117461,5.29440450354278
7.48031043218182,7.55095121506476,7.61029286899995,7.6694463405273,7.72783657799215,7.79844859999924,7.8599533166989,7.86072620561943,7.86218351518059,7.87481090695355,7.87757159294264,7.88013301462851,7.87948740947582,7.91666164233598,7.9526829285137,7.98757665505408,8.02322922753657
7.08018983600505,6.94058168862125,6.8001790957388,6.66966142523681,6.52867702056926,6.50905128528675,6.49997145214995,6.49044409047033,6.47133526684119,6.46294197383572,6.45463019313136,6.41619655798832,6.38580175644969,6.34407373862031,6.31164066891475,6.26851807206113,6.23585952594234
4.00006532944641,3.98020018012704,3.9600616333317,3.93988348415869,3.9195447148512,4.12967351289876,4.32999017565066,4.54015282761861,4.74045951369183,4.95101243977374,5.15159341719131,5.42213246008223,5.69199659457058,5.96140192103577,6.23056461360895,6.49949001491148,6.76857511288267
4.43006493840823,4.47019898192197,4.5200612644171,4.55988418157993,4.51954744002168,4.46967546713122,4.42999023445562,4.39015191284834,4.34045676321083,4.30100637967932,4.40158387957843,4.50211969595565,4.60198464368528,4.71139352964888,4.81056123403827,4.9094930674958,5.03858364173613
12.7703744060292,12.7811472414142,12.8003532234277,12.8093322424129,12.8173907401011,12.8281288875705,12.8399436962067,13.0908758620345,13.3426334938717,13.5958023384,13.8591319464093,14.1122212257385,14.3614425743107,14.6280344732305,14.8932358262776,15.1570772522579,15.4218339071112
6.70006806671372,6.63020856756253,6.55006421573386,6.47987860221003,6.40952563865782,6.32965983327162,6.2599897640159,6.17015923101045,6.07047876705881,5.98105486043465,5.89166018048145,5.80222180896836,5.70208025076767,5.68146066074397,5.65058827060374,5.61946864682117,5.58851541090848
10.7401719264561,10.7805268108291,10.8201621994503,10.8596933671295,10.8988018333774,10.939140789133,10.9799741454173,10.9204021939923,10.8512092948115,10.7926644215115,10.7241933704616,10.6656119609905,10.595254405903,10.5436894131009,10.4814858845774,10.4286578804234,10.3762501474306
4.95034281014367,5.08105042644454,5.20032341512843,5.31938859404887,5.44761093387612,5.5682867895524,5.68994844764784,5.7408019485972,5.79241125500711,5.85531268277118,5.90836130728886,5.96118988431011,6.01047694277856,5.96735644917015,5.92296275696634,5.86732390107164,5.82252303847043
8.20016746862077,8.25051315129126,8.30015799382396,8.35970131773157,8.40883290032091,8.45916306738288,8.50997481579392,8.61039176561129,8.70117793932818,8.80259533643514,8.89408464167479,8.9954664499474,9.08511816581061,9.36359375129042,9.64144735747162,9.91869267988475,10.20634737636
2.19025944080228,2.33079496912367,2.46024476253674,2.59953728425661,2.7281919402232,2.86870343191069,2.99996098486627,3.17060691957714,3.33182485245861,3.49402067064173,3.65632788822348,3.82846857252124,3.98792901403287,4.07556740548603,4.15224223249651,4.22797471205058,4.31434139002721
10.8301902270432,10.8505828868263,10.8801794646534,10.9096607278156,10.9386742953988,10.8290493310543,10.719971393345,10.6004450052406,10.4913380173222,10.3829480339301,10.2646397307442,10.1862093221149,10.095813707335,10.0040821300072,9.91164404848543,9.8285150194768,9.73585099708888
7.91017075334154,7.95052321621385,7.98016109270655,8.01969545939318,8.08881000888885,8.1591466518303,8.21997432183222,8.2903994496815,8.36120104336855,8.43264624122823,8.51416475762296,8.60557366861075,8.68521855324711,8.77366423894026,8.86147574586537,8.93866703817639,9.05627573399098
11.1700139470287,11.1500427359809,11.1200131579539,11.0999751253092,11.0799028022527,10.9599302990427,10.839997902623,10.7200326268061,10.6000981004889,10.4802161433675,10.3603401748593,10.2104552538484,10.0704262482423,9.92029929279894,9.77012053802107,9.6198911244923,9.47969580422676
8.48040248257096,8.30123327253819,8.13037971149565,7.94928216756809,7.89719507286034,7.84798857368056,7.79993947401025,7.74094154253933,7.69283097840722,7.64623745317903,7.4698167470139,7.29313769002767,7.11230064787514,6.92863697480897,6.74347847945273,6.55685807670304,6.41122153543307
8.77007447973998,9.00022821812567,9.24007026593322,9.46986716450175,9.69948094586189,9.92962778385944,10.1599887996145,10.3101742332428,10.4605238749472,10.6111542459831,10.7518165973326,10.9024311406444,11.0522762452866,11.1515982794889,11.240643695563,11.3394185844382,11.4383755377118
4.43002075109313,4.21006358474909,3.99001957706785,3.75996299017972,3.53985538428632,3.30989629539804,3.08999687941661,2.82004854380863,2.5401459588582,2.27032158901034,1.99050612932332,1.72067734965104,1.44063419364652,1.46044530293076,1.47017934255097,1.48983800952498,1.49954740217663
4.38038535509838,4.51118079115613,4.64036355303638,4.76931271461827,4.90731443532751,5.03807416906186,5.1699420496677,5.30090147560181,5.43271050733956,5.55597202104361,5.67939899956989,5.81257862128305,5.93177719909906,6.04826943206336,6.11333045425677,6.16699177989665,6.23159509921443
6.46029166234886,6.45089370122142,6.44027516109938,6.36947981674667,6.30796738617536,6.24854240315683,6.18995613933719,6.12068229664681,6.06205149209274,5.85452002242159,5.65711378752455,5.44952033655221,5.24891376698148,5.03625885576545,4.82252070912087,4.72772317910187,4.62363861250245
4.75023801190965,4.68072930748585,4.60022454601692,4.5995755029404,4.59834127956569,4.59881052384894,4.59996420737833,4.60055679016673,4.61167412609999,4.58368857746775,4.56580522703781,4.54776909838414,4.5272741055185,4.50510755748467,4.47205703202302,4.3481419936718,4.22480877119658
7.63000151201435,7.55000463305966,7.46000142646976,7.37999730330458,7.28998946267411,7.20999244363457,7.21999977262086,7.23000353711169,7.25001063519316,7.26002343236509,7.27003687876977,7.29004935462284,7.24004621008982,7.20003244669596,7.16001306767332,7.10998819667396,7.06996702176666
6.39000041710742,6.44000127808546,6.1500003935089,5.85999925608405,5.56999709315146,5.27999791548543,4.99999993727476,4.71000097575496,4.81000293384637,4.91000646410072,5.01001017345372,5.11001361506839,5.21001274761099,5.31000895081268,5.5700036048754,5.82999674391008,6.08999090255633
5.13029080206485,5.09089106517026,5.05027434948727,5.0094813510734,4.95797338155042,4.90854670246822,4.85995626870812,4.81068028415223,4.76204544103455,4.71450669021388,4.68709280477622,4.65949225547372,4.63888747503383,4.6062403947143,4.57251327406537,4.53772989478739,4.62365737598005
12.7001740380623,12.6705332811364,12.6301641915892,12.5996896010548,12.5587871174568,12.5391302362777,12.5099738278705,12.4804071337517,12.4512241474089,12.4326971460213,12.4042448735711,12.4056808872741,12.4153189406836,12.4137347265901,12.4115041342591,12.408641396468,12.416204091622
5.18000948919336,5.18002907644308,5.25000895232751,5.31998307591135,5.38993386919624,5.4599525772926,5.52999857299959,5.59002219842506,5.77006674500549,5.94014705829117,6.11023144607246,6.28030974280526,6.46029000814992,6.63020363098843,6.64008201091527,6.64992592395365,6.66979303315616
5.28009755099299,5.29029891222479,5.29009203189434,5.29982601664876,5.29932016080336,5.2995124841449,5.30998533012158,5.30022820468827,5.30068615332596,5.3015117915536,5.29237931649238,5.29318422411321,5.29298134751919,5.19209337131519,5.09084309023332,4.98923848196277,4.89787233535791
7.43003991196428,7.51012229679751,7.59003765388301,7.6699288165391,7.74972185093263,7.429800538008,7.10999399797335,6.79009336755152,6.47028073242704,6.15061853363672,5.8309734723543,5.88130279185392,5.93121978702616,5.99085648088817,6.04034494151449,6.08968843289286,6.1491294883573
11.7703838691533,11.2911762379769,10.8103621511609,10.319315364819,9.83732479097535,9.35808159514517,9.31994227312656,9.29089799947482,9.26270005551177,9.22594899268483,9.19936275664096,9.17253011760201,9.39173178573493,9.61823754479319,9.84331761188817,10.0670033797171,10.2916275088576
9.55024864814833,9.58076189866375,9.61023458049391,9.63955653308275,9.66826715492854,9.6987573687263,9.68996260788329,9.67058167191788,9.6617489391831,9.64385341203586,9.63606465010807,9.61811628262737,9.59759916959862,9.57533580320798,9.55214895634563,9.52805896337806,9.49457678638259
10.7401719264561,10.7805268108291,10.8201621994503,10.8596933671295,10.8988018333774,10.939140789133,10.9799741454173,10.9204021939923,10.8512092948115,10.7926644215115,10.7241933704616,10.6656119609905,10.595254405903,10.5436894131009,10.4814858845774,10.4286578804234,10.3762501474306
7.10013157131523,6.71040315606586,6.31012412746412,5.91976534100113,5.6290830709713,5.34934246592177,5.06998021408967,4.78030778970115,4.50092544517268,4.22203901976777,3.93320908881268,3.65429470312649,3.37402107454018,3.09282342197428,2.80113711288283,2.51897290712615,2.66713032510726
6.47026843468057,6.47082252784027,6.47025324757243,6.47952124356816,6.34812926130208,6.22865848456435,6.09995963235209,5.97062795929319,5.85188811352153,5.7241600528133,5.65654725331965,5.5787621474328,5.50820388439474,5.43576040738441,5.35231996262224,5.27790450261101,5.18414522639772
16.7600314655394,16.900096415568,17.0300296853278,17.1699438808378,17.3097807146151,17.4498427494289,17.5499952681606,17.6500736085138,17.7502213220375,17.8504876355973,17.9507674599162,18.0510270867196,18.1509616479037,18.2606752269314,18.3702719427877,18.4797543687144,18.5893137115919
5.91012633140353,5.85038710011792,5.68011918400854,5.50977468644571,5.33911958825578,5.1693686526366,4.99998100207619,4.83029553177963,4.80088858872732,4.7719578145026,4.75308128480013,4.72412366383019,4.69386093267718,4.66271097739,4.62109182663566,4.56901381175616,4.52724461174356
11.7703838691533,11.2911762379769,10.8103621511609,10.319315364819,9.83732479097535,9.35808159514517,9.31994227312656,9.29089799947482,9.26270005551177,9.22594899268483,9.19936275664096,9.17253011760201,9.39173178573493,9.61823754479319,9.84331761188817,10.0670033797171,10.2916275088576
5.83005962028889,5.93018268633302,6.02005624717861,6.10989366650875,6.19958450234026,6.27970204469253,6.36999103420314,6.45013947197277,6.53041935666928,6.62092396239527,6.7014541680433,6.88194610383403,7.06182211164522,7.24127940678723,7.42051527187696,7.59953458264268,7.77869963414313
7.08018983600505,6.94058168862125,6.8001790957388,6.66966142523681,6.52867702056926,6.50905128528675,6.49997145214995,6.49044409047033,6.47133526684119,6.46294197383572,6.45463019313136,6.41619655798832,6.38580175644969,6.34407373862031,6.31164066891475,6.26851807206113,6.23585952594234
4.3201314931076,4.40040291642485,4.3301240536812,4.25976548048538,4.1890836160054,4.11934285676826,4.04998022585066,3.9803076067471,4.17092489507648,4.35203780774889,4.5432071812901,4.73429215030117,4.91401868436312,5.1028217436969,5.29113643696869,5.47897351764302,5.66713203087795
7.4603491449623,7.27106983736667,7.07032939154487,6.87937729582482,6.67756678611428,6.48825513098671,6.28994749500741,6.20081676787547,6.11245581279926,6.02541085630071,5.93851581661747,5.85139666316086,5.7606705471204,5.79749238963771,5.82301750601142,5.85727444920551,5.89238487104444
6.26034867571648,6.21106839952059,6.34032894884735,6.45937813273031,6.58757005631886,6.70825747606565,6.83994756557337,6.96081567015115,6.94245251222207,6.91540358418741,6.89850437148202,6.87138134620896,6.85065620605804,6.81748231997344,6.9530134505266,7.07727811230671,7.20239510566859
7.89007893757531,7.78024187766347,7.67007447155961,7.55985921389964,7.44944987891838,7.33960550560951,7.22998812923789,7.10018466162376,6.97055523043051,6.84122333105941,6.71192532611943,6.58257665168755,6.45241248537897,6.36169394129941,6.28068222266876,6.19938378497683,6.11827830878241
8.74007424511707,8.79022749920263,8.84007004458446,8.87986758295449,8.92948258096418,8.94962895639891,8.95998883489747,8.9701736843806,8.99052222465856,9.00115060992642,9.0118108747649,8.90242348216848,8.79226907475539,8.68159324465677,8.57064166782055,8.45942041598878,8.34838065502388
5.36009989722211,5.40030610145521,5.45009424538191,5.47982183212134,5.50930380978046,5.5295007587502,5.55998497729179,5.59023369330985,5.62070265621194,5.7015481521201,5.79243654216964,5.88326080887274,5.97305305283098,6.0621437196365,6.14086336765742,6.1992201664568,6.25782116223718
11.6002544355135,11.6207796320988,11.6502400404299,11.6695462112484,11.6982268224054,11.728728446086,11.7599617375698,11.7805952105178,11.7717896463019,11.7639431014332,11.7562058067787,11.7483051917009,11.737776042701,11.7254599957339,11.5621989739918,11.40801378513,11.2544505593514
7.74011960554672,7.77036649099072,7.8001128386775,7.82978668209099,7.86916646118809,7.90940226543473,7.94998201352158,7.99027979773111,8.03084128045418,8.12185358087865,8.21291723785864,8.30390412085285,8.39365537745004,8.48256664553556,8.5710336980199,8.75906631620662,8.957391308023
9.55018913213631,9.62057953185213,9.69017843169253,9.76966268059503,9.76868192587613,9.77905480290516,9.77997155799889,9.79044244388386,9.7913303159754,9.79293106566578,9.76461302542818,9.72617358256046,9.69578024485616,9.65405863412391,9.62163458568752,9.57852356671292,9.56587487787856
11.7900042492817,11.7400130204951,11.6800040088719,11.6199924213559,11.5599703864807,11.4899787640074,11.4299993609861,11.3700099405035,11.2800298885601,11.180065853026,11.0901036420599,10.990138703509,10.9001298662869,10.8000911864042,10.7200367246681,10.6499668285837,10.5699073197925
9.55024864814833,9.58076189866375,9.61023458049391,9.63955653308275,9.66826715492854,9.6987573687263,9.68996260788329,9.67058167191788,9.6617489391831,9.64385341203586,9.63606465010807,9.61811628262737,9.59759916959862,9.57533580320798,9.55214895634563,9.52805896337806,9.49457678638259
11.6900977074083,11.7002993915068,11.7100921794602,11.7098257376803,11.7193190707352,11.5695117024519,11.4199853065996,11.2702285705964,11.1206872535184,10.9715142155914,10.8223831315375,10.7131893297638,10.5929861278733,10.4820967278699,10.3708444420616,10.249237260929,10.1378689238165
8.13033256494318,7.72101903347171,7.31031374956603,6.88940686648528,6.47768233334278,6.06833799044258,5.95994998833791,5.86077798161632,5.752339192405,5.65515390829748,5.54811142183149,5.45085546419347,5.37016382958373,5.29713659483373,5.22287421221442,5.13740387878106,5.06274649443097
12.7001740380623,12.6705332811364,12.6301641915892,12.5996896010548,12.5587871174568,12.5391302362777,12.5099738278705,12.4804071337517,12.4512241474089,12.4326971460213,12.4042448735711,12.4056808872741,12.4153189406836,12.4137347265901,12.4115041342591,12.408641396468,12.416204091622
2.92039567850651,2.96121242376997,3.01037329238169,3.14929430269761,3.28724249082675,3.42802257732518,3.57994049721663,3.72092562553676,3.86278312003787,4.01613200753619,4.15965079254984,4.31291559422501,4.45209270247095,4.58849096467715,4.73341967492282,4.86691119167037,5.0013699374832
5.66009223287366,5.69028261663584,5.72008701465584,5.74983550157758,5.77935722312194,5.96953906170622,6.1699861298691,6.3702157638127,6.5606487467844,6.76142937426955,6.95224960495725,7.33301063199159,7.71281881547913,8.09197924845353,8.46079712807201,8.83927999710964,9.21798832776491
8.83031340407204,8.92096032142329,9.02029567275087,9.11944104012589,9.21781586669648,9.30843374783262,9.40995286978117,9.47073315787343,9.54220441883616,9.60485696367111,9.66764407880051,9.73023002199059,9.79957823620409,9.97672541687632,10.1627086132509,10.3475534554132,10.5231644082503
6.46029166234886,6.45089370122142,6.44027516109938,6.36947981674667,6.30796738617536,6.24854240315683,6.18995613933719,6.12068229664681,6.06205149209274,5.85452002242159,5.65711378752455,5.44952033655221,5.24891376698148,5.03625885576545,4.82252070912087,4.72772317910187,4.62363861250245
7.89007893757531,7.78024187766347,7.67007447155961,7.55985921389964,7.44944987891838,7.33960550560951,7.22998812923789,7.10018466162376,6.97055523043051,6.84122333105941,6.71192532611943,6.58257665168755,6.45241248537897,6.36169394129941,6.28068222266876,6.19938378497683,6.11827830878241
6.39000041710742,6.44000127808546,6.1500003935089,5.85999925608405,5.56999709315146,5.27999791548543,4.99999993727476,4.71000097575496,4.81000293384637,4.91000646410072,5.01001017345372,5.11001361506839,5.21001274761099,5.31000895081268,5.5700036048754,5.82999674391008,6.08999090255633
7.4603491449623,7.27106983736667,7.07032939154487,6.87937729582482,6.67756678611428,6.48825513098671,6.28994749500741,6.20081676787547,6.11245581279926,6.02541085630071,5.93851581661747,5.85139666316086,5.7606705471204,5.79749238963771,5.82301750601142,5.85727444920551,5.89238487104444
4.38038535509838,4.51118079115613,4.64036355303638,4.76931271461827,4.90731443532751,5.03807416906186,5.1699420496677,5.30090147560181,5.43271050733956,5.55597202104361,5.67939899956989,5.81257862128305,5.93177719909906,6.04826943206336,6.11333045425677,6.16699177989665,6.23159509921443
12.1701605863487,12.080492062882,11.9901515009271,11.8997135923453,11.8088808633214,11.709197461874,11.9299758507613,12.1503756656547,12.3711295308626,12.5824886787734,12.8039167796882,13.0252418013194,13.2349078302293,13.4534460628812,13.6713878770276,13.8787464053689,14.0964974841808
5.36009989722211,5.40030610145521,5.45009424538191,5.47982183212134,5.50930380978046,5.5295007587502,5.55998497729179,5.59023369330985,5.62070265621194,5.7015481521201,5.79243654216964,5.88326080887274,5.97305305283098,6.0621437196365,6.14086336765742,6.1992201664568,6.25782116223718
10.9902027402652,10.9406212293886,10.8801912699204,10.879638410336,10.8685870899433,10.8589867956159,10.8499695115861,10.850474277889,10.8414260327141,11.1731419569514,11.4949449343563,11.8266177741658,12.1561961356646,12.4843506543875,12.8017521947473,12.8184173367783,12.8255780737783
11.1000621229333,11.0401903548455,10.970058608232,10.8998892030128,10.8295670612492,10.7696895376049,10.6999906578514,10.5401453265025,10.3904369597477,10.2409627469995,10.0815152087657,9.9320277942442,9.78189859731113,9.72133311166331,9.66053690112934,9.59951504610297,9.53864504948101
8.93004210177812,8.7301290067459,8.53003971980474,8.32992491098017,8.12970658997792,7.92978959430628,7.72999366866555,7.53009849026499,7.35029613512062,7.16065247016544,6.98102688298641,6.80137427096282,6.62128671198383,6.43090347265474,6.35036386711032,6.25967133842062,6.16908172677794
6.99034374863532,7.02105330213671,7.06032430052345,7.0893869202379,7.11760439346696,7.14828209939452,7.17994830651592,7.20080414404584,7.23241785616151,7.26532722699778,7.29838419755977,7.03122051821393,6.76050562490328,6.49737658849868,6.22297086793598,5.95731657486925,5.68250256922213
7.64016105559451,7.62049350072812,7.60015194362459,7.57971275543986,7.55887759311684,7.52919511679506,7.50997578019534,7.49037676337898,7.26113283143983,7.04249595088672,6.82392822482361,6.60525711827133,6.37492217129171,6.15345613254549,6.1313919325124,6.10874274226775,6.08648724955669
7.55037252904586,7.50114149002984,7.45035145263766,7.38933559003485,7.32740382091937,7.26813826788621,7.20994397847053,7.16087147113719,7.10262029156287,7.27577324994678,7.45908616586752,7.63215995793091,7.81138521006126,7.97799419457349,8.15321960433833,7.93709190466264,7.71187484560778
3.91023097322229,3.87070773979459,4.00021790555421,4.13958805652267,4.26839033263439,4.40884570003303,4.53996526586769,4.680540324302,4.87162461744205,5.07357949576827,5.27563355000603,5.47753934410553,5.67705898958312,5.87495651252072,5.93199619975071,5.99819694018973,6.06496229055879
6.39000041710742,6.44000127808546,6.1500003935089,5.85999925608405,5.56999709315146,5.27999791548543,4.99999993727476,4.71000097575496,4.81000293384637,4.91000646410072,5.01001017345372,5.11001361506839,5.21001274761099,5.31000895081268,5.5700036048754,5.82999674391008,6.08999090255633
6.46029166234886,6.45089370122142,6.44027516109938,6.36947981674667,6.30796738617536,6.24854240315683,6.18995613933719,6.12068229664681,6.06205149209274,5.85452002242159,5.65711378752455,5.44952033655221,5.24891376698148,5.03625885576545,4.82252070912087,4.72772317910187,4.62363861250245
5.37006830133663,5.39020928648557,5.40006443708262,5.41987818375729,5.43952400355553,5.45965866073215,5.46998972873292,5.49015977987261,5.5104804173474,5.3910584964913,5.27166590304917,5.14222946744431,5.02208742129885,4.90146569557611,4.78059029834615,4.85946681527058,4.94851029359641
5.45033139182862,5.5610154388565,5.68031264282225,5.59940895874899,5.50769050885423,5.42834385313993,5.3499501647528,5.27077523730553,5.19233094096201,5.06513572801424,4.93808280899285,4.8108171718137,4.68012797692784,4.54711142067308,4.41286407350237,4.35741303653405,4.30277208099133
9.39032099021286,9.48098356660165,9.57030282969402,9.65942751015389,9.7477629983891,9.82839583572309,9.90995172896486,9.99075090441653,10.0722577781675,10.1549745295028,10.2378291084903,10.3104776460464,10.3698100833789,10.4368882097819,10.5027741769222,10.5574942352772,10.6229989484933
5.18000948919336,5.18002907644308,5.25000895232751,5.31998307591135,5.38993386919624,5.4599525772926,5.52999857299959,5.59002219842506,5.77006674500549,5.94014705829117,6.11023144607246,6.28030974280526,6.46029000814992,6.63020363098843,6.64008201091527,6.64992592395365,6.66979303315616
4.58003185657763,4.71009761377307,4.86003005424235,5.00994318341659,5.15977798944459,5.30984079519647,5.45999520935562,5.6100745232841,5.74022407251851,5.87049369569175,6.01077699752903,6.14103985084618,6.28097359878901,6.41068361831832,6.8002753223584,7.19975131613004,7.58930518273849
4.43006493840823,4.47019898192197,4.5200612644171,4.55988418157993,4.51954744002168,4.46967546713122,4.42999023445562,4.39015191284834,4.34045676321083,4.30100637967932,4.40158387957843,4.50211969595565,4.60198464368528,4.71139352964888,4.81056123403827,4.9094930674958,5.03858364173613
12.1600962214632,12.1402948383276,12.1300907775847,12.109828387881,12.099329426383,12.0795191285352,12.0699855300585,12.0202250944694,11.9706768016906,11.9214911872326,11.8723468886086,11.8231408260828,11.7729407145092,11.6520648405998,11.540831599693,11.4292488607495,11.3079013334597
6.84028704809826,7.03087956240159,7.07027080790716,7.10948804631727,7.14799954318706,7.18856546309974,7.22995683323578,7.27067150235771,7.11201903641698,6.94444851330749,6.7870012436926,6.61936971985846,6.45877274653496,6.28615983740019,6.1124808301868,5.92775919959695,5.75373925297322
8.96023331945141,8.92071492902501,8.87022011904178,8.81958387199525,8.80837398161149,8.79883397463834,8.7799649130379,8.77054581292358,8.76164112032803,8.75361585633476,8.77569077568329,8.80761592886507,8.83713069489491,8.85500686084204,8.88201647717481,8.89817862468375,8.93491111743805
11.6002544355135,11.6207796320988,11.6502400404299,11.6695462112484,11.6982268224054,11.728728446086,11.7599617375698,11.7805952105178,11.7717896463019,11.7639431014332,11.7562058067787,11.7483051917009,11.737776042701,11.7254599957339,11.5621989739918,11.40801378513,11.2544505593514
8.99021314188098,9.10065310164341,9.21020108304867,9.32961985893108,9.43851460040844,9.54893481303275,9.65996794737407,9.83049861077801,10.0014991955086,10.1733031554629,10.3351986348588,10.5069572999331,10.6765140292135,10.9345738652787,11.1918420913275,11.4483361380351,11.7153512062764
5.18000948919336,5.18002907644308,5.25000895232751,5.31998307591135,5.38993386919624,5.4599525772926,5.52999857299959,5.59002219842506,5.77006674500549,5.94014705829117,6.11023144607246,6.28030974280526,6.46029000814992,6.63020363098843,6.64008201091527,6.64992592395365,6.66979303315616
7.43003991196428,7.51012229679751,7.59003765388301,7.6699288165391,7.74972185093263,7.429800538008,7.10999399797335,6.79009336755152,6.47028073242704,6.15061853363672,5.8309734723543,5.88130279185392,5.93121978702616,5.99085648088817,6.04034494151449,6.08968843289286,6.1491294883573
7.51031473360187,7.49096439532053,7.47029692706049,7.44943866889369,7.41780660111683,7.27842710344229,7.13995266984429,7.00073626809232,6.86221377047155,6.72487756799212,6.58767650668429,6.58027342002099,6.57961886921411,6.57675394759173,6.56272010379123,6.55754307662646,6.55313541014855
7.78031160529638,7.77095480967997,7.76029397574373,7.74944424826358,7.7378284024807,7.60844273730189,7.479953140284,7.35072894993022,7.22219176662357,7.0948290872368,6.96760020578128,6.86017130700828,6.75952326213172,6.64668681649664,6.53269306722576,6.42756749730109,6.3132036409762
8.26036142356136,8.33110746100586,8.36034097546316,8.39935539679798,8.4274812157611,8.45819376808779,8.48994564853152,8.52084549166172,8.53254217790256,8.55560114326537,8.56881529766181,8.58179745673577,8.59104580491878,8.59775587918593,8.5531236245309,8.50717859805758,8.46211706504593
10.8301902270432,10.8505828868263,10.8801794646534,10.9096607278156,10.9386742953988,10.8290493310543,10.719971393345,10.6004450052406,10.4913380173222,10.3829480339301,10.2646397307442,10.1862093221149,10.095813707335,10.0040821300072,9.91164404848543,9.8285150194768,9.73585099708888
8.65012844300974,8.7303935704253,8.81012117614736,8.88977092037103,9.35910487233517,9.81935809978137,10.2899806845294,10.760300471539,11.2309034413247,11.7019905390124,11.8231327879097,11.9441925901138,12.0639254674578,12.1727562908792,12.2911100763174,12.4089973278008,12.4671985559349
12.6602640550529,12.6608091079435,12.660249115729,12.649529054686,12.6481597832115,12.6486803719678,12.6499602909677,12.6506177138662,12.6618573081344,12.6740921797558,12.6864404320554,12.688619189215,12.6980700344794,12.6256664238513,12.5522821114306,12.4679386915555,12.3942407495564
8.99021314188098,9.10065310164341,9.21020108304867,9.32961985893108,9.43851460040844,9.54893481303275,9.65996794737407,9.83049861077801,10.0014991955086,10.1733031554629,10.3351986348588,10.5069572999331,10.6765140292135,10.9345738652787,11.1918420913275,11.4483361380351,11.7153512062764
8.20016746862077,8.25051315129126,8.30015799382396,8.35970131773157,8.40883290032091,8.45916306738288,8.50997481579392,8.61039176561129,8.70117793932818,8.80259533643514,8.89408464167479,8.9954664499474,9.08511816581061,9.36359375129042,9.64144735747162,9.91869267988475,10.20634737636
6.87037237263059,6.59114101074781,6.31035130507182,6.01933586900334,5.73740491098756,5.44813904957919,5.36994400199252,5.28087110522908,5.20261919137047,5.12577082590901,5.03908235082237,4.96215485228028,4.95138042970714,4.94799083801874,4.93321825251005,4.92709312569637,4.91187825714917
6.64010928213859,6.37033485837688,6.11010309933219,6.04980509401165,5.99923840568886,5.93945385717141,5.88998356597264,5.84025564779616,5.78076866775586,5.97169359438607,6.15266544487869,6.33356714791089,6.52333987407815,6.70234511292177,6.89094447735384,7.0591469044329,7.23761646975424
7.48031043218182,7.55095121506476,7.61029286899995,7.6694463405273,7.72783657799215,7.79844859999924,7.8599533166989,7.86072620561943,7.86218351518059,7.87481090695355,7.87757159294264,7.88013301462851,7.87948740947582,7.91666164233598,7.9526829285137,7.98757665505408,8.02322922753657
6.99023511822707,6.99072044076833,7.00022181604892,7.00958066385756,7.02836144582727,7.04882498516907,7.05996464253506,7.08055002086679,7.09165377254061,6.98364373276907,6.88573464870252,6.77767464384738,6.66718566896729,6.55504546122172,6.44203202319996,6.36816458279584,6.30487188471216
3.19038042801723,3.36116569377225,3.52035890471248,3.68932150212586,3.6773487724756,3.67809879239073,3.67994279061025,3.6708899494965,3.672675851279,3.67589566385398,3.59927882564764,3.53241779328802,3.4616266179443,3.38816370058859,3.30328787166615,3.2270302424592,3.15170256276798
6.26034867571648,6.21106839952059,6.34032894884735,6.45937813273031,6.58757005631886,6.70825747606565,6.83994756557337,6.96081567015115,6.94245251222207,6.91540358418741,6.89850437148202,6.87138134620896,6.85065620605804,6.81748231997344,6.9530134505266,7.07727811230671,7.20239510566859
9.41008347361828,9.15025577684228,8.90007875096891,8.63985112381329,8.38941826694077,8.19958283651309,8.0199874471003,7.84019527295881,7.65058713601008,7.47129362815463,7.2920359624288,7.08272471555599,6.87255111564844,6.66179128138729,6.45072142568869,6.23934837499861,6.02817937408232
7.50023621313399,7.59072379574253,7.69022284900978,7.83957871107809,7.97835381534992,8.12881951331821,8.27996447788116,8.43055258222352,8.5816614738874,8.77366070103344,8.97576135401858,9.16771038340183,9.36721913144612,9.555068957105,9.74204148599787,9.90815603555972,10.0748480039225
10.8301902270432,10.8505828868263,10.8801794646534,10.9096607278156,10.9386742953988,10.8290493310543,10.719971393345,10.6004450052406,10.4913380173222,10.3829480339301,10.2646397307442,10.1862093221149,10.095813707335,10.0040821300072,9.91164404848543,9.8285150194768,9.73585099708888
13.1103302969217,12.9810120838823,12.8403116098614,12.7094109115285,12.5676981393316,12.4383493249908,12.1799503294067,11.9307726759488,11.6723232396152,11.4151187597499,11.1680561036768,10.9107814322593,11.010094514449,11.0970879247898,11.1828546107045,11.2674215837702,11.362795961781
7.77003193478527,7.79009785341409,7.80003012802527,7.88994304393234,7.97977744441049,8.05984040434998,8.14999519759462,8.23007470623815,8.32022462261471,8.40049490771063,8.48077890505161,8.5610424036715,8.65097598896607,8.7306852965957,8.81027599827253,8.89975070561317,8.9993034769678
6.43018412684752,6.45056419482723,6.47017370958571,6.49967160758687,6.51871680805832,6.49907981708052,6.48997231070244,6.47043073482449,6.45129510981864,6.44285349645726,6.42449094398336,6.44601020174011,6.45562727352433,6.47395122437177,6.49159132718276,6.50856263979234,6.51598404720279
7.59009731637008,7.74029819330175,7.89009181054558,8.0498264351015,8.19932179590565,8.23951365668437,8.28998536540456,8.34022765582612,8.38068450303736,8.43150815549695,8.48237359392465,8.44317656563725,8.40297417698801,8.37208833648305,8.3308410624909,8.29924031351337,8.25787745266998
7.91017075334154,7.95052321621385,7.98016109270655,8.01969545939318,8.08881000888885,8.1591466518303,8.21997432183222,8.2903994496815,8.36120104336855,8.43264624122823,8.51416475762296,8.60557366861075,8.68521855324711,8.77366423894026,8.86147574586537,8.93866703817639,9.05627573399098
9.55018913213631,9.62057953185213,9.69017843169253,9.76966268059503,9.76868192587613,9.77905480290516,9.77997155799889,9.79044244388386,9.7913303159754,9.79293106566578,9.76461302542818,9.72617358256046,9.69578024485616,9.65405863412391,9.62163458568752,9.57852356671292,9.56587487787856
5.66010959496914,5.73033581694094,5.81010339446387,5.83980453607466,5.87923622555247,5.91945229378545,5.94998351892867,5.99025637961237,6.03077086814066,5.92169844246161,5.80267307496899,5.69357735921216,5.58334943478639,5.47235182603128,5.36094718101038,5.36914446236544,5.37760964667147
4.43006493840823,4.47019898192197,4.5200612644171,4.55988418157993,4.51954744002168,4.46967546713122,4.42999023445562,4.39015191284834,4.34045676321083,4.30100637967932,4.40158387957843,4.50211969595565,4.60198464368528,4.71139352964888,4.81056123403827,4.9094930674958,5.03858364173613
4.54004147611703,4.36012708961779,4.18003912954139,4.00992602685415,3.82971095025069,3.7997927210782,3.75999376275349,3.73009702663257,3.69029173435103,3.66064277401438,3.63101162280581,3.54135384836028,3.46126759056735,3.37089004643572,3.28035845979722,3.19967622255554,3.10909537294347
8.98038848340388,8.77119037679669,8.56036650435314,8.33930713524838,8.12729263396364,7.90805853520226,7.69994157922798,7.55090879376392,7.40273251118753,7.25602050179894,7.1094753004729,6.96268073429576,6.81187280618145,6.83833656315845,6.86335749082224,6.88696735922202,6.91152686838679
9.41008347361828,9.15025577684228,8.90007875096891,8.63985112381329,8.38941826694077,8.19958283651309,8.0199874471003,7.84019527295881,7.65058713601008,7.47129362815463,7.2920359624288,7.08272471555599,6.87255111564844,6.66179128138729,6.45072142568869,6.23934837499861,6.02817937408232
6.96030878982143,6.84094618260347,6.71029131955865,6.57944926969649,6.44784802370818,6.31845680777553,6.22995356367975,6.14072236358433,6.0421719631604,5.954785454557,5.86753153496856,5.78007940529683,5.86943721575757,5.95662639851106,6.04266873431683,6.12758947590826,6.21326504872108
6.55016199408616,6.27049637642029,6.05015282901962,5.83971108162889,5.61887105270768,5.40919042663718,5.19997563906343,4.98037895882761,4.80113943259422,4.63251049511332,4.45395111509452,4.27528775217515,4.10495085341642,3.92347627187402,3.74140004348205,3.55873541606536,3.38646678030839
8.93004210177812,8.7301290067459,8.53003971980474,8.32992491098017,8.12970658997792,7.92978959430628,7.72999366866555,7.53009849026499,7.35029613512062,7.16065247016544,6.98102688298641,6.80137427096282,6.62128671198383,6.43090347265474,6.35036386711032,6.25967133842062,6.16908172677794
4.58003185657763,4.71009761377307,4.86003005424235,5.00994318341659,5.15977798944459,5.30984079519647,5.45999520935562,5.6100745232841,5.74022407251851,5.87049369569175,6.01077699752903,6.14103985084618,6.28097359878901,6.41068361831832,6.8002753223584,7.19975131613004,7.58930518273849
5.89029784075221,5.93091263286152,5.97028098994998,6.00946879749113,6.04792432848172,6.08851152628412,6.12995521021875,6.09069675001696,6.05209494969249,6.01461577191336,5.977264481808,5.94972200975233,5.9091025909692,5.96639143967825,6.02257410633768,6.07767494826947,6.13350385661784
4.38006853595954,4.29021000540861,4.19006465843138,4.09987776530455,3.99952236845324,3.90965748819268,3.84998969344995,3.80016032873476,3.740482067636,3.68106213254795,3.6316716256169,3.57223712592027,3.59209459183003,3.60147073040824,3.62059232608856,3.62946498371998,3.64850517628433
5.91012633140353,5.85038710011792,5.68011918400854,5.50977468644571,5.33911958825578,5.1693686526366,4.99998100207619,4.83029553177963,4.80088858872732,4.7719578145026,4.75308128480013,4.72412366383019,4.69386093267718,4.66271097739,4.62109182663566,4.56901381175616,4.52724461174356
9.55024864814833,9.58076189866375,9.61023458049391,9.63955653308275,9.66826715492854,9.6987573687263,9.68996260788329,9.67058167191788,9.6617489391831,9.64385341203586,9.63606465010807,9.61811628262737,9.59759916959862,9.57533580320798,9.55214895634563,9.52805896337806,9.49457678638259
5.66010959496914,5.73033581694094,5.81010339446387,5.83980453607466,5.87923622555247,5.91945229378545,5.94998351892867,5.99025637961237,6.03077086814066,5.92169844246161,5.80267307496899,5.69357735921216,5.58334943478639,5.47235182603128,5.36094718101038,5.36914446236544,5.37760964667147
7.59009731637008,7.74029819330175,7.89009181054558,8.0498264351015,8.19932179590565,8.23951365668437,8.28998536540456,8.34022765582612,8.38068450303736,8.43150815549695,8.48237359392465,8.44317656563725,8.40297417698801,8.37208833648305,8.3308410624909,8.29924031351337,8.25787745266998
8.84014705642743,8.95045060498662,9.06013873648209,9.16973772312014,9.28897515422015,9.37926507831676,9.46997788541307,9.56034401460357,9.65103436422015,9.74227899950664,9.84358677828261,9.93480016253943,10.034494329598,10.133155720895,10.2312709438819,10.3188520247867,10.4167925825104
11.960053989339,11.92016543218,12.1900509348084,12.4499037093746,12.7096237447952,12.9797301856398,13.2399918809946,13.500126299281,13.6203797497429,13.7408366970357,13.8613168264179,13.9717623004111,14.0916500188969,14.2111585708161,14.3704666060591,14.519578539857,14.6788224496329
16.7202351964347,16.8107206804093,16.9002218898318,16.7295805243733,16.5483609007932,16.3788245943226,16.1999646307741,16.0305502038208,15.8616543226368,15.743644944788,15.6257365562251,15.5076771966727,15.3871880591443,15.2650471394991,15.1520326991141,15.168163972279,15.1848701789415
3.19038042801723,3.36116569377225,3.52035890471248,3.68932150212586,3.6773487724756,3.67809879239073,3.67994279061025,3.6708899494965,3.672675851279,3.67589566385398,3.59927882564764,3.53241779328802,3.4616266179443,3.38816370058859,3.30328787166615,3.2270302424592,3.15170256276798
10.0103741714062,9.95114652249113,9.89035300207896,9.93933266086565,9.97739237520334,10.0181300601099,10.0599437314897,10.1108753131723,10.1526318435831,10.4257987023433,10.6991262238416,10.9822135672626,11.2514354037795,11.5180294383984,11.7832337985352,11.6570790838085,11.5318390244233
5.37006830133663,5.39020928648557,5.40006443708262,5.41987818375729,5.43952400355553,5.45965866073215,5.46998972873292,5.49015977987261,5.5104804173474,5.3910584964913,5.27166590304917,5.14222946744431,5.02208742129885,4.90146569557611,4.78059029834615,4.85946681527058,4.94851029359641
6.47026843468057,6.47082252784027,6.47025324757243,6.47952124356816,6.34812926130208,6.22865848456435,6.09995963235209,5.97062795929319,5.85188811352153,5.7241600528133,5.65654725331965,5.5787621474328,5.50820388439474,5.43576040738441,5.35231996262224,5.27790450261101,5.18414522639772
6.46029166234886,6.45089370122142,6.44027516109938,6.36947981674667,6.30796738617536,6.24854240315683,6.18995613933719,6.12068229664681,6.06205149209274,5.85452002242159,5.65711378752455,5.44952033655221,5.24891376698148,5.03625885576545,4.82252070912087,4.72772317910187,4.62363861250245
5.67019452846329,5.64059606708209,5.61018352271394,5.57965305618196,5.54864431852346,5.51902783449736,5.48997074649038,5.59045506771349,5.70136827261315,5.80301469496871,5.91474464448589,6.01634972750739,6.12594516707328,6.19417443526294,6.26168122376296,6.32848144104919,6.38575717970087
2.64017583683797,3.02053879287976,3.13016588859629,3.2396863929171,3.34877458167257,3.45912124680846,3.56997355736768,3.68041134169492,3.76123679962151,3.85272502245564,3.93428874659036,4.02573960225642,4.105373914756,4.19377332696978,4.33151968028426,4.46862735458011,4.60616485889606
8.05026694873546,8.06081797466101,8.06025184569696,8.05952389376886,8.05813961694991,8.28866591064765,8.52995985581095,8.77062448316619,9.00187766169375,9.24413702445452,9.48651101039072,9.45871364375176,9.4381584710306,9.40572852011425,9.38230712025364,9.35791610243146,9.32417763604085
7.3700650948235,7.440199461204,7.52006141198294,7.67988390261143,7.84954634995349,8.00967468543823,8.16999021093363,8.34015227875645,8.50045786340323,8.65100880371709,8.80158769462358,8.95212480160628,9.1019894240394,9.25139688620364,9.40056258586654,9.56949184646207,9.74858023019474
6.96030878982143,6.84094618260347,6.71029131955865,6.57944926969649,6.44784802370818,6.31845680777553,6.22995356367975,6.14072236358433,6.0421719631604,5.954785454557,5.86753153496856,5.78007940529683,5.86943721575757,5.95662639851106,6.04266873431683,6.12758947590826,6.21326504872108
7.26012789555628,7.1703918929382,7.08012065966692,6.98977189676076,6.89910868757384,6.8093608357068,6.76998076685633,6.73029919086068,6.68089959065131,6.64198205488027,6.60311943525164,6.55417472033655,6.56390873621837,6.57274454293755,6.5811053449184,6.58900160141884,6.59721049632974
12.1600962214632,12.1402948383276,12.1300907775847,12.109828387881,12.099329426383,12.0795191285352,12.0699855300585,12.0202250944694,11.9706768016906,11.9214911872326,11.8723468886086,11.8231408260828,11.7729407145092,11.6520648405998,11.540831599693,11.4292488607495,11.3079013334597
7.91017075334154,7.95052321621385,7.98016109270655,8.01969545939318,8.08881000888885,8.1591466518303,8.21997432183222,8.2903994496815,8.36120104336855,8.43264624122823,8.51416475762296,8.60557366861075,8.68521855324711,8.77366423894026,8.86147574586537,8.93866703817639,9.05627573399098
4.90000010427688,4.96000031952141,5.02000009837722,5.07999981402104,5.13999927328785,5.20999947887139,5.25999998431874,5.31000024393875,5.37000073346157,5.42000161602519,5.47000254336341,5.53000340376711,5.63000318690275,5.73000223770317,5.83000090121885,5.92999918597755,6.0299977256391
7.55037252904586,7.50114149002984,7.45035145263766,7.38933559003485,7.32740382091937,7.26813826788621,7.20994397847053,7.16087147113719,7.10262029156287,7.27577324994678,7.45908616586752,7.63215995793091,7.81138521006126,7.97799419457349,8.15321960433833,7.93709190466264,7.71187484560778
10.4801501065253,10.5804599509862,10.6801416140159,10.7797322832345,10.8289538978904,10.8792498353037,10.9199774267343,10.9703511498116,11.0210558179719,11.0723262682431,11.1036611716631,11.1248997227268,11.1545875465033,11.1832211737127,11.2112973045333,11.238828214629,11.3467260574534
10.8301902270432,10.8505828868263,10.8801794646534,10.9096607278156,10.9386742953988,10.8290493310543,10.719971393345,10.6004450052406,10.4913380173222,10.3829480339301,10.2646397307442,10.1862093221149,10.095813707335,10.0040821300072,9.91164404848543,9.8285150194768,9.73585099708888
7.26012789555628,7.1703918929382,7.08012065966692,6.98977189676076,6.89910868757384,6.8093608357068,6.76998076685633,6.73029919086068,6.68089959065131,6.64198205488027,6.60311943525164,6.55417472033655,6.56390873621837,6.57274454293755,6.5811053449184,6.58900160141884,6.59721049632974
6.84032122483577,7.01098428552469,7.17030305104277,7.32942709170115,7.4877613632868,7.64839466318362,7.80995169368188,7.97075145327869,8.13225942845609,8.14497816555943,8.14783483105805,8.16048530452238,8.16981725391007,8.17689324461404,8.18277620466458,8.3674924037266,8.55299383118119
10.5201282865945,10.5303930911433,10.5401210285815,10.5497711993395,10.5591059624034,10.5593588814743,10.5699807080514,10.5803001056309,10.5809023411323,10.5919881149747,10.5931289728645,10.5941874844631,10.6039206871037,10.5427529343244,10.4911087244891,10.4389985488345,10.3872019674763
3.8901138963892,3.63034899719671,3.36010745252442,3.08979686444105,2.81920624867715,2.5494307972285,2.27998287207406,2.26026644208527,2.24080112343162,2.23176510350018,2.21277798871064,2.20371776460465,2.18348089452468,2.31244413128702,2.44098435628791,2.56911088393782,2.69751582928346
7.7402031313034,7.66062242759362,7.59019163883503,7.50963771291475,7.41858436477282,7.33898484138346,7.24996945278116,7.16047519265928,7.08142878319508,6.99314801704586,7.16495447196918,7.33663053829236,7.50620808654985,7.67435904577443,7.841755574318,8.00841428419395,7.80556954492484
11.3602675743966,11.3808198917891,11.4102524359603,11.4395227778949,11.4581352566771,11.4786627838757,11.499959761723,11.5206259467986,11.5418820624633,11.5641467206056,11.5965262705713,11.6187340663543,11.6481775924471,11.6757419463333,11.7023125275667,11.7279112182965,11.7541639898753
2.34007713879965,2.22023636592015,2.10007277455247,1.97986242203733,1.8694624147026,1.74961449507878,1.83998839974073,1.94018045368055,2.03054257821793,2.1211954546251,2.21188145310019,2.31251793670524,2.3123575113066,2.32165534091973,2.33066667664361,2.32939782686474,2.3383175415083
12.3201594914418,12.1504887079078,11.9901504679662,11.8197155451248,11.6488884937988,11.4692029337249,11.2999760154152,11.1303731042979,10.9611218295158,10.8124717105091,10.6638900743721,10.515206061765,10.3548743677505,10.2034225669979,10.0513784142297,10.0087549526051,9.96652136497051
12.7001740380623,12.6705332811364,12.6301641915892,12.5996896010548,12.5587871174568,12.5391302362777,12.5099738278705,12.4804071337517,12.4512241474089,12.4326971460213,12.4042448735711,12.4056808872741,12.4153189406836,12.4137347265901,12.4115041342591,12.408641396468,12.416204091622
6.11035735676422,6.15109499967314,6.19033713875137,6.22936264997885,6.25750955753413,6.27821409210526,6.30994626010316,6.34083597805099,6.37251357290019,6.40553811828345,6.48871610648789,6.56166470981924,6.64092151571167,6.70766860876231,6.78308847699579,6.8472103449346,6.89220576512187
10.7401719264561,10.7805268108291,10.8201621994503,10.8596933671295,10.8988018333774,10.939140789133,10.9799741454173,10.9204021939923,10.8512092948115,10.7926644215115,10.7241933704616,10.6656119609905,10.595254405903,10.5436894131009,10.4814858845774,10.4286578804234,10.3762501474306
14.1501194491314,14.1303660117087,14.1101126911117,14.0897869610595,14.0691675512563,14.0294030471277,13.9899820370436,13.950279431823,13.9108401802618,13.8718511568409,13.8329134228135,13.6438990152022,13.4636505970959,13.2725632889808,13.0810323461916,12.8990675372403,12.7073947195644
9.41008347361828,9.15025577684228,8.90007875096891,8.63985112381329,8.38941826694077,8.19958283651309,8.0199874471003,7.84019527295881,7.65058713601008,7.47129362815463,7.2920359624288,7.08272471555599,6.87255111564844,6.66179128138729,6.45072142568869,6.23934837499861,6.02817937408232
6.39000041710742,6.44000127808546,6.1500003935089,5.85999925608405,5.56999709315146,5.27999791548543,4.99999993727476,4.71000097575496,4.81000293384637,4.91000646410072,5.01001017345372,5.11001361506839,5.21001274761099,5.31000895081268,5.5700036048754,5.82999674391008,6.08999090255633
5.9302565471197,6.05078610240615,6.17024203256873,6.27954244517376,6.22821210648477,6.16871789323082,6.10996142002301,6.0606001502772,6.00180449889923,5.94397582594306,5.82625730988819,5.69837411798448,5.57784057748166,5.44550530922308,5.31221722367344,5.18799730117461,5.29440450354278
7.5502540444753,7.64077843389371,7.73023967151532,7.82954690866968,7.91822954757587,8.0187304003185,8.10996179637478,8.21059429574751,8.30178689582086,8.4039370413388,8.49619626916577,8.61829242757431,8.74776409181575,8.865451604347,8.98219559442107,9.09801683771432,9.2244590882049
7.08018983600505,6.94058168862125,6.8001790957388,6.66966142523681,6.52867702056926,6.50905128528675,6.49997145214995,6.49044409047033,6.47133526684119,6.46294197383572,6.45463019313136,6.41619655798832,6.38580175644969,6.34407373862031,6.31164066891475,6.26851807206113,6.23585952594234
11.6900977074083,11.7002993915068,11.7100921794602,11.7098257376803,11.7193190707352,11.5695117024519,11.4199853065996,11.2702285705964,11.1206872535184,10.9715142155914,10.8223831315375,10.7131893297638,10.5929861278733,10.4820967278699,10.3708444420616,10.249237260929,10.1378689238165
6.47026843468057,6.47082252784027,6.47025324757243,6.47952124356816,6.34812926130208,6.22865848456435,6.09995963235209,5.97062795929319,5.85188811352153,5.7241600528133,5.65654725331965,5.5787621474328,5.50820388439474,5.43576040738441,5.35231996262224,5.27790450261101,5.18414522639772
7.48031043218182,7.55095121506476,7.61029286899995,7.6694463405273,7.72783657799215,7.79844859999924,7.8599533166989,7.86072620561943,7.86218351518059,7.87481090695355,7.87757159294264,7.88013301462851,7.87948740947582,7.91666164233598,7.9526829285137,7.98757665505408,8.02322922753657
10.4801501065253,10.5804599509862,10.6801416140159,10.7797322832345,10.8289538978904,10.8792498353037,10.9199774267343,10.9703511498116,11.0210558179719,11.0723262682431,11.1036611716631,11.1248997227268,11.1545875465033,11.1832211737127,11.2112973045333,11.238828214629,11.3467260574534
15.8503939579385,15.9012071516677,15.9603716691575,16.0192973713511,16.0672544815769,16.128031175948,16.1899407559585,16.1809216005476,16.1727710179215,16.1661053431208,16.1696088270532,16.162859432068,16.1520401185756,16.3684540425749,16.5834048048118,16.8069246230414,17.0214074644384
7.50023621313399,7.59072379574253,7.69022284900978,7.83957871107809,7.97835381534992,8.12881951331821,8.27996447788116,8.43055258222352,8.5816614738874,8.77366070103344,8.97576135401858,9.16771038340183,9.36721913144612,9.555068957105,9.74204148599787,9.90815603555972,10.0748480039225
12.6602640550529,12.6608091079435,12.660249115729,12.649529054686,12.6481597832115,12.6486803719678,12.6499602909677,12.6506177138662,12.6618573081344,12.6740921797558,12.6864404320554,12.688619189215,12.6980700344794,12.6256664238513,12.5522821114306,12.4679386915555,12.3942407495564
7.78031160529638,7.77095480967997,7.76029397574373,7.74944424826358,7.7378284024807,7.60844273730189,7.479953140284,7.35072894993022,7.22219176662357,7.0948290872368,6.96760020578128,6.86017130700828,6.75952326213172,6.64668681649664,6.53269306722576,6.42756749730109,6.3132036409762
5.66010959496914,5.73033581694094,5.81010339446387,5.83980453607466,5.87923622555247,5.91945229378545,5.94998351892867,5.99025637961237,6.03077086814066,5.92169844246161,5.80267307496899,5.69357735921216,5.58334943478639,5.47235182603128,5.36094718101038,5.36914446236544,5.37760964667147
7.51031473360187,7.49096439532053,7.47029692706049,7.44943866889369,7.41780660111683,7.27842710344229,7.13995266984429,7.00073626809232,6.86221377047155,6.72487756799212,6.58767650668429,6.58027342002099,6.57961886921411,6.57675394759173,6.56272010379123,6.55754307662646,6.55313541014855
3.5001203876231,3.65036888740086,3.7901135765067,3.93978528724851,4.08916101084712,4.23939835696983,4.37998189591165,4.53028162727163,4.67084678141617,4.82186570106748,4.9629363130844,5.11392964910603,5.27367927922064,5.42258342830933,5.58104045716126,5.72906021103796,5.88737425031609
2.53001496372797,2.43004585131406,2.33001411713184,2.23997331201403,2.13989571680947,2.4799252180383,2.81999774973008,3.15003500520874,3.49010525173945,3.83023189961299,4.17036497265274,4.41048844057751,4.6504573205441,4.89032111040484,5.14012932490485,5.37988318777305,5.61967362920778
8.98038848340388,8.77119037679669,8.56036650435314,8.33930713524838,8.12729263396364,7.90805853520226,7.69994157922798,7.55090879376392,7.40273251118753,7.25602050179894,7.1094753004729,6.96268073429576,6.81187280618145,6.83833656315845,6.86335749082224,6.88696735922202,6.91152686838679
6.55016199408616,6.27049637642029,6.05015282901962,5.83971108162889,5.61887105270768,5.40919042663718,5.19997563906343,4.98037895882761,4.80113943259422,4.63251049511332,4.45395111509452,4.27528775217515,4.10495085341642,3.92347627187402,3.74140004348205,3.55873541606536,3.38646678030839
5.45033139182862,5.5610154388565,5.68031264282225,5.59940895874899,5.50769050885423,5.42834385313993,5.3499501647528,5.27077523730553,5.19233094096201,5.06513572801424,4.93808280899285,4.8108171718137,4.68012797692784,4.54711142067308,4.41286407350237,4.35741303653405,4.30277208099133
6.11035735676422,6.15109499967314,6.19033713875137,6.22936264997885,6.25750955753413,6.27821409210526,6.30994626010316,6.34083597805099,6.37251357290019,6.40553811828345,6.48871610648789,6.56166470981924,6.64092151571167,6.70766860876231,6.78308847699579,6.8472103449346,6.89220576512187
6.82014838595726,6.53045467888386,6.23013999079171,5.93973535188794,5.63896588864051,5.34925843392643,5.38997768547619,5.43034712482246,5.46104371585554,5.50229960382765,5.54361920616639,5.58484356056984,5.59453496260803,5.59318425161038,5.59128243442224,5.588841646,5.58676358440866
6.11035735676422,6.15109499967314,6.19033713875137,6.22936264997885,6.25750955753413,6.27821409210526,6.30994626010316,6.34083597805099,6.37251357290019,6.40553811828345,6.48871610648789,6.56166470981924,6.64092151571167,6.70766860876231,6.78308847699579,6.8472103449346,6.89220576512187
5.91012633140353,5.85038710011792,5.68011918400854,5.50977468644571,5.33911958825578,5.1693686526366,4.99998100207619,4.83029553177963,4.80088858872732,4.7719578145026,4.75308128480013,4.72412366383019,4.69386093267718,4.66271097739,4.62109182663566,4.56901381175616,4.52724461174356
8.83031340407204,8.92096032142329,9.02029567275087,9.11944104012589,9.21781586669648,9.30843374783262,9.40995286978117,9.47073315787343,9.54220441883616,9.60485696367111,9.66764407880051,9.73023002199059,9.79957823620409,9.97672541687632,10.1627086132509,10.3475534554132,10.5231644082503
11.9401819370337,11.8905574848788,11.840171643664,11.7896755131458,11.738732069013,11.6890907607822,11.6399726400102,11.520425612111,11.4012797071251,11.2828195599285,11.1644375333512,11.0459387226312,10.9255603485667,10.6239042326052,10.3315724015869,10.0385797342646,9.73603180878215
12.7703744060292,12.7811472414142,12.8003532234277,12.8093322424129,12.8173907401011,12.8281288875705,12.8399436962067,13.0908758620345,13.3426334938717,13.5958023384,13.8591319464093,14.1122212257385,14.3614425743107,14.6280344732305,14.8932358262776,15.1570772522579,15.4218339071112
9.96036337875229,9.89111345203121,9.81034282003613,9.7293519096918,9.64746758990868,9.57818399692554,9.4299453545067,9.28085006551304,9.13255593030754,8.98563144373745,8.8388629857262,8.69186127736872,8.59110555934527,8.48779783612036,8.38314052238432,8.28716333513594,8.18207442077865
4.14027461308392,4.12084145948038,4.10025907642303,4.08951022431261,4.06808620360844,4.00862760769164,3.94995870323365,3.89064241266334,3.84193157112128,3.78425580230507,3.72669794760311,3.76896382063291,3.80839270838246,3.84589299129721,3.88237335983905,3.91785627177861,3.96401047051312
2.34007713879965,2.22023636592015,2.10007277455247,1.97986242203733,1.8694624147026,1.74961449507878,1.83998839974073,1.94018045368055,2.03054257821793,2.1211954546251,2.21188145310019,2.31251793670524,2.3123575113066,2.32165534091973,2.33066667664361,2.32939782686474,2.3383175415083
8.24023191171393,8.16071061548676,8.07021879094924,7.9895863827117,7.90838379222523,7.85884100987516,7.81996512473577,7.77054251975063,7.72163121859644,7.67359403999486,7.62565644027693,7.63756997800934,7.65708767170784,7.66497665184925,7.67200431072035,7.67818961398734,7.68494182131049
12.7703744060292,12.7811472414142,12.8003532234277,12.8093322424129,12.8173907401011,12.8281288875705,12.8399436962067,13.0908758620345,13.3426334938717,13.5958023384,13.8591319464093,14.1122212257385,14.3614425743107,14.6280344732305,14.8932358262776,15.1570772522579,15.4218339071112
16.7202351964347,16.8107206804093,16.9002218898318,16.7295805243733,16.5483609007932,16.3788245943226,16.1999646307741,16.0305502038208,15.8616543226368,15.743644944788,15.6257365562251,15.5076771966727,15.3871880591443,15.2650471394991,15.1520326991141,15.168163972279,15.1848701789415
7.78031160529638,7.77095480967997,7.76029397574373,7.74944424826358,7.7378284024807,7.60844273730189,7.479953140284,7.35072894993022,7.22219176662357,7.0948290872368,6.96760020578128,6.86017130700828,6.75952326213172,6.64668681649664,6.53269306722576,6.42756749730109,6.3132036409762
8.93004210177812,8.7301290067459,8.53003971980474,8.32992491098017,8.12970658997792,7.92978959430628,7.72999366866555,7.53009849026499,7.35029613512062,7.16065247016544,6.98102688298641,6.80137427096282,6.62128671198383,6.43090347265474,6.35036386711032,6.25967133842062,6.16908172677794
8.35032834173077,8.53100609285696,8.61030976528841,8.68941439863464,8.75771176518401,8.83835909615304,8.91995062343152,8.99076810209748,8.92230948721024,8.85508845927779,8.77800841561241,8.7107176116263,8.6300347600225,8.55704596785537,8.34283771285103,8.12743684669181,7.91283860604829
17.2100981766541,17.4803008293529,17.7500926221577,17.7198249007748,17.6993158005306,17.679509357373,17.6599852360336,17.6402296683207,17.6206905540956,17.5115214877047,17.402394576673,17.2832046467158,17.1730004689357,17.0521067975342,16.9408484975464,17.0292335978278,17.1178586891924
8.24023191171393,8.16071061548676,8.07021879094924,7.9895863827117,7.90838379222523,7.85884100987516,7.81996512473577,7.77054251975063,7.72163121859644,7.67359403999486,7.62565644027693,7.63756997800934,7.65708767170784,7.66497665184925,7.67200431072035,7.67818961398734,7.68494182131049
7.63028673526771,7.56087860383754,7.48027051277548,7.40948860425426,7.29800172332345,7.17856702648569,7.06995688027975,6.9606707705415,6.84201683603218,6.73444366523196,6.64699361360229,6.55935950855719,6.46876318582672,6.37615312429068,6.28247812653025,6.18776164166442,6.13374607605599
11.1700139470287,11.1500427359809,11.1200131579539,11.0999751253092,11.0799028022527,10.9599302990427,10.839997902623,10.7200326268061,10.6000981004889,10.4802161433675,10.3603401748593,10.2104552538484,10.0704262482423,9.92029929279894,9.77012053802107,9.6198911244923,9.47969580422676
6.16020618140125,6.17063177359317,6.25019451636888,6.3296322730291,6.40856310844305,6.49896959837035,6.57996899410244,6.66048232786733,6.61145023694685,6.5731952857823,6.52502886534962,6.47673009847976,6.43630130345518,6.38442449859215,6.34178193496934,6.29839047403618,6.26550301986789
5.07024966484761,5.05076501399692,5.03023553967186,4.98955471978754,4.94826006948528,4.91875228772193,4.87996245499038,4.84058405032057,4.80175609043369,4.74386916828134,4.68608944790155,4.62814946935651,4.5676302419004,4.50535762081388,4.44215774322941,4.4080510266588,4.3645546113636
4.7901166336565,4.88035738463219,4.97011003492658,5.04979198249239,5.13918717248377,5.22941711760135,5.31998246043931,5.44027284547711,5.5708203767986,5.69180752416109,5.82284475200078,5.94380711349077,6.06356455072177,6.19250287099523,6.3110080132827,6.42908951584752,6.55745612730927
6.55016199408616,6.27049637642029,6.05015282901962,5.83971108162889,5.61887105270768,5.40919042663718,5.19997563906343,4.98037895882761,4.80113943259422,4.63251049511332,4.45395111509452,4.27528775217515,4.10495085341642,3.92347627187402,3.74140004348205,3.55873541606536,3.38646678030839
6.84028704809826,7.03087956240159,7.07027080790716,7.10948804631727,7.14799954318706,7.18856546309974,7.22995683323578,7.27067150235771,7.11201903641698,6.94444851330749,6.7870012436926,6.61936971985846,6.45877274653496,6.28615983740019,6.1124808301868,5.92775919959695,5.75373925297322
9.55018913213631,9.62057953185213,9.69017843169253,9.76966268059503,9.76868192587613,9.77905480290516,9.77997155799889,9.79044244388386,9.7913303159754,9.79293106566578,9.76461302542818,9.72617358256046,9.69578024485616,9.65405863412391,9.62163458568752,9.57852356671292,9.56587487787856
7.48031043218182,7.55095121506476,7.61029286899995,7.6694463405273,7.72783657799215,7.79844859999924,7.8599533166989,7.86072620561943,7.86218351518059,7.87481090695355,7.87757159294264,7.88013301462851,7.87948740947582,7.91666164233598,7.9526829285137,7.98757665505408,8.02322922753657
12.3201594914418,12.1504887079078,11.9901504679662,11.8197155451248,11.6488884937988,11.4692029337249,11.2999760154152,11.1303731042979,10.9611218295158,10.8124717105091,10.6638900743721,10.515206061765,10.3548743677505,10.2034225669979,10.0513784142297,10.0087549526051,9.96652136497051
5.66009223287366,5.69028261663584,5.72008701465584,5.74983550157758,5.77935722312194,5.96953906170622,6.1699861298691,6.3702157638127,6.5606487467844,6.76142937426955,6.95224960495725,7.33301063199159,7.71281881547913,8.09197924845353,8.46079712807201,8.83927999710964,9.21798832776491
5.87021791254685,5.85066771974526,5.83020558380673,5.80961135039199,5.78848135332854,5.77891097139686,5.7599672299535,5.75050977097522,5.73153275137676,5.72337708861478,5.70531499373593,5.69711302227744,5.68665983001414,5.66467624019873,5.65188332208986,5.62829889650631,5.61524715426421
11.6900977074083,11.7002993915068,11.7100921794602,11.7098257376803,11.7193190707352,11.5695117024519,11.4199853065996,11.2702285705964,11.1206872535184,10.9715142155914,10.8223831315375,10.7131893297638,10.5929861278733,10.4820967278699,10.3708444420616,10.249237260929,10.1378689238165
4.38038535509838,4.51118079115613,4.64036355303638,4.76931271461827,4.90731443532751,5.03807416906186,5.1699420496677,5.30090147560181,5.43271050733956,5.55597202104361,5.67939899956989,5.81257862128305,5.93177719909906,6.04826943206336,6.11333045425677,6.16699177989665,6.23159509921443
5.28009755099299,5.29029891222479,5.29009203189434,5.29982601664876,5.29932016080336,5.2995124841449,5.30998533012158,5.30022820468827,5.30068615332596,5.3015117915536,5.29237931649238,5.29318422411321,5.29298134751919,5.19209337131519,5.09084309023332,4.98923848196277,4.89787233535791
4.75023801190965,4.68072930748585,4.60022454601692,4.5995755029404,4.59834127956569,4.59881052384894,4.59996420737833,4.60055679016673,4.61167412609999,4.58368857746775,4.56580522703781,4.54776909838414,4.5272741055185,4.50510755748467,4.47205703202302,4.3481419936718,4.22480877119658
10.8000918418355,10.8902814184308,10.8500866457412,10.8198361989988,10.7893599482924,10.7595410159387,10.7299861886741,10.7002148490424,10.5906459963034,10.4714233141751,10.3522400673444,10.242997867865,10.1228068645938,10.0119708570666,9.82079374850133,9.62928304969397,9.43799685661837
4.63001699712654,4.73005208198042,4.82001603548773,4.83996968542359,4.85988154592296,4.87991505602956,4.89999744394427,4.92003976201411,4.94011955424063,4.94026341210395,4.9504145682397,4.95055481403578,4.95051946514765,4.96036474561665,4.9601468986724,4.97986731433454,4.99962927916981
4.38038535509838,4.51118079115613,4.64036355303638,4.76931271461827,4.90731443532751,5.03807416906186,5.1699420496677,5.30090147560181,5.43271050733956,5.55597202104361,5.67939899956989,5.81257862128305,5.93177719909906,6.04826943206336,6.11333045425677,6.16699177989665,6.23159509921443
10.4301024780741,10.5503140096087,10.6700966802182,10.7898172291412,10.9092858236553,11.019487860816,11.199984589179,11.3702397307936,11.5407208093865,11.7115881487432,11.8824994904146,12.0533450521082,12.093131928674,12.13219910279,12.1708856728239,12.2092000194002,12.2477648718044
5.28009755099299,5.29029891222479,5.29009203189434,5.29982601664876,5.29932016080336,5.2995124841449,5.30998533012158,5.30022820468827,5.30068615332596,5.3015117915536,5.29237931649238,5.29318422411321,5.29298134751919,5.19209337131519,5.09084309023332,4.98923848196277,4.89787233535791
7.78031160529638,7.77095480967997,7.76029397574373,7.74944424826358,7.7378284024807,7.60844273730189,7.479953140284,7.35072894993022,7.22219176662357,7.0948290872368,6.96760020578128,6.86017130700828,6.75952326213172,6.64668681649664,6.53269306722576,6.42756749730109,6.3132036409762
12.7703744060292,12.7811472414142,12.8003532234277,12.8093322424129,12.8173907401011,12.8281288875705,12.8399436962067,13.0908758620345,13.3426334938717,13.5958023384,13.8591319464093,14.1122212257385,14.3614425743107,14.6280344732305,14.8932358262776,15.1570772522579,15.4218339071112
11.1700139470287,11.1500427359809,11.1200131579539,11.0999751253092,11.0799028022527,10.9599302990427,10.839997902623,10.7200326268061,10.6000981004889,10.4802161433675,10.3603401748593,10.2104552538484,10.0704262482423,9.92029929279894,9.77012053802107,9.6198911244923,9.47969580422676
10.8000918418355,10.8902814184308,10.8500866457412,10.8198361989988,10.7893599482924,10.7595410159387,10.7299861886741,10.7002148490424,10.5906459963034,10.4714233141751,10.3522400673444,10.242997867865,10.1228068645938,10.0119708570666,9.82079374850133,9.62928304969397,9.43799685661837
5.9302565471197,6.05078610240615,6.17024203256873,6.27954244517376,6.22821210648477,6.16871789323082,6.10996142002301,6.0606001502772,6.00180449889923,5.94397582594306,5.82625730988819,5.69837411798448,5.57784057748166,5.44550530922308,5.31221722367344,5.18799730117461,5.29440450354278
6.55016199408616,6.27049637642029,6.05015282901962,5.83971108162889,5.61887105270768,5.40919042663718,5.19997563906343,4.98037895882761,4.80113943259422,4.63251049511332,4.45395111509452,4.27528775217515,4.10495085341642,3.92347627187402,3.74140004348205,3.55873541606536,3.38646678030839
9.94039818115091,10.0312200922824,10.1203756534351,10.1692898392017,10.2072250497357,10.2580100702375,10.2999401208649,10.3509314800664,10.3928007231163,10.4561707921405,10.5097118332723,10.5629972846352,10.6221691881369,10.6685446695532,10.7134413041752,10.8768916551307,11.0413153528211
8.0000416325323,8.23012756889982,8.45003927710723,8.66992574788566,8.8897098601825,9.10979193938522,9.3399937392315,9.62009739254067,9.90029283454343,10.1906451980521,10.471015437851,10.7613589540109,11.0412723709215,11.1808934029905,11.3103598116255,11.4496750015218,11.5790919614021
6.01037557914372,6.07115083602939,6.1203543301715,6.1893301501492,6.2473825645896,6.3181230248731,6.37994351979181,6.45087860634524,6.51264174531464,6.49582051868322,6.46916055924796,6.45225951811831,6.43147842696659,6.39805964739121,6.37324596498966,6.18706809450488,5.99180832055083
13.5503742496139,13.8111467621322,14.0703530758619,14.2393325213814,14.4173918301692,14.5881296692634,14.7699437197287,14.9508754961263,15.1226323936793,15.2857999143622,15.4591281313642,15.6222161200879,15.7914377939566,15.9480311166758,16.1032344744493,16.1270784732916,16.1418373186526
4.43006493840823,4.47019898192197,4.5200612644171,4.55988418157993,4.51954744002168,4.46967546713122,4.42999023445562,4.39015191284834,4.34045676321083,4.30100637967932,4.40158387957843,4.50211969595565,4.60198464368528,4.71139352964888,4.81056123403827,4.9094930674958,5.03858364173613
8.65012844300974,8.7303935704253,8.81012117614736,8.88977092037103,9.35910487233517,9.81935809978137,10.2899806845294,10.760300471539,11.2309034413247,11.7019905390124,11.8231327879097,11.9441925901138,12.0639254674578,12.1727562908792,12.2911100763174,12.4089973278008,12.4671985559349
5.130076200308,5.12023349022798,5.12007188915744,5.1398640958483,5.15946895511176,5.17961918523666,5.19998854087264,5.22017825823192,5.24053597706354,5.1211809103985,5.01185856282929,4.89248730280142,4.77232882918188,4.6516352015912,4.54065856567397,4.61940515306713,4.6883380107566
7.4603491449623,7.27106983736667,7.07032939154487,6.87937729582482,6.67756678611428,6.48825513098671,6.28994749500741,6.20081676787547,6.11245581279926,6.02541085630071,5.93851581661747,5.85139666316086,5.7606705471204,5.79749238963771,5.82301750601142,5.85727444920551,5.89238487104444
11.1000621229333,11.0401903548455,10.970058608232,10.8998892030128,10.8295670612492,10.7696895376049,10.6999906578514,10.5401453265025,10.3904369597477,10.2409627469995,10.0815152087657,9.9320277942442,9.78189859731113,9.72133311166331,9.66053690112934,9.59951504610297,9.53864504948101
9.21037464065207,9.79114796033722,10.3703534447765,10.9593318239602,11.0073891049988,11.068127715031,11.1299436609237,11.1808764108966,11.2426351441602,11.3058059744566,11.3291376689771,11.3522288842145,11.3614497448419,11.3780395080627,11.39323785402,11.4070754207073,11.5718287897991
3.3502787580887,3.33085416045412,3.31026298691774,3.2895028316475,3.26805731680131,3.23860689282767,3.20995807990102,3.18065210922813,3.15196072621985,3.12432003930587,3.0967990462996,3.06909912037476,3.02851938776663,2.99598193999821,2.9624091832883,2.92782391438473,2.88392006466649
8.64035117836087,8.86107606803303,9.09033130990076,9.20937366923439,9.33755261522777,9.45824496897797,9.5799471892216,9.71082152468083,9.83247011530045,9.94544236879167,10.0585654122044,10.1714630366191,10.270732691724,10.3775360248495,10.483035079779,10.467258575767,10.4623405210065
6.84028704809826,7.03087956240159,7.07027080790716,7.10948804631727,7.14799954318706,7.18856546309974,7.22995683323578,7.27067150235771,7.11201903641698,6.94444851330749,6.7870012436926,6.61936971985846,6.45877274653496,6.28615983740019,6.1124808301868,5.92775919959695,5.75373925297322
6.57034499995752,6.46105713639293,6.35032548105016,6.24938468848994,6.13759567292141,6.02827584585068,5.90994811834003,5.79080707131068,5.6724266577007,5.55534661929991,5.43841471792097,5.32126136341902,5.26054386773623,5.19740344093671,5.13298168256217,5.0673068065994,5.00247527689107
11.3701286776327,11.6603942893483,11.9401213974961,12.2297705019183,12.5191032372329,12.8093569272419,13.0999806492464,13.3803010204012,13.6609050916133,13.9419941750691,14.2231385104774,14.5042002485897,14.783932637989,15.0627613257113,15.3311121040598,15.6089954962502,15.8771934386228
11.3701286776327,11.6603942893483,11.9401213974961,12.2297705019183,12.5191032372329,12.8093569272419,13.0999806492464,13.3803010204012,13.6609050916133,13.9419941750691,14.2231385104774,14.5042002485897,14.783932637989,15.0627613257113,15.3311121040598,15.6089954962502,15.8771934386228
8.64035117836087,8.86107606803303,9.09033130990076,9.20937366923439,9.33755261522777,9.45824496897797,9.5799471892216,9.71082152468083,9.83247011530045,9.94544236879167,10.0585654122044,10.1714630366191,10.270732691724,10.3775360248495,10.483035079779,10.467258575767,10.4623405210065
9.21037464065207,9.79114796033722,10.3703534447765,10.9593318239602,11.0073891049988,11.068127715031,11.1299436609237,11.1808764108966,11.2426351441602,11.3058059744566,11.3291376689771,11.3522288842145,11.3614497448419,11.3780395080627,11.39323785402,11.4070754207073,11.5718287897991
5.52018443967807,5.57056515339129,5.63017400471738,5.68967104964988,5.73871462792193,5.77907825369456,5.81997226365846,5.86043146664071,5.90129731020344,5.94285834453279,5.98449857407366,6.03602041304138,6.08563683423257,6.12395793748128,6.17159403083931,6.21856019772487,6.26597722412003
6.90021431499553,6.94065669625862,6.98020218979245,7.01961776666737,7.05850642489699,7.1089289503354,7.14996777095918,7.1905013550888,7.23150744695159,7.27332133574615,7.31522724769746,7.35699559231282,7.39654988186939,7.43459903943938,7.05185223003957,6.66832698028214,6.27532561971601
12.7001740380623,12.6705332811364,12.6301641915892,12.5996896010548,12.5587871174568,12.5391302362777,12.5099738278705,12.4804071337517,12.4512241474089,12.4326971460213,12.4042448735711,12.4056808872741,12.4153189406836,12.4137347265901,12.4115041342591,12.408641396468,12.416204091622
6.81013415216727,6.84041106421932,6.86012656230045,6.87976073802097,6.89906508484611,6.9193295679876,6.9399798259769,6.96031382718489,6.90094359834726,6.84207901639092,6.78327203705767,6.72437894636198,6.66409995038315,6.59287880512773,6.61115941804934,6.62895276006958,6.64707403467445
11.3701286776327,11.6603942893483,11.9401213974961,12.2297705019183,12.5191032372329,12.8093569272419,13.0999806492464,13.3803010204012,13.6609050916133,13.9419941750691,14.2231385104774,14.5042002485897,14.783932637989,15.0627613257113,15.3311121040598,15.6089954962502,15.8771934386228
7.91017075334154,7.95052321621385,7.98016109270655,8.01969545939318,8.08881000888885,8.1591466518303,8.21997432183222,8.2903994496815,8.36120104336855,8.43264624122823,8.51416475762296,8.60557366861075,8.68521855324711,8.77366423894026,8.86147574586537,8.93866703817639,9.05627573399098
8.74007424511707,8.79022749920263,8.84007004458446,8.87986758295449,8.92948258096418,8.94962895639891,8.95998883489747,8.9701736843806,8.99052222465856,9.00115060992642,9.0118108747649,8.90242348216848,8.79226907475539,8.68159324465677,8.57064166782055,8.45942041598878,8.34838065502388
10.4801501065253,10.5804599509862,10.6801416140159,10.7797322832345,10.8289538978904,10.8792498353037,10.9199774267343,10.9703511498116,11.0210558179719,11.0723262682431,11.1036611716631,11.1248997227268,11.1545875465033,11.1832211737127,11.2112973045333,11.238828214629,11.3467260574534
4.08010474609563,4.04032095919807,4.01009881992289,3.979813184098,3.94927001766647,3.91947652626783,3.87998424811023,3.83024503646111,3.7907367621763,3.75162329729085,3.71255480856931,3.67341908404245,3.60320124380869,3.53224777283389,3.4609052743339,3.37918231441112,3.30771540445432
6.47026843468057,6.47082252784027,6.47025324757243,6.47952124356816,6.34812926130208,6.22865848456435,6.09995963235209,5.97062795929319,5.85188811352153,5.7241600528133,5.65654725331965,5.5787621474328,5.50820388439474,5.43576040738441,5.35231996262224,5.27790450261101,5.18414522639772
9.21037464065207,9.79114796033722,10.3703534447765,10.9593318239602,11.0073891049988,11.068127715031,11.1299436609237,11.1808764108966,11.2426351441602,11.3058059744566,11.3291376689771,11.3522288842145,11.3614497448419,11.3780395080627,11.39323785402,11.4070754207073,11.5718287897991
6.84032122483577,7.01098428552469,7.17030305104277,7.32942709170115,7.4877613632868,7.64839466318362,7.80995169368188,7.97075145327869,8.13225942845609,8.14497816555943,8.14783483105805,8.16048530452238,8.16981725391007,8.17689324461404,8.18277620466458,8.3674924037266,8.55299383118119
5.83005962028889,5.93018268633302,6.02005624717861,6.10989366650875,6.19958450234026,6.27970204469253,6.36999103420314,6.45013947197277,6.53041935666928,6.62092396239527,6.7014541680433,6.88194610383403,7.06182211164522,7.24127940678723,7.42051527187696,7.59953458264268,7.77869963414313
7.59009731637008,7.74029819330175,7.89009181054558,8.0498264351015,8.19932179590565,8.23951365668437,8.28998536540456,8.34022765582612,8.38068450303736,8.43150815549695,8.48237359392465,8.44317656563725,8.40297417698801,8.37208833648305,8.3308410624909,8.29924031351337,8.25787745266998
3.8901138963892,3.63034899719671,3.36010745252442,3.08979686444105,2.81920624867715,2.5494307972285,2.27998287207406,2.26026644208527,2.24080112343162,2.23176510350018,2.21277798871064,2.20371776460465,2.18348089452468,2.31244413128702,2.44098435628791,2.56911088393782,2.69751582928346
11.7703838691533,11.2911762379769,10.8103621511609,10.319315364819,9.83732479097535,9.35808159514517,9.31994227312656,9.29089799947482,9.26270005551177,9.22594899268483,9.19936275664096,9.17253011760201,9.39173178573493,9.61823754479319,9.84331761188817,10.0670033797171,10.2916275088576
6.11035735676422,6.15109499967314,6.19033713875137,6.22936264997885,6.25750955753413,6.27821409210526,6.30994626010316,6.34083597805099,6.37251357290019,6.40553811828345,6.48871610648789,6.56166470981924,6.64092151571167,6.70766860876231,6.78308847699579,6.8472103449346,6.89220576512187
9.21037464065207,9.79114796033722,10.3703534447765,10.9593318239602,11.0073891049988,11.068127715031,11.1299436609237,11.1808764108966,11.2426351441602,11.3058059744566,11.3291376689771,11.3522288842145,11.3614497448419,11.3780395080627,11.39323785402,11.4070754207073,11.5718287897991
8.07033835230835,7.71103676690675,7.55031920950204,7.39939654465097,7.24764200081963,7.09830906780232,6.93994911802443,6.79079152021621,6.80237989952375,6.81524359769484,6.81825257850207,6.831044373267,6.84034070268615,6.84726078735965,6.87292422986054,6.89735870053299,6.92262026739982
5.28009755099299,5.29029891222479,5.29009203189434,5.29982601664876,5.29932016080336,5.2995124841449,5.30998533012158,5.30022820468827,5.30068615332596,5.3015117915536,5.29237931649238,5.29318422411321,5.29298134751919,5.19209337131519,5.09084309023332,4.98923848196277,4.89787233535791
9.21037464065207,9.79114796033722,10.3703534447765,10.9593318239602,11.0073891049988,11.068127715031,11.1299436609237,11.1808764108966,11.2426351441602,11.3058059744566,11.3291376689771,11.3522288842145,11.3614497448419,11.3780395080627,11.39323785402,11.4070754207073,11.5718287897991
13.1103302969217,12.9810120838823,12.8403116098614,12.7094109115285,12.5676981393316,12.4383493249908,12.1799503294067,11.9307726759488,11.6723232396152,11.4151187597499,11.1680561036768,10.9107814322593,11.010094514449,11.0970879247898,11.1828546107045,11.2674215837702,11.362795961781
4.79032325823434,4.73099051619105,4.68030496939867,4.66942346511072,4.65774719240029,4.64838450117488,4.63995138789606,4.63075621008406,4.62227373095728,4.53500967805039,4.44788442664501,4.37055167798064,4.27987939851362,4.18693687982585,4.10279377843214,3.99747653028809,3.89294948114322
3.53038058443251,3.55116617305428,3.56035905227832,3.57932122315736,3.59734768240741,3.60809801069775,3.61994276708826,3.63089031540461,3.6526769514714,3.66589808789174,3.67928264069279,3.87242289893866,4.06163139829842,4.24816705714335,4.43328922349442,4.62702902142546,4.81169915122659
8.77007447973998,9.00022821812567,9.24007026593322,9.46986716450175,9.69948094586189,9.92962778385944,10.1599887996145,10.3101742332428,10.4605238749472,10.6111542459831,10.7518165973326,10.9024311406444,11.0522762452866,11.1515982794889,11.240643695563,11.3394185844382,11.4383755377118
9.55018913213631,9.62057953185213,9.69017843169253,9.76966268059503,9.76868192587613,9.77905480290516,9.77997155799889,9.79044244388386,9.7913303159754,9.79293106566578,9.76461302542818,9.72617358256046,9.69578024485616,9.65405863412391,9.62163458568752,9.57852356671292,9.56587487787856
5.36009989722211,5.40030610145521,5.45009424538191,5.47982183212134,5.50930380978046,5.5295007587502,5.55998497729179,5.59023369330985,5.62070265621194,5.7015481521201,5.79243654216964,5.88326080887274,5.97305305283098,6.0621437196365,6.14086336765742,6.1992201664568,6.25782116223718
8.64035117836087,8.86107606803303,9.09033130990076,9.20937366923439,9.33755261522777,9.45824496897797,9.5799471892216,9.71082152468083,9.83247011530045,9.94544236879167,10.0585654122044,10.1714630366191,10.270732691724,10.3775360248495,10.483035079779,10.467258575767,10.4623405210065
6.19002536534374,6.11007772356891,6.02002393026007,5.94995476060912,5.86982322727461,5.78987323545513,5.71999618551803,5.64005933809773,5.56017841453396,5.45039309812445,5.34061867315527,5.23082796634479,5.12077521409305,5.01054432129601,4.90021922148504,4.7798019890299,4.65944676170585
9.94039818115091,10.0312200922824,10.1203756534351,10.1692898392017,10.2072250497357,10.2580100702375,10.2999401208649,10.3509314800664,10.3928007231163,10.4561707921405,10.5097118332723,10.5629972846352,10.6221691881369,10.6685446695532,10.7134413041752,10.8768916551307,11.0413153528211
4.9403334252272,4.86102166952287,4.78031456117814,4.69940533215856,4.60767633796772,4.51833369113119,4.42994985896698,4.34077999411089,4.25234524346319,4.1651672405052,4.09813240457981,4.03088354527197,3.96019012153139,3.88715505588488,3.81288164726993,3.72739716309554,3.82272773095337
6.70006806671372,6.63020856756253,6.55006421573386,6.47987860221003,6.40952563865782,6.32965983327162,6.2599897640159,6.17015923101045,6.07047876705881,5.98105486043465,5.89166018048145,5.80222180896836,5.70208025076767,5.68146066074397,5.65058827060374,5.61946864682117,5.58851541090848
4.43002075109313,4.21006358474909,3.99001957706785,3.75996299017972,3.53985538428632,3.30989629539804,3.08999687941661,2.82004854380863,2.5401459588582,2.27032158901034,1.99050612932332,1.72067734965104,1.44063419364652,1.46044530293076,1.47017934255097,1.48983800952498,1.49954740217663
5.34005594452993,5.65017142320537,5.96005277938141,6.27990022226838,6.5896101189428,6.52972041447756,6.4699915869698,6.4201308731323,6.36039350214791,6.30086699750776,6.24136451448226,6.45182612104409,6.65170977332341,6.8512005277505,7.05048350391253,7.25956327693537,7.45877980536561
7.4603491449623,7.27106983736667,7.07032939154487,6.87937729582482,6.67756678611428,6.48825513098671,6.28994749500741,6.20081676787547,6.11245581279926,6.02541085630071,5.93851581661747,5.85139666316086,5.7606705471204,5.79749238963771,5.82301750601142,5.85727444920551,5.89238487104444
5.47016277616253,5.52049877283043,5.54015356684881,5.55970968678641,5.57886560236672,5.59918651817228,5.6199755214535,5.64038078836814,5.63114493355622,5.62252261530215,5.62397019032027,5.61531328042833,5.60497475518702,5.59349305464779,5.65140680262341,5.7187293108967,5.77644972260148
9.870369478948,9.8811321440303,9.88034857510382,9.8893410299205,9.89742507724914,9.89815351089932,9.90994443714926,9.93086433592914,9.96259883781109,9.98572598121033,10.0090117724871,10.0320603977435,10.0512919931559,10.0379287417558,10.023193243687,10.0171157148204,10.0019413706647
8.64035117836087,8.86107606803303,9.09033130990076,9.20937366923439,9.33755261522777,9.45824496897797,9.5799471892216,9.71082152468083,9.83247011530045,9.94544236879167,10.0585654122044,10.1714630366191,10.270732691724,10.3775360248495,10.483035079779,10.467258575767,10.4623405210065
4.7901166336565,4.88035738463219,4.97011003492658,5.04979198249239,5.13918717248377,5.22941711760135,5.31998246043931,5.44027284547711,5.5708203767986,5.69180752416109,5.82284475200078,5.94380711349077,6.06356455072177,6.19250287099523,6.3110080132827,6.42908951584752,6.55745612730927
9.94039818115091,10.0312200922824,10.1203756534351,10.1692898392017,10.2072250497357,10.2580100702375,10.2999401208649,10.3509314800664,10.3928007231163,10.4561707921405,10.5097118332723,10.5629972846352,10.6221691881369,10.6685446695532,10.7134413041752,10.8768916551307,11.0413153528211
9.82005453679246,9.95016710966712,10.0900514512889,10.2199027329848,10.0696199295565,9.91972744971438,9.76999179866768,9.61012757995935,9.46038360041632,9.31084518116787,9.0713301790759,8.82178017018837,8.57166675013633,8.33117031875771,8.08047133745807,7.82957426623896,7.55881050923805
7.72032951484533,7.78100968747217,7.84031087203219,7.92941230637093,8.00770358967256,8.08835323345569,8.16995044701663,8.25077084640826,8.33231773865323,8.59510663956104,8.85803702845104,9.13075590400607,9.3900706126784,9.65707114201602,9.91284785156309,9.99742768893883,10.0828130194879
13.1103302969217,12.9810120838823,12.8403116098614,12.7094109115285,12.5676981393316,12.4383493249908,12.1799503294067,11.9307726759488,11.6723232396152,11.4151187597499,11.1680561036768,10.9107814322593,11.010094514449,11.0970879247898,11.1828546107045,11.2674215837702,11.362795961781
6.96030878982143,6.84094618260347,6.71029131955865,6.57944926969649,6.44784802370818,6.31845680777553,6.22995356367975,6.14072236358433,6.0421719631604,5.954785454557,5.86753153496856,5.78007940529683,5.86943721575757,5.95662639851106,6.04266873431683,6.12758947590826,6.21326504872108
3.04015479898352,2.800474329447,2.56014604099107,2.32972391417965,1.97892119584458,1.63922638451425,1.28997672107477,0.950362127054773,0.611088823743883,0.262398989376071,0.633775623017577,1.0050528922459,1.36473095712693,1.73332187035531,2.10133785938146,2.46879158361701,2.98662371121198
7.4603491449623,7.27106983736667,7.07032939154487,6.87937729582482,6.67756678611428,6.48825513098671,6.28994749500741,6.20081676787547,6.11245581279926,6.02541085630071,5.93851581661747,5.85139666316086,5.7606705471204,5.79749238963771,5.82301750601142,5.85727444920551,5.89238487104444
8.73032935843005,8.99100920819014,9.26031072446635,9.51941258533942,9.77770467974075,9.95835401514867,10.1499504705386,10.3407704805002,10.5323166384608,10.7251042155233,10.9080332134059,11.1007507983554,11.2900658323243,11.4770677854613,11.6628464997348,11.8474289099726,12.0228164310293
3.3502787580887,3.33085416045412,3.31026298691774,3.2895028316475,3.26805731680131,3.23860689282767,3.20995807990102,3.18065210922813,3.15196072621985,3.12432003930587,3.0967990462996,3.06909912037476,3.02851938776663,2.99598193999821,2.9624091832883,2.92782391438473,2.88392006466649
5.66010959496914,5.73033581694094,5.81010339446387,5.83980453607466,5.87923622555247,5.91945229378545,5.94998351892867,5.99025637961237,6.03077086814066,5.92169844246161,5.80267307496899,5.69357735921216,5.58334943478639,5.47235182603128,5.36094718101038,5.36914446236544,5.37760964667147
8.9602018799812,9.0206185933374,9.08019045830833,9.13963994466271,9.19859308531836,9.2589910949273,9.30996964095705,9.36047226539443,9.41141998165589,9.46312862474373,9.51492395160797,9.55658969308728,9.59616984371689,9.6343321933364,9.67174475969182,9.7084240524638,9.7455968372559
7.16036416082867,7.10111584844135,7.03034355786532,6.96935051484932,6.90746213956772,6.83818008846064,6.77994523689677,6.80085189505356,6.81256143126954,6.83564356392628,6.85888206095195,6.8818868056219,6.89112946111587,6.92781461889413,6.95314728152569,6.98715722996728,7.01205736307174
9.94039818115091,10.0312200922824,10.1203756534351,10.1692898392017,10.2072250497357,10.2580100702375,10.2999401208649,10.3509314800664,10.3928007231163,10.4561707921405,10.5097118332723,10.5629972846352,10.6221691881369,10.6685446695532,10.7134413041752,10.8768916551307,11.0413153528211
11.980202349227,12.0106200311835,12.0301909010058,12.0596391077572,12.0985898151138,12.1389887498484,12.1699695703911,12.2104733631187,12.2514232822331,12.293135896857,12.2449353967434,12.1966050100392,12.1461841847793,12.0843422630007,12.0317488151766,11.9784203893626,11.9455866026318
6.01037557914372,6.07115083602939,6.1203543301715,6.1893301501492,6.2473825645896,6.3181230248731,6.37994351979181,6.45087860634524,6.51264174531464,6.49582051868322,6.46916055924796,6.45225951811831,6.43147842696659,6.39805964739121,6.37324596498966,6.18706809450488,5.99180832055083
8.96023331945141,8.92071492902501,8.87022011904178,8.81958387199525,8.80837398161149,8.79883397463834,8.7799649130379,8.77054581292358,8.76164112032803,8.75361585633476,8.77569077568329,8.80761592886507,8.83713069489491,8.85500686084204,8.88201647717481,8.89817862468375,8.93491111743805
7.55037252904586,7.50114149002984,7.45035145263766,7.38933559003485,7.32740382091937,7.26813826788621,7.20994397847053,7.16087147113719,7.10262029156287,7.27577324994678,7.45908616586752,7.63215995793091,7.81138521006126,7.97799419457349,8.15321960433833,7.93709190466264,7.71187484560778
8.64007588747745,8.62023253166393,8.63007159402577,8.63986465378529,8.64947113524815,8.66962074862262,8.67998858791661,8.69017752641571,8.69053377667874,8.68117606232297,8.68185093273899,8.68247709150015,8.68231926847364,8.67162848848169,8.77065586201742,8.86940759513459,8.96834483383936
4.46004734168983,4.37014506269383,4.34004466326032,4.3099155655356,4.26967007269344,4.23976340759146,4.20999288067902,4.18011074818651,4.28033299156598,4.38073367543061,4.47115468699896,4.57154531025912,4.67144685384683,4.77101591723901,4.92040915335749,5.06963043379061,5.21896744014164
7.4603491449623,7.27106983736667,7.07032939154487,6.87937729582482,6.67756678611428,6.48825513098671,6.28994749500741,6.20081676787547,6.11245581279926,6.02541085630071,5.93851581661747,5.85139666316086,5.7606705471204,5.79749238963771,5.82301750601142,5.85727444920551,5.89238487104444
14.6603970080363,14.5312164976672,14.3903745466913,14.2492919314654,14.1072332252471,13.9680159329349,13.8899402972798,13.8009287357557,13.7227924716733,13.6461526118572,13.5596832204336,13.4829589922554,13.432133335481,13.3685194953926,13.3134311654632,13.2569008128836,13.2013409393815
6.87037237263059,6.59114101074781,6.31035130507182,6.01933586900334,5.73740491098756,5.44813904957919,5.36994400199252,5.28087110522908,5.20261919137047,5.12577082590901,5.03908235082237,4.96215485228028,4.95138042970714,4.94799083801874,4.93321825251005,4.92709312569637,4.91187825714917
8.30011718110997,8.43035906211929,8.56011055140702,8.69979100610266,8.82918335724509,8.95941438167592,8.89998237811236,8.84027412615548,8.790824227472,8.73181600829327,8.6728581046588,8.613824983268,8.32358128196119,8.03251461893687,7.74101274468165,7.44908524222946,7.15744418691443
6.87037237263059,6.59114101074781,6.31035130507182,6.01933586900334,5.73740491098756,5.44813904957919,5.36994400199252,5.28087110522908,5.20261919137047,5.12577082590901,5.03908235082237,4.96215485228028,4.95138042970714,4.94799083801874,4.93321825251005,4.92709312569637,4.91187825714917
4.9403334252272,4.86102166952287,4.78031456117814,4.69940533215856,4.60767633796772,4.51833369113119,4.42994985896698,4.34077999411089,4.25234524346319,4.1651672405052,4.09813240457981,4.03088354527197,3.96019012153139,3.88715505588488,3.81288164726993,3.72739716309554,3.82272773095337
4.38038535509838,4.51118079115613,4.64036355303638,4.76931271461827,4.90731443532751,5.03807416906186,5.1699420496677,5.30090147560181,5.43271050733956,5.55597202104361,5.67939899956989,5.81257862128305,5.93177719909906,6.04826943206336,6.11333045425677,6.16699177989665,6.23159509921443
3.3502787580887,3.33085416045412,3.31026298691774,3.2895028316475,3.26805731680131,3.23860689282767,3.20995807990102,3.18065210922813,3.15196072621985,3.12432003930587,3.0967990462996,3.06909912037476,3.02851938776663,2.99598193999821,2.9624091832883,2.92782391438473,2.88392006466649
11.1700139470287,11.1500427359809,11.1200131579539,11.0999751253092,11.0799028022527,10.9599302990427,10.839997902623,10.7200326268061,10.6000981004889,10.4802161433675,10.3603401748593,10.2104552538484,10.0704262482423,9.92029929279894,9.77012053802107,9.6198911244923,9.47969580422676
5.36009989722211,5.40030610145521,5.45009424538191,5.47982183212134,5.50930380978046,5.5295007587502,5.55998497729179,5.59023369330985,5.62070265621194,5.7015481521201,5.79243654216964,5.88326080887274,5.97305305283098,6.0621437196365,6.14086336765742,6.1992201664568,6.25782116223718
7.5502540444753,7.64077843389371,7.73023967151532,7.82954690866968,7.91822954757587,8.0187304003185,8.10996179637478,8.21059429574751,8.30178689582086,8.4039370413388,8.49619626916577,8.61829242757431,8.74776409181575,8.865451604347,8.98219559442107,9.09801683771432,9.2244590882049
11.6900977074083,11.7002993915068,11.7100921794602,11.7098257376803,11.7193190707352,11.5695117024519,11.4199853065996,11.2702285705964,11.1206872535184,10.9715142155914,10.8223831315375,10.7131893297638,10.5929861278733,10.4820967278699,10.3708444420616,10.249237260929,10.1378689238165
14.1501194491314,14.1303660117087,14.1101126911117,14.0897869610595,14.0691675512563,14.0294030471277,13.9899820370436,13.950279431823,13.9108401802618,13.8718511568409,13.8329134228135,13.6438990152022,13.4636505970959,13.2725632889808,13.0810323461916,12.8990675372403,12.7073947195644
2.21007189888795,2.27022030997221,2.34006783109689,2.39987176748191,2.46949893198708,2.52964068179361,2.57998918772725,2.63016819575903,2.68050572177257,2.73111424935993,2.78175364908764,2.83234689740894,2.8321973694436,2.83154289633546,2.84062139039644,2.83943873149475,2.83843182814461
10.9902027402652,10.9406212293886,10.8801912699204,10.879638410336,10.8685870899433,10.8589867956159,10.8499695115861,10.850474277889,10.8414260327141,11.1731419569514,11.4949449343563,11.8266177741658,12.1561961356646,12.4843506543875,12.8017521947473,12.8184173367783,12.8255780737783
6.87037237263059,6.59114101074781,6.31035130507182,6.01933586900334,5.73740491098756,5.44813904957919,5.36994400199252,5.28087110522908,5.20261919137047,5.12577082590901,5.03908235082237,4.96215485228028,4.95138042970714,4.94799083801874,4.93321825251005,4.92709312569637,4.91187825714917
11.1700139470287,11.1500427359809,11.1200131579539,11.0999751253092,11.0799028022527,10.9599302990427,10.839997902623,10.7200326268061,10.6000981004889,10.4802161433675,10.3603401748593,10.2104552538484,10.0704262482423,9.92029929279894,9.77012053802107,9.6198911244923,9.47969580422676
8.68015573747517,8.52047720513917,8.3501469263861,8.18972224036868,8.01891465543542,7.85922169435637,7.69997657994286,7.6003643225034,7.50109542489827,7.40241353360267,7.29379851328848,7.19508352614972,7.09475963925164,7.04334200968384,6.9813459703511,6.91878425741462,6.85660324196369
6.42001214825302,6.32003722423756,6.23001146094675,6.13997833344693,6.10991533803696,6.07993928851194,6.04999817312583,6.03002841886285,6.00008544827627,5.97018826693319,5.95029630184003,5.92039653886607,5.90037127416995,5.88026069241926,5.85010499199592,5.82990516638022,5.79973503695266
12.7001740380623,12.6705332811364,12.6301641915892,12.5996896010548,12.5587871174568,12.5391302362777,12.5099738278705,12.4804071337517,12.4512241474089,12.4326971460213,12.4042448735711,12.4056808872741,12.4153189406836,12.4137347265901,12.4115041342591,12.408641396468,12.416204091622
4.13010544996436,4.1203231159672,4.10009948396916,4.08981192873977,4.41926511235959,4.74947300864942,5.0899841422613,5.42024668304759,5.75074171304209,6.0816342054608,6.21257197627249,6.35344205947031,6.48322275540223,6.62226287733028,6.75091135756113,6.87917681975932,7.0877000525181
7.7402031313034,7.66062242759362,7.59019163883503,7.50963771291475,7.41858436477282,7.33898484138346,7.24996945278116,7.16047519265928,7.08142878319508,6.99314801704586,7.16495447196918,7.33663053829236,7.50620808654985,7.67435904577443,7.841755574318,8.00841428419395,7.80556954492484
4.79032325823434,4.73099051619105,4.68030496939867,4.66942346511072,4.65774719240029,4.64838450117488,4.63995138789606,4.63075621008406,4.62227373095728,4.53500967805039,4.44788442664501,4.37055167798064,4.27987939851362,4.18693687982585,4.10279377843214,3.99747653028809,3.89294948114322
11.6900980984465,11.8003005897119,12.0500925483748,12.289825040259,12.5393163455647,12.7795097482195,13.0299852477946,13.2702294853666,13.4406900039994,13.6015202756858,13.7623926691504,13.9332020938904,14.0929980787586,14.2521051192568,14.4708478216323,14.6892342083447,14.9078603949631
7.78031160529638,7.77095480967997,7.76029397574373,7.74944424826358,7.7378284024807,7.60844273730189,7.479953140284,7.35072894993022,7.22219176662357,7.0948290872368,6.96760020578128,6.86017130700828,6.75952326213172,6.64668681649664,6.53269306722576,6.42756749730109,6.3132036409762
6.06039427076904,6.26120811023172,6.46037196428915,6.65929681341407,6.85725230144049,7.058029612562,7.25994070891451,7.46092233236381,7.62277321830629,7.79611019119629,7.95961645714348,8.12286964336929,8.28204967928387,8.44846075568436,8.40340750846836,8.35692218097395,8.31140064135564
7.43003991196428,7.51012229679751,7.59003765388301,7.6699288165391,7.74972185093263,7.429800538008,7.10999399797335,6.79009336755152,6.47028073242704,6.15061853363672,5.8309734723543,5.88130279185392,5.93121978702616,5.99085648088817,6.04034494151449,6.08968843289286,6.1491294883573
7.29000213767545,7.24000655018777,7.20000201673312,7.1299961874306,7.06998510240133,6.99998931686265,6.93999967853292,6.87000500074411,6.81001503596276,6.68003312851615,6.56005213895037,6.44006977722538,6.3100653315063,6.19004587291498,6.07001847498641,5.75998331253904,5.44995337560113
8.0000416325323,8.23012756889982,8.45003927710723,8.66992574788566,8.8897098601825,9.10979193938522,9.3399937392315,9.62009739254067,9.90029283454343,10.1906451980521,10.471015437851,10.7613589540109,11.0412723709215,11.1808934029905,11.3103598116255,11.4496750015218,11.5790919614021
9.21037464065207,9.79114796033722,10.3703534447765,10.9593318239602,11.0073891049988,11.068127715031,11.1299436609237,11.1808764108966,11.2426351441602,11.3058059744566,11.3291376689771,11.3522288842145,11.3614497448419,11.3780395080627,11.39323785402,11.4070754207073,11.5718287897991
11.1000621229333,11.0401903548455,10.970058608232,10.8998892030128,10.8295670612492,10.7696895376049,10.6999906578514,10.5401453265025,10.3904369597477,10.2409627469995,10.0815152087657,9.9320277942442,9.78189859731113,9.72133311166331,9.66053690112934,9.59951504610297,9.53864504948101
15.8503939579385,15.9012071516677,15.9603716691575,16.0192973713511,16.0672544815769,16.128031175948,16.1899407559585,16.1809216005476,16.1727710179215,16.1661053431208,16.1696088270532,16.162859432068,16.1520401185756,16.3684540425749,16.5834048048118,16.8069246230414,17.0214074644384
7.63028673526771,7.56087860383754,7.48027051277548,7.40948860425426,7.29800172332345,7.17856702648569,7.06995688027975,6.9606707705415,6.84201683603218,6.73444366523196,6.64699361360229,6.55935950855719,6.46876318582672,6.37615312429068,6.28247812653025,6.18776164166442,6.13374607605599
5.82032185049687,5.7309862026528,5.63030364130613,5.52942597582717,5.43775700301403,5.3383915364117,5.24995159959393,5.15075291691111,5.06226382922569,4.97498786171049,4.88785009123865,4.80050572712492,4.70983637532655,4.61690667083306,4.59278161197768,4.56748751959167,4.54298018501566
7.7402031313034,7.66062242759362,7.59019163883503,7.50963771291475,7.41858436477282,7.33898484138346,7.24996945278116,7.16047519265928,7.08142878319508,6.99314801704586,7.16495447196918,7.33663053829236,7.50620808654985,7.67435904577443,7.841755574318,8.00841428419395,7.80556954492484
11.6703022203799,11.7509260527583,11.8402851217934,11.9294609863733,12.0078938065723,12.0984896388807,12.1999545516032,12.3007069954439,12.4021257550797,12.5046836449708,12.6073713030722,12.7098649679701,12.6692364408845,12.6264854232114,12.5826119575293,12.547640759325,12.5034083334591
6.43018412684752,6.45056419482723,6.47017370958571,6.49967160758687,6.51871680805832,6.49907981708052,6.48997231070244,6.47043073482449,6.45129510981864,6.44285349645726,6.42449094398336,6.44601020174011,6.45562727352433,6.47395122437177,6.49159132718276,6.50856263979234,6.51598404720279
9.21037464065207,9.79114796033722,10.3703534447765,10.9593318239602,11.0073891049988,11.068127715031,11.1299436609237,11.1808764108966,11.2426351441602,11.3058059744566,11.3291376689771,11.3522288842145,11.3614497448419,11.3780395080627,11.39323785402,11.4070754207073,11.5718287897991
8.64035117836087,8.86107606803303,9.09033130990076,9.20937366923439,9.33755261522777,9.45824496897797,9.5799471892216,9.71082152468083,9.83247011530045,9.94544236879167,10.0585654122044,10.1714630366191,10.270732691724,10.3775360248495,10.483035079779,10.467258575767,10.4623405210065
12.7703744060292,12.7811472414142,12.8003532234277,12.8093322424129,12.8173907401011,12.8281288875705,12.8399436962067,13.0908758620345,13.3426334938717,13.5958023384,13.8591319464093,14.1122212257385,14.3614425743107,14.6280344732305,14.8932358262776,15.1570772522579,15.4218339071112
10.1201698148499,10.2805203405217,10.4401602073115,10.5996971332041,10.758816549298,10.7191513419882,10.6799744629641,10.6403972542329,10.6011944422142,10.5626316970016,10.5241418673521,10.5555430347069,10.5851898711224,10.6136440996117,10.6314676348957,10.6586743643788,10.6862962032393
12.3201594914418,12.1504887079078,11.9901504679662,11.8197155451248,11.6488884937988,11.4692029337249,11.2999760154152,11.1303731042979,10.9611218295158,10.8124717105091,10.6638900743721,10.515206061765,10.3548743677505,10.2034225669979,10.0513784142297,10.0087549526051,9.96652136497051
7.47026773081183,7.43082037107115,7.39025258352615,7.34952249892638,7.30813416660895,7.26866200218275,7.22995973820102,7.23062631270672,7.22188316265574,7.21414914464335,7.21653008561647,7.20873917200494,7.1981823728012,7.22574530288802,7.24231387939501,7.2679099972628,7.28416057833394
5.36009989722211,5.40030610145521,5.45009424538191,5.47982183212134,5.50930380978046,5.5295007587502,5.55998497729179,5.59023369330985,5.62070265621194,5.7015481521201,5.79243654216964,5.88326080887274,5.97305305283098,6.0621437196365,6.14086336765742,6.1992201664568,6.25782116223718
4.43002075109313,4.21006358474909,3.99001957706785,3.75996299017972,3.53985538428632,3.30989629539804,3.08999687941661,2.82004854380863,2.5401459588582,2.27032158901034,1.99050612932332,1.72067734965104,1.44063419364652,1.46044530293076,1.47017934255097,1.48983800952498,1.49954740217663
3.3502787580887,3.33085416045412,3.31026298691774,3.2895028316475,3.26805731680131,3.23860689282767,3.20995807990102,3.18065210922813,3.15196072621985,3.12432003930587,3.0967990462996,3.06909912037476,3.02851938776663,2.99598193999821,2.9624091832883,2.92782391438473,2.88392006466649
6.84032122483577,7.01098428552469,7.17030305104277,7.32942709170115,7.4877613632868,7.64839466318362,7.80995169368188,7.97075145327869,8.13225942845609,8.14497816555943,8.14783483105805,8.16048530452238,8.16981725391007,8.17689324461404,8.18277620466458,8.3674924037266,8.55299383118119
3.3502787580887,3.33085416045412,3.31026298691774,3.2895028316475,3.26805731680131,3.23860689282767,3.20995807990102,3.18065210922813,3.15196072621985,3.12432003930587,3.0967990462996,3.06909912037476,3.02851938776663,2.99598193999821,2.9624091832883,2.92782391438473,2.88392006466649
9.38031004114363,9.3809500168597,9.37029250008535,9.36944703794853,9.36783930316263,9.36845055423169,9.35995337550386,9.39072529084917,9.41218076469959,9.43480484685914,9.45756205532977,9.48012025050192,9.49947545859052,9.54665325094909,9.59267954894302,9.62757970763841,9.67323775639002
14.0903192696448,14.2409782944993,14.0003012064698,13.7694305788073,13.5377749891392,13.2984044343459,13.0699519877067,12.8307468794274,12.8022456760511,12.7749478650873,12.7377871429937,12.7104214838894,12.6697574994836,12.6368512876796,12.7227593068112,12.7975076666482,12.8830364754485
4.46004734168983,4.37014506269383,4.34004466326032,4.3099155655356,4.26967007269344,4.23976340759146,4.20999288067902,4.18011074818651,4.28033299156598,4.38073367543061,4.47115468699896,4.57154531025912,4.67144685384683,4.77101591723901,4.92040915335749,5.06963043379061,5.21896744014164
2.88023558747289,2.80072187861441,2.71022225874643,2.62957982695207,2.54835817562269,2.46882264009013,2.39996457196911,2.3405511185911,2.27165707311781,2.21365100488237,2.14574609383798,2.08768996079929,2.01720001002965,1.95505553088598,1.89203607868478,1.82816091969464,1.76486165008801
6.87037237263059,6.59114101074781,6.31035130507182,6.01933586900334,5.73740491098756,5.44813904957919,5.36994400199252,5.28087110522908,5.20261919137047,5.12577082590901,5.03908235082237,4.96215485228028,4.95138042970714,4.94799083801874,4.93321825251005,4.92709312569637,4.91187825714917
4.43002075109313,4.21006358474909,3.99001957706785,3.75996299017972,3.53985538428632,3.30989629539804,3.08999687941661,2.82004854380863,2.5401459588582,2.27032158901034,1.99050612932332,1.72067734965104,1.44063419364652,1.46044530293076,1.47017934255097,1.48983800952498,1.49954740217663
9.21037464065207,9.79114796033722,10.3703534447765,10.9593318239602,11.0073891049988,11.068127715031,11.1299436609237,11.1808764108966,11.2426351441602,11.3058059744566,11.3291376689771,11.3522288842145,11.3614497448419,11.3780395080627,11.39323785402,11.4070754207073,11.5718287897991
2.09003107450126,2.02009521736293,1.95002931641316,1.86994457825906,1.99978343978556,2.11984470366137,2.23999532696555,2.36007269374357,2.48021857155651,2.60048157550292,2.76075792230328,2.921014322593,3.09094969701841,3.25066683554455,3.41026856321703,3.56975742129869,3.7393222404454
10.4801501065253,10.5804599509862,10.6801416140159,10.7797322832345,10.8289538978904,10.8792498353037,10.9199774267343,10.9703511498116,11.0210558179719,11.0723262682431,11.1036611716631,11.1248997227268,11.1545875465033,11.1832211737127,11.2112973045333,11.238828214629,11.3467260574534
8.84011679007178,9.47035786391422,10.1101101824924,10.7397917035239,11.3791860824156,12.0994163359084,12.8099824369173,13.5302732113852,14.250821476991,14.9718099481989,15.6928485670459,15.7038122191414,15.7135693310759,15.71250622755,15.721009365111,15.7290882948138,15.7274527157679
9.92033905617708,10.3010389236759,10.6703198735483,11.0493952892927,11.4176370955128,11.7983055501839,12.1799490121755,12.6707931668027,13.1723848503895,13.6752545058648,14.1782697462052,14.6810673486949,15.1803622142797,15.137275891856,15.0929303130878,15.0573532058812,15.0126049154636
10.9902027402652,10.9406212293886,10.8801912699204,10.879638410336,10.8685870899433,10.8589867956159,10.8499695115861,10.850474277889,10.8414260327141,11.1731419569514,11.4949449343563,11.8266177741658,12.1561961356646,12.4843506543875,12.8017521947473,12.8184173367783,12.8255780737783
8.00030010877369,7.94091958245092,7.88028312965463,7.81946475244795,7.69790852249291,7.58850019173591,7.46995486914996,7.36070205568449,7.24211090248227,7.12465092046097,7.05731979996269,6.99979604168655,6.92917190610394,6.85644010972219,6.78259370784765,6.70765724328036,6.6334543892678
13.1103302969217,12.9810120838823,12.8403116098614,12.7094109115285,12.5676981393316,12.4383493249908,12.1799503294067,11.9307726759488,11.6723232396152,11.4151187597499,11.1680561036768,10.9107814322593,11.010094514449,11.0970879247898,11.1828546107045,11.2674215837702,11.362795961781
3.76014338066847,3.51043934185897,3.26013526868489,3.00974427887977,2.7590007708227,2.49928344810179,2.57997843817974,2.6503354157631,2.73100850969878,2.80222203461913,2.87349712472157,2.95468017974949,3.0843819912762,3.22307684185824,3.35123917591748,3.47888071907941,3.61687275373289
9.38031004114363,9.3809500168597,9.37029250008535,9.36944703794853,9.36783930316263,9.36845055423169,9.35995337550386,9.39072529084917,9.41218076469959,9.43480484685914,9.45756205532977,9.48012025050192,9.49947545859052,9.54665325094909,9.59267954894302,9.62757970763841,9.67323775639002
6.43018412684752,6.45056419482723,6.47017370958571,6.49967160758687,6.51871680805832,6.49907981708052,6.48997231070244,6.47043073482449,6.45129510981864,6.44285349645726,6.42449094398336,6.44601020174011,6.45562727352433,6.47395122437177,6.49159132718276,6.50856263979234,6.51598404720279
7.3700650948235,7.440199461204,7.52006141198294,7.67988390261143,7.84954634995349,8.00967468543823,8.16999021093363,8.34015227875645,8.50045786340323,8.65100880371709,8.80158769462358,8.95212480160628,9.1019894240394,9.25139688620364,9.40056258586654,9.56949184646207,9.74858023019474
3.19038042801723,3.36116569377225,3.52035890471248,3.68932150212586,3.6773487724756,3.67809879239073,3.67994279061025,3.6708899494965,3.672675851279,3.67589566385398,3.59927882564764,3.53241779328802,3.4616266179443,3.38816370058859,3.30328787166615,3.2270302424592,3.15170256276798
14.1501194491314,14.1303660117087,14.1101126911117,14.0897869610595,14.0691675512563,14.0294030471277,13.9899820370436,13.950279431823,13.9108401802618,13.8718511568409,13.8329134228135,13.6438990152022,13.4636505970959,13.2725632889808,13.0810323461916,12.8990675372403,12.7073947195644
4.38006853595954,4.29021000540861,4.19006465843138,4.09987776530455,3.99952236845324,3.90965748819268,3.84998969344995,3.80016032873476,3.740482067636,3.68106213254795,3.6316716256169,3.57223712592027,3.59209459183003,3.60147073040824,3.62059232608856,3.62946498371998,3.64850517628433
8.01022369991201,8.03068545318029,8.10021104374274,8.15960102855768,8.21844102080539,8.2888820487566,8.34996635964003,8.42052330957511,8.44157345849551,8.46346677801213,8.48545615040651,8.50730193135097,8.52683670311656,8.54480043272464,8.54193333973598,8.53825371825824,8.54512092723307
10.8301902270432,10.8505828868263,10.8801794646534,10.9096607278156,10.9386742953988,10.8290493310543,10.719971393345,10.6004450052406,10.4913380173222,10.3829480339301,10.2646397307442,10.1862093221149,10.095813707335,10.0040821300072,9.91164404848543,9.8285150194768,9.73585099708888
8.83031340407204,8.92096032142329,9.02029567275087,9.11944104012589,9.21781586669648,9.30843374783262,9.40995286978117,9.47073315787343,9.54220441883616,9.60485696367111,9.66764407880051,9.73023002199059,9.79957823620409,9.97672541687632,10.1627086132509,10.3475534554132,10.5231644082503
6.78008973022926,6.43027494812339,6.07008465360243,5.9798399650735,5.88937466421303,5.8095515687939,5.71998650622087,5.63020990928302,5.54063114370603,5.49139058966529,5.44218856423484,5.40292894158142,5.35274232981322,5.30192554357746,5.26077549881963,5.28929953364935,5.32804291242703
6.70006806671372,6.63020856756253,6.55006421573386,6.47987860221003,6.40952563865782,6.32965983327162,6.2599897640159,6.17015923101045,6.07047876705881,5.98105486043465,5.89166018048145,5.80222180896836,5.70208025076767,5.68146066074397,5.65058827060374,5.61946864682117,5.58851541090848
5.66010959496914,5.73033581694094,5.81010339446387,5.83980453607466,5.87923622555247,5.91945229378545,5.94998351892867,5.99025637961237,6.03077086814066,5.92169844246161,5.80267307496899,5.69357735921216,5.58334943478639,5.47235182603128,5.36094718101038,5.36914446236544,5.37760964667147
9.07006251397147,9.35019155305054,9.64005897714661,9.7898885055916,9.92956433607868,10.0696875833724,10.2099905990464,10.3501462412727,10.5004397102287,10.5709688070939,10.6515247463786,10.7220405583708,10.8019105481964,10.8713415030502,10.9505402807,10.9695119935186,10.9986365206276
12.5801720828714,12.6805272901111,12.9901623470162,13.299693088161,13.6088007433092,13.91914000744,14.2299741218953,14.5504025599004,14.5412103950039,14.5426668455492,14.5441971855067,14.5456170666412,14.5452591862571,14.5436927696557,15.0914872364057,15.6286566593897,16.1762467358892
7.29000213767545,7.24000655018777,7.20000201673312,7.1299961874306,7.06998510240133,6.99998931686265,6.93999967853292,6.87000500074411,6.81001503596276,6.68003312851615,6.56005213895037,6.44006977722538,6.3100653315063,6.19004587291498,6.07001847498641,5.75998331253904,5.44995337560113
5.45033139182862,5.5610154388565,5.68031264282225,5.59940895874899,5.50769050885423,5.42834385313993,5.3499501647528,5.27077523730553,5.19233094096201,5.06513572801424,4.93808280899285,4.8108171718137,4.68012797692784,4.54711142067308,4.41286407350237,4.35741303653405,4.30277208099133
4.3201314931076,4.40040291642485,4.3301240536812,4.25976548048538,4.1890836160054,4.11934285676826,4.04998022585066,3.9803076067471,4.17092489507648,4.35203780774889,4.5432071812901,4.73429215030117,4.91401868436312,5.1028217436969,5.29113643696869,5.47897351764302,5.66713203087795
4.43002075109313,4.21006358474909,3.99001957706785,3.75996299017972,3.53985538428632,3.30989629539804,3.08999687941661,2.82004854380863,2.5401459588582,2.27032158901034,1.99050612932332,1.72067734965104,1.44063419364652,1.46044530293076,1.47017934255097,1.48983800952498,1.49954740217663
6.65016551342984,6.60050716026591,6.51015614925098,6.42970480483775,6.33884652617333,6.25917283854513,6.16997510981875,6.09038719175998,5.97116418692319,5.86256503596306,5.75403695361041,5.64540262931445,5.53505841138411,5.41355179435599,5.3014304596182,5.17870794280639,5.06639002062729
9.06019093091197,9.09058504359545,9.13018012869966,9.15965947245735,9.1886693900919,9.22904581343589,9.25997128749605,9.23044665182707,9.20134296818798,9.17295894210009,9.13465689844742,9.10623229754277,9.07583521892853,9.08409723450359,9.09165013171266,9.10850952482501,9.11583564515266
4.9403334252272,4.86102166952287,4.78031456117814,4.69940533215856,4.60767633796772,4.51833369113119,4.42994985896698,4.34077999411089,4.25234524346319,4.1651672405052,4.09813240457981,4.03088354527197,3.96019012153139,3.88715505588488,3.81288164726993,3.72739716309554,3.82272773095337
12.5801720828714,12.6805272901111,12.9901623470162,13.299693088161,13.6088007433092,13.91914000744,14.2299741218953,14.5504025599004,14.5412103950039,14.5426668455492,14.5441971855067,14.5456170666412,14.5452591862571,14.5436927696557,15.0914872364057,15.6286566593897,16.1762467358892
8.64007588747745,8.62023253166393,8.63007159402577,8.63986465378529,8.64947113524815,8.66962074862262,8.67998858791661,8.69017752641571,8.69053377667874,8.68117606232297,8.68185093273899,8.68247709150015,8.68231926847364,8.67162848848169,8.77065586201742,8.86940759513459,8.96834483383936
8.93004210177812,8.7301290067459,8.53003971980474,8.32992491098017,8.12970658997792,7.92978959430628,7.72999366866555,7.53009849026499,7.35029613512062,7.16065247016544,6.98102688298641,6.80137427096282,6.62128671198383,6.43090347265474,6.35036386711032,6.25967133842062,6.16908172677794
17.3601708315492,17.4105234558549,17.4701611664895,17.5196953199089,17.5688094638548,17.6291462609838,17.6199743100712,17.6203996326356,17.6112015934647,17.6126474532471,17.6141666651455,17.6055762214361,17.4452209434242,17.2836659172176,17.1214764217795,16.9586664276595,16.7962740282203
5.89029784075221,5.93091263286152,5.97028098994998,6.00946879749113,6.04792432848172,6.08851152628412,6.12995521021875,6.09069675001696,6.05209494969249,6.01461577191336,5.977264481808,5.94972200975233,5.9091025909692,5.96639143967825,6.02257410633768,6.07767494826947,6.13350385661784
8.83031340407204,8.92096032142329,9.02029567275087,9.11944104012589,9.21781586669648,9.30843374783262,9.40995286978117,9.47073315787343,9.54220441883616,9.60485696367111,9.66764407880051,9.73023002199059,9.79957823620409,9.97672541687632,10.1627086132509,10.3475534554132,10.5231644082503
11.3602675743966,11.3808198917891,11.4102524359603,11.4395227778949,11.4581352566771,11.4786627838757,11.499959761723,11.5206259467986,11.5418820624633,11.5641467206056,11.5965262705713,11.6187340663543,11.6481775924471,11.6757419463333,11.7023125275667,11.7279112182965,11.7541639898753
2.41031895681429,2.30097733593529,2.19030091133812,2.07943113674433,2.01777716927561,1.95840599773183,1.90995203475067,1.85074614761116,1.79224347566631,1.73494301701182,1.77777951290336,1.82041127258816,1.85974793877534,1.8868445745701,1.92275660315462,1.95751010871571,2.02304329853123
6.43018412684752,6.45056419482723,6.47017370958571,6.49967160758687,6.51871680805832,6.49907981708052,6.48997231070244,6.47043073482449,6.45129510981864,6.44285349645726,6.42449094398336,6.44601020174011,6.45562727352433,6.47395122437177,6.49159132718276,6.50856263979234,6.51598404720279
8.80031872219138,8.79097661701224,8.78030068998936,8.75943155519707,8.7477788043779,8.8984071702713,9.03995207003365,9.19074559874901,9.33224182537771,9.48493938095516,9.63777379033564,9.5504036141122,9.46974076824416,9.37683953973796,9.2927545754122,9.20751194026631,9.1130484158433
7.28008425569465,7.37025817325242,7.4700794887981,7.55984972897082,7.6494128165998,7.8095789280482,7.96998732949037,8.12019710249933,8.28059263697207,8.44130574834346,8.60205503765456,8.78275024380916,8.96257501741904,9.14180806416106,9.32072818483006,9.49934226982995,9.67816231637541
6.11035735676422,6.15109499967314,6.19033713875137,6.22936264997885,6.25750955753413,6.27821409210526,6.30994626010316,6.34083597805099,6.37251357290019,6.40553811828345,6.48871610648789,6.56166470981924,6.64092151571167,6.70766860876231,6.78308847699579,6.8472103449346,6.89220576512187
5.91012633140353,5.85038710011792,5.68011918400854,5.50977468644571,5.33911958825578,5.1693686526366,4.99998100207619,4.83029553177963,4.80088858872732,4.7719578145026,4.75308128480013,4.72412366383019,4.69386093267718,4.66271097739,4.62109182663566,4.56901381175616,4.52724461174356
6.55016199408616,6.27049637642029,6.05015282901962,5.83971108162889,5.61887105270768,5.40919042663718,5.19997563906343,4.98037895882761,4.80113943259422,4.63251049511332,4.45395111509452,4.27528775217515,4.10495085341642,3.92347627187402,3.74140004348205,3.55873541606536,3.38646678030839
6.84032122483577,7.01098428552469,7.17030305104277,7.32942709170115,7.4877613632868,7.64839466318362,7.80995169368188,7.97075145327869,8.13225942845609,8.14497816555943,8.14783483105805,8.16048530452238,8.16981725391007,8.17689324461404,8.18277620466458,8.3674924037266,8.55299383118119
8.99021314188098,9.10065310164341,9.21020108304867,9.32961985893108,9.43851460040844,9.54893481303275,9.65996794737407,9.83049861077801,10.0014991955086,10.1733031554629,10.3351986348588,10.5069572999331,10.6765140292135,10.9345738652787,11.1918420913275,11.4483361380351,11.7153512062764
12.3201594914418,12.1504887079078,11.9901504679662,11.8197155451248,11.6488884937988,11.4692029337249,11.2999760154152,11.1303731042979,10.9611218295158,10.8124717105091,10.6638900743721,10.515206061765,10.3548743677505,10.2034225669979,10.0513784142297,10.0087549526051,9.96652136497051
7.29000213767545,7.24000655018777,7.20000201673312,7.1299961874306,7.06998510240133,6.99998931686265,6.93999967853292,6.87000500074411,6.81001503596276,6.68003312851615,6.56005213895037,6.44006977722538,6.3100653315063,6.19004587291498,6.07001847498641,5.75998331253904,5.44995337560113
7.4603491449623,7.27106983736667,7.07032939154487,6.87937729582482,6.67756678611428,6.48825513098671,6.28994749500741,6.20081676787547,6.11245581279926,6.02541085630071,5.93851581661747,5.85139666316086,5.7606705471204,5.79749238963771,5.82301750601142,5.85727444920551,5.89238487104444
6.23024153125333,6.22074009133147,6.20022786624828,6.18956922614927,6.16831675303134,6.15879293575689,6.13996367813364,6.3105650230991,6.49169888042896,6.66374311831749,6.83589106555371,7.00788397552345,7.18738166348619,7.12518307996665,7.07208744815918,7.00811452041284,6.95473201151548
2.09003107450126,2.02009521736293,1.95002931641316,1.86994457825906,1.99978343978556,2.11984470366137,2.23999532696555,2.36007269374357,2.48021857155651,2.60048157550292,2.76075792230328,2.921014322593,3.09094969701841,3.25066683554455,3.41026856321703,3.56975742129869,3.7393222404454
9.21037464065207,9.79114796033722,10.3703534447765,10.9593318239602,11.0073891049988,11.068127715031,11.1299436609237,11.1808764108966,11.2426351441602,11.3058059744566,11.3291376689771,11.3522288842145,11.3614497448419,11.3780395080627,11.39323785402,11.4070754207073,11.5718287897991
9.22022088443707,9.58067682610379,9.95020838755765,10.3796060499906,10.8084606420329,11.2488961192302,11.6799667830358,12.1105167232292,12.5415536550323,12.9034231453323,13.2653874795938,13.6372100296395,13.9967506567424,14.3547400147391,14.7119090068271,14.8182756968654,14.9251823349779
8.48040248257096,8.30123327253819,8.13037971149565,7.94928216756809,7.89719507286034,7.84798857368056,7.79993947401025,7.74094154253933,7.69283097840722,7.64623745317903,7.4698167470139,7.29313769002767,7.11230064787514,6.92863697480897,6.74347847945273,6.55685807670304,6.41122153543307
1.9301648095611,1.85050500349679,1.76015548520471,1.78970606019598,1.8088514314802,1.82917635616354,1.85997521566768,1.8803855451735,1.9011592360574,1.97255412779312,2.03401978590723,2.10537965388659,2.16503689979057,2.2235366898596,2.29142437639097,2.33871343745819,2.38640537256351
3.57001034947737,3.57003171249423,3.58000976393962,3.57998154158463,3.57992787382118,3.57994827798121,3.58999844362867,3.59002421091964,3.59007279606369,3.59016039049888,3.58025242882079,3.58033782388376,3.58031630009758,3.58022209203958,3.58008944597078,3.59991920826813,3.61977426967856
10.6802232306662,10.6906840153342,10.6202106010452,10.5496018654632,10.47844429101,10.3988843938355,10.329966430206,10.2605222118508,10.2115701579183,10.1634595058988,10.1154447052711,10.0672866143991,10.0168223620542,9.97479036306038,9.96192928425117,9.94825738135944,9.94513116185721
6.42001214825302,6.32003722423756,6.23001146094675,6.13997833344693,6.10991533803696,6.07993928851194,6.04999817312583,6.03002841886285,6.00008544827627,5.97018826693319,5.95029630184003,5.92039653886607,5.90037127416995,5.88026069241926,5.85010499199592,5.82990516638022,5.79973503695266
6.99023511822707,6.99072044076833,7.00022181604892,7.00958066385756,7.02836144582727,7.04882498516907,7.05996464253506,7.08055002086679,7.09165377254061,6.98364373276907,6.88573464870252,6.77767464384738,6.66718566896729,6.55504546122172,6.44203202319996,6.36816458279584,6.30487188471216
7.78031160529638,7.77095480967997,7.76029397574373,7.74944424826358,7.7378284024807,7.60844273730189,7.479953140284,7.35072894993022,7.22219176662357,7.0948290872368,6.96760020578128,6.86017130700828,6.75952326213172,6.64668681649664,6.53269306722576,6.42756749730109,6.3132036409762
7.59009731637008,7.74029819330175,7.89009181054558,8.0498264351015,8.19932179590565,8.23951365668437,8.28998536540456,8.34022765582612,8.38068450303736,8.43150815549695,8.48237359392465,8.44317656563725,8.40297417698801,8.37208833648305,8.3308410624909,8.29924031351337,8.25787745266998
11.6900977074083,11.7002993915068,11.7100921794602,11.7098257376803,11.7193190707352,11.5695117024519,11.4199853065996,11.2702285705964,11.1206872535184,10.9715142155914,10.8223831315375,10.7131893297638,10.5929861278733,10.4820967278699,10.3708444420616,10.249237260929,10.1378689238165
7.89007893757531,7.78024187766347,7.67007447155961,7.55985921389964,7.44944987891838,7.33960550560951,7.22998812923789,7.10018466162376,6.97055523043051,6.84122333105941,6.71192532611943,6.58257665168755,6.45241248537897,6.36169394129941,6.28068222266876,6.19938378497683,6.11827830878241
4.43002075109313,4.21006358474909,3.99001957706785,3.75996299017972,3.53985538428632,3.30989629539804,3.08999687941661,2.82004854380863,2.5401459588582,2.27032158901034,1.99050612932332,1.72067734965104,1.44063419364652,1.46044530293076,1.47017934255097,1.48983800952498,1.49954740217663
7.7402031313034,7.66062242759362,7.59019163883503,7.50963771291475,7.41858436477282,7.33898484138346,7.24996945278116,7.16047519265928,7.08142878319508,6.99314801704586,7.16495447196918,7.33663053829236,7.50620808654985,7.67435904577443,7.841755574318,8.00841428419395,7.80556954492484
5.83005962028889,5.93018268633302,6.02005624717861,6.10989366650875,6.19958450234026,6.27970204469253,6.36999103420314,6.45013947197277,6.53041935666928,6.62092396239527,6.7014541680433,6.88194610383403,7.06182211164522,7.24127940678723,7.42051527187696,7.59953458264268,7.77869963414313
6.84028704809826,7.03087956240159,7.07027080790716,7.10948804631727,7.14799954318706,7.18856546309974,7.22995683323578,7.27067150235771,7.11201903641698,6.94444851330749,6.7870012436926,6.61936971985846,6.45877274653496,6.28615983740019,6.1124808301868,5.92775919959695,5.75373925297322
3.91023097322229,3.87070773979459,4.00021790555421,4.13958805652267,4.26839033263439,4.40884570003303,4.53996526586769,4.680540324302,4.87162461744205,5.07357949576827,5.27563355000603,5.47753934410553,5.67705898958312,5.87495651252072,5.93199619975071,5.99819694018973,6.06496229055879
5.45033139182862,5.5610154388565,5.68031264282225,5.59940895874899,5.50769050885423,5.42834385313993,5.3499501647528,5.27077523730553,5.19233094096201,5.06513572801424,4.93808280899285,4.8108171718137,4.68012797692784,4.54711142067308,4.41286407350237,4.35741303653405,4.30277208099133
10.7401719264561,10.7805268108291,10.8201621994503,10.8596933671295,10.8988018333774,10.939140789133,10.9799741454173,10.9204021939923,10.8512092948115,10.7926644215115,10.7241933704616,10.6656119609905,10.595254405903,10.5436894131009,10.4814858845774,10.4286578804234,10.3762501474306
2.64017583683797,3.02053879287976,3.13016588859629,3.2396863929171,3.34877458167257,3.45912124680846,3.56997355736768,3.68041134169492,3.76123679962151,3.85272502245564,3.93428874659036,4.02573960225642,4.105373914756,4.19377332696978,4.33151968028426,4.46862735458011,4.60616485889606
8.0000416325323,8.23012756889982,8.45003927710723,8.66992574788566,8.8897098601825,9.10979193938522,9.3399937392315,9.62009739254067,9.90029283454343,10.1906451980521,10.471015437851,10.7613589540109,11.0412723709215,11.1808934029905,11.3103598116255,11.4496750015218,11.5790919614021
8.64035117836087,8.86107606803303,9.09033130990076,9.20937366923439,9.33755261522777,9.45824496897797,9.5799471892216,9.71082152468083,9.83247011530045,9.94544236879167,10.0585654122044,10.1714630366191,10.270732691724,10.3775360248495,10.483035079779,10.467258575767,10.4623405210065
7.7402031313034,7.66062242759362,7.59019163883503,7.50963771291475,7.41858436477282,7.33898484138346,7.24996945278116,7.16047519265928,7.08142878319508,6.99314801704586,7.16495447196918,7.33663053829236,7.50620808654985,7.67435904577443,7.841755574318,8.00841428419395,7.80556954492484
3.92039599133706,3.88121338233403,3.84037358751337,3.80929374476062,4.07724031069036,4.34802101393922,4.62994045017266,4.90092635735297,5.17278532042267,5.45613685561172,5.45965842264014,5.45292580552628,5.45210226317919,5.44849767778666,5.44342237857937,5.4369087496029,5.33136311440044
11.960053989339,11.92016543218,12.1900509348084,12.4499037093746,12.7096237447952,12.9797301856398,13.2399918809946,13.500126299281,13.6203797497429,13.7408366970357,13.8613168264179,13.9717623004111,14.0916500188969,14.2111585708161,14.3704666060591,14.519578539857,14.6788224496329
12.7703744060292,12.7811472414142,12.8003532234277,12.8093322424129,12.8173907401011,12.8281288875705,12.8399436962067,13.0908758620345,13.3426334938717,13.5958023384,13.8591319464093,14.1122212257385,14.3614425743107,14.6280344732305,14.8932358262776,15.1570772522579,15.4218339071112
8.05026694873546,8.06081797466101,8.06025184569696,8.05952389376886,8.05813961694991,8.28866591064765,8.52995985581095,8.77062448316619,9.00187766169375,9.24413702445452,9.48651101039072,9.45871364375176,9.4381584710306,9.40572852011425,9.38230712025364,9.35791610243146,9.32417763604085
6.70006806671372,6.63020856756253,6.55006421573386,6.47987860221003,6.40952563865782,6.32965983327162,6.2599897640159,6.17015923101045,6.07047876705881,5.98105486043465,5.89166018048145,5.80222180896836,5.70208025076767,5.68146066074397,5.65058827060374,5.61946864682117,5.58851541090848
7.29000213767545,7.24000655018777,7.20000201673312,7.1299961874306,7.06998510240133,6.99998931686265,6.93999967853292,6.87000500074411,6.81001503596276,6.68003312851615,6.56005213895037,6.44006977722538,6.3100653315063,6.19004587291498,6.07001847498641,5.75998331253904,5.44995337560113
2.21007189888795,2.27022030997221,2.34006783109689,2.39987176748191,2.46949893198708,2.52964068179361,2.57998918772725,2.63016819575903,2.68050572177257,2.73111424935993,2.78175364908764,2.83234689740894,2.8321973694436,2.83154289633546,2.84062139039644,2.83943873149475,2.83843182814461
6.46029166234886,6.45089370122142,6.44027516109938,6.36947981674667,6.30796738617536,6.24854240315683,6.18995613933719,6.12068229664681,6.06205149209274,5.85452002242159,5.65711378752455,5.44952033655221,5.24891376698148,5.03625885576545,4.82252070912087,4.72772317910187,4.62363861250245
7.48031043218182,7.55095121506476,7.61029286899995,7.6694463405273,7.72783657799215,7.79844859999924,7.8599533166989,7.86072620561943,7.86218351518059,7.87481090695355,7.87757159294264,7.88013301462851,7.87948740947582,7.91666164233598,7.9526829285137,7.98757665505408,8.02322922753657
15.3801723957019,15.7705282486751,16.1501626421479,16.529692530224,16.5087985631728,16.479138444054,16.4599740748514,16.4304032917166,16.4112125953887,16.3926716936248,16.374204815597,16.3656272779424,16.3452687469654,16.3236994827652,16.3114899400622,16.2886542173222,16.2562399128065
7.4603491449623,7.27106983736667,7.07032939154487,6.87937729582482,6.67756678611428,6.48825513098671,6.28994749500741,6.20081676787547,6.11245581279926,6.02541085630071,5.93851581661747,5.85139666316086,5.7606705471204,5.79749238963771,5.82301750601142,5.85727444920551,5.89238487104444
3.3502787580887,3.33085416045412,3.31026298691774,3.2895028316475,3.26805731680131,3.23860689282767,3.20995807990102,3.18065210922813,3.15196072621985,3.12432003930587,3.0967990462996,3.06909912037476,3.02851938776663,2.99598193999821,2.9624091832883,2.92782391438473,2.88392006466649
9.55018913213631,9.62057953185213,9.69017843169253,9.76966268059503,9.76868192587613,9.77905480290516,9.77997155799889,9.79044244388386,9.7913303159754,9.79293106566578,9.76461302542818,9.72617358256046,9.69578024485616,9.65405863412391,9.62163458568752,9.57852356671292,9.56587487787856
6.87037237263059,6.59114101074781,6.31035130507182,6.01933586900334,5.73740491098756,5.44813904957919,5.36994400199252,5.28087110522908,5.20261919137047,5.12577082590901,5.03908235082237,4.96215485228028,4.95138042970714,4.94799083801874,4.93321825251005,4.92709312569637,4.91187825714917
7.29000213767545,7.24000655018777,7.20000201673312,7.1299961874306,7.06998510240133,6.99998931686265,6.93999967853292,6.87000500074411,6.81001503596276,6.68003312851615,6.56005213895037,6.44006977722538,6.3100653315063,6.19004587291498,6.07001847498641,5.75998331253904,5.44995337560113
8.74007424511707,8.79022749920263,8.84007004458446,8.87986758295449,8.92948258096418,8.94962895639891,8.95998883489747,8.9701736843806,8.99052222465856,9.00115060992642,9.0118108747649,8.90242348216848,8.79226907475539,8.68159324465677,8.57064166782055,8.45942041598878,8.34838065502388
6.87037237263059,6.59114101074781,6.31035130507182,6.01933586900334,5.73740491098756,5.44813904957919,5.36994400199252,5.28087110522908,5.20261919137047,5.12577082590901,5.03908235082237,4.96215485228028,4.95138042970714,4.94799083801874,4.93321825251005,4.92709312569637,4.91187825714917
8.05026694873546,8.06081797466101,8.06025184569696,8.05952389376886,8.05813961694991,8.28866591064765,8.52995985581095,8.77062448316619,9.00187766169375,9.24413702445452,9.48651101039072,9.45871364375176,9.4381584710306,9.40572852011425,9.38230712025364,9.35791610243146,9.32417763604085
8.84011679007178,9.47035786391422,10.1101101824924,10.7397917035239,11.3791860824156,12.0994163359084,12.8099824369173,13.5302732113852,14.250821476991,14.9718099481989,15.6928485670459,15.7038122191414,15.7135693310759,15.71250622755,15.721009365111,15.7290882948138,15.7274527157679
14.6603970080363,14.5312164976672,14.3903745466913,14.2492919314654,14.1072332252471,13.9680159329349,13.8899402972798,13.8009287357557,13.7227924716733,13.6461526118572,13.5596832204336,13.4829589922554,13.432133335481,13.3685194953926,13.3134311654632,13.2569008128836,13.2013409393815
8.99032810710786,9.01100537393392,9.03030954393965,9.04941481708738,9.1977134002863,9.34836026869251,9.4999506587145,9.65076755323532,9.80230783692164,9.94508482322114,9.88800269304469,9.83070995315035,9.77002758949133,9.70704093302323,9.64283568510862,9.57743867824241,9.44284372336036
9.38031004114363,9.3809500168597,9.37029250008535,9.36944703794853,9.36783930316263,9.36845055423169,9.35995337550386,9.39072529084917,9.41218076469959,9.43480484685914,9.45756205532977,9.48012025050192,9.49947545859052,9.54665325094909,9.59267954894302,9.62757970763841,9.67323775639002
5.66009223287366,5.69028261663584,5.72008701465584,5.74983550157758,5.77935722312194,5.96953906170622,6.1699861298691,6.3702157638127,6.5606487467844,6.76142937426955,6.95224960495725,7.33301063199159,7.71281881547913,8.09197924845353,8.46079712807201,8.83927999710964,9.21798832776491
7.51031473360187,7.49096439532053,7.47029692706049,7.44943866889369,7.41780660111683,7.27842710344229,7.13995266984429,7.00073626809232,6.86221377047155,6.72487756799212,6.58767650668429,6.58027342002099,6.57961886921411,6.57675394759173,6.56272010379123,6.55754307662646,6.55313541014855
6.78039724265926,6.75121721659025,6.72037476804007,6.68929151301267,6.65723159014481,6.59801476039538,6.53994026199678,6.48092928461781,6.42279412196186,6.36615624791385,6.30968894300135,6.34296665073137,6.37214050601214,6.3985245302247,6.42343319320556,6.44689898133305,6.47133582206938
8.35032834173077,8.53100609285696,8.61030976528841,8.68941439863464,8.75771176518401,8.83835909615304,8.91995062343152,8.99076810209748,8.92230948721024,8.85508845927779,8.77800841561241,8.7107176116263,8.6300347600225,8.55704596785537,8.34283771285103,8.12743684669181,7.91283860604829
8.93004210177812,8.7301290067459,8.53003971980474,8.32992491098017,8.12970658997792,7.92978959430628,7.72999366866555,7.53009849026499,7.35029613512062,7.16065247016544,6.98102688298641,6.80137427096282,6.62128671198383,6.43090347265474,6.35036386711032,6.25967133842062,6.16908172677794
7.63028673526771,7.56087860383754,7.48027051277548,7.40948860425426,7.29800172332345,7.17856702648569,7.06995688027975,6.9606707705415,6.84201683603218,6.73444366523196,6.64699361360229,6.55935950855719,6.46876318582672,6.37615312429068,6.28247812653025,6.18776164166442,6.13374607605599
5.83005962028889,5.93018268633302,6.02005624717861,6.10989366650875,6.19958450234026,6.27970204469253,6.36999103420314,6.45013947197277,6.53041935666928,6.62092396239527,6.7014541680433,6.88194610383403,7.06182211164522,7.24127940678723,7.42051527187696,7.59953458264268,7.77869963414313
3.3502787580887,3.33085416045412,3.31026298691774,3.2895028316475,3.26805731680131,3.23860689282767,3.20995807990102,3.18065210922813,3.15196072621985,3.12432003930587,3.0967990462996,3.06909912037476,3.02851938776663,2.99598193999821,2.9624091832883,2.92782391438473,2.88392006466649
7.81017223928665,7.79052776939311,7.78016249458202,7.75969280919248,7.73879965324102,7.90913922574699,8.07997409837336,8.2504029258085,8.43121149519634,8.60266926958701,8.77420100055189,8.94562217229179,9.12526396661125,9.29369612621043,9.47148858823397,9.64865543835594,9.81624332434785
16.4703513347761,16.6110765473151,16.7503314574666,16.8893733902659,16.9275515251596,16.968244187285,17.0099471656996,17.0508218905889,17.0924712154928,17.1354447928294,16.6285692272496,16.1314681422698,15.6207374720781,15.1175393814043,14.6030364316073,14.0972573547333,14.1223371094651
6.47026843468057,6.47082252784027,6.47025324757243,6.47952124356816,6.34812926130208,6.22865848456435,6.09995963235209,5.97062795929319,5.85188811352153,5.7241600528133,5.65654725331965,5.5787621474328,5.50820388439474,5.43576040738441,5.35231996262224,5.27790450261101,5.18414522639772
5.07024966484761,5.05076501399692,5.03023553967186,4.98955471978754,4.94826006948528,4.91875228772193,4.87996245499038,4.84058405032057,4.80175609043369,4.74386916828134,4.68608944790155,4.62814946935651,4.5676302419004,4.50535762081388,4.44215774322941,4.4080510266588,4.3645546113636
12.5602240127426,12.6106864117444,12.6602113388744,12.7096004706207,12.768438840669,12.8188804853706,12.8699663125961,12.9105240413913,12.9415756588803,12.9834716260877,13.0254637804968,13.0673121426522,13.0968462638248,13.1848071458342,13.2619360433925,13.3482512761908,13.4251141041503
16.7600314655394,16.900096415568,17.0300296853278,17.1699438808378,17.3097807146151,17.4498427494289,17.5499952681606,17.6500736085138,17.7502213220375,17.8504876355973,17.9507674599162,18.0510270867196,18.1509616479037,18.2606752269314,18.3702719427877,18.4797543687144,18.5893137115919
10.4801501065253,10.5804599509862,10.6801416140159,10.7797322832345,10.8289538978904,10.8792498353037,10.9199774267343,10.9703511498116,11.0210558179719,11.0723262682431,11.1036611716631,11.1248997227268,11.1545875465033,11.1832211737127,11.2112973045333,11.238828214629,11.3467260574534
11.2302036787569,11.1306241050807,10.9401921553155,10.739636736525,10.5485805495341,10.358982105458,10.1699693704542,9.98047647333764,9.83143263386848,9.68315650117804,9.53496782462721,9.38664840806959,9.24622481778927,9.09437079371607,8.94176030571696,8.77841001057589,8.62555760453001
11.4801604299334,11.6604915836,11.8501513533612,11.8097138713138,11.7688819533896,11.719198243567,11.6799758742833,11.6403752997466,11.6011284306702,11.6224862547357,11.633912964643,11.6552366956688,11.6649030498752,11.6834427063265,11.6913865251993,11.8687476264027,12.0465008957222
7.59009731637008,7.74029819330175,7.89009181054558,8.0498264351015,8.19932179590565,8.23951365668437,8.28998536540456,8.34022765582612,8.38068450303736,8.43150815549695,8.48237359392465,8.44317656563725,8.40297417698801,8.37208833648305,8.3308410624909,8.29924031351337,8.25787745266998
11.6900980984465,11.8003005897119,12.0500925483748,12.289825040259,12.5393163455647,12.7795097482195,13.0299852477946,13.2702294853666,13.4406900039994,13.6015202756858,13.7623926691504,13.9332020938904,14.0929980787586,14.2521051192568,14.4708478216323,14.6892342083447,14.9078603949631
9.07006251397147,9.35019155305054,9.64005897714661,9.7898885055916,9.92956433607868,10.0696875833724,10.2099905990464,10.3501462412727,10.5004397102287,10.5709688070939,10.6515247463786,10.7220405583708,10.8019105481964,10.8713415030502,10.9505402807,10.9695119935186,10.9986365206276
11.6703022203799,11.7509260527583,11.8402851217934,11.9294609863733,12.0078938065723,12.0984896388807,12.1999545516032,12.3007069954439,12.4021257550797,12.5046836449708,12.6073713030722,12.7098649679701,12.6692364408845,12.6264854232114,12.5826119575293,12.547640759325,12.5034083334591
7.81017223928665,7.79052776939311,7.78016249458202,7.75969280919248,7.73879965324102,7.90913922574699,8.07997409837336,8.2504029258085,8.43121149519634,8.60266926958701,8.77420100055189,8.94562217229179,9.12526396661125,9.29369612621043,9.47148858823397,9.64865543835594,9.81624332434785
7.78031160529638,7.77095480967997,7.76029397574373,7.74944424826358,7.7378284024807,7.60844273730189,7.479953140284,7.35072894993022,7.22219176662357,7.0948290872368,6.96760020578128,6.86017130700828,6.75952326213172,6.64668681649664,6.53269306722576,6.42756749730109,6.3132036409762
9.55018913213631,9.62057953185213,9.69017843169253,9.76966268059503,9.76868192587613,9.77905480290516,9.77997155799889,9.79044244388386,9.7913303159754,9.79293106566578,9.76461302542818,9.72617358256046,9.69578024485616,9.65405863412391,9.62163458568752,9.57852356671292,9.56587487787856
11.9401819370337,11.8905574848788,11.840171643664,11.7896755131458,11.738732069013,11.6890907607822,11.6399726400102,11.520425612111,11.4012797071251,11.2828195599285,11.1644375333512,11.0459387226312,10.9255603485667,10.6239042326052,10.3315724015869,10.0385797342646,9.73603180878215
6.96030878982143,6.84094618260347,6.71029131955865,6.57944926969649,6.44784802370818,6.31845680777553,6.22995356367975,6.14072236358433,6.0421719631604,5.954785454557,5.86753153496856,5.78007940529683,5.86943721575757,5.95662639851106,6.04266873431683,6.12758947590826,6.21326504872108
6.13033506758758,6.00102670198416,5.86031611061944,5.72940240298936,5.53766489225169,5.3583254833549,5.16994961198613,4.980783836146,4.79235679548338,4.60519269290175,4.5681724625539,4.53093715460364,4.50024031524964,4.45719029970981,4.4128958414668,4.36738434224136,4.08269190976885
8.0000416325323,8.23012756889982,8.45003927710723,8.66992574788566,8.8897098601825,9.10979193938522,9.3399937392315,9.62009739254067,9.90029283454343,10.1906451980521,10.471015437851,10.7613589540109,11.0412723709215,11.1808934029905,11.3103598116255,11.4496750015218,11.5790919614021
10.9100386606421,10.8301184625413,10.7500364733563,10.6699310482871,10.6497305714782,10.6298067915518,10.5999941861492,10.5800904402867,10.5502719308879,10.5305991413346,10.6709429519931,10.8112619466488,10.9511815441932,11.0908296284501,11.2303341268883,11.3796982011627,11.4991567806884
7.4603491449623,7.27106983736667,7.07032939154487,6.87937729582482,6.67756678611428,6.48825513098671,6.28994749500741,6.20081676787547,6.11245581279926,6.02541085630071,5.93851581661747,5.85139666316086,5.7606705471204,5.79749238963771,5.82301750601142,5.85727444920551,5.89238487104444
13.5001951541244,13.6405979842102,13.7801841129773,13.919651940308,14.0586399582507,14.1990247077254,14.3399706524024,14.4104565313459,14.4913726733827,14.5630243911198,14.6347599046665,14.7163701501099,14.7859642884898,14.784187861482,14.771686631076,14.7684765569143,14.7557435335353
2.92039567850651,2.96121242376997,3.01037329238169,3.14929430269761,3.28724249082675,3.42802257732518,3.57994049721663,3.72092562553676,3.86278312003787,4.01613200753619,4.15965079254984,4.31291559422501,4.45209270247095,4.58849096467715,4.73341967492282,4.86691119167037,5.0013699374832
8.84011679007178,9.47035786391422,10.1101101824924,10.7397917035239,11.3791860824156,12.0994163359084,12.8099824369173,13.5302732113852,14.250821476991,14.9718099481989,15.6928485670459,15.7038122191414,15.7135693310759,15.71250622755,15.721009365111,15.7290882948138,15.7274527157679
11.6900977074083,11.7002993915068,11.7100921794602,11.7098257376803,11.7193190707352,11.5695117024519,11.4199853065996,11.2702285705964,11.1206872535184,10.9715142155914,10.8223831315375,10.7131893297638,10.5929861278733,10.4820967278699,10.3708444420616,10.249237260929,10.1378689238165
7.4603491449623,7.27106983736667,7.07032939154487,6.87937729582482,6.67756678611428,6.48825513098671,6.28994749500741,6.20081676787547,6.11245581279926,6.02541085630071,5.93851581661747,5.85139666316086,5.7606705471204,5.79749238963771,5.82301750601142,5.85727444920551,5.89238487104444
8.65012844300974,8.7303935704253,8.81012117614736,8.88977092037103,9.35910487233517,9.81935809978137,10.2899806845294,10.760300471539,11.2309034413247,11.7019905390124,11.8231327879097,11.9441925901138,12.0639254674578,12.1727562908792,12.2911100763174,12.4089973278008,12.4671985559349
11.1700139470287,11.1500427359809,11.1200131579539,11.0999751253092,11.0799028022527,10.9599302990427,10.839997902623,10.7200326268061,10.6000981004889,10.4802161433675,10.3603401748593,10.2104552538484,10.0704262482423,9.92029929279894,9.77012053802107,9.6198911244923,9.47969580422676
6.24003772215043,6.17011558684912,6.11003558796128,6.04993272209803,5.97973711188734,5.91981148170972,5.85999432728115,5.91008824483804,5.96026532973346,6.01058459710799,6.06092006172219,6.11123131274502,6.16115286206849,6.22080948912161,6.28032601591866,6.3497055273651,6.40917724993665
7.47026773081183,7.43082037107115,7.39025258352615,7.34952249892638,7.30813416660895,7.26866200218275,7.22995973820102,7.23062631270672,7.22188316265574,7.21414914464335,7.21653008561647,7.20873917200494,7.1981823728012,7.22574530288802,7.24231387939501,7.2679099972628,7.28416057833394
11.1700139470287,11.1500427359809,11.1200131579539,11.0999751253092,11.0799028022527,10.9599302990427,10.839997902623,10.7200326268061,10.6000981004889,10.4802161433675,10.3603401748593,10.2104552538484,10.0704262482423,9.92029929279894,9.77012053802107,9.6198911244923,9.47969580422676
5.36009989722211,5.40030610145521,5.45009424538191,5.47982183212134,5.50930380978046,5.5295007587502,5.55998497729179,5.59023369330985,5.62070265621194,5.7015481521201,5.79243654216964,5.88326080887274,5.97305305283098,6.0621437196365,6.14086336765742,6.1992201664568,6.25782116223718
9.38031004114363,9.3809500168597,9.37029250008535,9.36944703794853,9.36783930316263,9.36845055423169,9.35995337550386,9.39072529084917,9.41218076469959,9.43480484685914,9.45756205532977,9.48012025050192,9.49947545859052,9.54665325094909,9.59267954894302,9.62757970763841,9.67323775639002
7.08018983600505,6.94058168862125,6.8001790957388,6.66966142523681,6.52867702056926,6.50905128528675,6.49997145214995,6.49044409047033,6.47133526684119,6.46294197383572,6.45463019313136,6.41619655798832,6.38580175644969,6.34407373862031,6.31164066891475,6.26851807206113,6.23585952594234
6.78039724265926,6.75121721659025,6.72037476804007,6.68929151301267,6.65723159014481,6.59801476039538,6.53994026199678,6.48092928461781,6.42279412196186,6.36615624791385,6.30968894300135,6.34296665073137,6.37214050601214,6.3985245302247,6.42343319320556,6.44689898133305,6.47133582206938
11.6703022203799,11.7509260527583,11.8402851217934,11.9294609863733,12.0078938065723,12.0984896388807,12.1999545516032,12.3007069954439,12.4021257550797,12.5046836449708,12.6073713030722,12.7098649679701,12.6692364408845,12.6264854232114,12.5826119575293,12.547640759325,12.5034083334591
3.3502787580887,3.33085416045412,3.31026298691774,3.2895028316475,3.26805731680131,3.23860689282767,3.20995807990102,3.18065210922813,3.15196072621985,3.12432003930587,3.0967990462996,3.06909912037476,3.02851938776663,2.99598193999821,2.9624091832883,2.92782391438473,2.88392006466649
2.09003107450126,2.02009521736293,1.95002931641316,1.86994457825906,1.99978343978556,2.11984470366137,2.23999532696555,2.36007269374357,2.48021857155651,2.60048157550292,2.76075792230328,2.921014322593,3.09094969701841,3.25066683554455,3.41026856321703,3.56975742129869,3.7393222404454
4.00006532944641,3.98020018012704,3.9600616333317,3.93988348415869,3.9195447148512,4.12967351289876,4.32999017565066,4.54015282761861,4.74045951369183,4.95101243977374,5.15159341719131,5.42213246008223,5.69199659457058,5.96140192103577,6.23056461360895,6.49949001491148,6.76857511288267
6.43018412684752,6.45056419482723,6.47017370958571,6.49967160758687,6.51871680805832,6.49907981708052,6.48997231070244,6.47043073482449,6.45129510981864,6.44285349645726,6.42449094398336,6.44601020174011,6.45562727352433,6.47395122437177,6.49159132718276,6.50856263979234,6.51598404720279
8.99021314188098,9.10065310164341,9.21020108304867,9.32961985893108,9.43851460040844,9.54893481303275,9.65996794737407,9.83049861077801,10.0014991955086,10.1733031554629,10.3351986348588,10.5069572999331,10.6765140292135,10.9345738652787,11.1918420913275,11.4483361380351,11.7153512062764
7.7402031313034,7.66062242759362,7.59019163883503,7.50963771291475,7.41858436477282,7.33898484138346,7.24996945278116,7.16047519265928,7.08142878319508,6.99314801704586,7.16495447196918,7.33663053829236,7.50620808654985,7.67435904577443,7.841755574318,8.00841428419395,7.80556954492484
2.97029713688347,2.99091047609239,3.02028032590371,2.96947005284936,2.92792923378859,2.87851504390253,2.83995531606769,2.80069510343049,2.7520899988267,2.64460486374342,2.53724731410482,2.42969903432447,2.31908107937567,2.20637633518185,2.09256802311045,1.99768044292126,1.89351920855407
8.00030010877369,7.94091958245092,7.88028312965463,7.81946475244795,7.69790852249291,7.58850019173591,7.46995486914996,7.36070205568449,7.24211090248227,7.12465092046097,7.05731979996269,6.99979604168655,6.92917190610394,6.85644010972219,6.78259370784765,6.70765724328036,6.6334543892678
9.06019093091197,9.09058504359545,9.13018012869966,9.15965947245735,9.1886693900919,9.22904581343589,9.25997128749605,9.23044665182707,9.20134296818798,9.17295894210009,9.13465689844742,9.10623229754277,9.07583521892853,9.08409723450359,9.09165013171266,9.10850952482501,9.11583564515266
8.98038848340388,8.77119037679669,8.56036650435314,8.33930713524838,8.12729263396364,7.90805853520226,7.69994157922798,7.55090879376392,7.40273251118753,7.25602050179894,7.1094753004729,6.96268073429576,6.81187280618145,6.83833656315845,6.86335749082224,6.88696735922202,6.91152686838679
3.04015479898352,2.800474329447,2.56014604099107,2.32972391417965,1.97892119584458,1.63922638451425,1.28997672107477,0.950362127054773,0.611088823743883,0.262398989376071,0.633775623017577,1.0050528922459,1.36473095712693,1.73332187035531,2.10133785938146,2.46879158361701,2.98662371121198
7.48031043218182,7.55095121506476,7.61029286899995,7.6694463405273,7.72783657799215,7.79844859999924,7.8599533166989,7.86072620561943,7.86218351518059,7.87481090695355,7.87757159294264,7.88013301462851,7.87948740947582,7.91666164233598,7.9526829285137,7.98757665505408,8.02322922753657
3.67013055461595,3.74040004073268,3.81012316828617,3.88976715429635,3.93909015641455,3.98934754692614,4.03998036698257,4.09030541129847,4.14091829392208,4.19202326352229,4.2631842910192,4.34426151639736,4.41399000223841,4.48280160436837,4.56112832599905,4.6289808438454,4.83715250012624
9.55024864814833,9.58076189866375,9.61023458049391,9.63955653308275,9.66826715492854,9.6987573687263,9.68996260788329,9.67058167191788,9.6617489391831,9.64385341203586,9.63606465010807,9.61811628262737,9.59759916959862,9.57533580320798,9.55214895634563,9.52805896337806,9.49457678638259
9.34007698238437,9.36023588663812,9.38007262698663,9.24986270100583,9.10946350477079,8.97961527677176,8.84998842326271,8.72018008777244,8.58054147802553,8.82119303058733,9.07187763805504,9.3125128310546,9.55235273095248,9.80165198436498,10.0406653248153,10.1693990478985,10.2883209530497
7.7402031313034,7.66062242759362,7.59019163883503,7.50963771291475,7.41858436477282,7.33898484138346,7.24996945278116,7.16047519265928,7.08142878319508,6.99314801704586,7.16495447196918,7.33663053829236,7.50620808654985,7.67435904577443,7.841755574318,8.00841428419395,7.80556954492484
5.36009989722211,5.40030610145521,5.45009424538191,5.47982183212134,5.50930380978046,5.5295007587502,5.55998497729179,5.59023369330985,5.62070265621194,5.7015481521201,5.79243654216964,5.88326080887274,5.97305305283098,6.0621437196365,6.14086336765742,6.1992201664568,6.25782116223718
4.14027461308392,4.12084145948038,4.10025907642303,4.08951022431261,4.06808620360844,4.00862760769164,3.94995870323365,3.89064241266334,3.84193157112128,3.78425580230507,3.72669794760311,3.76896382063291,3.80839270838246,3.84589299129721,3.88237335983905,3.91785627177861,3.96401047051312
7.75011428742738,7.94035019540178,8.12010782143901,8.30979616701981,8.49920352350667,8.67942884299605,8.8699828132691,8.94026735685553,9.02080387391262,9.0917711635946,9.16278752632351,9.23373052873124,9.30349284540998,9.38245252267391,9.45098773585859,9.51910783135349,9.59750730043
7.7402031313034,7.66062242759362,7.59019163883503,7.50963771291475,7.41858436477282,7.33898484138346,7.24996945278116,7.16047519265928,7.08142878319508,6.99314801704586,7.16495447196918,7.33663053829236,7.50620808654985,7.67435904577443,7.841755574318,8.00841428419395,7.80556954492484
6.11025623428915,6.2607851438421,6.17024173743706,6.07954300311075,5.98821428662116,5.89871945661678,5.80996146706698,5.72059941846098,5.75180229851444,5.79397097786752,5.83624967979789,5.86836390668321,5.90783101677342,5.93549859611357,6.0922145200169,6.24799974324208,6.40441132662554
8.20013829717205,8.29042376519306,8.38013047279516,8.46975334535585,8.50903619803898,8.55930885312364,8.60997920264428,8.66032352374968,8.71097275344582,8.76214325339173,8.74337313575417,8.72451424610383,8.70422662976732,8.68296775382872,8.66119524149859,8.63892040267569,8.51698362882781
11.3801489334107,11.370456356371,11.3601405072721,11.2197343754982,11.0689620734018,10.929255698001,10.7799776031492,10.6403484055008,10.4910475665289,10.3923080879598,10.2836325588244,10.1848614303471,10.0745516938474,9.96319599955202,9.8612871658212,9.76883737238194,9.66675164401382
10.6802232306662,10.6906840153342,10.6202106010452,10.5496018654632,10.47844429101,10.3988843938355,10.329966430206,10.2605222118508,10.2115701579183,10.1634595058988,10.1154447052711,10.0672866143991,10.0168223620542,9.97479036306038,9.96192928425117,9.94825738135944,9.94513116185721
8.84014705642743,8.95045060498662,9.06013873648209,9.16973772312014,9.28897515422015,9.37926507831676,9.46997788541307,9.56034401460357,9.65103436422015,9.74227899950664,9.84358677828261,9.93480016253943,10.034494329598,10.133155720895,10.2312709438819,10.3188520247867,10.4167925825104
2.21007189888795,2.27022030997221,2.34006783109689,2.39987176748191,2.46949893198708,2.52964068179361,2.57998918772725,2.63016819575903,2.68050572177257,2.73111424935993,2.78175364908764,2.83234689740894,2.8321973694436,2.83154289633546,2.84062139039644,2.83943873149475,2.83843182814461
11.7900042492817,11.7400130204951,11.6800040088719,11.6199924213559,11.5599703864807,11.4899787640074,11.4299993609861,11.3700099405035,11.2800298885601,11.180065853026,11.0901036420599,10.990138703509,10.9001298662869,10.8000911864042,10.7200367246681,10.6499668285837,10.5699073197925
4.43002075109313,4.21006358474909,3.99001957706785,3.75996299017972,3.53985538428632,3.30989629539804,3.08999687941661,2.82004854380863,2.5401459588582,2.27032158901034,1.99050612932332,1.72067734965104,1.44063419364652,1.46044530293076,1.47017934255097,1.48983800952498,1.49954740217663
8.64007588747745,8.62023253166393,8.63007159402577,8.63986465378529,8.64947113524815,8.66962074862262,8.67998858791661,8.69017752641571,8.69053377667874,8.68117606232297,8.68185093273899,8.68247709150015,8.68231926847364,8.67162848848169,8.77065586201742,8.86940759513459,8.96834483383936
4.38006853595954,4.29021000540861,4.19006465843138,4.09987776530455,3.99952236845324,3.90965748819268,3.84998969344995,3.80016032873476,3.740482067636,3.68106213254795,3.6316716256169,3.57223712592027,3.59209459183003,3.60147073040824,3.62059232608856,3.62946498371998,3.64850517628433
2.88023558747289,2.80072187861441,2.71022225874643,2.62957982695207,2.54835817562269,2.46882264009013,2.39996457196911,2.3405511185911,2.27165707311781,2.21365100488237,2.14574609383798,2.08768996079929,2.01720001002965,1.95505553088598,1.89203607868478,1.82816091969464,1.76486165008801
5.28009755099299,5.29029891222479,5.29009203189434,5.29982601664876,5.29932016080336,5.2995124841449,5.30998533012158,5.30022820468827,5.30068615332596,5.3015117915536,5.29237931649238,5.29318422411321,5.29298134751919,5.19209337131519,5.09084309023332,4.98923848196277,4.89787233535791
7.91017075334154,7.95052321621385,7.98016109270655,8.01969545939318,8.08881000888885,8.1591466518303,8.21997432183222,8.2903994496815,8.36120104336855,8.43264624122823,8.51416475762296,8.60557366861075,8.68521855324711,8.77366423894026,8.86147574586537,8.93866703817639,9.05627573399098
7.7402031313034,7.66062242759362,7.59019163883503,7.50963771291475,7.41858436477282,7.33898484138346,7.24996945278116,7.16047519265928,7.08142878319508,6.99314801704586,7.16495447196918,7.33663053829236,7.50620808654985,7.67435904577443,7.841755574318,8.00841428419395,7.80556954492484
5.36009989722211,5.40030610145521,5.45009424538191,5.47982183212134,5.50930380978046,5.5295007587502,5.55998497729179,5.59023369330985,5.62070265621194,5.7015481521201,5.79243654216964,5.88326080887274,5.97305305283098,6.0621437196365,6.14086336765742,6.1992201664568,6.25782116223718
13.1103302969217,12.9810120838823,12.8403116098614,12.7094109115285,12.5676981393316,12.4383493249908,12.1799503294067,11.9307726759488,11.6723232396152,11.4151187597499,11.1680561036768,10.9107814322593,11.010094514449,11.0970879247898,11.1828546107045,11.2674215837702,11.362795961781
9.33039387973085,9.16120691202665,9.02037159537456,8.8692975108353,8.72725502661097,8.58803156679445,8.44994076771947,8.31092141759355,8.43277046782529,8.55610413110188,8.67960691953061,8.8128568792427,8.93203772839857,9.04845236429748,9.23340412889768,9.42692523355828,9.6114091702091
4.43002075109313,4.21006358474909,3.99001957706785,3.75996299017972,3.53985538428632,3.30989629539804,3.08999687941661,2.82004854380863,2.5401459588582,2.27032158901034,1.99050612932332,1.72067734965104,1.44063419364652,1.46044530293076,1.47017934255097,1.48983800952498,1.49954740217663
3.91023097322229,3.87070773979459,4.00021790555421,4.13958805652267,4.26839033263439,4.40884570003303,4.53996526586769,4.680540324302,4.87162461744205,5.07357949576827,5.27563355000603,5.47753934410553,5.67705898958312,5.87495651252072,5.93199619975071,5.99819694018973,6.06496229055879
10.8301902270432,10.8505828868263,10.8801794646534,10.9096607278156,10.9386742953988,10.8290493310543,10.719971393345,10.6004450052406,10.4913380173222,10.3829480339301,10.2646397307442,10.1862093221149,10.095813707335,10.0040821300072,9.91164404848543,9.8285150194768,9.73585099708888
12.3201594914418,12.1504887079078,11.9901504679662,11.8197155451248,11.6488884937988,11.4692029337249,11.2999760154152,11.1303731042979,10.9611218295158,10.8124717105091,10.6638900743721,10.515206061765,10.3548743677505,10.2034225669979,10.0513784142297,10.0087549526051,9.96652136497051
4.43002075109313,4.21006358474909,3.99001957706785,3.75996299017972,3.53985538428632,3.30989629539804,3.08999687941661,2.82004854380863,2.5401459588582,2.27032158901034,1.99050612932332,1.72067734965104,1.44063419364652,1.46044530293076,1.47017934255097,1.48983800952498,1.49954740217663
6.70006806671372,6.63020856756253,6.55006421573386,6.47987860221003,6.40952563865782,6.32965983327162,6.2599897640159,6.17015923101045,6.07047876705881,5.98105486043465,5.89166018048145,5.80222180896836,5.70208025076767,5.68146066074397,5.65058827060374,5.61946864682117,5.58851541090848
3.8901138963892,3.63034899719671,3.36010745252442,3.08979686444105,2.81920624867715,2.5494307972285,2.27998287207406,2.26026644208527,2.24080112343162,2.23176510350018,2.21277798871064,2.20371776460465,2.18348089452468,2.31244413128702,2.44098435628791,2.56911088393782,2.69751582928346
11.6900977074083,11.7002993915068,11.7100921794602,11.7098257376803,11.7193190707352,11.5695117024519,11.4199853065996,11.2702285705964,11.1206872535184,10.9715142155914,10.8223831315375,10.7131893297638,10.5929861278733,10.4820967278699,10.3708444420616,10.249237260929,10.1378689238165
10.5201282865945,10.5303930911433,10.5401210285815,10.5497711993395,10.5591059624034,10.5593588814743,10.5699807080514,10.5803001056309,10.5809023411323,10.5919881149747,10.5931289728645,10.5941874844631,10.6039206871037,10.5427529343244,10.4911087244891,10.4389985488345,10.3872019674763
6.55016199408616,6.27049637642029,6.05015282901962,5.83971108162889,5.61887105270768,5.40919042663718,5.19997563906343,4.98037895882761,4.80113943259422,4.63251049511332,4.45395111509452,4.27528775217515,4.10495085341642,3.92347627187402,3.74140004348205,3.55873541606536,3.38646678030839
8.74007424511707,8.79022749920263,8.84007004458446,8.87986758295449,8.92948258096418,8.94962895639891,8.95998883489747,8.9701736843806,8.99052222465856,9.00115060992642,9.0118108747649,8.90242348216848,8.79226907475539,8.68159324465677,8.57064166782055,8.45942041598878,8.34838065502388
7.4603491449623,7.27106983736667,7.07032939154487,6.87937729582482,6.67756678611428,6.48825513098671,6.28994749500741,6.20081676787547,6.11245581279926,6.02541085630071,5.93851581661747,5.85139666316086,5.7606705471204,5.79749238963771,5.82301750601142,5.85727444920551,5.89238487104444
11.960053989339,11.92016543218,12.1900509348084,12.4499037093746,12.7096237447952,12.9797301856398,13.2399918809946,13.500126299281,13.6203797497429,13.7408366970357,13.8613168264179,13.9717623004111,14.0916500188969,14.2111585708161,14.3704666060591,14.519578539857,14.6788224496329
3.53038058443251,3.55116617305428,3.56035905227832,3.57932122315736,3.59734768240741,3.60809801069775,3.61994276708826,3.63089031540461,3.6526769514714,3.66589808789174,3.67928264069279,3.87242289893866,4.06163139829842,4.24816705714335,4.43328922349442,4.62702902142546,4.81169915122659
9.38031004114363,9.3809500168597,9.37029250008535,9.36944703794853,9.36783930316263,9.36845055423169,9.35995337550386,9.39072529084917,9.41218076469959,9.43480484685914,9.45756205532977,9.48012025050192,9.49947545859052,9.54665325094909,9.59267954894302,9.62757970763841,9.67323775639002
2.34007713879965,2.22023636592015,2.10007277455247,1.97986242203733,1.8694624147026,1.74961449507878,1.83998839974073,1.94018045368055,2.03054257821793,2.1211954546251,2.21188145310019,2.31251793670524,2.3123575113066,2.32165534091973,2.33066667664361,2.32939782686474,2.3383175415083
8.93004210177812,8.7301290067459,8.53003971980474,8.32992491098017,8.12970658997792,7.92978959430628,7.72999366866555,7.53009849026499,7.35029613512062,7.16065247016544,6.98102688298641,6.80137427096282,6.62128671198383,6.43090347265474,6.35036386711032,6.25967133842062,6.16908172677794
10.0103741714062,9.95114652249113,9.89035300207896,9.93933266086565,9.97739237520334,10.0181300601099,10.0599437314897,10.1108753131723,10.1526318435831,10.4257987023433,10.6991262238416,10.9822135672626,11.2514354037795,11.5180294383984,11.7832337985352,11.6570790838085,11.5318390244233
16.4703513347761,16.6110765473151,16.7503314574666,16.8893733902659,16.9275515251596,16.968244187285,17.0099471656996,17.0508218905889,17.0924712154928,17.1354447928294,16.6285692272496,16.1314681422698,15.6207374720781,15.1175393814043,14.6030364316073,14.0972573547333,14.1223371094651
9.06019093091197,9.09058504359545,9.13018012869966,9.15965947245735,9.1886693900919,9.22904581343589,9.25997128749605,9.23044665182707,9.20134296818798,9.17295894210009,9.13465689844742,9.10623229754277,9.07583521892853,9.08409723450359,9.09165013171266,9.10850952482501,9.11583564515266
7.63028673526771,7.56087860383754,7.48027051277548,7.40948860425426,7.29800172332345,7.17856702648569,7.06995688027975,6.9606707705415,6.84201683603218,6.73444366523196,6.64699361360229,6.55935950855719,6.46876318582672,6.37615312429068,6.28247812653025,6.18776164166442,6.13374607605599
5.36009989722211,5.40030610145521,5.45009424538191,5.47982183212134,5.50930380978046,5.5295007587502,5.55998497729179,5.59023369330985,5.62070265621194,5.7015481521201,5.79243654216964,5.88326080887274,5.97305305283098,6.0621437196365,6.14086336765742,6.1992201664568,6.25782116223718
9.55024864814833,9.58076189866375,9.61023458049391,9.63955653308275,9.66826715492854,9.6987573687263,9.68996260788329,9.67058167191788,9.6617489391831,9.64385341203586,9.63606465010807,9.61811628262737,9.59759916959862,9.57533580320798,9.55214895634563,9.52805896337806,9.49457678638259
8.64007588747745,8.62023253166393,8.63007159402577,8.63986465378529,8.64947113524815,8.66962074862262,8.67998858791661,8.69017752641571,8.69053377667874,8.68117606232297,8.68185093273899,8.68247709150015,8.68231926847364,8.67162848848169,8.77065586201742,8.86940759513459,8.96834483383936
7.16036416082867,7.10111584844135,7.03034355786532,6.96935051484932,6.90746213956772,6.83818008846064,6.77994523689677,6.80085189505356,6.81256143126954,6.83564356392628,6.85888206095195,6.8818868056219,6.89112946111587,6.92781461889413,6.95314728152569,6.98715722996728,7.01205736307174
12.1701605863487,12.080492062882,11.9901515009271,11.8997135923453,11.8088808633214,11.709197461874,11.9299758507613,12.1503756656547,12.3711295308626,12.5824886787734,12.8039167796882,13.0252418013194,13.2349078302293,13.4534460628812,13.6713878770276,13.8787464053689,14.0964974841808
6.70006806671372,6.63020856756253,6.55006421573386,6.47987860221003,6.40952563865782,6.32965983327162,6.2599897640159,6.17015923101045,6.07047876705881,5.98105486043465,5.89166018048145,5.80222180896836,5.70208025076767,5.68146066074397,5.65058827060374,5.61946864682117,5.58851541090848
4.7901166336565,4.88035738463219,4.97011003492658,5.04979198249239,5.13918717248377,5.22941711760135,5.31998246043931,5.44027284547711,5.5708203767986,5.69180752416109,5.82284475200078,5.94380711349077,6.06356455072177,6.19250287099523,6.3110080132827,6.42908951584752,6.55745612730927
6.44020790196927,6.55063704569548,6.67019613959309,6.77962920437566,6.75855111769292,6.74896099974757,6.73996873536059,6.73048635285648,6.71146233906324,6.70322195019773,6.68507083084628,6.67678626063675,6.6563538873505,6.63446142069444,6.62179680508035,6.59837704266513,6.52546549291268
9.46038379094564,9.46117599833585,9.450362077378,9.43931550430322,9.42732533600945,9.42808198599166,9.41994228488755,9.54089781652076,9.65269950541557,9.77594778066595,9.88936084911838,10.0125275647767,10.1217293955579,10.2682358665158,10.403316935974,10.537003990234,10.6716292146283
9.3300552406612,9.52016926643624,9.70005211533514,9.87990147762661,10.0596150242497,10.299723932096,10.5299916928187,10.7701292265458,11.0003885512821,11.2308560893378,11.4713473467791,11.4218031456162,11.3816882617299,11.3311854232541,11.2904774206853,11.2495687715872,11.1987951573018
8.65012844300974,8.7303935704253,8.81012117614736,8.88977092037103,9.35910487233517,9.81935809978137,10.2899806845294,10.760300471539,11.2309034413247,11.7019905390124,11.8231327879097,11.9441925901138,12.0639254674578,12.1727562908792,12.2911100763174,12.4089973278008,12.4671985559349
5.66009223287366,5.69028261663584,5.72008701465584,5.74983550157758,5.77935722312194,5.96953906170622,6.1699861298691,6.3702157638127,6.5606487467844,6.76142937426955,6.95224960495725,7.33301063199159,7.71281881547913,8.09197924845353,8.46079712807201,8.83927999710964,9.21798832776491
6.84028704809826,7.03087956240159,7.07027080790716,7.10948804631727,7.14799954318706,7.18856546309974,7.22995683323578,7.27067150235771,7.11201903641698,6.94444851330749,6.7870012436926,6.61936971985846,6.45877274653496,6.28615983740019,6.1124808301868,5.92775919959695,5.75373925297322
16.7600314655394,16.900096415568,17.0300296853278,17.1699438808378,17.3097807146151,17.4498427494289,17.5499952681606,17.6500736085138,17.7502213220375,17.8504876355973,17.9507674599162,18.0510270867196,18.1509616479037,18.2606752269314,18.3702719427877,18.4797543687144,18.5893137115919
6.87037237263059,6.59114101074781,6.31035130507182,6.01933586900334,5.73740491098756,5.44813904957919,5.36994400199252,5.28087110522908,5.20261919137047,5.12577082590901,5.03908235082237,4.96215485228028,4.95138042970714,4.94799083801874,4.93321825251005,4.92709312569637,4.91187825714917
8.93004210177812,8.7301290067459,8.53003971980474,8.32992491098017,8.12970658997792,7.92978959430628,7.72999366866555,7.53009849026499,7.35029613512062,7.16065247016544,6.98102688298641,6.80137427096282,6.62128671198383,6.43090347265474,6.35036386711032,6.25967133842062,6.16908172677794
12.5801720828714,12.6805272901111,12.9901623470162,13.299693088161,13.6088007433092,13.91914000744,14.2299741218953,14.5504025599004,14.5412103950039,14.5426668455492,14.5441971855067,14.5456170666412,14.5452591862571,14.5436927696557,15.0914872364057,15.6286566593897,16.1762467358892
8.83031340407204,8.92096032142329,9.02029567275087,9.11944104012589,9.21781586669648,9.30843374783262,9.40995286978117,9.47073315787343,9.54220441883616,9.60485696367111,9.66764407880051,9.73023002199059,9.79957823620409,9.97672541687632,10.1627086132509,10.3475534554132,10.5231644082503
10.1201698148499,10.2805203405217,10.4401602073115,10.5996971332041,10.758816549298,10.7191513419882,10.6799744629641,10.6403972542329,10.6011944422142,10.5626316970016,10.5241418673521,10.5555430347069,10.5851898711224,10.6136440996117,10.6314676348957,10.6586743643788,10.6862962032393
3.3502787580887,3.33085416045412,3.31026298691774,3.2895028316475,3.26805731680131,3.23860689282767,3.20995807990102,3.18065210922813,3.15196072621985,3.12432003930587,3.0967990462996,3.06909912037476,3.02851938776663,2.99598193999821,2.9624091832883,2.92782391438473,2.88392006466649
11.6900977074083,11.7002993915068,11.7100921794602,11.7098257376803,11.7193190707352,11.5695117024519,11.4199853065996,11.2702285705964,11.1206872535184,10.9715142155914,10.8223831315375,10.7131893297638,10.5929861278733,10.4820967278699,10.3708444420616,10.249237260929,10.1378689238165
6.06039427076904,6.26120811023172,6.46037196428915,6.65929681341407,6.85725230144049,7.058029612562,7.25994070891451,7.46092233236381,7.62277321830629,7.79611019119629,7.95961645714348,8.12286964336929,8.28204967928387,8.44846075568436,8.40340750846836,8.35692218097395,8.31140064135564
4.63001699712654,4.73005208198042,4.82001603548773,4.83996968542359,4.85988154592296,4.87991505602956,4.89999744394427,4.92003976201411,4.94011955424063,4.94026341210395,4.9504145682397,4.95055481403578,4.95051946514765,4.96036474561665,4.9601468986724,4.97986731433454,4.99962927916981
2.34007713879965,2.22023636592015,2.10007277455247,1.97986242203733,1.8694624147026,1.74961449507878,1.83998839974073,1.94018045368055,2.03054257821793,2.1211954546251,2.21188145310019,2.31251793670524,2.3123575113066,2.32165534091973,2.33066667664361,2.32939782686474,2.3383175415083
16.4703513347761,16.6110765473151,16.7503314574666,16.8893733902659,16.9275515251596,16.968244187285,17.0099471656996,17.0508218905889,17.0924712154928,17.1354447928294,16.6285692272496,16.1314681422698,15.6207374720781,15.1175393814043,14.6030364316073,14.0972573547333,14.1223371094651
4.3201314931076,4.40040291642485,4.3301240536812,4.25976548048538,4.1890836160054,4.11934285676826,4.04998022585066,3.9803076067471,4.17092489507648,4.35203780774889,4.5432071812901,4.73429215030117,4.91401868436312,5.1028217436969,5.29113643696869,5.47897351764302,5.66713203087795
10.8301902270432,10.8505828868263,10.8801794646534,10.9096607278156,10.9386742953988,10.8290493310543,10.719971393345,10.6004450052406,10.4913380173222,10.3829480339301,10.2646397307442,10.1862093221149,10.095813707335,10.0040821300072,9.91164404848543,9.8285150194768,9.73585099708888
8.93004210177812,8.7301290067459,8.53003971980474,8.32992491098017,8.12970658997792,7.92978959430628,7.72999366866555,7.53009849026499,7.35029613512062,7.16065247016544,6.98102688298641,6.80137427096282,6.62128671198383,6.43090347265474,6.35036386711032,6.25967133842062,6.16908172677794
5.28009755099299,5.29029891222479,5.29009203189434,5.29982601664876,5.29932016080336,5.2995124841449,5.30998533012158,5.30022820468827,5.30068615332596,5.3015117915536,5.29237931649238,5.29318422411321,5.29298134751919,5.19209337131519,5.09084309023332,4.98923848196277,4.89787233535791
6.42001214825302,6.32003722423756,6.23001146094675,6.13997833344693,6.10991533803696,6.07993928851194,6.04999817312583,6.03002841886285,6.00008544827627,5.97018826693319,5.95029630184003,5.92039653886607,5.90037127416995,5.88026069241926,5.85010499199592,5.82990516638022,5.79973503695266
9.41008347361828,9.15025577684228,8.90007875096891,8.63985112381329,8.38941826694077,8.19958283651309,8.0199874471003,7.84019527295881,7.65058713601008,7.47129362815463,7.2920359624288,7.08272471555599,6.87255111564844,6.66179128138729,6.45072142568869,6.23934837499861,6.02817937408232
13.5001951541244,13.6405979842102,13.7801841129773,13.919651940308,14.0586399582507,14.1990247077254,14.3399706524024,14.4104565313459,14.4913726733827,14.5630243911198,14.6347599046665,14.7163701501099,14.7859642884898,14.784187861482,14.771686631076,14.7684765569143,14.7557435335353
4.38038535509838,4.51118079115613,4.64036355303638,4.76931271461827,4.90731443532751,5.03807416906186,5.1699420496677,5.30090147560181,5.43271050733956,5.55597202104361,5.67939899956989,5.81257862128305,5.93177719909906,6.04826943206336,6.11333045425677,6.16699177989665,6.23159509921443
5.07024966484761,5.05076501399692,5.03023553967186,4.98955471978754,4.94826006948528,4.91875228772193,4.87996245499038,4.84058405032057,4.80175609043369,4.74386916828134,4.68608944790155,4.62814946935651,4.5676302419004,4.50535762081388,4.44215774322941,4.4080510266588,4.3645546113636
6.81013415216727,6.84041106421932,6.86012656230045,6.87976073802097,6.89906508484611,6.9193295679876,6.9399798259769,6.96031382718489,6.90094359834726,6.84207901639092,6.78327203705767,6.72437894636198,6.66409995038315,6.59287880512773,6.61115941804934,6.62895276006958,6.64707403467445
9.55024864814833,9.58076189866375,9.61023458049391,9.63955653308275,9.66826715492854,9.6987573687263,9.68996260788329,9.67058167191788,9.6617489391831,9.64385341203586,9.63606465010807,9.61811628262737,9.59759916959862,9.57533580320798,9.55214895634563,9.52805896337806,9.49457678638259
3.92039599133706,3.88121338233403,3.84037358751337,3.80929374476062,4.07724031069036,4.34802101393922,4.62994045017266,4.90092635735297,5.17278532042267,5.45613685561172,5.45965842264014,5.45292580552628,5.45210226317919,5.44849767778666,5.44342237857937,5.4369087496029,5.33136311440044
5.13029080206485,5.09089106517026,5.05027434948727,5.0094813510734,4.95797338155042,4.90854670246822,4.85995626870812,4.81068028415223,4.76204544103455,4.71450669021388,4.68709280477622,4.65949225547372,4.63888747503383,4.6062403947143,4.57251327406537,4.53772989478739,4.62365737598005
4.90000010427688,4.96000031952141,5.02000009837722,5.07999981402104,5.13999927328785,5.20999947887139,5.25999998431874,5.31000024393875,5.37000073346157,5.42000161602519,5.47000254336341,5.53000340376711,5.63000318690275,5.73000223770317,5.83000090121885,5.92999918597755,6.0299977256391
8.84011679007178,9.47035786391422,10.1101101824924,10.7397917035239,11.3791860824156,12.0994163359084,12.8099824369173,13.5302732113852,14.250821476991,14.9718099481989,15.6928485670459,15.7038122191414,15.7135693310759,15.71250622755,15.721009365111,15.7290882948138,15.7274527157679
11.1700139470287,11.1500427359809,11.1200131579539,11.0999751253092,11.0799028022527,10.9599302990427,10.839997902623,10.7200326268061,10.6000981004889,10.4802161433675,10.3603401748593,10.2104552538484,10.0704262482423,9.92029929279894,9.77012053802107,9.6198911244923,9.47969580422676
8.83031340407204,8.92096032142329,9.02029567275087,9.11944104012589,9.21781586669648,9.30843374783262,9.40995286978117,9.47073315787343,9.54220441883616,9.60485696367111,9.66764407880051,9.73023002199059,9.79957823620409,9.97672541687632,10.1627086132509,10.3475534554132,10.5231644082503
7.7402031313034,7.66062242759362,7.59019163883503,7.50963771291475,7.41858436477282,7.33898484138346,7.24996945278116,7.16047519265928,7.08142878319508,6.99314801704586,7.16495447196918,7.33663053829236,7.50620808654985,7.67435904577443,7.841755574318,8.00841428419395,7.80556954492484
3.91023097322229,3.87070773979459,4.00021790555421,4.13958805652267,4.26839033263439,4.40884570003303,4.53996526586769,4.680540324302,4.87162461744205,5.07357949576827,5.27563355000603,5.47753934410553,5.67705898958312,5.87495651252072,5.93199619975071,5.99819694018973,6.06496229055879
6.84028704809826,7.03087956240159,7.07027080790716,7.10948804631727,7.14799954318706,7.18856546309974,7.22995683323578,7.27067150235771,7.11201903641698,6.94444851330749,6.7870012436926,6.61936971985846,6.45877274653496,6.28615983740019,6.1124808301868,5.92775919959695,5.75373925297322
10.4801501065253,10.5804599509862,10.6801416140159,10.7797322832345,10.8289538978904,10.8792498353037,10.9199774267343,10.9703511498116,11.0210558179719,11.0723262682431,11.1036611716631,11.1248997227268,11.1545875465033,11.1832211737127,11.2112973045333,11.238828214629,11.3467260574534
13.1103302969217,12.9810120838823,12.8403116098614,12.7094109115285,12.5676981393316,12.4383493249908,12.1799503294067,11.9307726759488,11.6723232396152,11.4151187597499,11.1680561036768,10.9107814322593,11.010094514449,11.0970879247898,11.1828546107045,11.2674215837702,11.362795961781
3.76014338066847,3.51043934185897,3.26013526868489,3.00974427887977,2.7590007708227,2.49928344810179,2.57997843817974,2.6503354157631,2.73100850969878,2.80222203461913,2.87349712472157,2.95468017974949,3.0843819912762,3.22307684185824,3.35123917591748,3.47888071907941,3.61687275373289
11.1700139470287,11.1500427359809,11.1200131579539,11.0999751253092,11.0799028022527,10.9599302990427,10.839997902623,10.7200326268061,10.6000981004889,10.4802161433675,10.3603401748593,10.2104552538484,10.0704262482423,9.92029929279894,9.77012053802107,9.6198911244923,9.47969580422676
5.28009755099299,5.29029891222479,5.29009203189434,5.29982601664876,5.29932016080336,5.2995124841449,5.30998533012158,5.30022820468827,5.30068615332596,5.3015117915536,5.29237931649238,5.29318422411321,5.29298134751919,5.19209337131519,5.09084309023332,4.98923848196277,4.89787233535791
6.47026843468057,6.47082252784027,6.47025324757243,6.47952124356816,6.34812926130208,6.22865848456435,6.09995963235209,5.97062795929319,5.85188811352153,5.7241600528133,5.65654725331965,5.5787621474328,5.50820388439474,5.43576040738441,5.35231996262224,5.27790450261101,5.18414522639772
6.42001214825302,6.32003722423756,6.23001146094675,6.13997833344693,6.10991533803696,6.07993928851194,6.04999817312583,6.03002841886285,6.00008544827627,5.97018826693319,5.95029630184003,5.92039653886607,5.90037127416995,5.88026069241926,5.85010499199592,5.82990516638022,5.79973503695266
12.1600962214632,12.1402948383276,12.1300907775847,12.109828387881,12.099329426383,12.0795191285352,12.0699855300585,12.0202250944694,11.9706768016906,11.9214911872326,11.8723468886086,11.8231408260828,11.7729407145092,11.6520648405998,11.540831599693,11.4292488607495,11.3079013334597
9.33039387973085,9.16120691202665,9.02037159537456,8.8692975108353,8.72725502661097,8.58803156679445,8.44994076771947,8.31092141759355,8.43277046782529,8.55610413110188,8.67960691953061,8.8128568792427,8.93203772839857,9.04845236429748,9.23340412889768,9.42692523355828,9.6114091702091
3.41020039403609,3.32061404015814,3.22018905643287,3.45964259486341,3.6886034409662,3.92899852101061,4.15996986441591,4.40046878926743,4.6314095298281,5.07310559638495,5.51488770867904,5.94654118940623,6.38612443035276,6.81430030606623,7.25173191732322,7.54843565228425,7.84562924689903
4.12031973889066,4.07097973234543,4.03030164916731,3.97942974190185,3.93777171893464,3.95840208926693,3.97995191714074,3.99074797715169,4.01224897662831,4.03495513720065,4.05779858812912,4.06043680084134,4.05977184054593,4.05686135734387,4.05276336229598,4.03750400354705,4.03302624082432
10.2701099077997,10.310336775505,10.3401036895955,10.3798039781377,10.2592340454161,10.1394507303995,10.0199834718847,9.90025711142859,9.78077306852546,9.66170329053714,9.59268070505929,9.51358757051343,9.43335899549463,9.35235853914079,9.27094988466693,9.18914202029797,9.15760282358871
11.9401819370337,11.8905574848788,11.840171643664,11.7896755131458,11.738732069013,11.6890907607822,11.6399726400102,11.520425612111,11.4012797071251,11.2828195599285,11.1644375333512,11.0459387226312,10.9255603485667,10.6239042326052,10.3315724015869,10.0385797342646,9.73603180878215
6.84028704809826,7.03087956240159,7.07027080790716,7.10948804631727,7.14799954318706,7.18856546309974,7.22995683323578,7.27067150235771,7.11201903641698,6.94444851330749,6.7870012436926,6.61936971985846,6.45877274653496,6.28615983740019,6.1124808301868,5.92775919959695,5.75373925297322
8.64035117836087,8.86107606803303,9.09033130990076,9.20937366923439,9.33755261522777,9.45824496897797,9.5799471892216,9.71082152468083,9.83247011530045,9.94544236879167,10.0585654122044,10.1714630366191,10.270732691724,10.3775360248495,10.483035079779,10.467258575767,10.4623405210065
16.7600314655394,16.900096415568,17.0300296853278,17.1699438808378,17.3097807146151,17.4498427494289,17.5499952681606,17.6500736085138,17.7502213220375,17.8504876355973,17.9507674599162,18.0510270867196,18.1509616479037,18.2606752269314,18.3702719427877,18.4797543687144,18.5893137115919
14.6603970080363,14.5312164976672,14.3903745466913,14.2492919314654,14.1072332252471,13.9680159329349,13.8899402972798,13.8009287357557,13.7227924716733,13.6461526118572,13.5596832204336,13.4829589922554,13.432133335481,13.3685194953926,13.3134311654632,13.2569008128836,13.2013409393815
9.38031004114363,9.3809500168597,9.37029250008535,9.36944703794853,9.36783930316263,9.36845055423169,9.35995337550386,9.39072529084917,9.41218076469959,9.43480484685914,9.45756205532977,9.48012025050192,9.49947545859052,9.54665325094909,9.59267954894302,9.62757970763841,9.67323775639002
6.87037237263059,6.59114101074781,6.31035130507182,6.01933586900334,5.73740491098756,5.44813904957919,5.36994400199252,5.28087110522908,5.20261919137047,5.12577082590901,5.03908235082237,4.96215485228028,4.95138042970714,4.94799083801874,4.93321825251005,4.92709312569637,4.91187825714917
8.80016958022698,8.77051962159864,8.74015998596277,8.68969755165689,8.6388181844003,8.58915251452765,8.53997449824712,8.49039670537071,8.44119279192556,8.38262806094499,8.31413614478433,8.24553537623099,8.18518270059122,8.1136390647796,8.05146560715331,7.99867619592937,7.94630132055135
7.7402031313034,7.66062242759362,7.59019163883503,7.50963771291475,7.41858436477282,7.33898484138346,7.24996945278116,7.16047519265928,7.08142878319508,6.99314801704586,7.16495447196918,7.33663053829236,7.50620808654985,7.67435904577443,7.841755574318,8.00841428419395,7.80556954492484
9.55024864814833,9.58076189866375,9.61023458049391,9.63955653308275,9.66826715492854,9.6987573687263,9.68996260788329,9.67058167191788,9.6617489391831,9.64385341203586,9.63606465010807,9.61811628262737,9.59759916959862,9.57533580320798,9.55214895634563,9.52805896337806,9.49457678638259
7.48031043218182,7.55095121506476,7.61029286899995,7.6694463405273,7.72783657799215,7.79844859999924,7.8599533166989,7.86072620561943,7.86218351518059,7.87481090695355,7.87757159294264,7.88013301462851,7.87948740947582,7.91666164233598,7.9526829285137,7.98757665505408,8.02322922753657
11.1700139470287,11.1500427359809,11.1200131579539,11.0999751253092,11.0799028022527,10.9599302990427,10.839997902623,10.7200326268061,10.6000981004889,10.4802161433675,10.3603401748593,10.2104552538484,10.0704262482423,9.92029929279894,9.77012053802107,9.6198911244923,9.47969580422676
4.7901166336565,4.88035738463219,4.97011003492658,5.04979198249239,5.13918717248377,5.22941711760135,5.31998246043931,5.44027284547711,5.5708203767986,5.69180752416109,5.82284475200078,5.94380711349077,6.06356455072177,6.19250287099523,6.3110080132827,6.42908951584752,6.55745612730927
5.91012633140353,5.85038710011792,5.68011918400854,5.50977468644571,5.33911958825578,5.1693686526366,4.99998100207619,4.83029553177963,4.80088858872732,4.7719578145026,4.75308128480013,4.72412366383019,4.69386093267718,4.66271097739,4.62109182663566,4.56901381175616,4.52724461174356
8.83031340407204,8.92096032142329,9.02029567275087,9.11944104012589,9.21781586669648,9.30843374783262,9.40995286978117,9.47073315787343,9.54220441883616,9.60485696367111,9.66764407880051,9.73023002199059,9.79957823620409,9.97672541687632,10.1627086132509,10.3475534554132,10.5231644082503
8.00030010877369,7.94091958245092,7.88028312965463,7.81946475244795,7.69790852249291,7.58850019173591,7.46995486914996,7.36070205568449,7.24211090248227,7.12465092046097,7.05731979996269,6.99979604168655,6.92917190610394,6.85644010972219,6.78259370784765,6.70765724328036,6.6334543892678
9.94039818115091,10.0312200922824,10.1203756534351,10.1692898392017,10.2072250497357,10.2580100702375,10.2999401208649,10.3509314800664,10.3928007231163,10.4561707921405,10.5097118332723,10.5629972846352,10.6221691881369,10.6685446695532,10.7134413041752,10.8768916551307,11.0413153528211
5.54021916386905,5.50067155400148,5.46020676433344,5.41960911864403,5.378472632783,5.40890471785302,5.42996704177761,5.46051269824006,5.49154155291595,5.51339648091691,5.54534551409714,5.62715386748253,5.7066980728471,5.78470309263676,5.85189413671605,5.92828912823646,6.00521986193315
3.04015479898352,2.800474329447,2.56014604099107,2.32972391417965,1.97892119584458,1.63922638451425,1.28997672107477,0.950362127054773,0.611088823743883,0.262398989376071,0.633775623017577,1.0050528922459,1.36473095712693,1.73332187035531,2.10133785938146,2.46879158361701,2.98662371121198
6.08021408037262,6.18065597733558,6.2702019684437,6.35961818512011,6.44850805999928,6.54893012287487,6.63996780624215,6.66050080622664,6.69150579666299,6.7133176996895,6.74522152512974,6.76698793383687,6.78654271133821,6.80459400460725,6.82185020229716,6.83832881183274,6.85533073702808
7.91017075334154,7.95052321621385,7.98016109270655,8.01969545939318,8.08881000888885,8.1591466518303,8.21997432183222,8.2903994496815,8.36120104336855,8.43264624122823,8.51416475762296,8.60557366861075,8.68521855324711,8.77366423894026,8.86147574586537,8.93866703817639,9.05627573399098
14.1501194491314,14.1303660117087,14.1101126911117,14.0897869610595,14.0691675512563,14.0294030471277,13.9899820370436,13.950279431823,13.9108401802618,13.8718511568409,13.8329134228135,13.6438990152022,13.4636505970959,13.2725632889808,13.0810323461916,12.8990675372403,12.7073947195644
6.11035735676422,6.15109499967314,6.19033713875137,6.22936264997885,6.25750955753413,6.27821409210526,6.30994626010316,6.34083597805099,6.37251357290019,6.40553811828345,6.48871610648789,6.56166470981924,6.64092151571167,6.70766860876231,6.78308847699579,6.8472103449346,6.89220576512187
8.83031340407204,8.92096032142329,9.02029567275087,9.11944104012589,9.21781586669648,9.30843374783262,9.40995286978117,9.47073315787343,9.54220441883616,9.60485696367111,9.66764407880051,9.73023002199059,9.79957823620409,9.97672541687632,10.1627086132509,10.3475534554132,10.5231644082503
4.79032325823434,4.73099051619105,4.68030496939867,4.66942346511072,4.65774719240029,4.64838450117488,4.63995138789606,4.63075621008406,4.62227373095728,4.53500967805039,4.44788442664501,4.37055167798064,4.27987939851362,4.18693687982585,4.10279377843214,3.99747653028809,3.89294948114322
6.23034171523675,6.34104707147034,6.45032238216756,6.56939054682833,6.69761856435347,6.81829226140326,6.93994861230174,7.06079938724047,7.19240355366032,7.30529571450681,7.41833460197281,7.54115414475566,7.65044348029972,7.75733295328687,7.87295329416843,7.98733244830776,8.1025469192601
7.51031473360187,7.49096439532053,7.47029692706049,7.44943866889369,7.41780660111683,7.27842710344229,7.13995266984429,7.00073626809232,6.86221377047155,6.72487756799212,6.58767650668429,6.58027342002099,6.57961886921411,6.57675394759173,6.56272010379123,6.55754307662646,6.55313541014855
6.46029166234886,6.45089370122142,6.44027516109938,6.36947981674667,6.30796738617536,6.24854240315683,6.18995613933719,6.12068229664681,6.06205149209274,5.85452002242159,5.65711378752455,5.44952033655221,5.24891376698148,5.03625885576545,4.82252070912087,4.72772317910187,4.62363861250245
11.6703022203799,11.7509260527583,11.8402851217934,11.9294609863733,12.0078938065723,12.0984896388807,12.1999545516032,12.3007069954439,12.4021257550797,12.5046836449708,12.6073713030722,12.7098649679701,12.6692364408845,12.6264854232114,12.5826119575293,12.547640759325,12.5034083334591
4.9403334252272,4.86102166952287,4.78031456117814,4.69940533215856,4.60767633796772,4.51833369113119,4.42994985896698,4.34077999411089,4.25234524346319,4.1651672405052,4.09813240457981,4.03088354527197,3.96019012153139,3.88715505588488,3.81288164726993,3.72739716309554,3.82272773095337
9.06019093091197,9.09058504359545,9.13018012869966,9.15965947245735,9.1886693900919,9.22904581343589,9.25997128749605,9.23044665182707,9.20134296818798,9.17295894210009,9.13465689844742,9.10623229754277,9.07583521892853,9.08409723450359,9.09165013171266,9.10850952482501,9.11583564515266
9.94039818115091,10.0312200922824,10.1203756534351,10.1692898392017,10.2072250497357,10.2580100702375,10.2999401208649,10.3509314800664,10.3928007231163,10.4561707921405,10.5097118332723,10.5629972846352,10.6221691881369,10.6685446695532,10.7134413041752,10.8768916551307,11.0413153528211
8.65012844300974,8.7303935704253,8.81012117614736,8.88977092037103,9.35910487233517,9.81935809978137,10.2899806845294,10.760300471539,11.2309034413247,11.7019905390124,11.8231327879097,11.9441925901138,12.0639254674578,12.1727562908792,12.2911100763174,12.4089973278008,12.4671985559349
3.04015479898352,2.800474329447,2.56014604099107,2.32972391417965,1.97892119584458,1.63922638451425,1.28997672107477,0.950362127054773,0.611088823743883,0.262398989376071,0.633775623017577,1.0050528922459,1.36473095712693,1.73332187035531,2.10133785938146,2.46879158361701,2.98662371121198
6.47026843468057,6.47082252784027,6.47025324757243,6.47952124356816,6.34812926130208,6.22865848456435,6.09995963235209,5.97062795929319,5.85188811352153,5.7241600528133,5.65654725331965,5.5787621474328,5.50820388439474,5.43576040738441,5.35231996262224,5.27790450261101,5.18414522639772
4.13010544996436,4.1203231159672,4.10009948396916,4.08981192873977,4.41926511235959,4.74947300864942,5.0899841422613,5.42024668304759,5.75074171304209,6.0816342054608,6.21257197627249,6.35344205947031,6.48322275540223,6.62226287733028,6.75091135756113,6.87917681975932,7.0877000525181
5.9302565471197,6.05078610240615,6.17024203256873,6.27954244517376,6.22821210648477,6.16871789323082,6.10996142002301,6.0606001502772,6.00180449889923,5.94397582594306,5.82625730988819,5.69837411798448,5.57784057748166,5.44550530922308,5.31221722367344,5.18799730117461,5.29440450354278
6.11025623428915,6.2607851438421,6.17024173743706,6.07954300311075,5.98821428662116,5.89871945661678,5.80996146706698,5.72059941846098,5.75180229851444,5.79397097786752,5.83624967979789,5.86836390668321,5.90783101677342,5.93549859611357,6.0922145200169,6.24799974324208,6.40441132662554
11.6900977074083,11.7002993915068,11.7100921794602,11.7098257376803,11.7193190707352,11.5695117024519,11.4199853065996,11.2702285705964,11.1206872535184,10.9715142155914,10.8223831315375,10.7131893297638,10.5929861278733,10.4820967278699,10.3708444420616,10.249237260929,10.1378689238165
10.8301902270432,10.8505828868263,10.8801794646534,10.9096607278156,10.9386742953988,10.8290493310543,10.719971393345,10.6004450052406,10.4913380173222,10.3829480339301,10.2646397307442,10.1862093221149,10.095813707335,10.0040821300072,9.91164404848543,9.8285150194768,9.73585099708888
6.26034867571648,6.21106839952059,6.34032894884735,6.45937813273031,6.58757005631886,6.70825747606565,6.83994756557337,6.96081567015115,6.94245251222207,6.91540358418741,6.89850437148202,6.87138134620896,6.85065620605804,6.81748231997344,6.9530134505266,7.07727811230671,7.20239510566859
15.0300747925705,14.9702291766897,14.9100705610649,14.8498666065648,14.6094787657255,14.3696262204735,14.1299887525705,13.890174965059,13.6505260753319,13.4111590940586,12.6018242274229,11.7924413519457,10.9922858059948,10.1816049925984,9.3806463992195,8.56941614237072,8.06836871462904
8.20013829717205,8.29042376519306,8.38013047279516,8.46975334535585,8.50903619803898,8.55930885312364,8.60997920264428,8.66032352374968,8.71097275344582,8.76214325339173,8.74337313575417,8.72451424610383,8.70422662976732,8.68296775382872,8.66119524149859,8.63892040267569,8.51698362882781
8.20016746862077,8.25051315129126,8.30015799382396,8.35970131773157,8.40883290032091,8.45916306738288,8.50997481579392,8.61039176561129,8.70117793932818,8.80259533643514,8.89408464167479,8.9954664499474,9.08511816581061,9.36359375129042,9.64144735747162,9.91869267988475,10.20634737636
12.1600962214632,12.1402948383276,12.1300907775847,12.109828387881,12.099329426383,12.0795191285352,12.0699855300585,12.0202250944694,11.9706768016906,11.9214911872326,11.8723468886086,11.8231408260828,11.7729407145092,11.6520648405998,11.540831599693,11.4292488607495,11.3079013334597
5.28009755099299,5.29029891222479,5.29009203189434,5.29982601664876,5.29932016080336,5.2995124841449,5.30998533012158,5.30022820468827,5.30068615332596,5.3015117915536,5.29237931649238,5.29318422411321,5.29298134751919,5.19209337131519,5.09084309023332,4.98923848196277,4.89787233535791
7.47026773081183,7.43082037107115,7.39025258352615,7.34952249892638,7.30813416660895,7.26866200218275,7.22995973820102,7.23062631270672,7.22188316265574,7.21414914464335,7.21653008561647,7.20873917200494,7.1981823728012,7.22574530288802,7.24231387939501,7.2679099972628,7.28416057833394
13.6003291238071,13.3510084892671,13.0903105031176,12.9094130037922,12.717706314843,12.5383551876881,12.3499505058216,12.170769931638,11.9823149881722,12.0251005794666,12.0680274908382,12.1007431398795,12.1400586617931,12.1770627506291,12.2128444719924,12.0574307415232,11.9128215483414
2.09003107450126,2.02009521736293,1.95002931641316,1.86994457825906,1.99978343978556,2.11984470366137,2.23999532696555,2.36007269374357,2.48021857155651,2.60048157550292,2.76075792230328,2.921014322593,3.09094969701841,3.25066683554455,3.41026856321703,3.56975742129869,3.7393222404454
2.92039567850651,2.96121242376997,3.01037329238169,3.14929430269761,3.28724249082675,3.42802257732518,3.57994049721663,3.72092562553676,3.86278312003787,4.01613200753619,4.15965079254984,4.31291559422501,4.45209270247095,4.58849096467715,4.73341967492282,4.86691119167037,5.0013699374832
9.55018913213631,9.62057953185213,9.69017843169253,9.76966268059503,9.76868192587613,9.77905480290516,9.77997155799889,9.79044244388386,9.7913303159754,9.79293106566578,9.76461302542818,9.72617358256046,9.69578024485616,9.65405863412391,9.62163458568752,9.57852356671292,9.56587487787856
12.3201594914418,12.1504887079078,11.9901504679662,11.8197155451248,11.6488884937988,11.4692029337249,11.2999760154152,11.1303731042979,10.9611218295158,10.8124717105091,10.6638900743721,10.515206061765,10.3548743677505,10.2034225669979,10.0513784142297,10.0087549526051,9.96652136497051
8.05026694873546,8.06081797466101,8.06025184569696,8.05952389376886,8.05813961694991,8.28866591064765,8.52995985581095,8.77062448316619,9.00187766169375,9.24413702445452,9.48651101039072,9.45871364375176,9.4381584710306,9.40572852011425,9.38230712025364,9.35791610243146,9.32417763604085
9.06017349060885,8.94053160364934,8.80016367510872,8.65969057744452,8.50879093269547,8.36913297220315,8.22997391019747,8.08040585307334,8.07122029673553,8.05268866188915,8.0442315209131,8.02566301749688,8.01530220944421,7.99372297864847,7.93149940286015,7.85864567008608,7.79621603201679
7.26012789555628,7.1703918929382,7.08012065966692,6.98977189676076,6.89910868757384,6.8093608357068,6.76998076685633,6.73029919086068,6.68089959065131,6.64198205488027,6.60311943525164,6.55417472033655,6.56390873621837,6.57274454293755,6.5811053449184,6.58900160141884,6.59721049632974
6.42001214825302,6.32003722423756,6.23001146094675,6.13997833344693,6.10991533803696,6.07993928851194,6.04999817312583,6.03002841886285,6.00008544827627,5.97018826693319,5.95029630184003,5.92039653886607,5.90037127416995,5.88026069241926,5.85010499199592,5.82990516638022,5.79973503695266
3.53038058443251,3.55116617305428,3.56035905227832,3.57932122315736,3.59734768240741,3.60809801069775,3.61994276708826,3.63089031540461,3.6526769514714,3.66589808789174,3.67928264069279,3.87242289893866,4.06163139829842,4.24816705714335,4.43328922349442,4.62702902142546,4.81169915122659
7.10014815133435,6.99045395996082,6.88013976944295,6.76973577034068,6.6589675237428,6.5792596064659,6.49997772075917,6.4303465759603,6.35104206556694,6.282295967771,6.20361348359867,6.25483590209388,6.29452779207685,6.33317921677825,6.37128040667983,6.4188434775506,6.45676870172073
8.64007588747745,8.62023253166393,8.63007159402577,8.63986465378529,8.64947113524815,8.66962074862262,8.67998858791661,8.69017752641571,8.69053377667874,8.68117606232297,8.68185093273899,8.68247709150015,8.68231926847364,8.67162848848169,8.77065586201742,8.86940759513459,8.96834483383936
4.9403334252272,4.86102166952287,4.78031456117814,4.69940533215856,4.60767633796772,4.51833369113119,4.42994985896698,4.34077999411089,4.25234524346319,4.1651672405052,4.09813240457981,4.03088354527197,3.96019012153139,3.88715505588488,3.81288164726993,3.72739716309554,3.82272773095337
3.5001203876231,3.65036888740086,3.7901135765067,3.93978528724851,4.08916101084712,4.23939835696983,4.37998189591165,4.53028162727163,4.67084678141617,4.82186570106748,4.9629363130844,5.11392964910603,5.27367927922064,5.42258342830933,5.58104045716126,5.72906021103796,5.88737425031609
8.48040248257096,8.30123327253819,8.13037971149565,7.94928216756809,7.89719507286034,7.84798857368056,7.79993947401025,7.74094154253933,7.69283097840722,7.64623745317903,7.4698167470139,7.29313769002767,7.11230064787514,6.92863697480897,6.74347847945273,6.55685807670304,6.41122153543307
8.83031340407204,8.92096032142329,9.02029567275087,9.11944104012589,9.21781586669648,9.30843374783262,9.40995286978117,9.47073315787343,9.54220441883616,9.60485696367111,9.66764407880051,9.73023002199059,9.79957823620409,9.97672541687632,10.1627086132509,10.3475534554132,10.5231644082503
13.1103302969217,12.9810120838823,12.8403116098614,12.7094109115285,12.5676981393316,12.4383493249908,12.1799503294067,11.9307726759488,11.6723232396152,11.4151187597499,11.1680561036768,10.9107814322593,11.010094514449,11.0970879247898,11.1828546107045,11.2674215837702,11.362795961781
5.64017302136302,5.61053016580325,5.5801632324112,5.55969141435,5.52879420290005,5.49913531728209,5.46997398076343,5.44040475534903,5.41121699615833,5.38268138977585,5.36422007577765,5.33564770054497,5.31528786838185,5.2937129089842,5.26149534737533,5.23864933318728,5.27622626664094
2.64017583683797,3.02053879287976,3.13016588859629,3.2396863929171,3.34877458167257,3.45912124680846,3.56997355736768,3.68041134169492,3.76123679962151,3.85272502245564,3.93428874659036,4.02573960225642,4.105373914756,4.19377332696978,4.33151968028426,4.46862735458011,4.60616485889606
7.78031160529638,7.77095480967997,7.76029397574373,7.74944424826358,7.7378284024807,7.60844273730189,7.479953140284,7.35072894993022,7.22219176662357,7.0948290872368,6.96760020578128,6.86017130700828,6.75952326213172,6.64668681649664,6.53269306722576,6.42756749730109,6.3132036409762
14.6603970080363,14.5312164976672,14.3903745466913,14.2492919314654,14.1072332252471,13.9680159329349,13.8899402972798,13.8009287357557,13.7227924716733,13.6461526118572,13.5596832204336,13.4829589922554,13.432133335481,13.3685194953926,13.3134311654632,13.2569008128836,13.2013409393815
7.54021384574971,7.74065525841254,7.90020174709494,8.05961860357285,8.21850969510157,8.37893129541434,8.53996784152513,8.70050025736448,8.83150414637439,8.95331406363285,9.08521580256201,9.21698027536091,9.34653554080704,9.47458896977511,9.56184817455475,9.65833064338333,9.75533585434015
4.14027461308392,4.12084145948038,4.10025907642303,4.08951022431261,4.06808620360844,4.00862760769164,3.94995870323365,3.89064241266334,3.84193157112128,3.78425580230507,3.72669794760311,3.76896382063291,3.80839270838246,3.84589299129721,3.88237335983905,3.91785627177861,3.96401047051312
7.29000213767545,7.24000655018777,7.20000201673312,7.1299961874306,7.06998510240133,6.99998931686265,6.93999967853292,6.87000500074411,6.81001503596276,6.68003312851615,6.56005213895037,6.44006977722538,6.3100653315063,6.19004587291498,6.07001847498641,5.75998331253904,5.44995337560113
10.8000918418355,10.8902814184308,10.8500866457412,10.8198361989988,10.7893599482924,10.7595410159387,10.7299861886741,10.7002148490424,10.5906459963034,10.4714233141751,10.3522400673444,10.242997867865,10.1228068645938,10.0119708570666,9.82079374850133,9.62928304969397,9.43799685661837
7.4603491449623,7.27106983736667,7.07032939154487,6.87937729582482,6.67756678611428,6.48825513098671,6.28994749500741,6.20081676787547,6.11245581279926,6.02541085630071,5.93851581661747,5.85139666316086,5.7606705471204,5.79749238963771,5.82301750601142,5.85727444920551,5.89238487104444
7.26012789555628,7.1703918929382,7.08012065966692,6.98977189676076,6.89910868757384,6.8093608357068,6.76998076685633,6.73029919086068,6.68089959065131,6.64198205488027,6.60311943525164,6.55417472033655,6.56390873621837,6.57274454293755,6.5811053449184,6.58900160141884,6.59721049632974
3.19038042801723,3.36116569377225,3.52035890471248,3.68932150212586,3.6773487724756,3.67809879239073,3.67994279061025,3.6708899494965,3.672675851279,3.67589566385398,3.59927882564764,3.53241779328802,3.4616266179443,3.38816370058859,3.30328787166615,3.2270302424592,3.15170256276798
7.91017075334154,7.95052321621385,7.98016109270655,8.01969545939318,8.08881000888885,8.1591466518303,8.21997432183222,8.2903994496815,8.36120104336855,8.43264624122823,8.51416475762296,8.60557366861075,8.68521855324711,8.77366423894026,8.86147574586537,8.93866703817639,9.05627573399098
5.52018443967807,5.57056515339129,5.63017400471738,5.68967104964988,5.73871462792193,5.77907825369456,5.81997226365846,5.86043146664071,5.90129731020344,5.94285834453279,5.98449857407366,6.03602041304138,6.08563683423257,6.12395793748128,6.17159403083931,6.21856019772487,6.26597722412003
3.91023097322229,3.87070773979459,4.00021790555421,4.13958805652267,4.26839033263439,4.40884570003303,4.53996526586769,4.680540324302,4.87162461744205,5.07357949576827,5.27563355000603,5.47753934410553,5.67705898958312,5.87495651252072,5.93199619975071,5.99819694018973,6.06496229055879
5.66010959496914,5.73033581694094,5.81010339446387,5.83980453607466,5.87923622555247,5.91945229378545,5.94998351892867,5.99025637961237,6.03077086814066,5.92169844246161,5.80267307496899,5.69357735921216,5.58334943478639,5.47235182603128,5.36094718101038,5.36914446236544,5.37760964667147
5.07024966484761,5.05076501399692,5.03023553967186,4.98955471978754,4.94826006948528,4.91875228772193,4.87996245499038,4.84058405032057,4.80175609043369,4.74386916828134,4.68608944790155,4.62814946935651,4.5676302419004,4.50535762081388,4.44215774322941,4.4080510266588,4.3645546113636
9.96036337875229,9.89111345203121,9.81034282003613,9.7293519096918,9.64746758990868,9.57818399692554,9.4299453545067,9.28085006551304,9.13255593030754,8.98563144373745,8.8388629857262,8.69186127736872,8.59110555934527,8.48779783612036,8.38314052238432,8.28716333513594,8.18207442077865
12.6602640550529,12.6608091079435,12.660249115729,12.649529054686,12.6481597832115,12.6486803719678,12.6499602909677,12.6506177138662,12.6618573081344,12.6740921797558,12.6864404320554,12.688619189215,12.6980700344794,12.6256664238513,12.5522821114306,12.4679386915555,12.3942407495564
2.92039567850651,2.96121242376997,3.01037329238169,3.14929430269761,3.28724249082675,3.42802257732518,3.57994049721663,3.72092562553676,3.86278312003787,4.01613200753619,4.15965079254984,4.31291559422501,4.45209270247095,4.58849096467715,4.73341967492282,4.86691119167037,5.0013699374832
5.28009755099299,5.29029891222479,5.29009203189434,5.29982601664876,5.29932016080336,5.2995124841449,5.30998533012158,5.30022820468827,5.30068615332596,5.3015117915536,5.29237931649238,5.29318422411321,5.29298134751919,5.19209337131519,5.09084309023332,4.98923848196277,4.89787233535791
5.52018443967807,5.57056515339129,5.63017400471738,5.68967104964988,5.73871462792193,5.77907825369456,5.81997226365846,5.86043146664071,5.90129731020344,5.94285834453279,5.98449857407366,6.03602041304138,6.08563683423257,6.12395793748128,6.17159403083931,6.21856019772487,6.26597722412003
5.66009223287366,5.69028261663584,5.72008701465584,5.74983550157758,5.77935722312194,5.96953906170622,6.1699861298691,6.3702157638127,6.5606487467844,6.76142937426955,6.95224960495725,7.33301063199159,7.71281881547913,8.09197924845353,8.46079712807201,8.83927999710964,9.21798832776491
4.63001699712654,4.73005208198042,4.82001603548773,4.83996968542359,4.85988154592296,4.87991505602956,4.89999744394427,4.92003976201411,4.94011955424063,4.94026341210395,4.9504145682397,4.95055481403578,4.95051946514765,4.96036474561665,4.9601468986724,4.97986731433454,4.99962927916981
7.59009731637008,7.74029819330175,7.89009181054558,8.0498264351015,8.19932179590565,8.23951365668437,8.28998536540456,8.34022765582612,8.38068450303736,8.43150815549695,8.48237359392465,8.44317656563725,8.40297417698801,8.37208833648305,8.3308410624909,8.29924031351337,8.25787745266998
1.61008284795718,1.74025385971417,1.88007816070556,2.01985223968727,2.14942262721354,2.28958596328502,2.41998754118824,2.57019380932639,2.71058273524048,2.86128393200357,3.0120207022482,3.15270429295344,3.30253199423196,3.45177785516827,3.6107160183756,3.76935325913354,3.92819302024785
10.4801501065253,10.5804599509862,10.6801416140159,10.7797322832345,10.8289538978904,10.8792498353037,10.9199774267343,10.9703511498116,11.0210558179719,11.0723262682431,11.1036611716631,11.1248997227268,11.1545875465033,11.1832211737127,11.2112973045333,11.238828214629,11.3467260574534
8.35032834173077,8.53100609285696,8.61030976528841,8.68941439863464,8.75771176518401,8.83835909615304,8.91995062343152,8.99076810209748,8.92230948721024,8.85508845927779,8.77800841561241,8.7107176116263,8.6300347600225,8.55704596785537,8.34283771285103,8.12743684669181,7.91283860604829
4.7901166336565,4.88035738463219,4.97011003492658,5.04979198249239,5.13918717248377,5.22941711760135,5.31998246043931,5.44027284547711,5.5708203767986,5.69180752416109,5.82284475200078,5.94380711349077,6.06356455072177,6.19250287099523,6.3110080132827,6.42908951584752,6.55745612730927
10.2701099077997,10.310336775505,10.3401036895955,10.3798039781377,10.2592340454161,10.1394507303995,10.0199834718847,9.90025711142859,9.78077306852546,9.66170329053714,9.59268070505929,9.51358757051343,9.43335899549463,9.35235853914079,9.27094988466693,9.18914202029797,9.15760282358871
8.20016746862077,8.25051315129126,8.30015799382396,8.35970131773157,8.40883290032091,8.45916306738288,8.50997481579392,8.61039176561129,8.70117793932818,8.80259533643514,8.89408464167479,8.9954664499474,9.08511816581061,9.36359375129042,9.64144735747162,9.91869267988475,10.20634737636
8.64007588747745,8.62023253166393,8.63007159402577,8.63986465378529,8.64947113524815,8.66962074862262,8.67998858791661,8.69017752641571,8.69053377667874,8.68117606232297,8.68185093273899,8.68247709150015,8.68231926847364,8.67162848848169,8.77065586201742,8.86940759513459,8.96834483383936
12.1600962214632,12.1402948383276,12.1300907775847,12.109828387881,12.099329426383,12.0795191285352,12.0699855300585,12.0202250944694,11.9706768016906,11.9214911872326,11.8723468886086,11.8231408260828,11.7729407145092,11.6520648405998,11.540831599693,11.4292488607495,11.3079013334597
7.55037252904586,7.50114149002984,7.45035145263766,7.38933559003485,7.32740382091937,7.26813826788621,7.20994397847053,7.16087147113719,7.10262029156287,7.27577324994678,7.45908616586752,7.63215995793091,7.81138521006126,7.97799419457349,8.15321960433833,7.93709190466264,7.71187484560778
3.3502787580887,3.33085416045412,3.31026298691774,3.2895028316475,3.26805731680131,3.23860689282767,3.20995807990102,3.18065210922813,3.15196072621985,3.12432003930587,3.0967990462996,3.06909912037476,3.02851938776663,2.99598193999821,2.9624091832883,2.92782391438473,2.88392006466649
6.84028704809826,7.03087956240159,7.07027080790716,7.10948804631727,7.14799954318706,7.18856546309974,7.22995683323578,7.27067150235771,7.11201903641698,6.94444851330749,6.7870012436926,6.61936971985846,6.45877274653496,6.28615983740019,6.1124808301868,5.92775919959695,5.75373925297322
3.3502787580887,3.33085416045412,3.31026298691774,3.2895028316475,3.26805731680131,3.23860689282767,3.20995807990102,3.18065210922813,3.15196072621985,3.12432003930587,3.0967990462996,3.06909912037476,3.02851938776663,2.99598193999821,2.9624091832883,2.92782391438473,2.88392006466649
7.78031160529638,7.77095480967997,7.76029397574373,7.74944424826358,7.7378284024807,7.60844273730189,7.479953140284,7.35072894993022,7.22219176662357,7.0948290872368,6.96760020578128,6.86017130700828,6.75952326213172,6.64668681649664,6.53269306722576,6.42756749730109,6.3132036409762
4.38038535509838,4.51118079115613,4.64036355303638,4.76931271461827,4.90731443532751,5.03807416906186,5.1699420496677,5.30090147560181,5.43271050733956,5.55597202104361,5.67939899956989,5.81257862128305,5.93177719909906,6.04826943206336,6.11333045425677,6.16699177989665,6.23159509921443
11.7703838691533,11.2911762379769,10.8103621511609,10.319315364819,9.83732479097535,9.35808159514517,9.31994227312656,9.29089799947482,9.26270005551177,9.22594899268483,9.19936275664096,9.17253011760201,9.39173178573493,9.61823754479319,9.84331761188817,10.0670033797171,10.2916275088576
6.96030878982143,6.84094618260347,6.71029131955865,6.57944926969649,6.44784802370818,6.31845680777553,6.22995356367975,6.14072236358433,6.0421719631604,5.954785454557,5.86753153496856,5.78007940529683,5.86943721575757,5.95662639851106,6.04266873431683,6.12758947590826,6.21326504872108
2.64017583683797,3.02053879287976,3.13016588859629,3.2396863929171,3.34877458167257,3.45912124680846,3.56997355736768,3.68041134169492,3.76123679962151,3.85272502245564,3.93428874659036,4.02573960225642,4.105373914756,4.19377332696978,4.33151968028426,4.46862735458011,4.60616485889606
6.43018412684752,6.45056419482723,6.47017370958571,6.49967160758687,6.51871680805832,6.49907981708052,6.48997231070244,6.47043073482449,6.45129510981864,6.44285349645726,6.42449094398336,6.44601020174011,6.45562727352433,6.47395122437177,6.49159132718276,6.50856263979234,6.51598404720279
8.05026694873546,8.06081797466101,8.06025184569696,8.05952389376886,8.05813961694991,8.28866591064765,8.52995985581095,8.77062448316619,9.00187766169375,9.24413702445452,9.48651101039072,9.45871364375176,9.4381584710306,9.40572852011425,9.38230712025364,9.35791610243146,9.32417763604085
13.1103302969217,12.9810120838823,12.8403116098614,12.7094109115285,12.5676981393316,12.4383493249908,12.1799503294067,11.9307726759488,11.6723232396152,11.4151187597499,11.1680561036768,10.9107814322593,11.010094514449,11.0970879247898,11.1828546107045,11.2674215837702,11.362795961781
7.7402031313034,7.66062242759362,7.59019163883503,7.50963771291475,7.41858436477282,7.33898484138346,7.24996945278116,7.16047519265928,7.08142878319508,6.99314801704586,7.16495447196918,7.33663053829236,7.50620808654985,7.67435904577443,7.841755574318,8.00841428419395,7.80556954492484
9.21037464065207,9.79114796033722,10.3703534447765,10.9593318239602,11.0073891049988,11.068127715031,11.1299436609237,11.1808764108966,11.2426351441602,11.3058059744566,11.3291376689771,11.3522288842145,11.3614497448419,11.3780395080627,11.39323785402,11.4070754207073,11.5718287897991
10.6802232306662,10.6906840153342,10.6202106010452,10.5496018654632,10.47844429101,10.3988843938355,10.329966430206,10.2605222118508,10.2115701579183,10.1634595058988,10.1154447052711,10.0672866143991,10.0168223620542,9.97479036306038,9.96192928425117,9.94825738135944,9.94513116185721
4.7901166336565,4.88035738463219,4.97011003492658,5.04979198249239,5.13918717248377,5.22941711760135,5.31998246043931,5.44027284547711,5.5708203767986,5.69180752416109,5.82284475200078,5.94380711349077,6.06356455072177,6.19250287099523,6.3110080132827,6.42908951584752,6.55745612730927
5.91012633140353,5.85038710011792,5.68011918400854,5.50977468644571,5.33911958825578,5.1693686526366,4.99998100207619,4.83029553177963,4.80088858872732,4.7719578145026,4.75308128480013,4.72412366383019,4.69386093267718,4.66271097739,4.62109182663566,4.56901381175616,4.52724461174356
3.04015479898352,2.800474329447,2.56014604099107,2.32972391417965,1.97892119584458,1.63922638451425,1.28997672107477,0.950362127054773,0.611088823743883,0.262398989376071,0.633775623017577,1.0050528922459,1.36473095712693,1.73332187035531,2.10133785938146,2.46879158361701,2.98662371121198
5.43030777312215,5.53094306727029,5.6202903603807,5.71945108299171,5.78785510915144,5.8484618887799,5.90995371657266,5.98071998518164,6.04216481190981,6.10476969831152,6.16750673717508,6.2200462185677,6.26940614345579,6.31660458090515,6.36265994743305,6.40759741262752,6.47328722374007
10.4801501065253,10.5804599509862,10.6801416140159,10.7797322832345,10.8289538978904,10.8792498353037,10.9199774267343,10.9703511498116,11.0210558179719,11.0723262682431,11.1036611716631,11.1248997227268,11.1545875465033,11.1832211737127,11.2112973045333,11.238828214629,11.3467260574534
6.70006806671372,6.63020856756253,6.55006421573386,6.47987860221003,6.40952563865782,6.32965983327162,6.2599897640159,6.17015923101045,6.07047876705881,5.98105486043465,5.89166018048145,5.80222180896836,5.70208025076767,5.68146066074397,5.65058827060374,5.61946864682117,5.58851541090848
3.76014338066847,3.51043934185897,3.26013526868489,3.00974427887977,2.7590007708227,2.49928344810179,2.57997843817974,2.6503354157631,2.73100850969878,2.80222203461913,2.87349712472157,2.95468017974949,3.0843819912762,3.22307684185824,3.35123917591748,3.47888071907941,3.61687275373289
12.5602240127426,12.6106864117444,12.6602113388744,12.7096004706207,12.768438840669,12.8188804853706,12.8699663125961,12.9105240413913,12.9415756588803,12.9834716260877,13.0254637804968,13.0673121426522,13.0968462638248,13.1848071458342,13.2619360433925,13.3482512761908,13.4251141041503
6.42001214825302,6.32003722423756,6.23001146094675,6.13997833344693,6.10991533803696,6.07993928851194,6.04999817312583,6.03002841886285,6.00008544827627,5.97018826693319,5.95029630184003,5.92039653886607,5.90037127416995,5.88026069241926,5.85010499199592,5.82990516638022,5.79973503695266
6.55016199408616,6.27049637642029,6.05015282901962,5.83971108162889,5.61887105270768,5.40919042663718,5.19997563906343,4.98037895882761,4.80113943259422,4.63251049511332,4.45395111509452,4.27528775217515,4.10495085341642,3.92347627187402,3.74140004348205,3.55873541606536,3.38646678030839
11.7703838691533,11.2911762379769,10.8103621511609,10.319315364819,9.83732479097535,9.35808159514517,9.31994227312656,9.29089799947482,9.26270005551177,9.22594899268483,9.19936275664096,9.17253011760201,9.39173178573493,9.61823754479319,9.84331761188817,10.0670033797171,10.2916275088576
4.79032325823434,4.73099051619105,4.68030496939867,4.66942346511072,4.65774719240029,4.64838450117488,4.63995138789606,4.63075621008406,4.62227373095728,4.53500967805039,4.44788442664501,4.37055167798064,4.27987939851362,4.18693687982585,4.10279377843214,3.99747653028809,3.89294948114322
6.47026843468057,6.47082252784027,6.47025324757243,6.47952124356816,6.34812926130208,6.22865848456435,6.09995963235209,5.97062795929319,5.85188811352153,5.7241600528133,5.65654725331965,5.5787621474328,5.50820388439474,5.43576040738441,5.35231996262224,5.27790450261101,5.18414522639772
6.46029166234886,6.45089370122142,6.44027516109938,6.36947981674667,6.30796738617536,6.24854240315683,6.18995613933719,6.12068229664681,6.06205149209274,5.85452002242159,5.65711378752455,5.44952033655221,5.24891376698148,5.03625885576545,4.82252070912087,4.72772317910187,4.62363861250245
7.3700650948235,7.440199461204,7.52006141198294,7.67988390261143,7.84954634995349,8.00967468543823,8.16999021093363,8.34015227875645,8.50045786340323,8.65100880371709,8.80158769462358,8.95212480160628,9.1019894240394,9.25139688620364,9.40056258586654,9.56949184646207,9.74858023019474
6.13033506758758,6.00102670198416,5.86031611061944,5.72940240298936,5.53766489225169,5.3583254833549,5.16994961198613,4.980783836146,4.79235679548338,4.60519269290175,4.5681724625539,4.53093715460364,4.50024031524964,4.45719029970981,4.4128958414668,4.36738434224136,4.08269190976885
4.77014353708375,4.91043982114099,5.04013541625073,5.17974399991128,5.3089996807545,5.44928266640881,5.58997841465775,5.6203357816712,5.66100960989118,5.6922244586569,5.73350093976672,5.76468528540013,5.80438677163032,5.85308019841299,5.91124052774576,5.95887949804568,6.00686934219151
7.89007893757531,7.78024187766347,7.67007447155961,7.55985921389964,7.44944987891838,7.33960550560951,7.22998812923789,7.10018466162376,6.97055523043051,6.84122333105941,6.71192532611943,6.58257665168755,6.45241248537897,6.36169394129941,6.28068222266876,6.19938378497683,6.11827830878241
9.21037464065207,9.79114796033722,10.3703534447765,10.9593318239602,11.0073891049988,11.068127715031,11.1299436609237,11.1808764108966,11.2426351441602,11.3058059744566,11.3291376689771,11.3522288842145,11.3614497448419,11.3780395080627,11.39323785402,11.4070754207073,11.5718287897991
12.5801720828714,12.6805272901111,12.9901623470162,13.299693088161,13.6088007433092,13.91914000744,14.2299741218953,14.5504025599004,14.5412103950039,14.5426668455492,14.5441971855067,14.5456170666412,14.5452591862571,14.5436927696557,15.0914872364057,15.6286566593897,16.1762467358892
8.74007424511707,8.79022749920263,8.84007004458446,8.87986758295449,8.92948258096418,8.94962895639891,8.95998883489747,8.9701736843806,8.99052222465856,9.00115060992642,9.0118108747649,8.90242348216848,8.79226907475539,8.68159324465677,8.57064166782055,8.45942041598878,8.34838065502388
6.87037237263059,6.59114101074781,6.31035130507182,6.01933586900334,5.73740491098756,5.44813904957919,5.36994400199252,5.28087110522908,5.20261919137047,5.12577082590901,5.03908235082237,4.96215485228028,4.95138042970714,4.94799083801874,4.93321825251005,4.92709312569637,4.91187825714917
9.55024864814833,9.58076189866375,9.61023458049391,9.63955653308275,9.66826715492854,9.6987573687263,9.68996260788329,9.67058167191788,9.6617489391831,9.64385341203586,9.63606465010807,9.61811628262737,9.59759916959862,9.57533580320798,9.55214895634563,9.52805896337806,9.49457678638259
3.73037041743965,3.81113501972247,3.88034946049885,3.95933935610953,4.02741853683998,4.35814882074144,4.68994429601734,5.03086653137777,5.36260543896548,5.69574052543693,6.02903466275798,6.40209103164733,6.76132067528065,7.11794888108431,7.48320135465663,7.83710838861802,8.20192090141645
7.59009731637008,7.74029819330175,7.89009181054558,8.0498264351015,8.19932179590565,8.23951365668437,8.28998536540456,8.34022765582612,8.38068450303736,8.43150815549695,8.48237359392465,8.44317656563725,8.40297417698801,8.37208833648305,8.3308410624909,8.29924031351337,8.25787745266998
7.26012789555628,7.1703918929382,7.08012065966692,6.98977189676076,6.89910868757384,6.8093608357068,6.76998076685633,6.73029919086068,6.68089959065131,6.64198205488027,6.60311943525164,6.55417472033655,6.56390873621837,6.57274454293755,6.5811053449184,6.58900160141884,6.59721049632974
14.7302032877187,14.9706229068757,15.2001917864009,15.4296374339463,15.6585832747046,15.8889840596905,16.1199694292592,16.3504755585674,16.3314298833875,16.3231504410836,16.3049582870143,16.286635643943,16.276212866904,16.2543624023292,15.8417569261463,15.4384130631602,15.0255661333835
7.50023621313399,7.59072379574253,7.69022284900978,7.83957871107809,7.97835381534992,8.12881951331821,8.27996447788116,8.43055258222352,8.5816614738874,8.77366070103344,8.97576135401858,9.16771038340183,9.36721913144612,9.555068957105,9.74204148599787,9.90815603555972,10.0748480039225
3.91023097322229,3.87070773979459,4.00021790555421,4.13958805652267,4.26839033263439,4.40884570003303,4.53996526586769,4.680540324302,4.87162461744205,5.07357949576827,5.27563355000603,5.47753934410553,5.67705898958312,5.87495651252072,5.93199619975071,5.99819694018973,6.06496229055879
5.9302565471197,6.05078610240615,6.17024203256873,6.27954244517376,6.22821210648477,6.16871789323082,6.10996142002301,6.0606001502772,6.00180449889923,5.94397582594306,5.82625730988819,5.69837411798448,5.57784057748166,5.44550530922308,5.31221722367344,5.18799730117461,5.29440450354278
10.1201698148499,10.2805203405217,10.4401602073115,10.5996971332041,10.758816549298,10.7191513419882,10.6799744629641,10.6403972542329,10.6011944422142,10.5626316970016,10.5241418673521,10.5555430347069,10.5851898711224,10.6136440996117,10.6314676348957,10.6586743643788,10.6862962032393
6.71020907508383,6.52064064031068,6.37019724633688,6.21962711211194,6.05854294218147,5.90895513705022,5.7599685589457,5.60048909716727,5.48147059050623,5.35324013048098,5.23509944368491,5.10682455301652,4.97638974000639,4.8544865948551,4.7418069437924,4.61836788491215,4.50543990635231
7.5502540444753,7.64077843389371,7.73023967151532,7.82954690866968,7.91822954757587,8.0187304003185,8.10996179637478,8.21059429574751,8.30178689582086,8.4039370413388,8.49619626916577,8.61829242757431,8.74776409181575,8.865451604347,8.98219559442107,9.09801683771432,9.2244590882049
5.26027570799084,5.42084481445457,5.5702601093839,5.72950827153315,5.88807857313108,5.79862213584078,5.70995853857975,5.62064497402008,5.53193927246807,5.44427277056943,5.35672465291916,5.30899956018736,5.25842617086129,5.2059164871805,5.15238282263696,5.09784772454249,5.04398658972344
4.7901166336565,4.88035738463219,4.97011003492658,5.04979198249239,5.13918717248377,5.22941711760135,5.31998246043931,5.44027284547711,5.5708203767986,5.69180752416109,5.82284475200078,5.94380711349077,6.06356455072177,6.19250287099523,6.3110080132827,6.42908951584752,6.55745612730927
8.99032810710786,9.01100537393392,9.03030954393965,9.04941481708738,9.1977134002863,9.34836026869251,9.4999506587145,9.65076755323532,9.80230783692164,9.94508482322114,9.88800269304469,9.83070995315035,9.77002758949133,9.70704093302323,9.64283568510862,9.57743867824241,9.44284372336036
4.7901166336565,4.88035738463219,4.97011003492658,5.04979198249239,5.13918717248377,5.22941711760135,5.31998246043931,5.44027284547711,5.5708203767986,5.69180752416109,5.82284475200078,5.94380711349077,6.06356455072177,6.19250287099523,6.3110080132827,6.42908951584752,6.55745612730927
9.94039818115091,10.0312200922824,10.1203756534351,10.1692898392017,10.2072250497357,10.2580100702375,10.2999401208649,10.3509314800664,10.3928007231163,10.4561707921405,10.5097118332723,10.5629972846352,10.6221691881369,10.6685446695532,10.7134413041752,10.8768916551307,11.0413153528211
11.5803086334062,11.7209457033214,11.8702911719928,12.019449548665,12.1278491137764,12.2384575894685,12.3599535872017,12.4707219976762,12.582170862968,12.7047830305192,12.7575277199234,12.8200742996462,12.8694324354034,12.9166230419563,12.9726673824886,13.017590696942,13.0732684602625
5.9302565471197,6.05078610240615,6.17024203256873,6.27954244517376,6.22821210648477,6.16871789323082,6.10996142002301,6.0606001502772,6.00180449889923,5.94397582594306,5.82625730988819,5.69837411798448,5.57784057748166,5.44550530922308,5.31221722367344,5.18799730117461,5.29440450354278
7.26012789555628,7.1703918929382,7.08012065966692,6.98977189676076,6.89910868757384,6.8093608357068,6.76998076685633,6.73029919086068,6.68089959065131,6.64198205488027,6.60311943525164,6.55417472033655,6.56390873621837,6.57274454293755,6.5811053449184,6.58900160141884,6.59721049632974
7.54021384574971,7.74065525841254,7.90020174709494,8.05961860357285,8.21850969510157,8.37893129541434,8.53996784152513,8.70050025736448,8.83150414637439,8.95331406363285,9.08521580256201,9.21698027536091,9.34653554080704,9.47458896977511,9.56184817455475,9.65833064338333,9.75533585434015
9.41008347361828,9.15025577684228,8.90007875096891,8.63985112381329,8.38941826694077,8.19958283651309,8.0199874471003,7.84019527295881,7.65058713601008,7.47129362815463,7.2920359624288,7.08272471555599,6.87255111564844,6.66179128138729,6.45072142568869,6.23934837499861,6.02817937408232
11.6900977074083,11.7002993915068,11.7100921794602,11.7098257376803,11.7193190707352,11.5695117024519,11.4199853065996,11.2702285705964,11.1206872535184,10.9715142155914,10.8223831315375,10.7131893297638,10.5929861278733,10.4820967278699,10.3708444420616,10.249237260929,10.1378689238165
5.130076200308,5.12023349022798,5.12007188915744,5.1398640958483,5.15946895511176,5.17961918523666,5.19998854087264,5.22017825823192,5.24053597706354,5.1211809103985,5.01185856282929,4.89248730280142,4.77232882918188,4.6516352015912,4.54065856567397,4.61940515306713,4.6883380107566
7.59009731637008,7.74029819330175,7.89009181054558,8.0498264351015,8.19932179590565,8.23951365668437,8.28998536540456,8.34022765582612,8.38068450303736,8.43150815549695,8.48237359392465,8.44317656563725,8.40297417698801,8.37208833648305,8.3308410624909,8.29924031351337,8.25787745266998
7.26012789555628,7.1703918929382,7.08012065966692,6.98977189676076,6.89910868757384,6.8093608357068,6.76998076685633,6.73029919086068,6.68089959065131,6.64198205488027,6.60311943525164,6.55417472033655,6.56390873621837,6.57274454293755,6.5811053449184,6.58900160141884,6.59721049632974
2.31036189280718,2.22110889885195,2.13034141816067,2.0393545598925,1.94747794555652,1.85819142300885,1.76994557796557,1.76084658938604,1.74254547847976,1.72560841537867,1.71882674279726,1.70181277368768,1.68106014598114,1.52776594885019,1.38312768001572,1.22717493495639,1.07210683042178
6.46029166234886,6.45089370122142,6.44027516109938,6.36947981674667,6.30796738617536,6.24854240315683,6.18995613933719,6.12068229664681,6.06205149209274,5.85452002242159,5.65711378752455,5.44952033655221,5.24891376698148,5.03625885576545,4.82252070912087,4.72772317910187,4.62363861250245
4.43006493840823,4.47019898192197,4.5200612644171,4.55988418157993,4.51954744002168,4.46967546713122,4.42999023445562,4.39015191284834,4.34045676321083,4.30100637967932,4.40158387957843,4.50211969595565,4.60198464368528,4.71139352964888,4.81056123403827,4.9094930674958,5.03858364173613
6.46029166234886,6.45089370122142,6.44027516109938,6.36947981674667,6.30796738617536,6.24854240315683,6.18995613933719,6.12068229664681,6.06205149209274,5.85452002242159,5.65711378752455,5.44952033655221,5.24891376698148,5.03625885576545,4.82252070912087,4.72772317910187,4.62363861250245
8.93004210177812,8.7301290067459,8.53003971980474,8.32992491098017,8.12970658997792,7.92978959430628,7.72999366866555,7.53009849026499,7.35029613512062,7.16065247016544,6.98102688298641,6.80137427096282,6.62128671198383,6.43090347265474,6.35036386711032,6.25967133842062,6.16908172677794
13.5001951541244,13.6405979842102,13.7801841129773,13.919651940308,14.0586399582507,14.1990247077254,14.3399706524024,14.4104565313459,14.4913726733827,14.5630243911198,14.6347599046665,14.7163701501099,14.7859642884898,14.784187861482,14.771686631076,14.7684765569143,14.7557435335353
9.55024864814833,9.58076189866375,9.61023458049391,9.63955653308275,9.66826715492854,9.6987573687263,9.68996260788329,9.67058167191788,9.6617489391831,9.64385341203586,9.63606465010807,9.61811628262737,9.59759916959862,9.57533580320798,9.55214895634563,9.52805896337806,9.49457678638259
9.41008347361828,9.15025577684228,8.90007875096891,8.63985112381329,8.38941826694077,8.19958283651309,8.0199874471003,7.84019527295881,7.65058713601008,7.47129362815463,7.2920359624288,7.08272471555599,6.87255111564844,6.66179128138729,6.45072142568869,6.23934837499861,6.02817937408232
6.90021431499553,6.94065669625862,6.98020218979245,7.01961776666737,7.05850642489699,7.1089289503354,7.14996777095918,7.1905013550888,7.23150744695159,7.27332133574615,7.31522724769746,7.35699559231282,7.39654988186939,7.43459903943938,7.05185223003957,6.66832698028214,6.27532561971601
8.64035117836087,8.86107606803303,9.09033130990076,9.20937366923439,9.33755261522777,9.45824496897797,9.5799471892216,9.71082152468083,9.83247011530045,9.94544236879167,10.0585654122044,10.1714630366191,10.270732691724,10.3775360248495,10.483035079779,10.467258575767,10.4623405210065
9.52009364061113,9.61028693017409,9.70008834274839,9.79983299086113,9.8893474125082,9.9795320264694,10.0799859181712,10.1802190569856,10.290658648516,10.3914511906094,10.5022839403636,10.6030565828473,10.7128618386662,10.8120094574463,10.9108092945265,11.0092690078061,11.1079576238925
5.36009989722211,5.40030610145521,5.45009424538191,5.47982183212134,5.50930380978046,5.5295007587502,5.55998497729179,5.59023369330985,5.62070265621194,5.7015481521201,5.79243654216964,5.88326080887274,5.97305305283098,6.0621437196365,6.14086336765742,6.1992201664568,6.25782116223718
8.0000416325323,8.23012756889982,8.45003927710723,8.66992574788566,8.8897098601825,9.10979193938522,9.3399937392315,9.62009739254067,9.90029283454343,10.1906451980521,10.471015437851,10.7613589540109,11.0412723709215,11.1808934029905,11.3103598116255,11.4496750015218,11.5790919614021
4.43006493840823,4.47019898192197,4.5200612644171,4.55988418157993,4.51954744002168,4.46967546713122,4.42999023445562,4.39015191284834,4.34045676321083,4.30100637967932,4.40158387957843,4.50211969595565,4.60198464368528,4.71139352964888,4.81056123403827,4.9094930674958,5.03858364173613
8.84011679007178,9.47035786391422,10.1101101824924,10.7397917035239,11.3791860824156,12.0994163359084,12.8099824369173,13.5302732113852,14.250821476991,14.9718099481989,15.6928485670459,15.7038122191414,15.7135693310759,15.71250622755,15.721009365111,15.7290882948138,15.7274527157679
6.96030878982143,6.84094618260347,6.71029131955865,6.57944926969649,6.44784802370818,6.31845680777553,6.22995356367975,6.14072236358433,6.0421719631604,5.954785454557,5.86753153496856,5.78007940529683,5.86943721575757,5.95662639851106,6.04266873431683,6.12758947590826,6.21326504872108
7.26012789555628,7.1703918929382,7.08012065966692,6.98977189676076,6.89910868757384,6.8093608357068,6.76998076685633,6.73029919086068,6.68089959065131,6.64198205488027,6.60311943525164,6.55417472033655,6.56390873621837,6.57274454293755,6.5811053449184,6.58900160141884,6.59721049632974
2.34007713879965,2.22023636592015,2.10007277455247,1.97986242203733,1.8694624147026,1.74961449507878,1.83998839974073,1.94018045368055,2.03054257821793,2.1211954546251,2.21188145310019,2.31251793670524,2.3123575113066,2.32165534091973,2.33066667664361,2.32939782686474,2.3383175415083
5.07024966484761,5.05076501399692,5.03023553967186,4.98955471978754,4.94826006948528,4.91875228772193,4.87996245499038,4.84058405032057,4.80175609043369,4.74386916828134,4.68608944790155,4.62814946935651,4.5676302419004,4.50535762081388,4.44215774322941,4.4080510266588,4.3645546113636
6.13033506758758,6.00102670198416,5.86031611061944,5.72940240298936,5.53766489225169,5.3583254833549,5.16994961198613,4.980783836146,4.79235679548338,4.60519269290175,4.5681724625539,4.53093715460364,4.50024031524964,4.45719029970981,4.4128958414668,4.36738434224136,4.08269190976885
4.79032325823434,4.73099051619105,4.68030496939867,4.66942346511072,4.65774719240029,4.64838450117488,4.63995138789606,4.63075621008406,4.62227373095728,4.53500967805039,4.44788442664501,4.37055167798064,4.27987939851362,4.18693687982585,4.10279377843214,3.99747653028809,3.89294948114322
5.28009755099299,5.29029891222479,5.29009203189434,5.29982601664876,5.29932016080336,5.2995124841449,5.30998533012158,5.30022820468827,5.30068615332596,5.3015117915536,5.29237931649238,5.29318422411321,5.29298134751919,5.19209337131519,5.09084309023332,4.98923848196277,4.89787233535791
6.11035735676422,6.15109499967314,6.19033713875137,6.22936264997885,6.25750955753413,6.27821409210526,6.30994626010316,6.34083597805099,6.37251357290019,6.40553811828345,6.48871610648789,6.56166470981924,6.64092151571167,6.70766860876231,6.78308847699579,6.8472103449346,6.89220576512187
7.4603491449623,7.27106983736667,7.07032939154487,6.87937729582482,6.67756678611428,6.48825513098671,6.28994749500741,6.20081676787547,6.11245581279926,6.02541085630071,5.93851581661747,5.85139666316086,5.7606705471204,5.79749238963771,5.82301750601142,5.85727444920551,5.89238487104444
8.84011679007178,9.47035786391422,10.1101101824924,10.7397917035239,11.3791860824156,12.0994163359084,12.8099824369173,13.5302732113852,14.250821476991,14.9718099481989,15.6928485670459,15.7038122191414,15.7135693310759,15.71250622755,15.721009365111,15.7290882948138,15.7274527157679
6.96030878982143,6.84094618260347,6.71029131955865,6.57944926969649,6.44784802370818,6.31845680777553,6.22995356367975,6.14072236358433,6.0421719631604,5.954785454557,5.86753153496856,5.78007940529683,5.86943721575757,5.95662639851106,6.04266873431683,6.12758947590826,6.21326504872108
15.0300747925705,14.9702291766897,14.9100705610649,14.8498666065648,14.6094787657255,14.3696262204735,14.1299887525705,13.890174965059,13.6505260753319,13.4111590940586,12.6018242274229,11.7924413519457,10.9922858059948,10.1816049925984,9.3806463992195,8.56941614237072,8.06836871462904
6.19002536534374,6.11007772356891,6.02002393026007,5.94995476060912,5.86982322727461,5.78987323545513,5.71999618551803,5.64005933809773,5.56017841453396,5.45039309812445,5.34061867315527,5.23082796634479,5.12077521409305,5.01054432129601,4.90021922148504,4.7798019890299,4.65944676170585
7.48031043218182,7.55095121506476,7.61029286899995,7.6694463405273,7.72783657799215,7.79844859999924,7.8599533166989,7.86072620561943,7.86218351518059,7.87481090695355,7.87757159294264,7.88013301462851,7.87948740947582,7.91666164233598,7.9526829285137,7.98757665505408,8.02322922753657
10.7401719264561,10.7805268108291,10.8201621994503,10.8596933671295,10.8988018333774,10.939140789133,10.9799741454173,10.9204021939923,10.8512092948115,10.7926644215115,10.7241933704616,10.6656119609905,10.595254405903,10.5436894131009,10.4814858845774,10.4286578804234,10.3762501474306
8.20016746862077,8.25051315129126,8.30015799382396,8.35970131773157,8.40883290032091,8.45916306738288,8.50997481579392,8.61039176561129,8.70117793932818,8.80259533643514,8.89408464167479,8.9954664499474,9.08511816581061,9.36359375129042,9.64144735747162,9.91869267988475,10.20634737636
11.6703022203799,11.7509260527583,11.8402851217934,11.9294609863733,12.0078938065723,12.0984896388807,12.1999545516032,12.3007069954439,12.4021257550797,12.5046836449708,12.6073713030722,12.7098649679701,12.6692364408845,12.6264854232114,12.5826119575293,12.547640759325,12.5034083334591
7.29000213767545,7.24000655018777,7.20000201673312,7.1299961874306,7.06998510240133,6.99998931686265,6.93999967853292,6.87000500074411,6.81001503596276,6.68003312851615,6.56005213895037,6.44006977722538,6.3100653315063,6.19004587291498,6.07001847498641,5.75998331253904,5.44995337560113
11.6900977074083,11.7002993915068,11.7100921794602,11.7098257376803,11.7193190707352,11.5695117024519,11.4199853065996,11.2702285705964,11.1206872535184,10.9715142155914,10.8223831315375,10.7131893297638,10.5929861278733,10.4820967278699,10.3708444420616,10.249237260929,10.1378689238165
12.6602640550529,12.6608091079435,12.660249115729,12.649529054686,12.6481597832115,12.6486803719678,12.6499602909677,12.6506177138662,12.6618573081344,12.6740921797558,12.6864404320554,12.688619189215,12.6980700344794,12.6256664238513,12.5522821114306,12.4679386915555,12.3942407495564
7.59009731637008,7.74029819330175,7.89009181054558,8.0498264351015,8.19932179590565,8.23951365668437,8.28998536540456,8.34022765582612,8.38068450303736,8.43150815549695,8.48237359392465,8.44317656563725,8.40297417698801,8.37208833648305,8.3308410624909,8.29924031351337,8.25787745266998
6.71020907508383,6.52064064031068,6.37019724633688,6.21962711211194,6.05854294218147,5.90895513705022,5.7599685589457,5.60048909716727,5.48147059050623,5.35324013048098,5.23509944368491,5.10682455301652,4.97638974000639,4.8544865948551,4.7418069437924,4.61836788491215,4.50543990635231
8.64035117836087,8.86107606803303,9.09033130990076,9.20937366923439,9.33755261522777,9.45824496897797,9.5799471892216,9.71082152468083,9.83247011530045,9.94544236879167,10.0585654122044,10.1714630366191,10.270732691724,10.3775360248495,10.483035079779,10.467258575767,10.4623405210065
9.96036337875229,9.89111345203121,9.81034282003613,9.7293519096918,9.64746758990868,9.57818399692554,9.4299453545067,9.28085006551304,9.13255593030754,8.98563144373745,8.8388629857262,8.69186127736872,8.59110555934527,8.48779783612036,8.38314052238432,8.28716333513594,8.18207442077865
8.48040248257096,8.30123327253819,8.13037971149565,7.94928216756809,7.89719507286034,7.84798857368056,7.79993947401025,7.74094154253933,7.69283097840722,7.64623745317903,7.4698167470139,7.29313769002767,7.11230064787514,6.92863697480897,6.74347847945273,6.55685807670304,6.41122153543307
5.89029784075221,5.93091263286152,5.97028098994998,6.00946879749113,6.04792432848172,6.08851152628412,6.12995521021875,6.09069675001696,6.05209494969249,6.01461577191336,5.977264481808,5.94972200975233,5.9091025909692,5.96639143967825,6.02257410633768,6.07767494826947,6.13350385661784
7.63028673526771,7.56087860383754,7.48027051277548,7.40948860425426,7.29800172332345,7.17856702648569,7.06995688027975,6.9606707705415,6.84201683603218,6.73444366523196,6.64699361360229,6.55935950855719,6.46876318582672,6.37615312429068,6.28247812653025,6.18776164166442,6.13374607605599
7.3700650948235,7.440199461204,7.52006141198294,7.67988390261143,7.84954634995349,8.00967468543823,8.16999021093363,8.34015227875645,8.50045786340323,8.65100880371709,8.80158769462358,8.95212480160628,9.1019894240394,9.25139688620364,9.40056258586654,9.56949184646207,9.74858023019474
6.70006806671372,6.63020856756253,6.55006421573386,6.47987860221003,6.40952563865782,6.32965983327162,6.2599897640159,6.17015923101045,6.07047876705881,5.98105486043465,5.89166018048145,5.80222180896836,5.70208025076767,5.68146066074397,5.65058827060374,5.61946864682117,5.58851541090848
13.4403697917786,13.4411331025944,13.4303488702355,13.4193404719835,13.4174228971128,13.4081519475134,13.4099443901053,13.6508650677454,13.9026010381959,14.1457308292859,14.3890194025774,14.6320706090448,14.8813015538642,15.1479354548653,15.4131959473435,15.6771132727529,15.941934547582
5.99023230275212,5.98071181369183,5.97021915986383,5.95958568529046,5.95838106705475,5.97883905564271,6.00996506593081,6.03054343452089,6.06163396907744,6.09360010008928,6.11566597788981,6.11758274213593,6.11709962259314,6.11498504323614,6.10200769029103,6.09818656140301,6.09493329245704
7.47026773081183,7.43082037107115,7.39025258352615,7.34952249892638,7.30813416660895,7.26866200218275,7.22995973820102,7.23062631270672,7.22188316265574,7.21414914464335,7.21653008561647,7.20873917200494,7.1981823728012,7.22574530288802,7.24231387939501,7.2679099972628,7.28416057833394
9.870369478948,9.8811321440303,9.88034857510382,9.8893410299205,9.89742507724914,9.89815351089932,9.90994443714926,9.93086433592914,9.96259883781109,9.98572598121033,10.0090117724871,10.0320603977435,10.0512919931559,10.0379287417558,10.023193243687,10.0171157148204,10.0019413706647
10.8000918418355,10.8902814184308,10.8500866457412,10.8198361989988,10.7893599482924,10.7595410159387,10.7299861886741,10.7002148490424,10.5906459963034,10.4714233141751,10.3522400673444,10.242997867865,10.1228068645938,10.0119708570666,9.82079374850133,9.62928304969397,9.43799685661837
10.8301902270432,10.8505828868263,10.8801794646534,10.9096607278156,10.9386742953988,10.8290493310543,10.719971393345,10.6004450052406,10.4913380173222,10.3829480339301,10.2646397307442,10.1862093221149,10.095813707335,10.0040821300072,9.91164404848543,9.8285150194768,9.73585099708888
11.4803938015232,11.6812066723856,11.9103715215916,12.1392976503196,12.3672555716451,12.5880319576409,12.8199407794805,13.0509212346395,13.0827699177291,13.126102919083,13.169605012008,13.2028543264174,13.2420353382215,13.2684506860201,13.3134034529835,13.3569258440751,13.4014108759798
6.39000041710742,6.44000127808546,6.1500003935089,5.85999925608405,5.56999709315146,5.27999791548543,4.99999993727476,4.71000097575496,4.81000293384637,4.91000646410072,5.01001017345372,5.11001361506839,5.21001274761099,5.31000895081268,5.5700036048754,5.82999674391008,6.08999090255633
11.6900977074083,11.7002993915068,11.7100921794602,11.7098257376803,11.7193190707352,11.5695117024519,11.4199853065996,11.2702285705964,11.1206872535184,10.9715142155914,10.8223831315375,10.7131893297638,10.5929861278733,10.4820967278699,10.3708444420616,10.249237260929,10.1378689238165
10.8301902270432,10.8505828868263,10.8801794646534,10.9096607278156,10.9386742953988,10.8290493310543,10.719971393345,10.6004450052406,10.4913380173222,10.3829480339301,10.2646397307442,10.1862093221149,10.095813707335,10.0040821300072,9.91164404848543,9.8285150194768,9.73585099708888
8.81021681763993,8.76066436477107,8.71020455084587,8.66961330317145,8.6184889838059,8.55891644324772,8.4999673946074,8.45050720961848,8.39152505002997,8.33336012035041,8.27528828841988,8.22707728272299,8.17662636753531,8.12465274431545,8.07187385929195,8.01830744374243,7.96527103505389
4.43006493840823,4.47019898192197,4.5200612644171,4.55988418157993,4.51954744002168,4.46967546713122,4.42999023445562,4.39015191284834,4.34045676321083,4.30100637967932,4.40158387957843,4.50211969595565,4.60198464368528,4.71139352964888,4.81056123403827,4.9094930674958,5.03858364173613
8.84011679007178,9.47035786391422,10.1101101824924,10.7397917035239,11.3791860824156,12.0994163359084,12.8099824369173,13.5302732113852,14.250821476991,14.9718099481989,15.6928485670459,15.7038122191414,15.7135693310759,15.71250622755,15.721009365111,15.7290882948138,15.7274527157679
11.6900980984465,11.8003005897119,12.0500925483748,12.289825040259,12.5393163455647,12.7795097482195,13.0299852477946,13.2702294853666,13.4406900039994,13.6015202756858,13.7623926691504,13.9332020938904,14.0929980787586,14.2521051192568,14.4708478216323,14.6892342083447,14.9078603949631
2.88023558747289,2.80072187861441,2.71022225874643,2.62957982695207,2.54835817562269,2.46882264009013,2.39996457196911,2.3405511185911,2.27165707311781,2.21365100488237,2.14574609383798,2.08768996079929,2.01720001002965,1.95505553088598,1.89203607868478,1.82816091969464,1.76486165008801
5.52018443967807,5.57056515339129,5.63017400471738,5.68967104964988,5.73871462792193,5.77907825369456,5.81997226365846,5.86043146664071,5.90129731020344,5.94285834453279,5.98449857407366,6.03602041304138,6.08563683423257,6.12395793748128,6.17159403083931,6.21856019772487,6.26597722412003
6.78039724265926,6.75121721659025,6.72037476804007,6.68929151301267,6.65723159014481,6.59801476039538,6.53994026199678,6.48092928461781,6.42279412196186,6.36615624791385,6.30968894300135,6.34296665073137,6.37214050601214,6.3985245302247,6.42343319320556,6.44689898133305,6.47133582206938
8.84011679007178,9.47035786391422,10.1101101824924,10.7397917035239,11.3791860824156,12.0994163359084,12.8099824369173,13.5302732113852,14.250821476991,14.9718099481989,15.6928485670459,15.7038122191414,15.7135693310759,15.71250622755,15.721009365111,15.7290882948138,15.7274527157679
9.55018913213631,9.62057953185213,9.69017843169253,9.76966268059503,9.76868192587613,9.77905480290516,9.77997155799889,9.79044244388386,9.7913303159754,9.79293106566578,9.76461302542818,9.72617358256046,9.69578024485616,9.65405863412391,9.62163458568752,9.57852356671292,9.56587487787856
7.4603491449623,7.27106983736667,7.07032939154487,6.87937729582482,6.67756678611428,6.48825513098671,6.28994749500741,6.20081676787547,6.11245581279926,6.02541085630071,5.93851581661747,5.85139666316086,5.7606705471204,5.79749238963771,5.82301750601142,5.85727444920551,5.89238487104444
8.05026694873546,8.06081797466101,8.06025184569696,8.05952389376886,8.05813961694991,8.28866591064765,8.52995985581095,8.77062448316619,9.00187766169375,9.24413702445452,9.48651101039072,9.45871364375176,9.4381584710306,9.40572852011425,9.38230712025364,9.35791610243146,9.32417763604085
7.51032474417945,7.42099506937032,7.33030637127413,7.22942081491002,7.11773683675245,7.01837707509158,6.9099511644372,6.81075968621106,6.70228418278506,6.71503270640917,6.72792066957394,6.74060018166168,6.75992481187776,6.76696876709601,6.77280662080074,6.80746493046764,6.84291707150008
11.9401819370337,11.8905574848788,11.840171643664,11.7896755131458,11.738732069013,11.6890907607822,11.6399726400102,11.520425612111,11.4012797071251,11.2828195599285,11.1644375333512,11.0459387226312,10.9255603485667,10.6239042326052,10.3315724015869,10.0385797342646,9.73603180878215
10.3501718482485,10.300526571188,10.2401621256674,10.1796935066137,10.1188023784115,10.0591411799794,10.0299741571783,10.0004020110382,9.97120874471534,9.9426632094926,9.91419146293902,9.88560940816521,9.88525201572595,9.88368773482355,9.87148520866328,9.86865849094027,9.86625185320131
6.55016199408616,6.27049637642029,6.05015282901962,5.83971108162889,5.61887105270768,5.40919042663718,5.19997563906343,4.98037895882761,4.80113943259422,4.63251049511332,4.45395111509452,4.27528775217515,4.10495085341642,3.92347627187402,3.74140004348205,3.55873541606536,3.38646678030839
12.3201594914418,12.1504887079078,11.9901504679662,11.8197155451248,11.6488884937988,11.4692029337249,11.2999760154152,11.1303731042979,10.9611218295158,10.8124717105091,10.6638900743721,10.515206061765,10.3548743677505,10.2034225669979,10.0513784142297,10.0087549526051,9.96652136497051
3.5001203876231,3.65036888740086,3.7901135765067,3.93978528724851,4.08916101084712,4.23939835696983,4.37998189591165,4.53028162727163,4.67084678141617,4.82186570106748,4.9629363130844,5.11392964910603,5.27367927922064,5.42258342830933,5.58104045716126,5.72906021103796,5.88737425031609
7.54021384574971,7.74065525841254,7.90020174709494,8.05961860357285,8.21850969510157,8.37893129541434,8.53996784152513,8.70050025736448,8.83150414637439,8.95331406363285,9.08521580256201,9.21698027536091,9.34653554080704,9.47458896977511,9.56184817455475,9.65833064338333,9.75533585434015
9.55018913213631,9.62057953185213,9.69017843169253,9.76966268059503,9.76868192587613,9.77905480290516,9.77997155799889,9.79044244388386,9.7913303159754,9.79293106566578,9.76461302542818,9.72617358256046,9.69578024485616,9.65405863412391,9.62163458568752,9.57852356671292,9.56587487787856
5.66010959496914,5.73033581694094,5.81010339446387,5.83980453607466,5.87923622555247,5.91945229378545,5.94998351892867,5.99025637961237,6.03077086814066,5.92169844246161,5.80267307496899,5.69357735921216,5.58334943478639,5.47235182603128,5.36094718101038,5.36914446236544,5.37760964667147
8.20016746862077,8.25051315129126,8.30015799382396,8.35970131773157,8.40883290032091,8.45916306738288,8.50997481579392,8.61039176561129,8.70117793932818,8.80259533643514,8.89408464167479,8.9954664499474,9.08511816581061,9.36359375129042,9.64144735747162,9.91869267988475,10.20634737636
8.84014705642743,8.95045060498662,9.06013873648209,9.16973772312014,9.28897515422015,9.37926507831676,9.46997788541307,9.56034401460357,9.65103436422015,9.74227899950664,9.84358677828261,9.93480016253943,10.034494329598,10.133155720895,10.2312709438819,10.3188520247867,10.4167925825104
3.5001203876231,3.65036888740086,3.7901135765067,3.93978528724851,4.08916101084712,4.23939835696983,4.37998189591165,4.53028162727163,4.67084678141617,4.82186570106748,4.9629363130844,5.11392964910603,5.27367927922064,5.42258342830933,5.58104045716126,5.72906021103796,5.88737425031609
6.55016199408616,6.27049637642029,6.05015282901962,5.83971108162889,5.61887105270768,5.40919042663718,5.19997563906343,4.98037895882761,4.80113943259422,4.63251049511332,4.45395111509452,4.27528775217515,4.10495085341642,3.92347627187402,3.74140004348205,3.55873541606536,3.38646678030839
3.19038042801723,3.36116569377225,3.52035890471248,3.68932150212586,3.6773487724756,3.67809879239073,3.67994279061025,3.6708899494965,3.672675851279,3.67589566385398,3.59927882564764,3.53241779328802,3.4616266179443,3.38816370058859,3.30328787166615,3.2270302424592,3.15170256276798
6.42001214825302,6.32003722423756,6.23001146094675,6.13997833344693,6.10991533803696,6.07993928851194,6.04999817312583,6.03002841886285,6.00008544827627,5.97018826693319,5.95029630184003,5.92039653886607,5.90037127416995,5.88026069241926,5.85010499199592,5.82990516638022,5.79973503695266
9.41008347361828,9.15025577684228,8.90007875096891,8.63985112381329,8.38941826694077,8.19958283651309,8.0199874471003,7.84019527295881,7.65058713601008,7.47129362815463,7.2920359624288,7.08272471555599,6.87255111564844,6.66179128138729,6.45072142568869,6.23934837499861,6.02817937408232
4.43006493840823,4.47019898192197,4.5200612644171,4.55988418157993,4.51954744002168,4.46967546713122,4.42999023445562,4.39015191284834,4.34045676321083,4.30100637967932,4.40158387957843,4.50211969595565,4.60198464368528,4.71139352964888,4.81056123403827,4.9094930674958,5.03858364173613
4.43006493840823,4.47019898192197,4.5200612644171,4.55988418157993,4.51954744002168,4.46967546713122,4.42999023445562,4.39015191284834,4.34045676321083,4.30100637967932,4.40158387957843,4.50211969595565,4.60198464368528,4.71139352964888,4.81056123403827,4.9094930674958,5.03858364173613
5.07024966484761,5.05076501399692,5.03023553967186,4.98955471978754,4.94826006948528,4.91875228772193,4.87996245499038,4.84058405032057,4.80175609043369,4.74386916828134,4.68608944790155,4.62814946935651,4.5676302419004,4.50535762081388,4.44215774322941,4.4080510266588,4.3645546113636
11.2302036787569,11.1306241050807,10.9401921553155,10.739636736525,10.5485805495341,10.358982105458,10.1699693704542,9.98047647333764,9.83143263386848,9.68315650117804,9.53496782462721,9.38664840806959,9.24622481778927,9.09437079371607,8.94176030571696,8.77841001057589,8.62555760453001
6.99023511822707,6.99072044076833,7.00022181604892,7.00958066385756,7.02836144582727,7.04882498516907,7.05996464253506,7.08055002086679,7.09165377254061,6.98364373276907,6.88573464870252,6.77767464384738,6.66718566896729,6.55504546122172,6.44203202319996,6.36816458279584,6.30487188471216
4.14027461308392,4.12084145948038,4.10025907642303,4.08951022431261,4.06808620360844,4.00862760769164,3.94995870323365,3.89064241266334,3.84193157112128,3.78425580230507,3.72669794760311,3.76896382063291,3.80839270838246,3.84589299129721,3.88237335983905,3.91785627177861,3.96401047051312
7.51031473360187,7.49096439532053,7.47029692706049,7.44943866889369,7.41780660111683,7.27842710344229,7.13995266984429,7.00073626809232,6.86221377047155,6.72487756799212,6.58767650668429,6.58027342002099,6.57961886921411,6.57675394759173,6.56272010379123,6.55754307662646,6.55313541014855
8.93004210177812,8.7301290067459,8.53003971980474,8.32992491098017,8.12970658997792,7.92978959430628,7.72999366866555,7.53009849026499,7.35029613512062,7.16065247016544,6.98102688298641,6.80137427096282,6.62128671198383,6.43090347265474,6.35036386711032,6.25967133842062,6.16908172677794
2.92039567850651,2.96121242376997,3.01037329238169,3.14929430269761,3.28724249082675,3.42802257732518,3.57994049721663,3.72092562553676,3.86278312003787,4.01613200753619,4.15965079254984,4.31291559422501,4.45209270247095,4.58849096467715,4.73341967492282,4.86691119167037,5.0013699374832
7.59032881097659,7.65100753070304,7.71031020798592,7.76941356172915,7.82770849497943,7.8883567510741,7.93995055286557,7.98076919982179,8.03231278778743,8.08509573139109,8.13801986074787,8.18073292857821,8.19004910108486,8.20705603751963,8.21284176833585,8.21743318359062,8.22282837142414
9.41008347361828,9.15025577684228,8.90007875096891,8.63985112381329,8.38941826694077,8.19958283651309,8.0199874471003,7.84019527295881,7.65058713601008,7.47129362815463,7.2920359624288,7.08272471555599,6.87255111564844,6.66179128138729,6.45072142568869,6.23934837499861,6.02817937408232
11.6900980984465,11.8003005897119,12.0500925483748,12.289825040259,12.5393163455647,12.7795097482195,13.0299852477946,13.2702294853666,13.4406900039994,13.6015202756858,13.7623926691504,13.9332020938904,14.0929980787586,14.2521051192568,14.4708478216323,14.6892342083447,14.9078603949631
12.5602240127426,12.6106864117444,12.6602113388744,12.7096004706207,12.768438840669,12.8188804853706,12.8699663125961,12.9105240413913,12.9415756588803,12.9834716260877,13.0254637804968,13.0673121426522,13.0968462638248,13.1848071458342,13.2619360433925,13.3482512761908,13.4251141041503
7.4403139515255,7.46096199891039,7.4802961892313,7.50944006373616,7.6078120514578,7.70843101190719,7.80995278745422,7.9107344385518,8.01220826950956,8.11486544780329,8.17765743145854,8.24024789176781,8.30959496744351,8.36673716481796,8.42271334464986,8.47754918179512,8.44315246785546
8.00030010877369,7.94091958245092,7.88028312965463,7.81946475244795,7.69790852249291,7.58850019173591,7.46995486914996,7.36070205568449,7.24211090248227,7.12465092046097,7.05731979996269,6.99979604168655,6.92917190610394,6.85644010972219,6.78259370784765,6.70765724328036,6.6334543892678
3.04015479898352,2.800474329447,2.56014604099107,2.32972391417965,1.97892119584458,1.63922638451425,1.28997672107477,0.950362127054773,0.611088823743883,0.262398989376071,0.633775623017577,1.0050528922459,1.36473095712693,1.73332187035531,2.10133785938146,2.46879158361701,2.98662371121198
11.1700139470287,11.1500427359809,11.1200131579539,11.0999751253092,11.0799028022527,10.9599302990427,10.839997902623,10.7200326268061,10.6000981004889,10.4802161433675,10.3603401748593,10.2104552538484,10.0704262482423,9.92029929279894,9.77012053802107,9.6198911244923,9.47969580422676
9.38031004114363,9.3809500168597,9.37029250008535,9.36944703794853,9.36783930316263,9.36845055423169,9.35995337550386,9.39072529084917,9.41218076469959,9.43480484685914,9.45756205532977,9.48012025050192,9.49947545859052,9.54665325094909,9.59267954894302,9.62757970763841,9.67323775639002
7.54021384574971,7.74065525841254,7.90020174709494,8.05961860357285,8.21850969510157,8.37893129541434,8.53996784152513,8.70050025736448,8.83150414637439,8.95331406363285,9.08521580256201,9.21698027536091,9.34653554080704,9.47458896977511,9.56184817455475,9.65833064338333,9.75533585434015
11.1000621229333,11.0401903548455,10.970058608232,10.8998892030128,10.8295670612492,10.7696895376049,10.6999906578514,10.5401453265025,10.3904369597477,10.2409627469995,10.0815152087657,9.9320277942442,9.78189859731113,9.72133311166331,9.66053690112934,9.59951504610297,9.53864504948101
5.36009989722211,5.40030610145521,5.45009424538191,5.47982183212134,5.50930380978046,5.5295007587502,5.55998497729179,5.59023369330985,5.62070265621194,5.7015481521201,5.79243654216964,5.88326080887274,5.97305305283098,6.0621437196365,6.14086336765742,6.1992201664568,6.25782116223718
15.9403957567141,16.091212663411,16.1103733661646,16.1192941632134,16.1272419457927,16.1380221864787,16.1599404854556,16.1709258084908,16.1127836701341,16.0661332195551,16.0096527000724,15.9629181470503,15.902095092648,15.8484926429545,16.133420350837,16.4169105811535,16.7013682317125
3.19038042801723,3.36116569377225,3.52035890471248,3.68932150212586,3.6773487724756,3.67809879239073,3.67994279061025,3.6708899494965,3.672675851279,3.67589566385398,3.59927882564764,3.53241779328802,3.4616266179443,3.38816370058859,3.30328787166615,3.2270302424592,3.15170256276798
12.5801720828714,12.6805272901111,12.9901623470162,13.299693088161,13.6088007433092,13.91914000744,14.2299741218953,14.5504025599004,14.5412103950039,14.5426668455492,14.5441971855067,14.5456170666412,14.5452591862571,14.5436927696557,15.0914872364057,15.6286566593897,16.1762467358892
4.7901166336565,4.88035738463219,4.97011003492658,5.04979198249239,5.13918717248377,5.22941711760135,5.31998246043931,5.44027284547711,5.5708203767986,5.69180752416109,5.82284475200078,5.94380711349077,6.06356455072177,6.19250287099523,6.3110080132827,6.42908951584752,6.55745612730927
4.43006493840823,4.47019898192197,4.5200612644171,4.55988418157993,4.51954744002168,4.46967546713122,4.42999023445562,4.39015191284834,4.34045676321083,4.30100637967932,4.40158387957843,4.50211969595565,4.60198464368528,4.71139352964888,4.81056123403827,4.9094930674958,5.03858364173613
17.4601822498642,17.3805584434429,17.2901719387957,17.2096749552088,17.1187298888766,17.0390891973963,17.1799725929663,17.3204263439272,17.4712819075099,17.6128244080041,17.7544451634415,17.9059489339325,17.8055699092749,17.7139109457147,17.6115751052435,17.5085772921971,17.4160249856994
6.47026843468057,6.47082252784027,6.47025324757243,6.47952124356816,6.34812926130208,6.22865848456435,6.09995963235209,5.97062795929319,5.85188811352153,5.7241600528133,5.65654725331965,5.5787621474328,5.50820388439474,5.43576040738441,5.35231996262224,5.27790450261101,5.18414522639772
7.47026773081183,7.43082037107115,7.39025258352615,7.34952249892638,7.30813416660895,7.26866200218275,7.22995973820102,7.23062631270672,7.22188316265574,7.21414914464335,7.21653008561647,7.20873917200494,7.1981823728012,7.22574530288802,7.24231387939501,7.2679099972628,7.28416057833394
9.3300552406612,9.52016926643624,9.70005211533514,9.87990147762661,10.0596150242497,10.299723932096,10.5299916928187,10.7701292265458,11.0003885512821,11.2308560893378,11.4713473467791,11.4218031456162,11.3816882617299,11.3311854232541,11.2904774206853,11.2495687715872,11.1987951573018
8.00030010877369,7.94091958245092,7.88028312965463,7.81946475244795,7.69790852249291,7.58850019173591,7.46995486914996,7.36070205568449,7.24211090248227,7.12465092046097,7.05731979996269,6.99979604168655,6.92917190610394,6.85644010972219,6.78259370784765,6.70765724328036,6.6334543892678
10.7700963778784,10.6002953176096,10.4900909251506,10.3798281089125,10.2693283363148,10.1595183468423,10.0499855065365,9.94022546037749,9.82067790188297,9.71149361127035,9.60235070365374,9.48314593173344,9.37294549486329,9.26206819715453,9.33083295152126,9.39924763971576,9.46789792191828
4.38038535509838,4.51118079115613,4.64036355303638,4.76931271461827,4.90731443532751,5.03807416906186,5.1699420496677,5.30090147560181,5.43271050733956,5.55597202104361,5.67939899956989,5.81257862128305,5.93177719909906,6.04826943206336,6.11333045425677,6.16699177989665,6.23159509921443
4.43002075109313,4.21006358474909,3.99001957706785,3.75996299017972,3.53985538428632,3.30989629539804,3.08999687941661,2.82004854380863,2.5401459588582,2.27032158901034,1.99050612932332,1.72067734965104,1.44063419364652,1.46044530293076,1.47017934255097,1.48983800952498,1.49954740217663
10.8000918418355,10.8902814184308,10.8500866457412,10.8198361989988,10.7893599482924,10.7595410159387,10.7299861886741,10.7002148490424,10.5906459963034,10.4714233141751,10.3522400673444,10.242997867865,10.1228068645938,10.0119708570666,9.82079374850133,9.62928304969397,9.43799685661837
6.47026843468057,6.47082252784027,6.47025324757243,6.47952124356816,6.34812926130208,6.22865848456435,6.09995963235209,5.97062795929319,5.85188811352153,5.7241600528133,5.65654725331965,5.5787621474328,5.50820388439474,5.43576040738441,5.35231996262224,5.27790450261101,5.18414522639772
7.29000213767545,7.24000655018777,7.20000201673312,7.1299961874306,7.06998510240133,6.99998931686265,6.93999967853292,6.87000500074411,6.81001503596276,6.68003312851615,6.56005213895037,6.44006977722538,6.3100653315063,6.19004587291498,6.07001847498641,5.75998331253904,5.44995337560113
6.20033882155417,6.12103820475283,6.05031965219956,5.96939570774548,5.89763873061505,5.81830672272338,5.73994904745847,5.67079261794052,5.53238320010095,5.40525086980814,5.27826402363752,5.1510596902189,5.01035504374851,4.87727085702391,4.75292828534536,4.6373550374318,4.51261003277568
12.3201594914418,12.1504887079078,11.9901504679662,11.8197155451248,11.6488884937988,11.4692029337249,11.2999760154152,11.1303731042979,10.9611218295158,10.8124717105091,10.6638900743721,10.515206061765,10.3548743677505,10.2034225669979,10.0513784142297,10.0087549526051,9.96652136497051
10.5201282865945,10.5303930911433,10.5401210285815,10.5497711993395,10.5591059624034,10.5593588814743,10.5699807080514,10.5803001056309,10.5809023411323,10.5919881149747,10.5931289728645,10.5941874844631,10.6039206871037,10.5427529343244,10.4911087244891,10.4389985488345,10.3872019674763
16.7600314655394,16.900096415568,17.0300296853278,17.1699438808378,17.3097807146151,17.4498427494289,17.5499952681606,17.6500736085138,17.7502213220375,17.8504876355973,17.9507674599162,18.0510270867196,18.1509616479037,18.2606752269314,18.3702719427877,18.4797543687144,18.5893137115919
7.91017075334154,7.95052321621385,7.98016109270655,8.01969545939318,8.08881000888885,8.1591466518303,8.21997432183222,8.2903994496815,8.36120104336855,8.43264624122823,8.51416475762296,8.60557366861075,8.68521855324711,8.77366423894026,8.86147574586537,8.93866703817639,9.05627573399098
7.91017075334154,7.95052321621385,7.98016109270655,8.01969545939318,8.08881000888885,8.1591466518303,8.21997432183222,8.2903994496815,8.36120104336855,8.43264624122823,8.51416475762296,8.60557366861075,8.68521855324711,8.77366423894026,8.86147574586537,8.93866703817639,9.05627573399098
4.38038535509838,4.51118079115613,4.64036355303638,4.76931271461827,4.90731443532751,5.03807416906186,5.1699420496677,5.30090147560181,5.43271050733956,5.55597202104361,5.67939899956989,5.81257862128305,5.93177719909906,6.04826943206336,6.11333045425677,6.16699177989665,6.23159509921443
9.21037464065207,9.79114796033722,10.3703534447765,10.9593318239602,11.0073891049988,11.068127715031,11.1299436609237,11.1808764108966,11.2426351441602,11.3058059744566,11.3291376689771,11.3522288842145,11.3614497448419,11.3780395080627,11.39323785402,11.4070754207073,11.5718287897991
6.06039427076904,6.26120811023172,6.46037196428915,6.65929681341407,6.85725230144049,7.058029612562,7.25994070891451,7.46092233236381,7.62277321830629,7.79611019119629,7.95961645714348,8.12286964336929,8.28204967928387,8.44846075568436,8.40340750846836,8.35692218097395,8.31140064135564
3.53038058443251,3.55116617305428,3.56035905227832,3.57932122315736,3.59734768240741,3.60809801069775,3.61994276708826,3.63089031540461,3.6526769514714,3.66589808789174,3.67928264069279,3.87242289893866,4.06163139829842,4.24816705714335,4.43328922349442,4.62702902142546,4.81169915122659
7.43003991196428,7.51012229679751,7.59003765388301,7.6699288165391,7.74972185093263,7.429800538008,7.10999399797335,6.79009336755152,6.47028073242704,6.15061853363672,5.8309734723543,5.88130279185392,5.93121978702616,5.99085648088817,6.04034494151449,6.08968843289286,6.1491294883573
10.9902027402652,10.9406212293886,10.8801912699204,10.879638410336,10.8685870899433,10.8589867956159,10.8499695115861,10.850474277889,10.8414260327141,11.1731419569514,11.4949449343563,11.8266177741658,12.1561961356646,12.4843506543875,12.8017521947473,12.8184173367783,12.8255780737783
4.7901166336565,4.88035738463219,4.97011003492658,5.04979198249239,5.13918717248377,5.22941711760135,5.31998246043931,5.44027284547711,5.5708203767986,5.69180752416109,5.82284475200078,5.94380711349077,6.06356455072177,6.19250287099523,6.3110080132827,6.42908951584752,6.55745612730927
4.7901166336565,4.88035738463219,4.97011003492658,5.04979198249239,5.13918717248377,5.22941711760135,5.31998246043931,5.44027284547711,5.5708203767986,5.69180752416109,5.82284475200078,5.94380711349077,6.06356455072177,6.19250287099523,6.3110080132827,6.42908951584752,6.55745612730927
1.9301648095611,1.85050500349679,1.76015548520471,1.78970606019598,1.8088514314802,1.82917635616354,1.85997521566768,1.8803855451735,1.9011592360574,1.97255412779312,2.03401978590723,2.10537965388659,2.16503689979057,2.2235366898596,2.29142437639097,2.33871343745819,2.38640537256351
7.3700650948235,7.440199461204,7.52006141198294,7.67988390261143,7.84954634995349,8.00967468543823,8.16999021093363,8.34015227875645,8.50045786340323,8.65100880371709,8.80158769462358,8.95212480160628,9.1019894240394,9.25139688620364,9.40056258586654,9.56949184646207,9.74858023019474
12.5801720828714,12.6805272901111,12.9901623470162,13.299693088161,13.6088007433092,13.91914000744,14.2299741218953,14.5504025599004,14.5412103950039,14.5426668455492,14.5441971855067,14.5456170666412,14.5452591862571,14.5436927696557,15.0914872364057,15.6286566593897,16.1762467358892
12.5801720828714,12.6805272901111,12.9901623470162,13.299693088161,13.6088007433092,13.91914000744,14.2299741218953,14.5504025599004,14.5412103950039,14.5426668455492,14.5441971855067,14.5456170666412,14.5452591862571,14.5436927696557,15.0914872364057,15.6286566593897,16.1762467358892
5.36009989722211,5.40030610145521,5.45009424538191,5.47982183212134,5.50930380978046,5.5295007587502,5.55998497729179,5.59023369330985,5.62070265621194,5.7015481521201,5.79243654216964,5.88326080887274,5.97305305283098,6.0621437196365,6.14086336765742,6.1992201664568,6.25782116223718
7.5502540444753,7.64077843389371,7.73023967151532,7.82954690866968,7.91822954757587,8.0187304003185,8.10996179637478,8.21059429574751,8.30178689582086,8.4039370413388,8.49619626916577,8.61829242757431,8.74776409181575,8.865451604347,8.98219559442107,9.09801683771432,9.2244590882049
5.45033139182862,5.5610154388565,5.68031264282225,5.59940895874899,5.50769050885423,5.42834385313993,5.3499501647528,5.27077523730553,5.19233094096201,5.06513572801424,4.93808280899285,4.8108171718137,4.68012797692784,4.54711142067308,4.41286407350237,4.35741303653405,4.30277208099133
5.18000948919336,5.18002907644308,5.25000895232751,5.31998307591135,5.38993386919624,5.4599525772926,5.52999857299959,5.59002219842506,5.77006674500549,5.94014705829117,6.11023144607246,6.28030974280526,6.46029000814992,6.63020363098843,6.64008201091527,6.64992592395365,6.66979303315616
10.4801501065253,10.5804599509862,10.6801416140159,10.7797322832345,10.8289538978904,10.8792498353037,10.9199774267343,10.9703511498116,11.0210558179719,11.0723262682431,11.1036611716631,11.1248997227268,11.1545875465033,11.1832211737127,11.2112973045333,11.238828214629,11.3467260574534
11.7703838691533,11.2911762379769,10.8103621511609,10.319315364819,9.83732479097535,9.35808159514517,9.31994227312656,9.29089799947482,9.26270005551177,9.22594899268483,9.19936275664096,9.17253011760201,9.39173178573493,9.61823754479319,9.84331761188817,10.0670033797171,10.2916275088576
7.50023621313399,7.59072379574253,7.69022284900978,7.83957871107809,7.97835381534992,8.12881951331821,8.27996447788116,8.43055258222352,8.5816614738874,8.77366070103344,8.97576135401858,9.16771038340183,9.36721913144612,9.555068957105,9.74204148599787,9.90815603555972,10.0748480039225
7.43003991196428,7.51012229679751,7.59003765388301,7.6699288165391,7.74972185093263,7.429800538008,7.10999399797335,6.79009336755152,6.47028073242704,6.15061853363672,5.8309734723543,5.88130279185392,5.93121978702616,5.99085648088817,6.04034494151449,6.08968843289286,6.1491294883573
4.58003185657763,4.71009761377307,4.86003005424235,5.00994318341659,5.15977798944459,5.30984079519647,5.45999520935562,5.6100745232841,5.74022407251851,5.87049369569175,6.01077699752903,6.14103985084618,6.28097359878901,6.41068361831832,6.8002753223584,7.19975131613004,7.58930518273849
4.7901166336565,4.88035738463219,4.97011003492658,5.04979198249239,5.13918717248377,5.22941711760135,5.31998246043931,5.44027284547711,5.5708203767986,5.69180752416109,5.82284475200078,5.94380711349077,6.06356455072177,6.19250287099523,6.3110080132827,6.42908951584752,6.55745612730927
2.21007189888795,2.27022030997221,2.34006783109689,2.39987176748191,2.46949893198708,2.52964068179361,2.57998918772725,2.63016819575903,2.68050572177257,2.73111424935993,2.78175364908764,2.83234689740894,2.8321973694436,2.83154289633546,2.84062139039644,2.83943873149475,2.83843182814461
6.47026843468057,6.47082252784027,6.47025324757243,6.47952124356816,6.34812926130208,6.22865848456435,6.09995963235209,5.97062795929319,5.85188811352153,5.7241600528133,5.65654725331965,5.5787621474328,5.50820388439474,5.43576040738441,5.35231996262224,5.27790450261101,5.18414522639772
4.90000010427688,4.96000031952141,5.02000009837722,5.07999981402104,5.13999927328785,5.20999947887139,5.25999998431874,5.31000024393875,5.37000073346157,5.42000161602519,5.47000254336341,5.53000340376711,5.63000318690275,5.73000223770317,5.83000090121885,5.92999918597755,6.0299977256391
2.09003107450126,2.02009521736293,1.95002931641316,1.86994457825906,1.99978343978556,2.11984470366137,2.23999532696555,2.36007269374357,2.48021857155651,2.60048157550292,2.76075792230328,2.921014322593,3.09094969701841,3.25066683554455,3.41026856321703,3.56975742129869,3.7393222404454
4.43006493840823,4.47019898192197,4.5200612644171,4.55988418157993,4.51954744002168,4.46967546713122,4.42999023445562,4.39015191284834,4.34045676321083,4.30100637967932,4.40158387957843,4.50211969595565,4.60198464368528,4.71139352964888,4.81056123403827,4.9094930674958,5.03858364173613
5.89029784075221,5.93091263286152,5.97028098994998,6.00946879749113,6.04792432848172,6.08851152628412,6.12995521021875,6.09069675001696,6.05209494969249,6.01461577191336,5.977264481808,5.94972200975233,5.9091025909692,5.96639143967825,6.02257410633768,6.07767494826947,6.13350385661784
14.1501194491314,14.1303660117087,14.1101126911117,14.0897869610595,14.0691675512563,14.0294030471277,13.9899820370436,13.950279431823,13.9108401802618,13.8718511568409,13.8329134228135,13.6438990152022,13.4636505970959,13.2725632889808,13.0810323461916,12.8990675372403,12.7073947195644
7.72032951484533,7.78100968747217,7.84031087203219,7.92941230637093,8.00770358967256,8.08835323345569,8.16995044701663,8.25077084640826,8.33231773865323,8.59510663956104,8.85803702845104,9.13075590400607,9.3900706126784,9.65707114201602,9.91284785156309,9.99742768893883,10.0828130194879
5.28009755099299,5.29029891222479,5.29009203189434,5.29982601664876,5.29932016080336,5.2995124841449,5.30998533012158,5.30022820468827,5.30068615332596,5.3015117915536,5.29237931649238,5.29318422411321,5.29298134751919,5.19209337131519,5.09084309023332,4.98923848196277,4.89787233535791
8.73031066680473,8.57095193398781,8.4102930903487,8.24944592207455,8.08783494288986,7.92844742745977,7.76995328141592,7.66072675448159,7.55218516546918,7.4348145430102,7.32757731551037,7.22014067310446,7.109494580007,7.06666667716811,7.01268495625611,6.96757482350348,6.92322411022449
8.64035117836087,8.86107606803303,9.09033130990076,9.20937366923439,9.33755261522777,9.45824496897797,9.5799471892216,9.71082152468083,9.83247011530045,9.94544236879167,10.0585654122044,10.1714630366191,10.270732691724,10.3775360248495,10.483035079779,10.467258575767,10.4623405210065
7.48031043218182,7.55095121506476,7.61029286899995,7.6694463405273,7.72783657799215,7.79844859999924,7.8599533166989,7.86072620561943,7.86218351518059,7.87481090695355,7.87757159294264,7.88013301462851,7.87948740947582,7.91666164233598,7.9526829285137,7.98757665505408,8.02322922753657
6.26034867571648,6.21106839952059,6.34032894884735,6.45937813273031,6.58757005631886,6.70825747606565,6.83994756557337,6.96081567015115,6.94245251222207,6.91540358418741,6.89850437148202,6.87138134620896,6.85065620605804,6.81748231997344,6.9530134505266,7.07727811230671,7.20239510566859
9.41008347361828,9.15025577684228,8.90007875096891,8.63985112381329,8.38941826694077,8.19958283651309,8.0199874471003,7.84019527295881,7.65058713601008,7.47129362815463,7.2920359624288,7.08272471555599,6.87255111564844,6.66179128138729,6.45072142568869,6.23934837499861,6.02817937408232
15.9403957567141,16.091212663411,16.1103733661646,16.1192941632134,16.1272419457927,16.1380221864787,16.1599404854556,16.1709258084908,16.1127836701341,16.0661332195551,16.0096527000724,15.9629181470503,15.902095092648,15.8484926429545,16.133420350837,16.4169105811535,16.7013682317125
6.46029166234886,6.45089370122142,6.44027516109938,6.36947981674667,6.30796738617536,6.24854240315683,6.18995613933719,6.12068229664681,6.06205149209274,5.85452002242159,5.65711378752455,5.44952033655221,5.24891376698148,5.03625885576545,4.82252070912087,4.72772317910187,4.62363861250245
6.5702775067665,6.58085032619789,6.59026180639103,6.59950506339546,6.60806603734686,6.56861314637151,6.52995826807691,6.49064918196329,6.45195192468066,6.41430064700374,6.3767685259384,6.46905827516968,6.54848114493367,6.62595508756017,6.71239836866211,6.78783368265458,6.86394735699755
11.6703022203799,11.7509260527583,11.8402851217934,11.9294609863733,12.0078938065723,12.0984896388807,12.1999545516032,12.3007069954439,12.4021257550797,12.5046836449708,12.6073713030722,12.7098649679701,12.6692364408845,12.6264854232114,12.5826119575293,12.547640759325,12.5034083334591
6.01037557914372,6.07115083602939,6.1203543301715,6.1893301501492,6.2473825645896,6.3181230248731,6.37994351979181,6.45087860634524,6.51264174531464,6.49582051868322,6.46916055924796,6.45225951811831,6.43147842696659,6.39805964739121,6.37324596498966,6.18706809450488,5.99180832055083
5.9302565471197,6.05078610240615,6.17024203256873,6.27954244517376,6.22821210648477,6.16871789323082,6.10996142002301,6.0606001502772,6.00180449889923,5.94397582594306,5.82625730988819,5.69837411798448,5.57784057748166,5.44550530922308,5.31221722367344,5.18799730117461,5.29440450354278
7.51031473360187,7.49096439532053,7.47029692706049,7.44943866889369,7.41780660111683,7.27842710344229,7.13995266984429,7.00073626809232,6.86221377047155,6.72487756799212,6.58767650668429,6.58027342002099,6.57961886921411,6.57675394759173,6.56272010379123,6.55754307662646,6.55313541014855
5.99023230275212,5.98071181369183,5.97021915986383,5.95958568529046,5.95838106705475,5.97883905564271,6.00996506593081,6.03054343452089,6.06163396907744,6.09360010008928,6.11566597788981,6.11758274213593,6.11709962259314,6.11498504323614,6.10200769029103,6.09818656140301,6.09493329245704
4.66018835005994,4.66057713544199,4.66017769386334,4.65966407543751,4.6486873762171,4.62905871137006,4.61997167560882,4.60044061434333,4.5913248150134,4.57291894547695,4.54459395020243,4.51614805430728,4.49575634308556,4.46404185135014,4.43162782654615,4.39852967188158,4.37589193558547
7.26012789555628,7.1703918929382,7.08012065966692,6.98977189676076,6.89910868757384,6.8093608357068,6.76998076685633,6.73029919086068,6.68089959065131,6.64198205488027,6.60311943525164,6.55417472033655,6.56390873621837,6.57274454293755,6.5811053449184,6.58900160141884,6.59721049632974
2.88023558747289,2.80072187861441,2.71022225874643,2.62957982695207,2.54835817562269,2.46882264009013,2.39996457196911,2.3405511185911,2.27165707311781,2.21365100488237,2.14574609383798,2.08768996079929,2.01720001002965,1.95505553088598,1.89203607868478,1.82816091969464,1.76486165008801
7.63028673526771,7.56087860383754,7.48027051277548,7.40948860425426,7.29800172332345,7.17856702648569,7.06995688027975,6.9606707705415,6.84201683603218,6.73444366523196,6.64699361360229,6.55935950855719,6.46876318582672,6.37615312429068,6.28247812653025,6.18776164166442,6.13374607605599
12.5801720828714,12.6805272901111,12.9901623470162,13.299693088161,13.6088007433092,13.91914000744,14.2299741218953,14.5504025599004,14.5412103950039,14.5426668455492,14.5441971855067,14.5456170666412,14.5452591862571,14.5436927696557,15.0914872364057,15.6286566593897,16.1762467358892
5.45033139182862,5.5610154388565,5.68031264282225,5.59940895874899,5.50769050885423,5.42834385313993,5.3499501647528,5.27077523730553,5.19233094096201,5.06513572801424,4.93808280899285,4.8108171718137,4.68012797692784,4.54711142067308,4.41286407350237,4.35741303653405,4.30277208099133
8.64035117836087,8.86107606803303,9.09033130990076,9.20937366923439,9.33755261522777,9.45824496897797,9.5799471892216,9.71082152468083,9.83247011530045,9.94544236879167,10.0585654122044,10.1714630366191,10.270732691724,10.3775360248495,10.483035079779,10.467258575767,10.4623405210065
2.09003107450126,2.02009521736293,1.95002931641316,1.86994457825906,1.99978343978556,2.11984470366137,2.23999532696555,2.36007269374357,2.48021857155651,2.60048157550292,2.76075792230328,2.921014322593,3.09094969701841,3.25066683554455,3.41026856321703,3.56975742129869,3.7393222404454
12.5801720828714,12.6805272901111,12.9901623470162,13.299693088161,13.6088007433092,13.91914000744,14.2299741218953,14.5504025599004,14.5412103950039,14.5426668455492,14.5441971855067,14.5456170666412,14.5452591862571,14.5436927696557,15.0914872364057,15.6286566593897,16.1762467358892
9.39032099021286,9.48098356660165,9.57030282969402,9.65942751015389,9.7477629983891,9.82839583572309,9.90995172896486,9.99075090441653,10.0722577781675,10.1549745295028,10.2378291084903,10.3104776460464,10.3698100833789,10.4368882097819,10.5027741769222,10.5574942352772,10.6229989484933
12.6602640550529,12.6608091079435,12.660249115729,12.649529054686,12.6481597832115,12.6486803719678,12.6499602909677,12.6506177138662,12.6618573081344,12.6740921797558,12.6864404320554,12.688619189215,12.6980700344794,12.6256664238513,12.5522821114306,12.4679386915555,12.3942407495564
6.06039427076904,6.26120811023172,6.46037196428915,6.65929681341407,6.85725230144049,7.058029612562,7.25994070891451,7.46092233236381,7.62277321830629,7.79611019119629,7.95961645714348,8.12286964336929,8.28204967928387,8.44846075568436,8.40340750846836,8.35692218097395,8.31140064135564
9.21037464065207,9.79114796033722,10.3703534447765,10.9593318239602,11.0073891049988,11.068127715031,11.1299436609237,11.1808764108966,11.2426351441602,11.3058059744566,11.3291376689771,11.3522288842145,11.3614497448419,11.3780395080627,11.39323785402,11.4070754207073,11.5718287897991
15.9403957567141,16.091212663411,16.1103733661646,16.1192941632134,16.1272419457927,16.1380221864787,16.1599404854556,16.1709258084908,16.1127836701341,16.0661332195551,16.0096527000724,15.9629181470503,15.902095092648,15.8484926429545,16.133420350837,16.4169105811535,16.7013682317125
11.6002544355135,11.6207796320988,11.6502400404299,11.6695462112484,11.6982268224054,11.728728446086,11.7599617375698,11.7805952105178,11.7717896463019,11.7639431014332,11.7562058067787,11.7483051917009,11.737776042701,11.7254599957339,11.5621989739918,11.40801378513,11.2544505593514
9.55024864814833,9.58076189866375,9.61023458049391,9.63955653308275,9.66826715492854,9.6987573687263,9.68996260788329,9.67058167191788,9.6617489391831,9.64385341203586,9.63606465010807,9.61811628262737,9.59759916959862,9.57533580320798,9.55214895634563,9.52805896337806,9.49457678638259
6.84032122483577,7.01098428552469,7.17030305104277,7.32942709170115,7.4877613632868,7.64839466318362,7.80995169368188,7.97075145327869,8.13225942845609,8.14497816555943,8.14783483105805,8.16048530452238,8.16981725391007,8.17689324461404,8.18277620466458,8.3674924037266,8.55299383118119
9.41008347361828,9.15025577684228,8.90007875096891,8.63985112381329,8.38941826694077,8.19958283651309,8.0199874471003,7.84019527295881,7.65058713601008,7.47129362815463,7.2920359624288,7.08272471555599,6.87255111564844,6.66179128138729,6.45072142568869,6.23934837499861,6.02817937408232
6.57034499995752,6.46105713639293,6.35032548105016,6.24938468848994,6.13759567292141,6.02827584585068,5.90994811834003,5.79080707131068,5.6724266577007,5.55534661929991,5.43841471792097,5.32126136341902,5.26054386773623,5.19740344093671,5.13298168256217,5.0673068065994,5.00247527689107
6.06039427076904,6.26120811023172,6.46037196428915,6.65929681341407,6.85725230144049,7.058029612562,7.25994070891451,7.46092233236381,7.62277321830629,7.79611019119629,7.95961645714348,8.12286964336929,8.28204967928387,8.44846075568436,8.40340750846836,8.35692218097395,8.31140064135564
9.38031004114363,9.3809500168597,9.37029250008535,9.36944703794853,9.36783930316263,9.36845055423169,9.35995337550386,9.39072529084917,9.41218076469959,9.43480484685914,9.45756205532977,9.48012025050192,9.49947545859052,9.54665325094909,9.59267954894302,9.62757970763841,9.67323775639002
4.43006493840823,4.47019898192197,4.5200612644171,4.55988418157993,4.51954744002168,4.46967546713122,4.42999023445562,4.39015191284834,4.34045676321083,4.30100637967932,4.40158387957843,4.50211969595565,4.60198464368528,4.71139352964888,4.81056123403827,4.9094930674958,5.03858364173613
7.29000213767545,7.24000655018777,7.20000201673312,7.1299961874306,7.06998510240133,6.99998931686265,6.93999967853292,6.87000500074411,6.81001503596276,6.68003312851615,6.56005213895037,6.44006977722538,6.3100653315063,6.19004587291498,6.07001847498641,5.75998331253904,5.44995337560113
15.3200540675466,15.310165671821,15.3000510085914,15.2899035698903,15.2596231997611,15.2397297947933,15.2099918692336,15.180126482235,15.1603802998391,15.1308379090546,15.0413187339404,14.9417648532365,14.851652409074,14.7511602490935,14.6604672819733,14.5595779293402,14.5388207438622
6.90021431499553,6.94065669625862,6.98020218979245,7.01961776666737,7.05850642489699,7.1089289503354,7.14996777095918,7.1905013550888,7.23150744695159,7.27332133574615,7.31522724769746,7.35699559231282,7.39654988186939,7.43459903943938,7.05185223003957,6.66832698028214,6.27532561971601
7.48031043218182,7.55095121506476,7.61029286899995,7.6694463405273,7.72783657799215,7.79844859999924,7.8599533166989,7.86072620561943,7.86218351518059,7.87481090695355,7.87757159294264,7.88013301462851,7.87948740947582,7.91666164233598,7.9526829285137,7.98757665505408,8.02322922753657
6.46029166234886,6.45089370122142,6.44027516109938,6.36947981674667,6.30796738617536,6.24854240315683,6.18995613933719,6.12068229664681,6.06205149209274,5.85452002242159,5.65711378752455,5.44952033655221,5.24891376698148,5.03625885576545,4.82252070912087,4.72772317910187,4.62363861250245
4.89038019339432,4.90116497484921,4.92035868336372,4.9293219205786,4.94735040757789,4.9580999649302,4.99994282589323,5.04088940063434,5.0826742009904,5.13589202779733,5.17927310307991,5.22241013481207,5.18161944741312,5.13815866575646,5.10328584392374,5.05703207400979,5.02170768008005
4.14027461308392,4.12084145948038,4.10025907642303,4.08951022431261,4.06808620360844,4.00862760769164,3.94995870323365,3.89064241266334,3.84193157112128,3.78425580230507,3.72669794760311,3.76896382063291,3.80839270838246,3.84589299129721,3.88237335983905,3.91785627177861,3.96401047051312
13.3403326431508,13.2510192731127,13.160313823349,13.069406727001,12.9676817883087,12.8783375995961,12.4799499765769,12.0907781645704,11.6923397425012,11.2951551203164,10.8981133293541,10.5008580170188,10.2701662197608,10.0371382731111,9.80287488812856,9.5674032682642,9.33274478866028
6.71020907508383,6.52064064031068,6.37019724633688,6.21962711211194,6.05854294218147,5.90895513705022,5.7599685589457,5.60048909716727,5.48147059050623,5.35324013048098,5.23509944368491,5.10682455301652,4.97638974000639,4.8544865948551,4.7418069437924,4.61836788491215,4.50543990635231
7.50023621313399,7.59072379574253,7.69022284900978,7.83957871107809,7.97835381534992,8.12881951331821,8.27996447788116,8.43055258222352,8.5816614738874,8.77366070103344,8.97576135401858,9.16771038340183,9.36721913144612,9.555068957105,9.74204148599787,9.90815603555972,10.0748480039225
11.6900980984465,11.8003005897119,12.0500925483748,12.289825040259,12.5393163455647,12.7795097482195,13.0299852477946,13.2702294853666,13.4406900039994,13.6015202756858,13.7623926691504,13.9332020938904,14.0929980787586,14.2521051192568,14.4708478216323,14.6892342083447,14.9078603949631
8.64035117836087,8.86107606803303,9.09033130990076,9.20937366923439,9.33755261522777,9.45824496897797,9.5799471892216,9.71082152468083,9.83247011530045,9.94544236879167,10.0585654122044,10.1714630366191,10.270732691724,10.3775360248495,10.483035079779,10.467258575767,10.4623405210065
6.84028704809826,7.03087956240159,7.07027080790716,7.10948804631727,7.14799954318706,7.18856546309974,7.22995683323578,7.27067150235771,7.11201903641698,6.94444851330749,6.7870012436926,6.61936971985846,6.45877274653496,6.28615983740019,6.1124808301868,5.92775919959695,5.75373925297322
6.39000041710742,6.44000127808546,6.1500003935089,5.85999925608405,5.56999709315146,5.27999791548543,4.99999993727476,4.71000097575496,4.81000293384637,4.91000646410072,5.01001017345372,5.11001361506839,5.21001274761099,5.31000895081268,5.5700036048754,5.82999674391008,6.08999090255633
6.87037237263059,6.59114101074781,6.31035130507182,6.01933586900334,5.73740491098756,5.44813904957919,5.36994400199252,5.28087110522908,5.20261919137047,5.12577082590901,5.03908235082237,4.96215485228028,4.95138042970714,4.94799083801874,4.93321825251005,4.92709312569637,4.91187825714917
7.51031473360187,7.49096439532053,7.47029692706049,7.44943866889369,7.41780660111683,7.27842710344229,7.13995266984429,7.00073626809232,6.86221377047155,6.72487756799212,6.58767650668429,6.58027342002099,6.57961886921411,6.57675394759173,6.56272010379123,6.55754307662646,6.55313541014855
10.2701099077997,10.310336775505,10.3401036895955,10.3798039781377,10.2592340454161,10.1394507303995,10.0199834718847,9.90025711142859,9.78077306852546,9.66170329053714,9.59268070505929,9.51358757051343,9.43335899549463,9.35235853914079,9.27094988466693,9.18914202029797,9.15760282358871
3.53038058443251,3.55116617305428,3.56035905227832,3.57932122315736,3.59734768240741,3.60809801069775,3.61994276708826,3.63089031540461,3.6526769514714,3.66589808789174,3.67928264069279,3.87242289893866,4.06163139829842,4.24816705714335,4.43328922349442,4.62702902142546,4.81169915122659
6.43018412684752,6.45056419482723,6.47017370958571,6.49967160758687,6.51871680805832,6.49907981708052,6.48997231070244,6.47043073482449,6.45129510981864,6.44285349645726,6.42449094398336,6.44601020174011,6.45562727352433,6.47395122437177,6.49159132718276,6.50856263979234,6.51598404720279
11.1000621229333,11.0401903548455,10.970058608232,10.8998892030128,10.8295670612492,10.7696895376049,10.6999906578514,10.5401453265025,10.3904369597477,10.2409627469995,10.0815152087657,9.9320277942442,9.78189859731113,9.72133311166331,9.66053690112934,9.59951504610297,9.53864504948101
11.6900977074083,11.7002993915068,11.7100921794602,11.7098257376803,11.7193190707352,11.5695117024519,11.4199853065996,11.2702285705964,11.1206872535184,10.9715142155914,10.8223831315375,10.7131893297638,10.5929861278733,10.4820967278699,10.3708444420616,10.249237260929,10.1378689238165
5.52018443967807,5.57056515339129,5.63017400471738,5.68967104964988,5.73871462792193,5.77907825369456,5.81997226365846,5.86043146664071,5.90129731020344,5.94285834453279,5.98449857407366,6.03602041304138,6.08563683423257,6.12395793748128,6.17159403083931,6.21856019772487,6.26597722412003
6.62008933919107,6.60027374991833,6.58008428468784,6.55984066249474,6.58937738938351,6.60955352302635,6.62998656502583,6.65020899451275,6.67062839322503,6.69138452957087,6.65217902662196,6.60291617745483,6.55273037892792,6.50191715219058,6.46077211924895,6.40930258623368,6.45805144128048
9.55024864814833,9.58076189866375,9.61023458049391,9.63955653308275,9.66826715492854,9.6987573687263,9.68996260788329,9.67058167191788,9.6617489391831,9.64385341203586,9.63606465010807,9.61811628262737,9.59759916959862,9.57533580320798,9.55214895634563,9.52805896337806,9.49457678638259
5.37006830133663,5.39020928648557,5.40006443708262,5.41987818375729,5.43952400355553,5.45965866073215,5.46998972873292,5.49015977987261,5.5104804173474,5.3910584964913,5.27166590304917,5.14222946744431,5.02208742129885,4.90146569557611,4.78059029834615,4.85946681527058,4.94851029359641
6.11035735676422,6.15109499967314,6.19033713875137,6.22936264997885,6.25750955753413,6.27821409210526,6.30994626010316,6.34083597805099,6.37251357290019,6.40553811828345,6.48871610648789,6.56166470981924,6.64092151571167,6.70766860876231,6.78308847699579,6.8472103449346,6.89220576512187
9.3300552406612,9.52016926643624,9.70005211533514,9.87990147762661,10.0596150242497,10.299723932096,10.5299916928187,10.7701292265458,11.0003885512821,11.2308560893378,11.4713473467791,11.4218031456162,11.3816882617299,11.3311854232541,11.2904774206853,11.2495687715872,11.1987951573018
6.23024153125333,6.22074009133147,6.20022786624828,6.18956922614927,6.16831675303134,6.15879293575689,6.13996367813364,6.3105650230991,6.49169888042896,6.66374311831749,6.83589106555371,7.00788397552345,7.18738166348619,7.12518307996665,7.07208744815918,7.00811452041284,6.95473201151548
9.39032099021286,9.48098356660165,9.57030282969402,9.65942751015389,9.7477629983891,9.82839583572309,9.90995172896486,9.99075090441653,10.0722577781675,10.1549745295028,10.2378291084903,10.3104776460464,10.3698100833789,10.4368882097819,10.5027741769222,10.5574942352772,10.6229989484933
4.13010544996436,4.1203231159672,4.10009948396916,4.08981192873977,4.41926511235959,4.74947300864942,5.0899841422613,5.42024668304759,5.75074171304209,6.0816342054608,6.21257197627249,6.35344205947031,6.48322275540223,6.62226287733028,6.75091135756113,6.87917681975932,7.0877000525181
11.6703022203799,11.7509260527583,11.8402851217934,11.9294609863733,12.0078938065723,12.0984896388807,12.1999545516032,12.3007069954439,12.4021257550797,12.5046836449708,12.6073713030722,12.7098649679701,12.6692364408845,12.6264854232114,12.5826119575293,12.547640759325,12.5034083334591
4.63001699712654,4.73005208198042,4.82001603548773,4.83996968542359,4.85988154592296,4.87991505602956,4.89999744394427,4.92003976201411,4.94011955424063,4.94026341210395,4.9504145682397,4.95055481403578,4.95051946514765,4.96036474561665,4.9601468986724,4.97986731433454,4.99962927916981
13.8500525816015,13.5401611186418,13.2400496067159,12.929906220091,12.619633555409,12.1397372208766,11.6599920926925,11.180123006108,10.7003698480113,10.2108148806958,9.73128249101152,9.24171634955542,8.75160699570984,8.26112836182328,7.76045443960465,7.2695895291606,6.77885315350533
6.39000041710742,6.44000127808546,6.1500003935089,5.85999925608405,5.56999709315146,5.27999791548543,4.99999993727476,4.71000097575496,4.81000293384637,4.91000646410072,5.01001017345372,5.11001361506839,5.21001274761099,5.31000895081268,5.5700036048754,5.82999674391008,6.08999090255633
12.3201594914418,12.1504887079078,11.9901504679662,11.8197155451248,11.6488884937988,11.4692029337249,11.2999760154152,11.1303731042979,10.9611218295158,10.8124717105091,10.6638900743721,10.515206061765,10.3548743677505,10.2034225669979,10.0513784142297,10.0087549526051,9.96652136497051
14.0903192696448,14.2409782944993,14.0003012064698,13.7694305788073,13.5377749891392,13.2984044343459,13.0699519877067,12.8307468794274,12.8022456760511,12.7749478650873,12.7377871429937,12.7104214838894,12.6697574994836,12.6368512876796,12.7227593068112,12.7975076666482,12.8830364754485
6.78039724265926,6.75121721659025,6.72037476804007,6.68929151301267,6.65723159014481,6.59801476039538,6.53994026199678,6.48092928461781,6.42279412196186,6.36615624791385,6.30968894300135,6.34296665073137,6.37214050601214,6.3985245302247,6.42343319320556,6.44689898133305,6.47133582206938
6.78039724265926,6.75121721659025,6.72037476804007,6.68929151301267,6.65723159014481,6.59801476039538,6.53994026199678,6.48092928461781,6.42279412196186,6.36615624791385,6.30968894300135,6.34296665073137,6.37214050601214,6.3985245302247,6.42343319320556,6.44689898133305,6.47133582206938
8.00030010877369,7.94091958245092,7.88028312965463,7.81946475244795,7.69790852249291,7.58850019173591,7.46995486914996,7.36070205568449,7.24211090248227,7.12465092046097,7.05731979996269,6.99979604168655,6.92917190610394,6.85644010972219,6.78259370784765,6.70765724328036,6.6334543892678
9.870369478948,9.8811321440303,9.88034857510382,9.8893410299205,9.89742507724914,9.89815351089932,9.90994443714926,9.93086433592914,9.96259883781109,9.98572598121033,10.0090117724871,10.0320603977435,10.0512919931559,10.0379287417558,10.023193243687,10.0171157148204,10.0019413706647
6.46029166234886,6.45089370122142,6.44027516109938,6.36947981674667,6.30796738617536,6.24854240315683,6.18995613933719,6.12068229664681,6.06205149209274,5.85452002242159,5.65711378752455,5.44952033655221,5.24891376698148,5.03625885576545,4.82252070912087,4.72772317910187,4.62363861250245
9.39032099021286,9.48098356660165,9.57030282969402,9.65942751015389,9.7477629983891,9.82839583572309,9.90995172896486,9.99075090441653,10.0722577781675,10.1549745295028,10.2378291084903,10.3104776460464,10.3698100833789,10.4368882097819,10.5027741769222,10.5574942352772,10.6229989484933
8.77007447973998,9.00022821812567,9.24007026593322,9.46986716450175,9.69948094586189,9.92962778385944,10.1599887996145,10.3101742332428,10.4605238749472,10.6111542459831,10.7518165973326,10.9024311406444,11.0522762452866,11.1515982794889,11.240643695563,11.3394185844382,11.4383755377118
6.97005250339389,7.08016087900076,7.20004953293298,7.31990635957527,7.44963410044306,7.58973761172312,7.71999210445349,7.85012282315398,7.99036929791514,8.1208136686769,8.25128058348894,8.3717137967301,8.50160460553278,8.62112668354591,8.75045376369052,8.86959013967746,9.12885485927602
11.6900977074083,11.7002993915068,11.7100921794602,11.7098257376803,11.7193190707352,11.5695117024519,11.4199853065996,11.2702285705964,11.1206872535184,10.9715142155914,10.8223831315375,10.7131893297638,10.5929861278733,10.4820967278699,10.3708444420616,10.249237260929,10.1378689238165
9.06019093091197,9.09058504359545,9.13018012869966,9.15965947245735,9.1886693900919,9.22904581343589,9.25997128749605,9.23044665182707,9.20134296818798,9.17295894210009,9.13465689844742,9.10623229754277,9.07583521892853,9.08409723450359,9.09165013171266,9.10850952482501,9.11583564515266
7.10013157131523,6.71040315606586,6.31012412746412,5.91976534100113,5.6290830709713,5.34934246592177,5.06998021408967,4.78030778970115,4.50092544517268,4.22203901976777,3.93320908881268,3.65429470312649,3.37402107454018,3.09282342197428,2.80113711288283,2.51897290712615,2.66713032510726
5.66010959496914,5.73033581694094,5.81010339446387,5.83980453607466,5.87923622555247,5.91945229378545,5.94998351892867,5.99025637961237,6.03077086814066,5.92169844246161,5.80267307496899,5.69357735921216,5.58334943478639,5.47235182603128,5.36094718101038,5.36914446236544,5.37760964667147
11.6900980984465,11.8003005897119,12.0500925483748,12.289825040259,12.5393163455647,12.7795097482195,13.0299852477946,13.2702294853666,13.4406900039994,13.6015202756858,13.7623926691504,13.9332020938904,14.0929980787586,14.2521051192568,14.4708478216323,14.6892342083447,14.9078603949631
4.14027461308392,4.12084145948038,4.10025907642303,4.08951022431261,4.06808620360844,4.00862760769164,3.94995870323365,3.89064241266334,3.84193157112128,3.78425580230507,3.72669794760311,3.76896382063291,3.80839270838246,3.84589299129721,3.88237335983905,3.91785627177861,3.96401047051312
10.8301902270432,10.8505828868263,10.8801794646534,10.9096607278156,10.9386742953988,10.8290493310543,10.719971393345,10.6004450052406,10.4913380173222,10.3829480339301,10.2646397307442,10.1862093221149,10.095813707335,10.0040821300072,9.91164404848543,9.8285150194768,9.73585099708888
13.8500525816015,13.5401611186418,13.2400496067159,12.929906220091,12.619633555409,12.1397372208766,11.6599920926925,11.180123006108,10.7003698480113,10.2108148806958,9.73128249101152,9.24171634955542,8.75160699570984,8.26112836182328,7.76045443960465,7.2695895291606,6.77885315350533
7.7402031313034,7.66062242759362,7.59019163883503,7.50963771291475,7.41858436477282,7.33898484138346,7.24996945278116,7.16047519265928,7.08142878319508,6.99314801704586,7.16495447196918,7.33663053829236,7.50620808654985,7.67435904577443,7.841755574318,8.00841428419395,7.80556954492484
6.42001214825302,6.32003722423756,6.23001146094675,6.13997833344693,6.10991533803696,6.07993928851194,6.04999817312583,6.03002841886285,6.00008544827627,5.97018826693319,5.95029630184003,5.92039653886607,5.90037127416995,5.88026069241926,5.85010499199592,5.82990516638022,5.79973503695266
5.36009989722211,5.40030610145521,5.45009424538191,5.47982183212134,5.50930380978046,5.5295007587502,5.55998497729179,5.59023369330985,5.62070265621194,5.7015481521201,5.79243654216964,5.88326080887274,5.97305305283098,6.0621437196365,6.14086336765742,6.1992201664568,6.25782116223718
6.47026843468057,6.47082252784027,6.47025324757243,6.47952124356816,6.34812926130208,6.22865848456435,6.09995963235209,5.97062795929319,5.85188811352153,5.7241600528133,5.65654725331965,5.5787621474328,5.50820388439474,5.43576040738441,5.35231996262224,5.27790450261101,5.18414522639772
8.64035117836087,8.86107606803303,9.09033130990076,9.20937366923439,9.33755261522777,9.45824496897797,9.5799471892216,9.71082152468083,9.83247011530045,9.94544236879167,10.0585654122044,10.1714630366191,10.270732691724,10.3775360248495,10.483035079779,10.467258575767,10.4623405210065
3.3502787580887,3.33085416045412,3.31026298691774,3.2895028316475,3.26805731680131,3.23860689282767,3.20995807990102,3.18065210922813,3.15196072621985,3.12432003930587,3.0967990462996,3.06909912037476,3.02851938776663,2.99598193999821,2.9624091832883,2.92782391438473,2.88392006466649
11.7703838691533,11.2911762379769,10.8103621511609,10.319315364819,9.83732479097535,9.35808159514517,9.31994227312656,9.29089799947482,9.26270005551177,9.22594899268483,9.19936275664096,9.17253011760201,9.39173178573493,9.61823754479319,9.84331761188817,10.0670033797171,10.2916275088576
11.6703022203799,11.7509260527583,11.8402851217934,11.9294609863733,12.0078938065723,12.0984896388807,12.1999545516032,12.3007069954439,12.4021257550797,12.5046836449708,12.6073713030722,12.7098649679701,12.6692364408845,12.6264854232114,12.5826119575293,12.547640759325,12.5034083334591
8.84011679007178,9.47035786391422,10.1101101824924,10.7397917035239,11.3791860824156,12.0994163359084,12.8099824369173,13.5302732113852,14.250821476991,14.9718099481989,15.6928485670459,15.7038122191414,15.7135693310759,15.71250622755,15.721009365111,15.7290882948138,15.7274527157679
6.42001214825302,6.32003722423756,6.23001146094675,6.13997833344693,6.10991533803696,6.07993928851194,6.04999817312583,6.03002841886285,6.00008544827627,5.97018826693319,5.95029630184003,5.92039653886607,5.90037127416995,5.88026069241926,5.85010499199592,5.82990516638022,5.79973503695266
15.1700541457543,15.390165911462,15.6100510823743,15.8199034304061,16.039622654727,16.2597294039468,16.2799918574726,16.3101266651891,16.3403808499353,16.3708391210735,16.391320641463,16.4217674060618,16.321654799251,16.2311619273708,16.1304679578874,16.0395773188233,15.9388190380915
2.53001496372797,2.43004585131406,2.33001411713184,2.23997331201403,2.13989571680947,2.4799252180383,2.81999774973008,3.15003500520874,3.49010525173945,3.83023189961299,4.17036497265274,4.41048844057751,4.6504573205441,4.89032111040484,5.14012932490485,5.37988318777305,5.61967362920778
7.7402031313034,7.66062242759362,7.59019163883503,7.50963771291475,7.41858436477282,7.33898484138346,7.24996945278116,7.16047519265928,7.08142878319508,6.99314801704586,7.16495447196918,7.33663053829236,7.50620808654985,7.67435904577443,7.841755574318,8.00841428419395,7.80556954492484
7.10013157131523,6.71040315606586,6.31012412746412,5.91976534100113,5.6290830709713,5.34934246592177,5.06998021408967,4.78030778970115,4.50092544517268,4.22203901976777,3.93320908881268,3.65429470312649,3.37402107454018,3.09282342197428,2.80113711288283,2.51897290712615,2.66713032510726
6.84028704809826,7.03087956240159,7.07027080790716,7.10948804631727,7.14799954318706,7.18856546309974,7.22995683323578,7.27067150235771,7.11201903641698,6.94444851330749,6.7870012436926,6.61936971985846,6.45877274653496,6.28615983740019,6.1124808301868,5.92775919959695,5.75373925297322
8.73031066680473,8.57095193398781,8.4102930903487,8.24944592207455,8.08783494288986,7.92844742745977,7.76995328141592,7.66072675448159,7.55218516546918,7.4348145430102,7.32757731551037,7.22014067310446,7.109494580007,7.06666667716811,7.01268495625611,6.96757482350348,6.92322411022449
12.5602240127426,12.6106864117444,12.6602113388744,12.7096004706207,12.768438840669,12.8188804853706,12.8699663125961,12.9105240413913,12.9415756588803,12.9834716260877,13.0254637804968,13.0673121426522,13.0968462638248,13.1848071458342,13.2619360433925,13.3482512761908,13.4251141041503
11.6900977074083,11.7002993915068,11.7100921794602,11.7098257376803,11.7193190707352,11.5695117024519,11.4199853065996,11.2702285705964,11.1206872535184,10.9715142155914,10.8223831315375,10.7131893297638,10.5929861278733,10.4820967278699,10.3708444420616,10.249237260929,10.1378689238165
7.10013157131523,6.71040315606586,6.31012412746412,5.91976534100113,5.6290830709713,5.34934246592177,5.06998021408967,4.78030778970115,4.50092544517268,4.22203901976777,3.93320908881268,3.65429470312649,3.37402107454018,3.09282342197428,2.80113711288283,2.51897290712615,2.66713032510726
6.47026843468057,6.47082252784027,6.47025324757243,6.47952124356816,6.34812926130208,6.22865848456435,6.09995963235209,5.97062795929319,5.85188811352153,5.7241600528133,5.65654725331965,5.5787621474328,5.50820388439474,5.43576040738441,5.35231996262224,5.27790450261101,5.18414522639772
5.18000948919336,5.18002907644308,5.25000895232751,5.31998307591135,5.38993386919624,5.4599525772926,5.52999857299959,5.59002219842506,5.77006674500549,5.94014705829117,6.11023144607246,6.28030974280526,6.46029000814992,6.63020363098843,6.64008201091527,6.64992592395365,6.66979303315616
7.91017075334154,7.95052321621385,7.98016109270655,8.01969545939318,8.08881000888885,8.1591466518303,8.21997432183222,8.2903994496815,8.36120104336855,8.43264624122823,8.51416475762296,8.60557366861075,8.68521855324711,8.77366423894026,8.86147574586537,8.93866703817639,9.05627573399098
9.06019093091197,9.09058504359545,9.13018012869966,9.15965947245735,9.1886693900919,9.22904581343589,9.25997128749605,9.23044665182707,9.20134296818798,9.17295894210009,9.13465689844742,9.10623229754277,9.07583521892853,9.08409723450359,9.09165013171266,9.10850952482501,9.11583564515266
4.38038535509838,4.51118079115613,4.64036355303638,4.76931271461827,4.90731443532751,5.03807416906186,5.1699420496677,5.30090147560181,5.43271050733956,5.55597202104361,5.67939899956989,5.81257862128305,5.93177719909906,6.04826943206336,6.11333045425677,6.16699177989665,6.23159509921443
9.96036337875229,9.89111345203121,9.81034282003613,9.7293519096918,9.64746758990868,9.57818399692554,9.4299453545067,9.28085006551304,9.13255593030754,8.98563144373745,8.8388629857262,8.69186127736872,8.59110555934527,8.48779783612036,8.38314052238432,8.28716333513594,8.18207442077865
6.70006806671372,6.63020856756253,6.55006421573386,6.47987860221003,6.40952563865782,6.32965983327162,6.2599897640159,6.17015923101045,6.07047876705881,5.98105486043465,5.89166018048145,5.80222180896836,5.70208025076767,5.68146066074397,5.65058827060374,5.61946864682117,5.58851541090848
6.39000041710742,6.44000127808546,6.1500003935089,5.85999925608405,5.56999709315146,5.27999791548543,4.99999993727476,4.71000097575496,4.81000293384637,4.91000646410072,5.01001017345372,5.11001361506839,5.21001274761099,5.31000895081268,5.5700036048754,5.82999674391008,6.08999090255633
7.54021384574971,7.74065525841254,7.90020174709494,8.05961860357285,8.21850969510157,8.37893129541434,8.53996784152513,8.70050025736448,8.83150414637439,8.95331406363285,9.08521580256201,9.21698027536091,9.34653554080704,9.47458896977511,9.56184817455475,9.65833064338333,9.75533585434015
10.0103741714062,9.95114652249113,9.89035300207896,9.93933266086565,9.97739237520334,10.0181300601099,10.0599437314897,10.1108753131723,10.1526318435831,10.4257987023433,10.6991262238416,10.9822135672626,11.2514354037795,11.5180294383984,11.7832337985352,11.6570790838085,11.5318390244233
6.96030878982143,6.84094618260347,6.71029131955865,6.57944926969649,6.44784802370818,6.31845680777553,6.22995356367975,6.14072236358433,6.0421719631604,5.954785454557,5.86753153496856,5.78007940529683,5.86943721575757,5.95662639851106,6.04266873431683,6.12758947590826,6.21326504872108
7.3700650948235,7.440199461204,7.52006141198294,7.67988390261143,7.84954634995349,8.00967468543823,8.16999021093363,8.34015227875645,8.50045786340323,8.65100880371709,8.80158769462358,8.95212480160628,9.1019894240394,9.25139688620364,9.40056258586654,9.56949184646207,9.74858023019474
8.93037378036806,8.87114532428606,8.79035263316436,8.71933335828689,8.63739510037382,8.55813201434237,8.47994379029465,8.41087439840203,8.42262909310206,8.43579264224891,8.44911668622873,8.472200803136,8.48142345289422,8.48802104701153,8.48323041896452,8.47708213639279,8.48184755327673
9.21037464065207,9.79114796033722,10.3703534447765,10.9593318239602,11.0073891049988,11.068127715031,11.1299436609237,11.1808764108966,11.2426351441602,11.3058059744566,11.3291376689771,11.3522288842145,11.3614497448419,11.3780395080627,11.39323785402,11.4070754207073,11.5718287897991
5.5800116790072,5.70003578639147,5.83001101824924,5.95997917035242,6.07991860824154,6.15994163359088,6.24999824369179,6.33002732113853,6.41008214769908,6.4901809948199,6.57028485670458,6.89038122191416,7.20035693310759,7.520250622755,7.8301009365111,8.14990882948141,8.45974527157681
6.46029166234886,6.45089370122142,6.44027516109938,6.36947981674667,6.30796738617536,6.24854240315683,6.18995613933719,6.12068229664681,6.06205149209274,5.85452002242159,5.65711378752455,5.44952033655221,5.24891376698148,5.03625885576545,4.82252070912087,4.72772317910187,4.62363861250245
9.33039387973085,9.16120691202665,9.02037159537456,8.8692975108353,8.72725502661097,8.58803156679445,8.44994076771947,8.31092141759355,8.43277046782529,8.55610413110188,8.67960691953061,8.8128568792427,8.93203772839857,9.04845236429748,9.23340412889768,9.42692523355828,9.6114091702091
6.78039724265926,6.75121721659025,6.72037476804007,6.68929151301267,6.65723159014481,6.59801476039538,6.53994026199678,6.48092928461781,6.42279412196186,6.36615624791385,6.30968894300135,6.34296665073137,6.37214050601214,6.3985245302247,6.42343319320556,6.44689898133305,6.47133582206938
7.50023621313399,7.59072379574253,7.69022284900978,7.83957871107809,7.97835381534992,8.12881951331821,8.27996447788116,8.43055258222352,8.5816614738874,8.77366070103344,8.97576135401858,9.16771038340183,9.36721913144612,9.555068957105,9.74204148599787,9.90815603555972,10.0748480039225
11.250038895265,11.4401191814643,11.6400366947051,11.8499306298343,12.0497289363759,12.2498056190124,12.4599941508663,12.6600909891488,12.8202735811765,12.9806027773912,13.1409486745608,13.3012696051248,13.4711887147244,13.6308346632823,13.7503361546307,13.8696963696121,13.9991516633763
7.43003991196428,7.51012229679751,7.59003765388301,7.6699288165391,7.74972185093263,7.429800538008,7.10999399797335,6.79009336755152,6.47028073242704,6.15061853363672,5.8309734723543,5.88130279185392,5.93121978702616,5.99085648088817,6.04034494151449,6.08968843289286,6.1491294883573
2.92039567850651,2.96121242376997,3.01037329238169,3.14929430269761,3.28724249082675,3.42802257732518,3.57994049721663,3.72092562553676,3.86278312003787,4.01613200753619,4.15965079254984,4.31291559422501,4.45209270247095,4.58849096467715,4.73341967492282,4.86691119167037,5.0013699374832
4.14027461308392,4.12084145948038,4.10025907642303,4.08951022431261,4.06808620360844,4.00862760769164,3.94995870323365,3.89064241266334,3.84193157112128,3.78425580230507,3.72669794760311,3.76896382063291,3.80839270838246,3.84589299129721,3.88237335983905,3.91785627177861,3.96401047051312
6.87037237263059,6.59114101074781,6.31035130507182,6.01933586900334,5.73740491098756,5.44813904957919,5.36994400199252,5.28087110522908,5.20261919137047,5.12577082590901,5.03908235082237,4.96215485228028,4.95138042970714,4.94799083801874,4.93321825251005,4.92709312569637,4.91187825714917
12.1701605863487,12.080492062882,11.9901515009271,11.8997135923453,11.8088808633214,11.709197461874,11.9299758507613,12.1503756656547,12.3711295308626,12.5824886787734,12.8039167796882,13.0252418013194,13.2349078302293,13.4534460628812,13.6713878770276,13.8787464053689,14.0964974841808
11.6102541226829,11.8207786735347,12.0302397452982,12.2395467691854,12.4382290025418,12.648730009472,12.6999617846138,12.7605944787016,12.8117874459171,12.8639382533577,12.9161981766883,12.9782949803996,13.1777664819928,13.3854532826244,13.5821962703352,13.7780162271975,13.9844573824342
5.5800116790072,5.70003578639147,5.83001101824924,5.95997917035242,6.07991860824154,6.15994163359088,6.24999824369179,6.33002732113853,6.41008214769908,6.4901809948199,6.57028485670458,6.89038122191416,7.20035693310759,7.520250622755,7.8301009365111,8.14990882948141,8.45974527157681
7.59032881097659,7.65100753070304,7.71031020798592,7.76941356172915,7.82770849497943,7.8883567510741,7.93995055286557,7.98076919982179,8.03231278778743,8.08509573139109,8.13801986074787,8.18073292857821,8.19004910108486,8.20705603751963,8.21284176833585,8.21743318359062,8.22282837142414
7.54021384574971,7.74065525841254,7.90020174709494,8.05961860357285,8.21850969510157,8.37893129541434,8.53996784152513,8.70050025736448,8.83150414637439,8.95331406363285,9.08521580256201,9.21698027536091,9.34653554080704,9.47458896977511,9.56184817455475,9.65833064338333,9.75533585434015
8.84014705642743,8.95045060498662,9.06013873648209,9.16973772312014,9.28897515422015,9.37926507831676,9.46997788541307,9.56034401460357,9.65103436422015,9.74227899950664,9.84358677828261,9.93480016253943,10.034494329598,10.133155720895,10.2312709438819,10.3188520247867,10.4167925825104
6.55016199408616,6.27049637642029,6.05015282901962,5.83971108162889,5.61887105270768,5.40919042663718,5.19997563906343,4.98037895882761,4.80113943259422,4.63251049511332,4.45395111509452,4.27528775217515,4.10495085341642,3.92347627187402,3.74140004348205,3.55873541606536,3.38646678030839
6.11035735676422,6.15109499967314,6.19033713875137,6.22936264997885,6.25750955753413,6.27821409210526,6.30994626010316,6.34083597805099,6.37251357290019,6.40553811828345,6.48871610648789,6.56166470981924,6.64092151571167,6.70766860876231,6.78308847699579,6.8472103449346,6.89220576512187
8.20016746862077,8.25051315129126,8.30015799382396,8.35970131773157,8.40883290032091,8.45916306738288,8.50997481579392,8.61039176561129,8.70117793932818,8.80259533643514,8.89408464167479,8.9954664499474,9.08511816581061,9.36359375129042,9.64144735747162,9.91869267988475,10.20634737636
7.26012789555628,7.1703918929382,7.08012065966692,6.98977189676076,6.89910868757384,6.8093608357068,6.76998076685633,6.73029919086068,6.68089959065131,6.64198205488027,6.60311943525164,6.55417472033655,6.56390873621837,6.57274454293755,6.5811053449184,6.58900160141884,6.59721049632974
5.5800116790072,5.70003578639147,5.83001101824924,5.95997917035242,6.07991860824154,6.15994163359088,6.24999824369179,6.33002732113853,6.41008214769908,6.4901809948199,6.57028485670458,6.89038122191416,7.20035693310759,7.520250622755,7.8301009365111,8.14990882948141,8.45974527157681
7.29000213767545,7.24000655018777,7.20000201673312,7.1299961874306,7.06998510240133,6.99998931686265,6.93999967853292,6.87000500074411,6.81001503596276,6.68003312851615,6.56005213895037,6.44006977722538,6.3100653315063,6.19004587291498,6.07001847498641,5.75998331253904,5.44995337560113
13.1103302969217,12.9810120838823,12.8403116098614,12.7094109115285,12.5676981393316,12.4383493249908,12.1799503294067,11.9307726759488,11.6723232396152,11.4151187597499,11.1680561036768,10.9107814322593,11.010094514449,11.0970879247898,11.1828546107045,11.2674215837702,11.362795961781
8.64007588747745,8.62023253166393,8.63007159402577,8.63986465378529,8.64947113524815,8.66962074862262,8.67998858791661,8.69017752641571,8.69053377667874,8.68117606232297,8.68185093273899,8.68247709150015,8.68231926847364,8.67162848848169,8.77065586201742,8.86940759513459,8.96834483383936
6.70036439545158,6.58111656736439,6.46034377921408,6.23935009639658,6.02746050446543,5.80817891592117,5.58994520161379,5.37085244391572,5.15256308155813,4.99564719998293,4.82888778351968,4.67189446409785,4.50113663164705,4.33781965372626,4.1631493092681,4.08715539841668,4.01205224575966
8.93004210177812,8.7301290067459,8.53003971980474,8.32992491098017,8.12970658997792,7.92978959430628,7.72999366866555,7.53009849026499,7.35029613512062,7.16065247016544,6.98102688298641,6.80137427096282,6.62128671198383,6.43090347265474,6.35036386711032,6.25967133842062,6.16908172677794
17.7001190580933,17.5303648135036,17.3501123221971,17.1697876584807,16.9991702764268,16.8194050013602,16.5599820958485,16.2902785170527,16.0208374297808,15.7618450967465,15.4929038852006,15.2238862510756,14.9436386462106,14.6525548975939,14.3610289666209,14.0690705898247,13.7774032484178
1.2301941374251,1.49059486887702,1.74018315379934,1.9896537536032,2.24864704369394,2.53902978872981,2.82997080529534,3.11045415294323,3.40136552213215,3.6930086348743,3.98473510687301,4.0663369633808,4.15593321618798,4.23416604387605,4.32167784419227,4.40848449363352,4.48576570855433
6.5702775067665,6.58085032619789,6.59026180639103,6.59950506339546,6.60806603734686,6.56861314637151,6.52995826807691,6.49064918196329,6.45195192468066,6.41430064700374,6.3767685259384,6.46905827516968,6.54848114493367,6.62595508756017,6.71239836866211,6.78783368265458,6.86394735699755
7.29000213767545,7.24000655018777,7.20000201673312,7.1299961874306,7.06998510240133,6.99998931686265,6.93999967853292,6.87000500074411,6.81001503596276,6.68003312851615,6.56005213895037,6.44006977722538,6.3100653315063,6.19004587291498,6.07001847498641,5.75998331253904,5.44995337560113
5.66010959496914,5.73033581694094,5.81010339446387,5.83980453607466,5.87923622555247,5.91945229378545,5.94998351892867,5.99025637961237,6.03077086814066,5.92169844246161,5.80267307496899,5.69357735921216,5.58334943478639,5.47235182603128,5.36094718101038,5.36914446236544,5.37760964667147
8.26036142356136,8.33110746100586,8.36034097546316,8.39935539679798,8.4274812157611,8.45819376808779,8.48994564853152,8.52084549166172,8.53254217790256,8.55560114326537,8.56881529766181,8.58179745673577,8.59104580491878,8.59775587918593,8.5531236245309,8.50717859805758,8.46211706504593
3.19038042801723,3.36116569377225,3.52035890471248,3.68932150212586,3.6773487724756,3.67809879239073,3.67994279061025,3.6708899494965,3.672675851279,3.67589566385398,3.59927882564764,3.53241779328802,3.4616266179443,3.38816370058859,3.30328787166615,3.2270302424592,3.15170256276798
6.26034867571648,6.21106839952059,6.34032894884735,6.45937813273031,6.58757005631886,6.70825747606565,6.83994756557337,6.96081567015115,6.94245251222207,6.91540358418741,6.89850437148202,6.87138134620896,6.85065620605804,6.81748231997344,6.9530134505266,7.07727811230671,7.20239510566859
11.1000621229333,11.0401903548455,10.970058608232,10.8998892030128,10.8295670612492,10.7696895376049,10.6999906578514,10.5401453265025,10.3904369597477,10.2409627469995,10.0815152087657,9.9320277942442,9.78189859731113,9.72133311166331,9.66053690112934,9.59951504610297,9.53864504948101
8.84014705642743,8.95045060498662,9.06013873648209,9.16973772312014,9.28897515422015,9.37926507831676,9.46997788541307,9.56034401460357,9.65103436422015,9.74227899950664,9.84358677828261,9.93480016253943,10.034494329598,10.133155720895,10.2312709438819,10.3188520247867,10.4167925825104
12.5602240127426,12.6106864117444,12.6602113388744,12.7096004706207,12.768438840669,12.8188804853706,12.8699663125961,12.9105240413913,12.9415756588803,12.9834716260877,13.0254637804968,13.0673121426522,13.0968462638248,13.1848071458342,13.2619360433925,13.3482512761908,13.4251141041503
7.78031160529638,7.77095480967997,7.76029397574373,7.74944424826358,7.7378284024807,7.60844273730189,7.479953140284,7.35072894993022,7.22219176662357,7.0948290872368,6.96760020578128,6.86017130700828,6.75952326213172,6.64668681649664,6.53269306722576,6.42756749730109,6.3132036409762
17.5403958349218,17.491212903052,17.4403734399475,17.3992940237291,17.3472414007586,17.2980217956322,17.2499404736946,17.3109259914449,17.3627842202303,17.416134431574,17.479654607595,17.5329206998756,17.5920974828251,17.6684943212319,17.7434210267511,17.8169099706366,17.8913665259418
12.1600962214632,12.1402948383276,12.1300907775847,12.109828387881,12.099329426383,12.0795191285352,12.0699855300585,12.0202250944694,11.9706768016906,11.9214911872326,11.8723468886086,11.8231408260828,11.7729407145092,11.6520648405998,11.540831599693,11.4292488607495,11.3079013334597
6.11035735676422,6.15109499967314,6.19033713875137,6.22936264997885,6.25750955753413,6.27821409210526,6.30994626010316,6.34083597805099,6.37251357290019,6.40553811828345,6.48871610648789,6.56166470981924,6.64092151571167,6.70766860876231,6.78308847699579,6.8472103449346,6.89220576512187
12.7703744060292,12.7811472414142,12.8003532234277,12.8093322424129,12.8173907401011,12.8281288875705,12.8399436962067,13.0908758620345,13.3426334938717,13.5958023384,13.8591319464093,14.1122212257385,14.3614425743107,14.6280344732305,14.8932358262776,15.1570772522579,15.4218339071112
5.91032716861621,6.03100249824175,6.15030865854462,6.26941649089835,6.34771994069546,6.42836495885039,6.50995079984642,6.59076535778669,6.67230123576724,6.76507027899455,6.80797980277378,6.86067931924654,6.89999890736661,6.93702079369471,6.98282757413898,7.0174460044448,7.20286419260866
9.94039818115091,10.0312200922824,10.1203756534351,10.1692898392017,10.2072250497357,10.2580100702375,10.2999401208649,10.3509314800664,10.3928007231163,10.4561707921405,10.5097118332723,10.5629972846352,10.6221691881369,10.6685446695532,10.7134413041752,10.8768916551307,11.0413153528211
13.4500313091242,13.590095936286,13.7400295377619,13.6799441598063,13.6297818046833,13.5698435311219,13.5199952916826,13.4600732426057,13.4002202218451,13.3104852115596,13.210763644871,13.111021981069,13.0109568675496,12.9106718703767,12.8102705909594,12.7997555897481,12.7793171231333
6.11035735676422,6.15109499967314,6.19033713875137,6.22936264997885,6.25750955753413,6.27821409210526,6.30994626010316,6.34083597805099,6.37251357290019,6.40553811828345,6.48871610648789,6.56166470981924,6.64092151571167,6.70766860876231,6.78308847699579,6.8472103449346,6.89220576512187
8.64035117836087,8.86107606803303,9.09033130990076,9.20937366923439,9.33755261522777,9.45824496897797,9.5799471892216,9.71082152468083,9.83247011530045,9.94544236879167,10.0585654122044,10.1714630366191,10.270732691724,10.3775360248495,10.483035079779,10.467258575767,10.4623405210065
12.0302969804682,12.0709099968104,12.1102801783379,12.1594703318179,12.1979303238568,12.2485158255955,12.2899553395897,12.4306947375224,12.5720888986343,12.7146024397056,12.8572434990597,12.9996939286738,13.1390762990215,13.1563729786271,13.1625666712822,13.167681663955,13.1735226200954
8.84014705642743,8.95045060498662,9.06013873648209,9.16973772312014,9.28897515422015,9.37926507831676,9.46997788541307,9.56034401460357,9.65103436422015,9.74227899950664,9.84358677828261,9.93480016253943,10.034494329598,10.133155720895,10.2312709438819,10.3188520247867,10.4167925825104
9.06019093091197,9.09058504359545,9.13018012869966,9.15965947245735,9.1886693900919,9.22904581343589,9.25997128749605,9.23044665182707,9.20134296818798,9.17295894210009,9.13465689844742,9.10623229754277,9.07583521892853,9.08409723450359,9.09165013171266,9.10850952482501,9.11583564515266
3.5001203876231,3.65036888740086,3.7901135765067,3.93978528724851,4.08916101084712,4.23939835696983,4.37998189591165,4.53028162727163,4.67084678141617,4.82186570106748,4.9629363130844,5.11392964910603,5.27367927922064,5.42258342830933,5.58104045716126,5.72906021103796,5.88737425031609
6.28034194985966,6.29104779039339,6.24032260351632,6.19939012837559,6.14761692925118,6.10829108886379,6.05994857701876,6.01079993610263,5.83240520394892,5.64529935056346,5.46834032454053,5.28116180323162,5.1004506508309,4.907337988119,4.68295532191084,4.46733061675716,4.24254180194803
5.66009223287366,5.69028261663584,5.72008701465584,5.74983550157758,5.77935722312194,5.96953906170622,6.1699861298691,6.3702157638127,6.5606487467844,6.76142937426955,6.95224960495725,7.33301063199159,7.71281881547913,8.09197924845353,8.46079712807201,8.83927999710964,9.21798832776491
6.23024153125333,6.22074009133147,6.20022786624828,6.18956922614927,6.16831675303134,6.15879293575689,6.13996367813364,6.3105650230991,6.49169888042896,6.66374311831749,6.83589106555371,7.00788397552345,7.18738166348619,7.12518307996665,7.07208744815918,7.00811452041284,6.95473201151548
6.39000041710742,6.44000127808546,6.1500003935089,5.85999925608405,5.56999709315146,5.27999791548543,4.99999993727476,4.71000097575496,4.81000293384637,4.91000646410072,5.01001017345372,5.11001361506839,5.21001274761099,5.31000895081268,5.5700036048754,5.82999674391008,6.08999090255633
11.1201602735181,11.190491104318,11.2501512057954,11.3197141502823,11.2788830434578,11.24919902526,11.2099758978053,11.1803749338385,11.1411273304778,11.1024838306979,11.0739091495979,11.0452315900182,11.0148982695211,10.9734393497717,10.941385173371,10.9087488474364,11.0765043072636
7.26012789555628,7.1703918929382,7.08012065966692,6.98977189676076,6.89910868757384,6.8093608357068,6.76998076685633,6.73029919086068,6.68089959065131,6.64198205488027,6.60311943525164,6.55417472033655,6.56390873621837,6.57274454293755,6.5811053449184,6.58900160141884,6.59721049632974
6.26034867571648,6.21106839952059,6.34032894884735,6.45937813273031,6.58757005631886,6.70825747606565,6.83994756557337,6.96081567015115,6.94245251222207,6.91540358418741,6.89850437148202,6.87138134620896,6.85065620605804,6.81748231997344,6.9530134505266,7.07727811230671,7.20239510566859
12.3201594914418,12.1504887079078,11.9901504679662,11.8197155451248,11.6488884937988,11.4692029337249,11.2999760154152,11.1303731042979,10.9611218295158,10.8124717105091,10.6638900743721,10.515206061765,10.3548743677505,10.2034225669979,10.0513784142297,10.0087549526051,9.96652136497051
3.19038042801723,3.36116569377225,3.52035890471248,3.68932150212586,3.6773487724756,3.67809879239073,3.67994279061025,3.6708899494965,3.672675851279,3.67589566385398,3.59927882564764,3.53241779328802,3.4616266179443,3.38816370058859,3.30328787166615,3.2270302424592,3.15170256276798
9.33039387973085,9.16120691202665,9.02037159537456,8.8692975108353,8.72725502661097,8.58803156679445,8.44994076771947,8.31092141759355,8.43277046782529,8.55610413110188,8.67960691953061,8.8128568792427,8.93203772839857,9.04845236429748,9.23340412889768,9.42692523355828,9.6114091702091
8.01022369991201,8.03068545318029,8.10021104374274,8.15960102855768,8.21844102080539,8.2888820487566,8.34996635964003,8.42052330957511,8.44157345849551,8.46346677801213,8.48545615040651,8.50730193135097,8.52683670311656,8.54480043272464,8.54193333973598,8.53825371825824,8.54512092723307
8.83031340407204,8.92096032142329,9.02029567275087,9.11944104012589,9.21781586669648,9.30843374783262,9.40995286978117,9.47073315787343,9.54220441883616,9.60485696367111,9.66764407880051,9.73023002199059,9.79957823620409,9.97672541687632,10.1627086132509,10.3475534554132,10.5231644082503
6.46029166234886,6.45089370122142,6.44027516109938,6.36947981674667,6.30796738617536,6.24854240315683,6.18995613933719,6.12068229664681,6.06205149209274,5.85452002242159,5.65711378752455,5.44952033655221,5.24891376698148,5.03625885576545,4.82252070912087,4.72772317910187,4.62363861250245
9.21037464065207,9.79114796033722,10.3703534447765,10.9593318239602,11.0073891049988,11.068127715031,11.1299436609237,11.1808764108966,11.2426351441602,11.3058059744566,11.3291376689771,11.3522288842145,11.3614497448419,11.3780395080627,11.39323785402,11.4070754207073,11.5718287897991
8.05026694873546,8.06081797466101,8.06025184569696,8.05952389376886,8.05813961694991,8.28866591064765,8.52995985581095,8.77062448316619,9.00187766169375,9.24413702445452,9.48651101039072,9.45871364375176,9.4381584710306,9.40572852011425,9.38230712025364,9.35791610243146,9.32417763604085
10.9902027402652,10.9406212293886,10.8801912699204,10.879638410336,10.8685870899433,10.8589867956159,10.8499695115861,10.850474277889,10.8414260327141,11.1731419569514,11.4949449343563,11.8266177741658,12.1561961356646,12.4843506543875,12.8017521947473,12.8184173367783,12.8255780737783
13.5001951541244,13.6405979842102,13.7801841129773,13.919651940308,14.0586399582507,14.1990247077254,14.3399706524024,14.4104565313459,14.4913726733827,14.5630243911198,14.6347599046665,14.7163701501099,14.7859642884898,14.784187861482,14.771686631076,14.7684765569143,14.7557435335353
7.48031043218182,7.55095121506476,7.61029286899995,7.6694463405273,7.72783657799215,7.79844859999924,7.8599533166989,7.86072620561943,7.86218351518059,7.87481090695355,7.87757159294264,7.88013301462851,7.87948740947582,7.91666164233598,7.9526829285137,7.98757665505408,8.02322922753657
10.1201698148499,10.2805203405217,10.4401602073115,10.5996971332041,10.758816549298,10.7191513419882,10.6799744629641,10.6403972542329,10.6011944422142,10.5626316970016,10.5241418673521,10.5555430347069,10.5851898711224,10.6136440996117,10.6314676348957,10.6586743643788,10.6862962032393
7.51031473360187,7.49096439532053,7.47029692706049,7.44943866889369,7.41780660111683,7.27842710344229,7.13995266984429,7.00073626809232,6.86221377047155,6.72487756799212,6.58767650668429,6.58027342002099,6.57961886921411,6.57675394759173,6.56272010379123,6.55754307662646,6.55313541014855
7.26012789555628,7.1703918929382,7.08012065966692,6.98977189676076,6.89910868757384,6.8093608357068,6.76998076685633,6.73029919086068,6.68089959065131,6.64198205488027,6.60311943525164,6.55417472033655,6.56390873621837,6.57274454293755,6.5811053449184,6.58900160141884,6.59721049632974
7.78031160529638,7.77095480967997,7.76029397574373,7.74944424826358,7.7378284024807,7.60844273730189,7.479953140284,7.35072894993022,7.22219176662357,7.0948290872368,6.96760020578128,6.86017130700828,6.75952326213172,6.64668681649664,6.53269306722576,6.42756749730109,6.3132036409762
5.9302565471197,6.05078610240615,6.17024203256873,6.27954244517376,6.22821210648477,6.16871789323082,6.10996142002301,6.0606001502772,6.00180449889923,5.94397582594306,5.82625730988819,5.69837411798448,5.57784057748166,5.44550530922308,5.31221722367344,5.18799730117461,5.29440450354278
6.11035735676422,6.15109499967314,6.19033713875137,6.22936264997885,6.25750955753413,6.27821409210526,6.30994626010316,6.34083597805099,6.37251357290019,6.40553811828345,6.48871610648789,6.56166470981924,6.64092151571167,6.70766860876231,6.78308847699579,6.8472103449346,6.89220576512187
3.19038042801723,3.36116569377225,3.52035890471248,3.68932150212586,3.6773487724756,3.67809879239073,3.67994279061025,3.6708899494965,3.672675851279,3.67589566385398,3.59927882564764,3.53241779328802,3.4616266179443,3.38816370058859,3.30328787166615,3.2270302424592,3.15170256276798
7.74011960554672,7.77036649099072,7.8001128386775,7.82978668209099,7.86916646118809,7.90940226543473,7.94998201352158,7.99027979773111,8.03084128045418,8.12185358087865,8.21291723785864,8.30390412085285,8.39365537745004,8.48256664553556,8.5710336980199,8.75906631620662,8.957391308023
7.59032881097659,7.65100753070304,7.71031020798592,7.76941356172915,7.82770849497943,7.8883567510741,7.93995055286557,7.98076919982179,8.03231278778743,8.08509573139109,8.13801986074787,8.18073292857821,8.19004910108486,8.20705603751963,8.21284176833585,8.21743318359062,8.22282837142414
9.55024864814833,9.58076189866375,9.61023458049391,9.63955653308275,9.66826715492854,9.6987573687263,9.68996260788329,9.67058167191788,9.6617489391831,9.64385341203586,9.63606465010807,9.61811628262737,9.59759916959862,9.57533580320798,9.55214895634563,9.52805896337806,9.49457678638259
7.51031473360187,7.49096439532053,7.47029692706049,7.44943866889369,7.41780660111683,7.27842710344229,7.13995266984429,7.00073626809232,6.86221377047155,6.72487756799212,6.58767650668429,6.58027342002099,6.57961886921411,6.57675394759173,6.56272010379123,6.55754307662646,6.55313541014855
6.35019898629862,6.26060972661988,6.16018772834032,6.05964510557986,5.96861325157994,5.87900555624743,5.79997007611378,5.71046549609449,5.62139962809651,5.54308378004505,5.45485337327268,5.38649523855051,5.30608140716568,5.22427009707344,5.14171975086875,5.05844664158784,4.97565995077147
9.55018913213631,9.62057953185213,9.69017843169253,9.76966268059503,9.76868192587613,9.77905480290516,9.77997155799889,9.79044244388386,9.7913303159754,9.79293106566578,9.76461302542818,9.72617358256046,9.69578024485616,9.65405863412391,9.62163458568752,9.57852356671292,9.56587487787856
8.20016746862077,8.25051315129126,8.30015799382396,8.35970131773157,8.40883290032091,8.45916306738288,8.50997481579392,8.61039176561129,8.70117793932818,8.80259533643514,8.89408464167479,8.9954664499474,9.08511816581061,9.36359375129042,9.64144735747162,9.91869267988475,10.20634737636
8.4203407767451,8.59104419577818,8.75032149677253,8.9193922206393,9.07762510476263,9.25829695156113,9.42994875343365,9.60079719179184,9.78239695250593,9.95528117028022,10.1283117117019,10.2311235108518,10.340414798175,10.4373128139583,10.5329451831988,10.6273397745102,10.7325673885084
4.38006853595954,4.29021000540861,4.19006465843138,4.09987776530455,3.99952236845324,3.90965748819268,3.84998969344995,3.80016032873476,3.740482067636,3.68106213254795,3.6316716256169,3.57223712592027,3.59209459183003,3.60147073040824,3.62059232608856,3.62946498371998,3.64850517628433
11.6900977074083,11.7002993915068,11.7100921794602,11.7098257376803,11.7193190707352,11.5695117024519,11.4199853065996,11.2702285705964,11.1206872535184,10.9715142155914,10.8223831315375,10.7131893297638,10.5929861278733,10.4820967278699,10.3708444420616,10.249237260929,10.1378689238165
5.18000948919336,5.18002907644308,5.25000895232751,5.31998307591135,5.38993386919624,5.4599525772926,5.52999857299959,5.59002219842506,5.77006674500549,5.94014705829117,6.11023144607246,6.28030974280526,6.46029000814992,6.63020363098843,6.64008201091527,6.64992592395365,6.66979303315616
11.250038895265,11.4401191814643,11.6400366947051,11.8499306298343,12.0497289363759,12.2498056190124,12.4599941508663,12.6600909891488,12.8202735811765,12.9806027773912,13.1409486745608,13.3012696051248,13.4711887147244,13.6308346632823,13.7503361546307,13.8696963696121,13.9991516633763
5.70037409319861,5.66114628285012,5.62035292829604,5.5793328003499,5.65739292023744,5.73813045095641,5.80994374325067,5.89087513021824,5.97263129348685,6.04579749032444,6.13912431631903,6.22221101443727,6.30143301360246,6.37802776012104,6.46323312262107,6.53707969432532,6.57184073019396
6.23024153125333,6.22074009133147,6.20022786624828,6.18956922614927,6.16831675303134,6.15879293575689,6.13996367813364,6.3105650230991,6.49169888042896,6.66374311831749,6.83589106555371,7.00788397552345,7.18738166348619,7.12518307996665,7.07208744815918,7.00811452041284,6.95473201151548
7.55037252904586,7.50114149002984,7.45035145263766,7.38933559003485,7.32740382091937,7.26813826788621,7.20994397847053,7.16087147113719,7.10262029156287,7.27577324994678,7.45908616586752,7.63215995793091,7.81138521006126,7.97799419457349,8.15321960433833,7.93709190466264,7.71187484560778
5.70037409319861,5.66114628285012,5.62035292829604,5.5793328003499,5.65739292023744,5.73813045095641,5.80994374325067,5.89087513021824,5.97263129348685,6.04579749032444,6.13912431631903,6.22221101443727,6.30143301360246,6.37802776012104,6.46323312262107,6.53707969432532,6.57184073019396
9.18015456436061,9.34047361052396,9.50014581964231,9.65972433263239,9.81892283094687,9.96922755705372,10.0799767563578,10.1903615781926,10.2910871734553,10.4023953533194,10.5037699004498,10.6150452337699,10.6947237865957,10.7833168355232,10.861335831639,10.9487934151676,11.0266288285241
3.92039599133706,3.88121338233403,3.84037358751337,3.80929374476062,4.07724031069036,4.34802101393922,4.62994045017266,4.90092635735297,5.17278532042267,5.45613685561172,5.45965842264014,5.45292580552628,5.45210226317919,5.44849767778666,5.44342237857937,5.4369087496029,5.33136311440044
11.7703838691533,11.2911762379769,10.8103621511609,10.319315364819,9.83732479097535,9.35808159514517,9.31994227312656,9.29089799947482,9.26270005551177,9.22594899268483,9.19936275664096,9.17253011760201,9.39173178573493,9.61823754479319,9.84331761188817,10.0670033797171,10.2916275088576
7.81017223928665,7.79052776939311,7.78016249458202,7.75969280919248,7.73879965324102,7.90913922574699,8.07997409837336,8.2504029258085,8.43121149519634,8.60266926958701,8.77420100055189,8.94562217229179,9.12526396661125,9.29369612621043,9.47148858823397,9.64865543835594,9.81624332434785
7.48031043218182,7.55095121506476,7.61029286899995,7.6694463405273,7.72783657799215,7.79844859999924,7.8599533166989,7.86072620561943,7.86218351518059,7.87481090695355,7.87757159294264,7.88013301462851,7.87948740947582,7.91666164233598,7.9526829285137,7.98757665505408,8.02322922753657
9.38031004114363,9.3809500168597,9.37029250008535,9.36944703794853,9.36783930316263,9.36845055423169,9.35995337550386,9.39072529084917,9.41218076469959,9.43480484685914,9.45756205532977,9.48012025050192,9.49947545859052,9.54665325094909,9.59267954894302,9.62757970763841,9.67323775639002
6.06039427076904,6.26120811023172,6.46037196428915,6.65929681341407,6.85725230144049,7.058029612562,7.25994070891451,7.46092233236381,7.62277321830629,7.79611019119629,7.95961645714348,8.12286964336929,8.28204967928387,8.44846075568436,8.40340750846836,8.35692218097395,8.31140064135564
3.92039599133706,3.88121338233403,3.84037358751337,3.80929374476062,4.07724031069036,4.34802101393922,4.62994045017266,4.90092635735297,5.17278532042267,5.45613685561172,5.45965842264014,5.45292580552628,5.45210226317919,5.44849767778666,5.44342237857937,5.4369087496029,5.33136311440044
4.9403334252272,4.86102166952287,4.78031456117814,4.69940533215856,4.60767633796772,4.51833369113119,4.42994985896698,4.34077999411089,4.25234524346319,4.1651672405052,4.09813240457981,4.03088354527197,3.96019012153139,3.88715505588488,3.81288164726993,3.72739716309554,3.82272773095337
5.89029784075221,5.93091263286152,5.97028098994998,6.00946879749113,6.04792432848172,6.08851152628412,6.12995521021875,6.09069675001696,6.05209494969249,6.01461577191336,5.977264481808,5.94972200975233,5.9091025909692,5.96639143967825,6.02257410633768,6.07767494826947,6.13350385661784
12.1701605863487,12.080492062882,11.9901515009271,11.8997135923453,11.8088808633214,11.709197461874,11.9299758507613,12.1503756656547,12.3711295308626,12.5824886787734,12.8039167796882,13.0252418013194,13.2349078302293,13.4534460628812,13.6713878770276,13.8787464053689,14.0964974841808
5.91012633140353,5.85038710011792,5.68011918400854,5.50977468644571,5.33911958825578,5.1693686526366,4.99998100207619,4.83029553177963,4.80088858872732,4.7719578145026,4.75308128480013,4.72412366383019,4.69386093267718,4.66271097739,4.62109182663566,4.56901381175616,4.52724461174356
9.55024864814833,9.58076189866375,9.61023458049391,9.63955653308275,9.66826715492854,9.6987573687263,9.68996260788329,9.67058167191788,9.6617489391831,9.64385341203586,9.63606465010807,9.61811628262737,9.59759916959862,9.57533580320798,9.55214895634563,9.52805896337806,9.49457678638259
16.7600314655394,16.900096415568,17.0300296853278,17.1699438808378,17.3097807146151,17.4498427494289,17.5499952681606,17.6500736085138,17.7502213220375,17.8504876355973,17.9507674599162,18.0510270867196,18.1509616479037,18.2606752269314,18.3702719427877,18.4797543687144,18.5893137115919
6.63002184600005,6.60006693972329,6.56002061002871,6.52996103740026,6.62984775380897,6.71989082354718,6.80999671476271,6.91005110516537,7.00015366020499,7.10033855727471,7.23053283463938,7.36071308920549,7.50066765612536,7.63046879881404,7.76018880534889,7.89982946228886,8.03952352138695
6.06039427076904,6.26120811023172,6.46037196428915,6.65929681341407,6.85725230144049,7.058029612562,7.25994070891451,7.46092233236381,7.62277321830629,7.79611019119629,7.95961645714348,8.12286964336929,8.28204967928387,8.44846075568436,8.40340750846836,8.35692218097395,8.31140064135564
2.92039567850651,2.96121242376997,3.01037329238169,3.14929430269761,3.28724249082675,3.42802257732518,3.57994049721663,3.72092562553676,3.86278312003787,4.01613200753619,4.15965079254984,4.31291559422501,4.45209270247095,4.58849096467715,4.73341967492282,4.86691119167037,5.0013699374832
5.91032716861621,6.03100249824175,6.15030865854462,6.26941649089835,6.34771994069546,6.42836495885039,6.50995079984642,6.59076535778669,6.67230123576724,6.76507027899455,6.80797980277378,6.86067931924654,6.89999890736661,6.93702079369471,6.98282757413898,7.0174460044448,7.20286419260866
10.2701099077997,10.310336775505,10.3401036895955,10.3798039781377,10.2592340454161,10.1394507303995,10.0199834718847,9.90025711142859,9.78077306852546,9.66170329053714,9.59268070505929,9.51358757051343,9.43335899549463,9.35235853914079,9.27094988466693,9.18914202029797,9.15760282358871
6.19004452621488,6.01013643561733,5.83004200707523,5.5399205869685,5.23968969392092,4.94977747806509,4.64999330407477,4.36010416184062,4.0603131881028,4.05069004275082,4.05108601618625,4.04145340854768,4.03136080747268,4.02095549925343,4.01038482044856,4.23965241239778,4.46902884788652
7.7402031313034,7.66062242759362,7.59019163883503,7.50963771291475,7.41858436477282,7.33898484138346,7.24996945278116,7.16047519265928,7.08142878319508,6.99314801704586,7.16495447196918,7.33663053829236,7.50620808654985,7.67435904577443,7.841755574318,8.00841428419395,7.80556954492484
9.06019093091197,9.09058504359545,9.13018012869966,9.15965947245735,9.1886693900919,9.22904581343589,9.25997128749605,9.23044665182707,9.20134296818798,9.17295894210009,9.13465689844742,9.10623229754277,9.07583521892853,9.08409723450359,9.09165013171266,9.10850952482501,9.11583564515266
5.28009755099299,5.29029891222479,5.29009203189434,5.29982601664876,5.29932016080336,5.2995124841449,5.30998533012158,5.30022820468827,5.30068615332596,5.3015117915536,5.29237931649238,5.29318422411321,5.29298134751919,5.19209337131519,5.09084309023332,4.98923848196277,4.89787233535791
12.820148229542,12.7404541996018,12.6501398432259,12.5597356308564,12.4689669787087,12.3792592156194,12.2899777089982,12.2003467589144,12.1110426156631,12.0222971797899,11.9336153911212,11.8448384549192,11.7545301822539,11.6831808950556,11.611281082594,11.5388428670337,11.47676699595
6.71020907508383,6.52064064031068,6.37019724633688,6.21962711211194,6.05854294218147,5.90895513705022,5.7599685589457,5.60048909716727,5.48147059050623,5.35324013048098,5.23509944368491,5.10682455301652,4.97638974000639,4.8544865948551,4.7418069437924,4.61836788491215,4.50543990635231
5.66010959496914,5.73033581694094,5.81010339446387,5.83980453607466,5.87923622555247,5.91945229378545,5.94998351892867,5.99025637961237,6.03077086814066,5.92169844246161,5.80267307496899,5.69357735921216,5.58334943478639,5.47235182603128,5.36094718101038,5.36914446236544,5.37760964667147
11.6703022203799,11.7509260527583,11.8402851217934,11.9294609863733,12.0078938065723,12.0984896388807,12.1999545516032,12.3007069954439,12.4021257550797,12.5046836449708,12.6073713030722,12.7098649679701,12.6692364408845,12.6264854232114,12.5826119575293,12.547640759325,12.5034083334591
4.9403334252272,4.86102166952287,4.78031456117814,4.69940533215856,4.60767633796772,4.51833369113119,4.42994985896698,4.34077999411089,4.25234524346319,4.1651672405052,4.09813240457981,4.03088354527197,3.96019012153139,3.88715505588488,3.81288164726993,3.72739716309554,3.82272773095337
8.83031340407204,8.92096032142329,9.02029567275087,9.11944104012589,9.21781586669648,9.30843374783262,9.40995286978117,9.47073315787343,9.54220441883616,9.60485696367111,9.66764407880051,9.73023002199059,9.79957823620409,9.97672541687632,10.1627086132509,10.3475534554132,10.5231644082503
7.81017223928665,7.79052776939311,7.78016249458202,7.75969280919248,7.73879965324102,7.90913922574699,8.07997409837336,8.2504029258085,8.43121149519634,8.60266926958701,8.77420100055189,8.94562217229179,9.12526396661125,9.29369612621043,9.47148858823397,9.64865543835594,9.81624332434785
9.59037096489311,9.53113669720956,9.56034997697928,9.5793383797198,9.6074147216013,9.63814608481601,9.66994421369039,9.70086781205614,9.71260928963888,9.71574900956911,9.72904801541601,9.73210890142456,9.74133740652007,9.73796062902595,9.89320608605559,10.037104115,10.1919089610216
7.5502540444753,7.64077843389371,7.73023967151532,7.82954690866968,7.91822954757587,8.0187304003185,8.10996179637478,8.21059429574751,8.30178689582086,8.4039370413388,8.49619626916577,8.61829242757431,8.74776409181575,8.865451604347,8.98219559442107,9.09801683771432,9.2244590882049
6.55016199408616,6.27049637642029,6.05015282901962,5.83971108162889,5.61887105270768,5.40919042663718,5.19997563906343,4.98037895882761,4.80113943259422,4.63251049511332,4.45395111509452,4.27528775217515,4.10495085341642,3.92347627187402,3.74140004348205,3.55873541606536,3.38646678030839
2.92039567850651,2.96121242376997,3.01037329238169,3.14929430269761,3.28724249082675,3.42802257732518,3.57994049721663,3.72092562553676,3.86278312003787,4.01613200753619,4.15965079254984,4.31291559422501,4.45209270247095,4.58849096467715,4.73341967492282,4.86691119167037,5.0013699374832
6.39000041710742,6.44000127808546,6.1500003935089,5.85999925608405,5.56999709315146,5.27999791548543,4.99999993727476,4.71000097575496,4.81000293384637,4.91000646410072,5.01001017345372,5.11001361506839,5.21001274761099,5.31000895081268,5.5700036048754,5.82999674391008,6.08999090255633
5.45033139182862,5.5610154388565,5.68031264282225,5.59940895874899,5.50769050885423,5.42834385313993,5.3499501647528,5.27077523730553,5.19233094096201,5.06513572801424,4.93808280899285,4.8108171718137,4.68012797692784,4.54711142067308,4.41286407350237,4.35741303653405,4.30277208099133
6.46029166234886,6.45089370122142,6.44027516109938,6.36947981674667,6.30796738617536,6.24854240315683,6.18995613933719,6.12068229664681,6.06205149209274,5.85452002242159,5.65711378752455,5.44952033655221,5.24891376698148,5.03625885576545,4.82252070912087,4.72772317910187,4.62363861250245
5.45033139182862,5.5610154388565,5.68031264282225,5.59940895874899,5.50769050885423,5.42834385313993,5.3499501647528,5.27077523730553,5.19233094096201,5.06513572801424,4.93808280899285,4.8108171718137,4.68012797692784,4.54711142067308,4.41286407350237,4.35741303653405,4.30277208099133
11.6002544355135,11.6207796320988,11.6502400404299,11.6695462112484,11.6982268224054,11.728728446086,11.7599617375698,11.7805952105178,11.7717896463019,11.7639431014332,11.7562058067787,11.7483051917009,11.737776042701,11.7254599957339,11.5621989739918,11.40801378513,11.2544505593514
11.980202349227,12.0106200311835,12.0301909010058,12.0596391077572,12.0985898151138,12.1389887498484,12.1699695703911,12.2104733631187,12.2514232822331,12.293135896857,12.2449353967434,12.1966050100392,12.1461841847793,12.0843422630007,12.0317488151766,11.9784203893626,11.9455866026318
8.80016958022698,8.77051962159864,8.74015998596277,8.68969755165689,8.6388181844003,8.58915251452765,8.53997449824712,8.49039670537071,8.44119279192556,8.38262806094499,8.31413614478433,8.24553537623099,8.18518270059122,8.1136390647796,8.05146560715331,7.99867619592937,7.94630132055135
11.3701286776327,11.6603942893483,11.9401213974961,12.2297705019183,12.5191032372329,12.8093569272419,13.0999806492464,13.3803010204012,13.6609050916133,13.9419941750691,14.2231385104774,14.5042002485897,14.783932637989,15.0627613257113,15.3311121040598,15.6089954962502,15.8771934386228
9.55018913213631,9.62057953185213,9.69017843169253,9.76966268059503,9.76868192587613,9.77905480290516,9.77997155799889,9.79044244388386,9.7913303159754,9.79293106566578,9.76461302542818,9.72617358256046,9.69578024485616,9.65405863412391,9.62163458568752,9.57852356671292,9.56587487787856
5.66010959496914,5.73033581694094,5.81010339446387,5.83980453607466,5.87923622555247,5.91945229378545,5.94998351892867,5.99025637961237,6.03077086814066,5.92169844246161,5.80267307496899,5.69357735921216,5.58334943478639,5.47235182603128,5.36094718101038,5.36914446236544,5.37760964667147
11.6900980984465,11.8003005897119,12.0500925483748,12.289825040259,12.5393163455647,12.7795097482195,13.0299852477946,13.2702294853666,13.4406900039994,13.6015202756858,13.7623926691504,13.9332020938904,14.0929980787586,14.2521051192568,14.4708478216323,14.6892342083447,14.9078603949631
7.3700650948235,7.440199461204,7.52006141198294,7.67988390261143,7.84954634995349,8.00967468543823,8.16999021093363,8.34015227875645,8.50045786340323,8.65100880371709,8.80158769462358,8.95212480160628,9.1019894240394,9.25139688620364,9.40056258586654,9.56949184646207,9.74858023019474
6.84028704809826,7.03087956240159,7.07027080790716,7.10948804631727,7.14799954318706,7.18856546309974,7.22995683323578,7.27067150235771,7.11201903641698,6.94444851330749,6.7870012436926,6.61936971985846,6.45877274653496,6.28615983740019,6.1124808301868,5.92775919959695,5.75373925297322
7.48031043218182,7.55095121506476,7.61029286899995,7.6694463405273,7.72783657799215,7.79844859999924,7.8599533166989,7.86072620561943,7.86218351518059,7.87481090695355,7.87757159294264,7.88013301462851,7.87948740947582,7.91666164233598,7.9526829285137,7.98757665505408,8.02322922753657
2.88023558747289,2.80072187861441,2.71022225874643,2.62957982695207,2.54835817562269,2.46882264009013,2.39996457196911,2.3405511185911,2.27165707311781,2.21365100488237,2.14574609383798,2.08768996079929,2.01720001002965,1.95505553088598,1.89203607868478,1.82816091969464,1.76486165008801
10.9701186670551,11.0503636152986,11.1301119532825,11.059788355902,10.9891730015973,10.9294069555926,10.8599821546535,10.7902776022825,10.7308346792998,10.7518390366521,10.7828943475877,10.803873486949,10.8336266953253,10.852546506207,10.8810255870503,10.869073642409,10.8474117772713
4.43002075109313,4.21006358474909,3.99001957706785,3.75996299017972,3.53985538428632,3.30989629539804,3.08999687941661,2.82004854380863,2.5401459588582,2.27032158901034,1.99050612932332,1.72067734965104,1.44063419364652,1.46044530293076,1.47017934255097,1.48983800952498,1.49954740217663
11.6703022203799,11.7509260527583,11.8402851217934,11.9294609863733,12.0078938065723,12.0984896388807,12.1999545516032,12.3007069954439,12.4021257550797,12.5046836449708,12.6073713030722,12.7098649679701,12.6692364408845,12.6264854232114,12.5826119575293,12.547640759325,12.5034083334591
7.29000213767545,7.24000655018777,7.20000201673312,7.1299961874306,7.06998510240133,6.99998931686265,6.93999967853292,6.87000500074411,6.81001503596276,6.68003312851615,6.56005213895037,6.44006977722538,6.3100653315063,6.19004587291498,6.07001847498641,5.75998331253904,5.44995337560113
10.4801501065253,10.5804599509862,10.6801416140159,10.7797322832345,10.8289538978904,10.8792498353037,10.9199774267343,10.9703511498116,11.0210558179719,11.0723262682431,11.1036611716631,11.1248997227268,11.1545875465033,11.1832211737127,11.2112973045333,11.238828214629,11.3467260574534
7.78031160529638,7.77095480967997,7.76029397574373,7.74944424826358,7.7378284024807,7.60844273730189,7.479953140284,7.35072894993022,7.22219176662357,7.0948290872368,6.96760020578128,6.86017130700828,6.75952326213172,6.64668681649664,6.53269306722576,6.42756749730109,6.3132036409762
9.94039818115091,10.0312200922824,10.1203756534351,10.1692898392017,10.2072250497357,10.2580100702375,10.2999401208649,10.3509314800664,10.3928007231163,10.4561707921405,10.5097118332723,10.5629972846352,10.6221691881369,10.6685446695532,10.7134413041752,10.8768916551307,11.0413153528211
12.5801720828714,12.6805272901111,12.9901623470162,13.299693088161,13.6088007433092,13.91914000744,14.2299741218953,14.5504025599004,14.5412103950039,14.5426668455492,14.5441971855067,14.5456170666412,14.5452591862571,14.5436927696557,15.0914872364057,15.6286566593897,16.1762467358892
6.23024153125333,6.22074009133147,6.20022786624828,6.18956922614927,6.16831675303134,6.15879293575689,6.13996367813364,6.3105650230991,6.49169888042896,6.66374311831749,6.83589106555371,7.00788397552345,7.18738166348619,7.12518307996665,7.07208744815918,7.00811452041284,6.95473201151548
12.5602240127426,12.6106864117444,12.6602113388744,12.7096004706207,12.768438840669,12.8188804853706,12.8699663125961,12.9105240413913,12.9415756588803,12.9834716260877,13.0254637804968,13.0673121426522,13.0968462638248,13.1848071458342,13.2619360433925,13.3482512761908,13.4251141041503
5.07024966484761,5.05076501399692,5.03023553967186,4.98955471978754,4.94826006948528,4.91875228772193,4.87996245499038,4.84058405032057,4.80175609043369,4.74386916828134,4.68608944790155,4.62814946935651,4.5676302419004,4.50535762081388,4.44215774322941,4.4080510266588,4.3645546113636
6.90021431499553,6.94065669625862,6.98020218979245,7.01961776666737,7.05850642489699,7.1089289503354,7.14996777095918,7.1905013550888,7.23150744695159,7.27332133574615,7.31522724769746,7.35699559231282,7.39654988186939,7.43459903943938,7.05185223003957,6.66832698028214,6.27532561971601
6.42001214825302,6.32003722423756,6.23001146094675,6.13997833344693,6.10991533803696,6.07993928851194,6.04999817312583,6.03002841886285,6.00008544827627,5.97018826693319,5.95029630184003,5.92039653886607,5.90037127416995,5.88026069241926,5.85010499199592,5.82990516638022,5.79973503695266
8.74007424511707,8.79022749920263,8.84007004458446,8.87986758295449,8.92948258096418,8.94962895639891,8.95998883489747,8.9701736843806,8.99052222465856,9.00115060992642,9.0118108747649,8.90242348216848,8.79226907475539,8.68159324465677,8.57064166782055,8.45942041598878,8.34838065502388
7.29000213767545,7.24000655018777,7.20000201673312,7.1299961874306,7.06998510240133,6.99998931686265,6.93999967853292,6.87000500074411,6.81001503596276,6.68003312851615,6.56005213895037,6.44006977722538,6.3100653315063,6.19004587291498,6.07001847498641,5.75998331253904,5.44995337560113
7.08018983600505,6.94058168862125,6.8001790957388,6.66966142523681,6.52867702056926,6.50905128528675,6.49997145214995,6.49044409047033,6.47133526684119,6.46294197383572,6.45463019313136,6.41619655798832,6.38580175644969,6.34407373862031,6.31164066891475,6.26851807206113,6.23585952594234
3.3502787580887,3.33085416045412,3.31026298691774,3.2895028316475,3.26805731680131,3.23860689282767,3.20995807990102,3.18065210922813,3.15196072621985,3.12432003930587,3.0967990462996,3.06909912037476,3.02851938776663,2.99598193999821,2.9624091832883,2.92782391438473,2.88392006466649
5.66009223287366,5.69028261663584,5.72008701465584,5.74983550157758,5.77935722312194,5.96953906170622,6.1699861298691,6.3702157638127,6.5606487467844,6.76142937426955,6.95224960495725,7.33301063199159,7.71281881547913,8.09197924845353,8.46079712807201,8.83927999710964,9.21798832776491
5.28009755099299,5.29029891222479,5.29009203189434,5.29982601664876,5.29932016080336,5.2995124841449,5.30998533012158,5.30022820468827,5.30068615332596,5.3015117915536,5.29237931649238,5.29318422411321,5.29298134751919,5.19209337131519,5.09084309023332,4.98923848196277,4.89787233535791
5.36009989722211,5.40030610145521,5.45009424538191,5.47982183212134,5.50930380978046,5.5295007587502,5.55998497729179,5.59023369330985,5.62070265621194,5.7015481521201,5.79243654216964,5.88326080887274,5.97305305283098,6.0621437196365,6.14086336765742,6.1992201664568,6.25782116223718
6.46029166234886,6.45089370122142,6.44027516109938,6.36947981674667,6.30796738617536,6.24854240315683,6.18995613933719,6.12068229664681,6.06205149209274,5.85452002242159,5.65711378752455,5.44952033655221,5.24891376698148,5.03625885576545,4.82252070912087,4.72772317910187,4.62363861250245
8.78022643717932,8.74069384061578,8.71021362614491,8.66959614660902,8.628421944612,8.58886836912945,8.73996594800528,8.90052971296695,9.05159271186249,9.20350919867304,9.35552291369665,9.50739128023709,9.37692035931365,9.24485917243285,9.11195699673077,8.97823235016794,8.84506122525887
7.91017075334154,7.95052321621385,7.98016109270655,8.01969545939318,8.08881000888885,8.1591466518303,8.21997432183222,8.2903994496815,8.36120104336855,8.43264624122823,8.51416475762296,8.60557366861075,8.68521855324711,8.77366423894026,8.86147574586537,8.93866703817639,9.05627573399098
9.89004945329603,9.75015153300121,9.60004665539913,9.44991179946092,9.30965535677283,9.15975285473623,9.00999256313221,8.87011568794593,8.72034784416336,8.57076639994046,8.4312061901085,8.2816142365427,8.16151138862745,8.04106123072819,7.92042740303918,7.80961394983523,7.68892138433298
12.7703744060292,12.7811472414142,12.8003532234277,12.8093322424129,12.8173907401011,12.8281288875705,12.8399436962067,13.0908758620345,13.3426334938717,13.5958023384,13.8591319464093,14.1122212257385,14.3614425743107,14.6280344732305,14.8932358262776,15.1570772522579,15.4218339071112
6.11035735676422,6.15109499967314,6.19033713875137,6.22936264997885,6.25750955753413,6.27821409210526,6.30994626010316,6.34083597805099,6.37251357290019,6.40553811828345,6.48871610648789,6.56166470981924,6.64092151571167,6.70766860876231,6.78308847699579,6.8472103449346,6.89220576512187
5.35000659551077,5.42002020972556,5.4900062223595,5.5599882368285,5.63995403545782,5.70996703861272,5.77999900815632,5.85001542912511,5.93004639144612,6.00010221359249,6.07016086773717,6.1402152882685,6.15020157159871,6.16014153472548,6.16005700209221,6.16994851307769,6.17985614667173
11.2302036787569,11.1306241050807,10.9401921553155,10.739636736525,10.5485805495341,10.358982105458,10.1699693704542,9.98047647333764,9.83143263386848,9.68315650117804,9.53496782462721,9.38664840806959,9.24622481778927,9.09437079371607,8.94176030571696,8.77841001057589,8.62555760453001
7.47026773081183,7.43082037107115,7.39025258352615,7.34952249892638,7.30813416660895,7.26866200218275,7.22995973820102,7.23062631270672,7.22188316265574,7.21414914464335,7.21653008561647,7.20873917200494,7.1981823728012,7.22574530288802,7.24231387939501,7.2679099972628,7.28416057833394
6.11035735676422,6.15109499967314,6.19033713875137,6.22936264997885,6.25750955753413,6.27821409210526,6.30994626010316,6.34083597805099,6.37251357290019,6.40553811828345,6.48871610648789,6.56166470981924,6.64092151571167,6.70766860876231,6.78308847699579,6.8472103449346,6.89220576512187
12.0202470057879,12.1607568662025,12.3002330310526,12.4395594622519,12.6182786006446,12.8087655765026,12.9899628548641,13.1805778298828,13.3617373871629,13.5538279596393,13.706024592134,13.8480626732957,13.9975489758804,14.1453005593831,14.2821347621488,14.4280717842322,14.2746126075671
8.20016746862077,8.25051315129126,8.30015799382396,8.35970131773157,8.40883290032091,8.45916306738288,8.50997481579392,8.61039176561129,8.70117793932818,8.80259533643514,8.89408464167479,8.9954664499474,9.08511816581061,9.36359375129042,9.64144735747162,9.91869267988475,10.20634737636
2.34007713879965,2.22023636592015,2.10007277455247,1.97986242203733,1.8694624147026,1.74961449507878,1.83998839974073,1.94018045368055,2.03054257821793,2.1211954546251,2.21188145310019,2.31251793670524,2.3123575113066,2.32165534091973,2.33066667664361,2.32939782686474,2.3383175415083
9.21037464065207,9.79114796033722,10.3703534447765,10.9593318239602,11.0073891049988,11.068127715031,11.1299436609237,11.1808764108966,11.2426351441602,11.3058059744566,11.3291376689771,11.3522288842145,11.3614497448419,11.3780395080627,11.39323785402,11.4070754207073,11.5718287897991
8.00030010877369,7.94091958245092,7.88028312965463,7.81946475244795,7.69790852249291,7.58850019173591,7.46995486914996,7.36070205568449,7.24211090248227,7.12465092046097,7.05731979996269,6.99979604168655,6.92917190610394,6.85644010972219,6.78259370784765,6.70765724328036,6.6334543892678
7.78031160529638,7.77095480967997,7.76029397574373,7.74944424826358,7.7378284024807,7.60844273730189,7.479953140284,7.35072894993022,7.22219176662357,7.0948290872368,6.96760020578128,6.86017130700828,6.75952326213172,6.64668681649664,6.53269306722576,6.42756749730109,6.3132036409762
8.93004210177812,8.7301290067459,8.53003971980474,8.32992491098017,8.12970658997792,7.92978959430628,7.72999366866555,7.53009849026499,7.35029613512062,7.16065247016544,6.98102688298641,6.80137427096282,6.62128671198383,6.43090347265474,6.35036386711032,6.25967133842062,6.16908172677794
16.7202351964347,16.8107206804093,16.9002218898318,16.7295805243733,16.5483609007932,16.3788245943226,16.1999646307741,16.0305502038208,15.8616543226368,15.743644944788,15.6257365562251,15.5076771966727,15.3871880591443,15.2650471394991,15.1520326991141,15.168163972279,15.1848701789415
3.76014338066847,3.51043934185897,3.26013526868489,3.00974427887977,2.7590007708227,2.49928344810179,2.57997843817974,2.6503354157631,2.73100850969878,2.80222203461913,2.87349712472157,2.95468017974949,3.0843819912762,3.22307684185824,3.35123917591748,3.47888071907941,3.61687275373289
5.18000948919336,5.18002907644308,5.25000895232751,5.31998307591135,5.38993386919624,5.4599525772926,5.52999857299959,5.59002219842506,5.77006674500549,5.94014705829117,6.11023144607246,6.28030974280526,6.46029000814992,6.63020363098843,6.64008201091527,6.64992592395365,6.66979303315616
7.3700650948235,7.440199461204,7.52006141198294,7.67988390261143,7.84954634995349,8.00967468543823,8.16999021093363,8.34015227875645,8.50045786340323,8.65100880371709,8.80158769462358,8.95212480160628,9.1019894240394,9.25139688620364,9.40056258586654,9.56949184646207,9.74858023019474
7.78031160529638,7.77095480967997,7.76029397574373,7.74944424826358,7.7378284024807,7.60844273730189,7.479953140284,7.35072894993022,7.22219176662357,7.0948290872368,6.96760020578128,6.86017130700828,6.75952326213172,6.64668681649664,6.53269306722576,6.42756749730109,6.3132036409762
2.92039567850651,2.96121242376997,3.01037329238169,3.14929430269761,3.28724249082675,3.42802257732518,3.57994049721663,3.72092562553676,3.86278312003787,4.01613200753619,4.15965079254984,4.31291559422501,4.45209270247095,4.58849096467715,4.73341967492282,4.86691119167037,5.0013699374832
14.7302032877187,14.9706229068757,15.2001917864009,15.4296374339463,15.6585832747046,15.8889840596905,16.1199694292592,16.3504755585674,16.3314298833875,16.3231504410836,16.3049582870143,16.286635643943,16.276212866904,16.2543624023292,15.8417569261463,15.4384130631602,15.0255661333835
6.43018412684752,6.45056419482723,6.47017370958571,6.49967160758687,6.51871680805832,6.49907981708052,6.48997231070244,6.47043073482449,6.45129510981864,6.44285349645726,6.42449094398336,6.44601020174011,6.45562727352433,6.47395122437177,6.49159132718276,6.50856263979234,6.51598404720279
4.58003185657763,4.71009761377307,4.86003005424235,5.00994318341659,5.15977798944459,5.30984079519647,5.45999520935562,5.6100745232841,5.74022407251851,5.87049369569175,6.01077699752903,6.14103985084618,6.28097359878901,6.41068361831832,6.8002753223584,7.19975131613004,7.58930518273849
13.1103302969217,12.9810120838823,12.8403116098614,12.7094109115285,12.5676981393316,12.4383493249908,12.1799503294067,11.9307726759488,11.6723232396152,11.4151187597499,11.1680561036768,10.9107814322593,11.010094514449,11.0970879247898,11.1828546107045,11.2674215837702,11.362795961781
5.89029784075221,5.93091263286152,5.97028098994998,6.00946879749113,6.04792432848172,6.08851152628412,6.12995521021875,6.09069675001696,6.05209494969249,6.01461577191336,5.977264481808,5.94972200975233,5.9091025909692,5.96639143967825,6.02257410633768,6.07767494826947,6.13350385661784
3.91023097322229,3.87070773979459,4.00021790555421,4.13958805652267,4.26839033263439,4.40884570003303,4.53996526586769,4.680540324302,4.87162461744205,5.07357949576827,5.27563355000603,5.47753934410553,5.67705898958312,5.87495651252072,5.93199619975071,5.99819694018973,6.06496229055879
10.4801501065253,10.5804599509862,10.6801416140159,10.7797322832345,10.8289538978904,10.8792498353037,10.9199774267343,10.9703511498116,11.0210558179719,11.0723262682431,11.1036611716631,11.1248997227268,11.1545875465033,11.1832211737127,11.2112973045333,11.238828214629,11.3467260574534
6.96030878982143,6.84094618260347,6.71029131955865,6.57944926969649,6.44784802370818,6.31845680777553,6.22995356367975,6.14072236358433,6.0421719631604,5.954785454557,5.86753153496856,5.78007940529683,5.86943721575757,5.95662639851106,6.04266873431683,6.12758947590826,6.21326504872108
11.980202349227,12.0106200311835,12.0301909010058,12.0596391077572,12.0985898151138,12.1389887498484,12.1699695703911,12.2104733631187,12.2514232822331,12.293135896857,12.2449353967434,12.1966050100392,12.1461841847793,12.0843422630007,12.0317488151766,11.9784203893626,11.9455866026318
8.00030010877369,7.94091958245092,7.88028312965463,7.81946475244795,7.69790852249291,7.58850019173591,7.46995486914996,7.36070205568449,7.24211090248227,7.12465092046097,7.05731979996269,6.99979604168655,6.92917190610394,6.85644010972219,6.78259370784765,6.70765724328036,6.6334543892678
5.91012633140353,5.85038710011792,5.68011918400854,5.50977468644571,5.33911958825578,5.1693686526366,4.99998100207619,4.83029553177963,4.80088858872732,4.7719578145026,4.75308128480013,4.72412366383019,4.69386093267718,4.66271097739,4.62109182663566,4.56901381175616,4.52724461174356
3.94033921259236,3.9010394029579,3.87032002111415,3.82939501032425,3.79763600544456,3.75830476849093,3.72994898865351,3.69079353271079,3.66238595058194,3.81525692990255,3.9782735612504,4.14107245434549,4.30036699463381,4.4572792484108,4.61293166491605,4.60735198484747,4.60260150392222
10.9701186670551,11.0503636152986,11.1301119532825,11.059788355902,10.9891730015973,10.9294069555926,10.8599821546535,10.7902776022825,10.7308346792998,10.7518390366521,10.7828943475877,10.803873486949,10.8336266953253,10.852546506207,10.8810255870503,10.869073642409,10.8474117772713
6.31025897155645,6.39079353127758,6.40024431983922,6.40953812116209,6.40819521042778,6.41870577698963,6.42996105543223,6.44060582185283,6.48182155188141,6.51401339852843,6.55631644308802,6.58845325556933,6.62791467297051,6.66555733582177,6.58223817701168,6.50797837515177,6.43435162465135
5.83005962028889,5.93018268633302,6.02005624717861,6.10989366650875,6.19958450234026,6.27970204469253,6.36999103420314,6.45013947197277,6.53041935666928,6.62092396239527,6.7014541680433,6.88194610383403,7.06182211164522,7.24127940678723,7.42051527187696,7.59953458264268,7.77869963414313
5.28009755099299,5.29029891222479,5.29009203189434,5.29982601664876,5.29932016080336,5.2995124841449,5.30998533012158,5.30022820468827,5.30068615332596,5.3015117915536,5.29237931649238,5.29318422411321,5.29298134751919,5.19209337131519,5.09084309023332,4.98923848196277,4.89787233535791
6.39000041710742,6.44000127808546,6.1500003935089,5.85999925608405,5.56999709315146,5.27999791548543,4.99999993727476,4.71000097575496,4.81000293384637,4.91000646410072,5.01001017345372,5.11001361506839,5.21001274761099,5.31000895081268,5.5700036048754,5.82999674391008,6.08999090255633
11.6703022203799,11.7509260527583,11.8402851217934,11.9294609863733,12.0078938065723,12.0984896388807,12.1999545516032,12.3007069954439,12.4021257550797,12.5046836449708,12.6073713030722,12.7098649679701,12.6692364408845,12.6264854232114,12.5826119575293,12.547640759325,12.5034083334591
11.980202349227,12.0106200311835,12.0301909010058,12.0596391077572,12.0985898151138,12.1389887498484,12.1699695703911,12.2104733631187,12.2514232822331,12.293135896857,12.2449353967434,12.1966050100392,12.1461841847793,12.0843422630007,12.0317488151766,11.9784203893626,11.9455866026318
6.42001214825302,6.32003722423756,6.23001146094675,6.13997833344693,6.10991533803696,6.07993928851194,6.04999817312583,6.03002841886285,6.00008544827627,5.97018826693319,5.95029630184003,5.92039653886607,5.90037127416995,5.88026069241926,5.85010499199592,5.82990516638022,5.79973503695266
12.5602240127426,12.6106864117444,12.6602113388744,12.7096004706207,12.768438840669,12.8188804853706,12.8699663125961,12.9105240413913,12.9415756588803,12.9834716260877,13.0254637804968,13.0673121426522,13.0968462638248,13.1848071458342,13.2619360433925,13.3482512761908,13.4251141041503
2.09003107450126,2.02009521736293,1.95002931641316,1.86994457825906,1.99978343978556,2.11984470366137,2.23999532696555,2.36007269374357,2.48021857155651,2.60048157550292,2.76075792230328,2.921014322593,3.09094969701841,3.25066683554455,3.41026856321703,3.56975742129869,3.7393222404454
3.3502787580887,3.33085416045412,3.31026298691774,3.2895028316475,3.26805731680131,3.23860689282767,3.20995807990102,3.18065210922813,3.15196072621985,3.12432003930587,3.0967990462996,3.06909912037476,3.02851938776663,2.99598193999821,2.9624091832883,2.92782391438473,2.88392006466649
9.46038379094564,9.46117599833585,9.450362077378,9.43931550430322,9.42732533600945,9.42808198599166,9.41994228488755,9.54089781652076,9.65269950541557,9.77594778066595,9.88936084911838,10.0125275647767,10.1217293955579,10.2682358665158,10.403316935974,10.537003990234,10.6716292146283
5.18000948919336,5.18002907644308,5.25000895232751,5.31998307591135,5.38993386919624,5.4599525772926,5.52999857299959,5.59002219842506,5.77006674500549,5.94014705829117,6.11023144607246,6.28030974280526,6.46029000814992,6.63020363098843,6.64008201091527,6.64992592395365,6.66979303315616
10.5201282865945,10.5303930911433,10.5401210285815,10.5497711993395,10.5591059624034,10.5593588814743,10.5699807080514,10.5803001056309,10.5809023411323,10.5919881149747,10.5931289728645,10.5941874844631,10.6039206871037,10.5427529343244,10.4911087244891,10.4389985488345,10.3872019674763
11.1903190350219,11.2209775755763,11.250300985121,11.2794309972601,11.3077766242415,11.3384056068853,11.3399520229897,11.3407463305652,11.3422440257625,11.3549442290307,11.3577814204259,11.3604138254135,11.1897503289524,11.0168462528475,10.8427572790688,10.6675094981988,10.4830415927605
7.78031160529638,7.77095480967997,7.76029397574373,7.74944424826358,7.7378284024807,7.60844273730189,7.479953140284,7.35072894993022,7.22219176662357,7.0948290872368,6.96760020578128,6.86017130700828,6.75952326213172,6.64668681649664,6.53269306722576,6.42756749730109,6.3132036409762
7.51031473360187,7.49096439532053,7.47029692706049,7.44943866889369,7.41780660111683,7.27842710344229,7.13995266984429,7.00073626809232,6.86221377047155,6.72487756799212,6.58767650668429,6.58027342002099,6.57961886921411,6.57675394759173,6.56272010379123,6.55754307662646,6.55313541014855
6.47026843468057,6.47082252784027,6.47025324757243,6.47952124356816,6.34812926130208,6.22865848456435,6.09995963235209,5.97062795929319,5.85188811352153,5.7241600528133,5.65654725331965,5.5787621474328,5.50820388439474,5.43576040738441,5.35231996262224,5.27790450261101,5.18414522639772
7.4403139515255,7.46096199891039,7.4802961892313,7.50944006373616,7.6078120514578,7.70843101190719,7.80995278745422,7.9107344385518,8.01220826950956,8.11486544780329,8.17765743145854,8.24024789176781,8.30959496744351,8.36673716481796,8.42271334464986,8.47754918179512,8.44315246785546
6.99023511822707,6.99072044076833,7.00022181604892,7.00958066385756,7.02836144582727,7.04882498516907,7.05996464253506,7.08055002086679,7.09165377254061,6.98364373276907,6.88573464870252,6.77767464384738,6.66718566896729,6.55504546122172,6.44203202319996,6.36816458279584,6.30487188471216
8.84011679007178,9.47035786391422,10.1101101824924,10.7397917035239,11.3791860824156,12.0994163359084,12.8099824369173,13.5302732113852,14.250821476991,14.9718099481989,15.6928485670459,15.7038122191414,15.7135693310759,15.71250622755,15.721009365111,15.7290882948138,15.7274527157679
8.20016746862077,8.25051315129126,8.30015799382396,8.35970131773157,8.40883290032091,8.45916306738288,8.50997481579392,8.61039176561129,8.70117793932818,8.80259533643514,8.89408464167479,8.9954664499474,9.08511816581061,9.36359375129042,9.64144735747162,9.91869267988475,10.20634737636
12.1701605863487,12.080492062882,11.9901515009271,11.8997135923453,11.8088808633214,11.709197461874,11.9299758507613,12.1503756656547,12.3711295308626,12.5824886787734,12.8039167796882,13.0252418013194,13.2349078302293,13.4534460628812,13.6713878770276,13.8787464053689,14.0964974841808
11.9401819370337,11.8905574848788,11.840171643664,11.7896755131458,11.738732069013,11.6890907607822,11.6399726400102,11.520425612111,11.4012797071251,11.2828195599285,11.1644375333512,11.0459387226312,10.9255603485667,10.6239042326052,10.3315724015869,10.0385797342646,9.73603180878215
10.8000918418355,10.8902814184308,10.8500866457412,10.8198361989988,10.7893599482924,10.7595410159387,10.7299861886741,10.7002148490424,10.5906459963034,10.4714233141751,10.3522400673444,10.242997867865,10.1228068645938,10.0119708570666,9.82079374850133,9.62928304969397,9.43799685661837
8.05026694873546,8.06081797466101,8.06025184569696,8.05952389376886,8.05813961694991,8.28866591064765,8.52995985581095,8.77062448316619,9.00187766169375,9.24413702445452,9.48651101039072,9.45871364375176,9.4381584710306,9.40572852011425,9.38230712025364,9.35791610243146,9.32417763604085
6.90021431499553,6.94065669625862,6.98020218979245,7.01961776666737,7.05850642489699,7.1089289503354,7.14996777095918,7.1905013550888,7.23150744695159,7.27332133574615,7.31522724769746,7.35699559231282,7.39654988186939,7.43459903943938,7.05185223003957,6.66832698028214,6.27532561971601
6.99029917028204,7.01091670675876,7.03028224425961,7.05946642625892,7.07791506290207,7.09850488189379,7.11995501028188,7.17069986023586,7.21210430132788,7.26463637623438,7.31729690969178,7.35976540778273,7.40914322397922,7.52641997039366,7.632585596878,7.74766456948275,7.86347485851609
8.00030010877369,7.94091958245092,7.88028312965463,7.81946475244795,7.69790852249291,7.58850019173591,7.46995486914996,7.36070205568449,7.24211090248227,7.12465092046097,7.05731979996269,6.99979604168655,6.92917190610394,6.85644010972219,6.78259370784765,6.70765724328036,6.6334543892678
13.2600535200932,13.2601639943339,13.2500504921109,13.2399045462801,13.2296270149998,13.2297325307187,13.2299919515606,13.2301252015567,13.2303764491657,13.2308294249224,13.2313053812824,13.2317469834592,13.2516356778346,13.2711485011518,13.2804625505743,13.2995822029582,13.318832684257
11.1700139470287,11.1500427359809,11.1200131579539,11.0999751253092,11.0799028022527,10.9599302990427,10.839997902623,10.7200326268061,10.6000981004889,10.4802161433675,10.3603401748593,10.2104552538484,10.0704262482423,9.92029929279894,9.77012053802107,9.6198911244923,9.47969580422676
6.97005250339389,7.08016087900076,7.20004953293298,7.31990635957527,7.44963410044306,7.58973761172312,7.71999210445349,7.85012282315398,7.99036929791514,8.1208136686769,8.25128058348894,8.3717137967301,8.50160460553278,8.62112668354591,8.75045376369052,8.86959013967746,9.12885485927602
4.00006532944641,3.98020018012704,3.9600616333317,3.93988348415869,3.9195447148512,4.12967351289876,4.32999017565066,4.54015282761861,4.74045951369183,4.95101243977374,5.15159341719131,5.42213246008223,5.69199659457058,5.96140192103577,6.23056461360895,6.49949001491148,6.76857511288267
4.43002075109313,4.21006358474909,3.99001957706785,3.75996299017972,3.53985538428632,3.30989629539804,3.08999687941661,2.82004854380863,2.5401459588582,2.27032158901034,1.99050612932332,1.72067734965104,1.44063419364652,1.46044530293076,1.47017934255097,1.48983800952498,1.49954740217663
6.84028704809826,7.03087956240159,7.07027080790716,7.10948804631727,7.14799954318706,7.18856546309974,7.22995683323578,7.27067150235771,7.11201903641698,6.94444851330749,6.7870012436926,6.61936971985846,6.45877274653496,6.28615983740019,6.1124808301868,5.92775919959695,5.75373925297322
5.36009989722211,5.40030610145521,5.45009424538191,5.47982183212134,5.50930380978046,5.5295007587502,5.55998497729179,5.59023369330985,5.62070265621194,5.7015481521201,5.79243654216964,5.88326080887274,5.97305305283098,6.0621437196365,6.14086336765742,6.1992201664568,6.25782116223718
8.42029275725578,8.52089705619561,8.56027619406025,8.60947786396721,8.647959755698,8.69853693130597,8.73995597468329,8.79068485800354,8.86205919343953,8.93453699068596,9.0171404928406,9.08955607610666,9.15894722946032,9.23628235164873,9.32253017191879,9.40771463186575,9.48361473171277
5.45033139182862,5.5610154388565,5.68031264282225,5.59940895874899,5.50769050885423,5.42834385313993,5.3499501647528,5.27077523730553,5.19233094096201,5.06513572801424,4.93808280899285,4.8108171718137,4.68012797692784,4.54711142067308,4.41286407350237,4.35741303653405,4.30277208099133
2.74038144471652,2.76116880910543,2.77035986389043,2.77931968883064,2.79734168703235,2.98809371138636,3.17994263771734,3.38089232789918,3.57268300252959,3.76591142009946,3.96930362344112,4.14245098001715,4.32165769024607,4.4981855181945,4.67329665854992,4.84702230573994,5.02168038774899
9.06019093091197,9.09058504359545,9.13018012869966,9.15965947245735,9.1886693900919,9.22904581343589,9.25997128749605,9.23044665182707,9.20134296818798,9.17295894210009,9.13465689844742,9.10623229754277,9.07583521892853,9.08409723450359,9.09165013171266,9.10850952482501,9.11583564515266
10.4801501065253,10.5804599509862,10.6801416140159,10.7797322832345,10.8289538978904,10.8792498353037,10.9199774267343,10.9703511498116,11.0210558179719,11.0723262682431,11.1036611716631,11.1248997227268,11.1545875465033,11.1832211737127,11.2112973045333,11.238828214629,11.3467260574534
6.46029166234886,6.45089370122142,6.44027516109938,6.36947981674667,6.30796738617536,6.24854240315683,6.18995613933719,6.12068229664681,6.06205149209274,5.85452002242159,5.65711378752455,5.44952033655221,5.24891376698148,5.03625885576545,4.82252070912087,4.72772317910187,4.62363861250245
4.43006493840823,4.47019898192197,4.5200612644171,4.55988418157993,4.51954744002168,4.46967546713122,4.42999023445562,4.39015191284834,4.34045676321083,4.30100637967932,4.40158387957843,4.50211969595565,4.60198464368528,4.71139352964888,4.81056123403827,4.9094930674958,5.03858364173613
11.7703838691533,11.2911762379769,10.8103621511609,10.319315364819,9.83732479097535,9.35808159514517,9.31994227312656,9.29089799947482,9.26270005551177,9.22594899268483,9.19936275664096,9.17253011760201,9.39173178573493,9.61823754479319,9.84331761188817,10.0670033797171,10.2916275088576
7.48031043218182,7.55095121506476,7.61029286899995,7.6694463405273,7.72783657799215,7.79844859999924,7.8599533166989,7.86072620561943,7.86218351518059,7.87481090695355,7.87757159294264,7.88013301462851,7.87948740947582,7.91666164233598,7.9526829285137,7.98757665505408,8.02322922753657
6.42001214825302,6.32003722423756,6.23001146094675,6.13997833344693,6.10991533803696,6.07993928851194,6.04999817312583,6.03002841886285,6.00008544827627,5.97018826693319,5.95029630184003,5.92039653886607,5.90037127416995,5.88026069241926,5.85010499199592,5.82990516638022,5.79973503695266
11.1000621229333,11.0401903548455,10.970058608232,10.8998892030128,10.8295670612492,10.7696895376049,10.6999906578514,10.5401453265025,10.3904369597477,10.2409627469995,10.0815152087657,9.9320277942442,9.78189859731113,9.72133311166331,9.66053690112934,9.59951504610297,9.53864504948101
4.43002075109313,4.21006358474909,3.99001957706785,3.75996299017972,3.53985538428632,3.30989629539804,3.08999687941661,2.82004854380863,2.5401459588582,2.27032158901034,1.99050612932332,1.72067734965104,1.44063419364652,1.46044530293076,1.47017934255097,1.48983800952498,1.49954740217663
11.1700139470287,11.1500427359809,11.1200131579539,11.0999751253092,11.0799028022527,10.9599302990427,10.839997902623,10.7200326268061,10.6000981004889,10.4802161433675,10.3603401748593,10.2104552538484,10.0704262482423,9.92029929279894,9.77012053802107,9.6198911244923,9.47969580422676
9.33039387973085,9.16120691202665,9.02037159537456,8.8692975108353,8.72725502661097,8.58803156679445,8.44994076771947,8.31092141759355,8.43277046782529,8.55610413110188,8.67960691953061,8.8128568792427,8.93203772839857,9.04845236429748,9.23340412889768,9.42692523355828,9.6114091702091
6.55016199408616,6.27049637642029,6.05015282901962,5.83971108162889,5.61887105270768,5.40919042663718,5.19997563906343,4.98037895882761,4.80113943259422,4.63251049511332,4.45395111509452,4.27528775217515,4.10495085341642,3.92347627187402,3.74140004348205,3.55873541606536,3.38646678030839
8.04025748561134,7.85078897809832,7.78024291796376,7.70954077136279,7.63820556607561,7.56871320307294,7.48996127889109,7.42060234572583,7.49181110005363,7.56399037016965,7.62628020015909,7.6984047518883,7.76786925960637,7.8255254485516,7.94222533464309,8.05798997497222,8.16438403429448
11.6703022203799,11.7509260527583,11.8402851217934,11.9294609863733,12.0078938065723,12.0984896388807,12.1999545516032,12.3007069954439,12.4021257550797,12.5046836449708,12.6073713030722,12.7098649679701,12.6692364408845,12.6264854232114,12.5826119575293,12.547640759325,12.5034083334591
3.04015479898352,2.800474329447,2.56014604099107,2.32972391417965,1.97892119584458,1.63922638451425,1.28997672107477,0.950362127054773,0.611088823743883,0.262398989376071,0.633775623017577,1.0050528922459,1.36473095712693,1.73332187035531,2.10133785938146,2.46879158361701,2.98662371121198
4.43006493840823,4.47019898192197,4.5200612644171,4.55988418157993,4.51954744002168,4.46967546713122,4.42999023445562,4.39015191284834,4.34045676321083,4.30100637967932,4.40158387957843,4.50211969595565,4.60198464368528,4.71139352964888,4.81056123403827,4.9094930674958,5.03858364173613
7.50023621313399,7.59072379574253,7.69022284900978,7.83957871107809,7.97835381534992,8.12881951331821,8.27996447788116,8.43055258222352,8.5816614738874,8.77366070103344,8.97576135401858,9.16771038340183,9.36721913144612,9.555068957105,9.74204148599787,9.90815603555972,10.0748480039225
6.16020618140125,6.17063177359317,6.25019451636888,6.3296322730291,6.40856310844305,6.49896959837035,6.57996899410244,6.66048232786733,6.61145023694685,6.5731952857823,6.52502886534962,6.47673009847976,6.43630130345518,6.38442449859215,6.34178193496934,6.29839047403618,6.26550301986789
4.63001699712654,4.73005208198042,4.82001603548773,4.83996968542359,4.85988154592296,4.87991505602956,4.89999744394427,4.92003976201411,4.94011955424063,4.94026341210395,4.9504145682397,4.95055481403578,4.95051946514765,4.96036474561665,4.9601468986724,4.97986731433454,4.99962927916981
8.98038848340388,8.77119037679669,8.56036650435314,8.33930713524838,8.12729263396364,7.90805853520226,7.69994157922798,7.55090879376392,7.40273251118753,7.25602050179894,7.1094753004729,6.96268073429576,6.81187280618145,6.83833656315845,6.86335749082224,6.88696735922202,6.91152686838679
12.5801720828714,12.6805272901111,12.9901623470162,13.299693088161,13.6088007433092,13.91914000744,14.2299741218953,14.5504025599004,14.5412103950039,14.5426668455492,14.5441971855067,14.5456170666412,14.5452591862571,14.5436927696557,15.0914872364057,15.6286566593897,16.1762467358892
11.2302036787569,11.1306241050807,10.9401921553155,10.739636736525,10.5485805495341,10.358982105458,10.1699693704542,9.98047647333764,9.83143263386848,9.68315650117804,9.53496782462721,9.38664840806959,9.24622481778927,9.09437079371607,8.94176030571696,8.77841001057589,8.62555760453001
5.130076200308,5.12023349022798,5.12007188915744,5.1398640958483,5.15946895511176,5.17961918523666,5.19998854087264,5.22017825823192,5.24053597706354,5.1211809103985,5.01185856282929,4.89248730280142,4.77232882918188,4.6516352015912,4.54065856567397,4.61940515306713,4.6883380107566
11.250038895265,11.4401191814643,11.6400366947051,11.8499306298343,12.0497289363759,12.2498056190124,12.4599941508663,12.6600909891488,12.8202735811765,12.9806027773912,13.1409486745608,13.3012696051248,13.4711887147244,13.6308346632823,13.7503361546307,13.8696963696121,13.9991516633763
9.33039387973085,9.16120691202665,9.02037159537456,8.8692975108353,8.72725502661097,8.58803156679445,8.44994076771947,8.31092141759355,8.43277046782529,8.55610413110188,8.67960691953061,8.8128568792427,8.93203772839857,9.04845236429748,9.23340412889768,9.42692523355828,9.6114091702091
5.07024966484761,5.05076501399692,5.03023553967186,4.98955471978754,4.94826006948528,4.91875228772193,4.87996245499038,4.84058405032057,4.80175609043369,4.74386916828134,4.68608944790155,4.62814946935651,4.5676302419004,4.50535762081388,4.44215774322941,4.4080510266588,4.3645546113636
10.8000918418355,10.8902814184308,10.8500866457412,10.8198361989988,10.7893599482924,10.7595410159387,10.7299861886741,10.7002148490424,10.5906459963034,10.4714233141751,10.3522400673444,10.242997867865,10.1228068645938,10.0119708570666,9.82079374850133,9.62928304969397,9.43799685661837
7.74011960554672,7.77036649099072,7.8001128386775,7.82978668209099,7.86916646118809,7.90940226543473,7.94998201352158,7.99027979773111,8.03084128045418,8.12185358087865,8.21291723785864,8.30390412085285,8.39365537745004,8.48256664553556,8.5710336980199,8.75906631620662,8.957391308023
8.93004210177812,8.7301290067459,8.53003971980474,8.32992491098017,8.12970658997792,7.92978959430628,7.72999366866555,7.53009849026499,7.35029613512062,7.16065247016544,6.98102688298641,6.80137427096282,6.62128671198383,6.43090347265474,6.35036386711032,6.25967133842062,6.16908172677794
16.7202351964347,16.8107206804093,16.9002218898318,16.7295805243733,16.5483609007932,16.3788245943226,16.1999646307741,16.0305502038208,15.8616543226368,15.743644944788,15.6257365562251,15.5076771966727,15.3871880591443,15.2650471394991,15.1520326991141,15.168163972279,15.1848701789415
6.46029166234886,6.45089370122142,6.44027516109938,6.36947981674667,6.30796738617536,6.24854240315683,6.18995613933719,6.12068229664681,6.06205149209274,5.85452002242159,5.65711378752455,5.44952033655221,5.24891376698148,5.03625885576545,4.82252070912087,4.72772317910187,4.62363861250245
7.7402031313034,7.66062242759362,7.59019163883503,7.50963771291475,7.41858436477282,7.33898484138346,7.24996945278116,7.16047519265928,7.08142878319508,6.99314801704586,7.16495447196918,7.33663053829236,7.50620808654985,7.67435904577443,7.841755574318,8.00841428419395,7.80556954492484
8.00030010877369,7.94091958245092,7.88028312965463,7.81946475244795,7.69790852249291,7.58850019173591,7.46995486914996,7.36070205568449,7.24211090248227,7.12465092046097,7.05731979996269,6.99979604168655,6.92917190610394,6.85644010972219,6.78259370784765,6.70765724328036,6.6334543892678
1.61008284795718,1.74025385971417,1.88007816070556,2.01985223968727,2.14942262721354,2.28958596328502,2.41998754118824,2.57019380932639,2.71058273524048,2.86128393200357,3.0120207022482,3.15270429295344,3.30253199423196,3.45177785516827,3.6107160183756,3.76935325913354,3.92819302024785
9.33039387973085,9.16120691202665,9.02037159537456,8.8692975108353,8.72725502661097,8.58803156679445,8.44994076771947,8.31092141759355,8.43277046782529,8.55610413110188,8.67960691953061,8.8128568792427,8.93203772839857,9.04845236429748,9.23340412889768,9.42692523355828,9.6114091702091
11.3701286776327,11.6603942893483,11.9401213974961,12.2297705019183,12.5191032372329,12.8093569272419,13.0999806492464,13.3803010204012,13.6609050916133,13.9419941750691,14.2231385104774,14.5042002485897,14.783932637989,15.0627613257113,15.3311121040598,15.6089954962502,15.8771934386228
5.28009755099299,5.29029891222479,5.29009203189434,5.29982601664876,5.29932016080336,5.2995124841449,5.30998533012158,5.30022820468827,5.30068615332596,5.3015117915536,5.29237931649238,5.29318422411321,5.29298134751919,5.19209337131519,5.09084309023332,4.98923848196277,4.89787233535791
15.3801723957019,15.7705282486751,16.1501626421479,16.529692530224,16.5087985631728,16.479138444054,16.4599740748514,16.4304032917166,16.4112125953887,16.3926716936248,16.374204815597,16.3656272779424,16.3452687469654,16.3236994827652,16.3114899400622,16.2886542173222,16.2562399128065
10.1201698148499,10.2805203405217,10.4401602073115,10.5996971332041,10.758816549298,10.7191513419882,10.6799744629641,10.6403972542329,10.6011944422142,10.5626316970016,10.5241418673521,10.5555430347069,10.5851898711224,10.6136440996117,10.6314676348957,10.6586743643788,10.6862962032393
8.84011679007178,9.47035786391422,10.1101101824924,10.7397917035239,11.3791860824156,12.0994163359084,12.8099824369173,13.5302732113852,14.250821476991,14.9718099481989,15.6928485670459,15.7038122191414,15.7135693310759,15.71250622755,15.721009365111,15.7290882948138,15.7274527157679
4.7901166336565,4.88035738463219,4.97011003492658,5.04979198249239,5.13918717248377,5.22941711760135,5.31998246043931,5.44027284547711,5.5708203767986,5.69180752416109,5.82284475200078,5.94380711349077,6.06356455072177,6.19250287099523,6.3110080132827,6.42908951584752,6.55745612730927
14.7302032877187,14.9706229068757,15.2001917864009,15.4296374339463,15.6585832747046,15.8889840596905,16.1199694292592,16.3504755585674,16.3314298833875,16.3231504410836,16.3049582870143,16.286635643943,16.276212866904,16.2543624023292,15.8417569261463,15.4384130631602,15.0255661333835
8.05026694873546,8.06081797466101,8.06025184569696,8.05952389376886,8.05813961694991,8.28866591064765,8.52995985581095,8.77062448316619,9.00187766169375,9.24413702445452,9.48651101039072,9.45871364375176,9.4381584710306,9.40572852011425,9.38230712025364,9.35791610243146,9.32417763604085
11.7703838691533,11.2911762379769,10.8103621511609,10.319315364819,9.83732479097535,9.35808159514517,9.31994227312656,9.29089799947482,9.26270005551177,9.22594899268483,9.19936275664096,9.17253011760201,9.39173178573493,9.61823754479319,9.84331761188817,10.0670033797171,10.2916275088576
4.12031973889066,4.07097973234543,4.03030164916731,3.97942974190185,3.93777171893464,3.95840208926693,3.97995191714074,3.99074797715169,4.01224897662831,4.03495513720065,4.05779858812912,4.06043680084134,4.05977184054593,4.05686135734387,4.05276336229598,4.03750400354705,4.03302624082432
11.6002544355135,11.6207796320988,11.6502400404299,11.6695462112484,11.6982268224054,11.728728446086,11.7599617375698,11.7805952105178,11.7717896463019,11.7639431014332,11.7562058067787,11.7483051917009,11.737776042701,11.7254599957339,11.5621989739918,11.40801378513,11.2544505593514
9.21037464065207,9.79114796033722,10.3703534447765,10.9593318239602,11.0073891049988,11.068127715031,11.1299436609237,11.1808764108966,11.2426351441602,11.3058059744566,11.3291376689771,11.3522288842145,11.3614497448419,11.3780395080627,11.39323785402,11.4070754207073,11.5718287897991
7.48031043218182,7.55095121506476,7.61029286899995,7.6694463405273,7.72783657799215,7.79844859999924,7.8599533166989,7.86072620561943,7.86218351518059,7.87481090695355,7.87757159294264,7.88013301462851,7.87948740947582,7.91666164233598,7.9526829285137,7.98757665505408,8.02322922753657
11.980202349227,12.0106200311835,12.0301909010058,12.0596391077572,12.0985898151138,12.1389887498484,12.1699695703911,12.2104733631187,12.2514232822331,12.293135896857,12.2449353967434,12.1966050100392,12.1461841847793,12.0843422630007,12.0317488151766,11.9784203893626,11.9455866026318
8.48040248257096,8.30123327253819,8.13037971149565,7.94928216756809,7.89719507286034,7.84798857368056,7.79993947401025,7.74094154253933,7.69283097840722,7.64623745317903,7.4698167470139,7.29313769002767,7.11230064787514,6.92863697480897,6.74347847945273,6.55685807670304,6.41122153543307
5.9302565471197,6.05078610240615,6.17024203256873,6.27954244517376,6.22821210648477,6.16871789323082,6.10996142002301,6.0606001502772,6.00180449889923,5.94397582594306,5.82625730988819,5.69837411798448,5.57784057748166,5.44550530922308,5.31221722367344,5.18799730117461,5.29440450354278
7.26012789555628,7.1703918929382,7.08012065966692,6.98977189676076,6.89910868757384,6.8093608357068,6.76998076685633,6.73029919086068,6.68089959065131,6.64198205488027,6.60311943525164,6.55417472033655,6.56390873621837,6.57274454293755,6.5811053449184,6.58900160141884,6.59721049632974
13.4500313091242,13.590095936286,13.7400295377619,13.6799441598063,13.6297818046833,13.5698435311219,13.5199952916826,13.4600732426057,13.4002202218451,13.3104852115596,13.210763644871,13.111021981069,13.0109568675496,12.9106718703767,12.8102705909594,12.7997555897481,12.7793171231333
4.9403334252272,4.86102166952287,4.78031456117814,4.69940533215856,4.60767633796772,4.51833369113119,4.42994985896698,4.34077999411089,4.25234524346319,4.1651672405052,4.09813240457981,4.03088354527197,3.96019012153139,3.88715505588488,3.81288164726993,3.72739716309554,3.82272773095337
12.5801720828714,12.6805272901111,12.9901623470162,13.299693088161,13.6088007433092,13.91914000744,14.2299741218953,14.5504025599004,14.5412103950039,14.5426668455492,14.5441971855067,14.5456170666412,14.5452591862571,14.5436927696557,15.0914872364057,15.6286566593897,16.1762467358892
13.7800219242077,13.8700671793643,13.9700206838116,14.059960897916,13.9898472087749,13.9298904327007,13.8699967030017,13.8100512881194,13.7401542103012,13.6803397692936,13.640534742162,13.6007156420308,13.5606700463024,13.5204704770914,13.480189481263,13.439828851772,13.3895218156163
9.55024864814833,9.58076189866375,9.61023458049391,9.63955653308275,9.66826715492854,9.6987573687263,9.68996260788329,9.67058167191788,9.6617489391831,9.64385341203586,9.63606465010807,9.61811628262737,9.59759916959862,9.57533580320798,9.55214895634563,9.52805896337806,9.49457678638259
14.2303622056377,14.191109857416,14.0503417132923,13.9093540019555,13.7674757654201,13.6181898596229,13.4799455309216,13.3408473212022,13.1425476788646,12.9356132634542,12.7388343728876,12.541822984989,12.3410697066894,12.1377726619597,11.9031303836723,11.6771724928889,11.452100007339
7.48031043218182,7.55095121506476,7.61029286899995,7.6694463405273,7.72783657799215,7.79844859999924,7.8599533166989,7.86072620561943,7.86218351518059,7.87481090695355,7.87757159294264,7.88013301462851,7.87948740947582,7.91666164233598,7.9526829285137,7.98757665505408,8.02322922753657
10.9902027402652,10.9406212293886,10.8801912699204,10.879638410336,10.8685870899433,10.8589867956159,10.8499695115861,10.850474277889,10.8414260327141,11.1731419569514,11.4949449343563,11.8266177741658,12.1561961356646,12.4843506543875,12.8017521947473,12.8184173367783,12.8255780737783
13.4500313091242,13.590095936286,13.7400295377619,13.6799441598063,13.6297818046833,13.5698435311219,13.5199952916826,13.4600732426057,13.4002202218451,13.3104852115596,13.210763644871,13.111021981069,13.0109568675496,12.9106718703767,12.8102705909594,12.7997555897481,12.7793171231333
5.18000948919336,5.18002907644308,5.25000895232751,5.31998307591135,5.38993386919624,5.4599525772926,5.52999857299959,5.59002219842506,5.77006674500549,5.94014705829117,6.11023144607246,6.28030974280526,6.46029000814992,6.63020363098843,6.64008201091527,6.64992592395365,6.66979303315616
5.82032185049687,5.7309862026528,5.63030364130613,5.52942597582717,5.43775700301403,5.3383915364117,5.24995159959393,5.15075291691111,5.06226382922569,4.97498786171049,4.88785009123865,4.80050572712492,4.70983637532655,4.61690667083306,4.59278161197768,4.56748751959167,4.54298018501566
4.12031973889066,4.07097973234543,4.03030164916731,3.97942974190185,3.93777171893464,3.95840208926693,3.97995191714074,3.99074797715169,4.01224897662831,4.03495513720065,4.05779858812912,4.06043680084134,4.05977184054593,4.05686135734387,4.05276336229598,4.03750400354705,4.03302624082432
5.28009755099299,5.29029891222479,5.29009203189434,5.29982601664876,5.29932016080336,5.2995124841449,5.30998533012158,5.30022820468827,5.30068615332596,5.3015117915536,5.29237931649238,5.29318422411321,5.29298134751919,5.19209337131519,5.09084309023332,4.98923848196277,4.89787233535791
7.74016089917924,7.63049302144609,7.50015179605875,7.36971303440835,7.23887868318504,7.10919589848804,6.97997580371733,6.85037639747087,6.79113173124743,6.72249352684896,6.65392440977846,6.5952520126207,6.52491739093759,6.45345277599074,6.41139058068413,6.36874396330148,6.32649066109807
11.2302036787569,11.1306241050807,10.9401921553155,10.739636736525,10.5485805495341,10.358982105458,10.1699693704542,9.98047647333764,9.83143263386848,9.68315650117804,9.53496782462721,9.38664840806959,9.24622481778927,9.09437079371607,8.94176030571696,8.77841001057589,8.62555760453001
6.46029166234886,6.45089370122142,6.44027516109938,6.36947981674667,6.30796738617536,6.24854240315683,6.18995613933719,6.12068229664681,6.06205149209274,5.85452002242159,5.65711378752455,5.44952033655221,5.24891376698148,5.03625885576545,4.82252070912087,4.72772317910187,4.62363861250245
7.91017075334154,7.95052321621385,7.98016109270655,8.01969545939318,8.08881000888885,8.1591466518303,8.21997432183222,8.2903994496815,8.36120104336855,8.43264624122823,8.51416475762296,8.60557366861075,8.68521855324711,8.77366423894026,8.86147574586537,8.93866703817639,9.05627573399098
8.83031340407204,8.92096032142329,9.02029567275087,9.11944104012589,9.21781586669648,9.30843374783262,9.40995286978117,9.47073315787343,9.54220441883616,9.60485696367111,9.66764407880051,9.73023002199059,9.79957823620409,9.97672541687632,10.1627086132509,10.3475534554132,10.5231644082503
4.58003185657763,4.71009761377307,4.86003005424235,5.00994318341659,5.15977798944459,5.30984079519647,5.45999520935562,5.6100745232841,5.74022407251851,5.87049369569175,6.01077699752903,6.14103985084618,6.28097359878901,6.41068361831832,6.8002753223584,7.19975131613004,7.58930518273849
8.93004210177812,8.7301290067459,8.53003971980474,8.32992491098017,8.12970658997792,7.92978959430628,7.72999366866555,7.53009849026499,7.35029613512062,7.16065247016544,6.98102688298641,6.80137427096282,6.62128671198383,6.43090347265474,6.35036386711032,6.25967133842062,6.16908172677794
8.65012844300974,8.7303935704253,8.81012117614736,8.88977092037103,9.35910487233517,9.81935809978137,10.2899806845294,10.760300471539,11.2309034413247,11.7019905390124,11.8231327879097,11.9441925901138,12.0639254674578,12.1727562908792,12.2911100763174,12.4089973278008,12.4671985559349
15.0300747925705,14.9702291766897,14.9100705610649,14.8498666065648,14.6094787657255,14.3696262204735,14.1299887525705,13.890174965059,13.6505260753319,13.4111590940586,12.6018242274229,11.7924413519457,10.9922858059948,10.1816049925984,9.3806463992195,8.56941614237072,8.06836871462904
7.89007893757531,7.78024187766347,7.67007447155961,7.55985921389964,7.44944987891838,7.33960550560951,7.22998812923789,7.10018466162376,6.97055523043051,6.84122333105941,6.71192532611943,6.58257665168755,6.45241248537897,6.36169394129941,6.28068222266876,6.19938378497683,6.11827830878241
11.7703838691533,11.2911762379769,10.8103621511609,10.319315364819,9.83732479097535,9.35808159514517,9.31994227312656,9.29089799947482,9.26270005551177,9.22594899268483,9.19936275664096,9.17253011760201,9.39173178573493,9.61823754479319,9.84331761188817,10.0670033797171,10.2916275088576
11.6002213536829,11.4606782639499,11.2602088302552,11.0596052130851,10.8584573718283,10.6588937741513,10.4599667124698,10.2605178209535,10.1215569556095,9.99343041744564,9.85539892472925,9.71722534659143,9.57676499780477,9.44475008440333,9.37191306231188,9.30827203376422,9.2351721003538
7.43003991196428,7.51012229679751,7.59003765388301,7.6699288165391,7.74972185093263,7.429800538008,7.10999399797335,6.79009336755152,6.47028073242704,6.15061853363672,5.8309734723543,5.88130279185392,5.93121978702616,5.99085648088817,6.04034494151449,6.08968843289286,6.1491294883573
5.89029784075221,5.93091263286152,5.97028098994998,6.00946879749113,6.04792432848172,6.08851152628412,6.12995521021875,6.09069675001696,6.05209494969249,6.01461577191336,5.977264481808,5.94972200975233,5.9091025909692,5.96639143967825,6.02257410633768,6.07767494826947,6.13350385661784
9.89004945329603,9.75015153300121,9.60004665539913,9.44991179946092,9.30965535677283,9.15975285473623,9.00999256313221,8.87011568794593,8.72034784416336,8.57076639994046,8.4312061901085,8.2816142365427,8.16151138862745,8.04106123072819,7.92042740303918,7.80961394983523,7.68892138433298
3.88033522400285,3.84102718126619,3.84031625818528,3.84940212402087,3.8476638021835,3.85832470166192,3.85994958846415,3.8707842020541,4.06235789567578,4.25519511693951,4.43817627759905,4.63094226025428,4.82024509560376,5.00719365626456,5.24289719329507,5.46738312120762,5.70268849822747
3.53038058443251,3.55116617305428,3.56035905227832,3.57932122315736,3.59734768240741,3.60809801069775,3.61994276708826,3.63089031540461,3.6526769514714,3.66589808789174,3.67928264069279,3.87242289893866,4.06163139829842,4.24816705714335,4.43328922349442,4.62702902142546,4.81169915122659
6.06039427076904,6.26120811023172,6.46037196428915,6.65929681341407,6.85725230144049,7.058029612562,7.25994070891451,7.46092233236381,7.62277321830629,7.79611019119629,7.95961645714348,8.12286964336929,8.28204967928387,8.44846075568436,8.40340750846836,8.35692218097395,8.31140064135564
6.43018412684752,6.45056419482723,6.47017370958571,6.49967160758687,6.51871680805832,6.49907981708052,6.48997231070244,6.47043073482449,6.45129510981864,6.44285349645726,6.42449094398336,6.44601020174011,6.45562727352433,6.47395122437177,6.49159132718276,6.50856263979234,6.51598404720279
15.3801723957019,15.7705282486751,16.1501626421479,16.529692530224,16.5087985631728,16.479138444054,16.4599740748514,16.4304032917166,16.4112125953887,16.3926716936248,16.374204815597,16.3656272779424,16.3452687469654,16.3236994827652,16.3114899400622,16.2886542173222,16.2562399128065
3.19038042801723,3.36116569377225,3.52035890471248,3.68932150212586,3.6773487724756,3.67809879239073,3.67994279061025,3.6708899494965,3.672675851279,3.67589566385398,3.59927882564764,3.53241779328802,3.4616266179443,3.38816370058859,3.30328787166615,3.2270302424592,3.15170256276798
17.2100981766541,17.4803008293529,17.7500926221577,17.7198249007748,17.6993158005306,17.679509357373,17.6599852360336,17.6402296683207,17.6206905540956,17.5115214877047,17.402394576673,17.2832046467158,17.1730004689357,17.0521067975342,16.9408484975464,17.0292335978278,17.1178586891924
8.80016958022698,8.77051962159864,8.74015998596277,8.68969755165689,8.6388181844003,8.58915251452765,8.53997449824712,8.49039670537071,8.44119279192556,8.38262806094499,8.31413614478433,8.24553537623099,8.18518270059122,8.1136390647796,8.05146560715331,7.99867619592937,7.94630132055135
5.36009989722211,5.40030610145521,5.45009424538191,5.47982183212134,5.50930380978046,5.5295007587502,5.55998497729179,5.59023369330985,5.62070265621194,5.7015481521201,5.79243654216964,5.88326080887274,5.97305305283098,6.0621437196365,6.14086336765742,6.1992201664568,6.25782116223718
9.21037464065207,9.79114796033722,10.3703534447765,10.9593318239602,11.0073891049988,11.068127715031,11.1299436609237,11.1808764108966,11.2426351441602,11.3058059744566,11.3291376689771,11.3522288842145,11.3614497448419,11.3780395080627,11.39323785402,11.4070754207073,11.5718287897991
7.4603491449623,7.27106983736667,7.07032939154487,6.87937729582482,6.67756678611428,6.48825513098671,6.28994749500741,6.20081676787547,6.11245581279926,6.02541085630071,5.93851581661747,5.85139666316086,5.7606705471204,5.79749238963771,5.82301750601142,5.85727444920551,5.89238487104444
5.83005962028889,5.93018268633302,6.02005624717861,6.10989366650875,6.19958450234026,6.27970204469253,6.36999103420314,6.45013947197277,6.53041935666928,6.62092396239527,6.7014541680433,6.88194610383403,7.06182211164522,7.24127940678723,7.42051527187696,7.59953458264268,7.77869963414313
9.41008347361828,9.15025577684228,8.90007875096891,8.63985112381329,8.38941826694077,8.19958283651309,8.0199874471003,7.84019527295881,7.65058713601008,7.47129362815463,7.2920359624288,7.08272471555599,6.87255111564844,6.66179128138729,6.45072142568869,6.23934837499861,6.02817937408232
9.94039818115091,10.0312200922824,10.1203756534351,10.1692898392017,10.2072250497357,10.2580100702375,10.2999401208649,10.3509314800664,10.3928007231163,10.4561707921405,10.5097118332723,10.5629972846352,10.6221691881369,10.6685446695532,10.7134413041752,10.8768916551307,11.0413153528211
12.1600962214632,12.1402948383276,12.1300907775847,12.109828387881,12.099329426383,12.0795191285352,12.0699855300585,12.0202250944694,11.9706768016906,11.9214911872326,11.8723468886086,11.8231408260828,11.7729407145092,11.6520648405998,11.540831599693,11.4292488607495,11.3079013334597
8.35032834173077,8.53100609285696,8.61030976528841,8.68941439863464,8.75771176518401,8.83835909615304,8.91995062343152,8.99076810209748,8.92230948721024,8.85508845927779,8.77800841561241,8.7107176116263,8.6300347600225,8.55704596785537,8.34283771285103,8.12743684669181,7.91283860604829
9.55018913213631,9.62057953185213,9.69017843169253,9.76966268059503,9.76868192587613,9.77905480290516,9.77997155799889,9.79044244388386,9.7913303159754,9.79293106566578,9.76461302542818,9.72617358256046,9.69578024485616,9.65405863412391,9.62163458568752,9.57852356671292,9.56587487787856
7.47026773081183,7.43082037107115,7.39025258352615,7.34952249892638,7.30813416660895,7.26866200218275,7.22995973820102,7.23062631270672,7.22188316265574,7.21414914464335,7.21653008561647,7.20873917200494,7.1981823728012,7.22574530288802,7.24231387939501,7.2679099972628,7.28416057833394
11.6703022203799,11.7509260527583,11.8402851217934,11.9294609863733,12.0078938065723,12.0984896388807,12.1999545516032,12.3007069954439,12.4021257550797,12.5046836449708,12.6073713030722,12.7098649679701,12.6692364408845,12.6264854232114,12.5826119575293,12.547640759325,12.5034083334591
7.49032138125105,7.43098476480672,7.18030319860861,6.91942681273266,6.66776027321861,6.40839388149064,6.15995167015989,5.91075181918679,5.87226052864849,5.83498058959719,5.7978386461032,5.75049041017301,5.70982203426419,5.66689660116879,5.67277755649286,5.66749118269287,5.6629904196398
8.05026694873546,8.06081797466101,8.06025184569696,8.05952389376886,8.05813961694991,8.28866591064765,8.52995985581095,8.77062448316619,9.00187766169375,9.24413702445452,9.48651101039072,9.45871364375176,9.4381584710306,9.40572852011425,9.38230712025364,9.35791610243146,9.32417763604085
5.83005962028889,5.93018268633302,6.02005624717861,6.10989366650875,6.19958450234026,6.27970204469253,6.36999103420314,6.45013947197277,6.53041935666928,6.62092396239527,6.7014541680433,6.88194610383403,7.06182211164522,7.24127940678723,7.42051527187696,7.59953458264268,7.77869963414313
3.92039599133706,3.88121338233403,3.84037358751337,3.80929374476062,4.07724031069036,4.34802101393922,4.62994045017266,4.90092635735297,5.17278532042267,5.45613685561172,5.45965842264014,5.45292580552628,5.45210226317919,5.44849767778666,5.44342237857937,5.4369087496029,5.33136311440044
13.1103302969217,12.9810120838823,12.8403116098614,12.7094109115285,12.5676981393316,12.4383493249908,12.1799503294067,11.9307726759488,11.6723232396152,11.4151187597499,11.1680561036768,10.9107814322593,11.010094514449,11.0970879247898,11.1828546107045,11.2674215837702,11.362795961781
6.87037237263059,6.59114101074781,6.31035130507182,6.01933586900334,5.73740491098756,5.44813904957919,5.36994400199252,5.28087110522908,5.20261919137047,5.12577082590901,5.03908235082237,4.96215485228028,4.95138042970714,4.94799083801874,4.93321825251005,4.92709312569637,4.91187825714917
11.6900980984465,11.8003005897119,12.0500925483748,12.289825040259,12.5393163455647,12.7795097482195,13.0299852477946,13.2702294853666,13.4406900039994,13.6015202756858,13.7623926691504,13.9332020938904,14.0929980787586,14.2521051192568,14.4708478216323,14.6892342083447,14.9078603949631
6.96030878982143,6.84094618260347,6.71029131955865,6.57944926969649,6.44784802370818,6.31845680777553,6.22995356367975,6.14072236358433,6.0421719631604,5.954785454557,5.86753153496856,5.78007940529683,5.86943721575757,5.95662639851106,6.04266873431683,6.12758947590826,6.21326504872108
10.8301902270432,10.8505828868263,10.8801794646534,10.9096607278156,10.9386742953988,10.8290493310543,10.719971393345,10.6004450052406,10.4913380173222,10.3829480339301,10.2646397307442,10.1862093221149,10.095813707335,10.0040821300072,9.91164404848543,9.8285150194768,9.73585099708888
6.46029166234886,6.45089370122142,6.44027516109938,6.36947981674667,6.30796738617536,6.24854240315683,6.18995613933719,6.12068229664681,6.06205149209274,5.85452002242159,5.65711378752455,5.44952033655221,5.24891376698148,5.03625885576545,4.82252070912087,4.72772317910187,4.62363861250245
7.91017075334154,7.95052321621385,7.98016109270655,8.01969545939318,8.08881000888885,8.1591466518303,8.21997432183222,8.2903994496815,8.36120104336855,8.43264624122823,8.51416475762296,8.60557366861075,8.68521855324711,8.77366423894026,8.86147574586537,8.93866703817639,9.05627573399098
8.64035117836087,8.86107606803303,9.09033130990076,9.20937366923439,9.33755261522777,9.45824496897797,9.5799471892216,9.71082152468083,9.83247011530045,9.94544236879167,10.0585654122044,10.1714630366191,10.270732691724,10.3775360248495,10.483035079779,10.467258575767,10.4623405210065
3.19038042801723,3.36116569377225,3.52035890471248,3.68932150212586,3.6773487724756,3.67809879239073,3.67994279061025,3.6708899494965,3.672675851279,3.67589566385398,3.59927882564764,3.53241779328802,3.4616266179443,3.38816370058859,3.30328787166615,3.2270302424592,3.15170256276798
12.1600962214632,12.1402948383276,12.1300907775847,12.109828387881,12.099329426383,12.0795191285352,12.0699855300585,12.0202250944694,11.9706768016906,11.9214911872326,11.8723468886086,11.8231408260828,11.7729407145092,11.6520648405998,11.540831599693,11.4292488607495,11.3079013334597
6.39000041710742,6.44000127808546,6.1500003935089,5.85999925608405,5.56999709315146,5.27999791548543,4.99999993727476,4.71000097575496,4.81000293384637,4.91000646410072,5.01001017345372,5.11001361506839,5.21001274761099,5.31000895081268,5.5700036048754,5.82999674391008,6.08999090255633
5.26027570799084,5.42084481445457,5.5702601093839,5.72950827153315,5.88807857313108,5.79862213584078,5.70995853857975,5.62064497402008,5.53193927246807,5.44427277056943,5.35672465291916,5.30899956018736,5.25842617086129,5.2059164871805,5.15238282263696,5.09784772454249,5.04398658972344
8.74007424511707,8.79022749920263,8.84007004458446,8.87986758295449,8.92948258096418,8.94962895639891,8.95998883489747,8.9701736843806,8.99052222465856,9.00115060992642,9.0118108747649,8.90242348216848,8.79226907475539,8.68159324465677,8.57064166782055,8.45942041598878,8.34838065502388
2.21007189888795,2.27022030997221,2.34006783109689,2.39987176748191,2.46949893198708,2.52964068179361,2.57998918772725,2.63016819575903,2.68050572177257,2.73111424935993,2.78175364908764,2.83234689740894,2.8321973694436,2.83154289633546,2.84062139039644,2.83943873149475,2.83843182814461
4.01002567817428,4.05007868213297,4.10002422539175,4.13995420267213,4.26982104713823,4.39987167206917,4.52999613847406,4.66006006991394,4.79018061491876,4.92039794619998,5.08062630324557,5.24083817764607,5.39078477480128,5.55055103440552,5.71022192514159,5.86979954696243,6.03943993862309
2.4503114488811,2.51095433039795,2.57029382817789,2.56944452723208,2.55782949254889,2.54844351899487,2.53995316380599,2.53072858402211,2.53219066643118,2.49482666319903,2.45759639073612,2.42016620135764,2.3795184817776,2.34668345994189,2.30269171539748,2.29756871833482,2.29320705251758
6.70006806671372,6.63020856756253,6.55006421573386,6.47987860221003,6.40952563865782,6.32965983327162,6.2599897640159,6.17015923101045,6.07047876705881,5.98105486043465,5.89166018048145,5.80222180896836,5.70208025076767,5.68146066074397,5.65058827060374,5.61946864682117,5.58851541090848
6.26034867571648,6.21106839952059,6.34032894884735,6.45937813273031,6.58757005631886,6.70825747606565,6.83994756557337,6.96081567015115,6.94245251222207,6.91540358418741,6.89850437148202,6.87138134620896,6.85065620605804,6.81748231997344,6.9530134505266,7.07727811230671,7.20239510566859
6.35019898629862,6.26060972661988,6.16018772834032,6.05964510557986,5.96861325157994,5.87900555624743,5.79997007611378,5.71046549609449,5.62139962809651,5.54308378004505,5.45485337327268,5.38649523855051,5.30608140716568,5.22427009707344,5.14171975086875,5.05844664158784,4.97565995077147
11.7900042492817,11.7400130204951,11.6800040088719,11.6199924213559,11.5599703864807,11.4899787640074,11.4299993609861,11.3700099405035,11.2800298885601,11.180065853026,11.0901036420599,10.990138703509,10.9001298662869,10.8000911864042,10.7200367246681,10.6499668285837,10.5699073197925
6.39000041710742,6.44000127808546,6.1500003935089,5.85999925608405,5.56999709315146,5.27999791548543,4.99999993727476,4.71000097575496,4.81000293384637,4.91000646410072,5.01001017345372,5.11001361506839,5.21001274761099,5.31000895081268,5.5700036048754,5.82999674391008,6.08999090255633
2.09003107450126,2.02009521736293,1.95002931641316,1.86994457825906,1.99978343978556,2.11984470366137,2.23999532696555,2.36007269374357,2.48021857155651,2.60048157550292,2.76075792230328,2.921014322593,3.09094969701841,3.25066683554455,3.41026856321703,3.56975742129869,3.7393222404454
5.83005962028889,5.93018268633302,6.02005624717861,6.10989366650875,6.19958450234026,6.27970204469253,6.36999103420314,6.45013947197277,6.53041935666928,6.62092396239527,6.7014541680433,6.88194610383403,7.06182211164522,7.24127940678723,7.42051527187696,7.59953458264268,7.77869963414313
7.78031160529638,7.77095480967997,7.76029397574373,7.74944424826358,7.7378284024807,7.60844273730189,7.479953140284,7.35072894993022,7.22219176662357,7.0948290872368,6.96760020578128,6.86017130700828,6.75952326213172,6.64668681649664,6.53269306722576,6.42756749730109,6.3132036409762
4.43006493840823,4.47019898192197,4.5200612644171,4.55988418157993,4.51954744002168,4.46967546713122,4.42999023445562,4.39015191284834,4.34045676321083,4.30100637967932,4.40158387957843,4.50211969595565,4.60198464368528,4.71139352964888,4.81056123403827,4.9094930674958,5.03858364173613
6.19002536534374,6.11007772356891,6.02002393026007,5.94995476060912,5.86982322727461,5.78987323545513,5.71999618551803,5.64005933809773,5.56017841453396,5.45039309812445,5.34061867315527,5.23082796634479,5.12077521409305,5.01054432129601,4.90021922148504,4.7798019890299,4.65944676170585
12.5801720828714,12.6805272901111,12.9901623470162,13.299693088161,13.6088007433092,13.91914000744,14.2299741218953,14.5504025599004,14.5412103950039,14.5426668455492,14.5441971855067,14.5456170666412,14.5452591862571,14.5436927696557,15.0914872364057,15.6286566593897,16.1762467358892
8.42029275725578,8.52089705619561,8.56027619406025,8.60947786396721,8.647959755698,8.69853693130597,8.73995597468329,8.79068485800354,8.86205919343953,8.93453699068596,9.0171404928406,9.08955607610666,9.15894722946032,9.23628235164873,9.32253017191879,9.40771463186575,9.48361473171277
6.19002536534374,6.11007772356891,6.02002393026007,5.94995476060912,5.86982322727461,5.78987323545513,5.71999618551803,5.64005933809773,5.56017841453396,5.45039309812445,5.34061867315527,5.23082796634479,5.12077521409305,5.01054432129601,4.90021922148504,4.7798019890299,4.65944676170585
6.5202339451125,6.47071684615312,6.41022070930513,6.46958275612127,6.52836962133872,6.58883084786642,6.64996481894996,6.710547276556,6.77164552109762,7.18362555248582,7.59570603586389,7.99763635146761,8.40714981631139,8.80502028706106,9.21202188448791,9.49817374054883,9.79489747127252
3.8901138963892,3.63034899719671,3.36010745252442,3.08979686444105,2.81920624867715,2.5494307972285,2.27998287207406,2.26026644208527,2.24080112343162,2.23176510350018,2.21277798871064,2.20371776460465,2.18348089452468,2.31244413128702,2.44098435628791,2.56911088393782,2.69751582928346
8.48040248257096,8.30123327253819,8.13037971149565,7.94928216756809,7.89719507286034,7.84798857368056,7.79993947401025,7.74094154253933,7.69283097840722,7.64623745317903,7.4698167470139,7.29313769002767,7.11230064787514,6.92863697480897,6.74347847945273,6.55685807670304,6.41122153543307
2.21007189888795,2.27022030997221,2.34006783109689,2.39987176748191,2.46949893198708,2.52964068179361,2.57998918772725,2.63016819575903,2.68050572177257,2.73111424935993,2.78175364908764,2.83234689740894,2.8321973694436,2.83154289633546,2.84062139039644,2.83943873149475,2.83843182814461
6.78039724265926,6.75121721659025,6.72037476804007,6.68929151301267,6.65723159014481,6.59801476039538,6.53994026199678,6.48092928461781,6.42279412196186,6.36615624791385,6.30968894300135,6.34296665073137,6.37214050601214,6.3985245302247,6.42343319320556,6.44689898133305,6.47133582206938
11.6900977074083,11.7002993915068,11.7100921794602,11.7098257376803,11.7193190707352,11.5695117024519,11.4199853065996,11.2702285705964,11.1206872535184,10.9715142155914,10.8223831315375,10.7131893297638,10.5929861278733,10.4820967278699,10.3708444420616,10.249237260929,10.1378689238165
11.980202349227,12.0106200311835,12.0301909010058,12.0596391077572,12.0985898151138,12.1389887498484,12.1699695703911,12.2104733631187,12.2514232822331,12.293135896857,12.2449353967434,12.1966050100392,12.1461841847793,12.0843422630007,12.0317488151766,11.9784203893626,11.9455866026318
10.5201282865945,10.5303930911433,10.5401210285815,10.5497711993395,10.5591059624034,10.5593588814743,10.5699807080514,10.5803001056309,10.5809023411323,10.5919881149747,10.5931289728645,10.5941874844631,10.6039206871037,10.5427529343244,10.4911087244891,10.4389985488345,10.3872019674763
8.0000416325323,8.23012756889982,8.45003927710723,8.66992574788566,8.8897098601825,9.10979193938522,9.3399937392315,9.62009739254067,9.90029283454343,10.1906451980521,10.471015437851,10.7613589540109,11.0412723709215,11.1808934029905,11.3103598116255,11.4496750015218,11.5790919614021
8.64035117836087,8.86107606803303,9.09033130990076,9.20937366923439,9.33755261522777,9.45824496897797,9.5799471892216,9.71082152468083,9.83247011530045,9.94544236879167,10.0585654122044,10.1714630366191,10.270732691724,10.3775360248495,10.483035079779,10.467258575767,10.4623405210065
9.96036337875229,9.89111345203121,9.81034282003613,9.7293519096918,9.64746758990868,9.57818399692554,9.4299453545067,9.28085006551304,9.13255593030754,8.98563144373745,8.8388629857262,8.69186127736872,8.59110555934527,8.48779783612036,8.38314052238432,8.28716333513594,8.18207442077865
6.42001214825302,6.32003722423756,6.23001146094675,6.13997833344693,6.10991533803696,6.07993928851194,6.04999817312583,6.03002841886285,6.00008544827627,5.97018826693319,5.95029630184003,5.92039653886607,5.90037127416995,5.88026069241926,5.85010499199592,5.82990516638022,5.79973503695266
5.28009755099299,5.29029891222479,5.29009203189434,5.29982601664876,5.29932016080336,5.2995124841449,5.30998533012158,5.30022820468827,5.30068615332596,5.3015117915536,5.29237931649238,5.29318422411321,5.29298134751919,5.19209337131519,5.09084309023332,4.98923848196277,4.89787233535791
3.3502787580887,3.33085416045412,3.31026298691774,3.2895028316475,3.26805731680131,3.23860689282767,3.20995807990102,3.18065210922813,3.15196072621985,3.12432003930587,3.0967990462996,3.06909912037476,3.02851938776663,2.99598193999821,2.9624091832883,2.92782391438473,2.88392006466649
12.5801720828714,12.6805272901111,12.9901623470162,13.299693088161,13.6088007433092,13.91914000744,14.2299741218953,14.5504025599004,14.5412103950039,14.5426668455492,14.5441971855067,14.5456170666412,14.5452591862571,14.5436927696557,15.0914872364057,15.6286566593897,16.1762467358892
5.52018443967807,5.57056515339129,5.63017400471738,5.68967104964988,5.73871462792193,5.77907825369456,5.81997226365846,5.86043146664071,5.90129731020344,5.94285834453279,5.98449857407366,6.03602041304138,6.08563683423257,6.12395793748128,6.17159403083931,6.21856019772487,6.26597722412003
8.30011718110997,8.43035906211929,8.56011055140702,8.69979100610266,8.82918335724509,8.95941438167592,8.89998237811236,8.84027412615548,8.790824227472,8.73181600829327,8.6728581046588,8.613824983268,8.32358128196119,8.03251461893687,7.74101274468165,7.44908524222946,7.15744418691443
7.29000213767545,7.24000655018777,7.20000201673312,7.1299961874306,7.06998510240133,6.99998931686265,6.93999967853292,6.87000500074411,6.81001503596276,6.68003312851615,6.56005213895037,6.44006977722538,6.3100653315063,6.19004587291498,6.07001847498641,5.75998331253904,5.44995337560113
5.28009755099299,5.29029891222479,5.29009203189434,5.29982601664876,5.29932016080336,5.2995124841449,5.30998533012158,5.30022820468827,5.30068615332596,5.3015117915536,5.29237931649238,5.29318422411321,5.29298134751919,5.19209337131519,5.09084309023332,4.98923848196277,4.89787233535791
4.43006493840823,4.47019898192197,4.5200612644171,4.55988418157993,4.51954744002168,4.46967546713122,4.42999023445562,4.39015191284834,4.34045676321083,4.30100637967932,4.40158387957843,4.50211969595565,4.60198464368528,4.71139352964888,4.81056123403827,4.9094930674958,5.03858364173613
9.90011897988562,9.69036457386261,9.47011224841415,9.25978779796496,9.03917082146087,8.82940539220665,8.60998210760952,8.39027833409869,8.17083687968458,7.95184388472759,7.73290197767804,7.51388369825031,7.22363625603356,6.94255321931654,6.6510282907068,6.35907120034154,6.07740495418853
7.26012789555628,7.1703918929382,7.08012065966692,6.98977189676076,6.89910868757384,6.8093608357068,6.76998076685633,6.73029919086068,6.68089959065131,6.64198205488027,6.60311943525164,6.55417472033655,6.56390873621837,6.57274454293755,6.5811053449184,6.58900160141884,6.59721049632974
5.9302565471197,6.05078610240615,6.17024203256873,6.27954244517376,6.22821210648477,6.16871789323082,6.10996142002301,6.0606001502772,6.00180449889923,5.94397582594306,5.82625730988819,5.69837411798448,5.57784057748166,5.44550530922308,5.31221722367344,5.18799730117461,5.29440450354278
13.5503742496139,13.8111467621322,14.0703530758619,14.2393325213814,14.4173918301692,14.5881296692634,14.7699437197287,14.9508754961263,15.1226323936793,15.2857999143622,15.4591281313642,15.6222161200879,15.7914377939566,15.9480311166758,16.1032344744493,16.1270784732916,16.1418373186526
5.28009755099299,5.29029891222479,5.29009203189434,5.29982601664876,5.29932016080336,5.2995124841449,5.30998533012158,5.30022820468827,5.30068615332596,5.3015117915536,5.29237931649238,5.29318422411321,5.29298134751919,5.19209337131519,5.09084309023332,4.98923848196277,4.89787233535791
3.04015479898352,2.800474329447,2.56014604099107,2.32972391417965,1.97892119584458,1.63922638451425,1.28997672107477,0.950362127054773,0.611088823743883,0.262398989376071,0.633775623017577,1.0050528922459,1.36473095712693,1.73332187035531,2.10133785938146,2.46879158361701,2.98662371121198
11.1700139470287,11.1500427359809,11.1200131579539,11.0999751253092,11.0799028022527,10.9599302990427,10.839997902623,10.7200326268061,10.6000981004889,10.4802161433675,10.3603401748593,10.2104552538484,10.0704262482423,9.92029929279894,9.77012053802107,9.6198911244923,9.47969580422676
5.52018443967807,5.57056515339129,5.63017400471738,5.68967104964988,5.73871462792193,5.77907825369456,5.81997226365846,5.86043146664071,5.90129731020344,5.94285834453279,5.98449857407366,6.03602041304138,6.08563683423257,6.12395793748128,6.17159403083931,6.21856019772487,6.26597722412003
5.28009755099299,5.29029891222479,5.29009203189434,5.29982601664876,5.29932016080336,5.2995124841449,5.30998533012158,5.30022820468827,5.30068615332596,5.3015117915536,5.29237931649238,5.29318422411321,5.29298134751919,5.19209337131519,5.09084309023332,4.98923848196277,4.89787233535791
11.1700139470287,11.1500427359809,11.1200131579539,11.0999751253092,11.0799028022527,10.9599302990427,10.839997902623,10.7200326268061,10.6000981004889,10.4802161433675,10.3603401748593,10.2104552538484,10.0704262482423,9.92029929279894,9.77012053802107,9.6198911244923,9.47969580422676
4.7901166336565,4.88035738463219,4.97011003492658,5.04979198249239,5.13918717248377,5.22941711760135,5.31998246043931,5.44027284547711,5.5708203767986,5.69180752416109,5.82284475200078,5.94380711349077,6.06356455072177,6.19250287099523,6.3110080132827,6.42908951584752,6.55745612730927
5.66010959496914,5.73033581694094,5.81010339446387,5.83980453607466,5.87923622555247,5.91945229378545,5.94998351892867,5.99025637961237,6.03077086814066,5.92169844246161,5.80267307496899,5.69357735921216,5.58334943478639,5.47235182603128,5.36094718101038,5.36914446236544,5.37760964667147
7.48031043218182,7.55095121506476,7.61029286899995,7.6694463405273,7.72783657799215,7.79844859999924,7.8599533166989,7.86072620561943,7.86218351518059,7.87481090695355,7.87757159294264,7.88013301462851,7.87948740947582,7.91666164233598,7.9526829285137,7.98757665505408,8.02322922753657
8.20016746862077,8.25051315129126,8.30015799382396,8.35970131773157,8.40883290032091,8.45916306738288,8.50997481579392,8.61039176561129,8.70117793932818,8.80259533643514,8.89408464167479,8.9954664499474,9.08511816581061,9.36359375129042,9.64144735747162,9.91869267988475,10.20634737636
6.5702775067665,6.58085032619789,6.59026180639103,6.59950506339546,6.60806603734686,6.56861314637151,6.52995826807691,6.49064918196329,6.45195192468066,6.41430064700374,6.3767685259384,6.46905827516968,6.54848114493367,6.62595508756017,6.71239836866211,6.78783368265458,6.86394735699755
7.51031473360187,7.49096439532053,7.47029692706049,7.44943866889369,7.41780660111683,7.27842710344229,7.13995266984429,7.00073626809232,6.86221377047155,6.72487756799212,6.58767650668429,6.58027342002099,6.57961886921411,6.57675394759173,6.56272010379123,6.55754307662646,6.55313541014855
6.87037237263059,6.59114101074781,6.31035130507182,6.01933586900334,5.73740491098756,5.44813904957919,5.36994400199252,5.28087110522908,5.20261919137047,5.12577082590901,5.03908235082237,4.96215485228028,4.95138042970714,4.94799083801874,4.93321825251005,4.92709312569637,4.91187825714917
5.35000659551077,5.42002020972556,5.4900062223595,5.5599882368285,5.63995403545782,5.70996703861272,5.77999900815632,5.85001542912511,5.93004639144612,6.00010221359249,6.07016086773717,6.1402152882685,6.15020157159871,6.16014153472548,6.16005700209221,6.16994851307769,6.17985614667173
4.38006853595954,4.29021000540861,4.19006465843138,4.09987776530455,3.99952236845324,3.90965748819268,3.84998969344995,3.80016032873476,3.740482067636,3.68106213254795,3.6316716256169,3.57223712592027,3.59209459183003,3.60147073040824,3.62059232608856,3.62946498371998,3.64850517628433
7.48031043218182,7.55095121506476,7.61029286899995,7.6694463405273,7.72783657799215,7.79844859999924,7.8599533166989,7.86072620561943,7.86218351518059,7.87481090695355,7.87757159294264,7.88013301462851,7.87948740947582,7.91666164233598,7.9526829285137,7.98757665505408,8.02322922753657
3.3502787580887,3.33085416045412,3.31026298691774,3.2895028316475,3.26805731680131,3.23860689282767,3.20995807990102,3.18065210922813,3.15196072621985,3.12432003930587,3.0967990462996,3.06909912037476,3.02851938776663,2.99598193999821,2.9624091832883,2.92782391438473,2.88392006466649
4.39001895231747,4.39005807300577,4.38001788006071,4.37996619831741,4.36986792007054,4.36990528486731,4.35999714991945,4.33004433586542,4.29013330664562,4.26029371257603,4.22046225630409,4.18061863466873,4.15057921957415,4.12040670255108,4.08016379652582,4.04985205141289,4.01958663490253
4.43006493840823,4.47019898192197,4.5200612644171,4.55988418157993,4.51954744002168,4.46967546713122,4.42999023445562,4.39015191284834,4.34045676321083,4.30100637967932,4.40158387957843,4.50211969595565,4.60198464368528,4.71139352964888,4.81056123403827,4.9094930674958,5.03858364173613
8.99021314188098,9.10065310164341,9.21020108304867,9.32961985893108,9.43851460040844,9.54893481303275,9.65996794737407,9.83049861077801,10.0014991955086,10.1733031554629,10.3351986348588,10.5069572999331,10.6765140292135,10.9345738652787,11.1918420913275,11.4483361380351,11.7153512062764
6.70006806671372,6.63020856756253,6.55006421573386,6.47987860221003,6.40952563865782,6.32965983327162,6.2599897640159,6.17015923101045,6.07047876705881,5.98105486043465,5.89166018048145,5.80222180896836,5.70208025076767,5.68146066074397,5.65058827060374,5.61946864682117,5.58851541090848
6.11035735676422,6.15109499967314,6.19033713875137,6.22936264997885,6.25750955753413,6.27821409210526,6.30994626010316,6.34083597805099,6.37251357290019,6.40553811828345,6.48871610648789,6.56166470981924,6.64092151571167,6.70766860876231,6.78308847699579,6.8472103449346,6.89220576512187
5.36009989722211,5.40030610145521,5.45009424538191,5.47982183212134,5.50930380978046,5.5295007587502,5.55998497729179,5.59023369330985,5.62070265621194,5.7015481521201,5.79243654216964,5.88326080887274,5.97305305283098,6.0621437196365,6.14086336765742,6.1992201664568,6.25782116223718
8.64035117836087,8.86107606803303,9.09033130990076,9.20937366923439,9.33755261522777,9.45824496897797,9.5799471892216,9.71082152468083,9.83247011530045,9.94544236879167,10.0585654122044,10.1714630366191,10.270732691724,10.3775360248495,10.483035079779,10.467258575767,10.4623405210065
6.23024153125333,6.22074009133147,6.20022786624828,6.18956922614927,6.16831675303134,6.15879293575689,6.13996367813364,6.3105650230991,6.49169888042896,6.66374311831749,6.83589106555371,7.00788397552345,7.18738166348619,7.12518307996665,7.07208744815918,7.00811452041284,6.95473201151548
17.2100981766541,17.4803008293529,17.7500926221577,17.7198249007748,17.6993158005306,17.679509357373,17.6599852360336,17.6402296683207,17.6206905540956,17.5115214877047,17.402394576673,17.2832046467158,17.1730004689357,17.0521067975342,16.9408484975464,17.0292335978278,17.1178586891924
6.43018412684752,6.45056419482723,6.47017370958571,6.49967160758687,6.51871680805832,6.49907981708052,6.48997231070244,6.47043073482449,6.45129510981864,6.44285349645726,6.42449094398336,6.44601020174011,6.45562727352433,6.47395122437177,6.49159132718276,6.50856263979234,6.51598404720279
3.3502787580887,3.33085416045412,3.31026298691774,3.2895028316475,3.26805731680131,3.23860689282767,3.20995807990102,3.18065210922813,3.15196072621985,3.12432003930587,3.0967990462996,3.06909912037476,3.02851938776663,2.99598193999821,2.9624091832883,2.92782391438473,2.88392006466649
4.79032325823434,4.73099051619105,4.68030496939867,4.66942346511072,4.65774719240029,4.64838450117488,4.63995138789606,4.63075621008406,4.62227373095728,4.53500967805039,4.44788442664501,4.37055167798064,4.27987939851362,4.18693687982585,4.10279377843214,3.99747653028809,3.89294948114322
6.35019898629862,6.26060972661988,6.16018772834032,6.05964510557986,5.96861325157994,5.87900555624743,5.79997007611378,5.71046549609449,5.62139962809651,5.54308378004505,5.45485337327268,5.38649523855051,5.30608140716568,5.22427009707344,5.14171975086875,5.05844664158784,4.97565995077147
16.7600314655394,16.900096415568,17.0300296853278,17.1699438808378,17.3097807146151,17.4498427494289,17.5499952681606,17.6500736085138,17.7502213220375,17.8504876355973,17.9507674599162,18.0510270867196,18.1509616479037,18.2606752269314,18.3702719427877,18.4797543687144,18.5893137115919
7.72032951484533,7.78100968747217,7.84031087203219,7.92941230637093,8.00770358967256,8.08835323345569,8.16995044701663,8.25077084640826,8.33231773865323,8.59510663956104,8.85803702845104,9.13075590400607,9.3900706126784,9.65707114201602,9.91284785156309,9.99742768893883,10.0828130194879
7.48031043218182,7.55095121506476,7.61029286899995,7.6694463405273,7.72783657799215,7.79844859999924,7.8599533166989,7.86072620561943,7.86218351518059,7.87481090695355,7.87757159294264,7.88013301462851,7.87948740947582,7.91666164233598,7.9526829285137,7.98757665505408,8.02322922753657
6.20033882155417,6.12103820475283,6.05031965219956,5.96939570774548,5.89763873061505,5.81830672272338,5.73994904745847,5.67079261794052,5.53238320010095,5.40525086980814,5.27826402363752,5.1510596902189,5.01035504374851,4.87727085702391,4.75292828534536,4.6373550374318,4.51261003277568
5.36009989722211,5.40030610145521,5.45009424538191,5.47982183212134,5.50930380978046,5.5295007587502,5.55998497729179,5.59023369330985,5.62070265621194,5.7015481521201,5.79243654216964,5.88326080887274,5.97305305283098,6.0621437196365,6.14086336765742,6.1992201664568,6.25782116223718
2.4503114488811,2.51095433039795,2.57029382817789,2.56944452723208,2.55782949254889,2.54844351899487,2.53995316380599,2.53072858402211,2.53219066643118,2.49482666319903,2.45759639073612,2.42016620135764,2.3795184817776,2.34668345994189,2.30269171539748,2.29756871833482,2.29320705251758
7.91017075334154,7.95052321621385,7.98016109270655,8.01969545939318,8.08881000888885,8.1591466518303,8.21997432183222,8.2903994496815,8.36120104336855,8.43264624122823,8.51416475762296,8.60557366861075,8.68521855324711,8.77366423894026,8.86147574586537,8.93866703817639,9.05627573399098
4.14027461308392,4.12084145948038,4.10025907642303,4.08951022431261,4.06808620360844,4.00862760769164,3.94995870323365,3.89064241266334,3.84193157112128,3.78425580230507,3.72669794760311,3.76896382063291,3.80839270838246,3.84589299129721,3.88237335983905,3.91785627177861,3.96401047051312
14.0903192696448,14.2409782944993,14.0003012064698,13.7694305788073,13.5377749891392,13.2984044343459,13.0699519877067,12.8307468794274,12.8022456760511,12.7749478650873,12.7377871429937,12.7104214838894,12.6697574994836,12.6368512876796,12.7227593068112,12.7975076666482,12.8830364754485
13.3403326431508,13.2510192731127,13.160313823349,13.069406727001,12.9676817883087,12.8783375995961,12.4799499765769,12.0907781645704,11.6923397425012,11.2951551203164,10.8981133293541,10.5008580170188,10.2701662197608,10.0371382731111,9.80287488812856,9.5674032682642,9.33274478866028
7.51031473360187,7.49096439532053,7.47029692706049,7.44943866889369,7.41780660111683,7.27842710344229,7.13995266984429,7.00073626809232,6.86221377047155,6.72487756799212,6.58767650668429,6.58027342002099,6.57961886921411,6.57675394759173,6.56272010379123,6.55754307662646,6.55313541014855
7.26012789555628,7.1703918929382,7.08012065966692,6.98977189676076,6.89910868757384,6.8093608357068,6.76998076685633,6.73029919086068,6.68089959065131,6.64198205488027,6.60311943525164,6.55417472033655,6.56390873621837,6.57274454293755,6.5811053449184,6.58900160141884,6.59721049632974
7.51031473360187,7.49096439532053,7.47029692706049,7.44943866889369,7.41780660111683,7.27842710344229,7.13995266984429,7.00073626809232,6.86221377047155,6.72487756799212,6.58767650668429,6.58027342002099,6.57961886921411,6.57675394759173,6.56272010379123,6.55754307662646,6.55313541014855
7.28008425569465,7.37025817325242,7.4700794887981,7.55984972897082,7.6494128165998,7.8095789280482,7.96998732949037,8.12019710249933,8.28059263697207,8.44130574834346,8.60205503765456,8.78275024380916,8.96257501741904,9.14180806416106,9.32072818483006,9.49934226982995,9.67816231637541
8.64035117836087,8.86107606803303,9.09033130990076,9.20937366923439,9.33755261522777,9.45824496897797,9.5799471892216,9.71082152468083,9.83247011530045,9.94544236879167,10.0585654122044,10.1714630366191,10.270732691724,10.3775360248495,10.483035079779,10.467258575767,10.4623405210065
15.8503939579385,15.9012071516677,15.9603716691575,16.0192973713511,16.0672544815769,16.128031175948,16.1899407559585,16.1809216005476,16.1727710179215,16.1661053431208,16.1696088270532,16.162859432068,16.1520401185756,16.3684540425749,16.5834048048118,16.8069246230414,17.0214074644384
8.05026694873546,8.06081797466101,8.06025184569696,8.05952389376886,8.05813961694991,8.28866591064765,8.52995985581095,8.77062448316619,9.00187766169375,9.24413702445452,9.48651101039072,9.45871364375176,9.4381584710306,9.40572852011425,9.38230712025364,9.35791610243146,9.32417763604085
6.55016199408616,6.27049637642029,6.05015282901962,5.83971108162889,5.61887105270768,5.40919042663718,5.19997563906343,4.98037895882761,4.80113943259422,4.63251049511332,4.45395111509452,4.27528775217515,4.10495085341642,3.92347627187402,3.74140004348205,3.55873541606536,3.38646678030839
12.3201594914418,12.1504887079078,11.9901504679662,11.8197155451248,11.6488884937988,11.4692029337249,11.2999760154152,11.1303731042979,10.9611218295158,10.8124717105091,10.6638900743721,10.515206061765,10.3548743677505,10.2034225669979,10.0513784142297,10.0087549526051,9.96652136497051
11.3701286776327,11.6603942893483,11.9401213974961,12.2297705019183,12.5191032372329,12.8093569272419,13.0999806492464,13.3803010204012,13.6609050916133,13.9419941750691,14.2231385104774,14.5042002485897,14.783932637989,15.0627613257113,15.3311121040598,15.6089954962502,15.8771934386228
8.64035117836087,8.86107606803303,9.09033130990076,9.20937366923439,9.33755261522777,9.45824496897797,9.5799471892216,9.71082152468083,9.83247011530045,9.94544236879167,10.0585654122044,10.1714630366191,10.270732691724,10.3775360248495,10.483035079779,10.467258575767,10.4623405210065
8.84011679007178,9.47035786391422,10.1101101824924,10.7397917035239,11.3791860824156,12.0994163359084,12.8099824369173,13.5302732113852,14.250821476991,14.9718099481989,15.6928485670459,15.7038122191414,15.7135693310759,15.71250622755,15.721009365111,15.7290882948138,15.7274527157679
9.18015456436061,9.34047361052396,9.50014581964231,9.65972433263239,9.81892283094687,9.96922755705372,10.0799767563578,10.1903615781926,10.2910871734553,10.4023953533194,10.5037699004498,10.6150452337699,10.6947237865957,10.7833168355232,10.861335831639,10.9487934151676,11.0266288285241
10.8000918418355,10.8902814184308,10.8500866457412,10.8198361989988,10.7893599482924,10.7595410159387,10.7299861886741,10.7002148490424,10.5906459963034,10.4714233141751,10.3522400673444,10.242997867865,10.1228068645938,10.0119708570666,9.82079374850133,9.62928304969397,9.43799685661837
4.58003185657763,4.71009761377307,4.86003005424235,5.00994318341659,5.15977798944459,5.30984079519647,5.45999520935562,5.6100745232841,5.74022407251851,5.87049369569175,6.01077699752903,6.14103985084618,6.28097359878901,6.41068361831832,6.8002753223584,7.19975131613004,7.58930518273849
8.07033835230835,7.71103676690675,7.55031920950204,7.39939654465097,7.24764200081963,7.09830906780232,6.93994911802443,6.79079152021621,6.80237989952375,6.81524359769484,6.81825257850207,6.831044373267,6.84034070268615,6.84726078735965,6.87292422986054,6.89735870053299,6.92262026739982
4.43006493840823,4.47019898192197,4.5200612644171,4.55988418157993,4.51954744002168,4.46967546713122,4.42999023445562,4.39015191284834,4.34045676321083,4.30100637967932,4.40158387957843,4.50211969595565,4.60198464368528,4.71139352964888,4.81056123403827,4.9094930674958,5.03858364173613
5.52018443967807,5.57056515339129,5.63017400471738,5.68967104964988,5.73871462792193,5.77907825369456,5.81997226365846,5.86043146664071,5.90129731020344,5.94285834453279,5.98449857407366,6.03602041304138,6.08563683423257,6.12395793748128,6.17159403083931,6.21856019772487,6.26597722412003
8.0000416325323,8.23012756889982,8.45003927710723,8.66992574788566,8.8897098601825,9.10979193938522,9.3399937392315,9.62009739254067,9.90029283454343,10.1906451980521,10.471015437851,10.7613589540109,11.0412723709215,11.1808934029905,11.3103598116255,11.4496750015218,11.5790919614021
9.39032099021286,9.48098356660165,9.57030282969402,9.65942751015389,9.7477629983891,9.82839583572309,9.90995172896486,9.99075090441653,10.0722577781675,10.1549745295028,10.2378291084903,10.3104776460464,10.3698100833789,10.4368882097819,10.5027741769222,10.5574942352772,10.6229989484933
6.23024153125333,6.22074009133147,6.20022786624828,6.18956922614927,6.16831675303134,6.15879293575689,6.13996367813364,6.3105650230991,6.49169888042896,6.66374311831749,6.83589106555371,7.00788397552345,7.18738166348619,7.12518307996665,7.07208744815918,7.00811452041284,6.95473201151548
11.980202349227,12.0106200311835,12.0301909010058,12.0596391077572,12.0985898151138,12.1389887498484,12.1699695703911,12.2104733631187,12.2514232822331,12.293135896857,12.2449353967434,12.1966050100392,12.1461841847793,12.0843422630007,12.0317488151766,11.9784203893626,11.9455866026318
7.43003991196428,7.51012229679751,7.59003765388301,7.6699288165391,7.74972185093263,7.429800538008,7.10999399797335,6.79009336755152,6.47028073242704,6.15061853363672,5.8309734723543,5.88130279185392,5.93121978702616,5.99085648088817,6.04034494151449,6.08968843289286,6.1491294883573
6.87037237263059,6.59114101074781,6.31035130507182,6.01933586900334,5.73740491098756,5.44813904957919,5.36994400199252,5.28087110522908,5.20261919137047,5.12577082590901,5.03908235082237,4.96215485228028,4.95138042970714,4.94799083801874,4.93321825251005,4.92709312569637,4.91187825714917
11.6900977074083,11.7002993915068,11.7100921794602,11.7098257376803,11.7193190707352,11.5695117024519,11.4199853065996,11.2702285705964,11.1206872535184,10.9715142155914,10.8223831315375,10.7131893297638,10.5929861278733,10.4820967278699,10.3708444420616,10.249237260929,10.1378689238165
9.41008347361828,9.15025577684228,8.90007875096891,8.63985112381329,8.38941826694077,8.19958283651309,8.0199874471003,7.84019527295881,7.65058713601008,7.47129362815463,7.2920359624288,7.08272471555599,6.87255111564844,6.66179128138729,6.45072142568869,6.23934837499861,6.02817937408232
11.6900980984465,11.8003005897119,12.0500925483748,12.289825040259,12.5393163455647,12.7795097482195,13.0299852477946,13.2702294853666,13.4406900039994,13.6015202756858,13.7623926691504,13.9332020938904,14.0929980787586,14.2521051192568,14.4708478216323,14.6892342083447,14.9078603949631
4.13010544996436,4.1203231159672,4.10009948396916,4.08981192873977,4.41926511235959,4.74947300864942,5.0899841422613,5.42024668304759,5.75074171304209,6.0816342054608,6.21257197627249,6.35344205947031,6.48322275540223,6.62226287733028,6.75091135756113,6.87917681975932,7.0877000525181
4.38006853595954,4.29021000540861,4.19006465843138,4.09987776530455,3.99952236845324,3.90965748819268,3.84998969344995,3.80016032873476,3.740482067636,3.68106213254795,3.6316716256169,3.57223712592027,3.59209459183003,3.60147073040824,3.62059232608856,3.62946498371998,3.64850517628433
5.36009989722211,5.40030610145521,5.45009424538191,5.47982183212134,5.50930380978046,5.5295007587502,5.55998497729179,5.59023369330985,5.62070265621194,5.7015481521201,5.79243654216964,5.88326080887274,5.97305305283098,6.0621437196365,6.14086336765742,6.1992201664568,6.25782116223718
3.76014338066847,3.51043934185897,3.26013526868489,3.00974427887977,2.7590007708227,2.49928344810179,2.57997843817974,2.6503354157631,2.73100850969878,2.80222203461913,2.87349712472157,2.95468017974949,3.0843819912762,3.22307684185824,3.35123917591748,3.47888071907941,3.61687275373289
7.29000213767545,7.24000655018777,7.20000201673312,7.1299961874306,7.06998510240133,6.99998931686265,6.93999967853292,6.87000500074411,6.81001503596276,6.68003312851615,6.56005213895037,6.44006977722538,6.3100653315063,6.19004587291498,6.07001847498641,5.75998331253904,5.44995337560113
7.91017075334154,7.95052321621385,7.98016109270655,8.01969545939318,8.08881000888885,8.1591466518303,8.21997432183222,8.2903994496815,8.36120104336855,8.43264624122823,8.51416475762296,8.60557366861075,8.68521855324711,8.77366423894026,8.86147574586537,8.93866703817639,9.05627573399098
6.84032122483577,7.01098428552469,7.17030305104277,7.32942709170115,7.4877613632868,7.64839466318362,7.80995169368188,7.97075145327869,8.13225942845609,8.14497816555943,8.14783483105805,8.16048530452238,8.16981725391007,8.17689324461404,8.18277620466458,8.3674924037266,8.55299383118119
7.55037252904586,7.50114149002984,7.45035145263766,7.38933559003485,7.32740382091937,7.26813826788621,7.20994397847053,7.16087147113719,7.10262029156287,7.27577324994678,7.45908616586752,7.63215995793091,7.81138521006126,7.97799419457349,8.15321960433833,7.93709190466264,7.71187484560778
7.29000213767545,7.24000655018777,7.20000201673312,7.1299961874306,7.06998510240133,6.99998931686265,6.93999967853292,6.87000500074411,6.81001503596276,6.68003312851615,6.56005213895037,6.44006977722538,6.3100653315063,6.19004587291498,6.07001847498641,5.75998331253904,5.44995337560113
7.43003991196428,7.51012229679751,7.59003765388301,7.6699288165391,7.74972185093263,7.429800538008,7.10999399797335,6.79009336755152,6.47028073242704,6.15061853363672,5.8309734723543,5.88130279185392,5.93121978702616,5.99085648088817,6.04034494151449,6.08968843289286,6.1491294883573
7.95018217165659,7.93055820380189,7.92017186501273,7.89967509469306,7.87873043391073,7.88908958824277,7.88997260472726,7.89042616097318,7.89128135741365,7.90282319598518,7.90444325591897,7.80594638110716,7.69556751909784,7.59390926743734,7.49157442932934,7.38857790271398,7.27602669147007
4.79032325823434,4.73099051619105,4.68030496939867,4.66942346511072,4.65774719240029,4.64838450117488,4.63995138789606,4.63075621008406,4.62227373095728,4.53500967805039,4.44788442664501,4.37055167798064,4.27987939851362,4.18693687982585,4.10279377843214,3.99747653028809,3.89294948114322
9.33039387973085,9.16120691202665,9.02037159537456,8.8692975108353,8.72725502661097,8.58803156679445,8.44994076771947,8.31092141759355,8.43277046782529,8.55610413110188,8.67960691953061,8.8128568792427,8.93203772839857,9.04845236429748,9.23340412889768,9.42692523355828,9.6114091702091
2.09003107450126,2.02009521736293,1.95002931641316,1.86994457825906,1.99978343978556,2.11984470366137,2.23999532696555,2.36007269374357,2.48021857155651,2.60048157550292,2.76075792230328,2.921014322593,3.09094969701841,3.25066683554455,3.41026856321703,3.56975742129869,3.7393222404454
6.84032122483577,7.01098428552469,7.17030305104277,7.32942709170115,7.4877613632868,7.64839466318362,7.80995169368188,7.97075145327869,8.13225942845609,8.14497816555943,8.14783483105805,8.16048530452238,8.16981725391007,8.17689324461404,8.18277620466458,8.3674924037266,8.55299383118119
8.65012844300974,8.7303935704253,8.81012117614736,8.88977092037103,9.35910487233517,9.81935809978137,10.2899806845294,10.760300471539,11.2309034413247,11.7019905390124,11.8231327879097,11.9441925901138,12.0639254674578,12.1727562908792,12.2911100763174,12.4089973278008,12.4671985559349
7.50023621313399,7.59072379574253,7.69022284900978,7.83957871107809,7.97835381534992,8.12881951331821,8.27996447788116,8.43055258222352,8.5816614738874,8.77366070103344,8.97576135401858,9.16771038340183,9.36721913144612,9.555068957105,9.74204148599787,9.90815603555972,10.0748480039225
6.42001214825302,6.32003722423756,6.23001146094675,6.13997833344693,6.10991533803696,6.07993928851194,6.04999817312583,6.03002841886285,6.00008544827627,5.97018826693319,5.95029630184003,5.92039653886607,5.90037127416995,5.88026069241926,5.85010499199592,5.82990516638022,5.79973503695266
7.4603491449623,7.27106983736667,7.07032939154487,6.87937729582482,6.67756678611428,6.48825513098671,6.28994749500741,6.20081676787547,6.11245581279926,6.02541085630071,5.93851581661747,5.85139666316086,5.7606705471204,5.79749238963771,5.82301750601142,5.85727444920551,5.89238487104444
4.90000010427688,4.96000031952141,5.02000009837722,5.07999981402104,5.13999927328785,5.20999947887139,5.25999998431874,5.31000024393875,5.37000073346157,5.42000161602519,5.47000254336341,5.53000340376711,5.63000318690275,5.73000223770317,5.83000090121885,5.92999918597755,6.0299977256391
2.64017583683797,3.02053879287976,3.13016588859629,3.2396863929171,3.34877458167257,3.45912124680846,3.56997355736768,3.68041134169492,3.76123679962151,3.85272502245564,3.93428874659036,4.02573960225642,4.105373914756,4.19377332696978,4.33151968028426,4.46862735458011,4.60616485889606
6.78039724265926,6.75121721659025,6.72037476804007,6.68929151301267,6.65723159014481,6.59801476039538,6.53994026199678,6.48092928461781,6.42279412196186,6.36615624791385,6.30968894300135,6.34296665073137,6.37214050601214,6.3985245302247,6.42343319320556,6.44689898133305,6.47133582206938
7.29000213767545,7.24000655018777,7.20000201673312,7.1299961874306,7.06998510240133,6.99998931686265,6.93999967853292,6.87000500074411,6.81001503596276,6.68003312851615,6.56005213895037,6.44006977722538,6.3100653315063,6.19004587291498,6.07001847498641,5.75998331253904,5.44995337560113
8.93004210177812,8.7301290067459,8.53003971980474,8.32992491098017,8.12970658997792,7.92978959430628,7.72999366866555,7.53009849026499,7.35029613512062,7.16065247016544,6.98102688298641,6.80137427096282,6.62128671198383,6.43090347265474,6.35036386711032,6.25967133842062,6.16908172677794
14.8901187452627,14.8203638549396,14.7501120270654,14.6797882164177,14.6091724565632,14.6194065647461,14.6199821428925,14.6302777852365,14.630835229396,14.6318402486709,14.6428962551103,14.8438760397744,15.0536290855024,15.2525481844844,15.4610262629644,15.6590730318921,15.8574100715006
7.26012789555628,7.1703918929382,7.08012065966692,6.98977189676076,6.89910868757384,6.8093608357068,6.76998076685633,6.73029919086068,6.68089959065131,6.64198205488027,6.60311943525164,6.55417472033655,6.56390873621837,6.57274454293755,6.5811053449184,6.58900160141884,6.59721049632974
13.1103302969217,12.9810120838823,12.8403116098614,12.7094109115285,12.5676981393316,12.4383493249908,12.1799503294067,11.9307726759488,11.6723232396152,11.4151187597499,11.1680561036768,10.9107814322593,11.010094514449,11.0970879247898,11.1828546107045,11.2674215837702,11.362795961781
6.39000041710742,6.44000127808546,6.1500003935089,5.85999925608405,5.56999709315146,5.27999791548543,4.99999993727476,4.71000097575496,4.81000293384637,4.91000646410072,5.01001017345372,5.11001361506839,5.21001274761099,5.31000895081268,5.5700036048754,5.82999674391008,6.08999090255633
8.64035117836087,8.86107606803303,9.09033130990076,9.20937366923439,9.33755261522777,9.45824496897797,9.5799471892216,9.71082152468083,9.83247011530045,9.94544236879167,10.0585654122044,10.1714630366191,10.270732691724,10.3775360248495,10.483035079779,10.467258575767,10.4623405210065
9.3300552406612,9.52016926643624,9.70005211533514,9.87990147762661,10.0596150242497,10.299723932096,10.5299916928187,10.7701292265458,11.0003885512821,11.2308560893378,11.4713473467791,11.4218031456162,11.3816882617299,11.3311854232541,11.2904774206853,11.2495687715872,11.1987951573018
6.47026843468057,6.47082252784027,6.47025324757243,6.47952124356816,6.34812926130208,6.22865848456435,6.09995963235209,5.97062795929319,5.85188811352153,5.7241600528133,5.65654725331965,5.5787621474328,5.50820388439474,5.43576040738441,5.35231996262224,5.27790450261101,5.18414522639772
6.16020618140125,6.17063177359317,6.25019451636888,6.3296322730291,6.40856310844305,6.49896959837035,6.57996899410244,6.66048232786733,6.61145023694685,6.5731952857823,6.52502886534962,6.47673009847976,6.43630130345518,6.38442449859215,6.34178193496934,6.29839047403618,6.26550301986789
3.3502787580887,3.33085416045412,3.31026298691774,3.2895028316475,3.26805731680131,3.23860689282767,3.20995807990102,3.18065210922813,3.15196072621985,3.12432003930587,3.0967990462996,3.06909912037476,3.02851938776663,2.99598193999821,2.9624091832883,2.92782391438473,2.88392006466649
7.78031160529638,7.77095480967997,7.76029397574373,7.74944424826358,7.7378284024807,7.60844273730189,7.479953140284,7.35072894993022,7.22219176662357,7.0948290872368,6.96760020578128,6.86017130700828,6.75952326213172,6.64668681649664,6.53269306722576,6.42756749730109,6.3132036409762
4.43006493840823,4.47019898192197,4.5200612644171,4.55988418157993,4.51954744002168,4.46967546713122,4.42999023445562,4.39015191284834,4.34045676321083,4.30100637967932,4.40158387957843,4.50211969595565,4.60198464368528,4.71139352964888,4.81056123403827,4.9094930674958,5.03858364173613
5.91012633140353,5.85038710011792,5.68011918400854,5.50977468644571,5.33911958825578,5.1693686526366,4.99998100207619,4.83029553177963,4.80088858872732,4.7719578145026,4.75308128480013,4.72412366383019,4.69386093267718,4.66271097739,4.62109182663566,4.56901381175616,4.52724461174356
9.3300552406612,9.52016926643624,9.70005211533514,9.87990147762661,10.0596150242497,10.299723932096,10.5299916928187,10.7701292265458,11.0003885512821,11.2308560893378,11.4713473467791,11.4218031456162,11.3816882617299,11.3311854232541,11.2904774206853,11.2495687715872,11.1987951573018
6.84032122483577,7.01098428552469,7.17030305104277,7.32942709170115,7.4877613632868,7.64839466318362,7.80995169368188,7.97075145327869,8.13225942845609,8.14497816555943,8.14783483105805,8.16048530452238,8.16981725391007,8.17689324461404,8.18277620466458,8.3674924037266,8.55299383118119
7.29000213767545,7.24000655018777,7.20000201673312,7.1299961874306,7.06998510240133,6.99998931686265,6.93999967853292,6.87000500074411,6.81001503596276,6.68003312851615,6.56005213895037,6.44006977722538,6.3100653315063,6.19004587291498,6.07001847498641,5.75998331253904,5.44995337560113
6.06039427076904,6.26120811023172,6.46037196428915,6.65929681341407,6.85725230144049,7.058029612562,7.25994070891451,7.46092233236381,7.62277321830629,7.79611019119629,7.95961645714348,8.12286964336929,8.28204967928387,8.44846075568436,8.40340750846836,8.35692218097395,8.31140064135564
10.9902027402652,10.9406212293886,10.8801912699204,10.879638410336,10.8685870899433,10.8589867956159,10.8499695115861,10.850474277889,10.8414260327141,11.1731419569514,11.4949449343563,11.8266177741658,12.1561961356646,12.4843506543875,12.8017521947473,12.8184173367783,12.8255780737783
10.8000918418355,10.8902814184308,10.8500866457412,10.8198361989988,10.7893599482924,10.7595410159387,10.7299861886741,10.7002148490424,10.5906459963034,10.4714233141751,10.3522400673444,10.242997867865,10.1228068645938,10.0119708570666,9.82079374850133,9.62928304969397,9.43799685661837
5.18000948919336,5.18002907644308,5.25000895232751,5.31998307591135,5.38993386919624,5.4599525772926,5.52999857299959,5.59002219842506,5.77006674500549,5.94014705829117,6.11023144607246,6.28030974280526,6.46029000814992,6.63020363098843,6.64008201091527,6.64992592395365,6.66979303315616
1.61008284795718,1.74025385971417,1.88007816070556,2.01985223968727,2.14942262721354,2.28958596328502,2.41998754118824,2.57019380932639,2.71058273524048,2.86128393200357,3.0120207022482,3.15270429295344,3.30253199423196,3.45177785516827,3.6107160183756,3.76935325913354,3.92819302024785
7.29000213767545,7.24000655018777,7.20000201673312,7.1299961874306,7.06998510240133,6.99998931686265,6.93999967853292,6.87000500074411,6.81001503596276,6.68003312851615,6.56005213895037,6.44006977722538,6.3100653315063,6.19004587291498,6.07001847498641,5.75998331253904,5.44995337560113
14.0903192696448,14.2409782944993,14.0003012064698,13.7694305788073,13.5377749891392,13.2984044343459,13.0699519877067,12.8307468794274,12.8022456760511,12.7749478650873,12.7377871429937,12.7104214838894,12.6697574994836,12.6368512876796,12.7227593068112,12.7975076666482,12.8830364754485
10.8000918418355,10.8902814184308,10.8500866457412,10.8198361989988,10.7893599482924,10.7595410159387,10.7299861886741,10.7002148490424,10.5906459963034,10.4714233141751,10.3522400673444,10.242997867865,10.1228068645938,10.0119708570666,9.82079374850133,9.62928304969397,9.43799685661837
12.5801720828714,12.6805272901111,12.9901623470162,13.299693088161,13.6088007433092,13.91914000744,14.2299741218953,14.5504025599004,14.5412103950039,14.5426668455492,14.5441971855067,14.5456170666412,14.5452591862571,14.5436927696557,15.0914872364057,15.6286566593897,16.1762467358892
4.38038535509838,4.51118079115613,4.64036355303638,4.76931271461827,4.90731443532751,5.03807416906186,5.1699420496677,5.30090147560181,5.43271050733956,5.55597202104361,5.67939899956989,5.81257862128305,5.93177719909906,6.04826943206336,6.11333045425677,6.16699177989665,6.23159509921443
10.8000918418355,10.8902814184308,10.8500866457412,10.8198361989988,10.7893599482924,10.7595410159387,10.7299861886741,10.7002148490424,10.5906459963034,10.4714233141751,10.3522400673444,10.242997867865,10.1228068645938,10.0119708570666,9.82079374850133,9.62928304969397,9.43799685661837
7.29000213767545,7.24000655018777,7.20000201673312,7.1299961874306,7.06998510240133,6.99998931686265,6.93999967853292,6.87000500074411,6.81001503596276,6.68003312851615,6.56005213895037,6.44006977722538,6.3100653315063,6.19004587291498,6.07001847498641,5.75998331253904,5.44995337560113
3.19038042801723,3.36116569377225,3.52035890471248,3.68932150212586,3.6773487724756,3.67809879239073,3.67994279061025,3.6708899494965,3.672675851279,3.67589566385398,3.59927882564764,3.53241779328802,3.4616266179443,3.38816370058859,3.30328787166615,3.2270302424592,3.15170256276798
8.20016746862077,8.25051315129126,8.30015799382396,8.35970131773157,8.40883290032091,8.45916306738288,8.50997481579392,8.61039176561129,8.70117793932818,8.80259533643514,8.89408464167479,8.9954664499474,9.08511816581061,9.36359375129042,9.64144735747162,9.91869267988475,10.20634737636
10.5201282865945,10.5303930911433,10.5401210285815,10.5497711993395,10.5591059624034,10.5593588814743,10.5699807080514,10.5803001056309,10.5809023411323,10.5919881149747,10.5931289728645,10.5941874844631,10.6039206871037,10.5427529343244,10.4911087244891,10.4389985488345,10.3872019674763
10.9902027402652,10.9406212293886,10.8801912699204,10.879638410336,10.8685870899433,10.8589867956159,10.8499695115861,10.850474277889,10.8414260327141,11.1731419569514,11.4949449343563,11.8266177741658,12.1561961356646,12.4843506543875,12.8017521947473,12.8184173367783,12.8255780737783
6.78039724265926,6.75121721659025,6.72037476804007,6.68929151301267,6.65723159014481,6.59801476039538,6.53994026199678,6.48092928461781,6.42279412196186,6.36615624791385,6.30968894300135,6.34296665073137,6.37214050601214,6.3985245302247,6.42343319320556,6.44689898133305,6.47133582206938
6.39000041710742,6.44000127808546,6.1500003935089,5.85999925608405,5.56999709315146,5.27999791548543,4.99999993727476,4.71000097575496,4.81000293384637,4.91000646410072,5.01001017345372,5.11001361506839,5.21001274761099,5.31000895081268,5.5700036048754,5.82999674391008,6.08999090255633
4.90000010427688,4.96000031952141,5.02000009837722,5.07999981402104,5.13999927328785,5.20999947887139,5.25999998431874,5.31000024393875,5.37000073346157,5.42000161602519,5.47000254336341,5.53000340376711,5.63000318690275,5.73000223770317,5.83000090121885,5.92999918597755,6.0299977256391
4.58003185657763,4.71009761377307,4.86003005424235,5.00994318341659,5.15977798944459,5.30984079519647,5.45999520935562,5.6100745232841,5.74022407251851,5.87049369569175,6.01077699752903,6.14103985084618,6.28097359878901,6.41068361831832,6.8002753223584,7.19975131613004,7.58930518273849
11.7703838691533,11.2911762379769,10.8103621511609,10.319315364819,9.83732479097535,9.35808159514517,9.31994227312656,9.29089799947482,9.26270005551177,9.22594899268483,9.19936275664096,9.17253011760201,9.39173178573493,9.61823754479319,9.84331761188817,10.0670033797171,10.2916275088576
7.7402031313034,7.66062242759362,7.59019163883503,7.50963771291475,7.41858436477282,7.33898484138346,7.24996945278116,7.16047519265928,7.08142878319508,6.99314801704586,7.16495447196918,7.33663053829236,7.50620808654985,7.67435904577443,7.841755574318,8.00841428419395,7.80556954492484
6.78039724265926,6.75121721659025,6.72037476804007,6.68929151301267,6.65723159014481,6.59801476039538,6.53994026199678,6.48092928461781,6.42279412196186,6.36615624791385,6.30968894300135,6.34296665073137,6.37214050601214,6.3985245302247,6.42343319320556,6.44689898133305,6.47133582206938
2.09003107450126,2.02009521736293,1.95002931641316,1.86994457825906,1.99978343978556,2.11984470366137,2.23999532696555,2.36007269374357,2.48021857155651,2.60048157550292,2.76075792230328,2.921014322593,3.09094969701841,3.25066683554455,3.41026856321703,3.56975742129869,3.7393222404454
8.20016746862077,8.25051315129126,8.30015799382396,8.35970131773157,8.40883290032091,8.45916306738288,8.50997481579392,8.61039176561129,8.70117793932818,8.80259533643514,8.89408464167479,8.9954664499474,9.08511816581061,9.36359375129042,9.64144735747162,9.91869267988475,10.20634737636
2.92039567850651,2.96121242376997,3.01037329238169,3.14929430269761,3.28724249082675,3.42802257732518,3.57994049721663,3.72092562553676,3.86278312003787,4.01613200753619,4.15965079254984,4.31291559422501,4.45209270247095,4.58849096467715,4.73341967492282,4.86691119167037,5.0013699374832
5.07024966484761,5.05076501399692,5.03023553967186,4.98955471978754,4.94826006948528,4.91875228772193,4.87996245499038,4.84058405032057,4.80175609043369,4.74386916828134,4.68608944790155,4.62814946935651,4.5676302419004,4.50535762081388,4.44215774322941,4.4080510266588,4.3645546113636
3.57003756573516,3.36011510756709,3.15003544039544,2.94993300106652,2.70973820195553,2.4698122634027,2.23999435080314,2.00008787892994,1.77026422954106,1.53058217307022,1.45091624667704,1.38122620709438,1.30114808171437,1.22080613256686,1.15032466409038,1.06970674839883,0.959180661478032
5.45033139182862,5.5610154388565,5.68031264282225,5.59940895874899,5.50769050885423,5.42834385313993,5.3499501647528,5.27077523730553,5.19233094096201,5.06513572801424,4.93808280899285,4.8108171718137,4.68012797692784,4.54711142067308,4.41286407350237,4.35741303653405,4.30277208099133
6.87037237263059,6.59114101074781,6.31035130507182,6.01933586900334,5.73740491098756,5.44813904957919,5.36994400199252,5.28087110522908,5.20261919137047,5.12577082590901,5.03908235082237,4.96215485228028,4.95138042970714,4.94799083801874,4.93321825251005,4.92709312569637,4.91187825714917
4.43006493840823,4.47019898192197,4.5200612644171,4.55988418157993,4.51954744002168,4.46967546713122,4.42999023445562,4.39015191284834,4.34045676321083,4.30100637967932,4.40158387957843,4.50211969595565,4.60198464368528,4.71139352964888,4.81056123403827,4.9094930674958,5.03858364173613
6.84032122483577,7.01098428552469,7.17030305104277,7.32942709170115,7.4877613632868,7.64839466318362,7.80995169368188,7.97075145327869,8.13225942845609,8.14497816555943,8.14783483105805,8.16048530452238,8.16981725391007,8.17689324461404,8.18277620466458,8.3674924037266,8.55299383118119
7.59009731637008,7.74029819330175,7.89009181054558,8.0498264351015,8.19932179590565,8.23951365668437,8.28998536540456,8.34022765582612,8.38068450303736,8.43150815549695,8.48237359392465,8.44317656563725,8.40297417698801,8.37208833648305,8.3308410624909,8.29924031351337,8.25787745266998
7.48031043218182,7.55095121506476,7.61029286899995,7.6694463405273,7.72783657799215,7.79844859999924,7.8599533166989,7.86072620561943,7.86218351518059,7.87481090695355,7.87757159294264,7.88013301462851,7.87948740947582,7.91666164233598,7.9526829285137,7.98757665505408,8.02322922753657
4.7901166336565,4.88035738463219,4.97011003492658,5.04979198249239,5.13918717248377,5.22941711760135,5.31998246043931,5.44027284547711,5.5708203767986,5.69180752416109,5.82284475200078,5.94380711349077,6.06356455072177,6.19250287099523,6.3110080132827,6.42908951584752,6.55745612730927
8.65012844300974,8.7303935704253,8.81012117614736,8.88977092037103,9.35910487233517,9.81935809978137,10.2899806845294,10.760300471539,11.2309034413247,11.7019905390124,11.8231327879097,11.9441925901138,12.0639254674578,12.1727562908792,12.2911100763174,12.4089973278008,12.4671985559349
9.55018913213631,9.62057953185213,9.69017843169253,9.76966268059503,9.76868192587613,9.77905480290516,9.77997155799889,9.79044244388386,9.7913303159754,9.79293106566578,9.76461302542818,9.72617358256046,9.69578024485616,9.65405863412391,9.62163458568752,9.57852356671292,9.56587487787856
9.94039818115091,10.0312200922824,10.1203756534351,10.1692898392017,10.2072250497357,10.2580100702375,10.2999401208649,10.3509314800664,10.3928007231163,10.4561707921405,10.5097118332723,10.5629972846352,10.6221691881369,10.6685446695532,10.7134413041752,10.8768916551307,11.0413153528211
10.8000918418355,10.8902814184308,10.8500866457412,10.8198361989988,10.7893599482924,10.7595410159387,10.7299861886741,10.7002148490424,10.5906459963034,10.4714233141751,10.3522400673444,10.242997867865,10.1228068645938,10.0119708570666,9.82079374850133,9.62928304969397,9.43799685661837
9.94039818115091,10.0312200922824,10.1203756534351,10.1692898392017,10.2072250497357,10.2580100702375,10.2999401208649,10.3509314800664,10.3928007231163,10.4561707921405,10.5097118332723,10.5629972846352,10.6221691881369,10.6685446695532,10.7134413041752,10.8768916551307,11.0413153528211
3.3502787580887,3.33085416045412,3.31026298691774,3.2895028316475,3.26805731680131,3.23860689282767,3.20995807990102,3.18065210922813,3.15196072621985,3.12432003930587,3.0967990462996,3.06909912037476,3.02851938776663,2.99598193999821,2.9624091832883,2.92782391438473,2.88392006466649
6.20033882155417,6.12103820475283,6.05031965219956,5.96939570774548,5.89763873061505,5.81830672272338,5.73994904745847,5.67079261794052,5.53238320010095,5.40525086980814,5.27826402363752,5.1510596902189,5.01035504374851,4.87727085702391,4.75292828534536,4.6373550374318,4.51261003277568
10.5700419453628,10.6601285274639,10.7500395722389,10.8399251899487,10.9297076800461,11.0097903759993,11.0899936921875,11.1600981243569,11.2402950349282,11.3206500461277,11.4010230679413,11.4813691653122,11.5612819316297,11.6409001161,11.720362515282,11.7996725594543,11.8790851383193
9.22022088443707,9.58067682610379,9.95020838755765,10.3796060499906,10.8084606420329,11.2488961192302,11.6799667830358,12.1105167232292,12.5415536550323,12.9034231453323,13.2653874795938,13.6372100296395,13.9967506567424,14.3547400147391,14.7119090068271,14.8182756968654,14.9251823349779
5.67019452846329,5.64059606708209,5.61018352271394,5.57965305618196,5.54864431852346,5.51902783449736,5.48997074649038,5.59045506771349,5.70136827261315,5.80301469496871,5.91474464448589,6.01634972750739,6.12594516707328,6.19417443526294,6.26168122376296,6.32848144104919,6.38575717970087
7.74016089917924,7.63049302144609,7.50015179605875,7.36971303440835,7.23887868318504,7.10919589848804,6.97997580371733,6.85037639747087,6.79113173124743,6.72249352684896,6.65392440977846,6.5952520126207,6.52491739093759,6.45345277599074,6.41139058068413,6.36874396330148,6.32649066109807
10.7401719264561,10.7805268108291,10.8201621994503,10.8596933671295,10.8988018333774,10.939140789133,10.9799741454173,10.9204021939923,10.8512092948115,10.7926644215115,10.7241933704616,10.6656119609905,10.595254405903,10.5436894131009,10.4814858845774,10.4286578804234,10.3762501474306
8.20016746862077,8.25051315129126,8.30015799382396,8.35970131773157,8.40883290032091,8.45916306738288,8.50997481579392,8.61039176561129,8.70117793932818,8.80259533643514,8.89408464167479,8.9954664499474,9.08511816581061,9.36359375129042,9.64144735747162,9.91869267988475,10.20634737636
6.13033506758758,6.00102670198416,5.86031611061944,5.72940240298936,5.53766489225169,5.3583254833549,5.16994961198613,4.980783836146,4.79235679548338,4.60519269290175,4.5681724625539,4.53093715460364,4.50024031524964,4.45719029970981,4.4128958414668,4.36738434224136,4.08269190976885
4.70034085495274,4.54104443541919,4.38032157055545,4.52939208115505,4.66762455972853,4.80829656071464,4.95994874167266,5.10079737474589,5.25239750260213,5.3452823822991,5.43831361922448,5.53112606367717,5.62041718835206,5.71731449223572,5.80294585911292,5.86733916399329,5.93256568273771
3.04015479898352,2.800474329447,2.56014604099107,2.32972391417965,1.97892119584458,1.63922638451425,1.28997672107477,0.950362127054773,0.611088823743883,0.262398989376071,0.633775623017577,1.0050528922459,1.36473095712693,1.73332187035531,2.10133785938146,2.46879158361701,2.98662371121198
4.43002075109313,4.21006358474909,3.99001957706785,3.75996299017972,3.53985538428632,3.30989629539804,3.08999687941661,2.82004854380863,2.5401459588582,2.27032158901034,1.99050612932332,1.72067734965104,1.44063419364652,1.46044530293076,1.47017934255097,1.48983800952498,1.49954740217663
12.1701605863487,12.080492062882,11.9901515009271,11.8997135923453,11.8088808633214,11.709197461874,11.9299758507613,12.1503756656547,12.3711295308626,12.5824886787734,12.8039167796882,13.0252418013194,13.2349078302293,13.4534460628812,13.6713878770276,13.8787464053689,14.0964974841808
11.250038895265,11.4401191814643,11.6400366947051,11.8499306298343,12.0497289363759,12.2498056190124,12.4599941508663,12.6600909891488,12.8202735811765,12.9806027773912,13.1409486745608,13.3012696051248,13.4711887147244,13.6308346632823,13.7503361546307,13.8696963696121,13.9991516633763
7.29000213767545,7.24000655018777,7.20000201673312,7.1299961874306,7.06998510240133,6.99998931686265,6.93999967853292,6.87000500074411,6.81001503596276,6.68003312851615,6.56005213895037,6.44006977722538,6.3100653315063,6.19004587291498,6.07001847498641,5.75998331253904,5.44995337560113
6.23034171523675,6.34104707147034,6.45032238216756,6.56939054682833,6.69761856435347,6.81829226140326,6.93994861230174,7.06079938724047,7.19240355366032,7.30529571450681,7.41833460197281,7.54115414475566,7.65044348029972,7.75733295328687,7.87295329416843,7.98733244830776,8.1025469192601
8.73031066680473,8.57095193398781,8.4102930903487,8.24944592207455,8.08783494288986,7.92844742745977,7.76995328141592,7.66072675448159,7.55218516546918,7.4348145430102,7.32757731551037,7.22014067310446,7.109494580007,7.06666667716811,7.01268495625611,6.96757482350348,6.92322411022449
3.76014338066847,3.51043934185897,3.26013526868489,3.00974427887977,2.7590007708227,2.49928344810179,2.57997843817974,2.6503354157631,2.73100850969878,2.80222203461913,2.87349712472157,2.95468017974949,3.0843819912762,3.22307684185824,3.35123917591748,3.47888071907941,3.61687275373289
8.64035117836087,8.86107606803303,9.09033130990076,9.20937366923439,9.33755261522777,9.45824496897797,9.5799471892216,9.71082152468083,9.83247011530045,9.94544236879167,10.0585654122044,10.1714630366191,10.270732691724,10.3775360248495,10.483035079779,10.467258575767,10.4623405210065
7.08018983600505,6.94058168862125,6.8001790957388,6.66966142523681,6.52867702056926,6.50905128528675,6.49997145214995,6.49044409047033,6.47133526684119,6.46294197383572,6.45463019313136,6.41619655798832,6.38580175644969,6.34407373862031,6.31164066891475,6.26851807206113,6.23585952594234
5.28009755099299,5.29029891222479,5.29009203189434,5.29982601664876,5.29932016080336,5.2995124841449,5.30998533012158,5.30022820468827,5.30068615332596,5.3015117915536,5.29237931649238,5.29318422411321,5.29298134751919,5.19209337131519,5.09084309023332,4.98923848196277,4.89787233535791
9.21037464065207,9.79114796033722,10.3703534447765,10.9593318239602,11.0073891049988,11.068127715031,11.1299436609237,11.1808764108966,11.2426351441602,11.3058059744566,11.3291376689771,11.3522288842145,11.3614497448419,11.3780395080627,11.39323785402,11.4070754207073,11.5718287897991
8.96023331945141,8.92071492902501,8.87022011904178,8.81958387199525,8.80837398161149,8.79883397463834,8.7799649130379,8.77054581292358,8.76164112032803,8.75361585633476,8.77569077568329,8.80761592886507,8.83713069489491,8.85500686084204,8.88201647717481,8.89817862468375,8.93491111743805
9.3300552406612,9.52016926643624,9.70005211533514,9.87990147762661,10.0596150242497,10.299723932096,10.5299916928187,10.7701292265458,11.0003885512821,11.2308560893378,11.4713473467791,11.4218031456162,11.3816882617299,11.3311854232541,11.2904774206853,11.2495687715872,11.1987951573018
6.78008973022926,6.43027494812339,6.07008465360243,5.9798399650735,5.88937466421303,5.8095515687939,5.71998650622087,5.63020990928302,5.54063114370603,5.49139058966529,5.44218856423484,5.40292894158142,5.35274232981322,5.30192554357746,5.26077549881963,5.28929953364935,5.32804291242703
9.59037096489311,9.53113669720956,9.56034997697928,9.5793383797198,9.6074147216013,9.63814608481601,9.66994421369039,9.70086781205614,9.71260928963888,9.71574900956911,9.72904801541601,9.73210890142456,9.74133740652007,9.73796062902595,9.89320608605559,10.037104115,10.1919089610216
5.45033139182862,5.5610154388565,5.68031264282225,5.59940895874899,5.50769050885423,5.42834385313993,5.3499501647528,5.27077523730553,5.19233094096201,5.06513572801424,4.93808280899285,4.8108171718137,4.68012797692784,4.54711142067308,4.41286407350237,4.35741303653405,4.30277208099133
4.79032325823434,4.73099051619105,4.68030496939867,4.66942346511072,4.65774719240029,4.64838450117488,4.63995138789606,4.63075621008406,4.62227373095728,4.53500967805039,4.44788442664501,4.37055167798064,4.27987939851362,4.18693687982585,4.10279377843214,3.99747653028809,3.89294948114322
6.70006806671372,6.63020856756253,6.55006421573386,6.47987860221003,6.40952563865782,6.32965983327162,6.2599897640159,6.17015923101045,6.07047876705881,5.98105486043465,5.89166018048145,5.80222180896836,5.70208025076767,5.68146066074397,5.65058827060374,5.61946864682117,5.58851541090848
7.72032951484533,7.78100968747217,7.84031087203219,7.92941230637093,8.00770358967256,8.08835323345569,8.16995044701663,8.25077084640826,8.33231773865323,8.59510663956104,8.85803702845104,9.13075590400607,9.3900706126784,9.65707114201602,9.91284785156309,9.99742768893883,10.0828130194879
9.22022088443707,9.58067682610379,9.95020838755765,10.3796060499906,10.8084606420329,11.2488961192302,11.6799667830358,12.1105167232292,12.5415536550323,12.9034231453323,13.2653874795938,13.6372100296395,13.9967506567424,14.3547400147391,14.7119090068271,14.8182756968654,14.9251823349779
5.66010959496914,5.73033581694094,5.81010339446387,5.83980453607466,5.87923622555247,5.91945229378545,5.94998351892867,5.99025637961237,6.03077086814066,5.92169844246161,5.80267307496899,5.69357735921216,5.58334943478639,5.47235182603128,5.36094718101038,5.36914446236544,5.37760964667147
6.01037557914372,6.07115083602939,6.1203543301715,6.1893301501492,6.2473825645896,6.3181230248731,6.37994351979181,6.45087860634524,6.51264174531464,6.49582051868322,6.46916055924796,6.45225951811831,6.43147842696659,6.39805964739121,6.37324596498966,6.18706809450488,5.99180832055083
8.24023191171393,8.16071061548676,8.07021879094924,7.9895863827117,7.90838379222523,7.85884100987516,7.81996512473577,7.77054251975063,7.72163121859644,7.67359403999486,7.62565644027693,7.63756997800934,7.65708767170784,7.66497665184925,7.67200431072035,7.67818961398734,7.68494182131049
8.0000416325323,8.23012756889982,8.45003927710723,8.66992574788566,8.8897098601825,9.10979193938522,9.3399937392315,9.62009739254067,9.90029283454343,10.1906451980521,10.471015437851,10.7613589540109,11.0412723709215,11.1808934029905,11.3103598116255,11.4496750015218,11.5790919614021
6.06039427076904,6.26120811023172,6.46037196428915,6.65929681341407,6.85725230144049,7.058029612562,7.25994070891451,7.46092233236381,7.62277321830629,7.79611019119629,7.95961645714348,8.12286964336929,8.28204967928387,8.44846075568436,8.40340750846836,8.35692218097395,8.31140064135564
4.90000010427688,4.96000031952141,5.02000009837722,5.07999981402104,5.13999927328785,5.20999947887139,5.25999998431874,5.31000024393875,5.37000073346157,5.42000161602519,5.47000254336341,5.53000340376711,5.63000318690275,5.73000223770317,5.83000090121885,5.92999918597755,6.0299977256391
7.43003991196428,7.51012229679751,7.59003765388301,7.6699288165391,7.74972185093263,7.429800538008,7.10999399797335,6.79009336755152,6.47028073242704,6.15061853363672,5.8309734723543,5.88130279185392,5.93121978702616,5.99085648088817,6.04034494151449,6.08968843289286,6.1491294883573
12.1701605863487,12.080492062882,11.9901515009271,11.8997135923453,11.8088808633214,11.709197461874,11.9299758507613,12.1503756656547,12.3711295308626,12.5824886787734,12.8039167796882,13.0252418013194,13.2349078302293,13.4534460628812,13.6713878770276,13.8787464053689,14.0964974841808
6.06039427076904,6.26120811023172,6.46037196428915,6.65929681341407,6.85725230144049,7.058029612562,7.25994070891451,7.46092233236381,7.62277321830629,7.79611019119629,7.95961645714348,8.12286964336929,8.28204967928387,8.44846075568436,8.40340750846836,8.35692218097395,8.31140064135564
11.7703838691533,11.2911762379769,10.8103621511609,10.319315364819,9.83732479097535,9.35808159514517,9.31994227312656,9.29089799947482,9.26270005551177,9.22594899268483,9.19936275664096,9.17253011760201,9.39173178573493,9.61823754479319,9.84331761188817,10.0670033797171,10.2916275088576
8.84014705642743,8.95045060498662,9.06013873648209,9.16973772312014,9.28897515422015,9.37926507831676,9.46997788541307,9.56034401460357,9.65103436422015,9.74227899950664,9.84358677828261,9.93480016253943,10.034494329598,10.133155720895,10.2312709438819,10.3188520247867,10.4167925825104
6.95025349702184,6.87077675640661,6.78023915503489,6.68954788505941,6.60823336281455,6.51873313624393,6.42996187870173,6.50059301506914,6.57178304514746,6.64392855720661,6.71618291650775,6.77827455779708,6.84774736057633,6.88543985640536,6.92219086302211,6.95802111133238,6.98447102859973
8.00030010877369,7.94091958245092,7.88028312965463,7.81946475244795,7.69790852249291,7.58850019173591,7.46995486914996,7.36070205568449,7.24211090248227,7.12465092046097,7.05731979996269,6.99979604168655,6.92917190610394,6.85644010972219,6.78259370784765,6.70765724328036,6.6334543892678
5.07024966484761,5.05076501399692,5.03023553967186,4.98955471978754,4.94826006948528,4.91875228772193,4.87996245499038,4.84058405032057,4.80175609043369,4.74386916828134,4.68608944790155,4.62814946935651,4.5676302419004,4.50535762081388,4.44215774322941,4.4080510266588,4.3645546113636
5.66010959496914,5.73033581694094,5.81010339446387,5.83980453607466,5.87923622555247,5.91945229378545,5.94998351892867,5.99025637961237,6.03077086814066,5.92169844246161,5.80267307496899,5.69357735921216,5.58334943478639,5.47235182603128,5.36094718101038,5.36914446236544,5.37760964667147
12.1600962214632,12.1402948383276,12.1300907775847,12.109828387881,12.099329426383,12.0795191285352,12.0699855300585,12.0202250944694,11.9706768016906,11.9214911872326,11.8723468886086,11.8231408260828,11.7729407145092,11.6520648405998,11.540831599693,11.4292488607495,11.3079013334597
6.20033882155417,6.12103820475283,6.05031965219956,5.96939570774548,5.89763873061505,5.81830672272338,5.73994904745847,5.67079261794052,5.53238320010095,5.40525086980814,5.27826402363752,5.1510596902189,5.01035504374851,4.87727085702391,4.75292828534536,4.6373550374318,4.51261003277568
7.50023621313399,7.59072379574253,7.69022284900978,7.83957871107809,7.97835381534992,8.12881951331821,8.27996447788116,8.43055258222352,8.5816614738874,8.77366070103344,8.97576135401858,9.16771038340183,9.36721913144612,9.555068957105,9.74204148599787,9.90815603555972,10.0748480039225
9.41008347361828,9.15025577684228,8.90007875096891,8.63985112381329,8.38941826694077,8.19958283651309,8.0199874471003,7.84019527295881,7.65058713601008,7.47129362815463,7.2920359624288,7.08272471555599,6.87255111564844,6.66179128138729,6.45072142568869,6.23934837499861,6.02817937408232
8.05026694873546,8.06081797466101,8.06025184569696,8.05952389376886,8.05813961694991,8.28866591064765,8.52995985581095,8.77062448316619,9.00187766169375,9.24413702445452,9.48651101039072,9.45871364375176,9.4381584710306,9.40572852011425,9.38230712025364,9.35791610243146,9.32417763604085
5.99023230275212,5.98071181369183,5.97021915986383,5.95958568529046,5.95838106705475,5.97883905564271,6.00996506593081,6.03054343452089,6.06163396907744,6.09360010008928,6.11566597788981,6.11758274213593,6.11709962259314,6.11498504323614,6.10200769029103,6.09818656140301,6.09493329245704
6.71020907508383,6.52064064031068,6.37019724633688,6.21962711211194,6.05854294218147,5.90895513705022,5.7599685589457,5.60048909716727,5.48147059050623,5.35324013048098,5.23509944368491,5.10682455301652,4.97638974000639,4.8544865948551,4.7418069437924,4.61836788491215,4.50543990635231
9.55018913213631,9.62057953185213,9.69017843169253,9.76966268059503,9.76868192587613,9.77905480290516,9.77997155799889,9.79044244388386,9.7913303159754,9.79293106566578,9.76461302542818,9.72617358256046,9.69578024485616,9.65405863412391,9.62163458568752,9.57852356671292,9.56587487787856
10.8000918418355,10.8902814184308,10.8500866457412,10.8198361989988,10.7893599482924,10.7595410159387,10.7299861886741,10.7002148490424,10.5906459963034,10.4714233141751,10.3522400673444,10.242997867865,10.1228068645938,10.0119708570666,9.82079374850133,9.62928304969397,9.43799685661837
1.61008284795718,1.74025385971417,1.88007816070556,2.01985223968727,2.14942262721354,2.28958596328502,2.41998754118824,2.57019380932639,2.71058273524048,2.86128393200357,3.0120207022482,3.15270429295344,3.30253199423196,3.45177785516827,3.6107160183756,3.76935325913354,3.92819302024785
9.55018913213631,9.62057953185213,9.69017843169253,9.76966268059503,9.76868192587613,9.77905480290516,9.77997155799889,9.79044244388386,9.7913303159754,9.79293106566578,9.76461302542818,9.72617358256046,9.69578024485616,9.65405863412391,9.62163458568752,9.57852356671292,9.56587487787856
9.33039387973085,9.16120691202665,9.02037159537456,8.8692975108353,8.72725502661097,8.58803156679445,8.44994076771947,8.31092141759355,8.43277046782529,8.55610413110188,8.67960691953061,8.8128568792427,8.93203772839857,9.04845236429748,9.23340412889768,9.42692523355828,9.6114091702091
8.00030010877369,7.94091958245092,7.88028312965463,7.81946475244795,7.69790852249291,7.58850019173591,7.46995486914996,7.36070205568449,7.24211090248227,7.12465092046097,7.05731979996269,6.99979604168655,6.92917190610394,6.85644010972219,6.78259370784765,6.70765724328036,6.6334543892678
7.48031043218182,7.55095121506476,7.61029286899995,7.6694463405273,7.72783657799215,7.79844859999924,7.8599533166989,7.86072620561943,7.86218351518059,7.87481090695355,7.87757159294264,7.88013301462851,7.87948740947582,7.91666164233598,7.9526829285137,7.98757665505408,8.02322922753657
11.6900977074083,11.7002993915068,11.7100921794602,11.7098257376803,11.7193190707352,11.5695117024519,11.4199853065996,11.2702285705964,11.1206872535184,10.9715142155914,10.8223831315375,10.7131893297638,10.5929861278733,10.4820967278699,10.3708444420616,10.249237260929,10.1378689238165
6.70006806671372,6.63020856756253,6.55006421573386,6.47987860221003,6.40952563865782,6.32965983327162,6.2599897640159,6.17015923101045,6.07047876705881,5.98105486043465,5.89166018048145,5.80222180896836,5.70208025076767,5.68146066074397,5.65058827060374,5.61946864682117,5.58851541090848
11.6900977074083,11.7002993915068,11.7100921794602,11.7098257376803,11.7193190707352,11.5695117024519,11.4199853065996,11.2702285705964,11.1206872535184,10.9715142155914,10.8223831315375,10.7131893297638,10.5929861278733,10.4820967278699,10.3708444420616,10.249237260929,10.1378689238165
5.82032185049687,5.7309862026528,5.63030364130613,5.52942597582717,5.43775700301403,5.3383915364117,5.24995159959393,5.15075291691111,5.06226382922569,4.97498786171049,4.88785009123865,4.80050572712492,4.70983637532655,4.61690667083306,4.59278161197768,4.56748751959167,4.54298018501566
7.29000213767545,7.24000655018777,7.20000201673312,7.1299961874306,7.06998510240133,6.99998931686265,6.93999967853292,6.87000500074411,6.81001503596276,6.68003312851615,6.56005213895037,6.44006977722538,6.3100653315063,6.19004587291498,6.07001847498641,5.75998331253904,5.44995337560113
5.18000948919336,5.18002907644308,5.25000895232751,5.31998307591135,5.38993386919624,5.4599525772926,5.52999857299959,5.59002219842506,5.77006674500549,5.94014705829117,6.11023144607246,6.28030974280526,6.46029000814992,6.63020363098843,6.64008201091527,6.64992592395365,6.66979303315616
9.06017349060885,8.94053160364934,8.80016367510872,8.65969057744452,8.50879093269547,8.36913297220315,8.22997391019747,8.08040585307334,8.07122029673553,8.05268866188915,8.0442315209131,8.02566301749688,8.01530220944421,7.99372297864847,7.93149940286015,7.85864567008608,7.79621603201679
3.04015479898352,2.800474329447,2.56014604099107,2.32972391417965,1.97892119584458,1.63922638451425,1.28997672107477,0.950362127054773,0.611088823743883,0.262398989376071,0.633775623017577,1.0050528922459,1.36473095712693,1.73332187035531,2.10133785938146,2.46879158361701,2.98662371121198
9.33039387973085,9.16120691202665,9.02037159537456,8.8692975108353,8.72725502661097,8.58803156679445,8.44994076771947,8.31092141759355,8.43277046782529,8.55610413110188,8.67960691953061,8.8128568792427,8.93203772839857,9.04845236429748,9.23340412889768,9.42692523355828,9.6114091702091
5.45033139182862,5.5610154388565,5.68031264282225,5.59940895874899,5.50769050885423,5.42834385313993,5.3499501647528,5.27077523730553,5.19233094096201,5.06513572801424,4.93808280899285,4.8108171718137,4.68012797692784,4.54711142067308,4.41286407350237,4.35741303653405,4.30277208099133
2.92039567850651,2.96121242376997,3.01037329238169,3.14929430269761,3.28724249082675,3.42802257732518,3.57994049721663,3.72092562553676,3.86278312003787,4.01613200753619,4.15965079254984,4.31291559422501,4.45209270247095,4.58849096467715,4.73341967492282,4.86691119167037,5.0013699374832
3.04015479898352,2.800474329447,2.56014604099107,2.32972391417965,1.97892119584458,1.63922638451425,1.28997672107477,0.950362127054773,0.611088823743883,0.262398989376071,0.633775623017577,1.0050528922459,1.36473095712693,1.73332187035531,2.10133785938146,2.46879158361701,2.98662371121198
8.20013829717205,8.29042376519306,8.38013047279516,8.46975334535585,8.50903619803898,8.55930885312364,8.60997920264428,8.66032352374968,8.71097275344582,8.76214325339173,8.74337313575417,8.72451424610383,8.70422662976732,8.68296775382872,8.66119524149859,8.63892040267569,8.51698362882781
7.29000213767545,7.24000655018777,7.20000201673312,7.1299961874306,7.06998510240133,6.99998931686265,6.93999967853292,6.87000500074411,6.81001503596276,6.68003312851615,6.56005213895037,6.44006977722538,6.3100653315063,6.19004587291498,6.07001847498641,5.75998331253904,5.44995337560113
4.63001699712654,4.73005208198042,4.82001603548773,4.83996968542359,4.85988154592296,4.87991505602956,4.89999744394427,4.92003976201411,4.94011955424063,4.94026341210395,4.9504145682397,4.95055481403578,4.95051946514765,4.96036474561665,4.9601468986724,4.97986731433454,4.99962927916981
6.06039427076904,6.26120811023172,6.46037196428915,6.65929681341407,6.85725230144049,7.058029612562,7.25994070891451,7.46092233236381,7.62277321830629,7.79611019119629,7.95961645714348,8.12286964336929,8.28204967928387,8.44846075568436,8.40340750846836,8.35692218097395,8.31140064135564
6.70006806671372,6.63020856756253,6.55006421573386,6.47987860221003,6.40952563865782,6.32965983327162,6.2599897640159,6.17015923101045,6.07047876705881,5.98105486043465,5.89166018048145,5.80222180896836,5.70208025076767,5.68146066074397,5.65058827060374,5.61946864682117,5.58851541090848
16.7202351964347,16.8107206804093,16.9002218898318,16.7295805243733,16.5483609007932,16.3788245943226,16.1999646307741,16.0305502038208,15.8616543226368,15.743644944788,15.6257365562251,15.5076771966727,15.3871880591443,15.2650471394991,15.1520326991141,15.168163972279,15.1848701789415
9.3300552406612,9.52016926643624,9.70005211533514,9.87990147762661,10.0596150242497,10.299723932096,10.5299916928187,10.7701292265458,11.0003885512821,11.2308560893378,11.4713473467791,11.4218031456162,11.3816882617299,11.3311854232541,11.2904774206853,11.2495687715872,11.1987951573018
2.58019507591675,2.60059774456919,2.62018403919437,2.63965207979223,2.71864050328478,2.78902509857193,2.85997066416343,2.93045634839186,3.00137212328655,3.0830231791009,3.16475799714391,3.25636759728462,3.3459618983127,3.42418618320458,3.51168595516191,3.59847716743113,3.69574523930603
11.6703022203799,11.7509260527583,11.8402851217934,11.9294609863733,12.0078938065723,12.0984896388807,12.1999545516032,12.3007069954439,12.4021257550797,12.5046836449708,12.6073713030722,12.7098649679701,12.6692364408845,12.6264854232114,12.5826119575293,12.547640759325,12.5034083334591
7.78031160529638,7.77095480967997,7.76029397574373,7.74944424826358,7.7378284024807,7.60844273730189,7.479953140284,7.35072894993022,7.22219176662357,7.0948290872368,6.96760020578128,6.86017130700828,6.75952326213172,6.64668681649664,6.53269306722576,6.42756749730109,6.3132036409762
