"","1","2","3","4","5","6","7","8","9","10","11","12","13","14","15","16","17","18","19","20","21","22","23","24","25","26","27","28","29","30","31","32","33","34","35","36","37"
"7",2.12227844629306,2.15666721249698,2.18727846363214,2.21172425872617,2.2262556631561,2.25682517535417,2.27126549751811,2.29557647080639,2.32612021847081,2.34046107382181,2.36462791532924,2.39498322419166,2.40920156207531,2.43939973848841,2.45341076708476,2.47749620960707,2.50756716375954,2.5215535599874,2.55163232228066,2.56555254663482,2.58948120333659,2.61942278541519,2.63315365009097,2.66309628604027,2.67675365993355,2.70048008238781,2.73038148002946,2.74397524816134,2.77373047525596,2.79723947713594,2.81074002108736,2.84033527498303,2.85387340560394,2.88347137845356,2.90683410935843,2.92024581940811,2.94980588239281
"29",4.42900796492184,4.40345908436571,4.38769168072574,4.35588905721476,4.33005076971773,4.30427036719292,4.27838628477539,4.25634014447875,4.23029364578238,4.20440269760093,4.17862118775193,4.1564749775894,4.13055596010418,4.10466729032779,4.07869982700067,4.05656239817242,4.03062300088756,4.00458083328993,3.97831864480818,3.94605976106334,3.92986423891999,3.90349206228123,3.87723767771663,3.84460724757838,3.82826492515952,3.80177965064963,3.77508299005264,3.74240760592539,3.73572333642765,3.7190552084113,3.70225731456099,3.67920921078677,3.66238459425006,3.6553887867086,3.63837705932329,3.6213093018293,3.60450150615093
"55",2.70117714426293,2.68553468458863,2.68002716376102,2.66445984140008,2.64899809413151,2.64344122210461,2.62788536500503,2.6221944122627,2.6066269796643,2.60096557581173,2.5912396921394,2.58546813569687,2.56968184223687,2.56373362275626,2.54160255403885,2.52955268109112,2.50734911097162,2.48907022400645,2.46688896842964,2.45467639832799,2.43247362614109,2.42015149681421,2.397752055568,2.38542740027222,2.36295648356055,2.35054918588434,2.3281697670339,2.31563025403212,2.29310262212868,2.2804741752451,2.25782877953845,2.24512696559283,2.22250686847324,2.20978826856944,2.18698495655338,2.17421698382123,2.15146500604815
"56",0.033919311676194,0.0506404161385063,0.0708072602931613,0.0872672115894177,0.113423745827169,0.123613588939429,0.149767339980677,0.159822666786115,0.175747635719019,0.195844194354189,0.212344878870856,0.232316368427871,0.248578624920952,0.258840011896894,0.285141313890376,0.29521431441259,0.321593144354916,0.331665135657863,0.357562422389599,0.367543646908079,0.383555420674211,0.403236153274606,0.419255813062056,0.438766836024062,0.454697018978406,0.474265384590161,0.489667146602123,0.499224987119267,0.524716757405461,0.53413285594854,0.559523119426249,0.568652457752552,0.584010718927902,0.603031861567199,0.618216160784621,0.627168032368067,0.642618172805902
"123",3.10686519968376,3.15347982075831,3.19997687050289,3.24652148328383,3.28299582352124,3.32948817772027,3.37592048015488,3.42229182716753,3.45863406743739,3.50505115511098,3.55146987978305,3.59777965933271,3.60414979670403,3.62047627425539,3.636738020946,3.65301340058337,3.66926145683778,3.68548040115307,3.70157480385575,3.71772979105328,3.73386018643336,3.74985141572121,3.76199539882638,3.77794571114296,3.79388792922712,3.8098113525564,3.82567922305828,3.8415233016215,3.85732803220797,3.8792259232401,3.89493709857371,3.90058828488376,3.91633046673127,3.93196888885277,3.94755500071236,3.96316715252191,3.98502028383908
"126",1.97029903720736,1.96471893776241,1.96495926808767,1.9691994653255,1.96935039313183,1.96959613706122,1.96360041885779,1.97371588777572,1.97366453988558,1.96769173843102,1.97801629473866,1.97805369635066,1.97208275561933,1.98230824927386,1.97632489956123,1.97641399682025,1.98660899168691,1.98055081932815,1.98038017824298,2.02037344405437,2.04415919240525,2.07389824643078,2.11378475191143,2.13726092216877,2.16706675468926,2.2005723872458,2.22998222889771,2.26959429902819,2.29290690067768,2.32239304578436,2.36174423156666,2.38484735584385,2.42417655337125,2.45333816319928,2.47634301974107,2.51544157704899,2.54481996360176
"134",0.481703501012813,0.502141829568646,0.538816356471324,0.575442379476203,0.606050334452038,0.632693540854984,0.663221949640992,0.699746777258122,0.730276400558644,0.756844313526951,0.787089250036155,0.82355705528105,0.853882399547295,0.880172763116011,0.91028437354595,0.946615814988474,0.966650453021725,1.00288489883871,1.03298267217668,1.06916710272567,1.09537647840029,1.12535051276331,1.16135345313323,1.19136095276658,1.21730640318665,1.2472273329809,1.28337944871455,1.30316841321861,1.33915741888325,1.36888369408498,1.40477659084955,1.4244960795376,1.46045374847625,1.49020532785729,1.52601216139803,1.54575014754028,1.58157642461725
"151",3.11086762367631,3.09746287025863,3.07784546539083,3.05826544089938,3.02862573914139,3.01511581092124,2.99542811032684,2.97567306696365,2.96202186990593,2.93230793808907,2.91258614415677,2.89276350381342,2.87912827640994,2.8593160158931,2.82944118133424,2.81571172524309,2.78582397389985,2.76590934452518,2.735869907199,2.72202336061556,2.69202007575752,2.65347656168299,2.61108970747829,2.56248602174346,2.53002711289694,2.48139036203244,2.44879471179616,2.40007037973557,2.36741347455079,2.31857940810477,2.28581004936279,2.23681397042164,2.20403914053359,2.15497899287424,2.12202018149826,2.07289028166005,2.03006671261893
"157",4.77779997488113,4.7621489851215,4.76256099863952,4.76299342573162,4.75727610567545,4.75766798662955,4.75801412565886,4.75215743772069,4.75242583173178,4.74273261585882,4.74300256518644,4.73707224086917,4.73731715891825,4.73749888076462,4.7314901538972,4.73163609737454,4.73173772945176,4.72569414809739,4.7156692638813,4.71569415958,4.71569892810716,4.70943416721237,4.70931314793348,4.70914159573736,4.70281874998497,4.70261457049614,4.70235525282053,4.69206862335539,4.68560001453192,4.68522215567109,4.68479426770811,4.67815687599421,4.6477496766562,4.61723260075541,4.58666293481383,4.54995534959548,4.51949835904402
"159",2.1374319199788,2.12569483865595,2.1176444549291,2.10966700109008,2.10766241339042,2.08958591380994,2.08753190663362,2.07931414370248,2.07097071258711,2.05890339005327,2.05081820244649,2.04862929845973,2.04041016581164,2.03222779786319,2.02010342637217,2.01180571210975,2.0097202093322,2.00140035730299,1.9828535528658,1.98058590694821,1.97211509543898,1.96346581643446,1.95108725821739,1.94230655003338,1.92984716420792,1.90108776991809,1.87208793985895,1.859426794321,1.83659862004669,1.81766281190115,1.79472282793892,1.78167099763914,1.75869317219331,1.74553462549229,1.71621723717731,1.70297502087508,1.68003348898364
"161",0.975657861447903,1.00789946984738,1.04563811587833,1.07750493651238,1.11503610226296,1.14667789900126,1.17809522899073,1.20571402869583,1.23679066002909,1.26831019766872,1.30642869724633,1.33781149342802,1.37555747576244,1.40743641211853,1.43921395359581,1.40693681566583,1.36887381343215,1.33665191481458,1.29784857795625,1.25939215128,1.23303427988522,1.20029852681045,1.1740694666114,1.14719326902322,1.1147309163763,1.08799172088436,1.05459174121415,1.02791507924851,0.994740806887215,0.967881279613097,0.934598750205629,0.907288742893267,0.87390201405216,0.846393594302184,0.818960798101242,0.78518911271667,0.75816338320977
"180",3.27647064054101,3.28466120344308,3.29292762469585,3.31115852459251,3.32556566255208,3.33378498959458,3.35198835339743,3.3600760390355,3.36823663500916,3.39247977090736,3.40046494108237,3.41847118821293,3.42648798581651,3.44051882807145,3.45836748494551,3.46627182912469,3.49407652882491,3.52803671045611,3.56580040240368,3.5935723280825,3.62134058861103,3.65511624600868,3.68886044250262,3.7164864598004,3.7601673781391,3.79387369359406,3.82143214858166,3.85503631540869,3.88862750792657,3.93214696913396,3.95949165694998,3.99292023975473,4.02643234397777,4.05369411171002,4.08703674315815,4.13040622602043,4.16383425537337
"193",2.93303944782814,2.93348490089224,2.94000375528421,2.9465412291474,2.94694079407555,2.94344713101859,2.94379339351545,2.94018341926437,2.93046549168618,2.93690113792665,2.92715431615667,2.92348825121352,2.91373285438373,2.91003183024331,2.90014362668165,2.89642076278063,2.89263512415351,2.88885008846535,2.87884524373562,2.87500530238664,2.87115587412382,2.8671804435122,2.85705986424724,2.85306665572003,2.84901908839009,2.84498785268874,2.83480585633271,2.8306873907243,2.83655733402358,2.82622069174374,2.82199881021113,2.81772694908966,2.8135464061206,2.80312750517587,2.79879558230069,2.79450550405683,2.79026467688391
"219",1.68111996859876,1.72148705962519,1.73209625464878,1.73648814039251,1.74718250051165,1.75774090129576,1.75834226684941,1.76878554912656,1.77943663317604,1.78991901180748,1.79011388190725,1.8005032848716,1.81084642455448,1.82096829516228,1.83105369589157,1.82513410190282,1.83511749706685,1.84521904107719,1.85537199199479,1.86543484953249,1.86554606334862,1.87557371515864,1.88544478910971,1.89554530226674,1.90536843438483,1.90536027407149,1.91551573527165,1.92536023570549,1.9353099745598,1.93510881591318,1.94496425595504,1.95480456139032,1.96473642696684,1.97463205731225,1.97441565011321,1.98430692895842,1.99406816117335
"267",2.1572066593115,2.19378847107338,2.22007606080933,2.22648539559248,2.23881378196122,2.24512001156184,2.26132064468752,2.27363893235378,2.27968476009938,2.29592964809079,2.30232839430282,2.31459961277177,2.32086072564239,2.3371750879379,2.34955008621656,2.35575199486908,2.36203857840899,2.38435707404018,2.39033791706647,2.39646388546461,2.41866370557754,2.42457180506204,2.43059770110379,2.44254977781049,2.45851078908546,2.46435493786535,2.47617187809965,2.48198751092199,2.49768988805877,2.50954732586005,2.51516652735215,2.53070535399543,2.54247855998385,2.54797319657201,2.5534502622423,2.5750640656667,2.58072895202765
"285",2.05683552476296,2.07338127949171,2.08363335726783,2.11007654586608,2.12640291094974,2.14277653868674,2.16907869068355,2.1853421464307,2.2015350018141,2.19784844934538,2.20422071860056,2.20043553852914,2.19673439750688,2.19302790968215,2.18926030594755,2.19548665619986,2.1917310129306,2.1879252602415,2.18396948235592,2.17397744644851,2.16394975977406,2.16991117041085,2.15980101838146,2.15570694581598,2.14553629345461,2.13530538714927,2.14111053927834,2.130826013789,2.12660980998953,2.11623485169199,2.10578985378929,2.10141983411009,2.10099054615722,2.09044305853279,2.08601050069451,2.07542881989318,2.07114733495522
"317",2.07133470327146,2.10171137329874,2.13206965201936,2.15631808761678,2.1766771792523,2.20701482559216,2.23732312417907,2.26754921849773,2.29780270660338,2.31807203874692,2.34215021586526,2.3723228972528,2.40253503599783,2.42267004073142,2.45275513274466,2.48287817648476,2.51294044563161,2.52687991691487,2.55686534693827,2.58688837425882,2.61690363897213,2.64679630273045,2.66668347363339,2.69656293105041,2.72026273310381,2.75010778929182,2.74993402206542,2.74970070857239,2.74944974547537,2.75914231485322,2.75880417004614,2.75226811266254,2.75196166983437,2.75541356356904,2.75495565761384,2.74837518615457,2.74185981659748
"326",5.27018642522097,5.27665014665731,5.2770894683304,5.28749264682528,5.29409144988325,5.2945009026305,5.29491480234884,5.3013399289775,5.30174947175479,5.3020934774299,5.31227627587093,5.31865947385497,5.31891575468456,5.31903082384446,5.32523501115153,5.32538783016631,5.32540442684161,5.33161244933421,5.34167364836054,5.34171330303957,5.34177343885451,5.34786555129644,5.34774834037103,5.34774093005542,5.35371287562618,5.36363985577234,5.36364162247878,5.32960008437477,5.27946585538041,5.23922988269434,5.2051526798396,5.1587565651191,5.1185924005561,5.07836781804529,5.03190719826575,4.99166796538178,4.95139641751814
"357",2.04813638020405,2.06846326103565,2.07890150195243,2.09929642756612,2.12590030849381,2.13630727964286,2.15672539880767,2.16702547238041,2.18744555640425,2.20391783134753,2.22408630179249,2.2343428295685,2.25459656834276,2.27470115249199,2.28476724506598,2.31104834089176,2.31105389953736,2.32112912762342,2.32119688522768,2.33123719272996,2.33130204779998,2.34740275832517,2.34728685903073,2.34729559843668,2.35713704749295,2.35707676476867,2.37324063198592,2.36693343456493,2.37681689784587,2.37659608719594,2.38639518587321,2.38616528679791,2.39602366925885,2.39582581307731,2.40554226511326,2.4053347082539,2.40508520634848
"399",1.64598173031983,1.71635085230454,1.77655203743738,1.84070550716086,1.91085909722152,1.97105750023247,2.03506226131056,2.10515171306223,2.15903602489451,2.22917043156357,2.29937565803607,2.35328503839815,2.42341330333661,2.47741918765603,2.54749905910041,2.61756499088027,2.67154049039671,2.74158811914489,2.81147239202278,2.86533913381054,2.93529640745784,2.99897540769138,3.05887371815179,3.12862124854681,3.14233124095005,3.15209140629922,3.17172396602214,3.18530986516556,3.19494241824933,3.20843500655632,3.2279846778951,3.23745969272663,3.25701716271385,3.28260033809691,3.29201133481137,3.31756483900154,3.3433039573896
"499",3.80379452538743,3.78182944930541,3.74991360479147,3.73409698677927,3.70219488056701,3.68024144571228,3.64827635133184,3.61621383546892,3.59420616207655,3.56830682426848,3.54618411799784,3.51406809024165,3.49198023704852,3.45980230459407,3.44371650077886,3.41154805643538,3.37931223475252,3.35710049179425,3.32481994080242,3.30257371932022,3.27645706345,3.25409262391015,3.22172416139812,3.1993531852598,3.16694343245737,3.13454187640168,3.11825618804502,3.0857836386563,3.06328715983966,3.03074233075224,3.0081599511513,2.97166566696079,2.9391040540692,2.90644507046039,2.87372963998857,2.84103108260332,2.78610912237771
"512",0.479432959977154,0.489666688246184,0.493958038884836,0.498181236067164,0.508652120993338,0.512900622387423,0.523303277654039,0.527452374948562,0.537883239692626,0.542073668387031,0.552178349840115,0.556290382820077,0.590386587954611,0.630444341470268,0.664344011915429,0.704473961945599,0.738309472288451,0.778368521497514,0.812316810174597,0.852355477091367,0.886298625294867,0.920155695947429,0.960047974812809,0.993965650100777,1.02769403372638,1.06767524244851,1.10163134584552,1.13537046530283,1.16917523851786,1.20901353741496,1.24274079756219,1.27644373120036,1.31637761247129,1.35011799270502,1.38376795663657,1.40749735867019,1.44732653264343
"532",2.15282049163251,2.16311497572823,2.1832732749775,2.19349176091845,2.2036149388544,2.20764913470365,2.21774840117958,2.22780557582463,2.23780877134418,2.25404404520242,2.27032423014644,2.28034817736302,2.29658389167548,2.31281000459954,2.32898861125259,2.34517050210642,2.36136683449131,2.37753226278241,2.38743965994326,2.40357136714349,2.41967962461658,2.4356608370374,2.45169797391299,2.46765252998915,2.48365151094876,2.49347679805417,2.50937128314704,2.52529605103654,2.54117208305017,2.55703062521791,2.5728408017032,2.58859735444607,2.59829322011695,2.60404197364692,2.61975576675996,2.62549142952816,2.63134613043135
"534",3.70135464918178,3.72006988138875,3.73222071472039,3.75456190786261,3.76659001061399,3.78878830954192,3.80085083043171,3.81908407492378,3.84094871984857,3.85312237199806,3.86558064307735,3.88766719204986,3.89992599147482,3.91232201317937,3.92078170243093,3.93302471798153,3.94544697864004,3.94772247563001,3.95973354331972,3.96196195042111,3.98024326488568,3.99222593749883,3.99440609237274,3.98173807898351,3.96546545896625,3.95899723583859,3.94613357265728,3.92967871940898,3.91690175651212,3.90033548272374,3.89362048902383,3.88065612662176,3.86390926287975,3.85084510061762,3.84394288510695,3.82696626230987,3.81416908272564
"540",3.53199704226233,3.53455372710385,3.54683291202291,3.54923346928446,3.56756570126243,3.56987538336062,3.57209970783114,3.58432200888375,3.59254501148938,3.59483170818081,3.60725714551284,3.61559291191552,3.61791755652982,3.63028658152352,3.63260131275732,3.64101835411988,3.65337672923667,3.65566460201425,3.66778070170326,3.68616396660904,3.68837566280357,3.70044938435295,3.71262320617941,3.72078292900572,3.72678246983492,3.73883793112044,3.73464574292824,3.74668620658023,3.75864967741908,3.76447819237294,3.76638065469852,3.77207843278897,3.78400935822923,3.78583933951137,3.79149793191151,3.80331694132723,3.79914249780021
"571",2.07932484062815,2.07954873723003,2.0798598639985,2.08014108036782,2.08048951233699,2.08077515141727,2.08719619394135,2.08739125668236,2.0876898657071,2.08793340429486,2.08803096683927,2.08819970320195,2.08838005718696,2.08456369882005,2.08458674838991,2.08468662319669,2.0846679584487,2.08471459340349,2.08474848538817,2.08477568751702,2.09095883582281,2.0909184026559,2.09081658176186,2.09082241317761,2.09069351616256,2.09064952884047,2.0706823054708,2.06669346355384,2.04661172332615,2.02644310098391,2.01629234552261,1.99611562767397,1.98602496577229,1.96588366684412,1.95181784698426,1.94167623002393,1.92150958821604
"607",3.79641933451303,3.76660894236304,3.72695630102631,3.68724570912225,3.64765325000255,3.60796825505047,3.56219309628013,3.53241845989561,3.49279363559983,3.4530678589113,3.41314079936971,3.37334485731667,3.34354050376551,3.30357467984514,3.26358517423758,3.22369437286405,3.1775165210163,3.14756342090679,3.10763243219271,3.06766651290718,3.0377390154557,2.99773125987259,2.96762928989977,2.92769195279922,2.89756855801515,2.85756724625451,2.81154879363791,2.78145158843606,2.7414280503675,2.71129966221602,2.65277884245677,2.61037588624709,2.55190426345157,2.49338033483868,2.44476039843267,2.39236428824053,2.34376198317277
"634",1.34548974045243,1.3896219198796,1.43970740508766,1.48374733450889,1.52378681383861,1.57387392272934,1.62390133079713,1.67389772441745,1.72382132320607,1.77386946519692,1.82399024580806,1.87395914302672,1.92402189090353,1.97409612065458,2.02412574819366,2.0741462554349,2.12421051372349,2.16809973420071,2.2179714977074,2.26796098045196,2.31791806474869,2.36774296078053,2.41765501722343,2.43743838027603,2.45731622702148,2.48712264368577,2.5068246412295,2.52661193332563,2.5463222263138,2.57603785085979,2.59568373594472,2.61526563852054,2.63492840761202,2.65833421158865,2.67786429438304,2.69739256919947,2.71709166107256
"661",2.35445168324151,2.31629135697535,2.2720451653643,2.24390470540933,2.1996531348063,2.16148064053257,2.12716713427401,2.08276476556688,2.05451148017499,2.03013574721544,2.02183524250758,2.00737376557389,1.98295694515324,1.97461478544675,1.96010851061025,1.94175977272702,1.92726147941444,1.91889424044602,1.91268909101021,1.91655809428486,1.9265466367907,1.92028570121441,1.92406277686528,1.93392397390904,1.92767132220083,1.93139699904816,1.94121241466649,1.93489799849682,1.94468382437596,1.94830680633366,1.94188488864234,1.95155345007251,1.95515651280726,1.94866648455587,1.95828669202016,1.96177278161849,1.96152835894308
"676",3.51718020921616,3.51350609519433,3.50363360484383,3.49992009627086,3.48003237871234,3.47015607668049,3.4663704519164,3.43803373845585,3.4057969999555,3.38362324733613,3.36145870350019,3.33920372733545,3.30088787374524,3.27868151229183,3.25643736803053,3.23420144466031,3.20198104111537,3.17360803518021,3.1512388672938,3.11896831899363,3.09667204260577,3.06811377724457,3.04576095362981,3.01329661605792,2.9909105749348,2.96845912929549,2.93976574663217,2.90728556605572,2.88472455386705,2.86216682018328,2.83338903148764,2.80068135638162,2.77804611397215,2.75529242354783,2.73251212701516,2.69355940661727,2.67094611145022
"691",1.5339593312255,1.56409255469371,1.59444422503259,1.62471470365816,1.66126693809029,1.68158271734858,1.71195353851995,1.74218784102167,1.7664890979746,1.79677251168161,1.82680461284233,1.85089557530204,1.87108999156235,1.90109362715653,1.92495153465683,1.95505858840389,1.98497633007647,2.00888713573045,2.03898473270766,2.05902298891404,2.08298232444662,2.11300618325909,2.14290715453667,2.16689260665277,2.19678136418424,2.21682628477578,2.24089670990102,2.27084022178222,2.3008854563344,2.32466869512207,2.35465184366238,2.38462960426233,2.39854687707577,2.4285899249074,2.45853780782327,2.48243873566015,2.52239004252473
"692",2.96450019908499,2.95637115433036,2.94806750205655,2.93983686732952,2.931465796355,2.9292653992207,2.9208696410802,2.91244460784513,2.90390838511226,2.8955172991573,2.87724069735341,2.86876160629971,2.86652189594421,2.85819946109369,2.84983157648571,2.84142792957275,2.83312269919148,2.82473759956522,2.81615444605639,2.80386484072354,2.79538735259597,2.78675745279252,2.77827766305272,2.76955741409109,2.76103755201764,2.7585008514012,2.72962152510302,2.71095101703665,2.68212882565141,2.66335825640698,2.63445820988548,2.61546048886358,2.5926759898954,2.56358958019112,2.54450254260947,2.51534833397066,2.49033622833119
"694",0.0338619906382696,0.0603339897755775,0.0860430071165856,0.112071374337527,0.127548906143375,0.147212850722304,0.172770101369889,0.208466082344233,0.243685043966155,0.279444798606721,0.315777518857128,0.345315880682797,0.381264786631171,0.417539053265454,0.453731096902185,0.489720555619027,0.513853656128815,0.537691828194789,0.567208008954055,0.590985159027097,0.620733806278382,0.644123775188719,0.667928646996235,0.697205917176004,0.720952609017124,0.750410408649545,0.773214133873665,0.796652151697957,0.825874140836572,0.849163151829927,0.87217999544559,0.901186279807704,0.924114894721843,0.952949651234839,0.975727010181765,0.998326555013928,1.02768785999126
"699",2.99667850888005,2.97079347521547,2.94467471424476,2.90865675097248,2.88246471864799,2.86247172072955,2.83627642448579,2.8000700606561,2.77373382859266,2.7475748070931,2.72155842676018,2.68531809746681,2.65919808666322,2.63313777505168,2.60316057797662,2.58927558658162,2.56936088685029,2.54936572375757,2.52531212399523,2.50528754532088,2.48521369030893,2.4711302076532,2.44104934222114,2.4207680218029,2.40678924448183,2.38655733035382,2.35616826958332,2.34208015963747,2.32174158328935,2.29143734449015,2.27718265567558,2.25671262332672,2.23632158038978,2.21195966611826,2.19144237793642,2.17090402595188,2.15674460222466
"703",1.69377343760043,1.69174391101134,1.67347450424555,1.66525736159368,1.65693724764839,1.64476575923259,1.63641436918911,1.61801972216033,1.60954962097509,1.59731777378983,1.58902774136572,1.58671271257641,1.57449127973146,1.56615790578716,1.55391371410991,1.5516533833467,1.53332499961119,1.5310732198275,1.52865760231061,1.51024437431128,1.50792080554817,1.49545741805144,1.48697579911799,1.4844484540237,1.47206559288604,1.46343645381293,1.45078600616762,1.44828367264887,1.42952477100337,1.42693581357428,1.42424506419721,1.40532637217972,1.40262213370402,1.38978340416218,1.38078177783912,1.36788987875268,1.36524191329017
"708",2.92075473948421,2.92098197410494,2.93097647307716,2.93107334203758,2.93100154761923,2.9310079521637,2.94093781300163,2.94085792057354,2.9406586751354,2.95063275196634,2.95073942571148,2.95063687580227,2.9506515763503,2.96071657709037,2.96073587236398,2.9607236784921,2.9508006637432,2.94080581928623,2.92063164725118,2.91060898182989,2.90054105857878,2.87420009934277,2.85798602129958,2.84158062972019,2.8153333014975,2.7928339980698,2.77631052293319,2.75994579448157,2.73346524432137,2.71701877413209,2.70047326370852,2.67384934992327,2.65730022564814,2.64062295891177,2.61393735310484,2.59722016179674,2.58073943449583
"764",0.707899615386492,0.718068970978687,0.738135253098941,0.748252177810498,0.764414879291879,0.774481501474668,0.784512097482326,0.80449819982523,0.814456198681137,0.824496672499481,0.834560076722032,0.850662036847685,0.870712086667372,0.880743113995763,0.890740354372315,0.870751125531729,0.850770992192538,0.830779252143797,0.82068136320041,0.806805856670914,0.786785089348843,0.766649490893338,0.746566793559224,0.72642366851711,0.716320203992137,0.696188964859782,0.676008655916196,0.65585321500648,0.635657056951755,0.62544789446246,0.605196623490336,0.584896127029089,0.564676649728131,0.544372775629169,0.524034307028233,0.513717673880757,0.493519319830137
"796",4.3606141735717,4.34078213180496,4.31466399026315,4.29474066158517,4.27857229366135,4.25857624293998,4.23240093098039,4.22232441805889,4.19604171001596,4.17601955274711,4.14995639066925,4.13986400290217,4.11374335012132,4.09377790119258,4.07764436210935,4.05762721328722,4.03154178268623,4.02153970129782,3.99525658181562,3.97523636079893,3.94905107540672,3.93886913560615,3.91265861225098,3.89243783085396,3.87620316779685,3.85601939841265,3.82958303468904,3.81939858332586,3.79298782290293,3.77273812516545,3.75241393723218,3.73588109636689,3.7155708453609,3.68900529501398,3.68857325574979,3.68197978436485,3.68173263507186
"834",2.33555026777402,2.3456390138797,2.35582308061904,2.36597837857445,2.37620254647566,2.38636571730408,2.39655285222076,2.40664315151341,2.41684159650775,2.42698654578281,2.4369901455345,2.44707789694827,2.45718290985605,2.46716741446553,2.47713494685034,2.48718159443648,2.4971200316912,2.50713426348209,2.51714854819679,2.52716454285954,2.53721108899132,2.54717777909223,2.55709193641948,2.56712433514626,2.57703215210926,2.58702919017274,2.59711652090904,2.60705104506755,2.61703781519006,2.62694880116528,2.63688540954696,2.62680437730732,2.62680720081731,2.61677312519867,2.6166680887539,2.6066423141499,2.60659330387909
"878",2.62680228102083,2.64684530230482,2.67320447452654,2.69337663086615,2.71369353747442,2.74002694732673,2.76029649569199,2.78656601272637,2.80689530634009,2.8270959969141,2.85319326052941,2.87334468687971,2.89961040626957,2.9195670986002,2.93951671196618,2.9657141511369,2.98560425047572,3.01175186467989,3.03183304602402,3.05186278278581,3.07808226548646,3.09811176664697,3.12415730528517,3.14429921884841,3.16421411973371,3.1904273306122,3.21068418770254,3.23067563639849,3.25691922322174,3.27690721870843,3.30310800655431,3.32316976534876,3.34331724830873,3.36960867185734,3.35965746150217,3.34597804369815,3.33602818234095
"921",2.2043228024563,2.20211653151409,2.1961973286196,2.19410000045876,2.19823649129628,2.20228085052944,2.20024499523027,2.19421663263465,2.18220698482629,2.1762271407801,2.16393298589573,2.15789857466767,2.14573559996374,2.13956060809222,2.12724597807292,2.12115414211837,2.11493516137286,2.10881104938885,2.10883857662757,2.09272361404275,2.08664735692459,2.08049840772206,2.08041679478953,2.07434709726049,2.06813231889549,2.06202123197309,2.05601654702583,2.05597935979772,2.04986524406195,2.04367008843596,2.03750615537431,2.03747154539114,2.03137282912588,2.0252403059355,2.01903208803031,2.01905750647475,2.0128975993414
"951",2.92727033877166,2.94120136965487,2.96514574861928,2.97297624245271,2.99692548904793,3.01085099398391,3.02865163051505,3.05250447660677,3.066395010645,3.08417051230892,3.09802239770523,3.12186902823772,3.13576762307237,3.15347687566191,3.1672981895099,3.19116055341155,3.19886218261618,3.19272264249924,3.18652219529431,3.18038469829324,3.16811937796063,3.16188807533405,3.15568116467027,3.14333834794308,3.137126476779,3.13092051321951,3.12470732630224,3.10233642237561,3.09608769549446,3.08981604065677,3.08351970486131,3.07718270747859,3.0709219684881,3.06459064079206,3.05821732605329,3.0518749173179,3.03946876467277
"954",3.0820455037662,3.07215574836016,3.05811725267054,3.0380818647972,3.01785049945346,3.00771608734276,2.9813813623223,2.95505155200191,2.93470164693828,2.91842667360061,2.8984532209249,2.87211432921369,2.85204091383691,2.82591786014321,2.81588873921103,2.78968421707504,2.76973823816855,2.74357928518965,2.73335683858515,2.70718538828023,2.68709515031631,2.66073500251216,2.6506710238872,2.62424878198077,2.60417036155164,2.57781765671425,2.5512875885783,2.54110420734884,2.51465351111637,2.49440291160634,2.46790653810577,2.45747926769561,2.43098047641858,2.41050804134108,2.38389162245013,2.37339350269055,2.33700410475254
"958",0.816322700772482,0.818058727772894,0.819620575438635,0.821259745282951,0.826633832256753,0.828181219107858,0.829662979439738,0.825000399059748,0.826347028114399,0.827848475694081,0.82947890293724,0.824779800552921,0.826327950924164,0.867938268480418,0.893384996089848,0.924923541941865,0.956580482344086,0.99816145116357,1.0234177650732,1.05498285210359,1.11489115159982,1.15852908323286,1.20846549713575,1.25204025492369,1.31196236237139,1.35560790973048,1.40521218407104,1.45888964782034,1.50857769128071,1.55218533037152,1.61183060131003,1.65525729612398,1.70490347201253,1.75443023625766,1.80781348105063,1.85731454863736,1.90092577110873
"972",2.75621204509742,2.77243783337283,2.78224569652746,2.79830670834575,2.81414904935784,2.83010615366209,2.83985777038896,2.85575110107012,2.87148723008545,2.88131872362036,2.89747130054206,2.90337294597845,2.91328822506031,2.92942362825748,2.93939162322074,2.94931115933532,2.96549592336902,2.97546436823829,2.9913682436352,3.00132709720768,3.01736806634677,3.0171415919014,3.02707864328587,3.0429295181764,3.05285365351449,3.06877931856231,3.0784038645879,3.09436840968348,3.10407472748484,3.11383736833869,3.11964715467464,3.12924555961486,3.14506762001092,3.15463109977991,3.1703503088529,3.17989616067228,3.18968682736303
"986",2.39221248378171,2.4183355432331,2.42846110500941,2.43855070790242,2.46484490604522,2.47495140949931,2.48509519236676,2.51126513963998,2.52143894264605,2.54767213675929,2.55761675858379,2.56767614283123,2.59387848821374,2.60381917100804,2.6137523650034,2.60990656874945,2.5998089602395,2.58980681078839,2.58596001413149,2.5698423483846,2.55989753375788,2.54375184963744,2.51754082584208,2.50147854228369,2.49140778600415,2.47530859727164,2.45932118876704,2.44930060166854,2.43320628395073,2.41703252536856,2.39703665788365,2.38088546302118,2.36481328676437,2.35486135152986,2.33868654499029,2.32259383336896,2.31262098850878
"988",3.16339123373711,3.25732094783099,3.2511873481486,3.2550901880577,3.25893873320694,3.2589185028259,3.26275664575565,3.26654608207829,3.26032409728478,3.26416651429586,3.26801766118461,3.26180364892302,3.25953376833362,3.2633742836899,3.25719316094675,3.25489925652282,3.25875081725815,3.25260146538267,3.25022462860434,3.25407589467633,3.24178440764321,3.24551685363033,3.24931493612598,3.2369133479051,3.24070608160609,3.24446234072038,3.23202427333363,3.23577363274064,3.23333282906804,3.22703490484445,3.23068852747974,3.22814600402917,3.22182170883928,3.22541172291603,3.22282330605156,3.21639421394479,3.22011351619944
"1011",4.29608588180984,4.26616426295815,4.22987124439913,4.18981130840076,4.15344056320302,4.12328331302115,4.08917755625634,4.05895674254086,4.03472887095279,3.994570630984,3.96457403754363,3.94048846755561,3.90040625447809,3.87652631932006,3.84648334402087,3.806404162495,3.78256972870038,3.75253604473736,3.71232715420936,3.68842051777418,3.65834120492202,3.62426679959064,3.59420484311296,3.5639560917214,3.5300208780527,3.4998383656715,3.46951560370025,3.43550236102957,3.4052480245834,3.38118198265968,3.34089192382336,3.3105388973012,3.28640980643939,3.24603194151776,3.21565200492338,3.19141328548528,3.1512424315775
"1061",2.71351301287202,2.70350524497065,2.69351125363658,2.68352543958044,2.66354527423655,2.65966583551492,2.64967505643745,2.62961733410221,2.61961284494137,2.60961569676363,2.58955336928181,2.57951134430825,2.56951829160703,2.55945592195624,2.5393819677613,2.52936111938464,2.51929268593114,2.49927266309672,2.48921946139685,2.47921453044368,2.45922760554907,2.44915774955119,2.43908884418096,2.43520746086624,2.42514633930843,2.40513004603736,2.39515933777874,2.38511756905263,2.37509666305914,2.36503621686873,2.34498144904433,2.33490430921677,2.32490773788174,2.31486834047306,2.30477804569601,2.29474927611496,2.27475504918905
"1069",3.19725957746041,3.2272716771977,3.25719238251735,3.28716412146039,3.31706457597047,3.34698942821466,3.37689264929576,3.40675902167582,3.43660442758144,3.45653231333108,3.48648628464822,3.51636620117927,3.54632914672554,3.58241080802834,3.58234329341513,3.58229358376111,3.58226195781473,3.59223300354255,3.59211530035284,3.59209580711041,3.59207111667333,3.59807978026224,3.6041485907551,3.61017904927954,3.61625318785217,3.62231343821785,3.63221574606697,3.63827800438337,3.64431837822301,3.65035416141582,3.65636716533306,3.66234789830275,3.6684114547035,3.67441735968823,3.69039348015526,3.69641201401697,3.70252793388614
"1079",1.81166547408032,1.84776585870703,1.88999691064389,1.92612150002141,1.96225696156537,2.00837251703564,2.04450281277956,2.0805677994226,2.12282418178971,2.16282891138662,2.19888646925042,2.22884930870759,2.26498754420768,2.30491803076504,2.34096925449389,2.37708037624376,2.40700153899746,2.44311107745536,2.48307021547019,2.51919920238523,2.55535304864228,2.58529753293032,2.6313619492719,2.66137237935163,2.69744891954524,2.72745279593902,2.77366189597145,2.80977534652036,2.83978681148044,2.87589042200638,2.90587093852337,2.95198041565833,2.98817483949569,3.01819051712483,3.05430009744493,3.07433332104521,3.10052733939201
"1131",2.50154228195427,2.51146738255198,2.53154540077357,2.54157625416113,2.55171323528365,2.56177031075258,2.55963189048696,2.55126045328601,2.54914673536564,2.54694742648418,2.53845311169912,2.53620899841377,2.53397680283376,2.52548950949055,2.52313252656018,2.52086079618075,2.52235736539727,2.52007479336966,2.51780372200765,2.5094115232841,2.50718491004766,2.50488674518601,2.49641980755786,2.49419347978061,2.49187267640291,2.48348989333752,2.48131557352499,2.47902744053564,2.47063405547097,2.46832728728602,2.47603263308892,2.46756887932498,2.46532127696974,2.46302916126378,2.45452471257555,2.46222553140512,2.46995247689034
"1149",0.770143760471886,0.790111063307604,0.816123500193546,0.842182134936829,0.858187411808178,0.918089592601484,0.984104046831623,1.04008016657884,1.09993122125438,1.16597574630955,1.22202470180073,1.28803120318837,1.33798370473698,1.40403976971548,1.47008312178539,1.52615693510928,1.59222913341074,1.65832344195562,1.71435561779498,1.78047005735629,1.84045983748774,1.89649404201117,1.9625659903193,2.02864375055123,2.08472940837504,2.15082946208537,2.20694592574578,2.2730450521782,2.33914664177399,2.3890889265135,2.45516723042424,2.52122270347344,2.57736113570135,2.64345640819109,2.7095146629124,2.76563022234378,2.83180997159124
"1176",3.85034429203851,3.84416808125313,3.83409315378629,3.82792168586918,3.8278490655327,3.81164912075776,3.81157327444783,3.81144415355435,3.79521644587236,3.79514958092926,3.78892463744589,3.77881790515033,3.77877574459075,3.7725589897111,3.76246405188427,3.75627812657945,3.75620706265047,3.74003928679493,3.73994931024716,3.73993320279274,3.72379547506481,3.72370387786076,3.71751054186233,3.70746246635063,3.70741699459558,3.70125113881724,3.69123405757706,3.68506002925049,3.67502258712165,3.66882703932303,3.66876236388831,3.64867037252002,3.63250949276694,3.61244408210402,3.58618968445613,3.57613175842352,3.55615273877471
"1181",2.70189560788088,2.76796659328328,2.83783447511078,2.90387176151626,2.96372321857189,3.03972022042682,3.10570553550144,3.17553286099655,3.24147454125955,3.2952382806402,3.36515077075863,3.42500198683053,3.4949360412096,3.55485681558839,3.61476510945761,3.68469457341272,3.7446421039207,3.80846966538032,3.86834677031062,3.92832320708194,3.99829855430945,4.05818007470377,4.12812228243957,4.18803105445571,4.24798588941713,4.31179039816154,4.37170875353977,4.35165628579038,4.3315792416321,4.31150260370813,4.2914003355553,4.27126390669663,4.24505773163544,4.22493683333166,4.20478797966692,4.19467304212409,4.17466937955758
"1232",4.11062084019199,4.10060313237821,4.10026184323605,4.10618720991315,4.10575263056653,4.10544521476785,4.111178889968,4.1008229287509,4.10028793874631,4.09999894392181,4.09993614630497,4.09960224008455,4.09942820726778,4.08937083891158,4.09541717094264,4.09527470856025,4.09530010668515,4.09523363835178,4.09496358804282,4.08490594983857,4.08479604291612,4.08455564896854,4.09064328997965,4.09035200802699,4.09031212333274,4.08011773320643,4.07974084144,4.07961200928081,4.07935010598083,4.07916984569374,4.07888645484369,4.08468071667422,4.07440460798384,4.07401902975234,4.07365130996201,4.05325246890565,4.02313254607014
"1234",0.650874941906936,0.667083474207378,0.672483963144627,0.688231198307572,0.693385956431154,0.708879386483279,0.714153312325746,0.729596337560165,0.740660762507681,0.75618191181052,0.762331335061107,0.767795372828136,0.783569361237593,0.789710153481608,0.805791919592514,0.811659649205361,0.827982231488355,0.834010976204023,0.849593735817589,0.85560595072566,0.871465730214757,0.877121874896206,0.883227016769299,0.898675139425421,0.904766943090194,0.92043561687085,0.92561070664727,0.931452501455426,0.936954428715671,0.95269079143563,0.958177413062483,0.969678832883729,0.975106039046777,0.986479762136332,0.99181241218814,0.996994819150598,1.0189276525981
"1249",3.20239149272586,3.20618402413655,3.20993472311069,3.20759896924852,3.21133685116016,3.21508082649501,3.21269510926896,3.21638709688984,3.22395121995112,3.22770096575125,3.22145748862075,3.21903857695282,3.21282688288353,3.21046765636591,3.21423084508447,3.20801687712225,3.20569231341696,3.20951138499829,3.1971197564613,3.20096093875306,3.19480027697808,3.19241248016474,3.19622605007139,3.18999416171582,3.1999583612799,3.2037635283767,3.19753590266284,3.20135335412507,3.20127725157808,3.20506914404854,3.20882745559656,3.20869215881142,3.21248613049609,3.20621370602003,3.21606721321599,3.21979427476911,3.21364901263919
"1251",2.86292147244215,2.87907793192234,2.89461739211584,2.91654484132426,2.93802324530465,2.95363791357593,2.97521434542059,2.99690877500055,3.0021108925473,3.02388637237882,3.04612292236621,3.06172281056306,3.08370047600445,3.10593767125064,3.12200009033077,3.14404796384367,3.16642327035429,3.17246561362787,3.19430470143204,3.21647617770251,3.23241137738373,3.25431209301936,3.27654327890501,3.29218236745156,3.31441318103736,3.33635362965184,3.35182165252506,3.36389063386625,3.38572752901482,3.40158391367413,3.42341089583932,3.44514562449016,3.46081000383875,3.48247311572345,3.48420313679928,3.48969939891111,3.49177890686533
"1256",1.76553251329716,1.80546397587225,1.85524183688834,1.89509914924209,1.93483672418769,1.97462933452796,2.0143892375028,2.06413597171095,2.10381885476117,2.14363195883684,2.18353101404985,2.22330641362361,2.263189893282,2.30310202079593,2.3330002156191,2.37902605662131,2.40898754248227,2.44893062569731,2.46649662318403,2.4941965532316,2.51187812324824,2.54558581383662,2.56326928851468,2.59083937833991,2.6085340868584,2.6361562821487,2.6598241589881,2.67747325317447,2.70504664338955,2.72265444616512,2.75633986291956,2.77382740342299,2.8013822457204,2.81884536540219,2.84629702167485,2.86989329172407,2.89753473746038
"1257",2.2002647784205,2.17579454572258,2.14475814678829,2.12003079429988,2.08494776914231,2.06004259084564,2.02499807799306,1.99389497826196,1.95860033429092,1.92366384346437,1.88911158823084,1.86411089525339,1.82932708528627,1.79477264968701,1.76630961323409,1.74158002698784,1.71329640304442,1.67868775215209,1.64987056287176,1.62525089193048,1.59664982233116,1.5617367296521,1.5333035112614,1.5082265839729,1.47978308020314,1.44486687457247,1.41567821826762,1.38701899144795,1.36192971071916,1.33316497591174,1.29803420280735,1.26891629074194,1.24370613815346,1.21444017085713,1.17909767654345,1.14975466327512,1.12479659138782
"1279",3.35248323479136,3.35621798994005,3.37621592212145,3.38617184580811,3.39622671321682,3.42620748638411,3.44012020661859,3.46005945970404,3.48014144028671,3.51014551920324,3.52998322636229,3.54383124291059,3.5638230708777,3.58368593025148,3.61355643953622,3.63352337258874,3.65337475048956,3.67333717348806,3.69334255389286,3.72334498670816,3.73726626378529,3.7572666063858,3.77720620738024,3.80731980156651,3.82729006395743,3.84738176755423,3.86761586422127,3.88767228206444,3.91781307982833,3.9378816618237,3.9518605736585,3.97198440438124,3.9921891259471,4.02238990195609,4.04252059564001,4.06275261641582,4.08293068841694
"1285",2.06206590285927,2.0919979196928,2.11170927466091,2.10152780989147,2.09117716618041,2.08091111352948,2.06059388057596,2.05028314085233,2.03986211139966,2.02961889685751,2.0095196888667,1.99310846071689,1.98295654955718,1.96287129353854,1.95276872704226,1.94263996392261,1.93262254520813,1.9064264491569,1.89620858559105,1.88616118175269,1.87608347372539,1.8497597533061,1.83971386040735,1.82950606072962,1.81947427487244,1.79934258286538,1.78295545365375,1.77287251524292,1.7526992958395,1.74258007027089,1.73238913229115,1.71599980710836,1.6958283741958,1.68556930210847,1.67531274585674,1.66505052810126,1.63885007915783
"1350",3.41953890495419,3.42935588460706,3.44931309241748,3.45923197723938,3.47924418075738,3.48918636683056,3.50918515356991,3.51909213385482,3.53913900369517,3.5491125178287,3.56892590990429,3.57887787431262,3.59884781729646,3.60869270819617,3.6285484969875,3.63850016573973,3.65221113704225,3.6621644071498,3.67216123490956,3.68215991678502,3.68221044254388,3.69221116938224,3.70215519728362,3.70227338166681,3.71225353229573,3.72235451237712,3.72032220043751,3.70197489707595,3.69984195413595,3.69763995333932,3.68933844793829,3.67717341034384,3.67508041355694,3.66682149950465,3.6546398804595,3.65254014176017,3.65041178551848
"1407",2.20090235251288,2.24299719175519,2.28879505105265,2.32468751641276,2.36044323327027,2.39626983704398,2.43594296819738,2.47173867090098,2.50746211564657,2.54333436507032,2.58931125766766,2.62515894403718,2.66112444659913,2.70712930616842,2.74312659803706,2.77912003820949,2.81518954747652,2.86124385602548,2.89719074432723,2.93327949010965,2.96935849575849,3.01534476720671,3.05143643718009,3.08744810573566,3.11356895365106,3.12350894203376,3.13953793131976,3.16565777608728,3.18173668310224,3.19784502474848,3.22392081190731,3.23996619307015,3.26609054116722,3.28216171274173,3.29822149999875,3.32431425018516,3.34054745546728
"1458",3.21738822273444,3.22715233511045,3.22704842788609,3.23691136637124,3.24685985356343,3.26286598652179,3.26281030196796,3.28266824598149,3.30266181865091,3.32258889405854,3.34236528538683,3.36227774012341,3.3822132941649,3.40203126640979,3.42799515683189,3.44792336984936,3.4677490389727,3.48155845883899,3.50154348594075,3.52153673121086,3.52545096864185,3.54545080218621,3.56540167287341,3.57938943426112,3.59938458890396,3.61949678408315,3.63361335598095,3.65370709552478,3.67388359963227,3.68785782590963,3.70802725520777,3.72820334461936,3.74231110569084,3.76256646354048,3.78275834541462,3.79689670401503,3.8171454877169
"1463",3.15148139228956,3.18123558543941,3.16115422471665,3.14102660593861,3.12100816390621,3.10091151486814,3.08088281129637,3.04463434585995,3.02466512017246,3.00460945886666,2.97825035733648,2.95818002779868,2.9381244978778,2.90180684623172,2.88163749638259,2.86157060317972,2.83525711669415,2.81519772091773,2.79519622892793,2.76906070389651,2.7391146589898,2.71912658099889,2.69294362563736,2.67308519754901,2.65308122992634,2.6270720692258,2.59735592423951,2.57745958005713,2.55151598235406,2.53164448455379,2.51183515497059,2.4858906019383,2.45616915565656,2.43645524672641,2.41052155802102,2.39084492245825,2.3711099664622
"1493",3.02498068460759,3.04091478740828,3.0505523002794,3.06640244600433,3.08211410202046,3.08177665519977,3.09753270520395,3.11329245586247,3.12285204873275,3.13868910020112,3.15463605514693,3.16432419169709,3.17026259949646,3.18624591506022,3.19609521767362,3.21206928417931,3.22812752003096,3.23804043660476,3.24397513552794,3.26005893070822,3.27000081109598,3.28598376205692,3.30208107318862,3.31809194919141,3.32808977678719,3.33417151648624,3.35020410001581,3.36020097421668,3.36629193961544,3.38242009729965,3.38237050294856,3.38843306236957,3.40457362035132,3.4045124154326,3.41059223593411,3.42054778616379,3.42680893854046
"1495",5.51138394321763,5.51126630157965,5.526796207255,5.52642107970547,5.53569245813615,5.53515968426976,5.54063513445608,5.55007075135002,5.54922596975255,5.54873579828421,5.56473495790212,5.56421365488515,5.57390556765437,5.57380158294553,5.57980390612909,5.54956964613072,5.51960610702522,5.48949598561835,5.46524723122326,5.43515850860349,5.40499172060124,5.35628253885091,5.30785897946163,5.25291539734028,5.20450609722487,5.14583927564014,5.09072811970203,5.0421731969769,4.99339496791258,4.93862621277901,4.88982612546677,4.84092401730524,4.78592995696286,4.73692171491264,4.68796861284157,4.63275358795811,4.58413708752879
"1497",2.76706230651704,2.76693756681775,2.76636926206384,2.75988369192445,2.75917919800363,2.75866068745714,2.76190965680804,2.7674824458159,2.77279331784575,2.77844669933094,2.78444071727091,2.79006622746341,2.78976794958476,2.79578995746139,2.8017896486852,2.80769315968205,2.81384831912111,2.82987062200265,2.83564257178297,2.83555840460575,2.84153618847548,2.84737932196183,2.85348718747045,2.85926368068102,2.86539490314608,2.86517875436268,2.87085937316326,2.87689443536479,2.8927591616363,2.89875196291232,2.90462011756594,2.90427280306944,2.91014234007255,2.91589971095242,2.92170251561706,2.92745902853917,2.94356186309976
"1500",3.80581766693172,3.8056218465922,3.80917040600112,3.80891325018909,3.80854258351848,3.80210391557486,3.81176594033281,3.8114197411778,3.80489064337834,3.79461521580901,3.7744263150809,3.74799970431603,3.73781424376249,3.7176622605646,3.69137834671721,3.68122463781244,3.66114617483611,3.64718944914646,3.63700143139368,3.61695507444438,3.60303320863919,3.59288996815692,3.57898726666476,3.55887389497453,3.54887277408247,3.5349613841102,3.51486925438339,3.5110100339049,3.49096996149235,3.47096216660218,3.46706336596021,3.44699058927424,3.42699196796335,3.42308823297555,3.40302514849184,3.38914341485719,3.37925555158834
"1519",2.65990291950517,2.66359719507452,2.67096206983817,2.67454969619773,2.68184414034867,2.68534281578026,2.69267193371414,2.69001067771735,2.6933530506749,2.6907532352276,2.68444541738293,2.68181660523903,2.67545762425331,2.67305417808003,2.66064383006003,2.6543286964276,2.65202517783452,2.64579741471057,2.64327652575325,2.63708191630239,2.63085259152746,2.62837912385495,2.62221594938122,2.62585531452248,2.61972086626184,2.60732217679684,2.61091107885584,2.6047236015094,2.60228212028738,2.59606140432004,2.59975247125526,2.5933849406571,2.58093723788308,2.58454011447904,2.57815943402692,2.58175311875972,2.56945843751566
"1520",0.277523316957171,0.281315345774611,0.288345994369252,0.321774886355172,0.348595116158698,0.391806226493754,0.418721750067652,0.451892291832093,0.484644666565151,0.527884883470497,0.567781787586238,0.600982228508329,0.650588660276597,0.684377198137671,0.724259650462689,0.763967279157145,0.807943804823511,0.847814985339994,0.881175993733336,0.931057736508325,0.970815200864999,1.00426323366033,1.04424890679823,1.08753625642145,1.12753373270701,1.16716327174391,1.21023084359314,1.25003199264223,1.28339496112645,1.3231151289636,1.3664731301251,1.40585862101221,1.44530841517687,1.48843029055198,1.52779600897792,1.56087523125089,1.60065856961694
"1523",1.09469953443532,1.12680528618598,1.16842544965006,1.20638662465172,1.23787449130162,1.28568997342798,1.31727647842129,1.35507683843745,1.39648610097366,1.43437944202951,1.47649428348458,1.50823717318315,1.5463217741338,1.58846724256479,1.62672174441039,1.65875259437656,1.70716041481492,1.73931070326114,1.77735241468623,1.8195329248399,1.85165060422061,1.88977387985541,1.92201548394858,1.96009095035391,1.98236101053836,2.02057920715575,2.05245877630626,2.08079538393521,2.11284858733976,2.13501667850723,2.17322465193256,2.20523352551855,2.22732035941221,2.26546451386325,2.29749883392962,2.31951139080946,2.35797923125293
"1524",3.25131915857533,3.22896408582591,3.18997080897268,3.16732398373333,3.14427421387132,3.10531953615542,3.08234475683966,3.05946761507401,3.02012018516417,2.99730424682511,2.96879444909275,2.94593635434387,2.91331958011835,2.8848319787158,2.86244581346795,2.82991431187135,2.80159892973482,2.77921536854525,2.75649220314512,2.71798916872813,2.69550716652859,2.67285692850688,2.65057384529945,2.61778027623366,2.60164383559061,2.57903678892095,2.5560370291986,2.52971944348637,2.50698494499898,2.49058889358255,2.4678438120599,2.43498395321982,2.41832880057755,2.39535028100094,2.37245223561138,2.34557698649391,2.32307067618453
"1525",1.21729001247624,1.24338054078143,1.27465120073649,1.30020902571546,1.33507635649214,1.3664653434179,1.39148845250296,1.41672560356702,1.44749728097218,1.46282031709636,1.47888947224072,1.49417038747242,1.50594011836778,1.52202402085702,1.53805429169884,1.54996060805982,1.56628160532544,1.58226493189071,1.59774906721841,1.6098634018517,1.62567382428677,1.64127368564711,1.64740123526577,1.66890601452202,1.68503749098994,1.70067771785399,1.70575391030925,1.72775836314401,1.74323618941294,1.74900060546846,1.7644840273729,1.78597363901035,1.80138452660361,1.80658064719293,1.82191256006237,1.84322058086534,1.84905779704099
"1529",3.6056882061318,3.60722813402634,3.56818357292725,3.53939262022503,3.50626902378174,3.47726870870862,3.4381057523761,3.40905611890461,3.37573992431421,3.35900608576884,3.332763357922,3.31599047679688,3.2894798767372,3.27939065001902,3.25313769655184,3.2367230676919,3.21068436029366,3.20055730174199,3.17394071979331,3.15769557517028,3.13133347938946,3.11479967411057,3.0947845736129,3.07810289795392,3.05196695937562,3.0354815715403,3.0147297766543,2.99840606272591,2.97179747871446,2.9553940805756,2.92877952954726,2.91819711644106,2.89153194499466,2.87469093798435,2.8479368081903,2.83720794719028,2.81085601974485
"1531",3.0031835278333,3.00908580884282,3.01874671830812,3.02459847008532,3.0242307852578,3.04003221970308,3.03970029196405,3.05548043728941,3.06122508426494,3.0609553840829,3.0768794022112,3.07659277461968,3.09254067689233,3.09237597091588,3.09834360750364,3.10819284516216,3.11422650396682,3.12413857039633,3.13010125313795,3.13005864671829,3.14614969792415,3.14602704656094,3.1521247730607,3.16204767130826,3.16818611560218,3.17816770757622,3.18427043072858,3.1942943892814,3.21043589071255,3.22045799371173,3.23660361781418,3.24658233515689,3.26278315270932,3.27279457465685,3.28278694603166,3.29897293162638,3.30912347560366
"1533",1.5169098559584,1.54518649960691,1.5666007315328,1.5844617602009,1.6117801007505,1.63941920177156,1.66687813846111,1.69450069011895,1.71555461943821,1.73327218303839,1.76155785646249,1.78924827218794,1.81723179212667,1.84554203627265,1.87381377213402,1.89577776336104,1.91427465802611,1.94253502596924,1.97042506140425,2.00870319770187,2.04686483394974,2.07486040006048,2.10711204277354,2.13270392487307,2.14270354502184,2.16236069499941,2.18776339789353,2.19758507833048,2.21713158338195,2.24302217226767,2.26257051123057,2.27201263412638,2.29766736187912,2.31701136932682,2.32644112548859,2.35190970243331,2.37173508385207
"1541",2.9930898111092,2.98289412971197,2.96858657410749,2.94827703404879,2.93390960127574,2.92963754443156,2.90920236579518,2.89490836120282,2.87437963127647,2.87016441221733,2.85610334228718,2.83574069334302,2.82164548473375,2.81149331352229,2.79746682333108,2.78341804781597,2.77335674222272,2.75938999382913,2.73915893741104,2.72523357594258,2.72128817977503,2.70111276286155,2.68721500523713,2.67318484751843,2.66318896455579,2.64924622626482,2.6290811944357,2.61520818733458,2.6212672148328,2.62124122311982,2.62730512469308,2.62718726372244,2.6332896514355,2.6393304077823,2.6269201711071,2.61451066052963,2.60228892701082
"1637",1.84604131508902,1.85577144304467,1.89538407277582,1.93506790304599,1.9585315418784,1.99816167006075,2.0277834904236,2.06127051668788,2.09084027734407,2.13052620951296,2.16415636522593,2.18769957857816,2.22135079616996,2.2450303817433,2.27871645098318,2.30240792335746,2.33617258308998,2.35993931822523,2.39974507397489,2.43356212600304,2.45737504959438,2.49110315455622,2.51494228144384,2.5487043998397,2.57258741732113,2.60642045905621,2.64020289717702,2.66409249960852,2.69793319149146,2.72181553748091,2.75565783348751,2.78561078744743,2.81948883055106,2.85330878706839,2.87712115092557,2.91094960109429,2.93494632511426
"1642",2.56834986432085,2.56200499230773,2.57146445136152,2.58107440210347,2.58044234141686,2.58994172585114,2.59937664458218,2.59273071183007,2.60203371416372,2.61158815798904,2.61137964161634,2.62091647358424,2.6306233272798,2.64045946313872,2.63415879698436,2.64393203314568,2.65389240789273,2.65377503904661,2.66347131721421,2.67339551629815,2.6732771103335,2.67691338144976,2.68689283844978,2.68663774553165,2.69665504870448,2.70652097246814,2.70622127182275,2.71004859032324,2.70988930653268,2.69983063659372,2.69967925832813,2.69947222480864,2.6893348790102,2.68910793125215,2.68275679536165,2.67868530535684,2.68490207767043
"1644",1.9076031927238,1.92739151924701,1.94679089132181,1.96637185040216,1.99177558085198,2.0112244461295,2.03058716348697,2.0500149120539,2.06921749988541,2.08872242599325,2.108526176656,2.12801116635013,2.15381988507845,2.17366585658023,2.18350050586132,2.20325552425079,2.21324049352927,2.22311768271489,2.24277202582688,2.25268684067455,2.26254379331844,2.28227745291347,2.28612636084336,2.29581108380844,2.30969318429252,2.31951618198327,2.32912363960076,2.33292444007986,2.35270517217834,2.35646877687672,2.36625594816378,2.38597644598667,2.38961782882819,2.39929827231063,2.41902112459323,2.42254371626354,2.43255898406342
"1646",1.04125339577736,1.06713622597507,1.1088426511164,1.15069545725059,1.17620925243958,1.21796831529897,1.24355442376896,1.27917894805312,1.3046577253604,1.34036519213718,1.37014809914518,1.39584186337779,1.4316945789708,1.45765367589264,1.48747890624567,1.52339444227376,1.54946628708045,1.58548253511653,1.60521094174886,1.64127382679561,1.67730745918897,1.70324043106711,1.733217776951,1.75915161666926,1.79530491434607,1.83134725128272,1.8511364831747,1.8872689738138,1.91331219225931,1.94943402382062,1.96934768608331,2.00536272100781,2.04145265421759,2.06747538656334,2.09736266470938,2.1234036406944,2.14967245460797
"1647",2.12990118016321,2.14745435221017,2.14849860874088,2.15972030845972,2.17674795513016,2.18781813743467,2.20491004701556,2.21594324850561,2.23284468587029,2.24393720361697,2.25536157095141,2.2725519823138,2.27381693140833,2.2914099577843,2.30285802224001,2.31420230584486,2.33195363413448,2.34343386909066,2.36077414533064,2.37228202831563,2.3837084645191,2.40112357618712,2.4027101464777,2.42003138857278,2.40164315457186,2.38298818021575,2.3701602231938,2.35163560331173,2.33902557256759,2.32043833953382,2.30782323709688,2.28896761376216,2.27016610587752,2.25736115370102,2.23846797572631,2.22562372022863,2.2132308570792
"1740",1.63646603813315,1.65231177513232,1.66781684894949,1.66736877237149,1.68277781531794,1.69221268539866,1.7077031432884,1.7071257440636,1.72248636476726,1.73198933715122,1.72787834251805,1.7335008262692,1.72317255270345,1.71911616139374,1.71892628113092,1.71480693350558,1.70475555581929,1.71688567458699,1.71270125202525,1.71488375051973,1.72089530986104,1.72293445768118,1.71905287785225,1.73108466974488,1.72725068808978,1.72941259088187,1.73529516314493,1.73757140521315,1.73360092234647,1.74587023581581,1.74192219416782,1.73793029769476,1.75015928230988,1.74617158132119,1.74836184316442,1.75439788161811,1.75684335531426
"1770",2.45549233072904,2.46292766114866,2.47633376927529,2.49370452724183,2.50094373614726,2.508242001245,2.49551942339693,2.48279729243142,2.4599954889068,2.44733900446555,2.43480293749066,2.41213479695783,2.39959415550918,2.39324794947354,2.37691059360532,2.37669033348769,2.37658448929433,2.3603305807974,2.36009218165597,2.36002758663366,2.34995118841735,2.34365590441122,2.34363834954585,2.33350521585702,2.33354136457113,2.32736710487879,2.31725526476663,2.31729916214102,2.31113933947213,2.30118279150809,2.30117936490037,2.30114314266993,2.2850302342759,2.28500758713817,2.28499147608846,2.27498922523436,2.26902673731041
"1882",2.34716982820626,2.38059317617327,2.42030500970197,2.44773758497093,2.475269448758,2.49884691334282,2.52638064753008,2.55382937802177,2.58142067342116,2.60506440679297,2.63243121900594,2.6599539366363,2.69363624916197,2.71108328196039,2.73856726238701,2.76614523879008,2.79977709263609,2.81740277660854,2.84508201916247,2.872790860191,2.90668874710509,2.92442120411686,2.95213238384534,2.9861357730898,3.01391999162888,3.03180482084804,3.05981976142278,3.09385978557103,3.12183105532912,3.13976943472035,3.17389751130233,3.20188939310233,3.22994821886565,3.19801052727441,3.1821723758748,3.15026834696017,3.12836040745051
"1891",2.56245230950918,2.57206531548517,2.56927398952331,2.56045754147039,2.54760541342425,2.54482662834234,2.54202357398106,2.53923271909713,2.53634332544706,2.53362116974304,2.53104727978344,2.51832054335689,2.51573346666164,2.51322965497026,2.51073889858944,2.50822401618968,2.50585168727289,2.49344956510715,2.49091342023837,2.48857409493305,2.48621305985837,2.48375983118724,2.48148525914401,2.47904265376768,2.46682531764043,2.4644930331562,2.46203853794841,2.45980492293963,2.45747111305285,2.45522749370488,2.45290765151483,2.44053875935882,2.41823031388516,2.39584355005318,2.37347558004877,2.34108635754243,2.31896039739629
"1896",2.76922813400619,2.73888078496109,2.71817939271164,2.7037682098187,2.67296409541739,2.65843559087067,2.6377205660703,2.60706888139438,2.59234552971017,2.57177800435679,2.54148586221754,2.52091637826915,2.50053496348831,2.47031057232879,2.45008949969598,2.42980198551314,2.4097340035228,2.37958261481054,2.35923803603594,2.33914653297873,2.30901108497756,2.28876964005045,2.26876577527074,2.23850795163055,2.21856045798258,2.19844622519865,2.16815655419983,2.14817145926658,2.12805387325888,2.0980573851631,2.07796592293032,2.05782247901313,2.02774608948475,2.00758685239774,1.98746623791891,1.97731867354343,1.97747703817915
"1899",1.8355443794015,1.84125885516043,1.8507375529782,1.86641101683236,1.875863176697,1.89148944281732,1.90099790821658,1.91662939515483,1.92610203283013,1.94569105239557,1.98148448053335,2.01108103753412,2.04692158951528,2.07666146218186,2.1125515936437,2.13232576140771,2.16217014636787,2.19203655603301,2.22796925418479,2.25791039851149,2.2878616379088,2.307747156568,2.33773412388268,2.36768950399537,2.39774433719755,2.42777889644967,2.46394838392698,2.48405733759374,2.5141497863602,2.54427994108556,2.57439864373177,2.60450277596099,2.63467828559044,2.66097669710145,2.69111786810687,2.72130373751376,2.75161420153561
"1906",2.11239544184853,2.15198738562065,2.18758774883712,2.22326196919243,2.26884377574034,2.30447550491792,2.34011734679392,2.38575627324698,2.42137459999113,2.45710135364718,2.50288890374207,2.53249663169874,2.56834253134735,2.61420823039921,2.65009527302763,2.68600419369055,2.73196926831937,2.7679669010987,2.80391522456218,2.84999130418529,2.879952622345,2.91598658881408,2.96210605611704,2.99822548339366,3.03441650414577,3.08061039615403,3.11683158978754,3.11309611749492,3.10936567234278,3.10566150719867,3.0858200799051,3.08211653675106,3.07848901251461,3.07485008973002,3.07119660470855,3.06760697860213,3.05410777992701
"1921",3.77446947312711,3.79181454298985,3.80907285237047,3.83250957157583,3.84973849069243,3.86700344262726,3.88427087133197,3.90765212954319,3.92487327093684,3.94219955426181,3.96572767077837,3.98305573723069,4.00049540131661,4.01797045251288,4.04159660697953,4.05909971393597,4.0766888300203,4.09042025165823,4.10793947255339,4.1256116876023,4.14941641135195,4.1670147291566,4.18473824105742,4.20238379457819,4.1963063499848,4.17403922073704,4.15172138313348,4.13567203738081,4.12343250752946,4.1012499235998,4.08517008604379,4.07291588390939,4.05072370813089,4.02847823318959,4.00623194366511,3.99399495890553,3.97194552463026
"1978",3.1949348860672,3.18834056397179,3.1856627622352,3.17911554416741,3.16644730984413,3.15988629525742,3.15724486526474,3.15068522154739,3.13805008480743,3.11156491263308,3.07892216069322,3.0524476738393,3.01991867339139,2.98349131547705,2.95096552063868,2.92461968180215,2.88602421343831,2.84749744931061,2.8028219814668,2.75437570613857,2.71595540042261,2.67747946297553,2.63906902349187,2.6006785768508,2.56234002786021,2.52400708504974,2.47569236014985,2.43127541386764,2.39298786245311,2.3547265166232,2.31645321758175,2.27815853771883,2.22992297518411,2.19165092090907,2.15335951015485,2.108941644799,2.07080646150807
"1981",2.8840365250978,2.83354576608436,2.79314202069491,2.75885075347594,2.71848727271368,2.67808863389227,2.64387926258532,2.60349135765852,2.56320987439069,2.51903271995725,2.47863179966923,2.4844755133857,2.47424121200378,2.46393007914452,2.46978725199313,2.45959727233953,2.44935490624272,2.45535673276905,2.4452761290108,2.4352411587537,2.43526352174133,2.42525755830429,2.41524167422481,2.40924877174305,2.39931663535841,2.38948707767026,2.38366180470791,2.37386570668904,2.36414903979341,2.35826390280818,2.34857766497002,2.33890939109976,2.33931529722499,2.32359330075055,2.31397295363952,2.3144549671727,2.29876448967955
"1995",2.19780905060645,2.21734295147144,2.23294211718109,2.25859354724792,2.26807197987519,2.29369695324512,2.31322768456953,2.32886568529062,2.34839226769142,2.36411854585516,2.38986554432938,2.40948041204331,2.42531987661192,2.44502472598614,2.46088929510454,2.48066178863706,2.50659575366196,2.5225858804291,2.54242400867555,2.56850222900253,2.57847780117464,2.60453748395033,2.60452739191354,2.6106932386064,2.62689701892632,2.62699476132147,2.63328813816129,2.63731072759394,2.63135362712454,2.62540980257618,2.62947992568789,2.62354592873061,2.61767986500731,2.6218029821433,2.6220532159583,2.61621441967506,2.62045073482401
"2041",2.92574020046465,2.95366347215226,2.97514582781829,3.00291231692205,3.04043570901194,3.06198605481912,3.08961857108681,3.1111900603897,3.1387344186258,3.16040608739747,3.19843780706879,3.22625772525665,3.24812278033446,3.27624120103378,3.29824397010209,3.32634085336521,3.3646073915749,3.3867056993305,3.41480401732099,3.43698364467114,3.46528130028207,3.50350360306984,3.52577041398631,3.55404082708447,3.55638447664139,3.56478283702206,3.56698415831711,3.57550633962431,3.57397776146597,3.57638912794409,3.58491303735719,3.59342543841696,3.60201837655204,3.61058934108165,3.62533125910302,3.63396846519827,3.64277901359542
"2044",2.34814092659745,2.35547206575397,2.36862145510016,2.3819206268043,2.3888559657448,2.40204287151464,2.42517900633934,2.41836890587039,2.40525530334269,2.39852354014469,2.39204487481469,2.38531837812895,2.37264263640016,2.37237657037675,2.3659923119913,2.35954917428414,2.35332053218012,2.34702188570625,2.34667475475165,2.34044719209692,2.33418132475949,2.33781643588507,2.33782120370857,2.33145157787259,2.32538986209426,2.31916596481165,2.31277308794535,2.31282392772308,2.30660625245145,2.30051301767432,2.2943261895837,2.29423358198861,2.28805924280545,2.28180431671629,2.27558801419767,2.26934085676841,2.27955957378089
"2057",0.504671671348815,0.520292347248982,0.535855389302223,0.561474209303318,0.5770352459294,0.602627310720862,0.618250018866994,0.653860804941353,0.679486354536581,0.705188181909015,0.740913351337555,0.766637816608639,0.792459562551063,0.828278619873702,0.854129910550954,0.880021265151548,0.915943531187606,0.941926349872202,0.977893897532704,1.0039703257998,1.0239471387261,1.06001202663249,1.08613869047473,1.11231839307917,1.1423959557649,1.1686436000659,1.19496124677414,1.22514128289442,1.25149174225421,1.28785826189832,1.31425215598266,1.33450890703513,1.37098488667092,1.39746842109044,1.42393098699399,1.45432032466826,1.48091788007717
"2059",1.30035575910518,1.33609585609903,1.36124885343035,1.39667273742685,1.41553149314223,1.45076945030799,1.48588305157015,1.51113278846946,1.53990136962761,1.56524463494752,1.60106433611603,1.63641233562876,1.66202613133242,1.6917922940639,1.7176844779042,1.75343695862441,1.78955261953958,1.80936458214377,1.84500599823757,1.87100979742926,1.90692692147494,1.94271205751744,1.96272621325351,1.99843494399316,2.03464350380558,2.06056436987836,2.09617695750247,2.11615325691689,2.15204644247331,2.14813849077321,2.15407544028525,2.1437936710577,2.149721601088,2.14553532598378,2.15143325711576,2.14725709547517,2.15352948832559
"2073",1.93566936501458,1.96296758085246,1.99616416350175,2.00335991164487,2.0264869868217,2.04359111132174,2.05678904251426,2.07389489272917,2.09700157478587,2.10418199734555,2.12767946776262,2.14486736725931,2.16447338008993,2.19418839201793,2.22392228668844,2.24362465457963,2.2734918413816,2.29332614241453,2.3230286650792,2.3529430378415,2.37284022080488,2.40265618452312,2.43265919588677,2.4525075362906,2.48258554250995,2.51256042593039,2.53244012720267,2.56253564577642,2.59255135377439,2.6126608302982,2.64271531514694,2.67273896690554,2.69283000396991,2.72287064800927,2.75293357317074,2.77300299493131,2.80330363386358
"2084",1.2894802794098,1.27679684604265,1.26378873111661,1.25093985580549,1.23782326093237,1.230971520717,1.24018584648704,1.23946593481247,1.23242911085428,1.23179513844159,1.22530614467687,1.22468165381744,1.21811727159467,1.22784344238689,1.22758241069829,1.22112699603453,1.22102775746797,1.21472310734079,1.21436434512051,1.21426479334457,1.21799386465746,1.21775708231122,1.21163142188632,1.21139019224245,1.20533398063427,1.20524623585964,1.20498944040093,1.2089080526509,1.20883500124705,1.19275077761521,1.18271569453647,1.17263349531703,1.16646915676655,1.15637527387169,1.14017378421909,1.13009615473434,1.12417710996167
"2109",2.49461887983734,2.50410122747544,2.52962144485777,2.53908841333952,2.56459765620739,2.57402708093704,2.59960243795545,2.60904959018447,2.62461657829753,2.64415099218265,2.65986297358917,2.67942019732219,2.69521456783792,2.71489431310815,2.73073722274687,2.75047858399261,2.76027515327034,2.78624873933249,2.79605830041551,2.81212719679516,2.82208909558167,2.83813501168928,2.84813308759594,2.87428216965076,2.88436666986924,2.90059743330359,2.91073333421495,2.92704879659029,2.94337814478812,2.95359760520791,2.96997249561406,2.98020541639177,3.00665637661796,3.0169580572398,3.03339605544879,3.0437490834788,3.06034301757548
"2143",2.9566895051189,2.98229582800726,3.00771597447514,3.03324556230528,3.04862210430765,3.0740869392297,3.09954815932331,3.11503617940862,3.14044998529238,3.1721609337503,3.19787835310322,3.21348567373023,3.23923275967524,3.26504817513552,3.29089119446625,3.30673202238844,3.33268659870546,3.35864916103681,3.37453260020166,3.40671971326545,3.4327823757278,3.45878498722087,3.47492163678009,3.50100162243531,3.52722515959979,3.51341186380746,3.50958697880812,3.4958804602785,3.48829241400008,3.47848274337985,3.45865973665263,3.43882581930684,3.42906076495106,3.40927540651402,3.39949098148983,3.37974828120887,3.36015151738403
"2148",2.14109089075416,2.1444310485499,2.14383266483921,2.14717028325908,2.15044128759791,2.15374111490574,2.14706589623696,2.15037946811173,2.15981547920599,2.15321068853213,2.15665069023928,2.1600664935833,2.16358784614262,2.16325812719839,2.16683261463286,2.17043311525404,2.15409701215861,2.13780441947355,2.13146989501616,2.12140305111816,2.10522485666984,2.09899389571109,2.08286207114839,2.06672127066376,2.06681097027511,2.05075656341979,2.03471582924979,2.02874780491732,2.01891174387407,2.00912125106719,2.00318568198431,1.99338628630732,1.97750879392759,1.97776374880642,1.96801374077203,1.95215995120145,1.94258295366897
"2185",2.94803369526669,2.96742631289875,2.99084619905137,3.00423842964487,3.0277084643418,3.04112227420026,3.06462039078479,3.07805325089199,3.10161854048598,3.1251312393997,3.13852305532159,3.16206544684396,3.17565233215767,3.19915386961602,3.21270555955444,3.23634880144269,3.25993639116645,3.273653890409,3.29743443648612,3.31126059721177,3.33515051025644,3.34902119482316,3.3728842015708,3.39691601207913,3.41087744956306,3.4349452972551,3.44916347040815,3.4732769946057,3.47747284314083,3.4777906684074,3.48202895318962,3.48628787058642,3.4906153153988,3.48496984055055,3.48927939035268,3.49368905139977,3.49808514196611
"2186",1.86397221108879,1.86127329125665,1.85197261520039,1.8490147311171,1.83954915493097,1.83641755640056,1.82705713817522,1.82392916388207,1.81435563416919,1.80517531772147,1.80255456875693,1.79337604439962,1.79057626637045,1.78191320512666,1.77938560783378,1.77059501906942,1.76216442950502,1.7497008129864,1.74080903216009,1.72841186663072,1.70979390879696,1.70717355766666,1.68879656330686,1.67995332758421,1.66777450913644,1.65914509214981,1.64630272021563,1.62787011106913,1.63146292212823,1.63141854436361,1.63505410828693,1.62860274975224,1.63220737423884,1.63182842392815,1.63539519699605,1.62885787712625,1.62282434682127
"2199",3.40393711971456,3.365012201477,3.33217122172964,3.30325432399056,3.27039740659397,3.24756048854067,3.20862742311444,3.17580110234002,3.14684312511636,3.1140905504474,3.08138398376232,3.05252177255095,3.01989500670944,2.99116203065185,2.95859659585867,2.92605176158071,2.89745381284585,2.86502304413903,2.8364073587155,2.8040712969112,2.76561629824696,2.74323502189501,2.71097447444647,2.68253479050557,2.65036139176127,2.61201423497396,2.58977896967129,2.5576637771455,2.51937192875116,2.49728227901939,2.46902218505717,2.43688249687955,2.41480274524476,2.38653734780337,2.35442218053962,2.33232566671726,2.31656440615926
"2200",2.16259062855736,2.18439364366461,2.21553335919371,2.23086055137513,2.26180663650904,2.27692853171064,2.30803429464226,2.32930349151417,2.35404871245964,2.37542172592103,2.40733166031806,2.42259024991897,2.4542689796577,2.47013799707952,2.50213535571021,2.52397493422704,2.5500880798023,2.57213884413978,2.59773772304094,2.61986002699835,2.65188900303469,2.66765290450148,2.69994397069876,2.71562825987258,2.71799109683206,2.73004428337091,2.72563302895079,2.72790630298551,2.72994690548456,2.73606440621448,2.73201953456172,2.73404636271236,2.73999396451695,2.73582796476982,2.73790684615546,2.73375674690802,2.74007584328697
"2202",4.13304448320211,4.14869879932923,4.16382447148118,4.17919969258212,4.19417081803622,4.20937938050219,4.22448661699296,4.23971803654237,4.24463797916149,4.25996716718843,4.27572525625772,4.25107074308243,4.21666648328587,4.19251708453084,4.15837430643492,4.13411385225002,4.10018379549577,4.07611303027943,4.00499420030508,3.94420912945942,3.87334458486464,3.80234955898769,3.7417054276856,3.67062728658625,3.61004614827387,3.53916438912727,3.47794189724295,3.40724159316803,3.3462875823881,3.27554204330807,3.21460675199019,3.14356932851884,3.07257190384035,3.01141874672181,2.94034826336507,2.87298893236828,2.80230839438927
"2204",2.76720837972259,2.77891806988865,2.79036582979503,2.79583809291258,2.80722229429144,2.81260898163588,2.81797306692825,2.829511399288,2.8448025894206,2.85031308122511,2.86215060705371,2.86768805596444,2.87338947919655,2.88532998901962,2.89116554594415,2.89697588259203,2.9090759733803,2.91502587175508,2.92086335658616,2.93303865560278,2.93907594017426,2.94504476644588,2.95732098239737,2.96334934499549,2.96958087968787,2.98187295029145,2.98797640919737,2.9942600336854,3.00049255306286,3.00295166728821,3.00923985697566,3.0155135203131,3.02800588966187,3.03432767411662,3.04066629979435,3.04319249821195,3.0497506223385
"2206",2.9934708371035,2.98070571916931,2.96770316328883,2.95482646175307,2.94174377918913,2.91876878654875,2.89576252721152,2.87279722840461,2.84968884131777,2.8268001425451,2.81025522365356,2.77738193327355,2.75467727593849,2.73210145501675,2.69728890584219,2.66856091302199,2.64003382544367,2.61145696081204,2.57658748032172,2.54809209631919,2.51956383256511,2.49094244992979,2.45642378647235,2.42780028507758,2.39949126907509,2.37101548117606,2.33622462249644,2.30788929274992,2.27941284149088,2.25107131713944,2.20648195441607,2.17797583015342,2.14952172253271,2.12097650237545,2.08632215420728,2.05776529803672,2.02955445505558
"2214",2.39209563173062,2.42766649075942,2.47304886608621,2.50854281542579,2.54388088559066,2.58930967390788,2.62473686144703,2.66406885355941,2.69944754870085,2.7349989787867,2.78069242440347,2.81627238667793,2.85199610122607,2.8977941076543,2.93362270157716,2.96944727621458,3.01539290740043,3.02134617261122,3.02108851707218,3.02713972269644,3.0331972610399,3.03919625975889,3.03533763077141,3.04141549988478,3.0476488651801,3.05384017340891,3.06001605858773,3.06632243280332,3.06646228075801,3.0728089342576,3.07914287472883,3.08547017473868,3.09186948434602,3.09825513026509,3.09849654367746,3.1049344512486,3.10152392731589
"2216",0.247227963484292,0.258992019823971,0.274110535308783,0.309478867166791,0.340563476797008,0.375766452197161,0.400869166561759,0.44222108008609,0.467140373524613,0.50859555867747,0.534347694565455,0.575822583777106,0.601417128006737,0.643393434845082,0.675377262479936,0.711116862892019,0.743310560102001,0.775369278664142,0.811046792036561,0.843186178869371,0.879129583652174,0.911095068709048,0.953382035000454,0.97918342767259,1.02154953320224,1.05368567344858,1.08945127085849,1.12177859339628,1.1577950825646,1.19012614399601,1.23234286179795,1.25836466733898,1.30060055859262,1.33275847768255,1.36883557135962,1.40102721942946,1.42743644720264
"2218",2.32321454286384,2.31659887123316,2.31569448365113,2.30886952161682,2.30172108961195,2.30087610271422,2.29383642684375,2.28688491247372,2.28968690026759,2.28894878893071,2.28242627015366,2.27557393317019,2.26893917808788,2.26864237718516,2.26222905877999,2.25572500002945,2.25563401792148,2.24930658009645,2.24275595332719,2.23650755637868,2.23633566833452,2.22992520659076,2.23381100220711,2.23350782607275,2.22746964395455,2.22121410562102,2.21473053667882,2.21478617373849,2.2085326311235,2.19244327790019,2.19237669795698,2.18610814660624,2.16989833000244,2.16359540181621,2.14735336197581,2.13490221043071,2.11282901391274
"2220",2.42648612922269,2.44206786732348,2.44128206317132,2.45674995380389,2.47201578107868,2.48127778535958,2.4866400974699,2.49592552646281,2.51121260566033,2.52671806992485,2.52629239662052,2.54182324392132,2.55751915960264,2.56719499145146,2.57302764046097,2.58270239556224,2.59867269220844,2.61461987181676,2.59431877009982,2.59036015111148,2.57639226866999,2.56622108932868,2.55236562641354,2.54224538544178,2.5284790015879,2.52462563594025,2.52070439364016,2.50698372303142,2.50320232656801,2.48951344298684,2.48578723688251,2.47204349423892,2.46837041926337,2.45466744579338,2.4448346408447,2.43117735965147,2.42772511011791
"2227",1.94666861685073,1.97996926587048,2.00321116083711,2.04262706471369,2.06585549853209,2.09911536077197,2.13240248087292,2.15568173130136,2.1889542151106,2.21231570471293,2.24572857468556,2.27911573935018,2.30261208154744,2.3422626177155,2.36582085692764,2.39940393455256,2.43305695276969,2.45675420838447,2.49041042900898,2.51420782948762,2.54802568471873,2.58179326537815,2.60566650550492,2.63952764797533,2.66962832163191,2.70358203188585,2.73754861288812,2.76159680346495,2.76563493321226,2.75972215367796,2.75380416469658,2.74787776848977,2.75201600975774,2.7461381930608,2.74025538281999,2.73441579388585,2.73870912872071
"2250",6.53856796899824,6.55790859164027,6.57747808212508,6.60698839621199,6.5705215463339,6.54008387704881,6.50976218447153,6.47935511748866,6.4491491293887,6.42882926507933,6.39830939923974,6.36803044631865,6.33163736644501,6.30123779530995,6.27089818152547,6.24455509883213,6.21422462792333,6.17794208869921,6.14791327008325,6.11788282382535,6.08181079534065,6.06187402577115,6.03186992232652,5.99600807120194,5.96611441735195,5.9363991908753,5.91078580524804,5.88109904478839,5.85155541494915,5.8158135706123,5.78631961163909,5.75072495492569,5.73134794245744,5.7020339420719,5.66650413542802,5.63726682853033,5.6079259444923
"2348",2.64774959228015,2.64705153403916,2.63653401248036,2.62597859718918,2.60940913778028,2.59889171120598,2.58847986593667,2.5779994370816,2.56155904003336,2.5511671868164,2.55062169203174,2.54027553291472,2.52383394805745,2.51341646201857,2.50306016226846,2.48668383628106,2.47635614083771,2.46618783831826,2.45612141721318,2.43994841244927,2.43998858746598,2.43002874617896,2.4200324923884,2.40413737420859,2.3942570139839,2.3845270011014,2.36500770892933,2.33918691665923,2.30962733275033,2.29003220137269,2.27053096470032,2.23877949014718,2.20709259762747,2.16545321353336,2.12760226046158,2.09601934150379,2.06437241883017
"2420",2.78149528719758,2.81080473685531,2.82398341081246,2.85332114604474,2.8726216606474,2.89581874608051,2.91518778096285,2.9384200373066,2.95780712526084,2.98725607872935,3.01059143927026,3.03008289484534,3.05967402257418,3.07313614015116,3.10277995986317,3.11633772334072,3.14607010801762,3.16587796056547,3.18955435839641,3.20948286684497,3.23945094534067,3.26325626135834,3.28327208035692,3.30720894211734,3.32733706185387,3.35749615662887,3.37158977280555,3.38184853424096,3.38213722498135,3.38631947514958,3.39667010947873,3.39088762546723,3.40131695909171,3.39561187057248,3.40604296845732,3.41039394441284,3.41097716972419
"2434",2.58687929372156,2.63001658607538,2.67723414696726,2.7205234526931,2.77392460462903,2.81725201917281,2.87068837880519,2.92405342565469,2.96758732935669,3.02103773630346,3.06433232623625,3.11783065825611,3.16136420825665,3.2147939163363,3.26828933224539,3.31189462157573,3.36542419124988,3.40911464098487,3.46290580841389,3.50672785304784,3.56063090280346,3.61453441841456,3.65841063044088,3.71251136633893,3.75650795574104,3.81064514033244,3.85498073653381,3.8991726847354,3.93347762701195,3.97775542488069,4.01211900105894,4.04651868471198,4.09098569780077,4.12550413667099,4.16997299639695,4.204561845182,4.249100859443
"2443",0.949376381389188,0.968661593474063,0.977989192540565,0.997336615343901,1.02280888390244,1.0421560084538,1.06157310870208,1.08096226424312,1.09042614735246,1.1160373012293,1.13548157033124,1.15501261687302,1.16849220566124,1.1880693240505,1.19770316335878,1.21127344947932,1.23097805095579,1.25078807996351,1.27063444033405,1.28443955384041,1.29443098903643,1.31440504969623,1.32828637901398,1.34841888051767,1.3685507493185,1.38261917092142,1.40294392500331,1.4132342988342,1.43358769572697,1.44781218797458,1.46822915340324,1.48866973385619,1.50303208968218,1.51357227929328,1.53408777948846,1.55469862703526,1.5691808962121
"2484",1.61561541417587,1.62485250531917,1.64425217231659,1.65362353126729,1.67308618688056,1.68249198447611,1.70812758243798,1.71758122907251,1.73719294498333,1.7467397637227,1.74614843395403,1.7457495286161,1.74152439246202,1.741073071018,1.74068888182039,1.73041305606314,1.73006632625704,1.7298806112922,1.71979877158762,1.72588207686799,1.72591829633462,1.71596010586157,1.71597226436633,1.71622239933209,1.71249594943086,1.71278711122284,1.71329594332338,1.70364691862141,1.70412518654925,1.71071465306674,1.7012626508547,1.70185650783751,1.70252173268252,1.69325310109175,1.70008519163115,1.70090461233478,1.69164735311438
"2489",2.04991978557472,2.06537420883519,2.08442136213712,2.09974287714556,2.11482896567518,2.14005573385672,2.14913754349607,2.17440965412914,2.18953377714221,2.2049087920307,2.21439489443375,2.22981180563696,2.24541349985577,2.26115593158863,2.2769349053579,2.28654480074853,2.30248579598254,2.31226657241089,2.32191981703246,2.33181239788317,2.34782437989294,2.35763845716854,2.36766771138358,2.37753600357071,2.38767188428485,2.39769628307891,2.40762911096888,2.41781424244623,2.42791938119539,2.44428537514331,2.45446075419825,2.46461537789484,2.48483354724734,2.49501844811256,2.50523825446289,2.51546773912886,2.52594392366226
"2496",0.44048088989749,0.475900470147644,0.501168222049866,0.536537406095215,0.565652261348012,0.60096705848841,0.626301068278873,0.661664840909714,0.696977304138737,0.722443169393683,0.758030501114319,0.793544790339877,0.82919939746101,0.854919330722987,0.890685920463135,0.920330952101868,0.956219667255177,0.982140464803934,1.01801147594162,1.05405499690518,1.09011941274979,1.11614389152026,1.15230108025515,1.18843737405673,1.22471037398178,1.24483041991028,1.28110726636476,1.31749318817259,1.35387679909751,1.37032740652872,1.3967859554255,1.42325230539414,1.44978894883896,1.46633489666811,1.49288727917993,1.51950346275399,1.54008795787284
"2497",3.33486687640492,3.30582650170243,3.2827135813725,3.26359332602146,3.23429329766016,3.2050843296793,3.1819881225592,3.16280592296365,3.13350508706126,3.1105285564909,3.08161678913997,3.0625435637722,3.03363493021908,3.0109795621426,2.98223384190321,2.96345421453305,2.93486950575637,2.91238912766007,2.89364752378927,2.8651440450993,2.83662244229025,2.81416003769309,2.79579091912246,2.7672299901787,2.74896189420295,2.73669072180951,2.70815122471489,2.68990118555648,2.67153796801463,2.66559096745781,2.6534261707385,2.64122324655621,2.62907473783262,2.6130171366576,2.60085368892212,2.58866702548149,2.57678289328007
"2544",2.71212691896688,2.70912612202808,2.70617079938298,2.70323209971728,2.70028855576371,2.69733727450789,2.69445008403996,2.68153654918053,2.6786763951472,2.68584546902938,2.68913068587982,2.69634709238339,2.70365252609387,2.70094815505598,2.70830339211743,2.70571052468183,2.71315589664207,2.71681934362633,2.72436275403763,2.73815578000892,2.74199265035872,2.75580537887884,2.75969518361118,2.76751477142393,2.77152529139406,2.78556885486949,2.79968833606645,2.79769799716891,2.81187559113503,2.81609294730223,2.83033712399639,2.8345930686155,2.84276468607439,2.8570970471786,2.86141831845179,2.87580846500848,2.87412883456988
"2546",1.12853017757694,1.17394317236973,1.23523973096122,1.28055490270926,1.33179742181897,1.38703691877928,1.43839888225709,1.48369121904636,1.5288804535899,1.5904055427299,1.63598824157966,1.68756488388505,1.7331771037798,1.7950249585897,1.84078638942222,1.88653398772918,1.94856923295747,1.99447888414194,2.04643744863018,2.09247017297475,2.0846431652625,2.0706366422268,2.06293250199389,2.0490212318671,2.02530074009179,2.01766414739162,2.00387734442187,1.99639312152624,1.98274366817188,1.97532369141253,1.95175441332902,1.93818659085506,1.93083521460188,1.91733882114103,1.90385973566141,1.88043100511685,1.86716313091002
"2564",2.36111185151467,2.36031675419453,2.36576533092471,2.3750847194051,2.37446865971037,2.37381240827118,2.3893788144573,2.38265064327695,2.38217891624366,2.38554086749467,2.38492819816188,2.3844760799931,2.38795085311523,2.38748512418641,2.38095715304311,2.39065331192694,2.39031007611323,2.38398083368794,2.39386413159439,2.38767431634919,2.38769084906784,2.39157491426554,2.39159396605153,2.39180589180581,2.39582031341046,2.39608936840626,2.39040157099506,2.40074930318424,2.39505787288257,2.39549882709477,2.4160206055746,2.43043582103358,2.45106421277642,2.47559854255072,2.49624372361359,2.51700827352399,2.53159024002673
"2583",2.5603512121282,2.55955085586881,2.5427392325148,2.54204086906313,2.53526926580602,2.52846526772075,2.52174995266561,2.51499310690346,2.50447146096313,2.49780540176349,2.49106289219984,2.48445167618525,2.47790741392658,2.46131141394276,2.46091254251239,2.45446507838948,2.44800195984742,2.44166746065806,2.42539450887769,2.41919840703424,2.41920013650592,2.4130635876209,2.40695210175688,2.4009938918382,2.38501061799613,2.37911949255558,2.37951343460139,2.37370946148082,2.36798362399463,2.35226470620122,2.33660821212715,2.33098012944415,2.32156417835279,2.30604381065134,2.30049256925853,2.2850414922637,2.26959923428643
"2594",2.46753161424019,2.49067278914252,2.52363848029538,2.54671321551862,2.57962576463541,2.60262838245662,2.62563752560597,2.65868431321136,2.68164255727825,2.70478109113075,2.73808556942282,2.76127004002731,2.78461176446971,2.81805461572786,2.84154514950433,2.8750212232641,2.86866016801915,2.86230266102564,2.85585474575586,2.84961942143853,2.84338609091941,2.83709886917749,2.83099917688853,2.82478875850764,2.82880474992888,2.81660274836485,2.81047718240514,2.8045641895643,2.79859100378672,2.78658309398687,2.78067850748072,2.77475776800408,2.76889634013746,2.76685923840512,2.76099757479592,2.75514971863711,2.74953006911614
"2599",2.6793588080839,2.70865209904413,2.73148676874388,2.75449812724541,2.777225760371,2.80011541786909,2.82296325217804,2.84589522099413,2.87475106280936,2.89777734344287,2.9211094171977,2.94417640498648,2.96745272478704,2.99091834696595,3.02055079754765,3.04398379933901,3.06768077139912,3.09131038063302,3.11476342765301,3.138505933456,3.13834673855151,3.13197567698789,3.12588247674062,3.11953165817582,3.1135470847597,3.10738380580359,3.11332732636073,3.11349578287218,3.12353406598015,3.12373399182392,3.12384880523152,3.12392901988761,3.12406984137091,3.12415728035507,3.12430422191882,3.13058474524735,3.13104234680444
"2601",1.778752937716,1.76813695470385,1.76289475758333,1.77187735364779,1.78640930231189,1.79515823691421,1.80987792281058,1.82867107314256,1.83699676395251,1.85202113001784,1.86154938131599,1.87660758063379,1.90199829802068,1.9177787971844,1.93969985504685,1.95529953209276,1.97138710051939,1.98724993328861,2.01888235359408,2.03484106683012,2.05069118082431,2.06640793717738,2.08872764016749,2.10435510632469,2.13063810864487,2.15268487062181,2.16820802575825,2.1843945134119,2.20030289798547,2.22262527704074,2.24861796495933,2.26453244259405,2.28050592611209,2.3025107379959,2.31849134026583,2.34436854572864,2.360799214178
"2638",2.46940005964731,2.46856493820783,2.47786668587253,2.47715316071862,2.4765096683399,2.48582352234006,2.48524174838508,2.49461287554901,2.4941231180702,2.50359125141595,2.50295047997696,2.51248214108225,2.52207004078814,2.54158333456686,2.55116910953113,2.56085383046851,2.57049357401505,2.5902864685288,2.60017371028118,2.61011448720003,2.62013607080936,2.63403157048511,2.64405442311657,2.65428964739713,2.66444948167176,2.67860616305832,2.68909612005093,2.69946911254558,2.70995547565748,2.7242883665962,2.73485224370968,2.74546055935785,2.75613822122188,2.77688067647098,2.78143134244527,2.79225938095845,2.8030441217824
"2675",3.05747871424402,3.07273648659762,3.08203703959288,3.0974322702439,3.10679706980251,3.12223124120692,3.12165827741766,3.13103207706837,3.14669110957634,3.15616388644541,3.16550496778548,3.18117464157992,3.19076341504904,3.20639314638217,3.20596866498748,3.21565409535084,3.23140641297411,3.24119728412824,3.25110215761132,3.26717753563957,3.27721120874285,3.29339306042859,3.29341663529741,3.30369033579605,3.31999058717908,3.33031451888085,3.34086938839931,3.35740713122246,3.36794214115061,3.36459362057776,3.34521204960957,3.33588362745847,3.33277261525133,3.32359448385179,3.31436715723473,3.30143806322084,3.29227324420751
"2693",2.03549609868014,2.05079824714038,2.06990797506772,2.08520822510726,2.11042664822846,2.08957510612892,2.08489288203841,2.08022612862351,2.0694328555062,2.06487104166753,2.05424708856864,2.0497478656755,2.0453720536694,2.03490030250509,2.02062017959676,2.01024252643199,1.99994498882091,1.98971616087152,1.97947909596328,1.96939077851648,1.96547299801689,1.95540096822115,1.94543463039966,1.92550536415354,1.91567135226551,1.91199036244808,1.90224125246506,1.8925548568269,1.8828933465278,1.87328739836024,1.86985265404665,1.86029377143691,1.84080047247635,1.83133253267047,1.8218623553848,1.81246746608177,1.80932026748146
"2727",1.30213673792028,1.32132052852363,1.34424185717797,1.36338090843158,1.37626094939707,1.40534194404366,1.41832366547497,1.43746322687665,1.46041530372792,1.47965470476959,1.49290552929144,1.52220321976502,1.53552094794067,1.55505416453247,1.57851360097578,1.59810365584055,1.6117060449674,1.64146547213916,1.65503372123777,1.67493017326442,1.69871072118516,1.71858439499206,1.73249094286954,1.76247078332293,1.77650573165364,1.79662705206618,1.82059958912862,1.84087808527556,1.85498776673347,1.88533303972158,1.82952410369599,1.78985794046659,1.74410747100274,1.69450219663569,1.64876718538738,1.59306801911647,1.54139310697291
"2731",1.72311484782434,1.7122709643195,1.71139522915134,1.7366928841205,1.75581939023848,1.77497718082119,1.80031793776416,1.81953875373015,1.83878452105895,1.86423465042583,1.87359014994067,1.89297677478081,1.91247380915967,1.931986976657,1.95156581772499,1.971189160453,1.99087327203725,2.01064229587709,2.03042277491543,2.05033737280421,2.07029865122882,2.09024434919369,2.11027908946957,2.13038168096875,2.15055322487506,2.17076157428982,2.19105992921303,2.21139405427186,2.23176836557206,2.25218949604807,2.27264967777455,2.29313322970192,2.31368255206006,2.33426568390516,2.35484179080104,2.37550225689625,2.39623393192574
"2733",0.19958850704897,0.221078987000089,0.235974562210321,0.257226650251971,0.278107167270016,0.29921567620147,0.320262484259305,0.341438435111899,0.362349126006076,0.383641458041283,0.405329256982264,0.426678806657745,0.448274631280245,0.463978127190146,0.48584882148024,0.507627960633353,0.529717888287601,0.571716962611354,0.603519913175383,0.635644781226571,0.677731979545906,0.709743511861824,0.74205952640199,0.784101838875397,0.810405672212326,0.842659918974022,0.884752179589387,0.911087562005467,0.937294371220146,0.967531410251663,0.993828609658031,1.03009827873529,1.05643126798373,1.07657211757729,1.11292735709859,1.139269477283,1.16594383395577
"2736",1.94260566534208,1.96180620932714,1.97076844379192,1.98986945726563,2.00876493480718,2.02778181968468,2.04679729537122,2.04974843984335,2.0687012454043,2.08787810942215,2.10727007943011,2.12650419983381,2.13591650619415,2.14932929464492,2.1689237610033,2.18849018597996,2.20825169540097,2.22800379703914,2.23765275876598,2.25753795879346,2.27128959801222,2.29112147856588,2.31116491998106,2.32107681075577,2.34124733902102,2.36132325876238,2.37519671374602,2.39544813461393,2.40563569955414,2.405945349945,2.3962192200882,2.38648308370852,2.38680876843277,2.37096857568389,2.36131251784153,2.35167654256637,2.33996358395342
"2742",0.931836330337098,0.950932973129834,0.97023471511976,0.985613780312886,1.00499455804049,1.02430447107178,1.03374316242267,1.05311875472365,1.07268219667506,1.08215676243087,1.10146674467727,1.12714404841063,1.14672922173876,1.15620515636949,1.17576354617584,1.19544542317025,1.20504273536753,1.22482812608674,1.24475031774803,1.24469616598367,1.26087353008875,1.27094334976726,1.28096963355662,1.29128110488212,1.29145604641903,1.30181086037865,1.31242369348904,1.32285081354199,1.32957164655176,1.34011886434144,1.34464330675696,1.35536958350655,1.36001825509555,1.35475046955895,1.36557759151417,1.37040250966146,1.3812805129153
"2826",2.92982534435888,2.93891603652232,2.94193294219624,2.95109259518353,2.9441294215815,2.95328767946634,2.9564054736307,2.96563192569605,2.96880176686336,2.98812907733474,2.99131125241493,3.0007097814552,3.00407160772509,3.00742126455983,3.00471523515251,3.00820189158184,3.00559242292364,3.00922296955705,3.00676018461469,3.01054449335648,3.0082531852605,3.01208639756718,3.00985913922681,3.01386201728236,3.01177715605877,3.02587855734405,3.0239477745336,3.02817196497162,3.03244415477265,3.03061759568965,3.03497494089666,3.03321091969558,3.03765168729842,3.03597769536867,3.04044186993779,3.03883263801596,3.04344764502114
"2858",2.08879752258956,2.10407667819673,2.10901467086968,2.12413710044036,2.13286107968408,2.13787408239359,2.15286474506328,2.16795020307749,2.17672590609394,2.18192205845477,2.1974157301,2.21267778188988,2.2120203158215,2.2276751810892,2.24338071906446,2.25903176592236,2.25880270262464,2.27466388109571,2.2903871158009,2.29638833035752,2.3062433978387,2.32217400591252,2.33836082749027,2.32822480274541,2.33454676264001,2.34073702230725,2.33682756216544,2.33708479439354,2.33953468324199,2.35213626686129,2.36469299794383,2.3672432787572,2.37986133419892,2.39246914284736,2.39513189051652,2.40781742746539,2.42076528433799
"2866",2.47532375635628,2.49218884659733,2.49285360336415,2.50359097773056,2.51421927510935,2.52490070171693,2.53561573791773,2.53635054414391,2.54703858705484,2.55785811004053,2.57492660414604,2.57580627819799,2.58682864333522,2.59793262868062,2.6091016692241,2.62027198303863,2.62159264101636,2.63294375915689,2.64423124218589,2.66185627415125,2.67336268244264,2.67482810514721,2.68647770858062,2.69803821405627,2.70982238358076,2.71153129502381,2.72319227941156,2.73506612094874,2.73688174913296,2.73495417349126,2.73684939776554,2.73872877918089,2.73065722044084,2.7325618793298,2.72449470106916,2.74489539015732,2.76554253212964
"2955",1.83434466829654,1.82336361457665,1.80245458655667,1.79156196308482,1.78068689151757,1.76980355834349,1.7590176722436,1.77821351939047,1.79750392706495,1.80680472860684,1.82606361183141,1.8393167559426,1.85878499305207,1.87822632300877,1.89775073178731,1.90122192625331,1.92083667855815,1.94058494722064,1.95427237982784,1.97418942157432,1.9841787843276,2.00417781050486,2.01808942787137,2.03829227180554,2.05849578110075,2.07265704325061,2.08311598329253,2.10353656529126,2.12404467715757,2.13843697170236,2.15904534681785,2.16969734330511,2.18426727534407,2.20504746667223,2.22580871528039,2.24668369874599,2.26141249919349
"2967",3.00790115462602,3.00080025813128,2.99375689886303,2.992852768829,2.98583412415334,2.96881155396696,2.96187818911565,2.95492971575961,2.95418363084001,2.94733535828195,2.94046584180336,2.93369618715038,2.91701974367277,2.91646218524231,2.90985601908497,2.90331680536941,2.89681068606442,2.8904247825224,2.89022166404941,2.87400213046086,2.86784658447708,2.86169353606247,2.85560736192473,2.85577773135645,2.8498476732176,2.84398617021886,2.82825583362284,2.82252380897947,2.82299736864429,2.80737065570892,2.7918017450414,2.78626626459871,2.7707913775665,2.76536658655975,2.74992846703793,2.73843025649186,2.72313053291853
"2972",1.20546655059129,1.23062024143774,1.2496124496672,1.27478731011752,1.29989842412418,1.3189318197822,1.33415412258338,1.35939276146414,1.37852665751575,1.40387661492405,1.42314862821514,1.44858067655895,1.47413442081997,1.48358620670287,1.50924515046707,1.53494863422811,1.55459533804603,1.5804644948458,1.60635635996668,1.62626049453477,1.64234966372172,1.66230305552008,1.688485600458,1.71475109644965,1.76495633079713,1.82134208239533,1.87783955533205,1.92823492562584,1.98482295520757,2.0353239936588,2.0920194169599,2.14875175308533,2.19940454297281,2.2562575742133,2.31310922094652,2.36390673333845,2.42091587647885
"2985",2.82292766804009,2.81584506122828,2.82481733444658,2.8177423743696,2.82670311485268,2.82959297295659,2.82866185925229,2.83162682148869,2.8307133228631,2.83377972884823,2.83305330933314,2.83619692410277,2.82947052833048,2.83892512685629,2.832324043905,2.84188218585863,2.84541408909008,2.84514765076769,2.84874429093314,2.84864034711656,2.8524447455334,2.8523674138045,2.85628654059826,2.85022800212707,2.86043452381073,2.85450908613456,2.86477716009712,2.85900848797562,2.86939506819259,2.8737187226474,2.87420776921503,2.87857278496794,2.87914386748058,2.86359691974174,2.85420922798467,2.83873698038745,2.82338453714378
"2993",0.266712295164247,0.278080445579759,0.272812102343705,0.273921543373159,0.278504179766481,0.273335466148597,0.274222296942042,0.279134702860798,0.27987312219262,0.274903188862962,0.286507980327684,0.281608508492238,0.27697688671421,0.278751533427523,0.27444134233017,0.286153043571595,0.282091215168781,0.284053789764164,0.279670054778971,0.281775591489254,0.277704399137398,0.279691020168288,0.275891936381515,0.277905220773517,0.284244853756631,0.286501136759182,0.282425617821751,0.284937586469699,0.281159825212975,0.283728088882482,0.280062646030652,0.282514691166188,0.288883287440441,0.291360488443236,0.287772630202206,0.290316817816781,0.29323390014967
"3008",1.72730419774272,1.75244316465506,1.77364087842165,1.79879382255324,1.81387391632716,1.84512591166503,1.87032457319889,1.88554297946433,1.91690659125357,1.94223978674492,1.95762842004265,1.98917725772304,2.00472028221007,2.03029323820001,2.05207477086901,2.06777175469779,2.08354156488193,2.11553688181642,2.13143022665151,2.14133375368141,2.15742478922915,2.16738287952778,2.19356733721136,2.20370779185281,2.22005303334385,2.23031264445391,2.24682445338644,2.26723039764871,2.28383248609041,2.29434723419662,2.30491568604973,2.32166470787921,2.34233394559807,2.35920611600534,2.36992504170261,2.38689546920736,2.40776739881666
"3009",3.39251781825416,3.38937712599453,3.39197858174639,3.38865842000945,3.39114036318322,3.38768567817167,3.37419088265481,3.35692683330663,3.34330505704102,3.32001376419432,3.31320899422363,3.29998173935284,3.28311887908225,3.27035513522997,3.25377499399452,3.2471103430389,3.23076097044814,3.21820556288251,3.21159245877778,3.19530957388736,3.18899042848182,3.17260037626011,3.16040105382621,3.15403947712474,3.13811167082556,3.13197599851519,3.11564891019414,3.10361228100204,3.08756150812191,3.08170961298642,3.07575889884769,3.05977233982663,3.04769030130004,3.03170026011999,3.02578906191738,3.01983822770694,2.9981188203366
"3014",1.20619430857878,1.24129763377418,1.27036730520385,1.31556841046115,1.35079844016481,1.37989637028234,1.42522210232289,1.45440494626921,1.48982178669835,1.53524109755721,1.5644754531597,1.59998395613684,1.63944428641617,1.67499723871995,1.70450722677075,1.75023460995061,1.78595921332002,1.81570256766797,1.86166730491535,1.89158656341054,1.92771980965996,1.9677399705583,2.00392023065545,2.04030009500575,2.08051217939069,2.11698120513204,2.14751423848833,2.19410615423435,2.23081276938225,2.26139120181935,2.30820817780823,2.33893705701873,2.3758793452909,2.37675729897212,2.37375789105664,2.37089573028881,2.37184513796636
"3022",2.32811819030813,2.33097818089602,2.34394509813843,2.36303210808608,2.366039781657,2.3790232983973,2.38823627104186,2.38904968801676,2.38609063044193,2.38699225434533,2.38396759285525,2.38494689668442,2.38213675106269,2.38929945602375,2.38041900889138,2.38774401251203,2.37896089879304,2.38643934864648,2.37784769569866,2.38549556502902,2.37707746465506,2.38479516310306,2.3764457159878,2.38435108872068,2.37615879069241,2.38416459731254,2.38229339033992,2.38429108697193,2.38248356759265,2.38457952375849,2.38286532093529,2.38503334232548,2.38340070378974,2.38565973511212,2.39405649878513,2.38637911419922,2.39492496459532
"3023",3.28223402327115,3.25520481031899,3.2216753422864,3.18834479037102,3.16080908071667,3.12734118717146,3.09995465636166,3.06655452053005,3.02904142391955,2.99573948055987,2.96893114683914,2.93569390623023,2.90882390433148,2.8760576811275,2.84947519833776,2.8166748873942,2.79032680076169,2.7477689241319,2.7211487911205,2.68873233748439,2.66240875633578,2.62987965878257,2.60381495917414,2.57130963242499,2.54538367369471,2.50310577526662,2.47676116743632,2.44472196513894,2.41866167267068,2.38666412898352,2.36070326993684,2.32855883448519,2.30260956473901,2.27045365878001,2.23837624700537,2.21240325964733,2.18067725873416
"3031",2.45175112805993,2.44079947233563,2.42350338124737,2.41246342965328,2.41122034442179,2.4001003574396,2.38899299404436,2.3779536399269,2.36680067993185,2.35587018189866,2.34515589846769,2.33430256562969,2.3236322318452,2.31309766499673,2.30262917536936,2.29213818877173,2.28184837416562,2.2715647985511,2.26119714384446,2.2449393290287,2.23482097540465,2.2346665982892,2.22472753814348,2.20854395518465,2.1926207953157,2.18274712033162,2.16669123174593,2.15087639016571,2.14114714213656,2.12540792221797,2.10964088088434,2.10001568981353,2.0843024210037,2.06858460136066,2.05905672176676,2.04340134891488,2.02797715559809
"3090",2.98311941295408,2.99824648408657,3.00706614909982,3.0221297288543,3.03090043239493,3.04590014900052,3.05480624136474,3.06377072854334,3.07877826578185,3.08785399391786,3.09323969893871,3.1023993173227,3.11785995441678,3.12730323055056,3.13681869722477,3.15245856909331,3.16214160964701,3.17798463987176,3.16764312551673,3.14752123280254,3.14355291099162,3.13342866187409,3.11962433275174,3.1034962580238,3.0775817784321,3.0616157174345,3.04564399981497,3.01986405164872,3.00405622681154,2.99450412717549,2.96880371187471,2.95310986858023,2.92747200669244,2.91184476433069,2.89624635086719,2.87068647735895,2.86147587929169
"3160",3.11458857036769,3.08360864613291,3.05223895985582,3.03719527393709,3.00571212723558,2.98054545184631,2.94922967541809,2.91803014333143,2.90273571539043,2.87165047426384,2.84704703370941,2.81604357662816,2.79140607621059,2.77086045214884,2.74037660464588,2.71595048753804,2.6856946104546,2.67151390121934,2.64104560345593,2.61089367485598,2.58685262150129,2.55662581407852,2.52283343511795,2.49267208946108,2.45903570727117,2.41909807286994,2.38902622114553,2.35546909407456,2.32566147233776,2.29217796513454,2.26248872074561,2.22278433915533,2.19313607051036,2.14731638701278,2.11156163090611,2.06579573461866,2.02035327577743
"3181",2.43218322476554,2.46723037262286,2.49223655592335,2.51731067037973,2.55232099437494,2.57737775803374,2.61251257390518,2.6376690238775,2.67285314521482,2.69812709150255,2.72732381304821,2.74656399855913,2.77592777896995,2.79532500917209,2.81480946866494,2.84433969442581,2.863953265679,2.89366625073046,2.91340838689423,2.9494343818032,2.96938619871393,2.9993426637887,3.01940484794161,3.04955051248221,3.06978485361325,3.1000617374317,3.12044985314291,3.14089026283527,3.17138226962142,3.19193989593212,3.22255003178062,3.24319786084631,3.27390770556373,3.29467499144346,3.32544450223309,3.34630832671252,3.37724360975967
"3194",1.74809753735662,1.78701564134995,1.82203437516817,1.86099263405809,1.89602145001279,1.93496516198883,1.98011418988387,2.01527945828031,2.05435926299537,2.08964090592067,2.12882963693514,2.16420898214494,2.20357706680101,2.24909830156644,2.27857826822934,2.32424249322855,2.35384505317428,2.39968851223304,2.42944574700371,2.47547476364263,2.49543583179866,2.53153986234504,2.55160173902682,2.57790862695759,2.59814502179112,2.62844250785503,2.65501200991513,2.67546784593037,2.70599095227441,2.72656916567143,2.74721132174837,2.78404205943816,2.80479170473897,2.8256072826755,2.85641861605695,2.87733450784767,2.90445229383625
"3230",0.613266609689048,0.676011432654052,0.745023845071956,0.814025305043563,0.883097374368258,0.946010767183451,1.01517509566985,1.07430910483271,1.12359125276474,1.16670722563429,1.21585563258596,1.2652023014819,1.31461912290756,1.35397830467511,1.39956935190526,1.43913487770513,1.47867719719718,1.51839733366633,1.54824188709742,1.584289398721,1.61430288606624,1.64048555983367,1.67054390015362,1.69084982140094,1.72722733536049,1.74762123031567,1.78439402434287,1.81491513145144,1.8417159093812,1.8723824940895,1.90930910171249,1.94630674009207,1.97722569807489,2.01439711682042,2.04538718362622,2.08268195169978,2.11375601723106
"3236",3.09295201645035,3.07576989113051,3.06840296813173,3.05115968179623,3.0398576804002,3.02254330106677,3.0213813420407,2.99415844771867,2.96684397884687,2.94585699994645,2.93506405423309,2.90803903001411,2.88732103079451,2.8667287405178,2.84621466628326,2.8256899353257,2.81535584835071,2.78891905229585,2.76855312159965,2.74842199591847,2.72831100626095,2.70817861028543,2.69825079398291,2.67211548586568,2.65235613110198,2.64253480726434,2.62656538308522,2.61695150970977,2.61116609519362,2.6016488018988,2.5859812694589,2.5803221428192,2.5747174515709,2.56912684764295,2.56357169650229,2.54805296028648,2.54274149289267
"3238",1.89691043558406,1.92579933615739,1.94470134277488,1.97976701340958,1.98868616616262,1.99762738026111,2.02278387128706,2.03182513066864,2.04705078043564,2.05620535272198,2.0615024255349,2.0607575660813,2.06625365612046,2.0717593863305,2.07122792585729,2.07689041511975,2.10260584621897,2.11844611950084,2.13434943361485,2.15038083409597,2.16648478038238,2.17647433224246,2.18653765490359,2.2128769301753,2.22311971769878,2.2395796432479,2.26006415044798,2.27054263413578,2.26496373024065,2.26557081602863,2.27625346306708,2.27083963023958,2.27163202508994,2.26634878139675,2.24490106603603,2.22971017410809,2.22454802150535
"3262",2.21003748836594,2.25892686262811,2.30777377883985,2.33668877307325,2.36941209210825,2.40830217323354,2.43726735330725,2.47625711618373,2.5052611467589,2.5243639369487,2.54353521202832,2.56273667313389,2.58206964519208,2.60144857451976,2.6209173997719,2.62042632503983,2.63616362765833,2.63586534592968,2.63559109169252,2.65161133122317,2.6576880573197,2.6537724285869,2.64384002096637,2.63011770060253,2.62649820537994,2.62291844121122,2.61945287685508,2.60605005415859,2.58884300751851,2.57556780664971,2.55235122356208,2.5391792416591,2.53222010359963,2.4991839349171,2.47615357761153,2.44322815974163,2.42652149451036
"3275",2.03120864769046,2.06394941327088,2.09675746701553,2.12958741391493,2.1624214500799,2.1952543702866,2.22819044169878,2.26111968850829,2.28412945693151,2.31716484851866,2.34018552558516,2.37332010735181,2.3965549230795,2.429786661868,2.43311555512238,2.44264452270267,2.44608782874306,2.44966404796493,2.46943853192169,2.47320599887551,2.46317809780664,2.45316936989381,2.43710163854603,2.42730925399472,2.4175571873477,2.40174917013106,2.37223308512027,2.34271799995332,2.30714359957528,2.27775879963485,2.24844860466756,2.20918771982634,2.17998907129106,2.14086567503223,2.11173532877604,2.07271779242615,2.04373017858694
"3282",1.10012593291909,1.13907345436557,1.16767831822012,1.20259210214763,1.23109885119666,1.25978224824495,1.33457876303951,1.40336062247718,1.48808037714246,1.56310803529851,1.63232415354338,1.70744426381265,1.79278975864878,1.87833592850091,1.95395282461958,2.03951517418794,2.12535106771892,2.21115930930192,2.25684532353428,2.30282722127529,2.34880440991817,2.39474427921845,2.44095702415447,2.47699502651467,2.50337615708635,2.519631126374,2.5358065319735,2.56230334973259,2.58486595774641,2.60145527184472,2.62800987276895,2.65071323586019,2.67733331094395,2.69396023055001,2.72064747302613,2.73736013435486,2.79049412695475
"3294",3.01642975034809,3.00145019792184,2.97629525364838,2.96126474897542,2.93607045721226,2.9109829554547,2.89593855232313,2.88095706184491,2.86203789065026,2.84717879182589,2.82248789338233,2.8138592915538,2.78927107457066,2.78091828916095,2.76651865580714,2.75825625549589,2.74015395100568,2.72597468464704,2.71177216408846,2.71391019513589,2.69995404337758,2.68599207329971,2.68219833761417,2.66840171426479,2.67478599125313,2.68115720118018,2.68758176850116,2.68415285253121,2.68459675082062,2.69128396187429,2.71185575553147,2.72860081583767,2.73926179398509,2.74996634407853,2.77684443566825,2.78764475407552,2.80242350472566
"3319",2.27040016261264,2.27924158680121,2.30812433621169,2.35316065046165,2.39206974444917,2.42099033777817,2.46613750930935,2.49516434283864,2.55426754942318,2.6195370843058,2.67867190607521,2.74404926210792,2.80340167832358,2.86888267407645,2.91446246104854,2.9539847479696,3.00967792106822,3.04937987853405,3.09529116194808,3.15132222803711,3.15743310622062,3.1574372267182,3.16363780748875,3.17000770588702,3.17026200187636,3.17675019671857,3.14342385387144,3.11393214567204,3.08068034734278,3.04747032419471,3.00820879155512,2.98514957020315,2.94215684441635,2.90310607151967,2.86019260011225,2.82125623258363,2.77231634646744
"3415",1.59101529026648,1.60367483523993,1.61032890041459,1.63922462003257,1.65203723388492,1.66483206685837,1.67774850980035,1.72065032755703,1.75366408555246,1.78667504187471,1.82963823521201,1.86275916666404,1.9121008337788,2.01528959718621,2.11858548461635,2.23196692127527,2.3292418154924,2.43280387283415,2.54646136461151,2.68022813249993,2.81794724527613,2.95182790781849,3.08963411231091,3.23374933965255,3.36174717464634,3.38984116534913,3.42424808184511,3.45863573254671,3.48697555804167,3.52150144365885,3.55610961782261,3.53077044067967,3.51548869669276,3.49028797795397,3.46507675319996,3.43997927070606,3.41490329655558
"3425",1.61604334350365,1.62875435291627,1.63521134624245,1.64789255980485,1.66042547081869,1.68692707654955,1.71959768018495,1.74232428104433,1.77498794651187,1.80782569006173,1.83083042043167,1.88377026566882,1.94301085177167,1.99623396818109,2.05567751233998,2.11512285992218,2.16861621441902,2.25441886180426,2.3440595396219,2.42392496622307,2.50995541517502,2.58984768632581,2.66992991193805,2.72611634778688,2.78251864154074,2.82888926452145,2.8852956653268,2.94802422488119,3.00461626719586,3.021327905881,3.03420510546794,3.0509718315806,3.06780041580551,3.08082822001466,3.09774124220946,3.10088248411562,3.09802178261922
"3434",1.67596051492276,1.7086456698917,1.73128827729332,1.71400007141176,1.68663317273741,1.66931580954512,1.64819931697559,1.63098953339801,1.6037856704364,1.57281550003215,1.54192758250335,1.51106716845369,1.47421524855281,1.44355136959039,1.42298491421523,1.39858635630431,1.36816965062495,1.34784917335025,1.32368540238633,1.29356513306618,1.27963430480278,1.25571703136035,1.24192878685153,1.21821494149024,1.20461937716815,1.19106024294835,1.16761698355703,1.15039066803716,1.14322245259774,1.11999572531682,1.10297391500989,1.089859399621,1.07295619900023,1.04613368694811,1.0293255988449,1.00263042484492,0.97600185840776
"3504",2.35312981192217,2.37184508938871,2.3846261540187,2.40738612400041,2.42023069298954,2.43302893211247,2.45209639929989,2.45501024862966,2.46808613697446,2.48111072356244,2.50015822270029,2.49330245773454,2.50264660825084,2.50580158804173,2.49907308390558,2.50858606115818,2.51194954655857,2.50163662764922,2.48533502604055,2.47524022140775,2.46911889133824,2.45917857786149,2.44925342357988,2.42345531077022,2.40373614735377,2.37417268587202,2.3548634767682,2.32930978307162,2.31618023348508,2.28692873265753,2.25780104638387,2.23874890527077,2.20975929731511,2.1808852489748,2.16198455921343,2.12323780736722,2.09442974973212
"3513",3.96349600065059,3.95223585742595,3.93714910945481,3.91597769932052,3.89480416846008,3.8897618281314,3.86871370161027,3.85379485076159,3.83284002368169,3.81804459232433,3.80323665042149,3.78856376398603,3.76399654703266,3.74942460458935,3.73496214325237,3.71058028231031,3.69623504127669,3.68204473046186,3.66795406356875,3.65397964715207,3.64622706161179,3.63238227450834,3.6185936455815,3.615005817842,3.6014223395476,3.60409387181646,3.59084688356871,3.5875521225697,3.58437908325924,3.58738671580783,3.58436308125511,3.58141153776963,3.57467301603565,3.57189975422551,3.57911235036537,3.57647255626355,3.57380197195044
"3527",0.806165014153866,0.854844315156872,0.893814173499831,0.93272129694896,0.965675651767609,1.00465822661406,1.04382311669369,1.07680379904156,1.11615228274671,1.1392447393782,1.17213504756322,1.19535120121408,1.22247094731888,1.25560407162636,1.27886234114514,1.31226795020775,1.35171920236667,1.37528141088127,1.40904274944005,1.44282971270906,1.47674540226647,1.50686049587691,1.54693270179734,1.58122883676195,1.62151370791881,1.66201787627178,1.69285156511387,1.72348269793104,1.75430956078669,1.78511896745258,1.81608866347005,1.84715064270437,1.8482768282069,1.84954367367474,1.85076373827752,1.85832319928586,1.85959087397106
"3550",0.850887822472421,0.87184695687919,0.876726528709727,0.901648470264144,0.910437118755786,0.925365223333419,0.94040761685023,0.955462932417176,0.970599247744376,0.999651294805198,1.0348330566698,1.07013724303184,1.09942236044468,1.14484342586747,1.18037454428405,1.20984976630712,1.24550570021948,1.28517910552862,1.3210724307792,1.35096184891752,1.39706785197333,1.42707747294058,1.46329214353166,1.49968410804626,1.5299706395436,1.56649398422992,1.60707502318465,1.6437764832009,1.67444406583913,1.72130310196557,1.75826047703522,1.78913999831176,1.83622766193546,1.877268962552,1.93445269839661,1.98561807833687,2.0329371636885
"3566",2.84102554405536,2.87975947239836,2.91233903249763,2.95110653230288,2.98980104633801,3.0285473068433,3.05738190946186,3.08012471805863,3.09900871535488,3.13412441840775,3.16318729535797,3.19229430653931,3.19767043132275,3.2069698289287,3.22250453131299,3.23195318379296,3.23763914902323,3.25343400000962,3.24927256136911,3.24528101624506,3.24135589272736,3.24358750431214,3.23980632229516,3.23612760162328,3.22868560006927,3.2051634057179,3.19178278929639,3.18459816217427,3.1774880356361,3.1704574814915,3.15736123821152,3.14046820340528,3.13364229648294,3.11076082847301,3.10403858074914,3.08744016587933,3.07473251628294
"3672",2.99305569730705,3.04166994490065,3.10053762493576,3.1493600919567,3.19832099051324,3.24108775169626,3.28015213895256,3.31304758560063,3.36228528053826,3.39529618937635,3.43814193136009,3.47741483148056,3.50060872542956,3.53370933755325,3.56307002617031,3.59643755966447,3.62587737395129,3.64941917137521,3.6731492214624,3.69692544846974,3.72082671872598,3.74479532711312,3.76874442635926,3.79302317956052,3.80719306452304,3.82156026039128,3.83623223205493,3.86074246944454,3.87542924171069,3.89011742745639,3.89495155715437,3.90601708321201,3.90099723970278,3.91225960961118,3.91733627389574,3.92258112276845,3.94387976010366
"3722",2.48403117985093,2.50275449179896,2.51114033828933,2.53584040390158,2.54413010949648,2.55260307205174,2.57720732190219,2.59193547446908,2.59035554942043,2.60521481519827,2.6042746522458,2.60925564828242,2.62447309648589,2.62990506004818,2.63542922605298,2.63090202238557,2.63666685236086,2.63242073635581,2.63807276551223,2.64016729028532,2.63613730747121,2.62209074678248,2.61833010154912,2.62055025000809,2.60699284308567,2.60331954816995,2.58345428128069,2.57005724209067,2.55659891515975,2.54332370029421,2.5300282642075,2.51060512119901,2.4912347438283,2.46188954680207,2.44261003661356,2.42335944428049,2.40437659253591
"3731",2.93477026081711,2.97340511090455,3.02207134336553,3.08078355544467,3.12947108712885,3.18818352838398,3.23701092765527,3.29585775142281,3.33477190549033,3.38374231328212,3.42886307919517,3.47796708750686,3.5171916194171,3.56643825956931,3.60193295039188,3.64136557488324,3.67087025435543,3.71664969716784,3.74638415155947,3.78626248404012,3.79622429394029,3.8023587734137,3.81245210280297,3.82270499757339,3.83301658007353,3.84955136562943,3.83013372927167,3.81072851430383,3.79141923234787,3.77217665155039,3.75916851271954,3.74008367318868,3.70105743407822,3.67213255849344,3.63320823878742,3.60440957618626,3.56563409729103
"3769",2.07431443151377,2.08905862595514,2.11378342523068,2.13857729391611,2.17719295619139,2.22197695574656,2.250743245451,2.29566813680192,2.33450603615615,2.37956091771044,2.40854720193031,2.43373770907141,2.46293457511518,2.49217760248952,2.52153730654277,2.55095065274472,2.5604653454051,2.57010650450542,2.57980978344171,2.59968018928552,2.60962468932566,2.61960260457274,2.61970010479605,2.61991443655497,2.61409600303476,2.61446989884065,2.61499139263225,2.61557533867648,2.61623157602859,2.60083185625493,2.59164673544144,2.58637405884213,2.57730224979038,2.56832066978027,2.56319984478608,2.55433810991041,2.54938774612753
"3801",0.400052198799851,0.41477630061196,0.433380170668218,0.448163894009472,0.466779929765887,0.47543649030984,0.490324816879091,0.509121645666012,0.54409209612019,0.563015663055269,0.591988291239666,0.627177718029619,0.646370257832964,0.681733525334756,0.721085347958939,0.766626762946426,0.816130262358138,0.86189894637544,0.901611016077048,0.947614185685281,1.00369775371931,1.05368828354737,1.109920111147,1.15629398997955,1.20661517096718,1.26314740474197,1.31985386203195,1.37659701790087,1.44343181350181,1.50034427547603,1.55734751448869,1.62441968414611,1.67155354138111,1.72879448151797,1.77604344965597,1.83342237992706,1.88083152499231
"3803",1.16267501491958,1.19910634350703,1.24139198750663,1.27772381869069,1.33380616833626,1.38003879053846,1.43241728751036,1.48877529747387,1.53497670212971,1.59757817549464,1.61434441847835,1.64706718121769,1.68001322599089,1.7131587705071,1.74640321090387,1.78573481591056,1.80147877149467,1.80109405121437,1.81675172969927,1.82271376358056,1.83255633986296,1.8446536734144,1.83703050720021,1.82541117439441,1.81800018657376,1.80049010164061,1.79295261292246,1.78186482616686,1.76073850961283,1.72979110782239,1.70884524737818,1.67793380579103,1.66323451068173,1.63244551424441,1.61172448271175,1.60722276050288,1.58679101022261
"3810",2.81749791712078,2.81002469949979,2.80848516703626,2.79708008314635,2.7854923853573,2.78402386438944,2.77261068815576,2.76127936439067,2.75986680417764,2.74866243466529,2.73766500480746,2.74272081828604,2.73796928952074,2.72722667437287,2.73272119913712,2.74208250097719,2.75778178633235,2.76740527855941,2.79313542165822,2.80911339958847,2.81899884565708,2.84502594593241,2.86513214548941,2.89134418030091,2.91780009972281,2.93808540953261,2.95454917820561,2.95508433146731,2.96176119175392,2.96243809526768,2.96313886582697,2.97002166067879,2.97081517463829,2.95166791486255,2.92256276598926,2.89352600159125,2.87466197856115
"3812",0.597270663447611,0.642134417924956,0.686357336150123,0.720902484210085,0.754935564290271,0.78928694284281,0.833565193271768,0.868053587646322,0.902154696650462,0.932908659979125,0.968117989431562,0.992863339437047,1.02794027756593,1.06952232963743,1.08505007533969,1.11655975622114,1.14854515685913,1.164266169809,1.19586768260249,1.22178800370495,1.22991803010333,1.24185865630839,1.24424760286145,1.25623089929075,1.26881879258067,1.27112546930424,1.27319160777912,1.28199068893474,1.28446734839569,1.28722446234174,1.28987644277632,1.28251261561445,1.27520397451875,1.27787589166202,1.27682542026484,1.2695938996303,1.26281535545907
"3827",3.31256765675685,3.29502367104528,3.28756874362331,3.28013615994786,3.27271463533726,3.255293694769,3.29800315228432,3.34684353252961,3.38965775662988,3.43249341008381,3.46531495936499,3.50828711438148,3.57136796513649,3.63445391454016,3.69766514844914,3.76095543920162,3.82430407092188,3.88781324729326,3.9314229721498,3.98130002871825,4.01513540308067,4.0590160997432,4.10298140353721,4.14712125965245,4.15131139698046,4.14945898709216,4.16392835477352,4.16840760377165,4.1729833750996,4.1714855445793,4.14621821189721,4.11486882324059,4.08971673912895,4.05851358314068,4.0334595758916,4.00236848510702,3.95131061497166
"3839",2.18921775280177,2.19557218481195,2.20580304765632,2.22221028852873,2.232432308768,2.24881497017864,2.25917093122635,2.27568233646251,2.29608156928087,2.31657636030544,2.33328657724956,2.3539086657769,2.37467548675754,2.39164695027341,2.42873557655713,2.47198875654666,2.49925387411107,2.53662108987901,2.58014624235125,2.60774088554834,2.66152541834086,2.71146572672663,2.75543714175553,2.80559058474268,2.85978131393305,2.91011878259774,2.94055267884319,2.98726311687425,3.02787339122276,3.06859826012416,3.10551746379738,3.14634402139186,3.17337351451225,3.20048589950624,3.22762968493487,3.25487088200729,3.28222690345886
"3854",1.54988578045178,1.55464004005099,1.55914124110946,1.56380785942216,1.56212425794599,1.56671165398442,1.57521636611176,1.57994764434275,1.57843010174126,1.59329501636942,1.59229301804508,1.597291277773,1.60637216201033,1.62175789162742,1.63724792376666,1.64658424873432,1.6522988422063,1.66191222563519,1.6876013866878,1.71356909949242,1.72956394952125,1.74942760771407,1.77567211042125,1.79183605170876,1.83829764253469,1.87468932226816,1.91108579247783,1.94774867406049,1.98438930945598,2.03119285264159,2.09414942436723,2.15099783360328,2.21790319963394,2.28101338162553,2.34803220790789,2.40511266850818,2.45855508837352
"3862",1.19607146005955,1.21471268185314,1.21694749300341,1.23547761001922,1.24374589330148,1.25605884150764,1.28451787965898,1.31309096080913,1.34763483554652,1.3763381477871,1.41147013738916,1.44643478914032,1.49549619744938,1.55701672722749,1.61250833003641,1.65796288163331,1.71369076125248,1.77556056122503,1.84122698027514,1.89718942390972,1.96317110166395,2.02528257516558,2.09152882020409,2.15766496397945,2.20026235590026,2.24663652263628,2.29299418840695,2.32964726484377,2.37626377548025,2.42305399208562,2.43984341406914,2.45666193615004,2.47353676953133,2.49045953503279,2.50744537574625,2.52448301880515,2.53175232836129
"3866",3.49192780000235,3.50439192084181,3.51070469297572,3.51708884483162,3.53338834451483,3.53974126793212,3.55618497263645,3.56266954183656,3.57915364273364,3.59575263366402,3.59632814564228,3.60692655015119,3.61767715602661,3.62464475701888,3.63559907706117,3.6165791671313,3.60158962333454,3.57669071627296,3.56792985468373,3.54325482452598,3.52862670834598,3.48014259367958,3.41958473008987,3.35901227403387,3.30480139119478,3.24441556308837,3.19404802797722,3.12003150325445,3.0459947518031,2.97824380702351,2.91435244132132,2.84662298878226,2.77278721789958,2.71513117883247,2.66367105301707,2.60224958090216,2.55105138466463
"3869",2.08188941111579,2.10047622508127,2.11899808250455,2.13760737697683,2.15999874817935,2.18857881346902,2.20725038719941,2.23597343822015,2.25856822618255,2.28741752948005,2.30637884598139,2.33536614292969,2.35451019241285,2.37760576674167,2.40694925126809,2.42019520150916,2.42971720183,2.44321089415074,2.46286595515782,2.47659138809879,2.49037724847652,2.49418781658023,2.49816092374597,2.50832036808063,2.51251531180265,2.52285952991054,2.53716548489439,2.53774428311003,2.54836218583268,2.5529540486305,2.56373778795508,2.57457118891473,2.58545970785404,2.59642697559878,2.60127148844132,2.61235596853322,2.61356157487367
"3945",2.58626693732136,2.60865894135519,2.61115845960263,2.61367481132204,2.6162137914044,2.61874775595153,2.62142197106375,2.62410092816101,2.61688909217497,2.60968975132665,2.60246668287885,2.59541220790823,2.58846461048744,2.5815177144161,2.56470291018261,2.54797310436041,2.53742727186026,2.52092315809192,2.50453412427823,2.49440838636246,2.4843800762583,2.46440738664107,2.44837904180875,2.42868435918359,2.41902609149648,2.39947961147277,2.38628876217914,2.37694798371862,2.35772581623824,2.35470883507581,2.33566116400969,2.32283666731322,2.31392605743078,2.31128666466527,2.308648738054,2.29000354884915,2.28750631712103
"3950",4.51428135059594,4.57286199168087,4.63122431347698,4.68361917294529,4.75191992369972,4.7703586949791,4.79884728384449,4.82130776371187,4.83978389791166,4.8684986701023,4.89745877579742,4.87631171237603,4.85537218582413,4.84459974218156,4.82393792046249,4.8132587254157,4.7989521916264,4.76855488741129,4.73424606105887,4.70408008330936,4.67007808857677,4.64608493404357,4.62233466013352,4.57852216511323,4.54499728151011,4.51754970536842,4.48398944372618,4.45068198114811,4.41736337671086,4.38034741859739,4.33335326025147,4.29025707775288,4.25336490498598,4.21039220180515,4.1736255503857,4.13077918982389,4.09427857139768
"3971",2.00290911638461,1.99533232136035,2.00378579458727,1.99621863310115,2.00465325064845,1.99704745572644,1.99565082716176,1.98819063771586,1.99683612053931,1.98950085665269,1.98843069836824,1.98123702704769,1.98034029894277,1.97954399636157,1.97273776406006,1.97208634247463,1.97160150392398,1.97121080852971,1.960842995726,1.96069232420605,1.96060053903297,1.95053642477168,1.95064969763878,1.95080473162161,1.94728366373377,1.94763587806542,1.94422317665295,1.94482281825848,1.94160111015544,1.94850446916931,1.95546343206488,1.95247873107844,1.95340470644634,1.95056491482863,1.95776020814131,1.96505439759529,1.96246712112265
"3984",0.254388491789284,0.27675599434451,0.305369679584059,0.327875242086228,0.346540050279805,0.36907142549954,0.391751715552013,0.420556264214363,0.443364705557722,0.472296890744948,0.485054970913438,0.514137851803911,0.537190532603344,0.566359560052754,0.595664355812547,0.618935337857664,0.648370999333894,0.667994834590979,0.691624416925487,0.721501806928956,0.751485538195176,0.781532594330309,0.811638490613856,0.83584585839128,0.85619331603469,0.886674767387312,0.917400501291498,0.948081935064707,0.978899113336791,1.00976949971574,1.03076232404464,1.06183893510571,1.09297325435384,1.12423783707326,1.14549470611899,1.17690273826299,1.20828365876945
"3987",1.94672454176447,1.9869386273044,2.02303745404694,2.05317138304429,2.07307024651054,2.10310860037008,2.12317989218815,2.15335018362977,2.18337271076803,2.19365525439085,2.21035432496903,2.22076616996996,2.23139973595329,2.2422363047836,2.25931179121862,2.26021281055242,2.26754004769114,2.25874082315937,2.26597776327249,2.26740175581718,2.27496432766526,2.27251396958927,2.27037070918268,2.2619144695314,2.25998890289437,2.25791939826559,2.25576126202511,2.24398746092753,2.23212285756995,2.2304675407586,2.22491079983994,2.21321595222269,2.20156245492782,2.19607000755538,2.19066124226861,2.18525703621444,2.18018329951268
"4009",2.45956515475258,2.4958310236463,2.54210170445134,2.58843019154068,2.63082110069659,2.67713192696769,2.72355098633534,2.7600042808805,2.80648586854579,2.84305667642517,2.88970294336649,2.92641532456043,2.97940259094237,3.01632616578207,3.05337697940062,3.09660221244477,3.13383056571755,3.1773089423213,3.2047063491898,3.23842875978554,3.28222013241464,3.30991309620265,3.34389390364274,3.37795089976222,3.41830047703279,3.45254319871253,3.4869032251826,3.5213833006768,3.54591215939845,3.5866966926545,3.62139880111013,3.65229944471498,3.68710682800843,3.72814905807374,3.75306864087074,3.79423538221229,3.81935730289516
"4026",2.22693893263583,2.27540288774358,2.31399214975185,2.36259420499562,2.41123539907728,2.453744932121,2.49252809874126,2.54131508942811,2.58410586116251,2.63302148291046,2.66576477566091,2.71483386316201,2.75400473999242,2.79703227030095,2.83632827088439,2.87959051585996,2.92901965814041,2.95250802756181,2.98226414505003,3.01600798138005,3.04599001890466,3.07603689418984,3.11001219030598,3.13035483754613,3.13457319774257,3.1550584913595,3.16964846560259,3.18033749525489,3.19501945598942,3.20589846903924,3.21689844692887,3.21183679275447,3.22297592923018,3.22809538769215,3.23935781343243,3.24076889802848,3.24216159181887
"4106",2.92501528622315,2.93350444299962,2.94182984090984,2.95028680079886,2.95857050803443,2.96697097662217,2.96544364800489,2.97400283535281,2.98249457025692,2.98731652728156,2.99621078516681,3.00505559268958,3.00409339640117,3.01327190706128,3.00257269617509,3.00187687290765,3.0013939093543,3.00098159947751,3.00669503835873,2.99652995588718,2.98641306168958,2.98631960191399,2.97644350849695,2.96655680447146,2.95691914518819,2.94111656234252,2.92150498926002,2.9121105533537,2.89272495768872,2.8773493602901,2.85814661736129,2.83284386662974,2.81373647078509,2.79855251282954,2.77341395588743,2.74834278729017,2.72344965981748
"4109",0.822916399011947,0.897558248301701,0.961872984412299,1.02026895213137,1.0944936169709,1.15890784270107,1.22335117981086,1.30405296492189,1.37846148139599,1.44318095032834,1.5182297306496,1.59922840652235,1.664339535637,1.72966867703364,1.81124030642731,1.87663902530404,1.95233479208555,2.02417245575727,2.08980675225444,2.15575561965297,2.22172520582752,2.28383249904156,2.35009455128515,2.41623740658499,2.48273417477803,2.53299688699107,2.58937334216293,2.64993657669203,2.70659627503143,2.7573065707146,2.81415526122854,2.85874573334369,2.90952963239383,2.94421274885879,2.99511426840512,3.03990282289917,3.08110241325607
"4197",2.59699956844211,2.59928154855759,2.59547532154128,2.59172039837208,2.59404223682523,2.59027749239334,2.58275879778642,2.56915163971596,2.56171849091677,2.54823439281161,2.54093796048505,2.52761015160748,2.50055332825621,2.47742410839578,2.46056346761527,2.43375799824014,2.41707548752858,2.40053298824888,2.36406615351695,2.33778490381137,2.30158473260378,2.28156699075555,2.24555777879673,2.22580150495364,2.18004269485338,2.15047371189682,2.11492456040486,2.07560383189384,2.0402180986445,2.00108143096037,1.95588240967439,1.92689436963889,1.88181225361317,1.83683461373978,1.79187773922037,1.75318392734753,1.70841564504764
"4200",2.68290485906388,2.69516358364928,2.70366537512394,2.7121825071069,2.71461599399046,2.72316222757718,2.72574454338244,2.71833374298218,2.72717636295376,2.71989441114995,2.72870539532901,2.7215873795613,2.71457499851002,2.72368879004481,2.71681822584168,2.71004328540179,2.70944680319478,2.70291316005667,2.70265168313404,2.69638707599591,2.69023123711438,2.69027850516746,2.68426469077144,2.68461766623072,2.68886025131965,2.68936763721547,2.68398281237839,2.68471018688252,2.68943148737597,2.69035957192947,2.68526775630815,2.68640596493057,2.69759977505141,2.70278140251652,2.70411099062814,2.7094365087811,2.72090235258492
"4201",3.30458157700754,3.30085123541201,3.30279905362863,3.31498987729625,3.31680033194366,3.31884688594855,3.32088398732375,3.30921169208822,3.30114797778162,3.28961244739078,3.27239584740125,3.26100606079353,3.25990335198663,3.22296926120387,3.20227258297036,3.17148183446201,3.15108927942361,3.13064318578676,3.10004058526669,3.06983167897837,3.03960797752204,3.00936348318965,2.97950448096888,2.94936962945059,2.90360798122618,2.87377559251223,2.83379643499585,2.80431254689738,2.76855996993825,2.7292034602875,2.69978164050729,2.66036363985028,2.61484391935483,2.57933138847038,2.54007572541434,2.50465507479118,2.45962680095744
"4206",2.04654384762345,2.08726216659239,2.12149778492462,2.16206913797915,2.21232703468067,2.23667215488664,2.27716417251349,2.31780467537393,2.35825812920037,2.39292010935075,2.43406847022954,2.46501643214534,2.50621897496336,2.54765724481314,2.57921033205109,2.62071370821314,2.6625321064662,2.70048643936751,2.73223316300492,2.77430718630399,2.806401979822,2.83850516763944,2.87090685810627,2.90318481744136,2.93582999602919,2.96837569088909,3.00090651715594,3.03377106254769,3.06659968828777,3.09962587973879,3.12265796962343,3.15573118218001,3.18886146557984,3.20590936976495,3.23918178087234,3.27251512976276,3.28993479359005
"4210",0.846835124752631,0.843070233238852,0.845115337172391,0.841231484106332,0.843179857544393,0.849186452797929,0.851341951700265,0.857502606179586,0.859605427922744,0.855891793251901,0.862521907406922,0.865082718941354,0.871761260937544,0.878677930752076,0.881840535185969,0.888814561181715,0.896122404198636,0.909552608983424,0.916746773519457,0.930418724099125,0.937963633533574,0.951632956848886,0.959504621212063,0.97330941255068,0.991414725132171,1.01163272124801,1.02562244529648,1.05003119730048,1.07048729878415,1.09503178291274,1.10953465866,1.13634050895223,1.16704980749553,1.18778894964807,1.22477380468164,1.24562230622428,1.26680513150815
"4286",2.91124498903701,2.91958965802525,2.92188680462508,2.93422205051523,2.93654649973274,2.94501123225708,2.94749787004486,2.95001094995381,2.95260848736961,2.94912263143053,2.94178598883061,2.94459393195206,2.94753067352079,2.94050144940865,2.94361804003253,2.94067713251151,2.93396212858662,2.93741241175394,2.9309690838496,2.9346907492745,2.92850688151829,2.92625120850641,2.93024561254928,2.92440418582909,2.92865815032343,2.93299418586961,2.93751973699692,2.94823651453279,2.94291101567783,2.94768157538105,2.95869112836736,2.96363357614075,2.97477304313827,2.97988596302574,2.99116489983275,3.01257207771667,3.02402730272209
"4289",2.61567387541565,2.60179034630728,2.6040623334964,2.59026633928195,2.58255361904114,2.56875143375121,2.55507822253912,2.54143908279391,2.52785265961222,2.50433740905425,2.49087860760952,2.46752462559719,2.45431193445439,2.42502808689052,2.40201775777264,2.38906238039228,2.36623620348454,2.34355170735239,2.31094193444974,2.28852382057555,2.26005337322817,2.23776378407221,2.20562762672203,2.18359285517295,2.15171175646116,2.1298689042361,2.09816065426606,2.07657097311069,2.04503821222559,2.0197684084135,1.97842308159988,1.94713632727086,1.90589365752133,1.88089520704455,1.83977666836144,1.80490453257463,1.7539913611871
"4309",1.07445333057666,1.10279115294118,1.13117816005239,1.1657322077188,1.18414876188132,1.21259333711172,1.2373042564056,1.26592629348308,1.29075901580119,1.31951943190212,1.34443191591392,1.37949491793776,1.39855848602313,1.42378279734487,1.44915408910349,1.47847438675185,1.49400835865488,1.51971808940532,1.54555290639847,1.57154119282524,1.59150207478969,1.61766680285441,1.63392742142614,1.65039979326507,1.6769272529616,1.69357276494071,1.72045800453973,1.73120420658609,1.74822049397312,1.76531626304657,1.78253739051941,1.79985228937049,1.81722564749226,1.83474571040625,1.85227307621004,1.85995814728763,1.87147624931571
"4334",3.50663912251792,3.52496560883978,3.5272175456859,3.54563792953975,3.55791053831392,3.57633524687923,3.5749001030496,3.58350261883764,3.58605113862479,3.59479015446092,3.60356829632231,3.60247965891405,3.60152760743718,3.59061814755604,3.58985569943392,3.57916436804643,3.5785733750792,3.568147743249,3.5539629658524,3.53381460096768,3.51989627440767,3.49991317820768,3.48617650780649,3.4564893336762,3.43302002498235,3.40964935666797,3.38649647302251,3.35337545823631,3.32423095115936,3.30131749354662,3.26851898757298,3.23581005978671,3.20315880136292,3.18064811353622,3.14815166711011,3.11580398306991,3.08346905203805
"4336",2.34173339173583,2.32393856982246,2.31231915786466,2.30074485922487,2.28915596443895,2.27147046871901,2.26005087022917,2.24866421149771,2.23736314422312,2.22611419474044,2.21488821896586,2.1976824353565,2.19673647719779,2.1958239857941,2.18505979096895,2.18437249396076,2.1737749643133,2.18335038084729,2.18917586775426,2.18902973503229,2.18898518530404,2.1990101220995,2.19913973625491,2.20946447544931,2.2159955509082,2.22649724481361,2.23722122596959,2.2479649660386,2.25496849971828,2.27591857713187,2.2869836510733,2.3042812137886,2.31548903604163,2.33683404565944,2.35434046041311,2.3658417479682,2.39350771147276
"4360",2.77643958745422,2.80472597182653,2.82705616784625,2.85550716899207,2.8840170675673,2.91250906653978,2.92117729707504,2.91985057466211,2.91255323782537,2.92136278762712,2.92011027049133,2.91909795439925,2.89818498289148,2.87112079543753,2.84034375502951,2.81354690383686,2.78290967509009,2.76248959513615,2.71611053033722,2.66597621132061,2.61983291806422,2.57377396330015,2.52390151442738,2.47817392720648,2.42857411581748,2.36299696481651,2.30770020984161,2.24234227209952,2.18714022586912,2.12199578143054,2.06699044041864,2.00208059675813,1.93722178921878,1.87251269600031,1.81779607608749,1.75323840994104,1.69864120008554
"4374",0.804955266229404,0.829402259340501,0.869906116716603,0.894388968134574,0.918775499879909,0.949362228373977,0.973946777680763,0.998598018886952,1.02326713746604,1.04806419149668,1.07297119893207,1.09794415778771,1.11308116961303,1.1283027608901,1.15366781820571,1.16908063924886,1.18463842035078,1.20033296852552,1.20610524024773,1.21594627618711,1.2220037601802,1.22812079142483,1.23438900357771,1.25078495515301,1.24732074490598,1.24778247236051,1.25455397892875,1.26141821527814,1.25837091889583,1.26543798311218,1.26645660999878,1.26369838976051,1.2709963779903,1.26842259783981,1.26972442907112,1.26730683014298,1.26495005528284
"4492",4.82927097895422,4.82914147007774,4.82528189844792,4.82142802143699,4.80149574497078,4.79766780286831,4.79400854128589,4.77423463945895,4.75071217280553,4.73106100550878,4.70751161609351,4.67803643798857,4.65480417560505,4.63158319168304,4.59239181497976,4.55942140550357,4.52039559203308,4.48769353951618,4.45512858566536,4.41658352287365,4.38427672109952,4.33591172460473,4.29378411118983,4.24572119625179,4.21386919390141,4.16598083762688,4.13443929673579,4.08679474030497,4.04925435248478,4.01180942456551,3.9706070800873,3.93333767468236,3.90225580123812,3.87514865539571,3.84420440184341,3.80722599144289,3.78645269936408
"4494",3.48616131740933,3.44681053956308,3.41063905079766,3.37094544935344,3.33456623591673,3.30466738526496,3.25858327744073,3.21887403845512,3.16874252826664,3.12306395607758,3.07417133599431,3.03478629825061,2.98964083284008,2.94105487217814,2.90257391225186,2.86392935745974,2.81969611603544,2.78145845261773,2.74297109698781,2.70885389361962,2.66468578449413,2.63661272017504,2.60291222185893,2.56877384282396,2.53532148678245,2.5076934470373,2.47753514752738,2.44419104590911,2.41450355098308,2.39128721332758,2.35181381756353,2.32847248167723,2.30902779900937,2.27957118168149,2.25026311454211,2.22090202130968,2.19205994451794
"4596",2.3261745249092,2.32820780925517,2.3265928129553,2.32495568863284,2.31730786025482,2.31573380410623,2.31436628290936,2.30686638398288,2.30569700511157,2.29833454189417,2.29698596235402,2.28981736676881,2.28886161983853,2.28785684944877,2.28089450672984,2.28019762740298,2.27336740054816,2.27292319221812,2.26656632983665,2.26643081026902,2.26643943820547,2.26042305370039,2.26056227666274,2.24491923422123,2.24535291174446,2.24599097521525,2.24083690930777,2.23170174702008,2.22662510814639,2.21773248822093,2.21287108084718,2.2042698655403,2.19957549928465,2.19121095329374,2.17668048570349,2.16849195733077,2.15405172396148
"4611",2.51059065697072,2.47884404321545,2.44296270290344,2.41725891057018,2.37519375930261,2.34941418150226,2.32370476952187,2.28812476906887,2.26242690542661,2.22087074189938,2.19572946482137,2.17048585005375,2.13547573973378,2.11066522928348,2.08599585358267,2.05130843988899,2.01690068998483,1.98868101487428,1.96431416320924,1.93024971148848,1.9023648184191,1.86838654249675,1.82467664964751,1.79706077744423,1.76976307761129,1.72628130288693,1.69899167485063,1.66198046477649,1.62497910598454,1.59816665338318,1.55525415637505,1.51854878518244,1.48189840328632,1.44535342579287,1.41887906709964,1.38249635950918,1.34630073467173
"4624",2.43440640870137,2.43036262896589,2.41631449776304,2.41233824969071,2.40216647077498,2.39816971397054,2.3843006786017,2.38049039556737,2.37670014795017,2.36302200804628,2.35945345167433,2.3459571233112,2.34875754418689,2.33552445228014,2.33244721710175,2.32554204202348,2.31880847252485,2.3122094887522,2.30567965050832,2.30937326818316,2.30314779337098,2.29698306577336,2.29100172839191,2.29124458035651,2.2855449837114,2.28601194879975,2.28662387075673,2.28124720851043,2.28821443380234,2.28918479094632,2.29023424734878,2.29750545154507,2.30868219256957,2.30998152853642,2.32747382632459,2.33508395923676,2.34280160419753
"4629",1.7661308638517,1.79047979418638,1.79851273700626,1.80670043128205,1.83080121154079,1.83892518668783,1.86325513965659,1.87157625244724,1.88593632472871,1.90440512112561,1.91924897289968,1.92790316208767,1.95290552884377,1.96808367878679,1.97727671752759,1.99259693269722,2.00817047734384,2.01769142801892,2.03334735594043,2.04928750515237,2.06528420168204,2.07519293894892,2.09148275065052,2.10776539858045,2.12433553922709,2.13474016159395,2.14135560482504,2.15822016970429,2.17510528460459,2.18602703463712,2.19313838205768,2.21031507710168,2.22754306262055,2.23487692512522,2.25227438815627,2.25976314669258,2.27742693215008
"4648",3.01413163568766,3.0423263150109,3.07432618791033,3.06643008344203,3.06453042610694,3.06660065271124,3.05878416062189,3.05717248288825,3.04942119926315,3.01182536021835,2.98051513610173,2.9492358226354,2.91201126003203,2.88103955845094,2.85022109373923,2.80330103620482,2.76270765540324,2.71836337901506,2.67794309626714,2.62776313047739,2.58765915434889,2.54761422748297,2.5039018168612,2.46412834367679,2.43070181069844,2.39116179331316,2.34789418727654,2.30865663890589,2.28561852233807,2.25273115258063,2.21377862657434,2.18104683179689,2.14836766088599,2.11581447758916,2.07715688726273,2.04476471876736,1.99633160233466
"4658",1.83462201304506,1.83671655609289,1.83251962568226,1.82458289078399,1.82645055586732,1.81844983167146,1.82053374479781,1.81272545770456,1.81483108876954,1.80716334194185,1.80586768841946,1.79838374135873,1.7872467703074,1.78015690105736,1.77934430956665,1.77852623885863,1.76183789365914,1.76135435827318,1.76700078054024,1.7568064194864,1.75666531283816,1.73656662116898,1.7267255510816,1.70686074289885,1.70343477827306,1.68383198558568,1.68042769454705,1.65115236441915,1.62802686910737,1.60508845746713,1.57604930611191,1.56321515552167,1.54043167535407,1.50775075160813,1.47898629366782,1.4564569315204,1.42411966379469
"4729",0.699855000348825,0.718001333739849,0.726102763319709,0.744297963872589,0.752396631878374,0.770573245807622,0.788880329678525,0.807262000475649,0.825659338230134,0.844188720514712,0.85671351457602,0.885437233252143,0.914335604140746,0.9433366506136,0.972497830291913,0.995572296016514,1.02495043097201,1.06446913683427,1.1040672632582,1.13775764614088,1.17766606708011,1.21764370287556,1.26166821433646,1.31193374770204,1.362383857634,1.4067406731999,1.45739251891832,1.50204615044216,1.55291216208925,1.59777881170352,1.64887230037976,1.69390142229123,1.74512254317998,1.7903234210628,1.82556214397083,1.87706661639732,1.91251991949286
"4730",3.51286732130649,3.47880646742152,3.4606979750265,3.42661145001398,3.39845270708407,3.36430114082745,3.33023595292513,3.29627640273393,3.26222931248232,3.22840549993987,3.19482727207449,3.15505706677828,3.10550357604992,3.05613631420899,3.00691914764767,2.96768785621188,2.91873855660329,2.86372269168174,2.80868152342473,2.74395060959853,2.68925798266486,2.63459342891243,2.57409332670931,2.50348814791909,2.44326186061779,2.37292603735438,2.31255488715573,2.25255213745339,2.18248454994722,2.1226411525762,2.06277341493823,2.00292417525789,1.94309852107641,1.88330984954076,1.81975599897677,1.76005082513324,1.7068331018584
"4738",0.662968520176763,0.664983049651015,0.683115317275073,0.691322893519346,0.71946725514531,0.741548019559038,0.769893066469802,0.798300776645279,0.826754595979196,0.855309922813068,0.897823697153532,0.946575440767874,0.995488225469251,1.04448052520792,1.09363642672142,1.15285116320097,1.21221129787306,1.2817323415856,1.35135751761056,1.41118532609459,1.47497828577431,1.54498007901345,1.58900337501925,1.64317501754801,1.70362672843959,1.74801173463383,1.80258459307104,1.8472563656057,1.87587864947852,1.91076763751817,1.93960952714323,1.97467652256086,2.00364106250316,2.03273395827178,2.04570294318319,2.05493588078734,2.07425041208113
"4745",1.09033327609071,1.11230252798516,1.14445511165325,1.16660720020606,1.1827036882426,1.20489788650797,1.22728418435565,1.23355677787223,1.24611319168718,1.26864965042301,1.27500265073508,1.28773797696956,1.30058114741406,1.30728730604601,1.32029936801791,1.32342193252887,1.33046548057659,1.34386667815331,1.34744917651973,1.34503300447071,1.3488763485463,1.35281890029213,1.35683725002272,1.35499698273239,1.35931581124157,1.35378478341159,1.33239920984717,1.31712366365903,1.31200316552654,1.29696399597669,1.28206780989143,1.25727596080324,1.23253153755696,1.20795194995468,1.17337714654311,1.1489633143652,1.12452661613316
"4763",0.355706068120701,0.397751869377696,0.439604358471645,0.471609652567448,0.519525315069284,0.56146299908785,0.609608416564202,0.651747164418649,0.709917950296933,0.752201100821207,0.800870526837654,0.849473973618208,0.908302020525439,0.96344740853895,1.02261327173574,1.07177187487711,1.13732946281769,1.19296289591859,1.24860010085156,1.30453259636766,1.36052196973917,1.42269396781275,1.48512553907011,1.54754991024437,1.61027365219567,1.67296903640191,1.73575085558188,1.79878745143072,1.86185253699681,1.93124420147017,1.98455427762192,2.04408522036552,2.09752693151308,2.1572403294435,2.21702425402834,2.27076513647508,2.31081885951282
"4765",2.91087073795317,2.91683218674187,2.92856995410371,2.94052034961516,2.9521529365267,2.95399056184756,2.95586872857332,2.95790427762362,2.95973954362656,2.97804827167357,2.97061534772391,2.97298041961618,2.97561696879607,2.97465435718392,2.98383204761429,2.99294919184814,2.9924338112835,2.99192465730753,2.99133170580959,2.99111026976408,2.99704016128132,2.99685861808768,2.98316361665064,2.97316741140966,2.96975510917198,2.96620604401148,2.96261278669782,2.95330185038879,2.93006786317325,2.91707990164035,2.89408359328988,2.88727520494046,2.86437021715822,2.85768783502174,2.83495874846873,2.81842761329565,2.79604704752057
"4785",2.5069998762511,2.51897194657102,2.52490796136893,2.5408839954224,2.54684470858124,2.55282752395996,2.56896955209051,2.56515156708676,2.56528645056954,2.56547356926647,2.56570469626813,2.57221341361854,2.56273644630705,2.56332008341696,2.55407295651415,2.5610228048712,2.55197780082784,2.5492336861985,2.55046755006443,2.54189907107839,2.54569089985388,2.54342696369577,2.54132003973909,2.54549080071288,2.54367914082741,2.54192911166824,2.55263433058432,2.54731340514188,2.55822145034978,2.55312154224,2.56426106776633,2.5593428929001,2.56676431358172,2.56818051252336,2.58578499110851,2.5873681943952,2.59518239146836
"4787",1.72951995367745,1.80155622882753,1.86726972900205,1.92925831165741,2.00102634905304,2.06682018860926,2.13881451237699,2.22093026979751,2.29680941281622,2.36906771041839,2.45160417040779,2.52792230598686,2.57060135584221,2.60348420556164,2.64651742354338,2.68340009939601,2.72670833426519,2.77007500948276,2.77341834380635,2.77094785543249,2.77465151020785,2.77839203200102,2.77629465615487,2.78025097802078,2.75457261436087,2.72267452870091,2.68078290227768,2.65536836367404,2.62378402566582,2.59241404751324,2.58719489179355,2.56587575917348,2.55459277763503,2.53338187591996,2.52225074948299,2.49500580107397,2.51418447894761
"4789",0.4214559370223,0.455791358956338,0.485749357292692,0.525988310426267,0.565811273880975,0.589788270185477,0.623773269214998,0.674084532440153,0.717992101279476,0.762338248228215,0.823304215931895,0.867840505216912,0.906557504320662,0.971735091113815,1.04704629329548,1.12226201750695,1.18178026914156,1.25739055242636,1.31673401486396,1.39649780387716,1.48239091115591,1.562156875213,1.64233399906509,1.7222493712336,1.79270466444222,1.87295877467294,1.94309032052038,2.0137434051188,2.0842813367429,2.1551015967266,2.22587308037169,2.25666662816457,2.28750098981798,2.31837750770072,2.34937533996183,2.3803758902895,2.4056152848121
"4792",1.87787492111099,1.91214795787938,1.93007542742205,1.95817240842001,1.97603758074403,2.00406139329076,2.02216440791279,2.05039535161799,2.06851463188403,2.09076711062326,2.11943144648946,2.13800516448186,2.16068272547973,2.18969471282796,2.20885701139229,2.22187040576453,2.24130586698258,2.26080271695017,2.27415141228188,2.30394526725697,2.30378590710931,2.29753452035527,2.29770335994079,2.30781181564595,2.30213431469376,2.30252203145428,2.28680272697285,2.27139956323301,2.25598037818887,2.24076860551952,2.22557722801145,2.21043622617396,2.18918830136426,2.16802010798897,2.1407735087652,2.10972643876614,2.08892722025897
"4802",0.615066211366185,0.673236503216798,0.731093889796616,0.789155141674306,0.853043622345424,0.911007916293736,0.975151543812645,1.03944893726908,1.08745657635958,1.14191044259373,1.1967131824334,1.25136239006693,1.3062708795663,1.36142050969376,1.38058573062331,1.4058417713293,1.43755797382385,1.46317947047897,1.48875641252849,1.51467448229419,1.53062944308565,1.5427532377087,1.55905755941385,1.5752666130627,1.59799502846921,1.61450046713586,1.64101999119413,1.66402701933186,1.69087437767267,1.71408267759197,1.74731558146521,1.76446343703261,1.80780701148899,1.84124954815831,1.88478084062632,1.91838700485426,1.96223356769672
"4804",2.32369738315188,2.33568854186136,2.34763524811047,2.36579354200476,2.37773312798697,2.39587173607983,2.40801921788598,2.42636694369441,2.44472748788668,2.46322472791786,2.46572379857016,2.48442019222301,2.50329474383555,2.52227707348802,2.54755311775002,2.55674225673491,2.58223882812708,2.60174831438262,2.62747239905534,2.65342316176345,2.67946483401521,2.70558225012417,2.73801066522463,2.77443283436043,2.801028496445,2.83381752073015,2.86065738677519,2.89375750127119,2.92695399762034,2.96028864140286,2.98758777507339,3.02112645939992,3.05472158500802,3.08847148191212,3.12226211949521,3.15619870252565,3.19019574882262
"4863",1.81461665073672,1.81428695042277,1.82028054894763,1.81014585158022,1.81008218743852,1.80386423922705,1.81396047210073,1.81406386808624,1.81819548600538,1.81842750218608,1.82861102734797,1.83904364131606,1.84345585138775,1.85400349708852,1.86473162634779,1.86943189545183,1.89033673507188,1.90146059259396,1.92275024852845,1.9503237958714,1.96188667415198,1.98354389567876,2.00143792508555,2.02956783274344,2.05163287817777,2.06995272916168,2.09852134742878,2.12711424048046,2.14583697659974,2.18080459476568,2.19975586986018,2.23494831290124,2.25403866544945,2.27328197555228,2.30869220191981,2.32424796017141,2.33367098984445
"4866",3.15176053013606,3.16978933444939,3.18798463518885,3.19619014034696,3.21445127736059,3.23270178476394,3.25114964183608,3.26961786627562,3.27824842569145,3.28686611953654,3.29543340113756,3.30426298945752,3.32320380481169,3.33213831122803,3.32125427708633,3.31435562645397,3.31363501428686,3.30315276925773,3.30286878766038,3.30271348116656,3.2826958011755,3.26278902211087,3.2429468615878,3.22341562944102,3.21002150223312,3.19066891359457,3.16163880434595,3.13254830530943,3.10364044082806,3.07480496217001,3.04613595269754,3.02373223345831,2.99523620787689,2.96692898477579,2.94477354399241,2.91665502545478,2.89846900240817
"4910",0.626387755556601,0.646187766484823,0.681636093978684,0.701231102391868,0.748765431711194,0.792689512484208,0.846628768074569,0.894645824455143,0.948510349026044,0.99281262451988,1.06599219081787,1.1388853546135,1.21209507875598,1.28562947799958,1.35930395406569,1.43289571704361,1.50690097071771,1.58702064110279,1.67704403161266,1.75133764574005,1.84178309454895,1.91612667546996,2.00084082690483,2.06925549047421,2.14813327956611,2.23301503945963,2.3017364155333,2.38702106232819,2.45998128740797,2.53318945590321,2.59640363329756,2.65967197343118,2.73299041876214,2.80254925179955,2.85991147616387,2.93348282616899,2.98734029674771
"4929",1.00342009215939,1.0313935649745,1.07351853726164,1.1117301507429,1.16007010003844,1.19835707251066,1.24074948558432,1.28925875104698,1.33187139271756,1.39052964082734,1.44292872034615,1.49180496785273,1.54463348150821,1.60353808953578,1.6265033578627,1.65574610691635,1.68885173966736,1.71223832994965,1.74200333728255,1.76572565306964,1.75960555855522,1.7597449734794,1.7537701130929,1.74818329016368,1.74866365582221,1.74323328698872,1.72431833474577,1.69913305493694,1.68416561507117,1.66538728397907,1.64065893802989,1.62220532506954,1.62380373668658,1.61946035065197,1.62125221570981,1.62325155449376,1.61513461256365
"4936",2.75876241228447,2.76845319224029,2.76809670002717,2.7778329552943,2.76745311913289,2.76327432664006,2.76534548278637,2.76137626300574,2.763524779104,2.75969666733393,2.75215404210632,2.74465826808394,2.7334823657566,2.72630454228915,2.72542503008278,2.7184475336756,2.69780599079363,2.68116603424731,2.65459256755298,2.64439999719176,2.6181581341981,2.60198649587707,2.57215849461343,2.54013891400902,2.50448262556085,2.46884302562093,2.43719864050743,2.40188225963636,2.36661904118947,2.3253800581026,2.29035328765224,2.2492567470057,2.20434557603816,2.16340722086074,2.12867044525112,2.08787731632793,2.04338463804831
"5016",1.12731439680294,1.16525866345867,1.21340681792078,1.25155251350374,1.29977872074468,1.33798116185734,1.37639754238839,1.42482897438271,1.46344883494286,1.50203302048047,1.54054066292778,1.57934792885113,1.60825894261624,1.63714930208811,1.67623090574651,1.70544171080173,1.73468328789374,1.76418534401375,1.77778117242414,1.80762419499522,1.82761656866193,1.85773269752494,1.87789826132019,1.89841380275781,1.9189059577866,1.92959762940681,1.94450500143997,1.96546257172793,1.98662227798331,1.99784932603387,2.00925862867163,2.02079751463952,2.03238700667223,2.05418028697333,2.06597039094229,2.06795913442365,2.07985890022206
"5039",0.925201215451506,0.937131379646806,0.948761566338052,0.950592533639727,0.962130853246541,0.967740289471758,0.9795325632377,0.985355726837978,0.991000455320873,1.01309653754708,1.01943238680523,1.03560041277745,1.03590585900725,1.0526080632635,1.06946605478478,1.07013883597633,1.08731592707172,1.09838261876639,1.09937378816796,1.10461305008259,1.1160036394906,1.11741847428178,1.12920816051652,1.11853468487401,1.12448558185937,1.11412980018558,1.093675738609,1.07984348644999,1.05976454966201,1.02767554913874,0.989384554679795,0.947238853940672,0.905104236182369,0.846835777057059,0.79482091854498,0.734299213185794,0.670353783462551
"5043",1.7198570291525,1.77400837395271,1.82178981529823,1.88587344061154,1.93358696046637,1.98147385854168,2.01556667001036,2.03980477750741,2.06779487772386,2.10219473629845,2.13690170141077,2.16538490556854,2.18024467154713,2.20532368926758,2.22056414398131,2.24578587430209,2.26131245342207,2.28690833206766,2.30250007769944,2.31841517026827,2.344385509704,2.36654497724409,2.3928617928088,2.40914409577393,2.43577165162867,2.46234758657004,2.4789880663343,2.51207311349196,2.53903080121511,2.56619864685381,2.59341389381225,2.62070158946064,2.66418390795035,2.69163967489236,2.7191750014641,2.75679977134372,2.78078334240838
"5061",1.94292005847836,1.98086896322408,2.00890108737148,2.05309908801655,2.09117228651675,2.11927393110668,2.15368031600384,2.19201389632062,2.22045498414047,2.25507215388508,2.2835844335095,2.32229610167659,2.35727982575049,2.37617512300319,2.40525600828291,2.44055904681199,2.46983376372417,2.50545205831235,2.53510919932149,2.55493571579562,2.59102107384882,2.61108312065813,2.64738874255872,2.66781771499052,2.71445027597927,2.74508665727581,2.78600760083711,2.82307708790284,2.86416485493211,2.90149722902771,2.95283948656083,3.00044365836533,3.05195278018972,3.09979653049414,3.15150863213057,3.19954810369519,3.25141306938182
"5062",2.83840955699115,2.85198372243503,2.88134575782024,2.89479852155247,2.90792326232678,2.93737156047258,2.96686384615059,2.99039489960057,3.01983153131926,3.04962473034659,3.07983410991087,3.0936929073582,3.12396697901928,3.15067250268099,3.17140027153804,3.20205145540745,3.22311841996925,3.2241771920511,3.225125742916,3.23261820243807,3.23398569459596,3.24150132482638,3.24329477764626,3.21097445519851,3.17692812450681,3.14881406854576,3.10443494127145,3.07672844273135,3.04275547338872,2.99521767089408,2.93533231557433,2.88159868003656,2.83173961864321,2.77805114583001,2.71833362816404,2.6747335095162,2.63542097701445
"5063",1.35496450497354,1.36863294547569,1.37543684629644,1.38873507677762,1.40139817936414,1.37832267964953,1.35516117284889,1.33227651371533,1.30886780471464,1.29611161064414,1.27414158218019,1.23768889758305,1.1955295858351,1.1500391820441,1.11467113887745,1.07294387522602,1.0380452562306,1.00519965467187,0.962003423214941,0.929434657476956,0.886772543254546,0.854052369266565,0.811996510612794,0.793821958180682,0.770446999230549,0.746613531412415,0.728507052043944,0.705200688784335,0.671586329327149,0.660697320059231,0.649632674695676,0.628546454489359,0.611355680496419,0.59028812542488,0.57943893918096,0.552343943698553,0.519781124723506
"5065",1.4190199383437,1.49085782774202,1.58274346740079,1.68080763529119,1.77271620704666,1.86466729015172,1.94678413312254,2.04508494371901,2.13733378920279,2.22578836934694,2.31817950343445,2.40072353011209,2.49955455087578,2.58232650925683,2.68141098318438,2.7644368155193,2.85373304930621,2.94708578496759,3.03670313532437,3.13652069272958,3.22031808083715,3.31034423248218,3.41051950157659,3.50088678973877,3.59138441197719,3.67584088449368,3.79280295225232,3.89370630038188,4.00473132198447,4.10588460385277,4.20716279432795,4.32469135881062,4.39612348042833,4.48387302412258,4.55550602665965,4.64344427950019,4.71526428772273
"5077",2.60346873483482,2.57916112980832,2.55499955850082,2.53085640917876,2.50674088134212,2.49874705849524,2.47482244999332,2.4609290415534,2.4310354115865,2.4072824928318,2.38739818221903,2.37386084113224,2.35432442319426,2.34095308442581,2.32163920348047,2.29241632944463,2.2733004046946,2.25439494793736,2.22564493832349,2.20707244936669,2.17861719864345,2.15412628170722,2.12590165599253,2.09788031652002,2.06997488064193,2.0260282963745,2.00457673873054,1.97706262179634,1.9496579077756,1.91238001110516,1.88135528368923,1.84427902473268,1.82338505641427,1.79264181333995,1.76192959708751,1.73134532109584,1.71082666893456
"5081",0.602867701802371,0.650800842198549,0.698841938530109,0.740802078142636,0.78888808622815,0.836993907351324,0.885287574008349,0.93362575068948,0.992084627855137,1.05057778007505,1.10295133370418,1.17166720947393,1.23052022133823,1.28327799749443,1.34235380933821,1.42152488464902,1.50079303815875,1.58027933478461,1.65993936005412,1.7336343577112,1.81358896060593,1.87365339563693,1.93382684755968,2.00039418765763,2.06089462766251,2.12153511921588,2.18246234761067,2.18953722290667,2.20063171045571,2.21797104609947,2.23546506637853,2.23693468492339,2.25460022142838,2.25245673351337,2.25033319981436,2.24838920422753,2.25257792629488
"5093",3.19573735535697,3.20144426873149,3.19719773439848,3.20912886277129,3.20489824021213,3.21070987084649,3.20668294605343,3.21271547087455,3.20880652295987,3.22498189489993,3.23123797194021,3.24762802695824,3.26418038677048,3.27081864206109,3.28763891533923,3.30838897726805,3.33543385349835,3.36264984241836,3.3899764509865,3.41752325690954,3.44516988612072,3.482902958308,3.52081558169008,3.56886351274787,3.60709466323609,3.6553782618893,3.69997764593385,3.74858108833625,3.79726584737382,3.85224426483375,3.90117409043438,3.94018936961388,3.99538966997255,4.04458334859082,4.08997120744555,4.13932189248811,4.17877767404221
