"","1","2","3","4","5","6","7","8","9","10","11","12","13","14","15","16","17","18","19","20","21","22","23","24","25","26","27","28","29","30","31","32","33","34","35","36","37"
"1",0.976213404330164,1.00243383850321,1.01935098086242,1.0318330606179,1.04933021562778,1.0622559636312,1.07301252408728,1.08136378493344,1.09086316644922,1.09999894218829,1.10764142412839,1.11586360968489,1.12328756101115,1.13032809373367,1.13532380915734,1.14111724501347,1.14527612006176,1.14986275133789,1.15267703304069,1.15601838955071,1.15744295894116,1.15960769021066,1.15996999346084,1.16071986281604,1.1609958573263,1.16152578477817,1.15961020320843,1.15981704289185,1.1569849319438,1.15778203569397,1.15676503090674,1.15484771998434,1.15253353354348,1.14854103250259,1.14443304382385,1.13917111261152,1.13091764086797
"2",2.67003898538753,2.66336653761434,2.65668833765949,2.65117444495535,2.64348944676367,2.63865778402128,2.63389662090217,2.62863891911583,2.6224657193967,2.61679689535892,2.61146539427465,2.60501969278026,2.59762594441319,2.59196762701319,2.58592344631305,2.57766192245492,2.56957607987508,2.56051749727001,2.5508450485698,2.54120377847459,2.53160975414654,2.52007297246685,2.50819437287365,2.49606149219833,2.48464662596853,2.4724935485877,2.45928848871861,2.4467267794702,2.43591083992435,2.42255260620851,2.40923103334391,2.39661608561076,2.38477188073171,2.37125951885884,2.35901832936977,2.34392788378938,2.33007523324839
"3",0.26169995640839,0.245602065672319,0.245333733598797,0.262223969086462,0.256807232617094,0.26998953673059,0.288811906179381,0.316102947073732,0.346070993593418,0.37795917760227,0.414913158855765,0.460629594378341,0.508397276356747,0.561485350819226,0.618643039463889,0.682591541102346,0.74821321486754,0.818177912390581,0.888507101383659,0.958854008171759,1.03185416432304,1.10501505334352,1.17931400424313,1.25320835271026,1.32281632022096,1.38699116916363,1.45142307890449,1.51089540482662,1.56888511706846,1.62577702000125,1.68115998433563,1.73311847669456,1.78474878611981,1.83587589004926,1.88765012268977,1.94282401355006,1.9980611364438
"4",0.0058324773950708,0.0102055742165295,0.0156774159519287,0.0223149518481937,0.0323494264399021,0.0426444066837586,0.0544994660081194,0.0675003979878265,0.0831263023448618,0.100531336695231,0.118460217267475,0.138807066758467,0.160658708644122,0.183062718699796,0.203970593620616,0.228743903460415,0.252814609008702,0.27814604608909,0.302637091278628,0.328384808816428,0.351263325877182,0.377355141775234,0.401597584490393,0.426614096275613,0.449188824745212,0.47205705249376,0.492300883378032,0.512989529688213,0.5283468377212,0.549815342171348,0.568950747718999,0.585283821450338,0.601085386553514,0.615339014014298,0.628826915001061,0.643282147943198,0.653255798115547
"5",3.19915288233427,3.19393563358209,3.18790157826824,3.18151439003196,3.17494515117841,3.16904316081866,3.16298071271588,3.15557429929234,3.1471260808134,3.13961807973566,3.13181383210578,3.12138646376806,3.10979005107778,3.09908007451342,3.08639938374343,3.07069582622898,3.05378727911855,3.03423604496121,3.01239540448295,2.98946164629651,2.963263413207,2.93366748807609,2.89985642704357,2.86246971649269,2.82321142995256,2.78141138944463,2.73247022257297,2.68179814738982,2.626948635349,2.56340102710336,2.49095212791485,2.41114759430549,2.31869084424412,2.20273475936284,2.05937642520381,1.84861489509668,1.5418411339613
"6",1.99115044112424,1.99512863046459,1.99800662447281,2.00224135905384,2.00462597131825,2.00947412746207,2.01453295556021,2.01962464298773,2.02459135052807,2.02989581747878,2.03569590538284,2.04202525390307,2.04789005316707,2.05592709058343,2.0640068057734,2.07162676509368,2.0802388791042,2.08891262965097,2.09799219369204,2.10789343846243,2.1187626623784,2.12892679350012,2.14032579887131,2.15286702427637,2.1654438898195,2.17729977744243,2.18939306322152,2.20105367930152,2.21469503951149,2.2266669982437,2.23934921498924,2.25201368882755,2.26635976698389,2.28017271739162,2.29618631505702,2.31288766143926,2.33195218195864
"7",0.270768525255916,0.308182234232118,0.337525069802165,0.361956973333281,0.395402402464183,0.421154537978671,0.445289387033147,0.467042698162233,0.491020904915164,0.515045142903382,0.536943413298512,0.559842195572888,0.582541553392321,0.604086261500481,0.622106386382412,0.64274659482786,0.661219818525614,0.679822307918084,0.696380306785402,0.713660260271918,0.726960867127701,0.742438115058515,0.755167093468955,0.768294119710629,0.779074509320857,0.790389993648476,0.798155767004614,0.807049843564111,0.810859691275482,0.819829181229511,0.826224427886538,0.83020759891965,0.833610413168107,0.834526773544677,0.834538037352792,0.833174493266167,0.827108103719195
"8",3.48808042555993,3.47559071397729,3.4695453781524,3.46884477568517,3.46132298140339,3.45967118017911,3.46011220517828,3.46186551106563,3.46305435266445,3.46629797751185,3.47090971707938,3.47479146860595,3.47877374035623,3.48578879970421,3.4923657048763,3.49933731221719,3.50720538572581,3.51500954103745,3.52300478789933,3.5323039880555,3.54138370876822,3.55189832782111,3.56252770317524,3.57333786800273,3.58406435855007,3.59387360722877,3.60375025617429,3.61111285777503,3.61939278913817,3.62702620147111,3.6358620832526,3.64311227582649,3.65278232575608,3.66141254755803,3.67161100014712,3.68353118784213,3.69749078763432
"9",2.63005968552767,2.60633654703637,2.58926169739069,2.5791786355853,2.55821655319483,2.54730190671656,2.53781991419222,2.53028823099836,2.52177118519157,2.51388421556256,2.50814353865226,2.50348119548207,2.49845089505255,2.49716690524686,2.49859553592663,2.49965654610951,2.50298175120766,2.50840899113876,2.51546518931741,2.52397121685104,2.53729424402651,2.55026646832608,2.56681686320676,2.58516947958381,2.60563948903464,2.62450565477528,2.64632316048185,2.66712919164637,2.69185070485368,2.71394776854162,2.73786849954967,2.76206383084856,2.7882112495637,2.81511341107598,2.84459758806674,2.87714656027462,2.913208419417
"10",0.097722218988944,0.228931389085354,0.357560574921986,0.472047891191696,0.612771855607337,0.719270845707871,0.820357650822223,0.912428581153201,1.00187407963066,1.08667987950068,1.16320143035805,1.23599038542911,1.30545172769154,1.37158214078951,1.42867219763737,1.48556359616207,1.54030575131035,1.5892404474473,1.63631039341789,1.68230902282091,1.72153300957672,1.75972850390646,1.79574850519426,1.83156616455552,1.86117096634259,1.88986538660418,1.91461929513826,1.93575463517959,1.95552489963995,1.97331363373782,1.98993340055281,2.00351753034672,2.01847060958047,2.02957468966627,2.04127694097212,2.04972678328796,2.05737173575693
"11",2.6154233290716,2.61733072521204,2.61823317976286,2.61961856144192,2.62065801126603,2.62301631390862,2.62577147514802,2.62812151138208,2.62982659144377,2.63230143915865,2.63508168870128,2.63690513096933,2.63815181466014,2.64142407479126,2.64386373342253,2.64469868856312,2.64622334405613,2.64637968880485,2.64645639920573,2.64694097133216,2.64684641095488,2.64539899624194,2.64393372947367,2.64266022461104,2.64102990934801,2.63889004895191,2.63566500126289,2.6317338836564,2.62966727157121,2.62468929951198,2.62012241766685,2.61542762223871,2.61233140194003,2.60720857284775,2.60367047282511,2.59762303811872,2.59331902677578
"12",2.59097734602737,2.57978892687352,2.57020735525551,2.56327489254356,2.55189278357791,2.5452766514032,2.53898333479533,2.53277806328007,2.52565184923691,2.51896353932733,2.51304239843684,2.50664713193732,2.49940303344668,2.49434837053149,2.48978195356384,2.48348265200019,2.47787887531398,2.47227442283165,2.46668395006738,2.46157325551241,2.45809217079623,2.45325280028979,2.44945832307496,2.44632455056546,2.44477757716785,2.44252903272659,2.44097639995567,2.44013031748029,2.44218861803056,2.44230547649373,2.44358276111881,2.446053754753,2.45023072955837,2.45452205286869,2.46138958582134,2.4690344920016,2.47997459755485
"13",3.49938424300251,3.47383547539763,3.45692501524512,3.44736577241488,3.42655559143875,3.41514325870959,3.40578194880714,3.39836197617766,3.39001843525511,3.38341937588885,3.37887744870423,3.37421828902015,3.36950701693792,3.36842780110519,3.36876345255043,3.36933527942313,3.37146181373778,3.37502164866379,3.37948693104815,3.38554630101816,3.39422634708878,3.40403868649531,3.41567256490655,3.42815985796844,3.44217288931556,3.45486416292687,3.46937232226482,3.48190751950023,3.49669337401654,3.51031740763881,3.5256402769399,3.54006552837825,3.5567469272103,3.57336055908122,3.59180766536157,3.61319380684882,3.63702068877461
"14",1.34412407724683,1.35043003366217,1.35271627751535,1.35475087075455,1.35538980118995,1.35730589121978,1.35787262966049,1.35742853463591,1.35744966588909,1.35710590611001,1.35648136712098,1.35697553837026,1.35661880119889,1.35704407134647,1.35745346703896,1.35837724813293,1.35868406526048,1.36079077076573,1.36209827464324,1.36430186376188,1.36777752190503,1.37187199841787,1.3763735588721,1.38213760412366,1.3894144836037,1.39645828314142,1.40381658948496,1.41348059988552,1.42285692574259,1.43494008492453,1.44684024401079,1.4591666629462,1.47204433724192,1.48554767676434,1.50070182213613,1.51833361778366,1.53632973290454
"15",2.52476598530317,2.53570208257091,2.541750255749,2.54532220911498,2.55242006884698,2.55746590646116,2.56212437042617,2.56525639783242,2.56778933389285,2.57089653992277,2.5735344697206,2.57448295864067,2.57459969854455,2.57591601829328,2.57530158865609,2.57239665786443,2.56935841025199,2.56385654662654,2.55734847304042,2.55062094319709,2.54133573822771,2.52979299123735,2.51629802527989,2.50175142930042,2.48562824772959,2.46888124998439,2.44820994362193,2.42686350475396,2.40491150628743,2.37898755834303,2.35076188137661,2.32071644819806,2.28942310950624,2.25129997108639,2.21017365582526,2.15594621906325,2.09395964200886
"16",2.03947672039127,2.0442524376659,2.04802628281002,2.05316682064116,2.05663749501481,2.06243745391322,2.06857731309843,2.07480265786594,2.0808720762433,2.08734831314386,2.09433819146354,2.10177852874606,2.10879223785691,2.11805560587241,2.12726485628478,2.13596818493171,2.14575828449078,2.15540159687913,2.16551414353394,2.17642913777794,2.18814683884728,2.19909263482352,2.21125560813264,2.224510378915,2.23758776559437,2.24990918778353,2.26237900595176,2.27413352096912,2.28794868638124,2.29979452794711,2.31238773801824,2.32485441059086,2.33908748572635,2.35263444442079,2.36837754386957,2.38461906286778,2.40330278639349
"17",6.06269427562167,6.09637057117969,6.12525822016453,6.14830680355282,6.16698713549272,6.17052670744497,6.16767432410505,6.15652857133041,6.15282062548881,6.15554235373287,6.15088395357662,6.14223453482998,6.13357015556238,6.11528902090867,6.08305480205386,6.07028212485973,6.03874010410036,6.01794300606881,5.98206597611633,5.95134803144476,5.90574199236583,5.88702004422498,5.84990971109594,5.8084433820226,5.77207841372206,5.73928087806082,5.70082611424008,5.66795579075967,5.61229610708673,5.5916739363995,5.56680867708624,5.53390580364263,5.50066855039314,5.46795353438969,5.43065183080601,5.40532662789106,5.36761144129162
"18",2.46596451044525,2.45549814790976,2.44536865149554,2.43700589767877,2.42492793719748,2.41693081281493,2.40870610083413,2.40005043345922,2.39041013256503,2.38087325401325,2.37173417261416,2.36189425929882,2.350865702366,2.34144583607194,2.33227181192693,2.32087993101529,2.30949159924476,2.29798639684728,2.28578420122001,2.27359172660088,2.26267834185384,2.24988156999886,2.23730320444448,2.22480724019776,2.21422895950858,2.20286027486844,2.19154483612705,2.182096115118,2.17476009675769,2.16620376415141,2.15814386647155,2.15175489718543,2.14623463724572,2.14081655733132,2.1375113379595,2.13430947835467,2.13351223376458
"19",2.24554031245284,2.24169468052965,2.23762259353422,2.2352320877003,2.22999325039522,2.22819454540556,2.22646657279216,2.22462737536524,2.2222556620699,2.22017492085486,2.21864470641356,2.21710467689208,2.21483674452727,2.21461458670728,2.21465776217773,2.2134843361336,2.21302348832925,2.21264212576194,2.21235259662029,2.21267924016536,2.21429965317318,2.21484541413742,2.21642502333454,2.21890230242238,2.22236067640676,2.22522086044845,2.22846530542042,2.23222566707646,2.23826377909519,2.24280194593258,2.24816831357444,2.25424625916613,2.26189587434396,2.26935457178102,2.27914075117656,2.28955147266754,2.30256800323561
"20",3.03228229654748,3.01180148845796,2.99641118305322,2.98594025600858,2.96755687131263,2.95648298312986,2.94644419307012,2.93729468128779,2.92697888866722,2.91753479390345,2.90946703337072,2.90091772913493,2.89170462506743,2.88533562149797,2.88013036079408,2.87357208578799,2.86818844682886,2.8634404622984,2.85921909159841,2.85589984661953,2.85531372388729,2.85405403805194,2.85470560509742,2.85634900075171,2.86021948134234,2.86318404833038,2.86805166048544,2.87285822344099,2.88145042769054,2.88781505029924,2.89613363878965,2.90547693576957,2.91710670684839,2.92940071969135,2.94459358319403,2.96203010932202,2.98355457263603
"21",3.29410066163777,3.26375505904565,3.23900213169133,3.21919937703301,3.18889304507492,3.16690627697665,3.14496225093723,3.12309383700282,3.09910402623639,3.0751356714064,3.05188413267686,3.02688561949366,2.99982280491384,2.97423154754544,2.94986535004874,2.92206450999083,2.89342134889624,2.86549678346211,2.83605925077459,2.80577983516878,2.7795435863131,2.7505676267961,2.72249234611515,2.69378164659954,2.67092746970717,2.64610656749749,2.62473385477742,2.60757787654207,2.59597570428402,2.58347478793234,2.57379736069867,2.56950134791991,2.56676943749937,2.56898706182757,2.57586847103036,2.58915500710135,2.60948921415966
"22",5.47207461282141e-05,9.27733813204065e-05,0.000130447228417031,0.000166535807855334,0.000230973599352963,0.000286659995852267,0.000337349073765568,0.000378017022720141,0.000438520930242302,0.000504328971324967,0.000558991502912391,0.000630541609229083,0.000704825581892887,0.000760688546929311,0.000788080569049867,0.000859457443991512,0.000887830999227503,0.000949391261373895,0.000970194464441629,0.00100332117714948,0.000994996798680866,0.0010445543712065,0.00104336876580904,0.00104337963078528,0.00104426999827332,0.00105870786809319,0.00103425334479031,0.00106094450983479,0.000987289036494047,0.00104897437975825,0.00107066702271488,0.00106651487704867,0.00103913376147281,0.00100535077769487,0.000952045579050207,0.00092241174018796,0.000825395313643472
"23",1.98895039609028,1.99202365177113,1.99120194917537,1.98939206522185,1.98785438763648,1.98693360193596,1.984995366012,1.98172427146223,1.97807205104319,1.97428405194693,1.97015663369776,1.96551612448844,1.95971917388049,1.95478764559125,1.94912621976389,1.94171448463221,1.93369124386444,1.92519966687889,1.91545881172564,1.90562562188334,1.89542558071996,1.88358810329975,1.87074337548807,1.85764437624032,1.845223673592,1.83228572421457,1.81760101646203,1.80489994968644,1.79196965691961,1.77891934749583,1.76484833986386,1.7512846766182,1.73745063473713,1.72193358582469,1.70682739967664,1.68898201970906,1.67009159748818
"24",1.50494574375202,1.49751698162477,1.49500134864309,1.49970829612676,1.49405999312581,1.49760701400623,1.50257403314027,1.51007599628209,1.51812857938816,1.52659192777588,1.53708289758139,1.55101753768317,1.56511371415115,1.58275144655584,1.602833324549,1.62502497170231,1.64921946089117,1.67626388724812,1.70472813104949,1.73460998638651,1.76829886132942,1.80218388826401,1.83901870065709,1.87749707644071,1.91573126683271,1.95157851753201,1.98918191394672,2.02473225285487,2.06209846595281,2.09764427575292,2.13366584234145,2.16862229449134,2.2047041097358,2.24092184751841,2.27905527370797,2.32005694032821,2.36315748843434
"25",3.68034812994339,3.67254680604134,3.67282410546696,3.67947732485469,3.67876791601506,3.6837600023405,3.69151621803543,3.70097077689475,3.71011029986863,3.72177662060879,3.73470883022352,3.74690248092967,3.75942784029699,3.77484044430402,3.7887785232427,3.80432771079066,3.82010764320757,3.83573880007829,3.8508860185004,3.86738097100538,3.88195177960371,3.89954721759553,3.91582315403321,3.93155248066897,3.94618300174766,3.95969942686633,3.97227676962743,3.98143644059914,3.98893137770309,3.99824943881135,4.00806266507705,4.01470344782914,4.02346015661875,4.0306318612561,4.03832539851683,4.04845128818805,4.05869988291027
"26",0.0286888850122968,0.041339072293525,0.0531042062178695,0.0639196819434935,0.0807094886403261,0.0945515480035544,0.108387058735688,0.121448219289907,0.136640258622536,0.152611936146692,0.167581839535554,0.183663568398902,0.200205246620343,0.215860703995083,0.228786691845653,0.244391968169716,0.258048733826042,0.272100698494555,0.284255740137131,0.297095844882099,0.30595848369866,0.317391609253895,0.325767084166028,0.334215852601754,0.340513399001601,0.347571078060971,0.3509961027177,0.355715360048141,0.35457006310584,0.35937777540682,0.361372073564662,0.360818582262757,0.359212415178626,0.35520949151695,0.349629452452308,0.342591427532699,0.330274338107304
"27",4.56172137744612,4.54522608547349,4.53347131632834,4.52440216511532,4.50675081747865,4.49161078361356,4.47601234086639,4.45894874071756,4.44183286934101,4.42718768413682,4.41174664388789,4.39310580489465,4.37339585687477,4.3533026143867,4.33029556685598,4.30865201070768,4.28280073072867,4.2581302062294,4.22926941614233,4.20083885698379,4.17003971067275,4.14228411612174,4.10997348202228,4.07502973193322,4.04314535745328,4.01002979052737,3.97570954619415,3.9427026626141,3.90908744239807,3.8772512842842,3.84545718598287,3.81458421532002,3.78423113474191,3.75416250117834,3.72542878179792,3.69767931500631,3.67325879104903
"28",2.80373657008255,2.81124357247572,2.81771740176102,2.82441362032593,2.83170874155675,2.83921076556459,2.84752331899053,2.85551339459093,2.86287396254881,2.87134728415133,2.88006140851048,2.88754692716972,2.89467250720352,2.90397756698648,2.91185049781587,2.91850526254502,2.92599203940966,2.93162666668778,2.93731074599704,2.94355292032286,2.94840577981488,2.95246308514412,2.95630535840429,2.96026956250353,2.96311337653576,2.96545644093541,2.96650310548878,2.96571247757015,2.9666165225811,2.96445128515155,2.96289331566228,2.96050174201416,2.96019076352969,2.9575066911678,2.95642308405659,2.95298174253837,2.95152305915709
"29",1.51076622325199,1.50193815872582,1.48993025110268,1.47814937997289,1.46177658737903,1.44884096912729,1.43338518304053,1.41608590887903,1.39807943893616,1.37858367432618,1.35823674226921,1.33784527915219,1.31503087072399,1.29144081881469,1.26812996439428,1.2431258763135,1.21507559980233,1.18945180413485,1.16055215589492,1.13078839812878,1.10362137298922,1.07573043833994,1.04668200960728,1.01708377895554,0.993242105979113,0.968414258388127,0.945212275566302,0.929475923204148,0.9131548326693,0.903687736748089,0.89425853928111,0.889032103906885,0.882878828455361,0.881707709856138,0.882855865155177,0.891457833043777,0.90134677615782
"30",2.89321851945204,2.92209078881793,2.94644443468694,2.96835268415109,2.99430413409635,3.01591348895435,3.0382963019101,3.05966448214331,3.08017969791324,3.10180843858932,3.12286511228826,3.14195076067778,3.16065054756566,3.18114867758434,3.19862254335506,3.21535304017101,3.23257415684953,3.24693134963479,3.2610350620138,3.27564423004756,3.28705038939659,3.29851931402862,3.30888876595256,3.31898430984087,3.32666897551124,3.33384225701986,3.33894874157162,3.34091082031781,3.34346000845281,3.3435769985286,3.34415413642829,3.34272679876394,3.34368119951141,3.34164040442481,3.34083023446187,3.33774234088955,3.3361234084308
"31",1.88113678012225,1.92074840998779,1.95070086606071,1.97550735888938,2.00752082005256,2.03285640813672,2.05762882989529,2.08055211252129,2.10329931009671,2.12618888295166,2.14792914315758,2.16873068340095,2.1888923506056,2.21025413993779,2.22892287222306,2.24661142998201,2.26479996725991,2.28035773046598,2.29577879152944,2.31146467198273,2.32459079349266,2.33648212094803,2.34786617543928,2.35955739164657,2.36868792345961,2.37742317499271,2.38388507461277,2.38845840383372,2.39377813642817,2.39619296343688,2.39840669216887,2.3992462672702,2.40167195661659,2.40092169876906,2.40123559834638,2.39791756828779,2.39502966158805
"32",1.78449032309314,1.80752901685184,1.82465210820321,1.83953441059326,1.85783528536201,1.87358801405455,1.88897193554554,1.90328190931548,1.91771803343099,1.93236660443007,1.9465386720639,1.96065605676494,1.97424290976193,1.98928141363685,2.00280370168061,2.01577536580684,2.02926024296224,2.04148321489965,2.05364339033318,2.06632021228154,2.07785612903362,2.08849237126548,2.09919220949526,2.11057963268906,2.12054793896317,2.13008014161265,2.13825356991848,2.14554992700666,2.15372626346114,2.16008946780079,2.16643710705247,2.17204365558016,2.17909896113666,2.18419962469843,2.19079030019562,2.19575720025947,2.20172558306961
"33",1.16955935624695,1.19488903196367,1.20926500801353,1.21779017912927,1.23283790838686,1.24227111030466,1.24901751764357,1.25261574857431,1.25697690720522,1.26078776902324,1.26271947756741,1.26429989859855,1.26465360532947,1.26406581500639,1.26086437714528,1.25712991808345,1.2509810485109,1.24426664364574,1.2347620090727,1.22494719400337,1.21182348151044,1.1981525934646,1.18077385745599,1.1622375056132,1.14279198137142,1.12328320282728,1.09889917121306,1.07720684826394,1.05026946493124,1.02638317652044,0.998446624545418,0.968750734301378,0.936153814410142,0.898692922116175,0.85775162321403,0.808794932826651,0.751319219810795
"34",2.40028236617412,2.4019999102006,2.40346282540222,2.40635812813216,2.4076917340111,2.41140423405307,2.4157095252006,2.42007764729271,2.42396124781256,2.42850891879004,2.43363259781952,2.43852085890446,2.44296101791453,2.44975427255255,2.45626128622027,2.46169205711538,2.46823788811585,2.47403409251352,2.48022928189783,2.48709911509351,2.49431763332343,2.50049727457085,2.50756534819799,2.51539715435885,2.52302253133793,2.52998058062318,2.53678605913777,2.5426604998349,2.55086265316812,2.55645149089944,2.5629204821873,2.56931646155757,2.57766813525814,2.5849462803467,2.59440118980174,2.60351515903991,2.61529907849227
"35",3.57004038837962,3.55037972622781,3.53547026347913,3.52434697744433,3.5063239840366,3.49374992461028,3.4818915221696,3.47010471530052,3.45719073445933,3.44562437248365,3.43477142459388,3.4221238466444,3.40861980366896,3.39703984012046,3.3851724357463,3.37182407158648,3.3581997073846,3.34441234736277,3.32972630117824,3.31545679691209,3.30176501287631,3.28758893920431,3.27305438271027,3.25811381689584,3.2452537261384,3.23156421820861,3.21819512792922,3.20519905845758,3.19492168572262,3.18273619572702,3.17189996395692,3.1622619245006,3.15452697811341,3.14675589197276,3.14145684038743,3.13660116627091,3.1356660369794
"36",2.18683280746692,2.18123363120104,2.17264033159296,2.16342905131194,2.15304268924969,2.14441585464942,2.13437778670805,2.12265488871832,2.10994608191296,2.09671430122603,2.08291041840884,2.06778898940889,2.05077159426878,2.03388547651615,2.01615941624631,1.99516955778653,1.97225630732848,1.94839120213195,1.92165286047386,1.89336947948989,1.86407252388538,1.83117537641823,1.79486603495859,1.75567338978681,1.71741138591089,1.67686934482907,1.63194766904572,1.5901800293812,1.54507735434023,1.49901845242459,1.44818001691372,1.39716306929737,1.34038964707,1.27839272985815,1.21087730431262,1.13187521537987,1.04252514439026
"37",2.90375555837422,2.90838093328562,2.91213603676727,2.9160758083207,2.92045142624823,2.92520416360682,2.93064300580578,2.9356215672704,2.9399284404646,2.94539479824511,2.95107018628333,2.95529684253452,2.95909712978103,2.96493748611012,2.96931503557795,2.97228499443411,2.97585234590475,2.97755786736417,2.97907408377011,2.98106568250175,2.98152593806107,2.9810814634681,2.98008242804249,2.97898396668011,2.97695207479523,2.9744763548011,2.97040904757579,2.96481641960074,2.96074614550009,2.95353498322413,2.94668269232348,2.93907236242064,2.93326566874232,2.92470311923891,2.91741398307396,2.90668087047157,2.89736113380153
"38",2.52520298159165,2.51117274458247,2.5019072252059,2.4981080105206,2.48666187552803,2.48278956348831,2.48034004250047,2.47943457189581,2.47786233864245,2.47707769459157,2.47800645078426,2.47973471812303,2.48122511028004,2.48613121068396,2.49259402370724,2.49864100795502,2.50669275164607,2.51565551401148,2.52590831125713,2.53734140027857,2.55170240927952,2.56550257391094,2.5818830620241,2.59966356057581,2.61828631759592,2.63556066858312,2.65455857449535,2.67214360822383,2.69303194846465,2.71116834915239,2.73083405212741,2.75044728483165,2.77214637632194,2.79391308021791,2.818177733618,2.8445044811776,2.87420831671326
"39",2.77309955220805,2.7662803561936,2.75870139813428,2.75147104272498,2.74291890047534,2.7364162194716,2.72965340200376,2.72190106636964,2.71308002294849,2.70468117394305,2.69627348460637,2.68613270831153,2.67475209640239,2.66457306591622,2.65346357692357,2.63940810522266,2.62476623578179,2.60845311738659,2.59060370765927,2.57205110647203,2.55233841322182,2.52963025198504,2.50485324231806,2.47830799513687,2.45182312475694,2.42387696816424,2.3925468177528,2.36190714904372,2.33087791869539,2.29595325521094,2.258372706046,2.22018356816256,2.17937574535084,2.1327885760351,2.08277610327786,2.02047515905628,1.95060252608059
"40",2.2236741865515,2.23948042732767,2.2521687032828,2.26427160455114,2.27800136539801,2.29099542779971,2.30441037403829,2.31738896729641,2.33005060020849,2.34329622837999,2.35657585620266,2.3694351366514,2.38187526472632,2.39638295128073,2.40965520957075,2.42199079185785,2.43535751415862,2.44714077058276,2.45923678210352,2.47187665338632,2.48364522712435,2.49433796502835,2.50544196978718,2.5171388221763,2.52747078305689,2.53716785223579,2.54590000047612,2.55296678522359,2.56182109370178,2.56775736521946,2.57424378375126,2.58001216956631,2.58773431727649,2.59356909005408,2.601240047626,2.60751203940177,2.61585661058675
"41",3.88741855701934,3.87952118414257,3.87554297204689,3.87422520268386,3.8688555065786,3.86586311212775,3.86396312885276,3.8618652141022,3.85951390682122,3.85958407137354,3.85994908742768,3.85825347121656,3.85645127856432,3.85629889532952,3.85397287098168,3.85234400284081,3.84978488989244,3.84681491753577,3.84245876850993,3.83930440920361,3.83366055178054,3.83046304890465,3.82510116109894,3.81906369506378,3.81314369130747,3.80707031468625,3.79958040223352,3.79058493955034,3.78117788199543,3.77237576862274,3.76417600182978,3.75446103817754,3.74700469855237,3.73769025728608,3.72957750226751,3.72111148224335,3.71418337428058
"42",3.11057421509208,3.11115876004269,3.11015901721348,3.10839119254367,3.10764843092883,3.10667359377863,3.10578477501419,3.10370015931664,3.10078528227268,3.09898262231183,3.09697221979553,3.09265305319926,3.08752206811716,3.08366513310107,3.07780189847965,3.06961454344104,3.06092153577824,3.04975975387992,3.03717329200107,3.02427156324599,3.00849314296974,2.99061010993516,2.97000976996295,2.94755518387063,2.92368264092522,2.89875064930467,2.86929561288698,2.8385947174126,2.80689209660541,2.76987899933668,2.72957287882643,2.68648436945935,2.64050775492211,2.58490158142571,2.52294812826514,2.44019059708788,2.34149068715861
"43",0.365312110901057,0.404626611194473,0.435449920036701,0.461514341541437,0.495813206747417,0.522727776838203,0.548070791868636,0.571183920676618,0.59641839464648,0.621632341675874,0.644845737944359,0.669209514437103,0.693332080531553,0.716612086561294,0.736615060918409,0.759194898518622,0.779938180463741,0.800859267901661,0.820030975172648,0.839978532679291,0.856476643566735,0.874936024309102,0.89120156067703,0.908073837199903,0.922663296493026,0.937559652626813,0.949416578138815,0.962064832572958,0.970471796965219,0.983292920865347,0.993954084373958,1.00241427284627,1.01065720504091,1.01677908989179,1.02254726458488,1.02760749392157,1.0290132184849
"44",3.31387185587828,3.25974417030976,3.23814914563861,3.24592212831322,3.21707977516339,3.22026571173673,3.23357547824498,3.25853358301386,3.28250305117314,3.30914862337032,3.34213824361938,3.37975782327027,3.41783844592338,3.46252744011012,3.50966366300109,3.55873645410308,3.60947972101829,3.66044840369881,3.7110245402074,3.76072103213845,3.81035545147689,3.86032109560427,3.90923288425815,3.95541156014509,3.99774966110574,4.03513357972487,4.07142580650245,4.10091504879663,4.12668009960643,4.15373816545963,4.18001750239382,4.20087311195383,4.22232338561791,4.24169722191715,4.25984998672024,4.28164811429609,4.30092921172378
"45",2.85741881769771,2.85287261449345,2.84810432692104,2.84403726395699,2.83875573576751,2.83543467339426,2.83231874541231,2.82857499162212,2.82393150003119,2.82006780704487,2.81643195828993,2.81127903201948,2.80528086214649,2.80098025293757,2.79577722246859,2.78834364724271,2.78099856123812,2.77213308543936,2.76251845965115,2.75288701642801,2.74237461277726,2.72993033387062,2.71653197645315,2.70248236086327,2.68845057852797,2.67366530234999,2.65694559620588,2.6401646023583,2.62463748227579,2.60576709259104,2.58639170260606,2.5669740878615,2.54793922072758,2.52571022738988,2.50371389911779,2.47598107092349,2.44774448265109
"46",2.98758725927716,2.98482089030057,2.98325362595848,2.98339410828541,2.9816590886113,2.98232019316761,2.98390249255646,2.98548224401669,2.9863256436273,2.98838836079402,2.99102772282456,2.99247186093515,2.99351292256764,2.99685962156796,2.99934984574457,3.00055413542765,3.00251524428379,3.00319865589761,3.00387243093896,3.00516488350843,3.00581808917461,3.00574455218786,3.00564083568561,3.00567289719189,3.00544293672968,3.00467405808461,3.00312739356003,3.00028878451406,2.99949368190678,2.99587200389471,2.99308816896343,2.98996572376196,2.98892103297142,2.98609668364794,2.98512223315426,2.98254866791818,2.9824644439981
"47",2.88053339120633,2.87012507514263,2.86078981197508,2.8531683283042,2.84242766513011,2.83518748076919,2.82815245788423,2.8207144106277,2.81220695338745,2.80433604209221,2.79688264723174,2.78804509978928,2.77820602599385,2.77011881164427,2.7616668363206,2.75083686665794,2.7400548915955,2.72826464283871,2.71570756066674,2.70308225082955,2.69052159160712,2.67592419813368,2.66079148971559,2.64512496632878,2.63040167572726,2.61478429680541,2.59809533300337,2.5820578483041,2.56790861337513,2.55089552625044,2.53390615680383,2.51776367785428,2.50225534677686,2.48502232852385,2.4689531841043,2.44966693669733,2.43169285587448
"48",2.2416623464119,2.23610997231405,2.23034798395988,2.2262817062175,2.21905579579628,2.21549705233803,2.2118542889923,2.20800443617926,2.20354903585961,2.19927783858304,2.19551326663371,2.19168034434782,2.18699567056872,2.18421977284047,2.18179261994427,2.17799563842923,2.17471893556702,2.17166221242427,2.16851949401798,2.16590488797546,2.16475888932501,2.16246106939131,2.16111420278919,2.160596781638,2.16144063324374,2.16169674007544,2.16242258547991,2.16415376385692,2.1681153646863,2.170920259545,2.17452004814145,2.17911538864211,2.18513893830856,2.19122278077533,2.19965530848127,2.20892160868197,2.22076217005015
"49",2.18248960739196,2.15881795651296,2.13685403439005,2.1183115442322,2.09080192127849,2.07078397521708,2.04944233520423,2.02748061303376,2.00377177637038,1.97878090416221,1.95394763631251,1.92868082628978,1.9008675259466,1.87356851072836,1.84794879986235,1.81938839596025,1.78914315443055,1.76129111066084,1.73135837551879,1.70059747044047,1.675161242629,1.64788776900723,1.62191245779082,1.59622199472325,1.57800080112476,1.55835153175434,1.54323186851951,1.53523873999377,1.53090535760181,1.5305810549399,1.53248295648264,1.54004533186883,1.54817805794388,1.56275147122355,1.58146607165343,1.60913690681918,1.64126925217759
"50",2.52924289712287,2.51207010411723,2.49748701228894,2.48649632437868,2.46888117203529,2.45767578842897,2.44660792232869,2.43578580205147,2.42382901880919,2.41198201907368,2.40105095848808,2.3899038961034,2.37764594500864,2.3675496054991,2.35869137101265,2.34801884270538,2.33793621389065,2.32877046275432,2.31960992317162,2.3109515434659,2.30541829871536,2.29860738523172,2.29356455269181,2.28953305601771,2.28848521964833,2.28661676500691,2.28673073170072,2.28858078549895,2.29395607570397,2.2982221647094,2.30410423376247,2.31199109678288,2.32156590835332,2.33261152226167,2.34672318439276,2.36358866316019,2.38433911180083
"51",1.98436321492731,2.00365545589192,2.01594309581778,2.02485354200733,2.03834885561739,2.04864398785986,2.05809937400983,2.06583963646197,2.07345824505834,2.08126687159924,2.08835334397543,2.09459016503776,2.10004347398389,2.10649780540868,2.11110691252113,2.11422477093393,2.1172518056372,2.11848780242787,2.11895202908246,2.11951565665497,2.11805577902778,2.1150235093038,2.11079702448962,2.10642333527822,2.10071302548822,2.09474703335603,2.08594097888914,2.07708947411011,2.06793725218714,2.05684558188581,2.04452365059625,2.03124349022978,2.01814323818124,2.0011776973602,1.98393061452979,1.96061016824235,1.93491267864248
"52",3.84118276613563,3.859395537686,3.87796373264274,3.89647954713013,3.91572384733371,3.93202375000725,3.94953961568593,3.96614872459689,3.98260421535178,4.00160590534031,4.0198978266362,4.03562586028373,4.05140411138945,4.06819805982762,4.08050935262453,4.09488104113314,4.10751377600625,4.11883719558821,4.12803874936266,4.13854109748704,4.14357086563065,4.15314822615962,4.15877090795041,4.16314583878092,4.16569624668387,4.16824389623402,4.16785754864797,4.16456764993371,4.15761175339968,4.15436638474555,4.15092797034957,4.14375354484823,4.1388261827152,4.13118772840936,4.12367206616921,4.11668002472125,4.10905093472272
"53",3.15472744498834,3.14777047256972,3.1496157396338,3.1591267267788,3.16032061875946,3.16897570180338,3.18089255539165,3.19535664848149,3.20915247497478,3.22479673851486,3.24221054305492,3.25976764676424,3.27752096351412,3.29892506002441,3.31994800659359,3.34154882567408,3.36469784708001,3.38719785739156,3.41027977390396,3.4342606332495,3.4578300231899,3.48225030310697,3.50701769222756,3.53166296404214,3.55470590140546,3.57591355955222,3.5969106269421,3.6138626555705,3.63120730936124,3.64733825363904,3.66432234329865,3.67875715967699,3.69533972362164,3.71048169074751,3.72672081338834,3.74487842440004,3.76438554259316
"54",2.30789566066982,2.31527142174937,2.32178440448985,2.32938300336548,2.33627131924922,2.34467495554342,2.3537959019037,2.36300908563617,2.37185200234887,2.38137293346078,2.39137096635526,2.40124710742443,2.41076698039987,2.42268380927756,2.43402863722095,2.44453889685322,2.45629660245555,2.46703971021825,2.47830432639082,2.4902537910395,2.50218967021118,2.5131603061348,2.52502453471137,2.53766778992227,2.54950005363056,2.56056441018197,2.57131031051829,2.58052196377177,2.59193068686213,2.60050992715771,2.60993028506124,2.61888548987533,2.62988805561559,2.63958640606622,2.65139392797529,2.66281886328081,2.67684039980657
"55",1.17392271603499,1.21237387101765,1.24043274318121,1.26320457920022,1.29312832931162,1.31647038468212,1.33831763533365,1.35794586403963,1.37848182980162,1.3988549738955,1.41771524379176,1.43680347046851,1.45527465853435,1.47403087314471,1.49021035784009,1.50679532845353,1.52281267365322,1.53779469759971,1.55189547158942,1.5664924590205,1.57867142519881,1.59075076631477,1.60178325036463,1.61340179752661,1.62304670604106,1.63263288915762,1.63977862953227,1.64684490613908,1.65263342313549,1.65884072111512,1.66394792238578,1.66770804256645,1.67211143422612,1.67403633594919,1.67651576526541,1.67675758623752,1.67566168744442
"56",2.122926422041,2.13805531809965,2.14995582626408,2.16131518739065,2.1741070482605,2.18636923907057,2.19891913695593,2.21101629280424,2.22289296664224,2.2352667800823,2.24767472498872,2.25985550941717,2.27159890485115,2.28534852939632,2.29800680684625,2.30982291939084,2.32261288814023,2.3340643156086,2.34580298934117,2.35811075403162,2.36975980884782,2.38035950241718,2.39144773139298,2.40322117841542,2.4137922238015,2.42374391116285,2.43282888311178,2.44052383146307,2.44994112620304,2.4567020114492,2.46395912924302,2.4706087344682,2.47910966679951,2.48589107293682,2.49452691494198,2.50198588725457,2.51144147058329
"57",4.05211605235518,4.04444662593611,4.04295788171923,4.0458389807064,4.0427507198641,4.04309647093522,4.04522443735833,4.04785092466738,4.05060903365616,4.05632718584353,4.06260919776989,4.06732903470018,4.07236252523988,4.07928970856929,4.08378625829289,4.09068048587142,4.09642880146879,4.10259069858539,4.10722453259297,4.11358660078856,4.11692831847857,4.12489666113069,4.13021544322522,4.13479334450296,4.13908352425518,4.14307637697112,4.14566067359823,4.14589490904709,4.14341856209564,4.14475123884302,4.14643315282279,4.14502152698174,4.14581519154919,4.14505775653545,4.14474771016368,4.14686135166216,4.14881562553081
"58",4.79972756937564,4.79726349145147,4.79787720464918,4.79948635049498,4.79625713570001,4.7915618576763,4.78638977329974,4.77909345682249,4.77333305373591,4.77141689596687,4.76801437526123,4.76151282865156,4.75502916244327,4.747433676798,4.73443480792891,4.72661536136828,4.71321189028429,4.70174531119278,4.68516353324169,4.67066421532255,4.6496491718969,4.63717175900534,4.61755295427831,4.59567074156447,4.57475973542132,4.55459925093507,4.530990301634,4.507248146205,4.47719313144764,4.45547985297683,4.43271921378417,4.40661269464008,4.38192006820553,4.35498041866821,4.32746619064352,4.30040051003637,4.27159362924772
"59",2.83167112188529,2.82966489598055,2.82829572485947,2.82841208537346,2.82688627112123,2.82769759682512,2.82927218507688,2.83078460385858,2.83157098967665,2.83337955645198,2.83573749022332,2.8370726958955,2.83793800168429,2.84107805519361,2.84352290944579,2.84453959479185,2.84637993372203,2.84699587581944,2.84766507309703,2.84889163668355,2.84973539403448,2.8495661164659,2.84955727897367,2.84979182714366,2.84983617634913,2.84932322989652,2.84811075400527,2.84585627160047,2.84577292370192,2.84277405880614,2.84056655116045,2.8382089434519,2.83781469335464,2.83574480340808,2.83557118304756,2.83379194699008,2.83448069385523
"60",3.08744524318003,3.08012914874107,3.07599103252989,3.07504154314616,3.07019103364388,3.0693810404664,3.06990704233813,3.07099062319462,3.07133357104273,3.07306758972622,3.07575865272718,3.07756399616058,3.07911298264486,3.08334978204085,3.08718077449417,3.09014600921999,3.09415474678405,3.09740013457751,3.10094049680612,3.10535433332207,3.1097928707273,3.11399588893597,3.11869876623576,3.12379934457248,3.12891852250134,3.13334749528963,3.13772833995876,3.14049035228699,3.14553154640643,3.1481280608143,3.15198278631814,3.1554045090572,3.16121000377939,3.16590011166009,3.17274012795268,3.17968725014893,3.18966702774762
"61",2.15318182274782,2.14445875142999,2.13740672682837,2.13379798833375,2.12466417945441,2.12116000670995,2.11804580844847,2.11552861634385,2.11254303006068,2.10982494862403,2.10815932768699,2.10727323619461,2.1058152462459,2.10691323890138,2.10921648359943,2.1109778799184,2.11396649741195,2.11809848159819,2.1229102885498,2.12874880006772,2.13735358868712,2.14539458918175,2.15560090790264,2.16731459100036,2.18046891510682,2.19271316078263,2.20652400005312,2.22048687594415,2.23726773035259,2.25260075296849,2.2691496826948,2.28629363188325,2.30516554972424,2.32454277187364,2.34651143633113,2.37067488032401,2.39788580458008
"62",2.12704258056388,2.18443654167854,2.23272571829689,2.27609278499067,2.3250210714281,2.36573359225546,2.40660158214009,2.44587038557491,2.48378302455016,2.52147075819471,2.55766429054797,2.59227662970771,2.62594477617113,2.66110362260647,2.69278158768481,2.72350459734828,2.75505487478595,2.78303067502613,2.81111895533901,2.83921937796772,2.86441317784166,2.88859982254113,2.9125507911117,2.93649506679942,2.95702241502374,2.97637263706643,2.99404380363102,3.00782031869642,3.02283009247876,3.03434887707832,3.04643515979389,3.05650217114896,3.06893834931001,3.07881801800643,3.0902902725658,3.10052518430867,3.1128218328587
"63",4.87609091204966,4.8790644624906,4.88532478043261,4.89270325478885,4.89586363888272,4.89667310195044,4.89729088675785,4.89587382308191,4.89661883614111,4.90177277408844,4.90531217686112,4.90607117544053,4.90732739858554,4.90729927281675,4.9009572644553,4.90176188131971,4.89636492711407,4.8936156829061,4.88529375832121,4.87974953030102,4.86622104337767,4.86409543926255,4.8537462213662,4.84118506182451,4.82899186405491,4.81802432580881,4.80308920015619,4.78762198128933,4.76256093281259,4.75058021446803,4.73715131657992,4.71854623105292,4.70151526158083,4.68251396813015,4.66222432569997,4.64566084273942,4.62527811739658
"64",3.4615635143676,3.41859452247455,3.38449704533052,3.35823710997864,3.31481734591323,3.28385225686545,3.25296858018706,3.22298696866172,3.18999776428088,3.15633741718028,3.12393721160685,3.09025291601279,3.05380169784967,3.01931719707117,2.98852354774941,2.95449467194126,2.92027895971295,2.89001658774386,2.85958779353177,2.82931786767939,2.81002669239198,2.7897697042104,2.77568032412877,2.764108221911,2.76385841720746,2.76170249921167,2.769832385495,2.78294725115441,2.80495756500027,2.82667643705714,2.85303242416282,2.88412135200072,2.9168429902947,2.95532558483587,2.9974611743334,3.04774707679971,3.1025789903002
"65",2.35780337303089,2.35934976086431,2.35900966573857,2.35880902170611,2.35823765267807,2.35904378296318,2.35977060548906,2.3598513094787,2.35936953063735,2.3592953176003,2.35938207543149,2.35878700821576,2.35742023444485,2.35777373541489,2.35752289526952,2.35557794565386,2.35402729352562,2.35150992656591,2.34866529172511,2.34610071416002,2.34333525100322,2.33901770322809,2.3346378887688,2.33047540226568,2.32641932465821,2.32186489737108,2.31625255804888,2.31089436214785,2.30703946270346,2.30103633097691,2.29513366166227,2.28948788031194,2.28495478744923,2.27872881200157,2.27394936381615,2.26689915351345,2.26106245549909
"66",2.32251714528594,2.38025568068285,2.42263153019451,2.45554763187419,2.49986143609088,2.53226804811328,2.5636739735157,2.59202858661047,2.61948552985712,2.64715050494314,2.67289712571579,2.69611189769884,2.71852222018068,2.74179429756038,2.76097642924144,2.77855014273906,2.79634958563522,2.81005889978163,2.82328200196236,2.83655363813451,2.84544230297022,2.85309008410557,2.85908845681233,2.86466404047519,2.86674508466803,2.86861584686674,2.86687688624312,2.86223209276625,2.8577371021356,2.8492921487159,2.84013486069579,2.82858245840446,2.81844896637057,2.80291286956973,2.78713340735232,2.7634426651684,2.73783235208113
"67",1.69678246899869,1.70083162943079,1.70144886435458,1.70188567949954,1.70133206400204,1.70219214312567,1.70208125808653,1.70103631908219,1.7000105164546,1.69879419788788,1.69744663437576,1.69654267947797,1.69472694081228,1.6940147790776,1.69314340997997,1.69173175615357,1.69006228985837,1.68913410942217,1.68754220041115,1.68652902123289,1.68636908860782,1.68578693629615,1.68547867352504,1.6860510626834,1.68779484546598,1.68922384542941,1.69052773984,1.69369343970605,1.69735605212051,1.70201622393427,1.70665966647196,1.71193973657351,1.71798539121068,1.72405198546634,1.7318636427092,1.74072074584264,1.75049572705352
"68",3.83059934510386,3.82015694820091,3.81429998287638,3.81174218064974,3.80421192260386,3.80003089407301,3.79708460161142,3.79423286971523,3.7910160801773,3.79011686536402,3.78975544073579,3.78757214463493,3.78527796846215,3.78490997188979,3.78285664031939,3.7813425447873,3.77926629828074,3.77695748647754,3.77359728634983,3.77146884396153,3.76756534222285,3.76584774153068,3.76256800709079,3.75886095432054,3.75551459608734,3.75189878140611,3.74739607104537,3.74139948803646,3.73551894513442,3.73000367534245,3.72537478298028,3.71946310651723,3.71592841389268,3.71098044481169,3.70750615427569,3.70448521371054,3.70342480613103
"69",2.21608324368648,2.20108783633665,2.18924253559763,2.18202503482939,2.16710449611077,2.15955824358174,2.15250519052301,2.14640003073207,2.13963061488236,2.13304906674084,2.12783517894661,2.12362319864316,2.11877738096439,2.11673984730557,2.11663398941928,2.11604783353701,2.11688644400511,2.11959992228054,2.12323451245227,2.12806370261066,2.13686370381189,2.14525464700159,2.15649776831846,2.1695312977735,2.18479499531587,2.19896350215387,2.21557000117606,2.23251384065558,2.25276015362692,2.27161297786457,2.29194780897023,2.31309589745198,2.3359571998174,2.35985528097628,2.38648234202777,2.4161332295869,2.44908108246354
"70",1.8999714788755,1.9504179555954,1.99404138418795,2.0345783544862,2.07924771783119,2.11781234730886,2.15678982531174,2.19474358188559,2.23176439935494,2.2685638888437,2.3041925862097,2.33898863742163,2.37293612844505,2.40852680283227,2.44117726498547,2.47314279383476,2.50609086219154,2.535949459877,2.56609088609586,2.5962744495656,2.62421113008349,2.65094006798855,2.67788400528687,2.70506088020158,2.7289359964723,2.75145711912753,2.77264676378076,2.79011836195075,2.80908606586855,2.82442228865982,2.84032442246644,2.85441535197891,2.87074354212527,2.88484529419047,2.9006888413554,2.91572199911235,2.93298147499606
"71",2.44923267793752,2.45169463580508,2.45579690207866,2.46280537287239,2.46691121070645,2.4744468689366,2.48332807378461,2.49302473852453,2.50226253453723,2.51239048455779,2.52345827690088,2.53466867658996,2.54567927133219,2.55958261180699,2.57333654268064,2.58651745026401,2.60133396308679,2.61538493828022,2.63028895258258,2.64600313435155,2.66221078550729,2.67764663959639,2.69440947841761,2.71201183909152,2.7287883716302,2.74446816755561,2.76031409959902,2.77397226396112,2.79010661026834,2.80317292514613,2.81735767641794,2.83084651581887,2.846563938456,2.86122998783651,2.87809666958654,2.895436918662,2.91572646336962
"72",3.95930819350049,3.94762199061188,3.93978455581823,3.93443907870336,3.92436963470555,3.91693176275876,3.91016596385326,3.90287476732299,3.89517952399476,3.88972603130797,3.88439454249121,3.87667405455009,3.86852850011919,3.8616613926942,3.85270675354875,3.84387959658649,3.83364474999748,3.8229993149544,3.81049784123039,3.79882305457683,3.78485341915287,3.77254876548872,3.75770011088526,3.74171335721916,3.72640630469422,3.71073559444519,3.69339570013435,3.67530304685256,3.65720709750748,3.6387050694453,3.62042815944475,3.60132382941866,3.58380989250002,3.56406814322005,3.54520564647113,3.5239470617702,3.50396912696098
"73",0.824519531293248,0.836740597480681,0.84282819610586,0.847124132468506,0.851467062158977,0.85507080527475,0.85643182034034,0.856030466653137,0.856688739543594,0.85672313413383,0.85577253337919,0.856188032468346,0.855684913134252,0.854824419502424,0.853338702522607,0.853427786671345,0.851659511677915,0.852486306392246,0.8515825015422,0.851603586302515,0.852141469176311,0.854598670555258,0.856352985899444,0.859159284836754,0.86372971178641,0.868451977370438,0.872974124306979,0.880994123169645,0.886447751313946,0.897805924292023,0.908143382603646,0.918575591081707,0.92872559875061,0.939792855923738,0.95165645281007,0.966795169439129,0.9802507774643
"74",0.0495905814750206,0.0482405658785395,0.0521689653169299,0.062574386869845,0.0660009904690564,0.0763297124067802,0.0899384577260579,0.108305307185795,0.129688860270401,0.153492523729983,0.180877021435021,0.214851599921801,0.251671048082772,0.292678719048356,0.336443568628004,0.387175158905744,0.43958664979626,0.496386058692486,0.553925282338353,0.612731125658832,0.672953642522925,0.735538153943358,0.798763391826857,0.862529034895149,0.922844652454576,0.979653456279142,1.03618373107634,1.08963112590347,1.14002880035649,1.19258610217017,1.2432908441066,1.29062323190049,1.33749750864212,1.38398617566709,1.43082254447777,1.48135615768625,1.53055514514187
"75",2.88537830500859,2.84697642720205,2.81556678022439,2.79112443811767,2.75189381621778,2.72440820000458,2.69675466472841,2.6698540918657,2.64031817820535,2.60981774671746,2.58055226013741,2.55074843610054,2.51841853260438,2.48803383578851,2.46122521855757,2.43135097594719,2.40146871786582,2.37526919211485,2.34891094033737,2.32272282717398,2.30616409858132,2.28836358857908,2.27582618225268,2.26561486300918,2.26511640007406,2.26300548171156,2.26941977257606,2.28107791952098,2.30031053448642,2.32001967333475,2.34368378480475,2.37220445328946,2.40229179974929,2.43818263867373,2.47815883632322,2.52630744089616,2.57946108554081
"76",3.80226237027763,3.808721214557,3.81990885996442,3.83447976258133,3.84576166380371,3.85825136990123,3.87283923989585,3.88781749290881,3.90259178687122,3.9199685676888,3.93750249280725,3.95329228877163,3.96927124734966,3.98705877731133,4.00151427861366,4.01804960717298,4.03357581966849,4.04832723338956,4.06154800202353,4.07609718742846,4.08650604283161,4.10113374933438,4.11276100606321,4.12335413633757,4.1323618876334,4.14084175849953,4.14721361595113,4.15037194473082,4.15027691664889,4.15373802601597,4.15725602085565,4.15705670677802,4.15902113094729,4.15889260796852,4.15894621532981,4.16097789440631,4.16244046051056
"77",2.23288077305131,2.20240679168768,2.17560470884706,2.15391713155592,2.12004016203822,2.09597391080792,2.07075658782614,2.04547803960653,2.01810193643843,1.98920529870859,1.96087930857446,1.9325342609559,1.90148225414965,1.87137791628158,1.84421352320248,1.81443504612091,1.78352762226643,1.75660325001287,1.72846627052939,1.70018890127432,1.68036775552558,1.65971092170599,1.64290147083432,1.62801663378361,1.6227536580232,1.6161844819443,1.61718296957178,1.62528280469353,1.63887285006278,1.65621575293414,1.67672110129265,1.70256924661715,1.72932105130357,1.76282063065257,1.80038821106474,1.84751464588861,1.89880834548739
"78",3.15539086033497,3.14675245931652,3.13876969103017,3.13171813084595,3.12271294742616,3.11593891751311,3.10932541645864,3.10192105501116,3.0934617522048,3.08594612649521,3.07854398197422,3.06904849905606,3.0585372059848,3.04941944486602,3.03908542542988,3.02619614741025,3.0127704812872,2.99755582779225,2.98089524518566,2.96380463745701,2.94515846377235,2.92415393677346,2.90100463972304,2.87610135873522,2.85106332776567,2.82469811710759,2.79506326757895,2.76523522073778,2.73550262637366,2.70121403682181,2.6647047047604,2.62722371528735,2.5877781084727,2.54214502394196,2.49324064803677,2.43124424900271,2.36189407643174
"79",2.57162491976782,2.57416513872761,2.57658931528113,2.5802999873565,2.58288690775474,2.58743072520924,2.59273876572822,2.59808112736009,2.60285457934851,2.60847988193391,2.61464730914118,2.62024346924199,2.62543884693721,2.63301604442985,2.63999555872258,2.64580565811835,2.6527202571393,2.65849707508305,2.66462241518911,2.67138775594516,2.67800002560874,2.68360661319618,2.68981587241928,2.69658565991019,2.70286033798748,2.70849577082097,2.71367499986947,2.71754498966392,2.72367259814946,2.72690079953378,2.73100486359823,2.73481594824635,2.74069413754101,2.74512686963079,2.75162201161275,2.75723508022739,2.76547378329833
"80",2.88293662636265,2.84777345016649,2.81895558141814,2.79649102399383,2.76078423746322,2.73583520716571,2.71080762140557,2.68641554205512,2.65965585869744,2.63221087636973,2.60594065297852,2.57906047541555,2.54993503225729,2.5227736921239,2.49862103267933,2.47151370486507,2.44442744738939,2.42025354999046,2.39580155496352,2.37145399686844,2.35506393585369,2.33720555037031,2.32354525207121,2.31166808554425,2.30804056013127,2.30294717258665,2.30482307986902,2.31142081269329,2.32486735411332,2.33854445245641,2.35586536895888,2.37787763243742,2.40164986410294,2.43074276475266,2.46406082528643,2.50492693997859,2.55112422245292
"81",3.95968268381023,3.95612668542453,3.9556111461204,3.95693509880433,3.95550479983859,3.9550658670678,3.95559621167805,3.95558667283136,3.9555134092756,3.95804301448691,3.96055323121782,3.96074423824003,3.96089080307996,3.96235481216708,3.96094091056643,3.9606242485736,3.9589086919597,3.95660032801403,3.95249162609046,3.94962299294668,3.94324007030233,3.9398983759242,3.9335864720523,3.92631172262302,3.91872737646525,3.91115145505011,3.90146002221588,3.89009115382602,3.8773778438767,3.86588709683739,3.85459831715732,3.84125562619812,3.83003060436548,3.81632124676655,3.80334439585627,3.78912841588454,3.77562004025379
"82",1.94986799042958,1.96767342570098,1.97875608151802,1.9867137212256,1.99882006399219,2.00812171003888,2.01654518444423,2.02329740525537,2.02995432201157,2.03675993465337,2.04288060248198,2.04826061528313,2.05283629337332,2.05839030760027,2.06222850415141,2.06463037109144,2.06688712931549,2.06755445284063,2.06741416716075,2.06738710587292,2.06552947503077,2.06215872823828,2.05764582298008,2.05303064018741,2.0472832679046,2.04127950681962,2.03258316356618,2.02407463167785,2.01524391982765,2.00478098662764,1.99312866276639,1.98066974622881,1.96838219192198,1.95254123054984,1.93655828207102,1.91507477157011,1.89145591731268
"83",4.44800577799215,4.43390948490077,4.42544436679436,4.42054297522986,4.40773241341981,4.39798147042522,4.38873807519833,4.37892505616081,4.36944259217527,4.36297902386627,4.35643656952363,4.34761267322318,4.33864701743144,4.33044479156499,4.31963378600674,4.31161177357752,4.30084326329021,4.29170399353912,4.27985833469125,4.26984453418487,4.25728564924177,4.25016180505685,4.23971895321,4.2283626186574,4.21884217618747,4.20942904523036,4.19925463865004,4.18865067362669,4.17580907874792,4.16780172448219,4.1604882343041,4.15141561706791,4.14456785845087,4.13721370393792,4.13085265989645,4.12753941216821,4.12500497355708
"84",3.49101415554069,3.45605949327468,3.42943547030349,3.41000901517343,3.37675087681907,3.35417108833199,3.33248136558919,3.31202854734609,3.28966197440058,3.26788908461547,3.24777810376587,3.22692436894402,3.20478779971467,3.18552289826275,3.16886774308549,3.15074353187308,3.13352509900183,3.11893581667559,3.10493560832876,3.09208314675929,3.08555571623818,3.07904674917585,3.07627132287118,3.07518084299768,3.07977514951851,3.08304893229475,3.09145782900634,3.10106207015587,3.11610306938212,3.12983322318893,3.14662632665641,3.16539187215558,3.18637355902148,3.20992376458933,3.23655958845615,3.26828044484786,3.30419543304062
"85",2.66277889748095,2.74643925105324,2.83012640048837,2.91302018739686,2.98688712334503,3.05384988623602,3.12137125839393,3.18710203120123,3.24773266518153,3.30640601296876,3.36231524426541,3.41506648046334,3.46549347040983,3.51668512085385,3.56238834895705,3.60786637978294,3.65249131765944,3.69309586166174,3.73215983611024,3.77059053637977,3.80417853059,3.83913550070708,3.87160252323057,3.90229716846468,3.92884146082728,3.95317059746345,3.97514443023807,3.99170082638227,4.00546794750537,4.02040132860808,4.03519521124589,4.04559603989887,4.05787405393176,4.06770821347375,4.07751900284682,4.08928496667898,4.10040262837218
"86",3.73538543262465,3.72067601866197,3.70898542635992,3.6993370344639,3.68517645186898,3.67405296070122,3.66317845229686,3.65150634835488,3.63887260578116,3.62775813200305,3.61665848071654,3.60289269394413,3.58809190862146,3.57431508535372,3.55887177678249,3.54163382115043,3.52286840204454,3.50283595625828,3.48051898624715,3.45781688333709,3.43311569782102,3.40708965149204,3.37788513691625,3.34614985001573,3.31484957150013,3.28181485240804,3.2453519678896,3.20853492007849,3.17132475113464,3.12960987918203,3.08519407680308,3.03949190432786,2.99082979768272,2.93524048841013,2.87482399128866,2.79873651882969,2.71234190732615
"87",4.38893515836116,4.35895564585551,4.33698304165562,4.32100524614268,4.29041973432889,4.26758182739572,4.24490904675218,4.22232129149441,4.19862466337279,4.17658252507215,4.15506483225205,4.13152556948146,4.10667230702919,4.08314779421737,4.06013932109266,4.03794713771365,4.01404688171915,3.99369970883227,3.97190668932946,3.95167462366827,3.93571492211172,3.92320422206904,3.91196518941193,3.90148873382282,3.89763739373817,3.89291173688688,3.89291248216945,3.89446016818522,3.89867246585878,3.90584375842432,3.91575729789958,3.92642305900118,3.9391373986906,3.95427067483935,3.97121903526451,3.9944508492197,4.01933808589343
"88",3.62911272324354,3.62675699227346,3.62536692908329,3.62453724915588,3.62283436745579,3.62151805908835,3.62079030985369,3.61918948658065,3.61706870795448,3.6168814978353,3.61659881161068,3.61382519427513,3.610625701531,3.60876158270803,3.60442681379886,3.5993323828059,3.59334567818441,3.58567264911502,3.57644633020091,3.56768084930741,3.55572678980584,3.54410741947192,3.52974864084594,3.51403434954469,3.49753198752654,3.48060100773109,3.46055937964918,3.43900217949227,3.41705896936798,3.39251940235813,3.36699062893715,3.33961465682193,3.31269067622522,3.28055090919005,3.24715330578719,3.20475528401311,3.15906443811888
"89",0.342685605674564,0.375895038773328,0.403944946831453,0.430049065323614,0.460960070446216,0.487525010369315,0.513442425222542,0.538366113172535,0.56548756699869,0.592793237599198,0.618829336642503,0.646864631477882,0.674924820296274,0.702868549909973,0.728370695343225,0.757097732311791,0.784608231286853,0.812957351486484,0.840137491489452,0.868283776801501,0.894157033111615,0.922122754019724,0.948902495838654,0.976637780595365,1.00212752029459,1.02730835147173,1.05052439168905,1.07375874829688,1.0937316951812,1.11741851487819,1.13949681895693,1.1594492686403,1.17956841074727,1.19842091205027,1.21764265416702,1.23793343842983,1.25606299858995
"90",2.58123275428947,2.58757760581208,2.59370014226164,2.60101995420307,2.60768764355817,2.61577128849899,2.6248300994032,2.63401074671957,2.64264770726329,2.65222169373813,2.66230271180524,2.67180635538446,2.68099950495587,2.69266533624691,2.70347782884088,2.71330987878941,2.72436956704038,2.73404049182657,2.7441642433906,2.75495344028117,2.76525776274893,2.77470605739452,2.78473461410814,2.79529725148295,2.80489432305426,2.81376445638654,2.82207793397093,2.82848813732645,2.83705534070775,2.8425823121889,2.84902306256933,2.85480470120939,2.86280157679949,2.86918940472805,2.8775997283996,2.88522946021856,2.89550058844014
"91",4.21205470705344,4.19724030486442,4.18627788637115,4.17748950981676,4.16278720963721,4.15045709296676,4.13810851357062,4.12457187043078,4.11059959436562,4.09879199038369,4.08655197744685,4.07122782802017,4.05495460502389,4.03896760818849,4.02036283280095,4.00158683895113,3.97985967510411,3.95775009780873,3.93226372678286,3.90675403109913,3.87826788483747,3.85059135051183,3.81841039392769,3.78321764342943,3.74898318525192,3.71309254773104,3.67370322592961,3.6340474317416,3.59292946505989,3.54920595090818,3.5027478636021,3.45474154755988,3.40381315437139,3.34649104115981,3.28431190914095,3.20769600599479,3.121176369167
"92",0.000361014894744474,0.000797449040797984,0.0014045344027475,0.00217508216320968,0.00364592092941109,0.00523712272208244,0.00717325713882614,0.00936090950801497,0.0122901436371975,0.0158288899964113,0.0196213789365748,0.0242265179607183,0.0295014806989199,0.0350100556341992,0.0400647870831792,0.0466916459922818,0.0529846206990427,0.0600514870230915,0.0666751102758428,0.0740034696751287,0.0798592082912279,0.0875632745557794,0.0940261236545951,0.100792131868565,0.10666475610958,0.113067023165825,0.117769799126603,0.123365673093217,0.1252975856124,0.13154218368059,0.136214011193796,0.139309632130375,0.141736967657167,0.143116366859743,0.143537675864228,0.144050927044213,0.141149825481394
"93",2.90101245832649,2.90384591840861,2.90839453520184,2.91522070011793,2.92014893339482,2.92736891227233,2.936055893556,2.94522116809057,2.95374850170527,2.96359850100919,2.97416641665807,2.98393107163635,2.99352602862514,3.00580121264955,3.01710234854819,3.02771293543632,3.03952926585064,3.04997370570586,3.06082898792185,3.07247601231441,3.08338210829516,3.0940221904833,3.10501517080071,3.11634806763314,3.12667170414454,3.13619493269912,3.14519722059601,3.15177201872674,3.16022778717786,3.1660108705032,3.17285516184204,3.1786515832285,3.18686693004729,3.19347774491129,3.20202026732292,3.21032365314684,3.22129318424309
"94",2.98124535027608,2.96859916923909,2.95984282967153,2.95504247474951,2.94472786306217,2.93993731530615,2.93636944735188,2.9335642555447,2.92989020441333,2.92734728504816,2.92599584723377,2.924094403239,2.92180520257536,2.9223485162811,2.92325599553238,2.92309526718238,2.92417405691263,2.92508152185891,2.92650266845398,2.92882189537,2.93238281482222,2.93539732254807,2.93963480988839,2.94459687347985,2.95037336460105,2.95534678400867,2.96107374635453,2.96577269206924,2.97344210065528,2.97858280752073,2.98524561631988,2.99207609902125,3.00123431002599,3.00998962598459,3.02123165293588,3.03342078965762,3.04911311762588
"95",1.75931922481723,1.76377427379351,1.76323305380267,1.76109999644917,1.75951461198534,1.75805640553077,1.75503701515331,1.75029700724794,1.74534412300029,1.73996480424736,1.73392923096981,1.72753188613726,1.71977942926555,1.71234440880714,1.70405177044887,1.6941958854007,1.68305203718999,1.67186695273864,1.65884050369368,1.64555790005827,1.63178211004034,1.61660706865745,1.59983063506868,1.58254073672659,1.56631447229187,1.54956785176869,1.53078725024658,1.51500061746202,1.49781286525445,1.48213802844646,1.46486605422049,1.44821606672683,1.43057160056679,1.41155217639749,1.39245392174263,1.37109312904693,1.34762452870365
"96",3.08256978682989,3.08611613810443,3.09245101977607,3.10165290063596,3.10841854645012,3.11759446935435,3.12859933494455,3.1402935589572,3.15134331193602,3.16397439597741,3.17734873126914,3.1897908011319,3.20216894906822,3.21727509596359,3.23106498890163,3.2445937449084,3.25917841452914,3.27234984284718,3.28578132755373,3.30007857870019,3.31312386117079,3.32655926446635,3.33995588416032,3.3534606850081,3.36567346449681,3.37699439789024,3.38762392694893,3.39530895645076,3.40419557807454,3.41111806288625,3.41904427886434,3.42535789182828,3.43414734712838,3.44123856202391,3.45000125426108,3.45903625530132,3.47035203352916
"97",1.42577873479609,1.44652827664888,1.46303541457098,1.4790107359885,1.49598901400265,1.51223944615725,1.52824646161808,1.54378975997559,1.55995244993564,1.57623131834369,1.59229798419381,1.6094567522892,1.62624630162653,1.64458448733731,1.66202604659005,1.68009999967573,1.6986935691684,1.71726629751157,1.73593181122051,1.75541252520027,1.77474104064197,1.79391451961895,1.8137626672598,1.83475054951445,1.85458185991973,1.87366025988952,1.89222155695798,1.90996718202825,1.9283957964368,1.9460340926032,1.96372293269365,1.98060002935813,1.99883165545192,2.01608583221627,2.0350837634426,2.05460076775541,2.07538485193382
"98",3.59253260470347,3.56568391176472,3.54511417066597,3.52966981645467,3.50433334580991,3.48656378990938,3.46946741528814,3.45278399464956,3.43460219166818,3.4174318962857,3.40124899664759,3.38349305401429,3.364571587388,3.34774408701928,3.33165887918453,3.31386001999894,3.29593670572645,3.27884152401748,3.26110913578889,3.2438417230446,3.22933746277992,3.21429687388058,3.20026612277506,3.18644476316748,3.17656220458958,3.16566211323761,3.15722959367906,3.15016463210181,3.14735368455856,3.14322960721212,3.14156848054421,3.14226650929127,3.14528806911527,3.15030255916887,3.15873973951961,3.17078675210557,3.18794294953027
"99",3.89912920421777,3.88889831749895,3.88202490578292,3.877302125856,3.86857270317062,3.86209554218531,3.8562757780088,3.84986402394414,3.84301670738668,3.83834971024339,3.83376618203977,3.82675847710566,3.81931629553898,3.81315627460095,3.8048354409419,3.79642529582843,3.78669375181129,3.77627585961025,3.76403806510075,3.75252591277846,3.73852398386865,3.72586041909994,3.71057374522186,3.69406101641282,3.67793215607816,3.66140344839321,3.64286824574548,3.6234461161109,3.603957136134,3.58352991352698,3.56304886440222,3.54157463542495,3.52142392805976,3.49842892992839,3.47590042929033,3.44958617312881,3.42379437981262
"100",2.41890428075995,2.39475876663803,2.37782589763593,2.36876493969285,2.34757690463858,2.33750561703443,2.32902998221314,2.32297500669653,2.3161289299663,2.30983933953671,2.3060031279871,2.30402101683961,2.30183698991807,2.30373471857754,2.30891400472015,2.31432298268914,2.32234264369637,2.33307372606028,2.34576105673858,2.36005364224501,2.3797557592712,2.39920966515238,2.42264118727991,2.44800503991673,2.47515451354363,2.50029414808529,2.52850230575995,2.55521808074495,2.58563016280238,2.61324552227889,2.64244113413854,2.67152319353853,2.70231591383498,2.73376401227126,2.76759500218611,2.80458698657129,2.84478893530384
"101",2.4534421116198,2.53497293597294,2.60533401160646,2.66890060075816,2.73538986648634,2.79048774922253,2.84540764562402,2.89790299575649,2.94734135846777,2.99583193052389,3.04190399143462,3.08516259695827,3.12687499834033,3.16963072468251,3.20758820433659,3.24475797510998,3.28203934703823,3.3151484220318,3.34768296934672,3.37997692571495,3.40814038209208,3.43639291933806,3.46333814257443,3.48948662760553,3.51177339671926,3.53255149893556,3.55128189804748,3.56522488363346,3.57885054207469,3.59073542956985,3.60304728524003,3.61228814382827,3.62391677696056,3.63295818965838,3.64301508362747,3.65312929634039,3.66448335449406
"102",2.4645076661864,2.46604457422068,2.4665769080878,2.46782080158748,2.46827743470606,2.47046678752172,2.472973556826,2.47516509760302,2.4767849871253,2.47902589330281,2.48163140807658,2.48361258669858,2.48500271295713,2.4884513290359,2.49135094000096,2.49278612679708,2.49499153137191,2.49617644491538,2.49739880615841,2.49909832865767,2.50070512392464,2.50100790488992,2.50165013448067,2.50273554986962,2.50370334857659,2.50413944484437,2.50389364170636,2.50318312281298,2.50448360082234,2.50320723042738,2.50248746396848,2.50183888958521,2.50284474862586,2.50235632935376,2.50372883307967,2.50359776343699,2.50556595579699
"103",2.10767716250852,2.14639508169697,2.17651378402902,2.20207322208298,2.23415073519622,2.25998873260194,2.28566597286847,2.30975497141129,2.33337352799783,2.35728707279744,2.38021439344139,2.40194253508446,2.42306374585237,2.44565876752508,2.4655410294427,2.48431275918509,2.50381304988639,2.52043469053974,2.53708569814096,2.55400628067601,2.56837041738914,2.58152620499881,2.59430492030877,2.60731664486599,2.61769543276746,2.62754887152517,2.6353432316327,2.64070075800408,2.64721256037146,2.65036193478473,2.65365082269162,2.65550044263988,2.65927832990678,2.65999903359242,2.66202816968861,2.66084708539121,2.66081396533956
"104",2.6788437380112,2.65898915123802,2.64350880258403,2.63292174885669,2.61422705455725,2.60321287225776,2.59294813603579,2.58359123789527,2.57312238936053,2.56309921731319,2.55447972711767,2.54595987753432,2.53666943624714,2.5302163465154,2.5254543760382,2.51939732646757,2.51466421430766,2.5111353015251,2.50833552502728,2.50648837558413,2.50830109374099,2.50929514878003,2.51283840192588,2.51779690859717,2.52536735907677,2.53195135082262,2.54097567175883,2.55044062308833,2.56385735057733,2.57531475973283,2.58867963718802,2.60331893200344,2.620010593632,2.63781227583065,2.65860734629684,2.68221251983864,2.70981026287513
"105",2.86012014011213,2.83304957537548,2.81011240822641,2.79153615957542,2.76369827479404,2.7438055990826,2.72369357181973,2.70356319642177,2.68147720385516,2.65904895654944,2.63730904806997,2.61440514503666,2.58947598285603,2.56601509228242,2.54399383130731,2.51864269393559,2.49268187847068,2.4676777576011,2.44140793503536,2.41447191800356,2.39172136226386,2.36634685621584,2.34217475127458,2.31787460015376,2.29914098926672,2.27879444129613,2.26167905419367,2.24901596417537,2.24112532522182,2.2331082010095,2.22744215040739,2.2266273393514,2.22709603734892,2.23201041055893,2.24114247774355,2.25617650125687,2.27708496919797
"106",3.34115463726289,3.32011480947033,3.30471785561945,3.29423464584052,3.27574377294835,3.26418986810737,3.25378261418341,3.2441596738075,3.23341090437362,3.22390563791269,3.21567039867493,3.2064862792048,3.19670789699008,3.18962700266332,3.18320688754514,3.17565879254827,3.16891361974165,3.16261080312353,3.15648806746891,3.15129690005173,3.14806618328966,3.14465494895265,3.14247622432932,3.14092415387367,3.1414749990017,3.1412190864625,3.14246819757295,3.14341768695942,3.14771530990551,3.15012031735627,3.15445002583059,3.15954203277093,3.16703957391394,3.17494265405629,3.18558597844962,3.19827510094337,3.21493045112605
"107",3.64438995566179,3.62836152685281,3.6160807675345,3.60660657909286,3.5918031041044,3.58100803302439,3.57076084926003,3.56016930750114,3.54859813236116,3.53853130540873,3.52884096909236,3.51695799652043,3.50422476836915,3.49303257607779,3.48078763889701,3.46705183877432,3.45253062113226,3.43726299165263,3.420541670472,3.40398964743793,3.38662741433733,3.3686438069081,3.34905941834254,3.32829379518055,3.30875161648847,3.28825633941791,3.26652424260098,3.24483046258255,3.22466152149091,3.20194908666117,3.17939216458505,3.15728274060382,3.13602738039829,3.11283223518504,3.09061455790367,3.06498629982037,3.04103076288143
"108",1.5234720610784,1.55047439139253,1.566531370745,1.57656545053157,1.59399076768371,1.60543835722017,1.61476540186761,1.62116764611623,1.62793855062866,1.63443289156322,1.63929754895262,1.64329814154631,1.64619821213553,1.64881965309983,1.64875517975006,1.64737353308865,1.64445628836835,1.63985655047743,1.63312762803237,1.62603450317109,1.61538930190501,1.60323196713759,1.58778421807453,1.57113956196115,1.55268006392694,1.53397295709448,1.50996787758266,1.48718324318788,1.46022079721798,1.43331296066799,1.40226459457696,1.36872930835114,1.33220233189853,1.28854563781255,1.24023629569295,1.17905512583757,1.10654447507213
"109",2.60939147774451,2.60755895821229,2.60328635742629,2.59825516551134,2.59357286176895,2.58961989351258,2.58513943474004,2.57933202569025,2.57260069075211,2.56618062213527,2.55949949147519,2.55108812474847,2.5414297263372,2.53274763490912,2.52279084725923,2.50986119530053,2.49619702853393,2.48056687060734,2.46322608506122,2.44506803226143,2.42507255646726,2.4019113036459,2.37614647042768,2.34834076440684,2.319919210925,2.29000187899309,2.25563298937786,2.2217417802445,2.18621508936164,2.14654060656685,2.10294241174877,2.05757604269343,2.00812964461136,1.95044652305344,1.88661455876381,1.80506158532846,1.70953107420226
"110",1.34050211349829,1.35134248509261,1.35685873790522,1.36103069606211,1.36559107062599,1.36996327333815,1.37284631289995,1.37435893888351,1.37639868062734,1.37810620004971,1.37925332293984,1.38120511445757,1.38229104488697,1.38393103832424,1.38498827283631,1.38632429752008,1.38685498923512,1.38854109345377,1.38918658848587,1.39053327784746,1.39219938390148,1.39421269997638,1.3960013444964,1.39871843803814,1.40236795751998,1.40590447062668,1.40891766947851,1.41414953525722,1.41859466964268,1.42559710872804,1.43205707802568,1.43872598409104,1.4457804997421,1.45278805293219,1.46108905334581,1.47068713752239,1.48004272784578
"111",2.06531667446561,2.07284475993439,2.07943573461049,2.08740683489783,2.09405709914702,2.1026881855976,2.11188914290143,2.12129204185077,2.13054335856721,2.14029228932887,2.15055913571717,2.16124816853036,2.17158962589068,2.18430217122498,2.19676252908651,2.20877472775038,2.22203493937863,2.23482946420707,2.24821311405904,2.2623757326805,2.27704449703522,2.29089530819517,2.30595531167441,2.32204282448513,2.33748536105161,2.35206080926662,2.3666445007211,2.37993538964733,2.39533886777513,2.40833509906502,2.42211243810102,2.43548665448904,2.45075395250375,2.46509229581495,2.48159643369852,2.49840852628221,2.51774243983372
"112",3.60358922612064,3.56854911057091,3.54237380863271,3.52373949925463,3.49081429195304,3.46873253783198,3.44775401265768,3.42820924120782,3.40690231450394,3.38647183822121,3.3678497113004,3.34860076757129,3.32831311876767,3.31112428702592,3.29655111236228,3.28108155176198,3.26669589743199,3.25514415742452,3.24437479115331,3.23506850125855,3.23184763075492,3.22925220720078,3.23028519849131,3.23298675849227,3.24083415535227,3.24731649738356,3.258550024424,3.27017506717748,3.28651710061263,3.3016962312601,3.31966058426396,3.33876529225184,3.36003050948884,3.38325153472415,3.40909070219305,3.43969224423967,3.4737987953525
"113",2.09259579871056,2.05227541391016,2.02734055845864,2.01850057350515,1.98557709961622,1.9735216017517,1.9654066692493,1.96376387430498,1.96184182306128,1.96090140269217,1.96515008294637,1.97510436586435,1.98591969200431,2.00352751681727,2.02783056571493,2.05495987764576,2.08651083747044,2.12303833281983,2.1626308925386,2.20369848969719,2.25221331955907,2.2998219852214,2.35210338086428,2.40533252582559,2.45797980570442,2.50583315160019,2.55653710369014,2.60246994025065,2.65102803736533,2.69502735802397,2.73959317176088,2.78212391450842,2.82544655435315,2.86858111669973,2.91305949578842,2.96063198298653,3.01030815278729
"114",2.73175284220693,2.76184905680629,2.79179254411033,2.82267215044651,2.8534085009982,2.88250999447958,2.9133858979227,2.94442848059886,2.97420518658631,3.00474694757397,3.03504837098997,3.06407912256371,3.09260200680211,3.12341323750947,3.15153442386498,3.17930376109565,3.20797916793871,3.23394085163055,3.25997829443303,3.28633736825226,3.31020206096842,3.33415746994951,3.35767656483849,3.38090144276114,3.40131174233471,3.42033181810378,3.43806128216927,3.45162742964273,3.46571831865527,3.47769278030347,3.49038071060048,3.50061099980742,3.51324880654562,3.52374944692016,3.53558242736769,3.54772259114537,3.56162802526728
"115",3.84180381426822,3.83506771658218,3.83214860895749,3.8318662853853,3.8278120881412,3.8260394813766,3.82544943702849,3.82473031427442,3.82374758001819,3.82516921889398,3.82692070078629,3.82668047791691,3.82637345007698,3.82780921730391,3.82707567954395,3.82702830261893,3.82620358808906,3.82487080176785,3.82227873279789,3.82089958365175,3.81701435806827,3.81553702362595,3.8120055907695,3.8078619078345,3.80366076066377,3.79929012932991,3.79350751954502,3.78604392055561,3.77816685515431,3.77084480558726,3.76414769569349,3.75582534776521,3.7498130132428,3.74191786403989,3.73522918032268,3.72829835358453,3.72288464986298
"116",2.49791991784822,2.52670061336144,2.55545915043691,2.58556526532305,2.61522417253348,2.64395991546021,2.67446760443111,2.70536796201776,2.73516016199955,2.76554029842674,2.7958376009034,2.82533670209241,2.85432640168381,2.88576003270184,2.91495926317388,2.94366528769258,2.97360728361133,3.0009477623255,3.02867202839216,3.05665843270484,3.08278653087775,3.10839618486765,3.13415778437204,3.15988328482324,3.18279987891216,3.20417281043589,3.22456544558137,3.24085444181674,3.25835073385922,3.27289525046418,3.28824687061354,3.30146961917,3.31706587509262,3.3306818074319,3.34587270142205,3.36127547688197,3.37885307270491
"117",3.52140818785737,3.51130404568544,3.50440946449032,3.50006724413097,3.49189080967978,3.48691923393613,3.48290074739042,3.4787993493886,3.47397399496546,3.47087995261392,3.46831411445811,3.46393392678543,3.45913545390654,3.45632042389512,3.45228911888232,3.44741930379822,3.44245046964653,3.43660188141407,3.42999903034046,3.42410513559123,3.41705905387117,3.41025178849268,3.40242669930178,3.39417672566587,3.38629312783753,3.37794563512088,3.36860620756226,3.358254901288,3.3493062642004,3.33847384705238,3.32838485537093,3.31790191730226,3.30940442264697,3.29909901524692,3.29037520709425,3.27996119588138,3.27183966417534
"118",3.87120948665943,3.87393792577586,3.87852551054105,3.88412783953225,3.88866081263362,3.8928727205539,3.89811038351448,3.90267251206857,3.90716132459257,3.91421531037819,3.92108448243215,3.9255672455593,3.93005802386101,3.93585087452518,3.93836627707012,3.94199538172903,3.94432375001082,3.94562840262494,3.94519430726902,3.94597279704001,3.94267834235737,3.94246964569717,3.939142588339,3.93483124554523,3.92961369077613,3.92444509031091,3.91681184167597,3.90708095798304,3.89565811800367,3.88548716003193,3.87538233344459,3.8628090244313,3.85239598836331,3.83912653415491,3.82640913944714,3.81212103505487,3.79816118299591
"119",0.595310724283949,0.65583516577576,0.709884379397672,0.761111296590278,0.818439063462581,0.867931837696536,0.917211740079207,0.965197121712459,1.01413885256585,1.06238297850621,1.10839907723348,1.1553660372667,1.2014951908644,1.24769784223863,1.29009551771235,1.33420335523066,1.37777201477815,1.41955385280052,1.46061548870584,1.50172100113554,1.53992843641441,1.57803281341017,1.61562996056279,1.65375701891887,1.68789499422761,1.72064589289821,1.75152003116778,1.77975193342714,1.80727705014101,1.83389037801496,1.85981191531678,1.88350718845696,1.90837976842076,1.93135450462461,1.95555182147146,1.97975548180834,2.00432734798694
"120",1.61962441448157,1.67370697619341,1.73428747802394,1.80091990441527,1.85931016942484,1.91812770329986,1.97929496921321,2.04148552867863,2.10098382356768,2.15879408352996,2.21528437603456,2.27153025897226,2.32586591238729,2.38194328133284,2.43480140896998,2.48703459363812,2.54008250350925,2.58947446626823,2.63887263912834,2.68726159691338,2.73375481568443,2.77828919818613,2.82325785242892,2.86764409958702,2.90753239208977,2.94429857873324,2.98019139743771,3.01045474310729,3.0419590047217,3.0692798998285,3.09709118424078,3.12221123349167,3.14926706593288,3.17443269485291,3.20101162341339,3.22843244613881,3.25793472355047
"121",2.01262654737504,2.00586892630171,2.00393321634822,2.00830569800229,2.00453189052407,2.00863909501873,2.0144901474172,2.02251476159161,2.03047385617281,2.03909902743709,2.0495735995419,2.06209697243132,2.07464233623012,2.09080285387519,2.10860356689094,2.12705602368461,2.14773710634998,2.16958918737,2.19291866163252,2.2173830064539,2.24463676747821,2.27134940761041,2.30073749409474,2.33150122966756,2.36183688325107,2.3901915877459,2.41994324299867,2.44729904607671,2.47729598777239,2.50433288487372,2.53238114260826,2.55959944498913,2.58855815438621,2.6172515139246,2.64811198378098,2.68102018843794,2.71673811170821
"122",1.40316967880085,1.40052449408363,1.39459168647704,1.38895635749385,1.3797945170025,1.37344325841371,1.36519018531106,1.35564909903961,1.34606404152377,1.33560662724072,1.32474368422717,1.31467106822048,1.30311333519634,1.29177340992852,1.28089627281702,1.26983398585543,1.2572715194125,1.24731357600548,1.23576149953546,1.22470677629045,1.21611772743505,1.20807141796771,1.20031063961673,1.19357010151245,1.19055120529753,1.18726824439297,1.18536410393564,1.18801982096215,1.19042308714594,1.19757689477469,1.20480221603159,1.21387642827976,1.22305788372176,1.23467534087583,1.24825123081916,1.26653190245054,1.28539291441028
"123",3.76857960948788,3.72519425499543,3.69608945463404,3.67955732177741,3.64178101689339,3.62033430756296,3.60200458759305,3.58792325899463,3.57266119166549,3.55937970271103,3.55002196347646,3.54250838885008,3.53546327333649,3.53407208554581,3.53738657984089,3.54292131645027,3.55151049358617,3.56474084986939,3.58013224056573,3.59790717263546,3.62162703214313,3.64757718349416,3.67656742989101,3.70609484864147,3.73709999940099,3.76486877913687,3.79509805935941,3.82137026708779,3.84779659147945,3.8740974589481,3.90111792642861,3.92507562110413,3.9500791789249,3.97447896321614,3.99889963710397,4.02736728322773,4.05536402695962
"124",4.73394434199595,4.73245745516502,4.73391388800621,4.7362899016796,4.73450075187251,4.73115559660481,4.72751431772665,4.7218614829361,4.7176563499025,4.71726350711792,4.71548301017969,4.7106382563081,4.70587379031916,4.70019533384617,4.68914950441581,4.68303548180715,4.67167100386904,4.66191817245771,4.64729912281453,4.63472990189738,4.61555875530572,4.60463513523441,4.5867301200621,4.56663017072339,4.54714382025533,4.52842224458463,4.50610616035196,4.4833674853034,4.45439417945217,4.43333538837766,4.41118816705087,4.38551934352587,4.36129516455525,4.33448957116807,4.30700936797289,4.27941483983087,4.24986192565627
"125",0.781697000231789,0.782746901738885,0.786136256713197,0.795109900122375,0.795224574495499,0.802244550952679,0.809764475400778,0.81917931760697,0.830109723352587,0.84125429405088,0.85375110927633,0.870474037045684,0.88751484751993,0.906990326325602,0.928419105385904,0.953843334103894,0.980070586957284,1.01050691543787,1.04155284235434,1.07432033445354,1.11031095920107,1.148247474407,1.18820227051517,1.22991030658781,1.2713864541717,1.31078973785932,1.35147516419427,1.39124912701163,1.43044671015762,1.47116400891426,1.51134134726645,1.54997287775372,1.58890548483249,1.62827298001254,1.66893562745564,1.71336715414295,1.75806657882392
"126",2.01019723970475,2.01865218440512,2.02148428585797,2.02190351415548,2.02479818487485,2.02647321561619,2.0269391421462,2.02560687383577,2.02393417392047,2.02217474176109,2.0197372553054,2.01634857647779,2.01177835736939,2.00778789495617,2.00236985681643,1.99486542995104,1.98647730706151,1.9767779525008,1.96544856676649,1.95370303639803,1.94023207413859,1.92460333264688,1.90684349364048,1.88804548327495,1.86882594623882,1.8489280320169,1.82545507701034,1.80344062900311,1.77968928828857,1.75484984240356,1.72738166025697,1.69912952764433,1.6689934846763,1.63417496434629,1.59705361213898,1.55122478958743,1.49930720022442
"127",3.41325634361571,3.40098864266316,3.39738766650417,3.40107501349923,3.39615349282113,3.39874446715302,3.40427579670108,3.41206146208786,3.4193126479481,3.42872123495213,3.43992545730785,3.45101106922647,3.46239245115296,3.4773064780587,3.49194605282054,3.50746209547869,3.52422968784756,3.54092574215674,3.55801694251795,3.57633481313125,3.59433835231628,3.61393535964824,3.63365450933218,3.65331202724117,3.67205588942865,3.68930059718043,3.7064428375411,3.72005125919585,3.73375519832824,3.74713613021617,3.7614154718182,3.77321957400968,3.78720085714596,3.79989380728826,3.81362893215444,3.8295659770006,3.8466693635088
"128",2.57603492154567,2.56688918161971,2.55822916871973,2.55128947478915,2.54110534552217,2.53466573914665,2.52824400355965,2.52148174677522,2.51377485201578,2.50640785754922,2.49950018155119,2.49177304478872,2.48303123558732,2.47608490724007,2.46918758011506,2.46016419836509,2.45138093193592,2.44214755378225,2.43242062900824,2.42281769892716,2.41407908638923,2.4035336334929,2.39318339605554,2.38292562956162,2.374034252844,2.36441234696261,2.35456465561962,2.34584623769744,2.33932813325044,2.33089055995313,2.32296629630249,2.31627026493468,2.31065975498135,2.30452071531762,2.30036492249873,2.29543341609196,2.29283282533581
"129",2.32479216583564,2.32179225244559,2.31689467364824,2.31213612969062,2.30626157691612,2.30234088857399,2.29789105169015,2.29250080754222,2.28636800250657,2.28032819886741,2.27428752927072,2.26738304849541,2.25933030577197,2.25253486869051,2.24525869665985,2.23575254074795,2.22596386928808,2.21541420859949,2.20383301186973,2.19207529185704,2.18024067833512,2.16632100365265,2.15163317708881,2.13653230118089,2.12225238289046,2.10723149315328,2.09070302039088,2.07572735036222,2.06145076717363,2.04574544029854,2.02936560217883,2.01373401221949,1.9980505182344,1.98061302741657,1.96381001246882,1.94381626719185,1.92358794045132
"130",4.01679924514852,3.9985673632785,3.98616040470295,3.9779132156817,3.96189905405436,3.95074848230411,3.94050782635125,3.93033218336749,3.91963506616372,3.91115313180476,3.9032485192372,3.89341542392569,3.8831814248027,3.8746711777936,3.86503256976279,3.85589041155157,3.84576043064089,3.83627059434985,3.82544664534292,3.81584766827676,3.80567326848782,3.79777401744019,3.78862618724947,3.7791017291279,3.77143722430353,3.76339685170352,3.75550297091134,3.74714327838782,3.73963799606807,3.732936830936,3.72759033729466,3.72191936242306,3.71863187432124,3.71510645157887,3.7135362861907,3.71390102624172,3.71702084035834
"131",3.20444638947408,3.20749766060168,3.21019906743295,3.21305279673402,3.21626738618668,3.21957873309628,3.22361275475424,3.2270235965202,3.22977583479376,3.23401977017821,3.23835505785037,3.24076026616729,3.24277328349958,3.24661503184067,3.24852200869311,3.24921130597512,3.25002754283995,3.24887758309733,3.247095497558,3.24579951156178,3.2422042544702,3.23818417089863,3.23279814830705,3.22686629994941,3.21992251972659,3.2126089571419,3.20310990195911,3.19194119348734,3.18163474965158,3.16838297134552,3.15512405947812,3.14068039400562,3.12778439806906,3.11131997690866,3.09545101268855,3.07454826108987,3.05393973322889
"132",4.0179377233443,4.02281098603946,4.0338878015695,4.04924598601609,4.05997751670904,4.07238215884318,4.08702726888194,4.10215937667995,4.11739481788201,4.1356211223093,4.15391414655195,4.1704675839742,4.18733565747518,4.20569310450283,4.2201816661662,4.23789409547111,4.25374652345045,4.26944764576869,4.28288747332027,4.29788338160213,4.30787555176867,4.32372479642679,4.33546539576864,4.34576738053313,4.35451399887046,4.36280548757752,4.36853054170117,4.37112433708006,4.36845973949911,4.37196155698729,4.3750329203489,4.37352944587893,4.37389787708721,4.37215956886895,4.36991681960067,4.37064115835891,4.36937992454555
"133",2.6649245033744,2.66454713706489,2.66414734429975,2.6649534751691,2.66446384292182,2.66610160243601,2.66834893898654,2.67046760014175,2.67191921990527,2.67421723153583,2.67701298713514,2.67898928969255,2.68045654506782,2.6841536606585,2.68725351594744,2.68890452014718,2.69142604733487,2.69279895522078,2.69428167111331,2.69629762488351,2.69810932879622,2.69875496341529,2.6997227101014,2.7010597235922,2.70220985038459,2.70279788421524,2.70275022789668,2.70184099325156,2.7031213536609,2.70154323472767,2.700704138826,2.69980955693525,2.70079176611303,2.70020795273272,2.70155586200292,2.70142480989921,2.70370104108139
"134",0.0581633919332726,0.0696776430272971,0.0783433691031598,0.0851454628204023,0.0955055643643681,0.103061230726395,0.109517774907983,0.114621700726236,0.120995406939135,0.127366098408433,0.132595403508703,0.138453450669259,0.144141942131887,0.148712769187487,0.151487955572413,0.15601486326108,0.158533153680949,0.161961613490471,0.163550725141695,0.165544063965126,0.165299698719168,0.167011634805941,0.166430150275089,0.165795923303718,0.164719241260758,0.164190306964311,0.161560655050231,0.160790004843791,0.155967501067885,0.156021221151908,0.154229099725157,0.151290703479602,0.147466943538863,0.142792090306568,0.137242272483027,0.131619903478727,0.123018161810118
"135",4.02457990627124,4.00735809934066,3.99409200230816,3.98329937999499,3.96637402123642,3.95272348079709,3.93914459426429,3.92460997650368,3.90924496958461,3.89563528450306,3.88183559821619,3.86508586442096,3.84718939145656,3.82988435504993,3.81060878443381,3.79012438630413,3.76724971013025,3.74364799539433,3.71704619020092,3.69002012174407,3.66086070956788,3.63106813807652,3.5973900050432,3.56064266033411,3.52497177429465,3.48719279379115,3.44607147434298,3.40490608842217,3.36302384805739,3.31716280565271,3.26838093902123,3.21857767379173,3.16515762265637,3.10530125172684,3.04025115491596,2.96004060117534,2.86962089419944
"136",2.51080617928489,2.50148744721996,2.49114049164952,2.48130926985743,2.46919063466512,2.45989089846735,2.44986262672517,2.4387063699041,2.42639018459749,2.41397096407613,2.40143115976644,2.38744768349708,2.37184789245166,2.35707357287711,2.34177151223099,2.32324867813406,2.30364043520721,2.28294771139705,2.26023140901719,2.23643305359627,2.21223193264689,2.18466683732528,2.15490970187635,2.12312595550507,2.09241907167469,2.05989247861043,2.0243703484784,1.99113158190342,1.95705855016987,1.92077677077515,1.88173245197504,1.84325835658575,1.80163748545813,1.75629787599166,1.70836667851439,1.65211016683447,1.59055954261567
"137",2.48591488268802,2.4153685400672,2.36971141267858,2.34958053924359,2.28857329497166,2.26124631725121,2.2405933798048,2.2314273263977,2.22137705542255,2.21292855792137,2.21373806899121,2.22409009337111,2.23639185858819,2.25952278691457,2.29453818703483,2.33393442864657,2.37984212313029,2.43290975727633,2.48969947822972,2.54706658120356,2.61403703737512,2.67833965163423,2.74722414639368,2.81505271403276,2.88058270030807,2.9385456113147,2.99897956140675,3.05191938114484,3.10635429239693,3.15504510347932,3.20362187499912,3.24866228628475,3.29379728016292,3.33799723838781,3.38243857703565,3.42995412810802,3.47829285142865
"138",3.84432489860536,3.82709125023781,3.81527348903666,3.80745873091825,3.79267040371504,3.78274493686182,3.77383625572069,3.76509947425958,3.75570367282813,3.74832966037073,3.74164855194442,3.73316750434106,3.72427982828693,3.7173430014629,3.70948491412022,3.70159131315426,3.69317807904745,3.68498313238967,3.67580195713816,3.66769154876447,3.65915597163861,3.65210665930868,3.64416957634778,3.63595706962323,3.62925559886267,3.62210590889942,3.61500377552836,3.60727141276569,3.60088239678411,3.5942812257069,3.58901429378752,3.58355724311621,3.58046248206432,3.57688321224615,3.57534659117291,3.57502230539516,3.5776778111492
"139",2.29476306667365,2.29224065187136,2.29704708648073,2.30963562349009,2.31365910975452,2.32583039611492,2.34092830069244,2.35889886269855,2.37648549251049,2.39505881494438,2.41555691247169,2.4376345752144,2.45977092611165,2.48580842022186,2.51257726424512,2.53967408934384,2.56913330764492,2.59827694624893,2.62879045695346,2.65995483364792,2.69244482107932,2.72402862132956,2.75759613209257,2.79177180850129,2.82413679130097,2.85410759823142,2.88468978880914,2.91132443805862,2.94023140531244,2.96545368552919,2.99167279916187,3.01623323845135,3.04277441158025,3.06829980684169,3.09564960666158,3.12453601257569,3.15603022781993
"140",2.43310851916073,2.44148787101878,2.449426425244,2.45860769268852,2.4671330413921,2.47704308540525,2.48792670727852,2.49901435005274,2.50964393242881,2.52109575771185,2.53305408034974,2.54471137369882,2.55606943734508,2.56993764259068,2.58303759325395,2.59530575850761,2.6089087066037,2.62121706653936,2.63409507107501,2.64764763314646,2.66089350227236,2.6732437869659,2.68639371516665,2.70020358089437,2.7129212762281,2.7248054055968,2.73626873795856,2.74572480525828,2.75737842063657,2.76597007520843,2.77547756538315,2.78428107566765,2.79527842974468,2.80479504543826,2.81638417936089,2.82751864892351,2.84133109921208
"141",2.39294723046788,2.38977260777125,2.38499056502996,2.38048529004288,2.37482343093395,2.37117706980785,2.36714647778634,2.36226727399906,2.35662355233851,2.3511756796971,2.34579619879735,2.33950203409065,2.33212720704022,2.32613519406215,2.31965229177529,2.31095264424272,2.30211746178894,2.29241992378803,2.2818256094077,2.27111820283432,2.26030396703075,2.24743095220542,2.23390168550922,2.22002116903092,2.20683962896948,2.19293932343294,2.17758935985658,2.16349421747909,2.15034358747096,2.13541562151643,2.11996616836644,2.10518676817424,2.09056924401251,2.07410966881404,2.05840389088547,2.039418935979,2.02047245686701
"142",2.47164242454382,2.50189378167125,2.52933628445288,2.55611174101945,2.58486777381012,2.61101117868547,2.63832201298881,2.66537113840345,2.69152472634233,2.71831187053147,2.74480333258574,2.77025894428014,2.79524359776162,2.82243479178431,2.84729150880381,2.8714354119406,2.89671671732034,2.91933947438248,2.94229940104693,2.96561749015257,2.98690984638622,3.00756280235579,3.02826607456286,3.04908652457574,3.06730668295843,3.08440361488314,3.10030429572634,3.11265008013063,3.12640963915853,3.13702467393381,3.14841348304028,3.15801051031654,3.17001758477965,3.17984873354423,3.19136974042425,3.20225836823352,3.21542203735229
"143",3.74956898138749,3.72007898071222,3.69672518811742,3.67815882760079,3.64886123629587,3.62698918003463,3.60521353750374,3.58327961679594,3.5594660324603,3.53628334948464,3.51355904897043,3.48846212126747,3.46142999001804,3.43554590754607,3.410029158256,3.38169140155219,3.35181289153452,3.32241842986117,3.29087847486852,3.25848272808609,3.22882441460539,3.19702030899203,3.16486297387907,3.13121566448375,3.10292437341236,3.07239678046807,3.04438638095175,3.01990539670203,3.00041923335422,2.97963852359824,2.9613869917077,2.94828791796703,2.93663221888405,2.92958412525346,2.9270683543501,2.93052746955547,2.94160050412543
"144",1.9722735961761,1.99869967039919,2.02532569669777,2.05418215208736,2.08167045922571,2.10964483465542,2.13924649682158,2.16964162557814,2.19951855131179,2.22969110598024,2.26000904948667,2.29069408055287,2.32092004564209,2.35368174351104,2.38499945352217,2.41613200941868,2.44877785765667,2.47949141640678,2.51091469191945,2.54259657128917,2.5735130223062,2.60329634128517,2.63407332046851,2.66529295752386,2.69377865854367,2.72045724725963,2.74666022460247,2.76910270613079,2.79342325881047,2.81409541176528,2.83552505071473,2.85528269929509,2.87717154825465,2.89747065075775,2.91964589898911,2.94218903499271,2.96726258931204
"145",0.0103210694814823,0.0147464843827628,0.0195414628127265,0.0249260343869839,0.0323311944660794,0.0396636270738026,0.0477225326352766,0.0563257906213779,0.0667269688802863,0.0782241439845801,0.0900125156370831,0.103731350271712,0.118541174744776,0.133791316899034,0.148185792208036,0.165917829622296,0.183097064859247,0.201993662283139,0.220290931091866,0.239913245714893,0.257780619835556,0.278850696705206,0.298617185953475,0.319301942531222,0.338570605024176,0.35823144886653,0.376028659927044,0.394800351397752,0.408667409946692,0.428917237739709,0.447153068583225,0.4630681368466,0.478395295363548,0.492807045659665,0.50653662031774,0.521990183168635,0.53316783747475
"146",1.50832092426606,1.57215253587105,1.62141618557077,1.66225501940871,1.71350303996883,1.75325924840656,1.79175833325533,1.82745736260744,1.86291988926709,1.8979259311008,1.93076607540803,1.96249320541331,1.99331034559992,2.02472301790573,2.05237655512831,2.07936374558763,2.10657350750574,2.13055646751296,2.15425304086991,2.17803347863751,2.19846119259662,2.21772170753903,2.23630600137777,2.25519880494457,2.27063997531771,2.28555760033828,2.29793916779059,2.3078667023747,2.31821716931552,2.32573029795547,2.33293566345395,2.33835978260985,2.34544568685479,2.34928176485471,2.35420094507553,2.35583081765532,2.35786540518899
"147",0.164072529782668,0.215619962665123,0.264483623277659,0.311499112052446,0.369812104147416,0.419399286819303,0.469336301866538,0.517935777786811,0.568744866309993,0.619451617343934,0.667467970995484,0.716543767921706,0.76515520150598,0.81281799863435,0.855564566096549,0.90106201252601,0.944961614721425,0.987216382702125,1.0279392402384,1.06882178805771,1.10518629100306,1.14262919137523,1.17823587459414,1.21426989508969,1.24585681092581,1.27672699442435,1.30456016585548,1.33064538929451,1.35377078325917,1.37855945004684,1.40167817268739,1.42198542891089,1.44284680826828,1.46132555416854,1.48018764788147,1.49855564617891,1.51511903172879
"148",0.889776435580366,0.897178469081702,0.897192592653727,0.894319563454997,0.891541111611005,0.887687419870296,0.880528963585146,0.870559286098266,0.861043523487332,0.850215694903498,0.837686644865303,0.825437677911403,0.811268683655702,0.79538682187399,0.778381343063631,0.761327867468447,0.740552030394718,0.722016296667256,0.699809237878406,0.677185568300398,0.654499567277458,0.632571596286562,0.60790018851534,0.582517485026484,0.560559279084634,0.538443716305054,0.515494745410663,0.498649530155885,0.478257076557637,0.465261536976856,0.450644802952933,0.437810870851883,0.423336537995881,0.410933982628333,0.39876355586387,0.390009038491988,0.379451929636222
"149",1.45310434392225,1.55171255247026,1.63163619957131,1.70021854015911,1.77836681377678,1.84012576315761,1.90016220998758,1.95651063888336,2.01093408101488,2.06365276842549,2.113035093372,2.16038168165358,2.20602649434558,2.2519871667348,2.2930642548864,2.33313673198534,2.37347499710529,2.40941377151818,2.44512063696935,2.48040445387737,2.51197609682688,2.54206362711497,2.57172462869828,2.6013786330374,2.62669313602629,2.65069929013604,2.67259524528226,2.69042773841505,2.70928393400554,2.72436375979531,2.73968221204379,2.75283219627624,2.76815957462817,2.78068101486595,2.79473056828444,2.80707668870586,2.8211791535459
"150",2.6960794765629,2.73599007709757,2.77516733962429,2.81477089218871,2.85401382992845,2.89030238960848,2.92827817201275,2.96614784816218,3.00227961260298,3.03879912317719,3.07464171780576,3.10891287613108,3.14241014780037,3.17795034074877,3.21023943167132,3.24218209628802,3.27479285557397,3.30432414271449,3.33370635190998,3.36321623738769,3.38975245279713,3.41650438829743,3.44250755176724,3.46796781786655,3.49023935325823,3.51094388557334,3.53015595265526,3.54485161615515,3.55959620809558,3.57258294579524,3.58616141396734,3.59692723336959,3.61004567321032,3.62093840999594,3.63296109334351,3.64552635643805,3.6595275137737
"151",0.207739505078395,0.229746591769273,0.246106658684281,0.259519705304538,0.277573511660359,0.291455300126508,0.303730903213044,0.314222595547906,0.326581434160529,0.33889954005548,0.349759157631686,0.361899709857602,0.373848104511664,0.384790907646567,0.393563327859805,0.405027211728446,0.414323863147573,0.425101017788387,0.433919443694026,0.443615188176541,0.450962651854652,0.461009706129451,0.468822447197807,0.477160902656599,0.484786929103528,0.492969869182257,0.498828670822859,0.506867832325893,0.509946697564132,0.51954903750324,0.526943409439029,0.532665446006755,0.537589770549158,0.54150925155956,0.544723697425651,0.548774453319505,0.548587892933945
"152",1.94620743406816,1.95695093831189,1.9648409571481,1.97271813091034,1.98084835362935,1.98954225812123,1.9982521503889,2.00656379777668,2.0148276837573,2.0234168192158,2.03213686052933,2.04108688931069,2.04954945418831,2.05990979978704,2.06967211103571,2.07885277028912,2.08883383566697,2.09826902373074,2.10790482634852,2.11821693343969,2.12858352990083,2.13811049563202,2.14834652271852,2.15949893055157,2.17010443490238,2.18012764794285,2.18969276625655,2.19866604504309,2.20920751657094,2.21796410507183,2.22715360424872,2.23607698625858,2.24661242498747,2.25602371007112,2.26737522474209,2.27841679372383,2.29134903036836
"153",0.401694894719077,0.407444834342362,0.419383921906514,0.439814018346176,0.450033984290612,0.468548844046909,0.489443318736626,0.51402359178373,0.540838233946014,0.568470514332115,0.597937879924506,0.632715152244188,0.668355868144885,0.706726019507018,0.746333972410933,0.791004743395583,0.836375586840383,0.884985302691812,0.933843228136816,0.983702417956007,1.03505576474382,1.08788058952362,1.1417741180597,1.19654556282367,1.24871542107454,1.29787787332146,1.34719707385706,1.3938615309973,1.43910244404574,1.48509843203904,1.52999762496758,1.57233884954751,1.61482462529574,1.65699279791628,1.70010605562316,1.74640604690544,1.79260793393661
"154",2.30282521061984,2.36511836168017,2.41692406032934,2.46270429940817,2.51461239207946,2.55699596079501,2.59939381334382,2.63984338902939,2.67862881394876,2.71720342312267,2.75406979086605,2.78886252758697,2.8226500928615,2.85781232870056,2.88909725320313,2.91938019152152,2.95030876946329,2.97742306144195,3.00446935331102,3.03152766360058,3.05519180707269,3.07816402917768,3.10051154654369,3.12264718261397,3.14129957998559,3.15886518602321,3.17451916287289,3.18612994426166,3.19861941782432,3.20796681209422,3.21785502821279,3.22549428242672,3.23557216219407,3.24291257030573,3.25169527618307,3.25914441287391,3.26845760558222
"155",4.76488082085338,4.75893126892841,4.75827643302414,4.76063713925385,4.75583484076793,4.75184320679486,4.74820018462621,4.74351139551236,4.74038016156033,4.74129082662188,4.74147688191094,4.73942760885468,4.73781184726349,4.73601286062077,4.72966939614408,4.72935966686885,4.72437751740636,4.72218978543687,4.71573743382829,4.71197825809221,4.70266182313387,4.70314564892007,4.69748844959045,4.69024227429705,4.68394285887929,4.67832287438134,4.67018762739698,4.66124395783131,4.64473969351865,4.63929750489633,4.63312988101063,4.62245432340311,4.61345962427884,4.6031510664263,4.59197679991347,4.58534968782308,4.57562783904207
"156",3.80145137391897,3.78944814230144,3.78093061372767,3.77479538196969,3.7642900367467,3.75663663534272,3.74964822336581,3.74219097768813,3.7341132914924,3.72799566584824,3.72209550296058,3.71388016878293,3.70512153529363,3.69779840392984,3.68872017532916,3.67906994200791,3.66838506131303,3.65695686042113,3.64393013083233,3.63147577161586,3.61712340711199,3.6034330459446,3.58756840528518,3.57057069894526,3.55417158366538,3.53722290634413,3.5185655985567,3.49923470616942,3.48046301741247,3.46011920528953,3.43986093989276,3.41905797275913,3.39952662134294,3.37744047886001,3.35606221772364,3.33106856283029,3.30708153668431
"157",3.8771166220029,3.9410387913061,3.99885898876905,4.0519724187225,4.10561996577493,4.14888104598267,4.19214924861952,4.23253977876324,4.27134830644655,4.31164127758545,4.34910399283517,4.3827597764347,4.41569238409607,4.4479196471646,4.47259968962396,4.50125551452112,4.52575285701616,4.5488641480677,4.5677545411848,4.58781661016756,4.59914644252053,4.61850642516088,4.63087015288558,4.6407175912084,4.64773640634523,4.65467166573682,4.65712772901615,4.6563065179006,4.646524778719,4.64688728064563,4.64573005001599,4.63838772445005,4.63259092901352,4.62399518092812,4.61382550817621,4.60696852425746,4.59596300246712
"158",1.48263067852346,1.47244273816544,1.45966747180903,1.44768031674507,1.43019006802991,1.4168116479688,1.40101965899492,1.38362985292246,1.36556180935121,1.34601435955188,1.32580516338054,1.30585840922899,1.28359229850391,1.26080073809153,1.23871631963697,1.2153600201856,1.18932130021878,1.1663215695601,1.14055040461319,1.11438073211478,1.0917604125377,1.06905454746335,1.04621558800275,1.02366400333187,1.00733804521855,0.990304028894059,0.975970969415351,0.968868844839311,0.961929059389689,0.961865648452918,0.962397310110471,0.966925656278964,0.97106827579707,0.980352570294206,0.992250113130721,1.01212098040149,1.03343244946837
"159",3.22862544928595,3.2038405433861,3.18740539606327,3.17845376346655,3.15845305558216,3.14823888322646,3.14012593896367,3.13415650297866,3.12721421323234,3.12173068122684,3.11846324493488,3.11549893931934,3.11246740926978,3.11330777857113,3.11598552276791,3.11859392245918,3.12323129212325,3.12922450751237,3.1365180650128,3.14530150810328,3.15725041538157,3.16960936036527,3.18439102629313,3.20026428165846,3.21747804934752,3.23318527831746,3.25092002892716,3.26660288671406,3.28518370895145,3.30164833529424,3.31986470384036,3.33743422325134,3.35723013330882,3.37702150668278,3.3988786190969,3.42345299285297,3.45090130879838
"160",2.22552170872327,2.22546680536894,2.22090605817586,2.21444066616203,2.20907980208152,2.20369434527514,2.19685650011057,2.18799202244777,2.17827135532748,2.16821476068791,2.15735013078408,2.14481804759264,2.13052020065008,2.11624109339214,2.10042812348085,2.08117989624828,2.05995497371389,2.03684595019257,2.0106690987947,1.982735580097,1.95216982588197,1.91745161475051,1.87804876358237,1.83478110795413,1.79050018146706,1.74341200041532,1.68895990833256,1.63583059977478,1.57635939192365,1.51286303142563,1.4403318608778,1.36305195828457,1.27409883840982,1.16959803366967,1.04753007130003,0.88953761745565,0.69348017717111
"161",3.05056889889586,3.04151225279159,3.03352579304667,3.02698893638279,3.01791728672745,3.01171759326296,3.00584342659953,2.99948161525766,2.9921004081555,2.98561949260811,2.97947694431978,2.97164570824923,2.96291875909732,2.95590715498359,2.94810839139722,2.93803974232968,2.92791138883605,2.91642119147717,2.90403742850615,2.89159608933592,2.87847101547339,2.86346445079557,2.84741564040798,2.83053200176314,2.81405848018535,2.79669269791291,2.77758477832871,2.75853755078483,2.74094592985049,2.71995070511413,2.69856186893064,2.67737861122437,2.65654237307636,2.63278587472482,2.609362999328,2.5805002629427,2.55156920266739
"162",1.95236103064626,1.97869142450733,2.00478163504531,2.03280073964194,2.05980048773894,2.08707840220139,2.11586480752521,2.14534306949608,2.1743711778371,2.20370260563636,2.23315701393984,2.26298790343431,2.29237672759751,2.32426005009671,2.35472099578669,2.38500586369302,2.41678178150797,2.44668716931742,2.477296614274,2.5082018830348,2.5383628377805,2.56740863820829,2.59745159812124,2.62798955323553,2.65586618089271,2.68201128757714,2.70767485919692,2.729717069815,2.7536468364538,2.77397740163229,2.79505318789513,2.81452368557383,2.83611548631531,2.85612891156686,2.87804103643337,2.90026343459723,2.92501566083522
"163",2.39263393436149,2.41504973359805,2.43091453375736,2.44331280335107,2.4609419006567,2.47461863595418,2.4880829584202,2.50002157433991,2.51149972280948,2.52358473416596,2.53505110706226,2.54502860619636,2.55439962204156,2.56519692368522,2.57371933777613,2.58056691831824,2.58780133648775,2.59239482815672,2.59659730901257,2.60097447155103,2.60277494710585,2.60302298600721,2.6021943311187,2.60113635416777,2.5980823618564,2.59472086598362,2.58852276539771,2.5808416880925,2.5737289156901,2.56311173470402,2.55181681138505,2.53914700242194,2.5274400925628,2.51132600315568,2.49522710039648,2.47231631947265,2.44797464341453
"164",2.73310347312779,2.72091159220655,2.70948194589528,2.69972481991658,2.68639659014903,2.67695143299013,2.66736680115926,2.65721698645978,2.6458800204725,2.63481768786858,2.62406494577468,2.61199574267702,2.59863239410273,2.58673653369838,2.57469635173023,2.55989803089322,2.54479189646275,2.52889801782368,2.5118626992102,2.49441434494832,2.47741924747536,2.45788392939323,2.4376044712744,2.4164851027687,2.39688081827907,2.37610566810562,2.35423800164866,2.33401685985027,2.31536211236651,2.29438782389182,2.27305107972417,2.25313518848446,2.23310380209961,2.21181374267358,2.19144574328392,2.16817487883656,2.14579747975325
"165",1.52881365266464,1.51062034759056,1.49755755650351,1.49207218151202,1.47357209994836,1.46605570714477,1.45918478810776,1.45461197575873,1.45018496409591,1.44571856550714,1.44347432075144,1.44487754330226,1.44616043541959,1.45098312369652,1.45973479630343,1.47084322613595,1.48395099546164,1.50205616219723,1.52184343472696,1.54367081863613,1.5719077549417,1.60121639103141,1.63459901305645,1.67034036399507,1.70800250880625,1.74331348478556,1.78188471480582,1.81972347219454,1.85957593461913,1.89884316009215,1.93868972110473,1.97799865331743,2.01804054036457,2.05920258570404,2.102302059805,2.14956512943327,2.19873185917473
"166",1.80224956661367,1.84400974997153,1.87590307994341,1.90257387942157,1.93651540232651,1.96353760750859,1.98997054295888,2.01454899025208,2.03899920263787,2.06352061537604,2.08682657173044,2.10930700967303,2.1311379080755,2.15413501794385,2.1743969147069,2.19381602476326,2.21373514391915,2.23106470728964,2.24828191132365,2.26577089677465,2.28073620941379,2.29452326453733,2.30788845411617,2.32162611341132,2.33273141849397,2.3433910661975,2.35187761321719,2.35840824657957,2.36569746115779,2.37017037709761,2.37449091234498,2.37742523126144,2.38199494106773,2.38356420758472,2.38630875491932,2.38585541547589,2.38602360044767
"167",2.25251378069671,2.24103126972922,2.23067818712577,2.22313614422288,2.21031643222168,2.20283746899804,2.19529053059064,2.18782252841278,2.17958226944781,2.17137759785638,2.16392326995543,2.15664669646309,2.14840078569885,2.14219699993911,2.13701979145345,2.13052782499558,2.12461957918881,2.11970869308071,2.11484571390681,2.11063543572043,2.10913456341856,2.10667449127302,2.10585488082663,2.10620493844622,2.1089273836084,2.11094991533198,2.11451790640254,2.11960828234478,2.12751020212409,2.13470998403384,2.14313402261948,2.1530424812532,2.16447298860494,2.17694735825754,2.19217452268433,2.20978455432594,2.23055862281866
"168",2.62860035420938,2.60804064462317,2.59023760826197,2.57599052606615,2.55452666940205,2.53975553415058,2.52483905034217,2.50989598401114,2.49349516664181,2.47696522428566,2.4611514005071,2.44465908569494,2.42663558860138,2.41034654354894,2.39524085442791,2.37759252325803,2.35989406994816,2.34301390262939,2.32546085442689,2.3078582130988,2.29352732842738,2.27728619240541,2.26229477010011,2.2477282774395,2.23709842499794,2.22542020621156,2.21586572779591,2.20934073891154,2.2064953724434,2.20309916157919,2.20136754646344,2.20275508350852,2.2054883910686,2.21064981854607,2.21916283010732,2.2312312893801,2.24767966454041
"169",1.18117394517125,1.21407523897884,1.24441491782454,1.27561395231682,1.30696995414282,1.33728555575955,1.36821983969139,1.39941281680525,1.43129130031266,1.46314153074582,1.49460944897111,1.52763732904341,1.56028150299404,1.5945992104399,1.62739180100723,1.6613927568232,1.6961038196695,1.7300889828936,1.76430485286346,1.79897635499172,1.83294415276828,1.86645344668743,1.90074118989296,1.93588726493825,1.96834384955386,1.99918107774753,2.02938554039818,2.05697719952831,2.08536819886697,2.11175189766093,2.13817970393389,2.16300960025778,2.18932512831154,2.21437634365845,2.24114437545276,2.26864084317764,2.29774150815376
"170",0.216966713008786,0.245193229235354,0.270382509122107,0.29489178912683,0.32356922259114,0.349070029830867,0.374506004717391,0.399540368380074,0.426985025347651,0.454890832599462,0.481839645295566,0.511120565470834,0.540699554392942,0.570274981459458,0.597564512345819,0.628550384616337,0.658357588875931,0.689270957230389,0.719056167662558,0.749876055389195,0.778420453743971,0.809402582188983,0.839160023557501,0.869873974768806,0.898192554034565,0.926118471486916,0.952094713254878,0.977981257928585,1.00021467344732,1.02663645921942,1.05131543797622,1.07365235122997,1.09603109559272,1.11723363651066,1.13867829118678,1.16156488814226,1.18200766965543
"171",1.63286803496439,1.72312150641831,1.79211827417006,1.84814884702532,1.91720837966623,1.96928434810391,2.01938392124142,2.06547651491291,2.11029603660142,2.15407928637689,2.19478016826391,2.23322611667278,2.27034796823206,2.30777893710079,2.34041398513816,2.37183483974616,2.40346221373654,2.43072153298165,2.45765797762853,2.48441239690188,2.50698509737241,2.5281706503985,2.54844194653849,2.56871825910278,2.58489422019746,2.60042403810482,2.61314384378028,2.62249656633042,2.63249128281949,2.63884295540574,2.64506822136486,2.64916335989097,2.65524548804312,2.65764097791692,2.66110970141992,2.66077076246457,2.66111794614807
"172",2.89901907614217,2.91827200049218,2.93412982020485,2.94830947103706,2.9657278939028,2.98039019041328,2.99575680379012,3.01025266523733,3.0240687137088,3.03909201680571,3.05383390917169,3.06677183245071,3.07936111244935,3.09382247606924,3.10579734010444,3.11673776730902,3.12821743987163,3.1371201290407,3.14579646992794,3.15498275854103,3.16143773788832,3.16752560459355,3.17263925709145,3.17754250218542,3.18048579777291,3.18303696058896,3.18351014688794,3.18144057375652,3.18030173433141,3.1762433639365,3.17251503673647,3.1671994767908,3.16401770776317,3.15762191351372,3.15235742726529,3.14368216225779,3.13621707057193
"173",4.07967990503951,4.06302057354872,4.0537211550677,4.04985738150345,4.03732242235468,4.03037570491036,4.0250910324619,4.02061459884934,4.01604106887744,4.01423278417663,4.01340969507415,4.01130248261037,4.00938129605928,4.00971753247117,4.00883130451846,4.0099709244964,4.01043075011992,4.01206974743448,4.01267236644875,4.01511598237733,4.01638116194924,4.02172073708074,4.02558397859053,4.02915789337201,4.03355539923474,4.0374761487627,4.04115227885576,4.04295372497298,4.04339044181488,4.04678926369084,4.05103002756897,4.05294626832185,4.0570939036321,4.06038014055277,4.06451061316295,4.07166376479304,4.07933953954413
"174",1.94818540049292,1.99183596798733,2.02920497074084,2.06388127350124,2.10263102352926,2.13621708118311,2.17025011494142,2.2033979779583,2.23585820018666,2.26833353499326,2.29990214989316,2.3307765657653,2.36095637098957,2.39288890668137,2.42219558838,2.45083624901864,2.48051067146819,2.50737403713014,2.53456650313243,2.56193399447098,2.58726104921614,2.61143658145527,2.63587520485769,2.66065175681685,2.68241702364069,2.70299256818862,2.72227399688471,2.73817335478612,2.75562028997678,2.76953782470928,2.78401584605342,2.79685031199785,2.81189486998351,2.82473649120928,2.83934564568485,2.85299213953007,2.86884180543443
"175",4.95074783222614,4.95444148575524,4.96037235171453,4.96645618806665,4.96886869196217,4.96788665079683,4.96612689084021,4.96170326346286,4.95955577168314,4.96177986576512,4.96195448961156,4.95894040261258,4.95620930804787,4.95160246246374,4.94027756361886,4.93597593297317,4.92478839745159,4.91617488421031,4.90141756794436,4.88924095870806,4.86869961958655,4.85925439412825,4.84098995389511,4.82017335455359,4.79996750744884,4.78104291749333,4.75774160848037,4.73436279998647,4.70187035803367,4.68132999943206,4.65910644356904,4.63222947212445,4.6066988545453,4.57866590624083,4.54934548756727,4.52149393928877,4.49022662763985
"176",2.14747562414211,2.1815193497737,2.21697199807094,2.25515324112166,2.29104131378767,2.32680829441298,2.36459781185124,2.4032080853246,2.44056286057321,2.47796899507197,2.51518895806218,2.55215860922304,2.58837138461507,2.62703212105228,2.66352515723589,2.69958216178757,2.73699872649482,2.77170655766499,2.8069053146127,2.84205235754233,2.8756994222819,2.90825073405922,2.94135483533297,2.97442044342266,3.00419863114228,3.031885001857,3.05880860453898,3.08117742254445,3.10500428037003,3.12525828222166,3.14626142052664,3.1650638052198,3.18608038529369,3.20525585835308,3.2260445090832,3.24734450545686,3.27092306262848
"177",1.01016664647934,1.0547613346734,1.09203807042644,1.12642459679016,1.16560949436446,1.19937901138473,1.23269544288847,1.26486997501726,1.29794939510312,1.33080756701423,1.36236345811803,1.39486339299954,1.42684370930564,1.45962302966496,1.48987407014487,1.52127930115653,1.55272033500714,1.58304670213829,1.61308640762572,1.6435855441614,1.67222268016014,1.70072187515163,1.7291734290045,1.75844730628177,1.78490498458636,1.81040539571316,1.83444989887909,1.85665500152025,1.87873922735189,1.89987359340123,1.92061808477818,1.93972027595449,1.96011852556028,1.97881797884521,1.9989202049794,2.0188790286348,2.03950049767698
"178",3.06969599768089,3.03342791985186,3.01831136536308,3.02215106879392,3.0024283960297,3.00373881948502,3.01158469509851,3.0268790755312,3.04149214531567,3.05833410610533,3.0799325357693,3.10488577978802,3.13053408465153,3.16226175405779,3.19670270448492,3.23269449877913,3.27149797685138,3.31108903036259,3.35183134003797,3.39284107435463,3.43557980329296,3.47818887393587,3.52186524208742,3.56450856950629,3.60457321668363,3.6405432571457,3.67673023542521,3.70697350668616,3.73670112481865,3.76481367559947,3.79315059420794,3.8177013186802,3.84347958021756,3.86772477566497,3.89207644990696,3.91932887014785,3.94650002235008
"179",1.94083837086113,1.94590626088359,1.94807215057122,1.95017084936324,1.95185997940019,1.95474550860592,1.95717931728608,1.95891365621972,1.96048876876739,1.96217653723839,1.96391079235009,1.9657398826634,1.96682484873718,1.96944454442523,1.97170487267138,1.9730495111524,1.97467962116518,1.97620223512858,1.97745541993575,1.97924791167819,1.98142532522585,1.98268952804334,1.98433286715312,1.98674018396836,1.98953634171922,1.99192230219243,1.99385675305028,1.9965253178531,2.00037092069228,2.00347042735447,2.00675636824018,2.01036209566394,2.01512380078723,2.01912938248316,2.02492870295778,2.03050153775832,2.0374675406196
"180",0.838404543307888,0.850420010002477,0.855560745325328,0.858272429531823,0.861578271356852,0.863632459540651,0.863094653361659,0.860392216657024,0.858620103139519,0.856057275247061,0.852242884634745,0.849427092515394,0.845440516410057,0.840677060095194,0.835018648408435,0.830479796838594,0.823558647724359,0.819020181972781,0.812211551470968,0.805996369149168,0.799909733957964,0.795475188465219,0.789679247221791,0.784484447648792,0.78137056725041,0.778472903833562,0.774993904128768,0.775741585114426,0.773439895388337,0.777618780110776,0.780518510762267,0.783837058643204,0.786498155174919,0.79015281707958,0.794327231193095,0.801532364172687,0.806623591884814
"181",1.67436092986564,1.66170699069396,1.66080912738483,1.67265365257503,1.66857058431359,1.67872219320517,1.69265609005051,1.71161439298606,1.73095799793276,1.75115854020936,1.77452485236328,1.80217163098699,1.83020997748992,1.86297554691331,1.89838078247775,1.93579758148569,1.9759322654661,2.01768001947841,2.06105736178513,2.10500995850105,2.15213003658612,2.19810950545926,2.24686097726019,2.29623916627032,2.34342451892942,2.3868971173879,2.43159393679492,2.47181148764688,2.51408703895369,2.55235291589999,2.59109496548296,2.62786665292601,2.66589345067436,2.70327435054116,2.74228911366793,2.78356566595319,2.82713709336042
"182",3.46075186951621,3.42944880538709,3.4051528321079,3.38685182837972,3.35682941236902,3.33594715230716,3.31568822355561,3.29613201660707,3.274736679073,3.25391634649426,3.23432863304598,3.21350594414881,3.19125514485627,3.17131782324426,3.15309339090407,3.13281423451949,3.1127640975402,3.09430535838893,3.07563199560411,3.05747161451189,3.0440721933445,3.02989651867149,3.01813773517201,3.00727685451176,3.0017301249155,2.99500485960614,2.99245771915544,2.99195626774933,2.99688855472,3.00061089676058,3.00740759482858,3.01717474421894,3.02929412179676,3.04443646611251,3.06330004216964,3.08718223673629,3.11632544728352
"183",3.46875023788788,3.45833633045478,3.45344329418871,3.45313489866754,3.44706020225259,3.44598304942931,3.446788637274,3.44859618836026,3.44983076394665,3.4530604895117,3.45745225488994,3.46089693083006,3.46437033528497,3.47067498159069,3.47628921717188,3.48209029241234,3.48864524154343,3.49488385330366,3.50118618406896,3.50871087617742,3.51572869823619,3.52400975520099,3.53222892522212,3.54058957659581,3.54884131889204,3.55632775418862,3.56369369024068,3.56873980549043,3.57482940895362,3.58007142891278,3.5865107369023,3.59155203785396,3.5990632521238,3.60544135183668,3.61349646535775,3.62284397119549,3.63443519122271
"184",3.85749298255015,3.8313000465001,3.81183971518154,3.79757233599099,3.77300210346497,3.75558172720115,3.73889047328196,3.72254492142039,3.70497162206862,3.6888529559071,3.6736165340303,3.65662402905744,3.63866022385049,3.62265722666839,3.60694308872928,3.59038552771355,3.57332300662597,3.55738391452572,3.54056024798627,3.52454878585506,3.51067579868975,3.4974655456874,3.48475535141709,3.472169805161,3.4633705328664,3.45373557363044,3.44634355616005,3.43983312177029,3.43673751463799,3.43325362113879,3.43214376195123,3.43263612427608,3.4355818713041,3.44015563000328,3.44775855865687,3.4590935630766,3.47484972635961
"185",0.934496918158374,0.966130324482833,0.983757861892343,0.993058097662501,1.01187292278532,1.0222196960317,1.02891076746877,1.03129447064159,1.03467041400906,1.03722713688394,1.03700596900371,1.03585158139397,1.0331267609644,1.02816696511463,1.0193710316784,1.00970430368777,0.99603103095155,0.981076482841081,0.961630718276211,0.940926074069841,0.914337781499308,0.886537881360964,0.851779212806574,0.81352835436722,0.772839993166579,0.731303787112523,0.680699824301378,0.632694984854751,0.574487646972619,0.518848727591957,0.454845045573763,0.386817427121616,0.312523710789384,0.231000272352737,0.147500380253633,0.0646310900859397,0.0102749055879991
"186",2.30645003334535,2.2967748919869,2.29136662800819,2.29134239644171,2.28414423598278,2.28413539630545,2.28560035825929,2.2887172314831,2.29141762314231,2.29484581839639,2.29994985019123,2.30625938102974,2.3124303986769,2.32203112315502,2.33307841876259,2.34406291191745,2.35712164350988,2.37104691074672,2.38631861107869,2.40274346976023,2.42185392904859,2.44038584268539,2.46146198422921,2.48393334250443,2.50665702683125,2.52786744824775,2.5505552686668,2.57146246959511,2.59537633658367,2.61645278882642,2.638834746186,2.66085281740057,2.68484434854302,2.70869939965049,2.73492520720941,2.76307320820291,2.79436020656637
"187",2.09485644007929,2.16305124906442,2.21827621674268,2.265929857522,2.32139000763105,2.36573440426351,2.409622280616,2.45111996285095,2.49109666383855,2.53064020550054,2.56819234650253,2.6037232447609,2.63817890533865,2.67379729835823,2.70543127318854,2.73594662557605,2.76709659295771,2.79430732339245,2.82147686049083,2.84860254456481,2.87230336042406,2.89497612933148,2.91711453521357,2.93917107487662,2.95761740870132,2.97506761865793,2.99048188713457,3.00204621682393,3.01466975065168,3.02377438309367,3.03331915252972,3.0407706266905,3.05058240521647,3.05749736405866,3.06588490563509,3.0723487920422,3.08062031679106
"188",1.44520419138735,1.40856180346616,1.38598627929393,1.37950966925945,1.34763820738406,1.33678321595526,1.32920118310646,1.32814614160315,1.32757717838896,1.32764487679488,1.3328554067342,1.34527475878378,1.35871698371006,1.37864040541993,1.4059028466608,1.43784120382885,1.47370013872552,1.51636497619499,1.56179102700455,1.6089346281773,1.66418930775923,1.71936292303256,1.77910197981617,1.83993594203882,1.9001341943929,1.95516191541442,2.01309936008545,2.0667414712827,2.12203026435192,2.17394258800464,2.22574247852957,2.27535524739865,2.32514881044844,2.37510532404022,2.42629069243552,2.48110253033866,2.5375331527956
"189",2.04287289876808,2.05020576518542,2.05243235304939,2.05262047496833,2.05482593639833,2.05622576365838,2.05655039473982,2.05523513310757,2.05355232928039,2.05182865306865,2.04954407789247,2.04637495269577,2.04207107610775,2.03849673529952,2.03364447121914,2.02676990964871,2.01918462467569,2.01039234187153,2.0001578784171,1.98961811208808,1.97764875954035,1.96363066795424,1.94783616227025,1.93124312038572,1.9144022315407,1.89694966278724,1.87640904663168,1.85727359412166,1.8369826847914,1.8155975331141,1.79212516173781,1.76819604880935,1.74299821812278,1.7138905634413,1.68337432121211,1.64577400387635,1.60382269474278
"190",5.40025499821649,5.40329347499044,5.41023838208191,5.41905101473556,5.41836166096234,5.41519669883613,5.41071881580379,5.40367766605201,5.40052423039801,5.40280950321018,5.40283887834535,5.40088560340058,5.39983584696829,5.39613355866742,5.38525651367337,5.38684497640909,5.37915830768671,5.37843532796074,5.36986338535047,5.36562312943778,5.35226288831538,5.35709544131648,5.35074971359668,5.34152917469875,5.33387048715067,5.32765839258187,5.3167445540534,5.30627904725576,5.27839674105583,5.27443954893669,5.26700254570977,5.25102708163308,5.23496962442748,5.21726677349406,5.19525470350645,5.18162449529097,5.15752943355317
"191",1.37063097473362,1.42024665646531,1.45415807160231,1.47867768793032,1.51533204511578,1.54097341619606,1.56431579871005,1.58405680968454,1.60435390194696,1.62438205777784,1.64211015678349,1.65870502778415,1.67439930672223,1.68976654320376,1.70135183522653,1.71205469276674,1.72168903213115,1.72865124076108,1.73405024015573,1.73936575449523,1.74014901865888,1.73975790725137,1.73654495007071,1.73276304230608,1.72583410555755,1.71905240401187,1.70710704699106,1.6948914393908,1.67948770470447,1.6631687066952,1.64367200089047,1.62131372998779,1.59764792935541,1.56702702033626,1.53324677344464,1.48788732070536,1.43371584669098
"192",4.47761764963306,4.46408364496773,4.45457387209512,4.44714148343135,4.43299568319552,4.42051759340631,4.4077235127766,4.39340031485037,4.3791164146029,4.36741128804299,4.35490063752745,4.339148809993,4.32252775019251,4.30561634170102,4.28541004662575,4.26641814565627,4.24343331673273,4.22091664227976,4.19428176173072,4.16802977660202,4.13822880842906,4.11113506928968,4.07879281101077,4.04342749186875,4.00963396773034,3.97455757501093,3.93641814952552,3.89846157685926,3.85845276576344,3.81846266374242,3.77655288875032,3.73353718592293,3.68898626783505,3.64040647879855,3.58933605708788,3.53014890216644,3.46695541470275
"193",1.69349265595407,1.70171640319955,1.70696875043144,1.71244273822079,1.71716990883098,1.72314648874889,1.72870573542335,1.73378761560814,1.73906614928961,1.74442434777431,1.74987549150819,1.75607616462515,1.76170886064277,1.768958613937,1.77600688391607,1.78297098768976,1.79036409813207,1.79820472013527,1.80602335444217,1.81466476443511,1.82403596180655,1.83307368554323,1.8429305659779,1.85395343949159,1.8651653005075,1.87586459949898,1.88652973990201,1.89756621355913,1.90967298372788,1.92144298229897,1.93347986140792,1.945512844226,1.95881730255639,1.97170145195059,1.98651796690254,2.0021775266603,2.01934913492393
"194",2.57061098865659,2.61668768151569,2.65625545993781,2.69233734357985,2.7327832353394,2.76682431186421,2.80153229378983,2.83503798415835,2.8671899859432,2.8997383196605,2.93122447257854,2.96082512893792,2.989719610908,3.02033107598231,3.0475300910284,3.07394963767322,3.10105840542628,3.12482058558329,3.1485191836001,3.17244522963634,3.19319596612872,3.21367640279478,3.23345575158748,3.25299852392154,3.26947261738786,3.28495347654741,3.29864201733194,3.30845225260761,3.31898516338206,3.32684236769454,3.33530053341451,3.34151144523704,3.35019048978969,3.35625240439947,3.36371944425856,3.37014307014607,3.37839475958677
"195",3.77529616772798,3.76181895942151,3.75146685051928,3.74320582184877,3.73058386230839,3.72081058103304,3.71142289988382,3.70132228296114,3.69041033202301,3.68121047952274,3.67207473810534,3.66037133519344,3.64782828951438,3.63643593550478,3.62328744263109,3.60884280640368,3.59302363188928,3.57612748833254,3.55718820221169,3.53825655566296,3.51729571046324,3.49583872887402,3.47156483497206,3.44533682241701,3.41962384374831,3.3927385431258,3.36312917832909,3.33309597732428,3.30316483193279,3.26997818968237,3.23539767685974,3.20001568320706,3.16376498177876,3.12273038806834,3.07980614878797,3.02716165941939,2.97066086821089
"196",2.64349435217255,2.62586919638045,2.61053287310787,2.59832330571952,2.5799811879143,2.56756598264256,2.55512100858743,2.5426105973685,2.52880302240031,2.51506638844588,2.50201822319846,2.48824800075709,2.47314708239827,2.45986436200728,2.4474386132482,2.4326233067046,2.41791215605166,2.40361127896518,2.38874899043083,2.37392907018258,2.36161056186814,2.34742931221221,2.33418736227196,2.32127476482415,2.31142307285118,2.3006281306825,2.2911894694512,2.28406113752806,2.2801909183736,2.27520968929293,2.27155911516438,2.27039713841977,2.27056277252376,2.27219418386848,2.2767981268008,2.28361156080129,2.29432402128993
"197",2.81824218948542,2.81307907336227,2.80786299221948,2.80354731627442,2.79770229487807,2.7941119538168,2.79073849824869,2.78681579357848,2.78199288058119,2.77790374682821,2.77410139489264,2.76890607589553,2.76286525726669,2.75857953084308,2.75354694838152,2.74632686620785,2.73927555962726,2.7308599782135,2.72179171204552,2.71276078178431,2.70313327881349,2.69162645414676,2.67941237598734,2.66671806432927,2.65422700868323,2.64101213435957,2.62619898348545,2.61144685347218,2.59819392488071,2.58181699083638,2.56521113314062,2.54879340017266,2.53302699701124,2.51462969914747,2.49694097352871,2.47468062169594,2.452773801491
"198",0.233996951335856,0.307344741138832,0.37434689944057,0.436348378379059,0.512184670670625,0.574405608386878,0.635917264242617,0.694630851014027,0.754543631150059,0.813386713653091,0.868380335077487,0.923368516876714,0.977183024603222,1.02964551763455,1.07629109207755,1.12477796031879,1.17168318854427,1.21579164202934,1.25839141676962,1.30079730248766,1.33828534762826,1.37604968048924,1.41208141500335,1.44839468184641,1.47981652666029,1.51037144224476,1.5377939450621,1.56283069014264,1.58573301528004,1.60883854835491,1.63056657327339,1.64954189657872,1.66940862801113,1.68656406990538,1.70433278398383,1.7209116578916,1.73636891718668
"199",2.06359367437692,2.08651865737912,2.10408982207733,2.11954307750874,2.13853808334349,2.15490636903618,2.17128450518837,2.18671615290573,2.20194909099377,2.21759455737012,2.23286984252145,2.2476166997738,2.26186386210284,2.27782702019549,2.29210398335248,2.30543387049732,2.31954990579502,2.3318116033566,2.34417871683937,2.35699119438352,2.36838166463231,2.37862509534709,2.38892304173815,2.39972741293672,2.40883380778969,2.41743254123885,2.42457392351297,2.43017756288651,2.43712296388454,2.44129890626258,2.44569165886632,2.44921127378794,2.45447466593156,2.45742498443493,2.46191997954504,2.46419591855405,2.46787742398882
"200",2.93932530396612,2.92456925428042,2.91120866111712,2.89970420878236,2.88414603510174,2.8726730622128,2.86108704765053,2.84886600243249,2.83528938193621,2.82207459750946,2.80911130875766,2.79440795746924,2.77826951114801,2.76343738991352,2.7482655585686,2.72996740117387,2.71099996333369,2.69092927854703,2.66926684139052,2.64680773725633,2.62437459561401,2.59887513359362,2.57184134068097,2.54311285619806,2.51576745929817,2.48670565518019,2.45566894261065,2.42618626361451,2.39765479931932,2.36584858168852,2.33264992597377,2.30056913691867,2.26692468813478,2.23064761434509,2.19360495019427,2.15038121550646,2.105578697816
"201",5.32952004944766,5.34847668635702,5.36668796594438,5.38223588651838,5.39706455109765,5.40302330208566,5.40676947087073,5.40588608466185,5.40920334102179,5.41800591149121,5.42289140787606,5.42408702940144,5.4258873115577,5.42319712749824,5.41022724500421,5.40876128799859,5.39628497164684,5.38814352966728,5.37053905657511,5.3564349990034,5.32924684551734,5.31911661390448,5.29532914474925,5.26779074862128,5.24045530273649,5.21552663683688,5.18354531604627,5.1523756287314,5.10544886261429,5.07837037567607,5.04747675922404,5.00926386270289,4.97143962790007,4.92981695839821,4.88463593733817,4.84034852050593,4.78781696649077
"202",2.68557208292176,2.68612253696906,2.68520441461953,2.68426247134242,2.68337652315968,2.68346266120451,2.68367073066496,2.68313415281999,2.68184901563542,2.68127151120051,2.68080852113103,2.67900950829667,2.67644984985818,2.67558951227578,2.67367518128123,2.66970596243065,2.66598765280618,2.6606356076782,2.65471670640621,2.64888826126712,2.64199450707047,2.6332865705915,2.62378651820915,2.61389511374122,2.60364344678436,2.59280190073633,2.5799953399052,2.56691118253754,2.5550086828185,2.53991816312921,2.52440700252647,2.50864779995529,2.49354500832221,2.47525527754153,2.45739490587985,2.43418229616317,2.41063034496191
"203",0.786176839691625,0.784666539163034,0.77698078759454,0.767448715576835,0.754683047347652,0.742785286210096,0.726972085343198,0.708211408456689,0.689318090767573,0.668372703582677,0.645545431832446,0.622784176972871,0.597277536070074,0.569271938889135,0.540896081315556,0.511928062819241,0.478264969004089,0.448078513273874,0.413617781551598,0.378344286107648,0.345556883676543,0.313690404066979,0.280346710925838,0.246814769275887,0.220081434588779,0.193470588279003,0.169607754936717,0.153113544561114,0.136339014367072,0.126205349054133,0.116482168255805,0.110312568731773,0.103363176971687,0.100732221886827,0.0993827817672732,0.103785980350748,0.109067250698518
"204",1.44468319087099,1.42345498384193,1.40686977999765,1.3976242102441,1.3744294425038,1.36250501168016,1.35060216533197,1.3406320261005,1.33061181632425,1.32014585446489,1.31172431243224,1.30696732364364,1.30177794032587,1.29977895279069,1.30224916222404,1.30726246068678,1.31394229027659,1.32686107980717,1.34138238931085,1.3582426763686,1.38291588765749,1.40937475448284,1.44043662418733,1.47428716494451,1.51146134623842,1.54637448984247,1.58545531959311,1.62482241940981,1.66604088178248,1.70791714539084,1.75033358127977,1.79250184059269,1.83506305430029,1.87940686314423,1.92561815807765,1.97691217515017,2.02974438317573
"205",4.95299098612263,4.92856411632416,4.91212899550203,4.90181041458654,4.87359439900689,4.85189366638361,4.82981553561084,4.80757835341157,4.78560739401836,4.76642524701824,4.74744301374626,4.7271692855861,4.70636589684199,4.68657593495674,4.66696047527354,4.65337747416245,4.63687035010382,4.62780142562491,4.61673757597827,4.60945511977887,4.60551505689936,4.61141814960102,4.61637933599864,4.62142843485849,4.63158611603926,4.64049739920491,4.65138696101587,4.66136375936057,4.66493894152472,4.67916355850484,4.69276095045121,4.70128679345239,4.70986549012695,4.71798249885215,4.72364153213732,4.73611972559756,4.74262313962827
"206",1.55017150164149,1.56346401051823,1.56957926356082,1.57259614022387,1.57850474002919,1.58237701493133,1.58442422295788,1.5843511221476,1.58447533433184,1.5842143985484,1.58293838525332,1.58140846445074,1.57869499305025,1.57604346559323,1.57193089254357,1.56677309135124,1.56021538332769,1.55338087653245,1.54466586980311,1.53585277549569,1.52560908783216,1.51439105013385,1.50118215838656,1.48753916002218,1.47406240300179,1.4603475589025,1.44383914120035,1.42984430761401,1.41355482467322,1.39901954365947,1.3823959721791,1.36552734976259,1.34752566855783,1.32708864746952,1.30588791642821,1.28096393894487,1.25244507544376
"207",0.87098455372931,0.863951051052396,0.856506288348418,0.852367273659158,0.839523059918786,0.832773119321106,0.824566260017349,0.816500677930268,0.809075560934401,0.800874067920484,0.793199998566083,0.788540439586096,0.783150642163835,0.77890508671478,0.777153799268219,0.778346655191248,0.779158594319188,0.785868906495443,0.79254548282382,0.801284707526076,0.815576520925221,0.832996758149266,0.853094444102356,0.875776764963738,0.902290043544345,0.92785016523293,0.956725890169917,0.98830818320354,1.01930200278676,1.05547855045129,1.0915609688959,1.12768500709974,1.16367098022866,1.20211650679261,1.24198790813575,1.28807418552381,1.33381045976055
"208",2.82899897720216,2.84638724466626,2.8616551321943,2.87631231724492,2.89296178773103,2.90800058882168,2.92402609530277,2.9396057278111,2.95450015378085,2.97055934421142,2.98657540332363,3.00115057778657,3.01542338931135,3.03183082889239,3.04610818298608,3.05950333106457,3.07372219773155,3.08560966772369,3.09754267431621,3.11004877829208,3.12038079044813,3.13036718135817,3.13988740803805,3.14941752966566,3.15708795577578,3.16417884057138,3.16974351783309,3.17260364485524,3.17672939481731,3.17802525320546,3.17997216654055,3.18044740480268,3.18326397226786,3.18354075049628,3.18535156018858,3.18527902275155,3.18717002346134
"209",4.71636031797976,4.70813256375967,4.70402875018791,4.7019274270981,4.69321455017256,4.68491340240891,4.67633797765096,4.66612336059036,4.65693619389965,4.65121382248891,4.64446452195461,4.63481526944224,4.6249822717245,4.61460211438176,4.59995311953696,4.58945252399919,4.57424315594403,4.56097849576372,4.54335089917723,4.52760231143353,4.507123053436,4.49381755134348,4.47483990911358,4.45403012597883,4.43495604030957,4.41630535038554,4.39549675308208,4.37481454322242,4.34980245488127,4.33166506881518,4.31335067190967,4.29282100938139,4.27407529327088,4.25426244735188,4.23484646071531,4.21748689736441,4.20011557413677
"210",0.0628770525372953,0.0716427982385115,0.0795784395111293,0.0878721759097424,0.0969437866405213,0.10571995793295,0.114446628193873,0.12324717145958,0.133695557293558,0.144649959747135,0.155514752360716,0.168466267988511,0.182011784205706,0.195808202481725,0.209039995412696,0.22577233264494,0.241750505020343,0.260228526174907,0.278078911171989,0.297381296851551,0.316100605234371,0.338208265550512,0.359645903668652,0.382314963075519,0.404435209121785,0.426694780744158,0.448036178428959,0.470701094962598,0.489040637901539,0.513975258155402,0.537231397312884,0.558570105079543,0.579408145689188,0.600149290722678,0.620665777596693,0.644253241086349,0.664263934311591
"211",2.474861992385,2.48969671107572,2.50159539775211,2.51270813478096,2.52580153673721,2.53784950810616,2.55043481154493,2.56248131391626,2.5740286507542,2.58636469209183,2.59871018375764,2.6101351933872,2.6211461129568,2.63422227957355,2.64578327435063,2.65615706299744,2.6674792684281,2.67683952261562,2.68638390862333,2.69642129137444,2.7051016999973,2.71271397657839,2.7203540899805,2.72831836620411,2.73482284173133,2.74078409862072,2.74543342278377,2.7482286807088,2.75273136059192,2.75405811707985,2.75589725750852,2.75688291058926,2.75987542912033,2.76052737456462,2.76282523967901,2.76286600216476,2.76479690001875
"212",2.59996069031765,2.61008545729287,2.6208693860489,2.6335240382803,2.64508707572932,2.65813317516873,2.67263919238457,2.68765238279579,2.7020798967282,2.71753008285743,2.7335585661732,2.74913601585686,2.76450189666657,2.7825679060493,2.79958213140953,2.8159527105063,2.83375718144499,2.84996911295323,2.86679862406664,2.88429659462686,2.90109176275337,2.91727151032979,2.93410741981694,2.95140477820382,2.96716366259466,2.98188902912115,2.99611487959102,3.00753862150077,3.02095062481584,3.03127675973661,3.04260343495741,3.05273681343556,3.06523754531402,3.07611550763039,3.08894958103831,3.10164889140299,3.11701691348896
"213",1.67464242550445,1.90809685560174,2.06437496185763,2.17771846089544,2.31000401847601,2.39991493805459,2.48217069879096,2.55431022416455,2.62139637034635,2.6848634247281,2.74180038036464,2.79310386514124,2.84170054084255,2.889074745865,2.928744061262,2.96636652257605,3.00330424757224,3.03384380479476,3.06333089612228,3.09220456928908,3.11456021850003,3.13603480385334,3.1552513795066,3.1736767769239,3.18697246600238,3.19973507295824,3.20864474950837,3.21302860770858,3.21712236332588,3.21776181733197,3.21812855351902,3.21533420909435,3.2148081862589,3.20946531435926,3.20458247445148,3.19451077305326,3.1842796439768
"214",1.31850901833828,1.33981260267189,1.35295111923667,1.36244261219756,1.37599671419419,1.38622463962978,1.39470099257174,1.40110719783934,1.40817369023251,1.41497227817184,1.42065589258883,1.42657399645874,1.43163236903856,1.43685793572895,1.44040493004979,1.4438794515408,1.44629032163278,1.44862223805453,1.44956220215868,1.4508896797475,1.45072715999536,1.4504287650616,1.4487786883117,1.44745080842742,1.4457351024894,1.4440631245179,1.44016157685596,1.43797906786213,1.43395342974871,1.43185234719791,1.42832637404229,1.42423336643527,1.42003163255847,1.41395805349469,1.40808291951489,1.40031897418155,1.39042371985421
"215",3.86133076729518,3.8542984497966,3.84862089933834,3.84343893333459,3.83641775519203,3.82990978823589,3.82351568392924,3.81577564525439,3.80748959083196,3.80115454411777,3.79437549633974,3.78451647428617,3.77387302344623,3.76383317061961,3.75090712788294,3.73685646195618,3.72071121166212,3.7027375367323,3.68194593329531,3.66088272014202,3.63567414512666,3.60987799371653,3.57928541820241,3.54541932816506,3.51028076486849,3.47340187257195,3.43050714950775,3.38561282297331,3.33735706932914,3.28285904203609,3.22201353864372,3.15521202121214,3.08023615538774,2.9873063155831,2.87540879455915,2.7138345133164,2.48723260119268
"216",1.52284016352196,1.55684283866564,1.58603347072154,1.61408539954413,1.64461176114116,1.67236184112784,1.70038785535369,1.72797645056765,1.75578396205076,1.78363827995613,1.81094415424409,1.83881594061248,1.86621260046482,1.89529576472341,1.92258691639408,1.95010338850323,1.97848601072892,2.00540943824339,2.03263531527424,2.06030228748953,2.08686807569608,2.11262660450629,2.13900375646092,2.16616993054341,2.19086725418426,2.21439498529345,2.23702569388089,2.25722688996213,2.27865440082227,2.29754625482599,2.31671328934162,2.33454269424071,2.35414729133767,2.37213535235086,2.39192820148627,2.41153587401689,2.43299264712498
"217",4.05981090688314,4.09681633545669,4.14156821784656,4.19060666832262,4.2321687083233,4.27158519655744,4.31290179175212,4.35344836352727,4.39257590693854,4.43358352388476,4.47259135015273,4.50866019252206,4.54408050637726,4.57904807964924,4.60675361779422,4.63953094963792,4.66754872149054,4.69513836412579,4.71785623681445,4.74172874471879,4.75670771978934,4.78105003486497,4.79753627771886,4.81091741954568,4.82149116677893,4.83151529973425,4.83683202867909,4.83880113455903,4.82943158621851,4.8331820803588,4.83473998534091,4.8290388166462,4.82423727570637,4.81681406730763,4.80683204442795,4.80179545085711,4.79059500202723
"218",3.40009800229658,3.36825549023803,3.34225023314685,3.32125403255855,3.28917454719679,3.26552710829804,3.24178809438495,3.21798496785645,3.1918910640757,3.16572031815047,3.14010797264689,3.11242232456668,3.08238572957158,3.05350304890886,3.02571632458315,2.99408554273483,2.96106738175965,2.92863589027826,2.89408762292257,2.85813374958689,2.82625342198217,2.79099424610171,2.75607817988926,2.71973609408997,2.68986917497451,2.6573686020578,2.62846514300318,2.60463686108999,2.5867191970319,2.56807410728239,2.55241696658845,2.5434402219685,2.53570896506591,2.5344144891945,2.53838559615509,2.5504468875604,2.57075378700689
"219",3.76577400367227,3.75244971588634,3.74382391828277,3.73867774848173,3.72797691734811,3.72128205809685,3.71570591619609,3.71025306935126,3.704237094988,3.7003007701331,3.6969950020872,3.69189996717445,3.68652657747885,3.68314434397161,3.67851960409736,3.67389232275258,3.66887887174088,3.66366092015901,3.65753306201751,3.65247243294712,3.64634035845106,3.64166683557668,3.63587396110349,3.62974653376957,3.62441626081006,3.61870896219456,3.61248851392644,3.60518156558472,3.59882651023839,3.59204246701268,3.58632883451987,3.57996868215448,3.57594048004777,3.57079925097977,3.56743436215462,3.56440453374631,3.56392158553305
"220",2.57034557212396,2.54132105467994,2.5165268544536,2.49670940845575,2.46611591175804,2.44463078022701,2.4226744025098,2.40087810595904,2.37709016904012,2.35250348606648,2.3287329036059,2.30449584001147,2.27807888190334,2.25318731429884,2.23063014799973,2.20520849698914,2.1793564814225,2.15589662881644,2.1316101389253,2.10715495888824,2.08901729669624,2.0691949850521,2.05222143533941,2.03642437146434,2.02778975408675,2.01784881785045,2.01326041132506,2.01385943087814,2.01985067445855,2.027090221757,2.03725352050593,2.05219772394687,2.06858656256167,2.09021345545171,2.11606084388505,2.14930771531194,2.18768329852937
"221",2.67305792267627,2.63858717072114,2.61062376953916,2.58954397799842,2.5547402381659,2.53133172901213,2.50803031441009,2.48578709259945,2.46146775249851,2.43652961098786,2.41314203399526,2.39000389842681,2.36504703282026,2.3426444585784,2.32390458198128,2.30324018622707,2.28346584637846,2.26747030582637,2.25217080563021,2.23784518341582,2.23210627637995,2.22582759465399,2.22462671124815,2.22599056535004,2.23461247838922,2.24179698716026,2.25560976482537,2.27257169978181,2.29554853029577,2.31812435080508,2.34368354886082,2.37230920034597,2.40249737460799,2.43661170096281,2.47420813704427,2.51815481145353,2.56642677504037
"222",0.927960785131005,0.939003014170535,0.944878804362637,0.949794885645243,0.953937347446082,0.95822651268691,0.960695369957435,0.961854725635107,0.964037595532209,0.965746315256413,0.966811761684273,0.969481744049727,0.971400751017343,0.9735000089081,0.97531340343516,0.978784668039043,0.981002537789881,0.985816128705378,0.989435380945397,0.9941672677633,0.999871308095135,1.00734308736349,1.01477294618201,1.02355508823674,1.03382964559256,1.04405243150339,1.05442546222796,1.06754112326185,1.07889686229995,1.09501241057628,1.11042035927017,1.12578721754041,1.14124419722666,1.15750710200484,1.17491175981539,1.19555271406495,1.21526739422363
"223",4.46173887909846,4.43007532147356,4.40566782974634,4.38654180314057,4.35199777412049,4.32475336702947,4.29674816834653,4.26795320634214,4.23733299036619,4.20745375486087,4.17717794940068,4.14368551746731,4.10739687173522,4.07086241880607,4.03439807114042,3.99640530494979,3.95454123449939,3.91552005161522,3.87281465995448,3.82914072314692,3.79137248893393,3.75381051692246,3.71728250974008,3.68002240050316,3.65418408668285,3.62596470634317,3.60683373628985,3.59456040315027,3.59063588269958,3.58991914738529,3.59500688717013,3.60709231699235,3.62148217531974,3.64416454698569,3.67120759843507,3.7091597429038,3.75182339128238
"224",3.55960339077329,3.53008302897538,3.50768367863089,3.49123280481658,3.46351359538491,3.44450172642256,3.42632640305187,3.40893286984735,3.38995308107745,3.37191444308135,3.35516220941736,3.33720377702977,3.31813364483796,3.30152851848583,3.28632549144032,3.26964075991218,3.25330925042483,3.238449595088,3.22349969121212,3.20936787557909,3.1991785631466,3.18882576476484,3.18051399264181,3.1730493422625,3.16999612967204,3.16591462224598,3.16526026663006,3.16572453201951,3.17081640658844,3.17470273177604,3.18133785420189,3.19001472376433,3.20111698748963,3.21435251198336,3.23088230682337,3.25165353371079,3.27710749411799
"225",2.95915005411402,2.92551953953751,2.9023984371349,2.88924189547927,2.86060518839949,2.84552731583191,2.83282721462586,2.82336418489693,2.81272614390343,2.80313216754399,2.79666774296919,2.79188008410376,2.78708304647478,2.78713348251358,2.79113347583035,2.79549506606877,2.80298143980507,2.81351511952598,2.82639285378922,2.84108904206897,2.86178816429466,2.88256675909579,2.90754558026749,2.93417178789902,2.96266063556112,2.98869623303495,3.01801695851005,3.04482909261574,3.07518286288504,3.10248489512497,3.13147438360413,3.15968859687997,3.1896405680313,3.21991520416687,3.25209473311937,3.28756983160503,3.3257586331515
"226",1.06857661654207,1.45111214669933,1.70182022289171,1.88338563528062,2.0679475112124,2.1954919878587,2.31026530027834,2.41086977098526,2.50190975821284,2.58574261310037,2.66066648074223,2.72877567379202,2.79249087436209,2.85414963852983,2.90716423659692,2.95780159808989,3.00738420655297,3.05006293465933,3.09147400740119,3.13164106270975,3.16569362776615,3.19865124277338,3.22977017167944,3.25986338955443,3.28454474185905,3.30772625176179,3.3279447473786,3.34282859503674,3.3575806848302,3.36929808861368,3.38120440968216,3.38989902738243,3.40104671673923,3.40882511726892,3.41764583529223,3.42489555371895,3.43340526582597
"227",2.81505062318725,2.8163176163962,2.8143190394967,2.81059607784134,2.80880177128264,2.80630663486532,2.80328325797221,2.79859346190646,2.79296685299075,2.78790419231407,2.78233468011692,2.77442461772682,2.76529696516562,2.75693657154895,2.74655781410156,2.73293732915997,2.71826854717796,2.70073792561707,2.68104135068475,2.66017679057137,2.63588624618754,2.60784459408992,2.57566590145906,2.5401330155542,2.50232727499706,2.46224117357564,2.41466163312384,2.36571118715575,2.31202114179958,2.25043160129659,2.1799048194827,2.10215823442511,2.01241962176709,1.90030032121063,1.76327388408026,1.56607197851511,1.28996175090503
"228",1.21076435439512,1.36270779703562,1.48320987901782,1.58371713529012,1.69437360115475,1.77916407114388,1.85992795570984,1.93442705177403,2.00501649920948,2.07210826838354,2.13395161993751,2.19243357287825,2.24821213484785,2.30337918887434,2.35223914647344,2.39964073133753,2.44684565376512,2.48861354621657,2.52981585914068,2.57014529946766,2.60598314980517,2.64011894045193,2.67352729376221,2.70662233160119,2.73472766633072,2.76126701804261,2.78547009395919,2.80499661201898,2.82539873413987,2.84182529735217,2.85847815298018,2.87265088180194,2.88907021729752,2.90254371150754,2.9174791870814,2.9307923138622,2.94587590376642
"229",0.152868806003054,0.171832382996798,0.184814251799111,0.194113347554145,0.208554948837505,0.218314575720552,0.226016618912047,0.231409637315807,0.238310911825491,0.244922932033397,0.249760417217634,0.255124982869306,0.2599623267559,0.263147116512663,0.263929443446034,0.266474218881929,0.266256645705815,0.266991868678631,0.265186870570894,0.263688779153092,0.259371014289206,0.257061111742287,0.251724148286439,0.246117229907223,0.240178428727542,0.23488771531593,0.226903430095493,0.221442747462035,0.211277386716209,0.206616257820508,0.199699719031933,0.191698937324933,0.182586630418499,0.172423394504485,0.161283303246964,0.149608765696626,0.134853968729538
"230",3.44132509856728,3.43184485517377,3.42359579753008,3.41631971579005,3.40683940277413,3.39929156831998,3.39194747235175,3.38367974275487,3.3744309431035,3.36646428746007,3.3584745808198,3.34797178681811,3.33649092767248,3.32617961208523,3.31415620578733,3.29985331047146,3.28451777557693,3.26727244345505,3.2481050067068,3.22845045745347,3.2064136661086,3.18233441942654,3.15516797443407,3.12556628216522,3.09544334025066,3.06369456197653,3.02763313388223,2.99073591550145,2.95284046213366,2.90943074019478,2.86233447365022,2.81276614906961,2.75914639773974,2.69579133466613,2.6248784808406,2.53158702095891,2.41994367852259
"231",2.29191782317259,2.30586091178581,2.32080248264759,2.3383016979837,2.35396222718078,2.37154481962028,2.39075172803555,2.41082725631375,2.43043361778266,2.45078874693608,2.47176586080954,2.4929207061658,2.51384068820545,2.53757729233591,2.5604546254051,2.58296519718341,2.60712903794912,2.6298231703151,2.65334447956582,2.67743660515225,2.70120748689099,2.72411015907019,2.74809562316832,2.77267148042665,2.79532949732198,2.81655405606275,2.83752068507876,2.85530856805559,2.8751951260811,2.89169649648957,2.90914697948582,2.9252676057973,2.94363168748781,2.96054831096022,2.97944812180933,2.99869074091937,3.02062743805529
"232",4.85813707729914,4.8476848289899,4.84163899397076,4.83783045508241,4.82549472547591,4.81391817012932,4.80162823422376,4.78747385364786,4.77439286351115,4.76470410010027,4.75377005163351,4.73984899448492,4.72547595505226,4.71014267754164,4.69068382525246,4.67577505554754,4.6554938735559,4.63804840923458,4.61580075524952,4.59547415502154,4.5712805146434,4.55480874106024,4.53281302054106,4.50904529994872,4.48837114040718,4.46801968492318,4.44660730097884,4.42624041738078,4.40193290681877,4.38569001826389,4.36983003044245,4.35251484065171,4.33712119314415,4.32211191825179,4.30798842352136,4.29835835155413,4.289228951668
"233",3.97716150397782,3.96065958594538,3.94961454902619,3.94244480114965,3.92826719351643,3.91852664961784,3.90973424112738,3.90096424083173,3.89171123404972,3.8846954582744,3.87821976712273,3.86979634466376,3.86102485686931,3.85398073869457,3.845636393402,3.8377434458326,3.82891198529191,3.82046226108074,3.81068924004635,3.80210557504361,3.7925785395724,3.78523094194357,3.77646726203064,3.76725548882957,3.75953096397039,3.7514647456274,3.74319524250453,3.73426874353481,3.72602445930693,3.71837406134212,3.71191630089952,3.70495869021661,3.70034646370948,3.69514632079762,3.69178312132229,3.68976603807059,3.69035888941909
"234",0.0405421304501026,0.0498698966972748,0.0576866214819218,0.0646870146928685,0.0744606887140492,0.0824908856402083,0.0900646214265487,0.0969681572694822,0.105294234695248,0.113939718016548,0.121918515862919,0.131020343196064,0.140354136867522,0.149129155039317,0.156477091938615,0.166210033716951,0.174474631950694,0.184061306179208,0.19230222081432,0.201358058291384,0.208503337054743,0.218216120571402,0.226120253454837,0.234466818684367,0.242127046150138,0.250341111460721,0.25664227797578,0.264649242681829,0.268072920190453,0.277517683254115,0.285036425747054,0.290904581427503,0.295972057670022,0.300230762336535,0.303626107667162,0.308001554357695,0.308303533036791
"235",2.41052039994765,2.45661038085076,2.49707560215797,2.53483652075483,2.57609445348328,2.61167941123472,2.64806673703347,2.68352154931157,2.71761839928354,2.75192163700626,2.785241087636,2.8170094392002,2.84801703823818,2.88085026851737,2.91050356138024,2.93936094771536,2.96909958387046,2.99554575851503,3.0221033617552,3.04880455002546,3.072729286106,3.09606483596302,3.11907357720083,3.14195709995496,3.16169173752557,3.18020922491141,3.19719095195261,3.21017513488846,3.22418849134506,3.23517110145343,3.24682084436432,3.25631493171606,3.26824352505805,3.27776059852002,3.28880484365654,3.29914394020967,3.3115259515036
"236",3.87101286897363,3.85895044940665,3.85194514009475,3.8485921018264,3.83958012776056,3.83436434622032,3.830414306048,3.82665309715893,3.82253646203808,3.82077512470091,3.81962303386836,3.81671050324389,3.81369829937607,3.81265284283862,3.8100529798971,3.80813214362862,3.80563353789971,3.80313519272064,3.79959576281559,3.79736306211538,3.79357302610261,3.79216320285914,3.78928525047812,3.78603570985116,3.78335038438418,3.78037578456116,3.77672862154248,3.77164059016963,3.76665415782242,3.76231813152461,3.75895652656511,3.75432313337559,3.75209701996514,3.74867949883958,3.74677383765185,3.74583287843767,3.74687584712838
"237",3.1896660247624,3.18140246554543,3.1808372873518,3.18702771024453,3.185689718739,3.19122981299492,3.19963422621491,3.21020397184244,3.22015155127168,3.23195987471379,3.2454584805275,3.25893054771297,3.27259580249434,3.28980939178714,3.30676480022942,3.32415656272011,3.34308217233343,3.36152547955377,3.38060006498435,3.40071340070097,3.42066269576353,3.44144893316133,3.46274189318031,3.48412396349748,3.50433587861827,3.52297531441962,3.54158076114484,3.55657507431526,3.57237592525597,3.58680339477162,3.6022405234915,3.61550397966228,3.63101988307607,3.64523098958746,3.66076703741385,3.6780883100828,3.69712280556407
"238",5.02723313762878,5.03232828625044,5.03973681546604,5.04732642971736,5.05101534394887,5.050965830447,5.05005709512513,5.04638655101188,5.04532841729126,5.04888314165785,5.05023678637942,5.048497364896,5.04717504187274,5.04372043669933,5.03315327607243,5.03059192063063,5.02060751654417,5.01376104529994,5.00037552525047,4.98988375462863,4.97051480408482,4.96362161671852,4.94734737162275,4.92850849821457,4.91035919739966,4.89370799229643,4.87259101083627,4.85153139934908,4.81999484778639,4.80267529665419,4.7835539208175,4.7592202764183,4.7362865022812,4.71124010853487,4.68472180653481,4.66143518903046,4.63407600710172
"239",2.34968898469081,2.31429249215767,2.28274703818204,2.25625983916413,2.21631868981107,2.18663969300634,2.15517567270781,2.12304691298357,2.0879604565442,2.0505037966861,2.01292343606468,1.97418014656447,1.93131871238734,1.88794010044856,1.84702126871478,1.8012106025129,1.75186955021533,1.7059057770413,1.65602498932261,1.6033221614368,1.55985312076054,1.51305563713175,1.46860108798637,1.42373109077734,1.3930604078618,1.35939375093315,1.33664269982027,1.32690476264647,1.32523291509519,1.33153918406606,1.34324269009544,1.36598995059532,1.3892003674603,1.42584709742923,1.46850393927393,1.52775324612538,1.59282773421609
"240",0.963037313848787,0.984748435621439,0.997382919723637,1.00574932026898,1.01831195484028,1.02695961575692,1.03312341968929,1.03671033683347,1.04133597737514,1.04542346817163,1.04795443003846,1.05096596548251,1.05296128480182,1.05424375277795,1.05362431418428,1.05360259645308,1.05143453704408,1.05005041720275,1.04640752083588,1.04310455485409,1.03803427659225,1.03372845590741,1.02716676713997,1.02067269513423,1.01439498745219,1.00837795667446,0.999833500046906,0.994368222652167,0.9852261786269,0.980764974370593,0.974169236763721,0.966998848712735,0.958882576421134,0.9493957762518,0.939435876994015,0.928518738399608,0.913996559244307
"241",2.41634770548619,2.40239560244321,2.3906963429727,2.38249625363276,2.36823835571143,2.36003167616941,2.35210367808777,2.34456178315574,2.33613290624463,2.32792598167742,2.32070919878309,2.31361181279592,2.30564987238236,2.30005269340545,2.2956550341069,2.2899151666366,2.28508441431702,2.28118169345167,2.27761037682254,2.27478973041684,2.27487718953393,2.273986481936,2.27503366654696,2.27731867109465,2.28189687041452,2.28568191665494,2.29122904681458,2.29776615382422,2.30757773516578,2.31602009372158,2.32593958204152,2.33722424026332,2.35027953533374,2.36428614287221,2.38115346859102,2.4003685430461,2.42312900514203
"242",0.877371782980326,0.980654006776169,1.06656603498083,1.14154833753651,1.22734192217599,1.29567809122746,1.361941644529,1.42423271558175,1.48531771875289,1.54431443550572,1.59931745627841,1.65291803070482,1.70467619899445,1.75599274301194,1.80193527868161,1.84768787126015,1.89308483513108,1.93442683768823,1.97514746663457,2.0153665845935,2.05161444762295,2.08658218985925,2.12092904414907,2.15542111863015,2.18521906065781,2.2136655192341,2.23980137125045,2.26226505978487,2.28509305966886,2.30490601017739,2.32450081091401,2.34184291161031,2.36097125684045,2.37741283928057,2.39525210059985,2.41161147151391,2.42912726953656
"243",2.79096245927842,2.80524449435668,2.82557091618595,2.85152230812186,2.87221597575831,2.89655511318259,2.92385824239718,2.9529294914835,2.98084320764683,3.00979945050668,3.03947621596163,3.06877549941997,3.0977594724335,3.12973753254244,3.15999696624832,3.19027940738551,3.22184085128918,3.2513510323308,3.28118364809715,3.31134064034151,3.33991853685259,3.36861713316521,3.39731119291705,3.42564402085099,3.45127566143584,3.47494606374842,3.49781939914086,3.51613795264622,3.53487701459337,3.5516679995989,3.56917908426363,3.58399343973326,3.60101766997773,3.61622754597079,3.63259384787303,3.65022600020117,3.66937209266739
"244",6.33095708774767,6.39821699222601,6.45592260941951,6.50308586264742,6.55593782138822,6.58282973223561,6.60156519088304,6.60868589303541,6.62797755632048,6.65657781670364,6.6743976077947,6.68839303090014,6.70413320180373,6.70507956378204,6.68336198034069,6.69228560718496,6.67362015330384,6.6692072947623,6.64223487805901,6.62299077315647,6.57499911275159,6.56922588790808,6.53222104254036,6.48802103712716,6.44502125529472,6.40892646829142,6.35816925262907,6.3144013424145,6.22820164769833,6.19914744156088,6.1595572664327,6.10397244077506,6.04610730188039,5.98570487897683,5.91609733912896,5.86027162933587,5.78276137834001
"245",1.88527410628507,1.97522717206297,2.0446776546465,2.10165509676345,2.17026640560123,2.22245983148271,2.27299499779573,2.31974016734918,2.3647408446265,2.40877574585115,2.44989110061078,2.48844557148411,2.52565139971711,2.56341527978699,2.59640305914032,2.62804836595222,2.66003373576667,2.6875196478501,2.71475304158652,2.74180188493806,2.76470841719984,2.78638068498963,2.80716687487813,2.82781803583725,2.84444269606899,2.86028336446198,2.8735335479058,2.88301527213548,2.8933175670906,2.8999071858751,2.90665180298763,2.91119010270629,2.91796749150314,2.9212669682182,2.92579940536408,2.92716629669663,2.92976545701286
"246",1.12202982646022,1.13849766559901,1.15423956623703,1.17258472791434,1.18791052080618,1.20564456112547,1.22386570939351,1.24289710007187,1.26302076386061,1.28334307759817,1.30406260585988,1.32728752795736,1.35044147667552,1.37559892144713,1.40066542311644,1.42775677809657,1.45560704601044,1.48460782219649,1.51398186527605,1.5443560580046,1.57556398368395,1.60715014980879,1.64000884536802,1.67417373529146,1.70690011395528,1.73808333289274,1.76940564466527,1.79915611611537,1.82938866063424,1.85900547044151,1.88856322790067,1.91682295502831,1.94620495232516,1.97507318817607,2.00563543807439,2.0380614895354,2.07175582952948
"247",1.4749369209749,1.61082093869186,1.71972857079236,1.81172635360188,1.91206694788196,1.99007102524956,2.06497731244458,2.13457359176033,2.20038891720815,2.26323801905692,2.32154982953634,2.37665780761165,2.42930951328407,2.48182273874973,2.5284891528837,2.57368451468001,2.61890694353093,2.6588969275976,2.69844274782553,2.73721886435997,2.77174921135342,2.8047430381013,2.83706277522771,2.86900489342901,2.89620239375074,2.92179393714105,2.94521292977255,2.96386474510355,2.98341881622483,2.99911765666117,3.0151741308611,3.02872044215421,3.04459264009544,3.05762704660946,3.07212368388582,3.08531746031543,3.10039106201964
"248",2.22959679522427,2.24210485460567,2.25020889199762,2.25666048770858,2.26561622049189,2.27333260806767,2.28081407087288,2.28721905632352,2.29327568939847,2.29976278687644,2.30601041645424,2.31143707299063,2.3162002351174,2.3224975130228,2.32743210335289,2.33084730581793,2.33465416908128,2.33682720758645,2.33866930583845,2.34078185766952,2.34160393381843,2.34092642709105,2.33977463723826,2.33875220578224,2.33676799817118,2.33441454345077,2.33017035828107,2.32546381920279,2.32168158749587,2.31538682856719,2.30878578009323,2.30167564173758,2.29560360990574,2.28672596919473,2.27872181392778,2.26676857875512,2.25490924062986
"249",1.53078425259959,1.61306241369699,1.67886007318683,1.73489213625405,1.80094338079261,1.85299233931947,1.90371572546474,1.95129452669091,1.99769857893087,2.04304253467256,2.08565835165508,2.12663063331259,2.16629564658914,2.20651642034103,2.24237141762188,2.27734862498885,2.31268887012643,2.34407247202926,2.37529369891076,2.40632500047442,2.43384033142498,2.45999220433012,2.48570853346923,2.51156968505518,2.53344108018421,2.55429885028385,2.57296504782548,2.58808534182541,2.6041608270289,2.61667038550529,2.62931401707875,2.63996375048488,2.65269551247324,2.66250928811117,2.67378563667877,2.68287522684033,2.69345267532563
"250",1.72968704067343,1.73145267607789,1.72934082148869,1.72661110844061,1.72298262857456,1.72064664247482,1.71694297697915,1.71190351119925,1.70667867750586,1.70104019596039,1.69502039055612,1.68904235976751,1.68181375911326,1.67520785074694,1.66827175319139,1.66020362793339,1.65120889084417,1.64284198471006,1.63310358417352,1.62349801082594,1.61446055047096,1.60457865214078,1.59413806806328,1.58395020979008,1.57546148915925,1.56660571283219,1.55710688108584,1.55059927923181,1.54383730190747,1.5389222449802,1.53347354739223,1.5291295136683,1.52482514516213,1.52061063038132,1.51767381965029,1.51534752719391,1.51308907431255
"251",0.323553985686432,0.362661749662035,0.391461460106578,0.413740288876593,0.446232362859591,0.469747811823956,0.490927014290154,0.508965773086095,0.529083252544426,0.549038304273401,0.566496372784541,0.584443530481582,0.601931456610968,0.61780318009568,0.629840725863331,0.643930749964868,0.655342559230682,0.666601182472918,0.675284444824306,0.684437404826907,0.688984797509665,0.695418638835435,0.698245936021056,0.700965077122838,0.701450219935952,0.702693027244445,0.69948436228908,0.698014279692295,0.690552186926692,0.68852701317935,0.683231294649437,0.675392799823991,0.666267196400353,0.653726071972823,0.639282046866869,0.621341222490432,0.597137947475148
"252",3.43594361080313,3.43508337533595,3.4378884194105,3.443765647454,3.44654801211524,3.45189547574829,3.45902278413227,3.4666745694063,3.47382234581962,3.48299008144526,3.49283613239567,3.50134592595535,3.50988032571059,3.52088111381115,3.53020279538664,3.53977595354346,3.54976930860206,3.55870390692448,3.56736588794679,3.57710767307314,3.58500194577514,3.59433949590633,3.60282716537156,3.61114147118314,3.61853164312044,3.62530853955979,3.6311143885305,3.63424398790138,3.63768600397185,3.64050234165032,3.64419703209605,3.64602236799951,3.65032351814551,3.65287316326237,3.65683300421348,3.66127343426861,3.66752565306885
"253",1.26856103057709,1.26358347038066,1.2572108169505,1.25294766935263,1.24265061472093,1.23707686741806,1.23013349863402,1.22282697552042,1.2157791643587,1.20806118340261,1.20058794142508,1.19501727842501,1.18845811840997,1.18295763405747,1.1789758494262,1.1762158985229,1.17297973032845,1.17366937604971,1.17394210470913,1.17562163451686,1.1813538576508,1.18869230662728,1.19795861706942,1.20930513984592,1.22412226608142,1.23837570149353,1.25513484407148,1.27490077103909,1.29504780494545,1.31902483867558,1.34334195676899,1.36851052539877,1.39412106092516,1.42192656747134,1.45173174168562,1.48664462577402,1.52235488872869
"254",2.45063916541209,2.45331435321064,2.45747590077048,2.46441597277916,2.46860700521399,2.47609654030332,2.48489130364738,2.49444748234309,2.50354291523865,2.5135223491868,2.52441082235105,2.53540330693568,2.5461851867609,2.5598265434495,2.57328441979528,2.58613987904377,2.60060251877613,2.61427421691613,2.62877396685044,2.64407694603165,2.65983133994541,2.67480441670735,2.69106876199693,2.70816539267607,2.72444772408529,2.73966419337433,2.7550142159597,2.76822360916821,2.78390014199487,2.79652137266298,2.81025185862145,2.82330861332494,2.83859210485337,2.8528079264397,2.86922498882076,2.8860554846781,2.90582811506725
"255",0.825367871412462,0.907504763345171,0.978917911787754,1.04426667105645,1.1171034641655,1.17786839655218,1.23772383252113,1.29512254021419,1.35206274696122,1.4074674409909,1.45977995382404,1.51172112086695,1.56217390198415,1.61259674583941,1.65843874104078,1.70471160382793,1.75072978512111,1.79351930660291,1.83577089450247,1.87765619049048,1.91624698660794,1.95379085700646,1.99098489776144,2.02844996790659,2.06147744602504,2.09293205660462,2.12246165520199,2.14845701632667,2.17475366526692,2.19841103357117,2.22182729332595,2.24304969823396,2.26591153454882,2.28651630117335,2.30858310173631,2.3299784773704,2.35259715976475
"256",2.59244414805104,2.59711733405008,2.60365755595247,2.61305751941946,2.61993570025356,2.62975640862103,2.64115717245477,2.653394083072,2.66508267693637,2.67781946683855,2.6914306988457,2.70489520426255,2.71819827846552,2.73441032594996,2.75008055121556,2.76518623776759,2.78188931100324,2.7974303451344,2.81374883418464,2.83082774548017,2.84783283110751,2.86421120982838,2.88160140955945,2.89960777629,2.916416665423,2.93210097972372,2.94766747244931,2.96058227836174,2.97572866250649,2.98778714327194,3.00095153772329,3.01309126861162,3.02756750802188,3.04071792631427,3.05592985985715,3.07144662475865,3.08979502507294
"257",1.09623696376142,1.11891570634375,1.13920163962887,1.16067822911147,1.18122044231539,1.20224379245012,1.22348483594386,1.24501051104417,1.26762527352481,1.29036288447396,1.31307022565452,1.33787286306404,1.36250332557164,1.38879646663075,1.4143712633517,1.44173682718183,1.46963296947169,1.49812670040554,1.52679034409989,1.55633522049739,1.58599670129281,1.61594962854979,1.64679799886275,1.67885031557755,1.7091933052721,1.73822172308117,1.76697346644183,1.79422614931418,1.82176772246991,1.84876053143202,1.8756117295615,1.9011345743162,1.92782500441592,1.95374968329292,1.9813141168054,2.01028928472531,2.04037298286732
"258",3.73278624748268,3.72333806202742,3.71687995955691,3.71248747267706,3.70459062284626,3.69905669416866,3.69426713021719,3.68901480859598,3.6831836234025,3.67932489813917,3.67568203473795,3.66978478051752,3.66343803374973,3.65862103357893,3.65194302628846,3.64472168558856,3.63666628845316,3.62766355519723,3.61723692444144,3.60744795860048,3.59553902732914,3.58432327753134,3.57100767492791,3.5566856728057,3.54258664788434,3.52804575982557,3.51165676674436,3.49429342741227,3.47738819608552,3.45885847313422,3.4404101574362,3.42113686776674,3.40328100070698,3.38261669618012,3.36261972128659,3.33880672177723,3.31580299301699
"259",0.000269509582338305,0.00120146749924961,0.00342391672175704,0.00747260515352582,0.0155935741576771,0.0257883020258016,0.0393481602854669,0.0557782560748642,0.0763328950010073,0.100155877922954,0.125470244893966,0.154119348969146,0.185095652983523,0.217078513741272,0.247020326526937,0.281416259482038,0.31515554937548,0.349485443308662,0.382852401595002,0.417306930526214,0.447747748663883,0.481255985482756,0.512495696472166,0.544334114306606,0.572491785315879,0.600685363093534,0.625611342753522,0.65012965434824,0.669140713817962,0.69362758421874,0.715583795929013,0.734237455966668,0.752507569790051,0.768670257985057,0.784093516692495,0.799900393453194,0.811281494661312
"260",2.85228752190234,2.86201974737987,2.86689067115117,2.86882345150673,2.87487105512429,2.87821682458906,2.88116846987633,2.88229343085386,2.88267241005335,2.88389293927024,2.88446144949227,2.88258365836041,2.87980129387664,2.87794583195028,2.87354869767711,2.86645189591975,2.85869696819601,2.84776824008578,2.83517320524375,2.8219383764204,2.80477869838454,2.78479818293415,2.76124620430494,2.73525073144469,2.70660937524678,2.67666132008478,2.64015770780233,2.60180210451781,2.56029221908028,2.51190203586335,2.45727781174661,2.39697721707906,2.32968645615083,2.24539030505282,2.14557026292168,2.00424480399919,1.81714042196735
"261",1.58365975453874,1.61897838499202,1.65517609506817,1.69438990034685,1.73119710457886,1.76827778764356,1.807079376212,1.84685783593653,1.88616542130088,1.92526846794835,1.96413764185832,2.00385142117856,2.04285061311051,2.0840761302263,2.12349522777479,2.16311244306525,2.20399405554745,2.24282785487835,2.28218501307732,2.32149014624787,2.35988903347392,2.39692666767497,2.43494755550258,2.47330198500771,2.50828391809022,2.5409991098971,2.57317876805191,2.60119638796519,2.63087359671014,2.65677053143116,2.6831947085244,2.70770341921236,2.73412987426677,2.7589920404422,2.78564946544033,2.81289469515291,2.84250956984757
"262",1.34338119803038,1.40700417504049,1.46121030604336,1.51071291865855,1.56608561097359,1.61282731577858,1.65925260181874,1.70401866249748,1.74828456872188,1.79177882793615,1.83334783845324,1.8745200788924,1.91463573729257,1.95569175405649,1.9932841160987,2.03073332836866,2.06868287055439,2.10365947805121,2.1386255218906,2.17351071459522,2.20587407164559,2.23702785781056,2.26827509571129,2.29989958038638,2.32780779186096,2.35432012751837,2.37928403187053,2.40081308538984,2.42338968680842,2.44274261562666,2.46227251937504,2.47994343740115,2.4995336400984,2.51692552592097,2.53597826986989,2.55421112544741,2.57422355209024
"263",2.32685138781503,2.37039178140205,2.40508531866718,2.43485825258014,2.47129796666308,2.50061833497095,2.52999050234726,2.55772171867679,2.58461368708628,2.6118698179177,2.63802214674054,2.66250930343822,2.68635468629375,2.71173834684885,2.73400371200372,2.75512488303575,2.77699274136477,2.79557667036787,2.814176998017,2.83301708203709,2.8488822304685,2.86377947159341,2.87812400023726,2.89250200118121,2.90398597297909,2.91484797909053,2.92362350776608,2.92933208763652,2.93618503801791,2.93958102475745,2.94331551628107,2.94531473628796,2.94952492249286,2.95062943456597,2.95309263005748,2.95265910593001,2.95370989913237
"264",2.23242862790298,2.21529917252947,2.19827228011775,2.18316383703394,2.16220909276263,2.14655460504848,2.12963071322828,2.111701616914,2.09232244627,2.07204334143127,2.05166854744614,2.03042905997192,2.00693774126212,1.98384580322773,1.96133807909061,1.9356304479964,1.90814363978231,1.88144540771185,1.85227351726164,1.82186046777124,1.79386648182938,1.76306246537675,1.73137555099758,1.69845837822474,1.67019173590694,1.64013669547297,1.61089160616634,1.58738477529745,1.56512013488602,1.54518480194933,1.5253995789796,1.5100389929445,1.49388968657954,1.48149503165822,1.4717075511019,1.4668015309277,1.46499344296444
"265",3.23607852338486,3.20362398417587,3.17822554412814,3.1592171949076,3.12796783248359,3.10667130394174,3.08600121861033,3.06626952034614,3.04460788915054,3.0232280482679,3.00329442108129,2.98260242045533,2.96045714695117,2.94089052442269,2.92368460063852,2.9043843053731,2.88577502112123,2.86922826663465,2.85294945593194,2.83735933013414,2.82759944383777,2.81698768862666,2.80970478869402,2.80387174252525,2.80364762549981,2.80219150219457,2.80554138867782,2.81095625528681,2.8220986239453,2.83188836091926,2.84476566981459,2.86050667205255,2.87846790040656,2.8995105100829,2.92419374486487,2.95404518525427,2.98890075902019
"266",3.84051566617581,3.83471650003399,3.83170216808069,3.83045581209421,3.82641054243252,3.82381263768614,3.82205954580814,3.81975925350762,3.81714307452273,3.81682107312451,3.81657144969637,3.81399719396102,3.81118794868531,3.80979910880986,3.80598298106529,3.80239702803634,3.79772492164594,3.79217603619277,3.78503821367308,3.77883358208727,3.76970859022732,3.76238496859399,3.75250623657342,3.74164419569471,3.73062638284485,3.71942809000086,3.70615028207847,3.69146591291198,3.67638506326767,3.66088882760594,3.64550771677908,3.62864048249527,3.61356244355782,3.59565091953387,3.57840477300651,3.55822400066908,3.53874470300495
"267",4.28588918746083,4.30049990453391,4.32074360115656,4.34436865261727,4.36410393336286,4.38294870523741,4.40363501481432,4.42396550953477,4.44479566831596,4.46897820289288,4.49224710347525,4.51321850012461,4.53448333095889,4.55597495032166,4.57161644349027,4.59244953751733,4.60933005087704,4.6266387063504,4.63991289302659,4.65501928089624,4.66254471918964,4.6790219209062,4.68874835063023,4.69618141093633,4.70179771758087,4.70739820937723,4.70904643155786,4.70793729213237,4.69759463981247,4.69839768374215,4.69770698425769,4.69088880271121,4.68546253408113,4.67764655021427,4.66812526145104,4.66275015474698,4.65286395451853
"268",0.400908631697347,0.434282219381299,0.459605351746449,0.480755284342245,0.508412830791048,0.530079052378484,0.55003115535915,0.567885153240078,0.587755424560267,0.607556275971861,0.625611652427114,0.644960476190074,0.664038825562101,0.682358603218463,0.697959925223145,0.716137550748412,0.732451178795435,0.74953912722186,0.764871338135373,0.781077138811077,0.794497458631582,0.810063888410258,0.823611796750416,0.837845188677955,0.85050342480362,0.863506285120812,0.873884747233059,0.885598839079717,0.893083954623746,0.905564749493101,0.915975258883439,0.924495051340537,0.93269365421817,0.939275713374112,0.945579344338593,0.951895514428573,0.95465632804586
"269",3.89238876192634,3.85713323899802,3.82999932096768,3.80938216111843,3.77435888576071,3.74894320755612,3.72384684377171,3.69923082565043,3.67255378593896,3.6464827442148,3.62134979362198,3.59437824459561,3.5655096602323,3.53841212839592,3.51304262650114,3.48582548213202,3.45787722241317,3.43246499733311,3.40618314812402,3.3803281459023,3.36065276293781,3.34098335319119,3.32415854692528,3.30830040071247,3.30016976555071,3.29064428853805,3.28741413153117,3.28733576836181,3.29362095793576,3.29998040541798,3.31027339163179,3.32421931516026,3.34051846334949,3.36116648132133,3.38548370128549,3.41671403356793,3.45276217644505
"270",3.07021348445513,3.02998922351694,2.99576871488069,2.9672637833502,2.92433050219422,2.89202422032585,2.85855173444157,2.82457126468386,2.78703251796909,2.74756662700902,2.70799686099403,2.66584269735,2.61921098948607,2.57199556904879,2.52652735497016,2.47420646989182,2.41763616738959,2.36204182536642,2.30098919726119,2.23455527938431,2.17547008000907,2.1085896614899,2.04076641287953,1.96759003306968,1.90800896078329,1.84087314025761,1.78337460534709,1.74072243923146,1.70909796204,1.68411223173147,1.66673653622758,1.66827404663082,1.67036989441657,1.6948257121496,1.72973205604233,1.79003395332034,1.8623019583423
"271",3.69211229287264,3.66915646975093,3.65281500938622,3.64175156821667,3.62155822027754,3.60835766425404,3.59634478098854,3.58506256846104,3.5727820371496,3.56215550738519,3.55271254585945,3.54199391389526,3.53075567969805,3.52202290244646,3.51359571784544,3.50472365557652,3.49611922649553,3.4883439819846,3.48034214234735,3.47350125339986,3.46822676535463,3.46387037011328,3.46018755846184,3.45690840447006,3.45601730333308,3.45440782242533,3.45429798990782,3.45377401684985,3.45590378120137,3.45727047151328,3.46058294210874,3.46425655360441,3.47041429167424,3.47701830123399,3.48610322376311,3.49783354506418,3.51308977455154
"272",4.11665926511472,4.11202499604983,4.11019378163581,4.10979287102246,4.10653038367894,4.1037737524981,4.10161010060452,4.09848711947802,4.09544621390471,4.09513000899852,4.09449407312029,4.09119400383429,4.087737304854,4.08509657867589,4.0791672743519,4.0745230305649,4.06772028300458,4.0604589977553,4.05073003974248,4.04214685986512,4.02947501930973,4.02009025998476,4.00684741742232,3.99215870076997,3.97733612028394,3.96254232868001,3.94499966345554,3.92614713862341,3.90537104066797,3.88583935179184,3.86591278174508,3.84383253095478,3.82326248868067,3.79936817194311,3.77543371930315,3.74798437629987,3.71994819213876
"273",3.04691449238552,3.00164759318117,2.96554853637666,2.93824339961611,2.89245323069302,2.8608127545907,2.82929879339251,2.79923275881678,2.76612768936345,2.73192354084503,2.699492643484,2.66695223490806,2.63181840020098,2.59935440377892,2.57203282116266,2.54222744239561,2.51339876416037,2.49015376246136,2.46808825947109,2.44721013482982,2.43946478054752,2.43160827472136,2.43165874259844,2.43539262596579,2.44997939377095,2.46241066177568,2.48511348711082,2.51140014968571,2.54557842518781,2.57873660313344,2.61551977701078,2.6554446309735,2.69639998021708,2.74191595870833,2.79035774001869,2.84600987996205,2.90534455634316
"274",1.56275078080346,1.60201532563228,1.63740391537556,1.67226696594711,1.70888644945329,1.74261625748063,1.77703094077426,1.81125729342213,1.84534284715918,1.87932272669121,1.91265974261077,1.94641474581728,1.9795548418442,2.01449765824968,2.0473577338333,2.08030537305921,2.11427146612795,2.14624784684372,2.17861324772491,2.21119155612737,2.24247811689686,2.27268339297402,2.30358259161024,2.33506569477998,2.36356194605203,2.39050853090827,2.4165914051909,2.43942108389149,2.46372005415963,2.48480041567282,2.50629949106681,2.52619668966041,2.54802120709132,2.56813996837933,2.59009359820101,2.61199808357231,2.63606158369139
"275",3.8095292562225,3.78619426137033,3.76893586612022,3.75632310228042,3.73476770641253,3.7195469770433,3.7050867275368,3.69084949921793,3.67551497507198,3.66173131806935,3.6487378939251,3.63392556585557,3.6182615694021,3.60450975671089,3.5906502939748,3.57592856166713,3.56068733538807,3.54607560327386,3.53048988715735,3.51564052957038,3.50201391614762,3.48890274010179,3.47573452792959,3.46242396609488,3.45209211054562,3.44099567364566,3.43123146731146,3.42200995920126,3.41568877266079,3.40863279253164,3.40353994252481,3.39973387557108,3.39826986928665,3.39774219964717,3.40004210350284,3.40493160596273,3.41410559984415
"276",1.69806327537395,1.63969969416321,1.60993533681156,1.60968639714086,1.56791967385839,1.5616965084538,1.5641973023364,1.57988808091568,1.59616788090689,1.61431538740131,1.6410218885948,1.67776941453873,1.71598834597756,1.76307645232205,1.81811572113553,1.87708661623321,1.94018283635671,2.00711490431019,2.07577944395158,2.14354163304166,2.21702653087883,2.2872305522871,2.36042558531226,2.43227268047537,2.50010502986166,2.56079607692002,2.62290798297937,2.67763778212307,2.73378694369963,2.7841076153875,2.83418360082026,2.88094329400716,2.92803261895831,2.97413987949858,3.02098734643856,3.07049473940412,3.12149878719954
"277",3.87817864786108,3.85344284400606,3.83506641220632,3.82151190655004,3.79831378398217,3.7817031688346,3.76576485087028,3.75001403324026,3.73311441687927,3.71774051684104,3.70311749028582,3.68659561932896,3.66911728120993,3.65344476791376,3.63773397166856,3.62118326864936,3.60391909576904,3.58751986267735,3.57000596292158,3.55320171049987,3.53793475971874,3.52328270021236,3.50863377532826,3.49383198490258,3.48250107617739,3.47034936381472,3.45991903012417,3.45034859444969,3.44389021829196,3.43698394097496,3.43223853844372,3.42907317270616,3.428282227634,3.42888613172489,3.43247351780995,3.43930831914462,3.4506302063399
"278",0.00670226300369226,0.00754165198477776,0.00829896285635952,0.00923472739548289,0.009922600555414,0.0107846941007197,0.0115919622589781,0.0124438806141394,0.0136068702466439,0.0148537917098312,0.0161529258940705,0.0180293816347252,0.0200978594977928,0.0223271841067876,0.0247224489432099,0.028309170511684,0.0318686995018575,0.0367967734047919,0.0418536091246972,0.0478054479183509,0.0543860942341868,0.0630183131776944,0.0720915869554074,0.0823126358395911,0.0933470126414152,0.104947072130347,0.117030962541779,0.130728978462608,0.142092695272021,0.15880320747599,0.175064552311635,0.190646843782689,0.205981259772549,0.222178090562148,0.238295502544246,0.258028171482016,0.274863156129103
"279",3.54352516961725,3.72674538620668,3.85397073609044,3.95099435851892,4.05169030424936,4.12252657606641,4.18831179813665,4.24613753359656,4.29990580181325,4.35305315800762,4.40060879118523,4.44234533337052,4.48237518429682,4.52010932899238,4.54809406404337,4.57994281673755,4.60650615341735,4.63076270602953,4.64994558992455,4.67012040205737,4.6797773365493,4.69815443837926,4.70834539871453,4.71570022543599,4.71970300445073,4.72402604190789,4.72298552031297,4.71875070046119,4.70450879507005,4.7014098525639,4.69643898366024,4.68488172220068,4.67490172553425,4.66165572639495,4.64662011305765,4.63427158804898,4.61734078027547
"280",2.7123195584938,2.69445554614124,2.67972457929604,2.66874150065838,2.65113609143179,2.63993121646206,2.62909674831403,2.61859196585559,2.60689224325868,2.59552920931673,2.58514764755261,2.57429178753222,2.56240957090881,2.55281347166067,2.54428547496848,2.53385080176848,2.52409697599178,2.51491479419095,2.50577581984424,2.4971232640057,2.49122340697468,2.48397354785207,2.47831485526396,2.47348919404978,2.47134626300205,2.46836596839331,2.46711121790886,2.46714407710523,2.47082133667448,2.47282876915991,2.47650424526509,2.48203337070098,2.4894016254014,2.4979017093097,2.50944312570506,2.52322382136377,2.54106493646806
"281",1.51496157777913,1.54228417698263,1.56392683330016,1.58379369933382,1.60657768492788,1.62683384900412,1.64681582908787,1.66597669876098,1.68557904819028,1.70529166825619,1.72449087511237,1.74425359969507,1.76357372274071,1.78434115737849,1.80361459239038,1.82308209913024,1.84309474803144,1.86223154324389,1.88142369645595,1.90124230989248,1.92014568942698,1.93852405448187,1.95727665203578,1.97694872198633,1.99492017805877,2.0122064858044,2.02848318815418,2.04352361776475,2.05933910824635,2.07367119243361,2.08803971172785,2.10143804252334,2.11633438228345,2.12970766663667,2.14474319207449,2.15934791950757,2.17520811301755
"282",0.397475310162923,0.445013177713351,0.482004572742271,0.512571018136495,0.553819032635212,0.585377505599311,0.615069052761394,0.641937091809095,0.670863628002093,0.699650754105002,0.725967078204082,0.752973534942964,0.779590902025902,0.805116586925828,0.826697695037452,0.850477489128604,0.872310346827441,0.893563191247,0.912928094133091,0.932885502328866,0.948611070080607,0.965916175599161,0.980654347317069,0.995798605971835,1.00811268586775,1.02081930758558,1.02985128659142,1.03940980981889,1.04460573028203,1.05362106177595,1.06025647976868,1.06445153662571,1.06838338444591,1.06941835953682,1.0697888364285,1.06802494876266,1.06206858588379
"283",1.8665998161924,1.83983172824787,1.81372039658913,1.79065208699931,1.75688430832738,1.73096568545493,1.7023725759393,1.67225158603144,1.63983575518787,1.60482036607429,1.56898595885699,1.53226909393274,1.49144040945086,1.44909939427013,1.40823546640256,1.36322076871948,1.31349502329529,1.26714416182613,1.21572526152005,1.16124500372389,1.11370597936394,1.06338346057399,1.01300386159128,0.961024139871407,0.921779541513917,0.879544240905281,0.84553533835247,0.824983609942094,0.809095801321505,0.803615878321008,0.802062926341263,0.811425456608409,0.820348570727702,0.843182716029305,0.871753552891543,0.918352037020302,0.97026949778988
"284",1.2438029992574,1.26380739069868,1.27519132217252,1.28258703189324,1.29408792398481,1.30213455688458,1.30805021247666,1.31158884513008,1.31581235508691,1.31960977906073,1.32209049434361,1.32471827724412,1.32631217757953,1.32765094243592,1.32720641529696,1.32661552365751,1.32439448284588,1.32229436725532,1.31826668357828,1.31443721111049,1.3088860098576,1.30325461145826,1.29561681374115,1.28793126507583,1.28017920069872,1.2725024521545,1.26214376521436,1.25430709404619,1.24362886195591,1.23593103931584,1.2262226544144,1.21597743219168,1.20491783614373,1.19184142389327,1.17829235579792,1.16236637810687,1.14304001125739
"285",0.00845755761448973,0.0119006717622984,0.0147910616976651,0.0171429507113433,0.0212268790496743,0.0242837539867224,0.0269958799856311,0.0291449789430507,0.0319198508231674,0.0347806877765411,0.0371069167643,0.0396750262097692,0.0421985130766251,0.04407228101005,0.0449097988237908,0.0465618671192574,0.0470714213788677,0.047886043962485,0.0476366199424904,0.0474985891103686,0.0459723355976807,0.0453642035133148,0.0434211917301854,0.0413476772939865,0.0390308453845274,0.0370514364189937,0.0340476156113658,0.0319015837247403,0.028190755518379,0.0263568735880979,0.0238733125066148,0.0211354864223344,0.0182776740969661,0.015324796752233,0.0124079357063594,0.00963890768238964,0.00680533139023216
"286",2.74165354985883,2.71672479517993,2.70541724521804,2.70686134081494,2.69228829884363,2.69248616944194,2.69694366461287,2.70628252574331,2.71505326694137,2.72543943759608,2.73939091162047,2.75588980576045,2.77289389466698,2.79520287775744,2.82015447743673,2.84605116185942,2.87507333997283,2.90515224093039,2.93709263461771,2.96993167072317,3.00566255873325,3.04086037982842,3.07852608977958,3.11650204504357,3.15307856494187,3.1864375387682,3.22099162216866,3.25084715829391,3.28253227425471,3.31087007798937,3.34014364507236,3.36713535927557,3.39580556189243,3.42354030487607,3.45253146287101,3.48391955407729,3.51715074673876
"287",3.06422814757097,3.07348953095653,3.0878340168439,3.10679453324494,3.12162098578578,3.1395432672502,3.16010856754848,3.18204604875973,3.20310638612277,3.22568239066165,3.24901621762357,3.27162503152146,3.29413660934959,3.31952792620541,3.34314918545558,3.36702181785785,3.39190401984195,3.41509168573056,3.43841136558669,3.46239483992659,3.48455168019406,3.50755140415871,3.53016134628732,3.55245152613935,3.57256577019041,3.5912004550552,3.60891561505698,3.62258841521157,3.63634761480997,3.64897389936817,3.66233881913971,3.67307578725803,3.6861189760812,3.69734284247041,3.70969492016457,3.72327501699433,3.73824362052703
"288",2.34729380179815,2.33042991346181,2.315648762619,2.30433691792787,2.28620930509871,2.27456371524005,2.2627676895353,2.2511050300459,2.23836671272142,2.22548718632659,2.21343147303346,2.2014176057105,2.1881727606305,2.17690008779364,2.16705063871071,2.15553154325293,2.14440959133905,2.13468021835906,2.12484350426027,2.11553091951015,2.10980682316207,2.10298867780749,2.09810253356858,2.09441152417278,2.09418273478742,2.09315372421161,2.09447120281726,2.09812634362174,2.10513246034003,2.11184439428497,2.12012996281263,2.13062421681061,2.14262060827525,2.15656295992153,2.17359613343515,2.19411148469103,2.21829641506236
"289",0.0230062216489585,0.0278272886830433,0.0321925404993796,0.0366495883046182,0.0420462572847608,0.047098744255643,0.0521074423851864,0.057078626236577,0.0631818251241519,0.069690191262252,0.0761068609300975,0.0838722011538444,0.092113021454075,0.100418976229051,0.108224481262049,0.118558910669082,0.128217480185269,0.139753518367024,0.150716418862612,0.162828393731513,0.174262100242453,0.188564530405303,0.202098787822244,0.216583775280694,0.230830609859826,0.245521983926488,0.259280527147762,0.274601642491935,0.285837430198485,0.303388627398693,0.319439025833609,0.33391404169894,0.347807352381521,0.361591945526329,0.37488969643779,0.390731489955454,0.402792239719896
"290",2.87700841080564,2.88624367038356,2.89559702018555,2.90599516100504,2.91624764905563,2.92706944871515,2.93917412007887,2.95135946444914,2.96289779317276,2.97571073093243,2.98890272890655,3.00099734081681,3.01287266628372,3.02718256272651,3.03996754123423,3.05198956724208,3.06503537340354,3.07625452718995,3.08770802947162,3.09985340330787,3.11056047880605,3.12098776961476,3.13136752282705,3.14192396809976,3.15106153978037,3.15950235530788,3.16694796300868,3.17182002307159,3.17827061968195,3.18200559025887,3.18662116210751,3.1899840003124,3.19574750563378,3.1994913050858,3.20499837063801,3.20957033342261,3.21652226302345
"291",1.2661636335787,1.28136953737762,1.28833346490109,1.29157069339338,1.2979895247162,1.30171724925831,1.30303794497862,1.30182793775044,1.30111474741111,1.29977129171507,1.29704473790909,1.294293268511,1.29022259064267,1.28556381484777,1.27924055976525,1.27238310280455,1.26333605912749,1.25462596081728,1.24340107748429,1.23202782703184,1.21902110129776,1.20567746532135,1.18971161531787,1.17314235582622,1.15714654245546,1.14102966518848,1.12194713436783,1.10636015246762,1.08717740219353,1.07180049046425,1.05387346331684,1.03574863401951,1.01595035027581,0.994270478228032,0.97150480474107,0.946113481922771,0.916440904731791
"292",2.83722684011782,2.84999695457254,2.86900450257982,2.89374718211712,2.91311182977494,2.93632682836709,2.96253451414561,2.99054744631262,3.01744353587375,3.04546925977142,3.07427687521256,3.10270283143963,3.13085756505645,3.16203376584622,3.19153171851448,3.22110959492316,3.25194838012664,3.28081802726643,3.30999347341591,3.33954052675447,3.36750928100119,3.39571385914981,3.42387017342345,3.45165766442163,3.47681439619086,3.50004295964882,3.52247349449875,3.54038801212915,3.55864367672657,3.57509772818304,3.59226758542237,3.6067192723822,3.62337968273372,3.63823376753516,3.65421657055152,3.67151489261088,3.69027098690302
"293",2.96597282279431,2.97143844610505,2.97313637303066,2.9725475538457,2.97503271526436,2.97567207983971,2.9759761979599,2.97455209961925,2.97230386359477,2.97095030306995,2.96902544127945,2.96454676219695,2.95909297405968,2.95452495556066,2.94750384771755,2.93764861702664,2.92693504947588,2.91310283740943,2.89736246323578,2.88081243705214,2.8603198854466,2.83676557853376,2.80924383226177,2.77879493037887,2.74570181768011,2.7108807088114,2.66889262504175,2.62487132691368,2.57690481633597,2.52106388786131,2.45746701438103,2.38683784597904,2.30641281571468,2.20477765193448,2.08108555909741,1.9008874668233,1.64804537438788
"294",1.09692537681003,1.14228066874053,1.1836413438614,1.22459750593203,1.26739838497532,1.30668295881991,1.3464421832647,1.38596838117632,1.42591273231427,1.46549137116903,1.50403364299267,1.54366309676283,1.58262845778401,1.62287430583733,1.66071107317341,1.69952084207939,1.73882363370659,1.77656210606766,1.81433612832344,1.85226930233287,1.88870009156218,1.92440409317614,1.96057207216348,1.99737220236109,2.03083508094556,2.06259705385834,2.09334260648242,2.1210148386672,2.14941369814453,2.17542312115821,2.20142421069205,2.22560546290816,2.25135206102117,2.27551875020698,2.30134447631712,2.327496993364,2.35523574492582
"295",2.44949507959836,2.44368906786935,2.43684234412081,2.43064018250218,2.42258528941269,2.41710800765291,2.41125661704065,2.40461224979499,2.39709010620212,2.38973047352445,2.38249304710259,2.3742746236882,2.36488802874926,2.35687073093879,2.34849855902746,2.33774738959218,2.32677425561434,2.31502560449963,2.3022788735606,2.28932013840224,2.27647368899703,2.26142476156971,2.24569501222633,2.22948895772747,2.2142879688623,2.19825007136054,2.18088456802169,2.16503310651899,2.1502274867009,2.13367530613582,2.11661678161377,2.10049285171476,2.08440201190431,2.06672310271868,2.04984591482588,2.02994183898944,2.01026291200663
"296",2.1369430342267,2.15854426132026,2.1779209882141,2.1975264012812,2.21806417125111,2.23793981982762,2.25874234083335,2.27957572760013,2.30005054028966,2.32106142392914,2.34215228942131,2.36312714305558,2.38374102682373,2.4066787394215,2.42824893484085,2.44927310153542,2.47163478259564,2.49223078689532,2.51341576593379,2.53511063517902,2.55594442238306,2.57579341333621,2.59639149494793,2.61760855318537,2.63681577481822,2.65493452586872,2.67236832871083,2.68709203838199,2.70374139281381,2.71711595736788,2.73124265718236,2.74419731194602,2.75932391639518,2.77274676882868,2.78812933045217,2.80308936810658,2.82053149962378
"297",2.71944120474838,2.7812121122438,2.83786436146788,2.89161921560359,2.94610216866178,2.99328583288547,3.04130296718436,3.08797716286735,3.13205067814495,3.17588294617546,3.21802058398264,3.25768624710169,3.29613674217853,3.3359713627401,3.37139619896179,3.40649067840709,3.44162697439039,3.4731375477968,3.50396505016103,3.53475230113367,3.56148703996728,3.58896825176802,3.61490010894512,3.63991265194951,3.66136206744016,3.68130533863018,3.69924241611222,3.71246121074143,3.72477391295057,3.73629843997405,3.74818394896949,3.75676391906029,3.76765975510328,3.7760942430448,3.78533096132149,3.79520477865651,3.80591854108505
"298",1.99282707074247,1.99910099623337,2.00825040158109,2.02196582908403,2.03087110122895,2.0445457734196,2.05997291401733,2.07701966288967,2.09398241546234,2.11158967394439,2.13036658833348,2.15050334119316,2.17054442082955,2.19373799105714,2.21717432742303,2.24089316409431,2.26652269668423,2.29187031136612,2.31833814152434,2.34555620962333,2.37381676287302,2.40123585280608,2.43049871265217,2.46072445482307,2.4894324778057,2.51632815557509,2.54367299719799,2.56808262422761,2.59479093542633,2.61821859942702,2.64253594342668,2.66569525818838,2.69079704056551,2.71500349167013,2.74128188358876,2.76874143853538,2.79892069394131
"299",2.20445992759883,2.19206103024596,2.17879582206611,2.16667492085674,2.15042519636094,2.13825221976958,2.12490213932841,2.11044811256138,2.09482361700073,2.07855822516126,2.06214968360959,2.04489681093503,2.02571199941839,2.00706518956195,1.98859403535751,1.9672241021931,1.94438782954916,1.92184537320168,1.89711510070192,1.87141475915288,1.84708324691723,1.82010942203082,1.79193742738185,1.76258884823514,1.7364844797271,1.70888906410809,1.68082688983235,1.65726769870062,1.63410137140428,1.61220434730156,1.5896464852608,1.57008323075191,1.54942814195084,1.53025805115356,1.51249561535084,1.49623088764971,1.48120884229026
"300",3.70845635976289,3.69025488819834,3.67676209363582,3.66682612327927,3.65033207618303,3.63867667797489,3.62774753242495,3.6167590252048,3.60481913104226,3.59449042464719,3.58474075569613,3.57301090761379,3.56053671514984,3.54983214440574,3.53839105975571,3.52588935281001,3.51281121308008,3.49952164859562,3.48508052845222,3.47116527144537,3.45711232216294,3.44313900243128,3.42824340644302,3.41273186052329,3.39898234380013,3.38450668247179,3.36987544994335,3.35530909189646,3.34282605470394,3.3287782992529,3.31584203349012,3.30362691286312,3.29327683545043,3.28239826181824,3.27365168458899,3.26476927384985,3.25931497714586
"301",0.96233240369118,0.970545509750674,0.970118773869072,0.965700473517467,0.962673970322966,0.957531764877597,0.948631503780463,0.936269202827858,0.924119626510933,0.910413107184725,0.89451167161306,0.878129595649513,0.859333996576779,0.83805037901746,0.814838628059186,0.790397874654323,0.761064413423651,0.732867901877753,0.699526417513046,0.664494121383524,0.627645707813559,0.589939469701067,0.547035579691644,0.50126272652787,0.458417744541133,0.414625738096752,0.367961365039543,0.328197515016593,0.284068632413526,0.246661027708938,0.207197844112384,0.171088636440728,0.134051511436853,0.100714867438822,0.0703544997768608,0.044691846613169,0.0242784193011992
"302",2.5258055002582,2.53042147601889,2.53089601651944,2.52940503956821,2.53023744121074,2.53014380064977,2.52940399996883,2.5270484236679,2.5239424948811,2.52119741582699,2.51796809716828,2.5129434691404,2.50679010490222,2.50152569644775,2.49453633684207,2.48471925693877,2.47421798699852,2.4613598928903,2.44684619301956,2.43159890877315,2.41376951389183,2.39289196102293,2.36914567244195,2.34337882749998,2.31620752622973,2.28774827233856,2.25411079152726,2.22036273852654,2.18433128054661,2.14375010252993,2.09862562024098,2.05065146650092,1.99809210645913,1.9352585148231,1.86447712759508,1.77149575015356,1.65941369089722
"303",4.51433846932111,4.50884734858587,4.50672537548632,4.50607704057665,4.50101810104239,4.49586788006448,4.49078268603356,4.48419673888441,4.47836810180917,4.47583598264968,4.47244397411871,4.46611559912336,4.45967669118198,4.453092586835,4.44226034791932,4.43457199804798,4.42297349320408,4.41216568767457,4.39752549518429,4.38445326104748,4.36622647374149,4.35379483867239,4.33587105740951,4.31601944891039,4.2967569003541,4.27780753267429,4.25583081036868,4.23321009122925,4.20666814786091,4.1846652104576,4.16195768417653,4.13666057836597,4.11275697126114,4.08610161256293,4.05915357907071,4.0304927578074,4.00082513000473
"304",1.10991034561044,1.14718042499424,1.18416963570004,1.22369824918913,1.26163199493548,1.29928265174817,1.33818811865929,1.37791010173417,1.41805942059641,1.45795608481229,1.49739580483224,1.53851797238469,1.57906185020127,1.62133524876749,1.66178245579142,1.7034498145201,1.74586046934303,1.78705697407511,1.82846057451817,1.86996534082568,1.91057765261678,1.95034340279595,1.99091852146276,2.03206991018565,2.06985328880942,2.10546667314373,2.14044066311334,2.17191804369996,2.20434832414146,2.23404394113358,2.2638153326678,2.29168034513706,2.32106889801973,2.34909310449793,2.37881399661318,2.40937051545728,2.44174197334709
"305",3.11373380121151,3.11442305106556,3.11647646907407,3.12020128260079,3.12250130948906,3.12655732349888,3.1318132110718,3.13714065980032,3.14181285333321,3.14797115335125,3.15465586612493,3.16002048304891,3.16515002319917,3.1726381769211,3.17882248818799,3.18417131736563,3.19025142934775,3.19486819311239,3.19946134605538,3.20481389096415,3.20889742257308,3.21287876621509,3.21655639259519,3.22028603473174,3.22326234473613,3.22571506431393,3.22719598332055,3.2266910061259,3.22776312738795,3.22639511978271,3.22590069749775,3.22447088667377,3.22535886017722,3.22427958643957,3.22493885019354,3.224358268875,3.22614830885679
"306",2.62255875652591,2.64888353613912,2.6769212174205,2.70743056120418,2.73615947065293,2.76495629956147,2.79587867244569,2.82751570439401,2.85791841023015,2.88901372268769,2.92015917824627,2.95047999750931,2.98030298489184,3.01266791634661,3.04276542769566,3.07252320575982,3.10344755197931,3.13182033574333,3.16048130697433,3.18939655679618,3.21634256790649,3.24306315926746,3.26975253638112,3.29622913789749,3.31985818605889,3.34181775106132,3.36277573306025,3.37940849121008,3.39686661261767,3.41181890024366,3.42753890279392,3.44085990384185,3.45652329324255,3.47022085686973,3.48531701349145,3.50099742394292,3.51858428480151
"307",1.97308039583055,1.93651562185304,1.93375084683746,1.96198247033869,1.95393618156529,1.97748894889727,2.01095954854955,2.05589867625338,2.09968680365972,2.14418165839142,2.1937111880889,2.24861240171579,2.30288026768331,2.36283440781429,2.42478099169322,2.48745912603949,2.55228248151401,2.61600418762025,2.68009766918698,2.7423971998841,2.80604730061031,2.86655023365993,2.92834602601846,2.98843436892161,3.04376607426481,3.09338736324643,3.14312022935303,3.18554035054423,3.22876921088258,3.26720430572074,3.30572351574028,3.34068748256184,3.376692367664,3.41111080600628,3.44615728434736,3.48338178898708,3.52177239342152
"308",2.93752091544228,2.93547769381658,2.93353392672068,2.93246303969676,2.93041072821996,2.93004866291607,2.93023990483414,2.93002839051271,2.92903272990708,2.92908924216274,2.92948347166688,2.9284394086469,2.92681112227256,2.92716203185029,2.92646986325845,2.92405296529292,2.92206691827225,2.918540450514,2.91464975453731,2.91109834780551,2.90655272892474,2.90075006552735,2.89439346433851,2.88780935425561,2.88093595177003,2.87352635540312,2.86466013128481,2.85497508650771,2.84696738716124,2.835792198313,2.82485034934872,2.8136454510141,2.80386743168143,2.79150919011693,2.78032450852643,2.76539950371476,2.75172381740278
"309",1.56054025660303,1.60429501978073,1.64434980162678,1.68394280646567,1.72507741595512,1.76288491318063,1.80148932077647,1.83990418438025,1.8779319524182,1.91568675344686,1.95262787020527,1.98983602393609,2.02629293586148,2.06451109512165,2.10038235007927,2.1362433898115,2.17311692710712,2.20767222180581,2.24259206139415,2.27757331342304,2.3110691756146,2.34334811819123,2.37628120093092,2.40966381478328,2.43977243869605,2.46815659466422,2.49563172630481,2.51947799076465,2.5448272540498,2.56670324028001,2.58902927933308,2.60960537124308,2.63215782622424,2.6529335520886,2.67552369291958,2.69809260985654,2.72289005779977
"310",3.64635273331234,3.60248901666077,3.56709144376721,3.53891107034195,3.49320917152232,3.45930460014525,3.4248619262372,3.39058590042011,3.35277540728475,3.31375510493125,3.27516359750438,3.23405822067899,3.18898100178344,3.14436869108727,3.10252615495907,3.05547981170161,3.005860137953,2.95916045322315,2.90964789389686,2.85760964023115,2.81691513886731,2.772609338382,2.73321920568691,2.69432555753269,2.67139957132787,2.64517384770766,2.6334469636138,2.63245266857016,2.64463803484997,2.65926194144911,2.68132017540522,2.71356822960677,2.74737144292158,2.79244986151648,2.84277250901481,2.905952065643,2.97489000740496
"311",3.02541365924585,3.01028387379926,2.99681945840235,2.98530159065541,2.96962711723229,2.95804313305056,2.94642536323005,2.9341982083806,2.92061289406455,2.90749901469977,2.89465153037064,2.87996203103763,2.86387517934818,2.84912073846369,2.83394705746615,2.81569059515495,2.79675601028256,2.77664861417752,2.75493862844729,2.73245305624292,2.70985365393789,2.68424576792065,2.6570116082356,2.62800502720222,2.60027805358139,2.57080687467606,2.53924599466361,2.50901049343546,2.47972457128739,2.44686512957496,2.41253451570374,2.37914600380697,2.34410894347332,2.30607636711584,2.26700982149931,2.22101212170467,2.17300567690731
"312",2.54567762121394,2.53863665636424,2.52953453027963,2.52002196993074,2.50955481086994,2.50079956466718,2.49109920090034,2.47986885382367,2.46745225159804,2.45491376027788,2.44195230186059,2.42710826181077,2.41050217477125,2.39432742778228,2.37702469389558,2.35599337826992,2.33332024595242,2.30876104687814,2.28141716768196,2.25231078888637,2.22129736617566,2.18585072907731,2.14630351235147,2.10295248516691,2.05913365108928,2.01224942023891,1.95892934461903,1.90672626385117,1.84985432142666,1.7878588403303,1.71784312172242,1.64410234354774,1.55953889044454,1.460885162809,1.34622054756092,1.19787019070993,1.01346758032354
"313",2.20502660601221,2.18776135716845,2.17554162078587,2.16962206575053,2.15401874696908,2.1475134318731,2.14214601214529,2.13858521381718,2.13449211793464,2.13081062604914,2.12906981931755,2.12903793653967,2.12871822340242,2.13191906768614,2.13767123425606,2.14361107151616,2.1516773625046,2.16202429510312,2.17390942884238,2.18724347749362,2.20507971111326,2.22265860182846,2.24365271931867,2.26653459398604,2.29096833032805,2.31375602116641,2.33912460953689,2.36353561586436,2.39127932393371,2.41677656311565,2.44368344719006,2.47066188563681,2.49933426663276,2.52865817173144,2.56046145571955,2.59522450414927,2.6331380639627
"314",0.348669254014081,0.351834882824723,0.350088209636229,0.346994440289459,0.341424247218907,0.336097219400662,0.327895995675361,0.31777700464401,0.308272354768733,0.297590453496767,0.28577109111341,0.274954641832593,0.262830528470432,0.249419155583918,0.236214445082402,0.224392052972993,0.210128492834421,0.19939050135789,0.186774549222419,0.174779517793922,0.164898936118001,0.15709838927471,0.149099594763725,0.141804562859443,0.138027536371672,0.134358251316878,0.132211311962585,0.133917499756493,0.134198299046663,0.140178552371191,0.146112412024277,0.153390945296235,0.160145259558039,0.169769054412601,0.180150781758335,0.196027648011795,0.210977358654608
"315",2.43390529709146,2.45748536948912,2.48395770191954,2.51406481087345,2.54115551492158,2.56971792082401,2.60061703460441,2.63268889824955,2.66365076171854,2.695178949993,2.72700717779842,2.75854913980274,2.78960224161343,2.8234103100009,2.85541859096962,2.88709150411541,2.92021160265087,2.9509707424195,2.98226541833507,3.01374441081576,3.04386177883418,3.07330433436744,3.10321224582781,3.13306641473811,3.16003680307165,3.18507783531529,3.20942411265225,3.22936799032103,3.25059861613236,3.2687208627399,3.2876611926621,3.30437163868287,3.32335045079474,3.34053109312627,3.35925020768762,3.37866237029054,3.40023510339616
"316",2.0376209836377,2.08704771537072,2.12855138101793,2.16607286765099,2.2088401006133,2.24485166986215,2.28110884416507,2.31607012721809,2.3501026215636,2.38408629802402,2.41688530529897,2.44853937966016,2.47940905199012,2.51188559928039,2.54133273073989,2.56992449489653,2.59944730790215,2.62578062597047,2.65233670731732,2.67900956319212,2.70318920859643,2.72624903932624,2.74930440389696,2.77255443936168,2.79263195289516,2.81161178461179,2.82904627027917,2.84296003326648,2.85829355320598,2.87006784783408,2.88238252980512,2.89292695411595,2.90575086616183,2.91612588284659,2.92817857958749,2.93889978629592,2.95171941940555
"317",2.84744798097137,2.85562138738489,2.86407287917123,2.87373630652258,2.88300491906761,2.89314169609063,2.90455834343145,2.91611341255701,2.92703080009104,2.93919235465624,2.95179133908433,2.96338327540444,2.97475336495555,2.98859991422878,3.00106203539292,3.0127325687832,3.02548493218839,3.03649547063919,3.04779602932959,3.0597936106722,3.07053999178401,3.08092457786799,3.09138794445868,3.10208748837057,3.1114538451897,3.12010456253159,3.12786391842152,3.13312460567906,3.1400857946029,3.14426078544303,3.14934783298526,3.15327395319882,3.15958952857076,3.16397266365626,3.17017404594776,3.17552304238054,3.18333267953879
"318",2.7674186502852,2.76270550849383,2.76159700753441,2.76452732002282,2.7629041115916,2.76613147048481,2.77103899426297,2.77708039442987,2.78249553538904,2.78910462989516,2.7969615399111,2.80474425045026,2.81240350909828,2.82319257011856,2.83406014488042,2.84436702999015,2.85634739309996,2.86776345498251,2.88004616522809,2.8932613913612,2.90716593643695,2.92061941906136,2.9353791642478,2.95088109683416,2.96592798606092,2.97987003172365,2.99419273347481,3.00623550749789,3.02078969992884,3.03247143286073,3.04546075699224,3.05771313850853,3.07231863230834,3.08598836508324,3.10184096295414,3.11852507690926,3.13825160868558
"319",2.76676833989731,2.75967649996868,2.75377611544664,2.74989978708255,2.74307940974553,2.73975870653363,2.73699934171779,2.73422164316924,2.7306020625032,2.72777055372829,2.72559037957206,2.72254036073956,2.71883475884322,2.7173484768724,2.71567940612504,2.71232706037009,2.70970280132939,2.70631556197312,2.70290655258462,2.69996641741946,2.69745433323182,2.69364611055227,2.69027395354281,2.6872266000189,2.68477547874357,2.6817002537842,2.67840229947143,2.67488700359008,2.67386857232284,2.67019813443733,2.66741225877559,2.66512198421769,2.66460932083574,2.66307915703691,2.66368126792123,2.663370314875,2.66584264628917
"320",1.34532047410115,1.35952695000861,1.3643740925495,1.36447049683995,1.36872205108066,1.36950390517338,1.36736401931293,1.36203164101143,1.35690549622598,1.3508862149974,1.34303075701964,1.33437668369509,1.32390335386258,1.3120638339824,1.29790600781026,1.28204277694361,1.2628165143436,1.24301520243235,1.21922937689668,1.19409034606006,1.16561095240937,1.13522337750725,1.09949330499575,1.06070197069962,1.02159117741973,0.981106816237368,0.934127030219273,0.890883991912022,0.840189542951349,0.792170257704762,0.737548453498921,0.680889647589149,0.617724587145407,0.54801670023636,0.471822449554894,0.384035825257331,0.28728282589653
"321",0.857650895076353,1.01208344854125,1.16235922793624,1.30612584669819,1.4361019069835,1.54924047306229,1.65912094118479,1.76363764839043,1.86012364275017,1.94995347450569,2.03350273075999,2.11362198961887,2.18906599288623,2.26350639071953,2.3312772082356,2.39720517138886,2.46242687239297,2.52174822315535,2.58001892839056,2.63621688084929,2.68871061751691,2.73860606472006,2.78812324586109,2.83653093572255,2.87922952164864,2.91856479298748,2.9563442048967,2.98791737323407,3.02036500564953,3.04838637033744,3.0766855944293,3.10196441404678,3.1291755137906,3.15414541179354,3.18042922029289,3.20716577277883,3.23584292414743
"322",2.5145648391453,2.57098328883934,2.61758312429095,2.65845093341926,2.70554566053847,2.74368041246576,2.78196521504552,2.8183731662417,2.85324735378335,2.88827920090424,2.92178584253574,2.95304653226803,2.98345803682697,3.01529142422152,3.04324749955071,3.07028644810899,3.09785087386777,3.12172177009387,3.14539961867808,3.16922701841887,3.18943517839001,3.20932028433971,3.22827102337945,3.24691609961766,3.26227198936053,3.2767433420378,3.28913357375312,3.29762617450011,3.30671540803609,3.31305379341657,3.3198885479633,3.32440094452756,3.33137566392963,3.33546138609407,3.3408666690842,3.34469025810578,3.35016995791752
"323",1.20616969592526,1.20085185459956,1.19489049596746,1.1917640094706,1.18171412959663,1.1770775672503,1.17134199719762,1.16565329557215,1.16039024220376,1.15458124447866,1.14928835136711,1.14636814963172,1.14269756990524,1.14043725201881,1.14003859064279,1.14143434244536,1.14274488391572,1.14835247377246,1.15393798660868,1.16118540268737,1.17281703906337,1.18630532261841,1.20210018930216,1.22015248205458,1.24125073313176,1.26153003799446,1.28439378469912,1.30950855073245,1.33501019190349,1.36383835707483,1.39292292831424,1.42238345012906,1.45228734393475,1.48410573984053,1.51781382405394,1.55648696940763,1.59591522633505
"324",0.857561537394446,0.874047533465037,0.88270519363888,0.888125162065893,0.895762561229225,0.900929869104606,0.903542058036692,0.903807272697532,0.905115324676293,0.905756854048451,0.904997449926397,0.905063943845605,0.904057107679315,0.902264479404707,0.899104194340526,0.896950612889653,0.892476616349898,0.889736760512205,0.884706683472191,0.880185994659737,0.874897116595162,0.870979086509411,0.865260059101268,0.859922598742339,0.855811686997375,0.851968096539941,0.846665698577457,0.845105549645062,0.840113072109432,0.84099056383064,0.840203747111414,0.839378308607399,0.83778908531121,0.836227682452142,0.83478793415956,0.834829164362679,0.832162260627744
"325",3.52819249275654,3.52375677250679,3.52317831219678,3.52570230125664,3.52466630243741,3.52652865699946,3.52999123186046,3.53385756074828,3.53724462758175,3.54271188493934,3.54886348818853,3.55356157916925,3.55824742088871,3.56529372032124,3.57077414519058,3.57646123276236,3.58238629049415,3.58747493608843,3.5921534868116,3.59795520967195,3.60206072519243,3.60766094968155,3.61233360300682,3.61682749191844,3.62081240081417,3.62431266845497,3.62691311749536,3.6272382118032,3.62801412369467,3.62822275513162,3.62935152948351,3.62888752662452,3.63089086720475,3.63123482515937,3.63307217863091,3.63524277375177,3.63937741724307
"326",2.96200697604421,2.92328253097788,2.89098634096368,2.86499446005779,2.82464971147626,2.79540234772329,2.76556406276914,2.73591474239519,2.70328882679796,2.6693473348964,2.6360865929595,2.60144581227114,2.56356021849044,2.52664461130396,2.49255846638939,2.45401953846888,2.41397573027228,2.37666957166851,2.33747491379256,2.29680590294982,2.26513873402119,2.23050800496909,2.19961904815188,2.16944957314842,2.15084806268942,2.12992565287803,2.1185073052149,2.11558976368443,2.12157749182462,2.13001230749413,2.14355714580709,2.16530453454541,2.18860035604715,2.22116853270099,2.25921290353524,2.30881657159225,2.36494418936873
"327",2.03486246026892,2.17347130439363,2.27723595668625,2.35996256339627,2.45449047895639,2.52427834139903,2.59067349474799,2.65120318124078,2.70806079840631,2.76282258611964,2.81327800473932,2.85968726913917,2.90405816995323,2.94839556578746,2.98662056032587,3.02333601908163,3.05989315064649,3.09115614327445,3.12173431938502,3.1519045303338,3.17692096697131,3.20131169873639,3.22414292807066,3.24634031692298,3.26411039077909,3.28092905683145,3.29493353766257,3.3044195595965,3.3140333916551,3.32069109177875,3.32758320491916,3.33166058140604,3.33819988328047,3.34125976254951,3.34539426631603,3.34719107919226,3.35020052344423
"328",2.86295720926792,2.86299954596183,2.86040527638156,2.85652298115249,2.8540107202824,2.85124137490787,2.84809376649964,2.8434535472356,2.83787263882814,2.83293532454042,2.82761423978954,2.8200300400461,2.81129871359924,2.80349140439777,2.79381394130442,2.78106743107372,2.76745011065431,2.75116841509804,2.73295221386179,2.71377805933383,2.69157441619836,2.66597712659606,2.63679381959256,2.60475705077654,2.57091708003267,2.53516489903884,2.49305372290087,2.44992480076062,2.40349787047314,2.35025295890735,2.29024286810378,2.22513658843791,2.15168347468835,2.06169285913857,1.95541737471396,1.80829479786819,1.61582731369679
"329",3.87218179378863,3.86699262596123,3.86327782826586,3.8601727876376,3.85540986091942,3.85099986599467,3.84691063574178,3.84163740941347,3.83596685226202,3.83243196798982,3.82854836157478,3.82177763374613,3.81445844123063,3.80796059080277,3.79855347439742,3.78862856924396,3.77690116108988,3.76364545753352,3.74798420644112,3.73258157680507,3.71325609341278,3.69446953066272,3.6716678264456,3.6465952964031,3.62070651680192,3.59400030810744,3.56295206953933,3.53036672000021,3.49597119553176,3.45828036832923,3.41774847856112,3.37408830794058,3.32830338160439,3.27366053042403,3.21321378825648,3.13378142716078,3.03965753313716
"330",3.48547092159446,3.47614862930358,3.46953452941852,3.46510142228938,3.45733878424797,3.45242891915489,3.44835121770327,3.44404158555617,3.4389744370396,3.43555689295581,3.43257299101816,3.42767846238457,3.42229395561397,3.41878530287935,3.41397326208985,3.40808845643856,3.40202546013819,3.39488607225966,3.38688435982701,3.37944526061796,3.37068191909303,3.36182612018721,3.35175735372149,3.34109487196204,3.33068589147114,3.31976889293518,3.30752939940283,3.29437301823508,3.28253977092584,3.26842820408817,3.25477502733337,3.24073492083722,3.22837366162811,3.21375226765149,3.20038664996013,3.18415273684398,3.16967075512455
"331",1.14467471415229,1.19379763069168,1.2342659921464,1.2707796598277,1.31322522671817,1.34899040198664,1.38419537212614,1.41793410827234,1.45224718429683,1.48625666721634,1.51877650440667,1.55174007445552,1.58406349232818,1.61719700992647,1.64752185814589,1.67848100839296,1.70960277296722,1.73901702597293,1.76821047233007,1.79774250508712,1.82512426828775,1.85200916926896,1.87880711440787,1.90631970203161,1.93083826516235,1.95444541525048,1.97643508016595,1.99632754097185,2.01642986954902,2.03492145629716,2.05315107304571,2.06975587623928,2.08783110098126,2.10392838276132,2.12147137986673,2.13830263233249,2.15600902027567
"332",3.31768710567963,3.3108552971708,3.30387980499595,3.29691835328205,3.28915226724317,3.28237671187428,3.27552627053765,3.26740330355416,3.25824388099446,3.2501551059979,3.24180701526073,3.23075735451209,3.21856282204731,3.20725823956314,3.1939578995798,3.17779468213017,3.16033192135669,3.14034773441333,3.11801183156831,3.09464367106344,3.06803784250103,3.03827370287016,3.00426539482892,2.96666109592784,2.92735827095162,2.88550056764894,2.8367079191943,2.7861466382665,2.73164858883574,2.66849336230775,2.59669791922573,2.51775915877393,2.42645976342399,2.31215846983679,2.1709903530131,1.96338678977392,1.66078330338919
"333",0.000421436928196489,0.00122747980649139,0.00259010917259959,0.0045375837649192,0.0084279627266526,0.0128484663071647,0.0184456165330072,0.0249547684787672,0.0333948163851877,0.0434280712135966,0.0541315045212727,0.0666119949344363,0.0805372405113534,0.0949718952455479,0.1082502037108,0.124463506127381,0.14009787868306,0.156597891786375,0.172303908962016,0.189062245736523,0.20283418914664,0.219382402130491,0.233804463445226,0.248657355219585,0.261369896663424,0.274745960366569,0.285187343551945,0.296382293669396,0.302162751113938,0.313774092370935,0.322961975444809,0.329521090689352,0.335279721870039,0.339092388160276,0.341588107108486,0.343740550466788,0.340920476119113
"334",2.56159040717762,2.50246003257247,2.46031868170177,2.43559383238867,2.3803210417926,2.34959034972549,2.32203335882149,2.30112855631109,2.27838656491625,2.25581043632835,2.23933281793283,2.22888034554793,2.21891685931372,2.21719673843485,2.22632379075112,2.23879857942602,2.25747460176133,2.28532898131806,2.31807048392471,2.35354104448312,2.40224003727582,2.45048187053062,2.50591969232027,2.56274478336337,2.62116016632231,2.673418374564,2.73045332625254,2.78232204676603,2.83724029283387,2.88695763272768,2.93717531508338,2.98508958445854,3.03311492193723,3.08123654994456,3.13013264551544,3.18276833313851,3.23690353569427
"335",3.09283411009763,3.06566699262959,3.0430443053984,3.02475107569468,2.99737176768703,2.97761336965812,2.95781761258808,2.93798306426996,2.91619430522807,2.89436783884666,2.8732055274049,2.85049721419668,2.82585150285556,2.80268246543165,2.78057483714227,2.75506829263699,2.728859408712,2.70309736139175,2.67590157727022,2.64790644279728,2.62328717257522,2.5958243722781,2.56891485499158,2.54131302002099,2.518661026846,2.4941833601034,2.4721088156673,2.45390396340269,2.44027798955416,2.42561016035802,2.41300206012457,2.40509287520369,2.3983145327457,2.39541874278896,2.39657569793122,2.40266260465122,2.41492498773695
"336",0.0120703758179987,0.0167214981943309,0.0209097186213225,0.0247334899052007,0.0306966730560552,0.0356442589310214,0.0404498117481501,0.0448607504154609,0.0503083799790116,0.0561093265972003,0.061480119478164,0.0675822792137693,0.0739368837533861,0.0798189097592832,0.0845058675170661,0.0908760736965938,0.0960432900748627,0.102003158381406,0.106803288599364,0.11212276409284,0.115566474745981,0.120903832734902,0.124488156236623,0.128190026848727,0.13118725498401,0.134687770560617,0.136327967459762,0.139286007084439,0.138418746970413,0.14212045834284,0.144137671966599,0.144784726410591,0.144662596984267,0.143618611953507,0.141661649577806,0.139786714256931,0.134687758548289
"337",2.00395254758015,1.98518225439968,1.97482327865469,1.97402736376268,1.95985815268011,1.95793198225731,1.95837326704164,1.96231150871703,1.96616054683407,1.97073978426981,1.97820062132628,1.98890586420723,1.99987362416623,2.01538955814193,2.03422182545188,2.05446624026179,2.0776188236614,2.10340941027383,2.1312578620942,2.16049537353005,2.19436877873332,2.22780274317345,2.26483177818754,2.30334507808067,2.3417242838107,2.37728352431901,2.41504104938068,2.44983339494366,2.48741468289468,2.52167237192875,2.55687710560326,2.59096603110608,2.62647124691278,2.66195963381795,2.6994160840973,2.73958650450653,2.7824113813022
"338",0.680458236780931,0.710461914123771,0.729859841987395,0.743576179954062,0.763975388988139,0.778097656000576,0.789510577368809,0.797917449828534,0.807821948655282,0.817257715020777,0.824662749688658,0.832559231548049,0.839606591478404,0.845441353577139,0.84857710710702,0.852931224539388,0.854750860253787,0.857095229550946,0.856902012673031,0.857087823604767,0.854297882599429,0.852800040879378,0.84831296600607,0.843740131024036,0.83848363174814,0.833727766091357,0.825525890039636,0.820068679541685,0.809687414723919,0.804597318773412,0.796738952754907,0.787479546842637,0.77694474255978,0.764133300082409,0.750058901072804,0.733811201056658,0.712516615573607
"339",2.6028900297921,2.5824368730202,2.56518653890879,2.55193365152031,2.53107464600833,2.5173072762299,2.50362936784939,2.49022442814192,2.47548384956379,2.46074634670991,2.44695640368056,2.43283001801626,2.41741335217229,2.4040984741129,2.39224534091134,2.3783286781098,2.36485914587359,2.35252181976769,2.34006463808543,2.32799565598634,2.3195965699492,2.30979573295872,2.30192882722668,2.2950543733979,2.2918769872809,2.28778869667585,2.28621458595863,2.28690724041164,2.29152628847068,2.29526101115846,2.30086764447782,2.30899298738511,2.31880743695905,2.33071762032942,2.34594265155487,2.36467111576708,2.38767134602454
"340",3.48516300171867,3.44561905330698,3.41388691293559,3.38891764952197,3.34881103299145,3.31966825573607,3.29043354402822,3.26161955080506,3.22995649528008,3.19774964766473,3.1664020051131,3.13324132122787,3.09724375219658,3.06263374685684,3.03058850956332,2.99470748455257,2.95774082766893,2.92328917539656,2.88745453203186,2.85073215432007,2.82249788655403,2.79199473300975,2.76536731356605,2.73961533085183,2.7244892082486,2.70723526611591,2.69900346530362,2.69720310005968,2.70453826538537,2.71240562006303,2.72545153513208,2.74538015057013,2.7673854180225,2.79698572834017,2.83159870682782,2.87591971461484,2.92661740720885
"341",0.781546165491952,0.796329683348994,0.80162918543285,0.802224412582295,0.805925034339654,0.806057363533453,0.80259579953199,0.795711941414109,0.789559511280783,0.782190633745726,0.772629768119495,0.762962361839873,0.751435087346551,0.737689738028146,0.721799680363723,0.705724810817092,0.685431960247578,0.666352224640492,0.64299584239939,0.618824169067998,0.592495700920528,0.56646500844338,0.536019963588401,0.503844827416339,0.473527413816328,0.443036224988494,0.409475014282474,0.381412579531918,0.348316377556574,0.321698141375889,0.29229779260064,0.263952199018996,0.233573159028779,0.203726834671492,0.173671655336551,0.144185201685108,0.114065001466636
"342",3.43215425422566,3.3973073416582,3.3705448361712,3.35083532161849,3.31750622608796,3.29479080511839,3.27287589709442,3.25212088041093,3.22939622182645,3.20714088274569,3.18649021127135,3.16507048041148,3.14227048436637,3.12225009183349,3.104840889995,3.08573188743556,3.06745525535153,3.05172416484566,3.03649588765475,3.02227638331423,3.01446169199977,3.00640485559506,3.00210072692097,2.99947098895545,3.00272358338304,3.00466276870841,3.01186517087545,3.0206087923182,3.03504193762219,3.04814467922351,3.06440318558592,3.08297923646088,3.10377730341861,3.12740729641188,3.15431262276722,3.18645516752095,3.2230614700987
"343",3.56113393418991,3.55417187036562,3.54974079235345,3.5472461221652,3.54196483498253,3.53890416836219,3.53674512918505,3.53428860891565,3.53121044075128,3.52997958007874,3.52908856656902,3.52619379016438,3.5229320795329,3.52148518901609,3.51836687374213,3.51455826119296,3.51043905094856,3.50518248145149,3.49896711157529,3.49345101260533,3.48606554407701,3.47912940297414,3.47066767258035,3.46156611176915,3.45240622473164,3.44286148122969,3.43174564898233,3.41937357186878,3.40784762428347,3.39448262214176,3.38151440723873,3.3677195602878,3.35573596762251,3.34124422271622,3.32786164564688,3.31158667772467,3.29678010847304
"344",0.0667559281113336,0.083577746777569,0.0987739837366019,0.113230507951977,0.13257558446099,0.149214801690606,0.165852215476134,0.182000199008299,0.200440198225299,0.219616423127899,0.237992994114778,0.258168219545623,0.27888853439,0.299208988539571,0.317297514613903,0.338810295879501,0.358798598394687,0.379962516314155,0.399691432501696,0.420486374041894,0.438393686373494,0.459294028604162,0.478126236103026,0.497660501141841,0.515268077120539,0.533268011584379,0.548668162185046,0.565100370177649,0.576371187827836,0.593798862335923,0.608932941428223,0.62164271718054,0.633790400034416,0.6444921544755,0.654507321259444,0.665317775756439,0.671786100619944
"345",0.00139894961903852,0.00205279373354748,0.00261162899206689,0.0030750523381199,0.00388638276646016,0.00450160719238113,0.00501830596083097,0.00539070819701476,0.00592059595548145,0.00646092017782522,0.00686150102791766,0.00734296080763978,0.00780151342133378,0.00807613830337734,0.00810245638728718,0.0083732586078193,0.00832035116435334,0.00841783681681255,0.00822812037150665,0.00808408266622597,0.00765610096461625,0.00750608496135765,0.00705223525537549,0.00659387816453841,0.00614566826178707,0.00577995501185714,0.00523281005135156,0.00491945707802284,0.00426114448273767,0.00407184950289078,0.00374551208926304,0.00336954813091386,0.00295599264243047,0.00254429729517781,0.00212739520124908,0.0017655233011028,0.00134114478955874
"346",1.95838038841581,1.98454193359476,2.00945112258735,2.03552324258601,2.0614649955792,2.08710360873544,2.11399351259025,2.14130374305723,2.16824566526253,2.19552640358181,2.22286114485692,2.25046830334852,2.27765801075708,2.30724531390476,2.33539609792798,2.36331046582839,2.39265443036421,2.42017803634153,2.44837182399042,2.4769349195655,2.50471036998425,2.53141872017593,2.5590665183361,2.58728468382172,2.61300768776222,2.63720296843742,2.66085375625967,2.68118177042676,2.70339691922066,2.72213360793038,2.7415999315726,2.7595955805916,2.77971643057948,2.7982372483155,2.81868855556866,2.83925306753721,2.8623296694745
"347",0.65530878202427,0.714402247809617,0.776156087802537,0.84187798826604,0.905192865690116,0.966075630472561,1.02857995239005,1.09166485872558,1.1544052748594,1.21568086132152,1.27499871679337,1.33553300995866,1.39452569291719,1.45411292093932,1.51001871766169,1.56712990646819,1.6240654472173,1.67845758140643,1.73230142343898,1.78537384568534,1.83622132934778,1.88573842471505,1.93540883870372,1.98506540596059,2.0299527494103,2.07203291259871,2.11292156172612,2.14933826329618,2.18622502510007,2.22003884349511,2.25362398567081,2.28474360087287,2.31725721290361,2.34810398038917,2.38044936658764,2.41353264937769,2.44820024903721
"348",2.55853254136863,2.53398545139693,2.51337925051125,2.49750662792344,2.47229337404782,2.45540026549778,2.43847051274981,2.42195446652418,2.40390160290918,2.38557153136358,2.36829655704433,2.35088912248712,2.33196541830186,2.31513871658961,2.30039435742335,2.28357132034851,2.26715097581871,2.25267914201752,2.23815385590149,2.22408887723425,2.21510764026526,2.20492053521458,2.19746337804723,2.19141577544674,2.19032141446371,2.18820965815125,2.18990999791149,2.19460300742733,2.20383846598234,2.21282073339094,2.22409659848707,2.23840181330868,2.25438225467311,2.27345572315645,2.29611140450032,2.32371710853456,2.35581104822547
"349",1.60816852352485,1.6332301675177,1.65131384978939,1.66649869425725,1.68574669429334,1.70177526545333,1.71705299631268,1.73095285491071,1.74519947107458,1.75952474951677,1.77314484611807,1.78685093068557,1.79997756070764,1.81422127748866,1.82681603632791,1.83908831080069,1.85152716940058,1.86294569362592,1.87403284979456,1.88563953947292,1.89593673889293,1.90554659789978,1.91493031710636,1.92499532048117,1.93371672433821,1.94213648708047,1.94896356005134,1.95541368136442,1.96211815534469,1.9678199940471,1.97317610941317,1.97776044682799,1.98348691243001,1.98722928330325,1.99220531803573,1.99547469412575,1.9990462505357
"350",0.2106440619848,0.234796514649721,0.252316859887796,0.265986158372804,0.285557989627843,0.299896933898446,0.312326173963424,0.32252642880895,0.334578829907497,0.346507062502071,0.356665431765695,0.367756575808536,0.378512242512475,0.387911018140569,0.394707920064712,0.403864174014515,0.410496894262679,0.418196066894248,0.423568568069222,0.429592826728325,0.432600335216275,0.4380518376666,0.440652111121557,0.443413340298084,0.445287672336946,0.44783695922986,0.447424088332469,0.449359789588401,0.445914939956451,0.448875703394976,0.449285117488077,0.447956484697654,0.445543221036855,0.441589314713209,0.436487168018457,0.43099174653503,0.420775395317048
"351",1.8361269865831,1.86255861591583,1.88704466042821,1.91231480353624,1.9378462584828,1.96282991609029,1.98882399697157,2.01509563708867,2.04119740523399,2.06758349599871,2.09396032969732,2.12078968597223,2.14721606216195,2.17591498477362,2.20324366858566,2.23047662378536,2.25904518372035,2.28601756076659,2.31361616404201,2.34163803034195,2.36896979027779,2.39528232943633,2.42255614314074,2.45051705532253,2.47609047849814,2.50022446470379,2.52381862754764,2.54439451029066,2.56678231540458,2.58589789461232,2.6056519976012,2.62404395445725,2.64446467101075,2.66335345199613,2.68418761355049,2.70512001560203,2.72846766772044
"352",1.90807117988783,1.94220236433391,1.97451801664885,2.00753588348489,2.0408741917792,2.07269336503544,2.10577399127741,2.1391044596009,2.1718284953608,2.2046571437071,2.23719581944162,2.26978673139617,2.3017849735491,2.33600938738709,2.36830075423298,2.40028584428415,2.43359888661579,2.46462104549522,2.49620927060516,2.5279711034198,2.55850563009636,2.58786360848648,2.61798671789514,2.64850038389337,2.67606774998566,2.70194857811255,2.72709546215138,2.74849764002983,2.77165945252562,2.79117931398956,2.81138658669163,2.82988589791275,2.85053690644658,2.86943000069893,2.89017405717123,2.91097170969023,2.93422191729075
"353",2.68103504630854,2.6931687628191,2.70385723245962,2.71464117132791,2.72640873966808,2.7379055383,2.75032386741056,2.76251294144891,2.77410380147256,2.78672217211338,2.79954056953909,2.811326782953,2.82279381102513,2.83653292008845,2.848759540787,2.85995488494698,2.87217910158313,2.88245870608783,2.89298266705727,2.90409003754432,2.9138169409631,2.92280353672369,2.93182360574779,2.94110572765245,2.94893573243762,2.9561436812166,2.96221784677731,2.96604323702955,2.97162261363515,2.97410965827034,2.97733358548553,2.97953844910445,2.98398690147025,2.98625311072583,2.99027436065806,2.99265811946479,2.997294729055
"354",2.1504100154789,2.1484270499208,2.14508949763874,2.14263640468778,2.1382054144573,2.13641792081149,2.13433493014622,2.13176056607477,2.12869947770211,2.1257689856996,2.12311765419405,2.1203344922736,2.11667834134774,2.11469853795357,2.11273359825071,2.10940168184752,2.10638032435742,2.10335714467529,2.10003978627598,2.09715579812118,2.09519925137727,2.09204435039665,2.08942217806118,2.08745909368669,2.08653908051036,2.08510971636612,2.08362064503914,2.0832285033833,2.08454109416694,2.08489985372577,2.08570426160393,2.08733350846996,2.09015459601774,2.09264021424264,2.09716155169821,2.10181914815053,2.10843286306067
"355",3.51878987378582,3.50876181883439,3.50130860537196,3.4958671958271,3.48710974165248,3.48110184033176,3.47578564365701,3.47008587002549,3.46358910910744,3.45870414297188,3.45415431433449,3.44753109903262,3.44031491215899,3.43480254931826,3.42789619820031,3.41973066207305,3.4111498749347,3.40140459154659,3.39054651089956,3.38008170903395,3.36812380709716,3.35581850363358,3.34194985723601,3.32718622077059,3.31270705391958,3.29760769304497,3.28081300427027,3.26328567577887,3.24687478544025,3.22785915220135,3.2088968368935,3.18954564046632,3.17136599652109,3.15037435234463,3.13008153209217,3.10540972413091,3.08156696284914
"356",3.39611763792244,3.37680983310197,3.36438036109109,3.35785047722999,3.34280570613016,3.33519477065753,3.32941887859536,3.3250687547817,3.31988942554524,3.31640522263653,3.31455538736175,3.31222006947603,3.30977582583474,3.31056902395023,3.31197007347984,3.31322259022447,3.31574720801557,3.31881820739097,3.32248242117278,3.32747223685065,3.33393511826274,3.34112763764448,3.34953094432246,3.35859222019629,3.36864952825455,3.37769811190309,3.38787435930032,3.39625641495746,3.40692604773039,3.41610185885185,3.42691458553943,3.43707214699574,3.44965442506958,3.46191191690648,3.47624571233759,3.49272086373686,3.51207503468301
"357",2.36426827656751,2.35524974846993,2.35368185705491,2.36001874306803,2.35698132412967,2.36300870292789,2.37175672901809,2.3833879441246,2.39465077435812,2.40697105817042,2.42149178892616,2.43773352197143,2.45411849689067,2.47459334293384,2.49645979011139,2.51870858750931,2.54349037789098,2.56862903327152,2.59534086366778,2.62296796247798,2.65273635251566,2.68175579721365,2.71315997353642,2.74544072421966,2.77658489271069,2.80543324166657,2.83533299155341,2.86171408691745,2.89065677202331,2.91602469473065,2.94251223622725,2.96762362126819,2.99469020927032,3.02102182538152,3.04928788949831,3.07934822866684,3.11215475181479
"358",4.9724255856219,4.97797960065169,4.98720204927893,4.99780642070856,5.00389026176876,5.00723712184567,5.01044148117729,5.01159430217975,5.01537836513523,5.02393952326263,5.03070077813206,5.03486125963448,5.03973699962266,5.04298163616916,5.03922317126125,5.04407607349189,5.0418967345362,5.04305990705056,5.03796094952674,5.03598969866186,5.02496102727198,5.02734411824037,5.02035295628807,5.01086026621833,5.00151099741851,4.99352170399955,4.9809954384939,4.96792467632038,4.94266684456389,4.9338476803918,4.92294617314536,4.90564398575866,4.88955968632914,4.87148746988988,4.85125185332379,4.83621950960913,4.81540661419382
"359",2.25993673293357,2.28152314375975,2.2941561611207,2.3015429354047,2.31596548078441,2.32517925279378,2.33322933552128,2.33880872137561,2.34398188643843,2.34943648154896,2.35373774189067,2.35608136418486,2.35742073106404,2.35927353342617,2.35837218277449,2.354906426273,2.35069966512865,2.34335447198111,2.33433759574602,2.32466714125966,2.31091821382965,2.29431451030815,2.2742516610508,2.2521821744419,2.22723057033644,2.20138298057876,2.16894808043469,2.13550649302159,2.09837129520959,2.05627414216812,2.00839669114607,1.95567609536662,1.89731537844251,1.82489486155111,1.74095092251908,1.62607670756173,1.48101517376253
"360",3.55498620278985,3.53174430083236,3.51649321825291,3.50792127724289,3.48916342575632,3.4788188606962,3.47039052267605,3.46359052788118,3.455941553439,3.45012192186151,3.44610501521552,3.44165959546273,3.43713756745408,3.43596067549186,3.43568466847619,3.4356207444978,3.43677309807497,3.43904073484187,3.44190336436732,3.44628898457543,3.45260320037613,3.46018140206404,3.4690817233188,3.47867029420917,3.48967067182559,3.49956692011282,3.51093052661089,3.52047812364031,3.53205550978178,3.54274173888498,3.55509350461326,3.56658907356648,3.58043084750823,3.59411696560771,3.60967778851869,3.62798017894003,3.64877922793321
"361",2.28814175210463,2.29820678370627,2.30566339729214,2.3128277723082,2.32093304385028,2.32913519374281,2.33760656668161,2.34559324141718,2.35320925617444,2.3614033830931,2.36972462502838,2.37754954355925,2.38488104127999,2.39420883558924,2.40256335580003,2.4097504353583,2.41780534335649,2.42452357255797,2.43139381512467,2.43878245305802,2.4455554106451,2.45114797588908,2.4570465629075,2.46348034842066,2.46906724544934,2.47413377243904,2.4782388195508,2.4813122525756,2.4861447389895,2.48829312201453,2.49089629747948,2.49310893097724,2.49707576594731,2.49921526093994,2.50311899796713,2.50533331678485,2.50941923772084
"362",3.49379697680811,3.50307653025068,3.51341970624639,3.52468898093919,3.53578531834591,3.5463909236728,3.55839067103402,3.57011688034092,3.58138471393246,3.59471377689543,3.60806365356008,3.61944857762557,3.6307916204884,3.64401904195117,3.65443333970669,3.66524170545461,3.67584656943976,3.68479778676213,3.69291811616337,3.70203337978976,3.70784354583924,3.71554858224285,3.72136298098256,3.72662397283864,3.73039546660813,3.73384185191413,3.73538304716127,3.73414383501303,3.73229567965663,3.73034604064661,3.72887650722486,3.72508187632152,3.72370989398811,3.71986417926718,3.71704864812837,3.71357786931241,3.71126467598587
"363",1.82761359587613,1.83836200841006,1.84481274260247,1.85022052893181,1.85671407202123,1.863014175371,1.86869362412423,1.87339681784979,1.87812180842183,1.88294026107031,1.88754827263106,1.89223192156318,1.89620953309709,1.90152674488133,1.90606626640768,1.90984301204666,1.91378192658054,1.91734445861884,1.92053146180147,1.92423085228104,1.927703261861,1.93032525113644,1.9330010986165,1.93635896784804,1.93959332024538,1.94249838112056,1.94445300231805,1.9469532086112,1.95015296720867,1.95268306475723,1.95510701284299,1.95750867807421,1.96094305164366,1.96313892065923,1.96682723004593,1.96959583438548,1.97315273733267
"364",0.794494619916384,0.820423828107128,0.834435431412667,0.84174118316407,0.856064256316481,0.863829181393572,0.868087683084805,0.868528692099826,0.870055931296371,0.870715370262128,0.86889175065375,0.86671531563181,0.86304349382997,0.85726341356563,0.848358308160371,0.839334483495853,0.826444644185183,0.81350525409869,0.796483642943392,0.778730733799105,0.756783324568003,0.734814146725957,0.707469375530478,0.678000230098908,0.64794319714042,0.61775552224218,0.581748565341027,0.549607690310794,0.510146465535265,0.475752434462221,0.436374118784048,0.395513441621058,0.351075518085654,0.302995806097833,0.252221104721933,0.196564277700141,0.138520053893009
"365",0.614055474280631,0.617340221966245,0.615971719618295,0.614015407057433,0.608797888000892,0.604851943221256,0.598258325079572,0.590032834879759,0.58258270646669,0.574065145493391,0.564658803904339,0.556834335646878,0.547761594748779,0.537936246854993,0.528484356252248,0.520913462799634,0.511025911802131,0.505353003867716,0.497803616995708,0.491278555428145,0.487330562788326,0.486143217645452,0.485055254359719,0.485328504395173,0.48953561778942,0.493819840065296,0.499876943622827,0.510713247232892,0.519323568857323,0.53573543340791,0.551729987541139,0.56869714969182,0.585131197482783,0.60448541966064,0.624844421075136,0.651513579285278,0.676600016229919
"366",0.762867619898912,0.919391605661526,1.04806487267295,1.1577232060197,1.27810133982699,1.37139475443675,1.46028269187504,1.54246952002256,1.6208878671667,1.695175585278,1.76344754945507,1.82861826095969,1.89075327463523,1.95161603523772,2.00565686893024,2.05863871556688,2.11097235639646,2.15789499130238,2.20398184815359,2.24901371419951,2.28939696083185,2.32798478202704,2.36580635584951,2.40339386818626,2.43563405440072,2.46615693097947,2.49426939375788,2.51781234370148,2.54200867478334,2.56238806622568,2.58274647993591,2.60060632734474,2.62048510809997,2.63751844096219,2.65600408112232,2.67301262408088,2.69158789733093
"367",3.21397377345495,3.20633451546711,3.2029584638863,3.20348272016787,3.19938126908538,3.19975192765304,3.20181835940322,3.20474893582275,3.20700798458092,3.21091313188403,3.21591621336672,3.22009921983681,3.22419175999986,3.2311456687838,3.23759288203571,3.2436477526751,3.25078342447355,3.25726370137827,3.26407588257875,3.27191594305377,3.27957003284939,3.2875752741421,3.2959729797104,3.3047054686584,3.31321039100635,3.32092128026463,3.32858700543187,3.33408306552814,3.34140052172667,3.34677049366803,3.35340900617779,3.35909193208466,3.36724687501431,3.37424961380883,3.38321479141849,3.39286964539921,3.405272041133
"368",4.33712193980959,4.33558377577113,4.33900407031256,4.34542652832846,4.3473408878549,4.35017159057397,4.35426251925216,4.35797401586105,4.36243252774687,4.37037197740059,4.37807747419084,4.38366503311652,4.38965862200634,4.39647847617686,4.39926479773076,4.40597880808547,4.40986453671467,4.41456733942032,4.41635257798256,4.42016297671438,4.4188139378632,4.4244188803362,4.42526971322216,4.42476909120698,4.42384963119463,4.42317699767254,4.41994061753217,4.41473577353428,4.40417551247255,4.4007031760683,4.39687562842522,4.38899693205399,4.38312630749398,4.37534650462893,4.36729265230565,4.36196434174379,4.35500166808441
"369",2.14915959266812,2.15578846084838,2.16213496482333,2.17027232516259,2.17669839507781,2.18546706885029,2.19502910944619,2.20497713910073,2.21469813232874,2.22500864643562,2.23595308467727,2.24727918680495,2.25830226656354,2.27185603948667,2.28519126319913,2.29805062327285,2.3123005488778,2.32598401840343,2.34036224167755,2.35552307974814,2.37120357195736,2.38603999784896,2.40216312695329,2.41928026576544,2.43565244681702,2.45107007303327,2.4665530433935,2.48044284507344,2.49659445520375,2.51006611982514,2.52442081372488,2.53828468300937,2.55414440486412,2.5690373315192,2.58612470177754,2.60356058765415,2.62367884273033
"370",2.27124173008776,2.26170440085596,2.25029652738278,2.23906541337268,2.22533433956216,2.21442650197004,2.20223301544361,2.18857291002729,2.17374006812783,2.15834248457425,2.1425338681883,2.12540280002032,2.10627681275516,2.08739101041279,2.06799676127472,2.04518239054177,2.02048594010759,1.99508106140876,1.96684746012414,1.93701795006353,1.90687168053702,1.87303743419515,1.83620640377259,1.79661307455371,1.75869667082339,1.71839792458908,1.67466672914454,1.63458559646865,1.59221065597675,1.54923060544872,1.5024705160841,1.45674714103444,1.40625817923992,1.35276836760429,1.29585825643845,1.23174283304781,1.1615319336037
"371",0.890986075572632,0.924313464616898,0.954511530042177,0.985217867730984,1.01658497757118,1.04649168736524,1.07668489081858,1.10696678248926,1.13848721776376,1.16999400938915,1.20094875794942,1.23392016987326,1.26662741859162,1.30059551110943,1.33295929613403,1.36733335372439,1.4019278935295,1.43647331827515,1.47091903812553,1.50598505603137,1.54020522378987,1.57465072826019,1.60953709801303,1.64538905331533,1.67865483175258,1.71047498463058,1.74149270783187,1.77050579031198,1.79938743279986,1.82763101079413,1.85550146019078,1.88165318058629,1.90893511157942,1.93509453774789,1.96272971113764,1.99143085261395,2.02096286220337
"372",3.16827986846982,3.15321106987934,3.14004674739016,3.12880598275239,3.11348970630877,3.10203292651414,3.09063113543199,3.07859057488009,3.06522081799723,3.0525184997414,3.04004902980716,3.0255254157927,3.0096666773402,2.99511468192948,2.97989683085748,2.96168529243822,2.94269057294013,2.92233830273259,2.90026840252109,2.87741774256453,2.85399867130619,2.82765017192209,2.79929782599933,2.76889273804592,2.73942228861445,2.70809866947684,2.67415482216217,2.64105490081572,2.60853060436562,2.57177140914291,2.53299039827517,2.49451025788587,2.45372246663468,2.40856679500991,2.36106157532571,2.30366628222594,2.24175862185998
"373",2.6830759740307,2.68064912335929,2.67779047672038,2.67575195254789,2.67254006927323,2.67136091571414,2.67046541407028,2.66912979146549,2.6670239640998,2.66562570774053,2.66456415481177,2.66241869769217,2.65955331035262,2.65860226209333,2.65699228670653,2.65349810133168,2.65047077571738,2.64621267704847,2.64163957850004,2.63732639633483,2.63264091039851,2.62636422978658,2.61988393959661,2.61338059805851,2.6069640563256,2.59997154425559,2.59184874994555,2.58355283758825,2.57707552076994,2.56775404644913,2.55867209332015,2.54977851261516,2.54214330110631,2.53250448659457,2.52426738704774,2.51311207881866,2.50341040730655
"374",1.60763857523306,1.6413206129314,1.66465184356617,1.68246627929582,1.70768499795695,1.72662267057768,1.74423240488883,1.75954543651057,1.77517148510283,1.79077806504082,1.80506401015299,1.81874163984957,1.831682597342,1.84519280068616,1.85616278493103,1.86631400325888,1.87616130148108,1.88411563488183,1.89122884816183,1.8985550236529,1.90318173455822,1.90673785061274,1.90895815990144,1.91128031940966,1.91158005650644,1.9118154913127,1.90897041545993,1.90585258844692,1.90183123406262,1.89663592988741,1.89010382782495,1.88219403310131,1.87464588566591,1.86329022369412,1.85176969907573,1.83491439107542,1.81562734142303
"375",2.67752602506798,2.67772639174422,2.67493424302178,2.67084055998722,2.6679951760261,2.66510215186899,2.66166632403246,2.65673112205008,2.65088390265828,2.64544908865986,2.63962820126042,2.631823681106,2.62279570230734,2.61465160675603,2.60488203489168,2.59202764248082,2.57832641608469,2.56223657342788,2.54426406344913,2.52533705585009,2.50384505980533,2.47894791136603,2.45081189902428,2.42012664090341,2.38808777573783,2.35429968988936,2.31481624391197,2.27508806481633,2.23254236835377,2.18450205310963,2.13078727014396,2.07345878722769,2.00958607034274,1.93301673939307,1.84501722092917,1.72781223882175,1.58227974400311
"376",2.24853340661148,2.219822137298,2.19338553982258,2.17075020201091,2.13752770156516,2.11269813091623,2.08614929701105,2.05872069753392,2.02894717895213,1.99729784430256,1.96547909728831,1.93265790744204,1.89639727869123,1.85983783524121,1.82497697600828,1.78590016985039,1.74376427313202,1.70405052424275,1.66074020177106,1.61511962401993,1.57574096364276,1.53314514140688,1.49108060470576,1.44787583922366,1.41488735272133,1.37920530663254,1.34988318189589,1.331049595234,1.31708646817611,1.30961106174837,1.30549258815464,1.31054867996364,1.31574082180997,1.33185394852489,1.35352561937144,1.38937317735401,1.4313283337269
"377",0.00470783954926846,0.00831593422866211,0.0122480112570173,0.0162663279025698,0.0232275881484893,0.029482833768057,0.0361568830662854,0.0427898051463434,0.0509234036205237,0.0598995429038503,0.0686292553945523,0.07834773608657,0.0887017475025711,0.0986859478172493,0.10700553994761,0.117428250457146,0.12656433564811,0.136196472929985,0.14448745912841,0.153378425632588,0.159264751806917,0.167313844745817,0.172927354262061,0.178551805661482,0.182572824489889,0.187252389300916,0.189048202675735,0.191954062434904,0.189985720225376,0.193023001443917,0.193770624423091,0.19247318388943,0.190247396089912,0.186216259821045,0.180861846166003,0.174509568131105,0.164111313655124
"378",2.71317374101442,2.79518377870795,2.86405701619801,2.92476759294889,2.98969784553733,3.04208112580745,3.09408098792113,3.14328419323432,3.18958109142714,3.23533776340019,3.27859504991398,3.31863950550606,3.35730355017689,3.39682002200624,3.43115214265159,3.46505899900397,3.49864579900885,3.52822524446326,3.55685533813045,3.58547036187503,3.60926971520391,3.63405876283133,3.65682075839774,3.67860188658853,3.69669807991532,3.71363774737312,3.72814322419685,3.73809256950491,3.74686508097524,3.75507624287774,3.7635494101908,3.76866516272417,3.7761783074413,3.78092616103897,3.78643161111188,3.79196453419493,3.79822629365493
"379",0.549749069392279,0.600740467599399,0.637531892540804,0.665441772241014,0.705977216387361,0.73490773766744,0.761091584430658,0.783477506848219,0.807675518121191,0.83152726223529,0.85250433524235,0.873450076335899,0.893716974986224,0.912487478779886,0.926945758181936,0.942714430085782,0.956100329956006,0.9683568226576,0.978200512338987,0.988336095601518,0.993409557592819,0.999489989756335,1.00198994050027,1.00427240554919,1.0036737120993,1.0037274421137,0.998776814286845,0.994925314347699,0.985603020534958,0.980012039175301,0.97101887795505,0.9592027724723,0.946124126176375,0.928373149859065,0.908354957015138,0.882388098277989,0.849326579213815
"380",1.39211639804598,1.37931333534178,1.36790876134749,1.36095432529122,1.34448319424104,1.33569427581973,1.32616706403308,1.31726903272761,1.30841795989717,1.29898834040028,1.29059255005094,1.28476490342138,1.27815032538789,1.27354077346755,1.27174720800442,1.27159970022791,1.27196007426396,1.27721971247651,1.28301786975675,1.29067103226,1.30421552330391,1.31945370271328,1.33802998105725,1.35917541018859,1.3839791092857,1.4075672568547,1.43468582510535,1.46369478528283,1.49408620738312,1.52679027694388,1.56011591052392,1.59393774240093,1.62830818552695,1.66482686539197,1.70343586725625,1.74729262261587,1.79253123869757
"381",4.43068970901612,4.41645334813575,4.40803973514204,4.40337564064284,4.39069953939849,4.38128730414852,4.37249546592843,4.36326210002085,4.3543594733538,4.34849686392072,4.34265099762555,4.3346277904396,4.32652540569177,4.31931900186845,4.30959682650511,4.30272497084721,4.29326555267759,4.28546715552963,4.27510178584215,4.26663373688113,4.25569106866051,4.25025765007235,4.24163242128765,4.23217291669692,4.22444641841471,4.21681400363566,4.20845506870043,4.19950066693208,4.18819874502962,4.18183198642265,4.17614779328906,4.16852034371887,4.16312065434705,4.15716316595417,4.15210822658774,4.15022999570322,4.1489195798546
"382",0.170242201022286,0.459178836821108,0.694405818832322,0.876848270349769,1.07887992737747,1.21945718318355,1.34648386424301,1.45774098308323,1.56099843364014,1.65617125478368,1.74050047655178,1.81828313996946,1.89125131056456,1.96058735771378,2.02003747683787,2.07744222123657,2.1331476272975,2.18151687481711,2.22836603222798,2.27372794259,2.31235355228864,2.34901133921606,2.38390349851771,2.4182817252391,2.4463477226961,2.47318762761791,2.49643266734886,2.5149621122765,2.53351538946195,2.54815296695529,2.56237555025462,2.57367905740377,2.58700593389565,2.59637234053077,2.60675110936639,2.61365832134164,2.62116327681691
"383",4.04580629082039,4.03686240988448,4.03147066601281,4.02821711144701,4.02087875943691,4.01534848569234,4.01048266056223,4.00493795698856,3.99922449553152,3.99600039832566,3.99272915983671,3.9869711374688,3.98093002767918,3.9759865041202,3.96844611706402,3.96162497626264,3.95307186676097,3.9441537866863,3.93312808970625,3.92311719268913,3.9100539547879,3.89948390139605,3.88582500516036,3.87093406615209,3.85640077657234,3.84169997046057,3.82493385478877,3.80715277437368,3.78852224266826,3.77035760082795,3.75222513964786,3.73267999051941,3.71478624251288,3.69432126574724,3.67443851911034,3.65205638050493,3.63033359357832
"384",2.23815610034826,2.24449159515412,2.24776728690213,2.25042469486742,2.25389489524081,2.25767692168179,2.26125337709877,2.26399660347601,2.26632898631543,2.26903024786926,2.27171501621643,2.27377990255955,2.27511900711682,2.2780704990218,2.28014964083333,2.28069580443929,2.2816149898576,2.28141040050536,2.28087619136568,2.28064463013692,2.27983918880295,2.27756371448241,2.27510255758304,2.27289160260225,2.27038718507023,2.26745649877052,2.26318196021035,2.25897326208594,2.25596091455601,2.25086401849729,2.24569224664681,2.24048900176167,2.23635545200015,2.23020378232996,2.2253107574886,2.21774064785526,2.21094823601077
"385",1.17803480569518,1.24903836202767,1.30430708614141,1.35032361902916,1.4078265663722,1.45235741593706,1.49523245298802,1.53494528560203,1.57476792758483,1.61388097690511,1.65037058293235,1.68603405082144,1.72071311553741,1.75551695809001,1.78618017037602,1.81670148567411,1.84705195889859,1.87436281041825,1.90113203062332,1.92797109906837,1.95117856185264,1.97350658966448,1.99495402509325,2.01678153812106,2.03492656992346,2.0525675241241,2.06750807346572,2.08021503535138,2.09274379496441,2.10319828403266,2.11305733496673,2.12098726854928,2.13035624122749,2.13657479329419,2.14374949995003,2.14798904261305,2.15216613732088
"386",1.26343458885478,1.27949061917289,1.28843766572419,1.2946237069615,1.3031977807838,1.30979921368075,1.31455787531267,1.31740908400207,1.32091265082117,1.32403322329545,1.32617785106899,1.32882342533264,1.33052890966949,1.332340127872,1.33292090382699,1.33364185538866,1.33310811518644,1.33323698126756,1.33186404742378,1.33096269411998,1.32931890424599,1.32789529213064,1.3253501334428,1.32328987941322,1.3216690784891,1.32008265838719,1.3169367430215,1.31621336675553,1.31367149657118,1.31407661382835,1.31327665511981,1.31236503366481,1.31134182341186,1.30945666878228,1.3081371034796,1.30664685675252,1.30356580598873
"387",0.303783991468008,0.291641334626217,0.282847071847023,0.28013219224673,0.264915156490232,0.258325463423805,0.251589408299665,0.246840921974334,0.242987210974185,0.238867885156914,0.23642874931341,0.238225620026405,0.240324992811244,0.244590588879207,0.252855351319235,0.266001134764182,0.280222067756423,0.301773322463289,0.324815637795562,0.350695439133384,0.383504487543899,0.420860754463352,0.461940625997118,0.50583856071214,0.552394005695235,0.597005485146796,0.645064815270591,0.693861384393874,0.740497420582925,0.792732901819575,0.843945560150593,0.893405832514032,0.941900690995588,0.992293883409055,1.04306885030503,1.10041046789804,1.15576027931986
"388",2.52316536072377,2.50170948042476,2.48794193312369,2.48222609739609,2.46505333913471,2.45862948473524,2.45428098178482,2.45258941264059,2.4502194033139,2.44873532020949,2.44976483500862,2.45251872249747,2.45527930598881,2.46228111106085,2.47203135690029,2.48202647914311,2.49472929462447,2.50933099817015,2.52584492171945,2.54379595480229,2.56603488392746,2.58788006529428,2.61315489601564,2.63997144378493,2.66759028659868,2.69313457022597,2.72103230275702,2.74664027260807,2.7756166962269,2.80141922894671,2.82871086978725,2.85543045022339,2.88401954298379,2.91272350503513,2.94365089975379,2.9772082405546,3.01386151884381
"389",2.27325684357373,2.27608568674775,2.27910951010696,2.28413210685745,2.2869881211761,2.29269234871283,2.29917801596656,2.30604062225918,2.31254943297283,2.31969963997167,2.32756962302532,2.33564069576441,2.34337099563251,2.35365653850481,2.36386642068379,2.37338668381768,2.3842673492527,2.39465020605081,2.40568923030324,2.4175203252949,2.43003413637358,2.44166965298328,2.45458602908589,2.4684750435111,2.48197029318744,2.49460081894446,2.50739270791715,2.51885994467678,2.53273698684605,2.543967717562,2.55616929643407,2.56809137806519,2.5820348476834,2.59510665549829,2.61043480679892,2.62609478816338,2.64455962793074
"390",0.978033468623465,1.02333085127026,1.06108488211795,1.09576678836341,1.13550334590731,1.16957979767043,1.20313835914075,1.23548142603248,1.26877986159763,1.30184589928244,1.33354699241417,1.36619614115538,1.39832478009416,1.43117613313421,1.46143116445465,1.4928985180213,1.5243293384446,1.55466261936042,1.58465543801776,1.61511225380435,1.64362465922957,1.672060186385,1.70037492973503,1.72950948248841,1.75580982509516,1.78118982163252,1.80505097986042,1.82713835421539,1.84897963897669,1.87001968471734,1.890611692528,1.90953718452931,1.92971925821978,1.9481810356234,1.9680022042905,1.98765356343233,2.00784800416989
"391",2.49881110771606,2.55512551504296,2.60739341439812,2.65778872407454,2.70893887590313,2.75412787545606,2.80037090276047,2.84571789013957,2.88878741818893,2.93157702386827,2.97298627324288,3.01245961517132,3.05078634235789,3.09077940622818,3.12695722879505,3.16250947394135,3.19861039481233,3.23109996609439,3.26335987930974,3.2955063993851,3.32436479960959,3.35309774494716,3.38104931455607,3.40839924669781,3.43217886677261,3.45429652461331,3.47478284433548,3.49055244254744,3.50646175454598,3.52025042833641,3.53459437913957,3.54609173022289,3.55994493864785,3.57146091639403,3.58413335457353,3.59712982101385,3.61162730298097
"392",3.28307987930616,3.28071442829186,3.27765045845809,3.27425448480559,3.27106727055977,3.2680972010342,3.26525861292622,3.2612442051972,3.25637914765672,3.2527769823272,3.24897300709487,3.24266325857123,3.23551332737641,3.22953896122202,3.22146507524166,3.21112972645393,3.19999830122434,3.18646263606478,3.17121423403389,3.15557409666655,3.13685763261715,3.11610872146232,3.0921875323368,3.06600403969407,3.03842787418775,3.00954302205011,2.97569684443748,2.94044011206086,2.90365839109605,2.86104169081431,2.81429427534062,2.7640528851488,2.70955630762518,2.6434373205326,2.56823774887848,2.46632349158819,2.34054044935025
"393",0.81889931712731,0.826762646095037,0.826510402255768,0.822726171464521,0.819556616388444,0.814669316349354,0.806086436861592,0.794273345963222,0.782843183530909,0.769892792951758,0.754891753090992,0.739823920028169,0.722543939638574,0.702945253442126,0.68183730007095,0.660275680824042,0.634227218899279,0.610139329213224,0.581599400815291,0.552085245570248,0.521912273060557,0.49205267292088,0.45849726436755,0.423451137703162,0.392067234490058,0.360429058601881,0.327670556695742,0.301503906021202,0.271965349044597,0.249447415162371,0.225441217897169,0.203925457463216,0.180977455284057,0.160565828535896,0.140816260593394,0.123931119283478,0.106962915150227
"394",0.787450897188952,0.79866670452778,0.801271018211245,0.799915566125408,0.80025371451548,0.798090725877126,0.792354220397665,0.783387879131892,0.775021706526355,0.765331010552091,0.753591681562842,0.741876397597036,0.728204853205265,0.712375507438368,0.694821949143627,0.677122283313344,0.655232278900183,0.635066236399997,0.610731177890953,0.585667941945793,0.559385446673747,0.533615440392606,0.504070298425993,0.473160022635495,0.445011643495274,0.416718621625682,0.386515233294125,0.362235559165642,0.33377071932085,0.312189281530862,0.288498344161912,0.26639589730905,0.242493055308035,0.220007157010092,0.19750494205139,0.176741439751444,0.154773344499155
"395",3.75961633008706,3.73399226040855,3.71805023092912,3.71004981559489,3.68991251764864,3.679296115201,3.67102423214625,3.66489280423036,3.65812281788203,3.65360439842117,3.65118991737042,3.64863626715761,3.64629475338145,3.6475688913224,3.64981478728674,3.65329080126404,3.65790510809354,3.66423108571332,3.6710716227886,3.67972912684626,3.69006348125541,3.70279986762709,3.71642027489063,3.73044359280979,3.74552951475185,3.75924313689454,3.77412383118875,3.78647807321646,3.7993507384585,3.81273211534049,3.82734946729107,3.83999953416496,3.8547092359595,3.86891028716327,3.88418756841983,3.90273986057663,3.92237752376851
"396",1.60626252963902,1.62284661209274,1.63351541440997,1.64210420982596,1.65311445962385,1.66253658411226,1.67098542301916,1.67810254600928,1.68553566182892,1.69294730866377,1.69981671773166,1.70691249701393,1.71330569101496,1.72068453458972,1.72691864086066,1.73276807508476,1.73846645585553,1.74384853102001,1.74862445069012,1.75392872094385,1.75853883728445,1.76259890342851,1.76636322026503,1.7707992359309,1.77482282320121,1.77863579708554,1.78111722792066,1.7843022125198,1.78743732798006,1.79062997884788,1.79335129733128,1.79577078770341,1.79897929689061,1.80074244509713,1.80368297144395,1.805524730098,1.8073763524545
"397",0.918328777302136,1.19029879978615,1.39038364237525,1.54648007284998,1.70937313123832,1.82754681910249,1.93628698662622,2.03362080019147,2.12323192139141,2.20639139465731,2.28146211255128,2.3509643920042,2.416329453029,2.47986478885419,2.53535401313485,2.58865210377578,2.64115825685234,2.68703318441147,2.73190870446527,2.77545070612257,2.81357445973365,2.84991251206248,2.88505807409886,2.91948997911978,2.94840330806414,2.9755805845278,3.0001294839704,3.01943118829328,3.03931102428997,3.05525425568612,3.0714239128934,3.08475223987061,3.10042766981304,3.11296421781245,3.12682310764393,3.13911122025031,3.15307672004547
"398",3.57684898873366,3.56721940893099,3.56005496894605,3.55472586689367,3.54626126974706,3.54025251735197,3.53488147140919,3.52901320565744,3.52238667085101,3.51744111173571,3.5127368097525,3.5058231911701,3.49830939358687,3.49237125356407,3.48483548066648,3.47610168806996,3.46674925471158,3.45616651615786,3.44427627934638,3.4327389260722,3.41937988361589,3.40575279317874,3.39021137025827,3.37356376408317,3.35708266235841,3.33995259861259,3.32077721513808,3.30081252744102,3.28162048878794,3.25975246219138,3.23761828568931,3.21485855886509,3.1929489468611,3.16766836799868,3.14255689821791,3.11184489381215,3.08100293671559
"399",2.87149060698428,2.87399583445466,2.87790393029323,2.8838815390812,2.88813784753033,2.89459984767476,2.9024055408395,2.91059258709885,2.91814257212238,2.92695916458574,2.93646220371403,2.94514874816493,2.9536283252819,2.96473444496878,2.97491459817707,2.98429124190174,2.9948500036542,3.00404884541273,3.01364070501339,3.02400100667257,3.03369093801895,3.04298217929825,3.0526464359123,3.06267701250622,3.07180016325089,3.08017456653077,3.08802140306375,3.09363361656927,3.10122891394285,3.10605628769107,3.11192898132152,3.11690067101411,3.12425492171796,3.130003143386,3.13771848334091,3.14500127384814,3.15498569368565
"400",3.02131181800323,2.984465713595,2.95523368535808,2.93329247091669,2.8969760779535,2.87230427491951,2.84805562897674,2.82499786056505,2.79968405999154,2.77406861971128,2.75010092569527,2.72589497032482,2.69990011960617,2.676618093917,2.65685907458156,2.63493589210114,2.61397464021327,2.59639706592627,2.57953935541993,2.56359110707874,2.55605145469199,2.54783108046546,2.54462547806851,2.54376847938366,2.55019255006888,2.55511966389466,2.56674948081273,2.58109914129545,2.60195859930928,2.62173724064058,2.64482626402899,2.67098741653468,2.69898775976685,2.73076966365331,2.76606947839812,2.80751049307531,2.85355096980546
"401",0.183693875991561,0.190438603369827,0.194909316606431,0.199576765194981,0.202384680678059,0.205785925964902,0.208014958811855,0.209749365961098,0.212722164954978,0.215470418424565,0.217885371319667,0.222288224774261,0.226567933839767,0.230774192179922,0.235147720378417,0.242532353130737,0.248799398166508,0.258516937649018,0.267455739859642,0.277815239537157,0.289419488284242,0.304356922357953,0.319430286699358,0.335996215705233,0.353959714671419,0.372018897575019,0.39069130890681,0.411835566657244,0.429655592852022,0.454583121299583,0.478483565024518,0.501513389368655,0.524035891705375,0.547833132347567,0.571853807636477,0.600670077437691,0.626618903114947
"402",4.23143553464847,4.22841037208,4.23062258606169,4.23618787916665,4.2369921864004,4.23941379816088,4.24327987376398,4.24704021581856,4.25131096106425,4.25886831747358,4.26644213818033,4.27204735064082,4.27801839999893,4.28517814795583,4.28880673829993,4.2957626799195,4.30049095775152,4.3057924245496,4.3086650074739,4.31343094603924,4.31370783078152,4.32005827808814,4.32236925342616,4.32352724357064,4.32424848151151,4.32503730335475,4.32361495628824,4.32006117438154,4.31211140656764,4.31000251903569,4.30778520028242,4.30185828320152,4.29802640078761,4.29236348380503,4.28669233602474,4.28353163734517,4.27929256099938
"403",0.00461679684693562,0.0103360917145871,0.0175524278464926,0.0255556275093359,0.0397434331124171,0.052920644954527,0.067454685621273,0.0823071640756806,0.0999128630484279,0.119137743621367,0.137939155615807,0.158196624154631,0.179480488136343,0.20019635490104,0.217879445410474,0.23854266361938,0.257454119779557,0.276274431853959,0.293272991113769,0.310973629749108,0.323792258363321,0.339243516014066,0.35129527262829,0.36335781571363,0.37233946971294,0.382140537016373,0.387624538420504,0.393857239884556,0.393723054795579,0.399396642823241,0.401938932252081,0.401350088594657,0.399701918870767,0.394904055243665,0.38822611202844,0.379139769741726,0.364122387782106
"404",1.58145720915562,1.60764617768204,1.6274467163144,1.64484834285929,1.66582923734469,1.68388244491774,1.70142714245173,1.7178581634852,1.73466261527148,1.75157523191328,1.76788326094362,1.78447539226482,1.80056135720569,1.81794860013735,1.83376040896556,1.84946953575047,1.86556455432728,1.8806761670516,1.89567588992078,1.91125878435009,1.92572735765589,1.93957906803066,1.95352942677793,1.96829690619156,1.98154985788113,1.9943321458304,2.00583334864414,2.01650861393412,2.02777040655732,2.03773066385703,2.04758400066093,2.05658798188678,2.06696615423533,2.07560469627557,2.08574213293314,2.094834041407,2.10480870271327
"405",4.38497326344556,4.37401063994947,4.36679965692705,4.36150912055401,4.35076004217207,4.34132200436714,4.33189349505562,4.32113868544763,4.31052642971318,4.30264508019072,4.29414652520208,4.28263428183221,4.27058276269465,4.25863474016995,4.24335550863242,4.2295419836698,4.21235661165694,4.19544866573799,4.17502276965736,4.15542925598508,4.13199393100021,4.11187251358681,4.08699345016386,4.05984084845333,4.03368371183003,4.00701886155024,3.97748325322886,3.94763463015986,3.91568025504427,3.88477642379299,3.85278026797197,3.81924093644959,3.7858599356318,3.74895108217247,3.7109938702086,3.66750759054762,3.62209462586382
"406",4.07396887840111,4.07493861357257,4.08069195203924,4.08957954229386,4.09471437174959,4.10104678983729,4.10904750725671,4.11706052392531,4.12533919432633,4.1366772770634,4.14805277694768,4.15748640363659,4.16723880320442,4.17838491887613,4.18598872205453,4.1964218282107,4.20507011686393,4.21369825465864,4.22021644573945,4.22841606436968,4.23211579809234,4.241191445326,4.24654337338253,4.25077483294679,4.2540755023243,4.257277881099,4.25820968904133,4.25660454547483,4.25100988572166,4.25036411566425,4.24965185282792,4.24521820625339,4.24292678881177,4.23862603593952,4.23439091174002,4.23229771966364,4.22933122015586
"407",3.27388232018278,3.22814860623379,3.19817700823443,3.18274507522433,3.14463819853028,3.12548431441774,3.11022531679116,3.10043666729485,3.08947323959929,3.0802061694201,3.07570975129623,3.0743721384365,3.07372614113525,3.07966126418031,3.09134903817375,3.10487892231149,3.12255031916576,3.14450676097072,3.16933868238028,3.19609384906082,3.22946018351342,3.26328658538268,3.30102065363688,3.33936255681661,3.37819960922966,3.41310033221641,3.45061223730241,3.48346283793744,3.517859439456,3.54965539164512,3.58230615570574,3.61231157146507,3.64342004239331,3.67394188721067,3.70504204951246,3.73958428207322,3.77488200659725
"408",3.85284004286712,3.82482991842667,3.80268871278094,3.78495500573249,3.75697670154435,3.73573423821567,3.71450664354393,3.69290661701731,3.66956255976158,3.64702130045117,3.62474458925618,3.59984862085383,3.57303618223527,3.547117258565,3.5210784001492,3.49235146002595,3.46166258046429,3.43117553210904,3.39808955499321,3.36395443080572,3.33162220215255,3.29706776784052,3.26116796531059,3.22302449107727,3.18962827135933,3.15360915605623,3.11894496337691,3.08749415479714,3.06014869767471,3.03098615843402,3.00347582432646,2.98088902178973,2.95889119129643,2.94089641676873,2.92687962638789,2.91779116963179,2.91635333297366
"409",4.21212704738981,4.19176166005388,4.17863292324755,4.17075021222822,4.15298098720973,4.14101130750913,4.13016397115688,4.1197428915433,4.10909357906119,4.10104812384696,4.09378785143288,4.08494969993114,4.07598642322566,4.06892050723757,4.06088911308251,4.05471883635854,4.04743228508871,4.04190452718149,4.03507947887986,4.0301089311077,4.0248376306049,4.02365581858351,4.02126565159691,4.01873469531574,4.01829225178438,4.01747813965191,4.01721194182826,4.01600801578212,4.01422549803126,4.01549089599319,4.01798937312705,4.01899063271317,4.02227933288241,4.0254235752705,4.02978981436578,4.03775141389603,4.04682065856834
"410",3.88918422637303,3.87313017594174,3.86090303674786,3.85121446497373,3.8359809804895,3.82413688680036,3.81261491710417,3.800393918727,3.78734349925745,3.77603926989048,3.76478504005621,3.75089369697538,3.73606846144148,3.72226808464683,3.70678419423784,3.69014604154602,3.67183799295778,3.65279542722123,3.63147634945184,3.61013825338472,3.5870650341002,3.56369618512822,3.53745424150902,3.50914826580972,3.48192321248691,3.45338859619398,3.42254630392222,3.39166224965897,3.36111575887864,3.32776244764528,3.29333092637811,3.25866663260743,3.22332272071436,3.18428857052884,3.14412669937921,3.09641100032023,3.04681292151166
"411",3.81718363389664,3.80356089336563,3.79850877770348,3.80016803743658,3.7931609241755,3.79274223641145,3.79491136254119,3.79879762719925,3.80247264189274,3.80883002104513,3.81663209627794,3.82376616137105,3.83129369241662,3.8417657101208,3.85119979148324,3.8624931638119,3.87395385346536,3.88592530803074,3.89742255723347,3.91050924192789,3.92223080689876,3.93734630027535,3.95129628444097,3.96483390917526,3.97789794384769,3.98993240734591,4.00136873515392,4.00973997552868,4.01648628090907,4.02544395839237,4.03498259186705,4.04149296852244,4.05008788883601,4.05733810659658,4.06511401936941,4.07567549854949,4.08631097343023
"412",0.995378375434626,1.03277331940718,1.06325844534728,1.09123113425543,1.1233018267575,1.15107869592087,1.17823606665898,1.20430795051931,1.23150422758877,1.25860664257742,1.28464317594603,1.31187166997557,1.33869852899515,1.36631969690784,1.39184446097469,1.41874571993073,1.44555530099573,1.47191033756973,1.49789777550593,1.52454763888094,1.54969747335209,1.57508029105268,1.60038566226981,1.62665049421363,1.65066146210809,1.6739334363926,1.69585987875734,1.71664222794937,1.73695291402167,1.75718927611721,1.77690761545751,1.79515260053205,1.81449821492981,1.8323762225851,1.85156997178191,1.87089864677439,1.89052322391937
"413",2.38733580648846,2.40134549320922,2.41461577310828,2.42895300176689,2.44315290873741,2.45798396810518,2.47396464265269,2.49020055572112,2.50596119519983,2.52251799416441,2.53945859649047,2.55610204866296,2.57246345244899,2.59135646136292,2.60915415501681,2.62626642616519,2.64478427327121,2.6616847139074,2.67920505607432,2.69733457995474,2.714796652862,2.73140050418799,2.74874985176288,2.76667567221724,2.78297622847271,2.79827633827299,2.81302172341265,2.82517219836021,2.83938060247126,2.8503658356328,2.86224917682635,2.87307252463108,2.88616249776366,2.89761431396832,2.91106370594869,2.92414457094833,2.93985568902749
"414",0.228939303704395,0.236662342866069,0.24149519698167,0.246226936522206,0.2492489247753,0.252645097894251,0.254621449770331,0.255879392888733,0.258418873201929,0.260644256986587,0.26239660527209,0.266125332036895,0.269606730242414,0.272882520484554,0.2762192446813,0.282523920807032,0.287497997662281,0.295966762518179,0.30345914414409,0.312328990835844,0.322389149340301,0.335732922446228,0.349072644535115,0.363853989049,0.380163673358205,0.396585927004083,0.413576025137894,0.433245330236886,0.449602392185459,0.473115645458832,0.495596099381502,0.517336129328922,0.538564327474873,0.561113387685083,0.583934652936367,0.611519380682032,0.636322206649959
"415",3.49924824335426,3.47007924316547,3.44681025738468,3.42845793128836,3.39982256444948,3.37903131803778,3.35848479676997,3.33804185877099,3.31569739055029,3.29381352205647,3.2726620718512,3.2496204474398,3.22480633845569,3.20157638829089,3.17920922043507,3.15397695922579,3.12797444490399,3.10257710869654,3.07579135570761,3.04853131366305,3.02457107053199,2.99856649782051,2.97318806632606,2.94722117992668,2.92636182398229,2.90380132598303,2.88409571033582,2.8675567214828,2.85612608311725,2.84335561596159,2.83321805882611,2.82749363674934,2.8235596559239,2.82344467531454,2.82758325905225,2.83685105910993,2.85275374103674
"416",0.462338080530876,0.699005433372736,0.9091612095799,1.09339241113077,1.26680707247629,1.40494431762077,1.53440471620294,1.65320500918887,1.7617090505763,1.86138536716348,1.95210684625494,2.0376054522534,2.11754731391638,2.19516248870688,2.26454650306635,2.331697193773,2.39760536903856,2.45679935837151,2.51466079678663,2.57036271391067,2.62143683368288,2.66992857394804,2.71769295284303,2.76441541261857,2.80513344385131,2.84286901659018,2.87863759681456,2.90837214511975,2.93890773750736,2.96501700164842,2.99134173273844,3.0146897248809,3.04007391205901,3.0629740927692,3.08725237303225,3.11142941196541,3.13755898959602
"417",4.09671039029509,4.08129872345919,4.07136076505094,4.06517478498107,4.05199801840228,4.04280218088425,4.03450171932525,4.02609116219556,4.01740806743331,4.01119246365792,4.00537029776088,3.99750013353506,3.98937034601808,3.9827582804002,3.97445336498379,3.96717650400385,3.95855468091934,3.95051399984625,3.94083064543669,3.93249673249884,3.92266794653745,3.9158205773235,3.90702844901785,3.89764794723867,3.88967883488994,3.8814934320485,3.87284189461837,3.86345848557111,3.85397445788006,3.84604613952437,3.83914765860945,3.83133892536985,3.82586324307833,3.81968007554398,3.81508570761905,3.81206456603194,3.81116704205902
"418",3.20564636294784,3.30894389834953,3.41671928395484,3.52327554270598,3.60904214526873,3.68720800561969,3.76461050970803,3.83857880677228,3.90549834879894,3.96983534917266,4.03006937192054,4.08589036794431,4.13882508006744,4.19099976828277,4.23544818223554,4.28190202026143,4.32463439460497,4.36443378093574,4.4001778196628,4.43560179887677,4.46316315698086,4.49651071639789,4.52370232526608,4.54773215178349,4.56778885179402,4.58611423564307,4.60037458869225,4.60991959141086,4.61074623322074,4.62043227919014,4.62847380135439,4.62986378240596,4.63230256283738,4.63205922183435,4.62984314797651,4.63173099154919,4.62891869180731
"419",2.6901861259031,2.68642228187676,2.68317305622394,2.68151849728123,2.67775808022713,2.67682783040503,2.67645301676799,2.67599565320408,2.67479575323635,2.674386393798,2.6745502343928,2.6739062993403,2.67267391376438,2.67365735093822,2.67428065328475,2.67333401124086,2.67318761888592,2.67211568908799,2.67109099936028,2.67056696716551,2.67019341617029,2.66856866296024,2.66734341690114,2.66648579288772,2.66585170347157,2.6646310411401,2.66298751624952,2.66085879065796,2.66106316201327,2.65854143449738,2.65681340990001,2.65532594216412,2.65564036610964,2.65467667637562,2.65574118860554,2.65561238953883,2.65804707639261
"420",4.07425818906662,4.06973724849456,4.06694954112416,4.06472720472794,4.06057765690369,4.05628383482605,4.05221014812016,4.04675374632246,4.04119986553327,4.03812173433053,4.03447438388137,4.02777105136347,4.02061951477446,4.01394236582769,4.00380809019467,3.9940217948388,3.98176646473955,3.96836825665751,3.95205311241496,3.93623662239552,3.91581279828335,3.89712690116727,3.87370184589225,3.84783062405305,3.82121934505983,3.79397415413027,3.76218902044179,3.72884770182052,3.69286735204017,3.65482418051593,3.61384505153894,3.5693424717047,3.52279926937956,3.46736525866132,3.40591667966696,3.32557030378159,3.22977735966482
"421",0.0278305826043447,0.0360675369356359,0.0440624693378957,0.052299836390978,0.0631426869104826,0.0731772365148454,0.0835942915413416,0.0941649832208434,0.10663511284014,0.119976321681914,0.133201283349436,0.148312873586475,0.164241153255086,0.180272903971835,0.19507457098911,0.213236848019865,0.230461756283981,0.249378065160884,0.267390786768982,0.286647355020168,0.30399595295474,0.324518665971163,0.343570842794244,0.36350011379659,0.382062202101134,0.400997396544913,0.418008025399961,0.436138924349415,0.449353279859161,0.46899451765979,0.486592949883542,0.501942415808482,0.5167042363668,0.530564060569112,0.543796836469753,0.558726615862323,0.56945211130231
"422",0.00223199293402669,0.0029247429637754,0.00353664054225546,0.00414240259442989,0.00493981577234074,0.00566223411852952,0.00633213769881428,0.0069458624797955,0.00778115213723616,0.00868016035689326,0.00952744562519526,0.0106437632578132,0.0118437500612783,0.0129954431633926,0.0140170876912505,0.0156428291752115,0.0170193837575118,0.0189527127222088,0.0206762693539325,0.022723225607731,0.0246123786687019,0.0274401021379409,0.030010898528249,0.0328886043792989,0.0359313012874547,0.0392589266062754,0.0423448691839422,0.0463082991741639,0.048668500615916,0.0538341555628606,0.0585286059043668,0.0627792593495978,0.0667449033319906,0.0708448626148107,0.0746564373637612,0.0797688625272356,0.0829762469742781
"423",0.697426779181722,0.870005754263519,1.01336483965169,1.13607111236994,1.26726551875203,1.36924483174128,1.46610487765733,1.55552745029382,1.64013323557939,1.71979250360804,1.79283261326982,1.86234817848977,1.92837001273635,1.99288784955041,2.0502412828201,2.10632181291341,2.16164563314848,2.2112548927024,2.25994677319024,2.30737179866128,2.35011165044737,2.39089265756782,2.43093089822187,2.47059730471575,2.50475107141706,2.53694698790788,2.56682411847541,2.59181613241637,2.61754743847318,2.63927350569892,2.66104944718759,2.68024729933862,2.70149789829725,2.71998590017012,2.7399537877662,2.75872872164622,2.77923354883253
"424",3.65749022510427,3.64602411397976,3.64092005774526,3.6408520920659,3.63426026624185,3.63286726741004,3.6334884363002,3.63518928425781,3.636468012267,3.64004274086066,3.64477592599473,3.64849111487829,3.65235126482883,3.65895602196346,3.66460041190143,3.67105874166585,3.67790774376989,3.68474023239051,3.69133340390703,3.69932122559182,3.70635705311481,3.71557009634915,3.72419441711818,3.73275341603201,3.74119239115232,3.74889455682755,3.75628207343907,3.76120107032893,3.76621400820759,3.77158700141115,3.77798365633001,3.782463616091,3.78934507885735,3.79503893819108,3.80205148963679,3.81087447810389,3.82126458504114
"425",1.56067367521915,1.58434735149264,1.59982124409193,1.61144351408352,1.62795367097518,1.64063475096207,1.6519917285218,1.66141616576479,1.67122459782505,1.68096371414788,1.68970927477902,1.69828015291771,1.70607816183119,1.71446914523221,1.72100336663927,1.72692743736688,1.73237018577281,1.73683755859842,1.74034247948278,1.74415746214012,1.74616675179659,1.74739530453785,1.74750823023317,1.74787561372963,1.74717027970798,1.74638899007639,1.74316157642759,1.74058366302883,1.73705261636244,1.73349546172493,1.72875370161596,1.72321089472207,1.71793793394364,1.70997700156201,1.70226252728059,1.6911356938188,1.67825903008789
"426",1.60029993123714,1.6059258944872,1.61126842361732,1.61918962008634,1.62351981983267,1.63142656075921,1.63968809932794,1.64856066083006,1.65782770182675,1.6673413814552,1.67757135902054,1.68951301662798,1.70121269855783,1.71525396182486,1.72982965454804,1.7452123630186,1.76172184637629,1.77933129368241,1.79759068639357,1.81695169041277,1.83799763354938,1.85898781385639,1.88173286917008,1.90596357483898,1.92996815477897,1.95280123842988,1.97634954179061,1.99901636655248,2.02325244147356,2.04635423302144,2.06997345685231,2.09308178090394,2.1176332832062,2.14199322021794,2.16843802047736,2.19669940206659,2.227012684628
"427",3.62944664762988,3.61769932210138,3.60970624422452,3.60456957113585,3.59492620310489,3.58878169313553,3.58360263948003,3.57836544607211,3.57244089884698,3.56836307183949,3.56482110918903,3.55940769205191,3.55358721305094,3.54969590576117,3.54456050109184,3.53881567060006,3.53278912948106,3.52610811248829,3.51853839053997,3.51175690774425,3.50383360766231,3.49650882891657,3.48804800776264,3.47912291706605,3.47078834353247,3.46200878477831,3.45236409513519,3.44178252188645,3.43248343624092,3.42173251377154,3.41181186828879,3.40150601002135,3.39325865999847,3.38343699918062,3.3752682824992,3.36595572794487,3.35908309948422
"428",4.40338320476246,4.37882323729731,4.36188841775377,4.35048972423374,4.32672622310846,4.30941819008382,4.29269161673394,4.27612783612568,4.25916838082685,4.2446091968791,4.23063840806179,4.21488932679702,4.19860740549725,4.18383883034099,4.16856372486266,4.1553342042607,4.14042272491364,4.12843414115306,4.11486598084665,4.1032803288429,4.092982665688,4.08730428686964,4.08102481044329,4.07488700196659,4.07269133844283,4.07002671105309,4.06936859380574,4.06875606739128,4.06810208512176,4.07140300725154,4.07636705827189,4.0803908557021,4.0865461475594,4.09354226198591,4.10176488780468,4.11501204753829,4.12910584076132
"429",4.22699795863649,4.19422088095409,4.16891107729414,4.14919171571401,4.11506337009745,4.08893819151142,4.06253148990138,4.03579894073426,4.00715483120553,3.97925045106354,3.95147647310102,3.92094366367122,3.88803376316385,3.85568380287477,3.8238599254917,3.79019047554137,3.75390587168459,3.71989996341883,3.68322770505651,3.64601757178364,3.61402266495841,3.58180546705527,3.55071371653172,3.51916244315418,3.49678723064035,3.47241755285657,3.45498428306144,3.44274568423928,3.43770556195618,3.43425708480393,3.43565554551601,3.44299840210206,3.45280946737686,3.46947216408871,3.49075430895857,3.52145875740333,3.5580483086516
"430",2.03966917140397,2.01561601969916,1.9979116992103,1.98803208140948,1.9651019543661,1.95368569410385,1.94327635837452,1.93516163635042,1.92646246881248,1.91786280968576,1.91163671884598,1.90801531986862,1.90406417820091,1.90395994316672,1.90778234140602,1.91253492918082,1.91968659079232,1.93090888241342,1.94407693742995,1.95911201230374,1.98077828068898,2.00272132803963,2.02913930625014,2.05791721911186,2.08918561324519,2.11830013991805,2.1510906055302,2.18310255534564,2.21847657020827,2.2519910846474,2.28679669718038,2.32160241438366,2.35765449618815,2.39487185113231,2.43440070334576,2.47780419884225,2.524029477415
"431",2.49390513648081,2.5086259265174,2.52010097344814,2.53051696443032,2.5432152812982,2.55463896194917,2.56649991821544,2.57769360837323,2.58837905122644,2.5998518494975,2.61127380882393,2.62166290915466,2.6316082260707,2.64353251790143,2.65386994779003,2.6629165436464,2.67281473217905,2.68068260889254,2.68863522382583,2.6970401417449,2.70394770641042,2.70972012073999,2.7153525029196,2.72122408677167,2.72564862032594,2.7295891629832,2.73202785246678,2.7327419362135,2.73504845449861,2.73415514303331,2.73364396554263,2.73228372882265,2.73281670828093,2.73078942914689,2.73025284222191,2.72691603801355,2.72517010449551
"432",1.68851461950923,1.68598491214311,1.68084279838977,1.67620498544831,1.66872185596058,1.66403394557708,1.65806331695011,1.6511140749802,1.64394204236946,1.63626749860823,1.6284741279295,1.62113311758896,1.61253940281629,1.60477180071967,1.59732389661635,1.58911994314251,1.58017570530156,1.57274111037771,1.56423938055576,1.55617442554213,1.54994758746868,1.54339669603766,1.53721451791726,1.53189290987697,1.52916862275865,1.52607248091199,1.52366939839699,1.52452213331402,1.52590664619613,1.52967125245986,1.5335987375255,1.53903324109534,1.54497039219232,1.55220483277381,1.56145974222597,1.57349903882275,1.58671169224933
"433",2.75959141355034,2.80554620145822,2.84688392932656,2.88584556527788,2.9274401902619,2.96332682072791,3.00023550346145,3.03618658085674,3.07050480908401,3.10529475659307,3.1390319864502,3.17071570691985,3.20165582489127,3.23431734819124,3.26330478942119,3.2918606839277,3.32085118754947,3.34657732715473,3.37198800787802,3.39763818686311,3.41978455948216,3.44233693718374,3.46378504287356,3.484712904228,3.50252043750816,3.51918121727473,3.53400767718283,3.54464005381561,3.55523659366321,3.56417592207259,3.5736607151877,3.58043307480439,3.58965640740845,3.59638898655453,3.60427680990998,3.61200859033475,3.62117965749638
"434",0.0327604999714052,0.042074604209017,0.0492412744866229,0.054672345468273,0.0638628595254471,0.0703285057013064,0.0758366554746015,0.080008970220469,0.0852618082430799,0.0905182647734816,0.0946205681879076,0.0989874891255558,0.103135783261154,0.10603999889967,0.107033657087037,0.109240527433427,0.109437430382652,0.109982977203144,0.10866524861897,0.107459977228988,0.103792542234858,0.101487727937174,0.0968308584171847,0.0918631382594286,0.0864270604769553,0.081568789795232,0.0748067027232621,0.0695393109575289,0.0615777023620265,0.056716821529038,0.0507093102954274,0.0443280366808084,0.037774401438369,0.0310323205495639,0.0244614957315291,0.0181338301161047,0.0120348478601254
"435",2.3230705352765,2.32979413252695,2.33089402794803,2.32911457747144,2.33056203718679,2.33029853043642,2.32887550801125,2.32538986421195,2.32122541524818,2.31711527013971,2.31219114375577,2.30545158453621,2.29734788465114,2.28962606317697,2.27993735729096,2.26715027610381,2.25306844670966,2.23651164818907,2.21761771299794,2.19751602262274,2.17416688001384,2.14718297017715,2.11612471753927,2.08205812014999,2.04605158647395,2.00813354402163,1.96308037898986,1.91805081946688,1.86791620453438,1.81272974835547,1.74971635421175,1.68140959185966,1.60369955048413,1.50960620454578,1.39893496807476,1.24984018310253,1.0589372819148
"436",5.38264978008686,5.39220560323322,5.40304313904054,5.41310732524943,5.41803801110674,5.41710890854433,5.4140523157451,5.40705060456324,5.40395193119891,5.40610565046497,5.40494731285413,5.40059746995837,5.39670125954927,5.3889467391768,5.37251558641119,5.36735160425465,5.35192846068139,5.34191016308944,5.3232220181081,5.30822706477552,5.28278205468846,5.27404904187797,5.25351339134918,5.22996739862231,5.20820659038175,5.18855358781259,5.16401729798065,5.14085893193812,5.10340861879861,5.08640199088037,5.06687731409765,5.04109261043917,5.0162925628705,4.99017748476275,4.9617272340326,4.93955945928286,4.91105222156569
"437",1.59174827391985,1.64462971878571,1.68338754572869,1.71393927354739,1.75514288859802,1.78601735100266,1.81544776118209,1.8420033707984,1.86862479544417,1.89507036892179,1.91958867918685,1.94296959907743,1.96555787970817,1.98864095478203,2.00823643534016,2.02694217607139,2.04560664738656,2.06131188993207,2.076435941501,2.09168926975498,2.10340815077635,2.1139119757249,2.12317539461916,2.13256423234301,2.13886563851447,2.1450182017091,2.14792888408011,2.14926814107682,2.15024115327848,2.14883717321764,2.14644091673021,2.14221415089262,2.13897191940004,2.13152929783022,2.12423821155183,2.11134675464987,2.09681134618463
"438",2.6307518788012,2.63664173459287,2.64058372442549,2.64424360814531,2.64877876670199,2.6535166097111,2.65860262481157,2.66306803832002,2.66691928182689,2.67159150373266,2.67638686241345,2.68002089057396,2.68310250499894,2.68810180399574,2.6918749363521,2.69402245934557,2.69678714793556,2.69780880303382,2.69866255630812,2.69987217485387,2.69990735512657,2.69857565016055,2.69688973161917,2.69523083034264,2.69276748261892,2.68984454804681,2.68534481060174,2.67984359474532,2.67589123880897,2.66879666563905,2.66186202601484,2.65445274050143,2.64853237809975,2.63993667509242,2.63254912037434,2.6215226996804,2.61157667436308
"439",0.963235588051674,1.05876716191901,1.13888401966825,1.20961183600746,1.28978641977726,1.35449723227612,1.41756828390747,1.47721372268997,1.53575116404384,1.59242837922566,1.64552981258185,1.69745430124532,1.74766525727835,1.79772542163865,1.8427850802002,1.88766445814712,1.93236936532965,1.97320662719599,2.01355011498607,2.05344218707856,2.0896754277656,2.12460725596237,2.15909126559554,2.19374847989209,2.22386437669827,2.25255356206177,2.27912328510399,2.30198425493378,2.32538611359944,2.34566710621553,2.36583152762413,2.38380791487048,2.403608554915,2.42085532039026,2.43957409727116,2.4570388600917,2.47585362935487
"440",1.65897040811533,1.67578165632396,1.68530150939777,1.69155009718871,1.70153309913126,1.70888417325982,1.71479729357768,1.71877253770887,1.72292832873017,1.72693353076896,1.73004305451388,1.73281182044895,1.73462101275956,1.73690406331672,1.73759158242791,1.73723314556906,1.73608975723311,1.73414413916242,1.73088146775071,1.72770734719314,1.72292236181726,1.71705038390459,1.70968279784542,1.70219115557137,1.69418455387949,1.6860100105656,1.6751518177499,1.66569820232031,1.65486133641167,1.64435152823753,1.63223045249867,1.6195585415358,1.60648795768303,1.59055353294408,1.57428291390552,1.55377242922462,1.53048299915096
"441",3.66268015043736,3.6684946712493,3.68120496458407,3.69914362779798,3.71184631227801,3.72752470847536,3.74595098079444,3.7655369533822,3.78462314925608,3.80607636210728,3.82801531070745,3.84863690056532,3.86938475434255,3.89236147818277,3.91237397989547,3.93429032590682,3.95565291240426,3.97608920348777,3.99530496299688,4.01562084088115,4.03223592733611,4.0525784102511,4.07035195757612,4.08702791659345,4.10173953609372,4.11540840219467,4.1271794840277,4.13517689022295,4.13997177615119,4.14796956122176,4.1559957028125,4.16005916489062,4.16613485567073,4.17018307931549,4.17426676401552,4.18076380994948,4.18646632973742
"442",4.7427799846506,4.73957554370287,4.73877421891348,4.73839809930517,4.73383511565225,4.72754502258768,4.72053887030246,4.7111361847257,4.70294093054429,4.69826054787747,4.69194783672366,4.68214481327632,4.67201487282796,4.66058373709489,4.64377768471663,4.63086751811793,4.61231155764923,4.59480840764683,4.57193525500776,4.55034530305837,4.52208153463971,4.50020062241243,4.47065635247196,4.43784472178453,4.40544126187578,4.37285821759852,4.3353473414082,4.29729539749262,4.25329841408972,4.21299712803375,4.16941834334638,4.12175931591595,4.07214400142329,4.01529514030965,3.95276685921117,3.8760381876892,3.78567301695822
"443",3.03864176421802,3.02400685769127,3.01872797148575,3.0219037483463,3.0150331638139,3.01752614481163,3.02320165616644,3.03180189904328,3.03976245359023,3.04945741241942,3.06144298388802,3.07417904105722,3.08718676609484,3.10432052999034,3.12227733515961,3.14068153475599,3.16124254618118,3.18189354592923,3.2037079529446,3.22658708187819,3.25059461998863,3.27490933172344,3.30062966868555,3.32668875568892,3.35175552902732,3.37480021020426,3.39843341307777,3.41827932449101,3.43958881530315,3.45871571098278,3.4789548623936,3.4971877158891,3.51753202757496,3.53682838451124,3.55755242877751,3.58033501657372,3.60506590895753
"444",0.375232405884473,0.420054766996306,0.453790986667987,0.480571755240748,0.518400385559393,0.546369952141732,0.572113296867077,0.594700811205343,0.619368393711297,0.643872559122508,0.665795728130382,0.688211456707892,0.710182148409379,0.730736593563931,0.747272467955999,0.76585860231397,0.782086083182211,0.797825651991398,0.811281511591345,0.825255067346809,0.834616916918888,0.845668325847848,0.853502892169216,0.861449220866883,0.86677206225689,0.872739866424412,0.874434398545412,0.877296695523009,0.874824517686909,0.876992936991143,0.876212513064909,0.872849536435276,0.86863889346921,0.86100297025764,0.851908548999632,0.839510557351189,0.821454772799981
"445",3.89376503588318,3.88249349036133,3.87718017024011,3.87625928944441,3.86909581636551,3.86618253342196,3.86493241483655,3.86426550503136,3.86338978023627,3.86508370465101,3.8675769881544,3.86860778780211,3.86976873520374,3.87314362313969,3.87492903071592,3.87804574739128,3.88072159658705,3.88362411430347,3.88561268098642,3.88913402816153,3.8909129573549,3.89583366349984,3.89924681057972,3.90232082460929,3.90556634411385,3.9084092011353,3.91055486747327,3.91065291781621,3.90997947080721,3.91096220610716,3.91279526620855,3.91256759600887,3.91472579316316,3.91564590218449,3.91769961333882,3.9216242343094,3.92673579310684
"446",2.82014468886561,2.83967626897978,2.85325478450624,2.86325437584943,2.87864771572771,2.88982103130372,2.90092758962444,2.9103449158405,2.91912609544297,2.92891741839112,2.93803659052371,2.94490627741057,2.95119175492339,2.9587831225948,2.96359575937727,2.96654488485339,2.96949883654204,2.96935960353325,2.9683873300179,2.96747453877545,2.96298966348986,2.95704470625409,2.94898680395951,2.93996119269415,2.92859312276681,2.91686702966783,2.9011533399569,2.88345345187186,2.86545624208628,2.84307315329702,2.81899562348154,2.79248417713837,2.7658465757599,2.73211702158134,2.69597530375891,2.6468804185005,2.59116458446467
"447",4.68930899378058,4.68390470406523,4.68252856433253,4.68307273220195,4.67795490111353,4.67278674936099,4.66760646467383,4.66090824140621,4.65543055632222,4.65363766433927,4.65087042162082,4.64535361254398,4.63992755769067,4.63409202868677,4.62367446735333,4.61792037535648,4.60757862761801,4.59910604359436,4.58637392871857,4.57578680959145,4.55976872731417,4.55169913116106,4.53769729625314,4.52196907787321,4.5073085790548,4.49331072185773,4.47671764272169,4.45972164571809,4.43729921956396,4.42284101096852,4.40797066189367,4.3899653840102,4.3738396599405,4.35619647331253,4.3385364935075,4.32312637671389,4.30670751205928
"448",2.51254141419815,2.52310282036265,2.53271291812321,2.54304506344652,2.55349713557368,2.56456592390978,2.57658850129435,2.58863548153868,2.60016860430607,2.61258580690776,2.62537020857722,2.637571683062,2.64946257157367,2.66376956512348,2.6769896590769,2.6892854217005,2.70281641216553,2.7147493674932,2.72714123892404,2.74015862154328,2.75242417900361,2.76381923429261,2.77572928497174,2.78814951384296,2.79928358901062,2.80965883362447,2.81932557102564,2.82685325943324,2.83642323471092,2.84287607838071,2.85018171467017,2.85665262700596,2.86535032592516,2.87229168279615,2.8811967528963,2.8892019156,2.89974703719006
"449",2.98650300316832,2.97917775375607,2.97178040292976,2.96497323800524,2.9566968075427,2.9504463051987,2.94419605271256,2.93706581002781,2.92887453280755,2.92141277179262,2.91401292430344,2.90466392349626,2.89422332268442,2.88512290529588,2.87490352025976,2.861933300765,2.84846579059478,2.83317729221264,2.81645398760381,2.7991898536655,2.7804773741313,2.75908733329683,2.73559944217512,2.71036505529183,2.68496223433611,2.65819099658277,2.62802299852674,2.59792259820028,2.56771183942089,2.53304335586934,2.49591180329498,2.457840926824,2.41748294729563,2.37084009545258,2.32066889522311,2.25716694476463,2.1857228170053
"450",5.53932192231546,5.56081310559806,5.58251899053237,5.6023893264689,5.61954376238893,5.62763090226583,5.63329734531678,5.63424938238611,5.64058023593303,5.65316184148002,5.66145769220861,5.66669595769253,5.67298320800932,5.67395327641824,5.66354914939052,5.66823064151173,5.65995366885979,5.65835819660712,5.64580440996658,5.63779613798935,5.61515759029897,5.61455446904572,5.59820633142771,5.57790359609383,5.55823593993192,5.54150673349496,5.5173598152005,5.49480334101257,5.45083700467487,5.43579274871047,5.41617408109694,5.38711076317883,5.35814690838181,5.327043907055,5.29139949009833,5.2639151640657,5.22531956724965
"451",2.35525629426531,2.37246346324184,2.38429025394192,2.39356117099345,2.40677909746151,2.41737628274759,2.42779573878078,2.43691657088609,2.44560928364222,2.45486828574933,2.46370623415092,2.47130619532613,2.4782817379076,2.48675463518128,2.49335698626672,2.49829921421852,2.50364033435833,2.50673496287741,2.50946023239837,2.51238640605361,2.51326367888509,2.51256105998988,2.51100613062417,2.50933261372254,2.50609760828962,2.50251956818121,2.49645665848008,2.4893266328681,2.48292710214902,2.47333930069387,2.46320438889069,2.45205656761891,2.44187213870469,2.42787232129357,2.41419960524805,2.3947324311704,2.37442727562866
"452",2.37485764612722,2.35267447975254,2.33717114370206,2.32913048058049,2.30968198682281,2.30078415433041,2.29339874792581,2.28828481112132,2.28245000122616,2.27716004840517,2.27419183188179,2.27301472518838,2.27162670538,2.27418472732265,2.27978627455093,2.28558566592878,2.29387941291069,2.30469137799608,2.31734922055109,2.33155590752849,2.3508458507812,2.36985954291348,2.39266827084372,2.4173734001804,2.44373699439102,2.46819100029103,2.49553940318975,2.52148229193788,2.55103509110785,2.57788014517163,2.60626992624792,2.63457897211879,2.66462009404892,2.69528168291974,2.72835687343359,2.76449641702118,2.80385525233913
"453",0.185405280827693,0.204131970690744,0.21606423570809,0.22389347153111,0.236664878321085,0.244634589438319,0.250168126544123,0.253104360398368,0.257420289465603,0.261250872982225,0.263163522137249,0.265425976422127,0.266933166272006,0.266569358784213,0.263844246325926,0.262567092240195,0.258271668415686,0.254966536352281,0.248896498023829,0.242965285800763,0.234410471485804,0.227617769091406,0.217740086605934,0.207443830023896,0.197292668185927,0.187788257091019,0.175890936219345,0.166792564752533,0.153644814906115,0.145506111263536,0.135475585932854,0.124977147752581,0.113632531284683,0.101841389021966,0.0896380886853993,0.0773541007121383,0.0636576179799808
"454",2.43345571418074,2.4366184545461,2.43872085015541,2.44154571391784,2.44373225607553,2.4475017888945,2.45168078047127,2.45562186550242,2.45904578794663,2.46312016624463,2.46757846167954,2.4715126716769,2.4749249336361,2.48047912197747,2.48545399174182,2.48911963066887,2.49368174463716,2.49720176480133,2.50088930089255,2.50512225633948,2.50924490548688,2.51216956816516,2.51556781474421,2.51950948028487,2.52314586999973,2.52622722575447,2.52870606387107,2.53043938515967,2.53424165968737,2.53539954359961,2.53720460097722,2.53893817483019,2.54246401158767,2.54452781181614,2.54853614747843,2.55130881141821,2.55633804425216
"455",2.61910323752267,2.67211218171804,2.72040748769238,2.76632739233126,2.81406307816621,2.85563204362894,2.89819261090223,2.93975598422317,2.97929924820304,3.01888117373684,3.05717999395766,3.09343914920569,3.12872084758396,3.16566705232308,3.19879882482647,3.23139425518562,3.26446656811047,3.29404963308476,3.32334704374446,3.3526875552657,3.37858270376443,3.4046268227215,3.42970841196828,3.45421096004672,3.47532246868202,3.49501072150119,3.51295289143543,3.52639540289313,3.53984890927393,3.55144780582576,3.56359162300111,3.57291923593505,3.58465005102798,3.59396811277422,3.60442821082475,3.615024687671,3.62706836209192
"456",0.0122364874883848,0.0167506035542866,0.0203460958716521,0.0230844222951964,0.0279771093749344,0.0314275668136786,0.0343322057609065,0.0364380221792777,0.0391989006456303,0.0419662659835337,0.044016342112059,0.046206310237204,0.0482413894340826,0.0494340812252048,0.0494163102625792,0.050129451163804,0.0495151335787753,0.0491294151946327,0.0475468660075382,0.0460205999239782,0.0430505052721479,0.0409262056945046,0.0374667114891334,0.0339065337765467,0.0302808402373386,0.0270985653838218,0.023145019250664,0.0201250865762501,0.0161608541555616,0.0137017101720274,0.0110045831607662,0.00846439042363135,0.0061640002581993,0.00415190186381687,0.00254322292603824,0.0013361029147724,0.000541863719600804
"457",2.02255818101197,2.03076515759004,2.03632186783952,2.04191886067395,2.04755415070812,2.05403093561655,2.06046802272806,2.06644867100145,2.07227586282187,2.07842856124014,2.08473458206065,2.09110883176712,2.09693175205801,2.104614831711,2.11176440614105,2.11810454524237,2.12516167035504,2.1316726721158,2.13828677423941,2.1455260518458,2.15286978529899,2.1592669312484,2.16627340495885,2.17411440928849,2.18165812296251,2.18868208867847,2.19521603816919,2.20144611753003,2.20926550324368,2.21535268260235,2.22185507572305,2.22826960758286,2.23623037298804,2.24307418173645,2.25183331798465,2.26009215179394,2.27019438656267
"458",2.22004047138928,2.25147929933716,2.27058469747624,2.28200829108738,2.30358785835408,2.317007984224,2.32882254244927,2.33743157124003,2.34567944736758,2.35415679470402,2.36096246920314,2.36533324684912,2.36864223972659,2.37206212423501,2.37191243523367,2.36895313040593,2.36492367503995,2.35693805398163,2.34687493935149,2.33586452243954,2.31930147673313,2.29942123174758,2.27480439438663,2.2472755061801,2.21538248399172,2.18222111429386,2.13984943098123,2.09522144537528,2.04393527562405,1.98526443403893,1.91658726077284,1.83822677160241,1.74771175307497,1.63055175759052,1.48500597029568,1.26877629539608,0.957352411562806
"459",2.31315515059205,2.31921511488802,2.31980830060019,2.31765632092242,2.31849664913038,2.31782281797544,2.31598325815766,2.31210978613295,2.30754955566105,2.30301851097731,2.29769343479851,2.29059196318992,2.28210791080773,2.27400345307996,2.26399767775753,2.25089827104663,2.2364879372879,2.21968744052251,2.20054041100997,2.1801835073832,2.15670194654145,2.12960298901421,2.098489158722,2.06440267517281,2.0285227444544,1.99073660116889,1.94598791653672,1.90142765761744,1.85190180658123,1.79757692362913,1.73566899879121,1.66881475125865,1.59291692959669,1.50147915280308,1.39446703605009,1.25141195217155,1.06987506442831
"460",2.1936147584487,2.22672908457102,2.25715446912662,2.28731750488662,2.31893900151319,2.34820872589433,2.37864520075989,2.40899776069611,2.43854456553146,2.46843027419802,2.49798961292597,2.52698509700877,2.55543186824547,2.58609836396613,2.61460784534472,2.6425080463473,2.67168447716997,2.69830010846304,2.72540224188221,2.7527590993476,2.77847892536066,2.80321963132442,2.82839977342801,2.85384704081509,2.87651160128691,2.89779280290656,2.91810782098633,2.93476486828242,2.95308394638437,2.96791470418292,2.98350643788265,2.99737667522416,3.01355653637452,3.02775699768756,3.04375334804685,3.05941664064185,3.07749410941451
"461",1.68781034814711,1.78936192249586,1.86670713197209,1.92920705430644,2.0051641123484,2.06205635445723,2.11664076417282,2.16674559464796,2.21507678698927,2.2620967937785,2.3056919081314,2.34660654276763,2.38601589671962,2.4256363591733,2.46011480780512,2.49322357570952,2.52651178355304,2.5550967015868,2.58333025405048,2.61129549648023,2.63484849521328,2.65702405607217,2.67821204666426,2.69928991627198,2.71610495160717,2.73219727623331,2.7454676002328,2.75504923340424,2.76532053699904,2.77181680704104,2.77829138295255,2.78251773555958,2.78886622474206,2.79151140130887,2.79527158998689,2.79536237510902,2.79634422389565
"462",2.94170916673291,2.93640991532948,2.93426630005945,2.93551885581668,2.93288799819461,2.9344187526822,2.93743258348311,2.94121673316333,2.94431188014348,2.94871481763502,2.95417089421361,2.9590640858507,2.96376816513936,2.97134559643253,2.97866008149585,2.98522817526657,2.99313015111195,3.00027687531784,3.00798027234165,3.01658427292943,3.02541020486278,3.033910098439,3.04324258182388,3.0531297090505,3.06275248915254,3.07153240802672,3.08040398944313,3.08731932652683,3.09659280102176,3.10322892775445,3.11114585134485,3.1184572993425,3.12816775743747,3.13680019199248,3.14759529159135,3.15878533155514,3.17300170504345
"463",4.20578632977381,4.17592748407306,4.15357805188013,4.13683801756095,4.10692373304191,4.0846062921552,4.06249866536003,4.04040918926954,4.0169641650832,3.9949009670703,3.9733502012767,3.94959829635668,3.92436436938947,3.90041897998046,3.8768482040366,3.8528421647538,3.82721769771328,3.80397071334791,3.77908535604001,3.75498313405162,3.73455064680981,3.71572616002226,3.69778049125331,3.68007251038401,3.66870261763125,3.65630946113703,3.6483145398335,3.64262844019809,3.6411156116499,3.64104173161304,3.64421256438421,3.64986467830906,3.65796280855303,3.66942341397971,3.68402165221107,3.70494556459332,3.72991229032843
"464",2.21671379229502,2.20723303210475,2.20020687345791,2.19718655343961,2.18812375151309,2.18518881787683,2.18295053168053,2.18160779533102,2.17978868589912,2.17837691327017,2.1782144922004,2.17892995923249,2.17919995347353,2.18230186888593,2.18672323330485,2.19071426738372,2.19621449944899,2.20280385779895,2.21030869005418,2.21890827284483,2.23033264087661,2.24119201393114,2.2544000325028,2.26913079459977,2.28502217889221,2.29985150819186,2.31629019568582,2.33232516061931,2.35133944467627,2.36842578368071,2.38680510744486,2.40553583559402,2.4261045578099,2.44701215550567,2.47048908074404,2.49608699697539,2.52484362057519
"465",2.84721229021957,2.82190220123771,2.80169376138716,2.78673951174644,2.76226451228741,2.74629227978241,2.73084607832087,2.71616286883471,2.69997325104754,2.68401816062304,2.66939213979324,2.65445048173613,2.63834020235376,2.6248023413144,2.61320725976852,2.59973445324453,2.58716422970621,2.5760888040013,2.56537785189857,2.55536702621432,2.54986427917307,2.54329255218855,2.53942866023857,2.53690562998499,2.53840403462132,2.53887368802083,2.54266929480598,2.54806003625744,2.5581225389505,2.56667958459381,2.57759037681487,2.59078484818503,2.60602455033206,2.62341886068812,2.64422247099127,2.66891664696666,2.69821444213938
"466",2.42997449761574,2.39736735803813,2.36828833914631,2.34380922383574,2.30738621377398,2.28036482072903,2.25185469525774,2.22272233314297,2.19092355767993,2.15723145621252,2.1235463545605,2.08866858088107,2.05019101166589,2.01159547000643,1.97504772483739,1.93387095718833,1.88977073777951,1.84816612787291,1.80308835814143,1.75553614383465,1.71525666406408,1.67141201024108,1.6288570595977,1.58535698672261,1.55318742815881,1.5181088453285,1.49088116456419,1.47459185141835,1.4648137823564,1.46114218471697,1.46176851084504,1.47237037350856,1.48351289158923,1.50643987663674,1.53539890187959,1.57923723762425,1.62974190660368
"467",3.02080446425413,3.00707009132012,2.99439015396225,2.98314266121195,2.96848152014421,2.95730240458152,2.94595275066256,2.93377119734125,2.92023412450596,2.90713920621446,2.89414177153453,2.87910462415814,2.86259271589687,2.84719525320107,2.83107439020811,2.81163195437344,2.79122538936676,2.76926764629344,2.74533415945419,2.72030318746137,2.69444718218403,2.66508362096554,2.63322095276378,2.59881143484589,2.56502454554279,2.52900400427308,2.48943127685769,2.45082077728787,2.41168171125755,2.36785882162108,2.32060203674883,2.27290753428168,2.22093027522689,2.16254854910482,2.09903734690525,2.02079024146629,1.93224899858375
"468",1.49168145215489,1.51239394743298,1.52796169009385,1.54220699316754,1.55835554035047,1.57311309738718,1.58736922368381,1.60080510418269,1.61476318769383,1.62880718651929,1.64248355581518,1.65690505204111,1.6708642603912,1.68618630944036,1.70044036390337,1.71497555390602,1.729851580858,1.74450309197793,1.7590621214443,1.77436543595786,1.78924215854944,1.80384374141703,1.81882322835115,1.83483179213592,1.84984437346253,1.86433621214052,1.8780310081495,1.89131613598098,1.90512441429003,1.91832312920504,1.93146540614152,1.94394165392911,1.95769292964101,1.97028799398659,1.98451412565067,1.99872804784281,2.01393131004489
"469",1.69827231014435,1.79310694221815,1.87218877341949,1.94181384760214,2.01797192563396,2.07967975254118,2.14023685729294,2.19764457721865,2.25253532807193,2.30572586876553,2.35588137967701,2.40383675855665,2.4500202501142,2.49686496656461,2.53899707375111,2.57998283171595,2.62140370949131,2.65836054516527,2.69516164380315,2.73147574334656,2.76427015886834,2.79566646772428,2.8267105240134,2.85754844881195,2.88411690198659,2.90909943683921,2.93223662045231,2.95085012400706,2.97056413763064,2.98649472321214,3.00288365599279,3.01694913654419,3.03332858845356,3.04710635728637,3.06243420420664,3.07675980159834,3.09311336245855
"470",1.19597175460223,1.21623060598848,1.22618791390456,1.23076926190066,1.24074864662976,1.24607492957515,1.24852684515558,1.24777483784931,1.2476078256796,1.24671512349393,1.24393295064568,1.24068144673591,1.23594704552866,1.23000462157082,1.22159857702808,1.2122991737734,1.20008074489298,1.18748530392739,1.17154027761273,1.15490784695814,1.13503124111786,1.11426271710134,1.08912822454454,1.06216028225953,1.03474502605344,1.00688145969188,0.973689867144144,0.943902460622046,0.907986252208864,0.875541076215166,0.83824489787487,0.79930309159833,0.756279527068573,0.708195242677611,0.655706449366382,0.594423568463078,0.523987369634412
"471",2.55426846362384,2.55728148416323,2.5559324056677,2.55235936192604,2.55118606447383,2.54901563806852,2.54596047944145,2.54103342549099,2.53523975738631,2.52968161760237,2.52346549942193,2.51515496603429,2.50547957527738,2.49633605645979,2.48525739695069,2.47082716205362,2.45514967269651,2.43676502337404,2.41600915506289,2.39390795803493,2.36846308533222,2.33902842314534,2.30527371480187,2.2680480386144,2.22864417622727,2.18686441224011,2.13732921497088,2.08709397565202,2.03133127652396,1.96863192769829,1.89659073451559,1.81757610716429,1.72621761920815,1.61343806721879,1.47681258776414,1.28499756396134,1.024596322468
"472",5.49879927491717e-05,0.0180509717068649,0.0989935643519271,0.222375997631133,0.374401545259762,0.508819235619216,0.642080475737672,0.768114749763339,0.887668873764007,0.999247910469594,1.10080444605942,1.19791190439872,1.28936610285422,1.37669769352128,1.45415335517276,1.53081091485228,1.60476126652434,1.672148140722,1.73727747067675,1.80009835092849,1.85712172266671,1.91199806638292,1.96545055619879,2.01810452693099,2.06396186538079,2.10705132180793,2.14750204090157,2.18263664766846,2.21757177027061,2.2490723694376,2.28001498729925,2.30791410231788,2.33734933187454,2.36421571840824,2.39235945881354,2.42002550783501,2.44887690572309
"473",2.27342957330512,2.32002741042229,2.36118233431072,2.39989722945481,2.44185663206129,2.47839475039641,2.51573571839895,2.55224387747327,2.58745565173112,2.62273835387736,2.65704853718253,2.69004652038429,2.7222502965453,2.75630295264987,2.78731331434387,2.81752350935568,2.84871553934544,2.8766600980834,2.90481783998642,2.93306842269186,2.95878749016506,2.98367801783149,3.0084788096185,3.03325230946902,3.05482252969087,3.07506583828578,3.09390532341659,3.10873813320448,3.1248171991641,3.13759123150865,3.15104695988499,3.16244345111753,3.17623445210529,3.18771077006928,3.20079853579854,3.21325781887433,3.22788575787547
"474",1.46079011011665,1.48001576327187,1.49209785614559,1.50124878106254,1.51373337465693,1.52368548473828,1.53226183892003,1.53911753841189,1.54646229271588,1.55365738257123,1.56001200285299,1.56658881754441,1.57238194032942,1.57874825733131,1.58368872237921,1.58838507612717,1.59247921309365,1.59635245088447,1.5992304933635,1.60256428916565,1.60479015223985,1.60665252139698,1.60769276228966,1.60923649565998,1.61036452019283,1.61141862089427,1.6106786571224,1.61115047457413,1.61069471925284,1.61119846977099,1.61075654699078,1.60988730424588,1.60937063518092,1.60717945223025,1.60569101188916,1.60267140271266,1.59860480450564
"475",1.85143744422172,1.8557230108711,1.85874111828193,1.86318050756369,1.86547843545436,1.8703778952217,1.87534634265,1.88035125396761,1.88537962999572,1.89064650555952,1.89638927047974,1.902956825842,1.90906212502303,1.91725855821664,1.92563438777659,1.93385827883347,1.9429833082079,1.9525606898613,1.9625148199846,1.97337151008082,1.98544539143648,1.99704244189202,2.00997221204404,2.02417648708984,2.03855771888253,2.05219682623086,2.06623480342027,2.08004855359307,2.09563948700703,2.11003449933319,2.12505752206534,2.1400577634766,2.15661481357386,2.17285572722176,2.19127519748466,2.21081207194557,2.23254214133927
"476",2.03367463082039,2.03482131964394,2.04097239603662,2.05340916873264,2.05882081141963,2.07100046028428,2.08541493427701,2.10212690378309,2.11872948980201,2.13607974113649,2.15503896714179,2.17575611228677,2.19647883977531,2.22074934591727,2.24575497890331,2.2712404290755,2.29890192459159,2.32658307930006,2.35557847744712,2.3853365389126,2.41662348800108,2.44703557786737,2.47956574524146,2.51301853662375,2.54492348107207,2.57467023908366,2.60511999260389,2.63225778646176,2.66177920752905,2.68779903499939,2.71474114574699,2.74036973595225,2.7678863619669,2.79458431746533,2.82329060662886,2.85348626204192,2.88640635076167
"477",2.67377676016652,2.69825772262269,2.72653222284438,2.7587331900524,2.78740871788681,2.81740110146856,2.84992899659063,2.88359363462563,2.91586675103339,2.94882715587482,2.98196624365491,3.01437323226702,3.04624322589751,3.08075866877404,3.11300808930855,3.14505813239672,3.17823148509476,3.2088843640581,3.23974720093723,3.2707879828966,3.29982434823869,3.32879198380977,3.35761621560875,3.38604728507557,3.41150547338531,3.43506966632224,3.45763357398318,3.47559607139787,3.49402960068898,3.51029657836471,3.52726000128976,3.54154584826366,3.55809224309209,3.57269549772358,3.58851060068357,3.60529009337961,3.62368149830851
"478",2.96430956284742,2.93646155177329,2.9151742523734,2.9002517119084,2.87434225925765,2.85808234904357,2.84280659952973,2.82884413577463,2.81341059938241,2.7984764229943,2.78528938482362,2.77211382113482,2.75805752048135,2.74713902286935,2.73863148851861,2.7288052144921,2.7204818827313,2.71408880270382,2.70867278647186,2.70440267029162,2.70519279107249,2.70544554468126,2.70904737487385,2.71432020701348,2.72330776050428,2.7310848415653,2.74248229080839,2.7543561592438,2.77091820238102,2.78546525146062,2.8024053934864,2.82080261800848,2.84134996562816,2.86356686633956,2.8888606332522,2.91792317785631,2.95120671499431
"479",1.70922367000031,1.74910180150301,1.78250509859099,1.81331359494784,1.84830261475326,1.87867806779315,1.90921339412708,1.9388526871089,1.96832407767004,1.99781068588228,2.02646000091674,2.05495509123189,2.08285462567175,2.11236409482575,2.13957265064307,2.16645375214168,2.1942301968827,2.21978434466877,2.24561150853526,2.27174311708835,2.29617083825227,2.31953816727942,2.34326325206789,2.36757241319538,2.38914787185652,2.40968072761639,2.42897269635458,2.445539952422,2.46347780921564,2.47835656070617,2.49359214558411,2.50741055607517,2.52319514394543,2.53694604970824,2.55246044158802,2.56704253872721,2.58354843630694
"480",2.48030437149243,2.48071069238387,2.48243608132644,2.48676317026723,2.48830454579184,2.49324839126627,2.49930747078764,2.50597487656856,2.51214469338314,2.51916634035103,2.5270771837311,2.53498694798742,2.54262412749944,2.5530253546166,2.56334549435716,2.57290600464936,2.58396204474553,2.59435582088611,2.60548932181954,2.61743502382105,2.62998070903092,2.64170588442531,2.65469746854506,2.66855156438662,2.6819466137938,2.69441391123882,2.70707052730471,2.71801761280524,2.73151415604514,2.7420945661185,2.75379982154659,2.76509354295119,2.77857727058296,2.79110161806436,2.80589053129576,2.82102175618808,2.83914515719042
"481",0.000535560585834337,0.000619959175954225,0.00069012964558216,0.000778883359617264,0.000829248647331871,0.000900237664680531,0.000956200965578186,0.00101123542483985,0.00110112017120709,0.00119525245103737,0.00129081146368495,0.00145683145977548,0.00164270116935893,0.0018434618361693,0.00207192777529829,0.00247453546391627,0.00287529876123448,0.00352621689333511,0.00422408630052298,0.00511955977415699,0.00621356923510679,0.00783153659648233,0.00967433090389002,0.0119320240396071,0.0146345402101722,0.0176961662240198,0.021141991558282,0.0254218827357553,0.0290610032130164,0.0350552755389333,0.0412357969246184,0.0474781311812776,0.0538180281074165,0.0608854809291056,0.0680904826956981,0.0774961311695617,0.0855175573962008
"482",0.903277843686889,0.918348852823912,0.931435972103838,0.94622013492345,0.958432408220881,0.972484694113585,0.986329424301664,1.00048865194812,1.01604922210304,1.03169943939007,1.04751845298652,1.06602992699631,1.08447940187174,1.10441594834023,1.12436442490324,1.14694153488234,1.16969579925515,1.19456669415891,1.21943807012688,1.24559166497646,1.27275754425441,1.30122664686678,1.3306697433406,1.36162590663969,1.39186905996898,1.42097677600636,1.4502649029888,1.47914965764996,1.5074860934387,1.53721145363117,1.56650722124501,1.59459593600105,1.62339609129355,1.65207060761125,1.68218323750235,1.71479727540912,1.74776101500079
"483",3.61653570213463,3.5737013643605,3.55211065337572,3.54933207584294,3.52122640794061,3.51455789951289,3.51427448025362,3.52142878255869,3.528127262878,3.53780162071685,3.55257206337865,3.57057752410054,3.58967051680811,3.61498357113038,3.643199301865,3.67419168886264,3.70740246516412,3.74258089547916,3.77831691203332,3.81482023195922,3.85249831397512,3.89206064494856,3.93142574380645,3.9692099702288,4.0048559764999,4.03660769700718,4.06799429453498,4.09369667053997,4.11632210085689,4.14065815603924,4.16461091567674,4.18371894526165,4.20366556886711,4.22187713267205,4.23917222122264,4.26024687128538,4.27919329726296
"484",3.1405650560248,3.14053065142048,3.14395805631245,3.15071787545453,3.15427160002502,3.16096733747686,3.16952753195087,3.17889622019264,3.18763808132437,3.1980342311896,3.20931399499922,3.21971836719149,3.23008767207249,3.24325776275384,3.25533342556319,3.26719226433922,3.280118344127,3.29186833709503,3.30389876559744,3.31686457301981,3.32883440286505,3.34127828355688,3.353770584622,3.36641532880135,3.37802314283993,3.38875022059693,3.39894853607996,3.40634158873441,3.4150104236453,3.42181781773791,3.42968898020221,3.43604385463158,3.44487446089282,3.45214369251006,3.46112301998205,3.47056576227181,3.48235002035711
"485",1.9477037389977,2.03021212801933,2.09788952511623,2.15677082789757,2.2230470153147,2.27626804961674,2.32869274126688,2.37830858409727,2.4258429917506,2.47234475508825,2.51632730803473,2.55809797616529,2.59845424105781,2.63974239997768,2.67662385749668,2.71235737336202,2.7486297800649,2.78064682956554,2.8125599343131,2.84421861259356,2.87232598199958,2.89929747216207,2.92577473846743,2.95207319672867,2.97442205685177,2.99549005611634,3.01460229681766,3.02946266074461,3.04535152627607,3.0576640716092,3.0704516933864,3.08097845694384,3.09388211655543,3.10403519245464,3.11569046661837,3.12596514598846,3.13816881718507
"486",2.29798363247814,2.36010480721076,2.42574448994742,2.49423822802473,2.55558897611424,2.61416055753498,2.6744910466063,2.73466609627777,2.79109226310944,2.84603759349152,2.89927348408646,2.95069095854003,3.00017416726079,3.05123288957783,3.0982161363574,3.14442799558397,3.19099656780261,3.23358245339271,3.27569049235342,3.31705106560025,3.35523896160518,3.39290003045584,3.42977876993635,3.4655618967644,3.497156854512,3.52617436144794,3.55369221723751,3.57563070796097,3.59724625735984,3.61684599876161,3.6368243480386,3.65341406920518,3.6720656512416,3.68851409283939,3.70577454133771,3.72423973386688,3.74371278991121
"487",2.51865601995593,2.53575320417413,2.54876502616418,2.56003820773602,2.5744735406219,2.58679494730966,2.59942963058913,2.61116092479147,2.62236464580269,2.63435885221061,2.64613998685052,2.65667224113361,2.66673026229734,2.67863039325879,2.68867631460665,2.69732690408697,2.70670348576389,2.71380486613213,2.72085873649239,2.72829820442916,2.7338440872629,2.73819757530423,2.74211389912621,2.74611609498663,2.74848069053791,2.75042545898887,2.75049724919963,2.7488087957296,2.74847472253237,2.74482577924074,2.74134427464432,2.73685609955547,2.73412108353764,2.7283563299042,2.72378043100825,2.71545527604136,2.7081630126338
"488",1.0168715680923,1.02705353572295,1.03271411172562,1.03794021716574,1.04191411042847,1.04659658969877,1.04974930686765,1.05187865596262,1.05496962199881,1.05768442988212,1.05997457953978,1.06395963352548,1.0672829307556,1.07113589893111,1.07489275078006,1.08025250809437,1.0847486808188,1.09173132158572,1.0978440279816,1.10513219058026,1.11362019556241,1.12365935124332,1.13402786136711,1.14586647067997,1.15898739379564,1.17190147672093,1.18512845555663,1.20058233411777,1.21483606037139,1.23296538141854,1.25058754709582,1.26810950000271,1.28595041644758,1.30448019394753,1.32435405326247,1.34730731276834,1.36985136380776
"489",4.89123522649451,4.92585900124518,4.95790697547895,4.98641623329262,5.01776511365065,5.03884418105429,5.05895745691827,5.07514456025898,5.09397507981581,5.11743845487007,5.13738279335576,5.15357307922888,5.17029872474371,5.18379948602857,5.18724100271811,5.20033311697973,5.20452129350544,5.21103786550864,5.20963269718348,5.21123745938156,5.19998426023889,5.20416787502156,5.19614847841591,5.18475346476724,5.17203216838177,5.16130214697984,5.14382585000173,5.12569545953324,5.09212730264377,5.07798848099087,5.0606022034279,5.03537303044897,5.0111433034932,4.98374518810154,4.9533098536416,4.92690704098263,4.8930727364029
"490",0.284420791650702,0.293792118253941,0.296661500430009,0.296450949613209,0.29706904396545,0.295449557006803,0.290769407556002,0.283534036788158,0.277073867997849,0.269538696324143,0.260331175782046,0.251502051008261,0.241353110716643,0.229342404700714,0.216382027624909,0.204335188194735,0.189352274714976,0.176629590878,0.161510322276072,0.146651357240508,0.132106808981935,0.119184632885722,0.105088416255028,0.0913439703475666,0.0802290225555656,0.0698064256235823,0.0598962655909336,0.0531006348004665,0.0453995474279301,0.0409708600367804,0.0363391915206981,0.0325753826483359,0.0285988468395866,0.0256135962804792,0.0228762193752947,0.0212693338708258,0.0194375939113091
"491",1.90949646224201,1.91922524325551,1.92199497976173,1.92137755043109,1.92416682799023,1.92485097622549,1.92379962395842,1.92041014459719,1.91669328028503,1.91265029141523,1.90753309698265,1.90119948180297,1.89339951195169,1.88554500400008,1.87583005311044,1.86363582510625,1.84971085007833,1.83419436636962,1.81610083203115,1.79697658519249,1.77509216064555,1.75040239922688,1.72191027502688,1.69104347623711,1.65918938123694,1.62599930469818,1.58694491281564,1.54962969699448,1.50756180802653,1.46417384601125,1.41504547828253,1.36324242423496,1.30551569113887,1.23855098807671,1.16333919862996,1.06915389322645,0.957133274941632
"492",0.397410348999521,0.424778738547722,0.445302501308102,0.462729698921195,0.484636544652741,0.502226612063438,0.518188997052082,0.532411786948532,0.548578463218797,0.564666859657291,0.579343009093852,0.595600124103637,0.611622818301597,0.627076664671674,0.640435639543985,0.65656494867103,0.670936260501514,0.686755303691104,0.700958826431797,0.716185868157213,0.729465388317954,0.745163060632048,0.759251546285609,0.77421471813745,0.788226744409335,0.802504691447736,0.814808916604613,0.828737080552,0.838650889663344,0.854001067608238,0.867505087947361,0.879381303101987,0.890954451202624,0.901580642624045,0.912166654682569,0.923897420564331,0.93246602644775
"493",0.00175010907194652,0.00247635518510494,0.00314983017765723,0.00380661031045822,0.00479177849315991,0.00566452199519259,0.00650564106192789,0.00728167596861258,0.0083188756216097,0.00945244137236381,0.0105195336385752,0.011857164530133,0.0132964638569824,0.0146516946191879,0.0157792346078405,0.0175263823404802,0.0189450014990192,0.0208445050148229,0.0224343670535008,0.0242999755496039,0.0257766760570339,0.0281282084944527,0.0300166424399996,0.0320818309873695,0.0341331690054672,0.0364277147687289,0.0382405570303752,0.0407968807913898,0.0417082326838627,0.0450531404893558,0.0477970152853338,0.0500219824908761,0.0519031575860576,0.0536694983438566,0.0550570538139469,0.0571396317613321,0.0575090482406789
"494",3.18787950910752,3.17568171989086,3.16865538405125,3.16634434484998,3.15794919364945,3.15534043599507,3.15447519053159,3.15474807212666,3.15427725920726,3.15536611920118,3.15781370034769,3.15971325058987,3.16150105148229,3.16636577256483,3.17131682376267,3.17583458049762,3.1816615302337,3.18727751159814,3.19345655018286,3.2007377571532,3.208690071209,3.21686428812501,3.2259692446566,3.23563122803209,3.24552688045118,3.25450350965924,3.26398839967536,3.27149274865447,3.28126223333772,3.28894982634077,3.29808993355526,3.30653724227881,3.31743615225272,3.32757691482368,3.33983877173042,3.35333395142375,3.369817764632
"495",2.72801175656563,2.71398903060316,2.70267587367806,2.69472305804803,2.6813162470265,2.67346189996562,2.66617943462492,2.65924842271041,2.65131126057769,2.64395209059501,2.63756085085343,2.63068623942144,2.62302849665257,2.61778743046463,2.61323889971563,2.60703700146773,2.60171904870029,2.59653979672587,2.59156346127927,2.58718998842045,2.58477109436227,2.58115253809382,2.57887376537933,2.57736996956093,2.57761411303652,2.5770997625227,2.57766141196566,2.57865419400176,2.58292268329571,2.58504207029086,2.58861383743514,2.59336133585814,2.60005336190995,2.60704464736769,2.61678635664231,2.62776162639794,2.64242960470498
"496",2.39484942360506,2.38491990058392,2.37474011734991,2.36594133328259,2.35374895081562,2.34532544185174,2.33642585913909,2.32687013556641,2.31632087781334,2.30571984552116,2.29534687103742,2.28420397143519,2.27172332712322,2.26057965983552,2.24956304124048,2.23615218090066,2.22240837504813,2.20851401273166,2.19357239557867,2.17841243944147,2.16433460353266,2.14815172491031,2.13174679261806,2.1151010887507,2.10046794969686,2.08494077774687,2.06908835725087,2.05560209496743,2.04368652523033,2.03095341936128,2.01829075064783,2.00742590414914,1.99689974674885,1.98639260884231,1.97762084377474,1.96855928326211,1.96123708917883
"497",3.24144619983256,3.22345560146403,3.2124822609702,3.20774734251217,3.19450006850078,3.18901055700652,3.1855771986879,3.18386112792415,3.18135234237634,3.18046627169845,3.1813826913083,3.1821714776434,3.18294311054656,3.18720952517861,3.19227716946134,3.19722689623642,3.20381380782644,3.21086334875144,3.2187963172307,3.22802988674764,3.23887406474333,3.25018524929159,3.26299137863644,3.27653427188536,3.29064716581789,3.30354636872382,3.31755369453452,3.32935574489548,3.3435028977066,3.35572583530306,3.3695111904166,3.38243960388774,3.39773804759874,3.4125717083786,3.42942410193491,3.4483194851165,3.47002499617017
"498",0.779869866455395,0.786078145462324,0.788151442664135,0.790171680478989,0.789370654526074,0.79004246976475,0.788759054396668,0.786379141223123,0.785018434170238,0.783021054049413,0.780531145552497,0.780032444277811,0.778738744136445,0.77754073959764,0.776696895186701,0.778061055277701,0.778023114736065,0.781727566784557,0.784266317884814,0.788159712017137,0.794181831464301,0.802724320755808,0.811719011461186,0.822378882288186,0.835506990628382,0.848516248868364,0.862635853187083,0.880037731989602,0.895543674051222,0.917028341088954,0.937928279770379,0.95894226388671,0.979845724079113,1.00242111490267,1.0261457163325,1.05463109005014,1.08200609778074
"499",2.96447393996621,2.94041384762987,2.92086452073067,2.9058381246011,2.88232928820759,2.86636836593545,2.8507703256822,2.83555035753188,2.8187641753532,2.80225910269633,2.7867808760263,2.77043155896799,2.75275635503004,2.7372541300851,2.72307606290206,2.7065358430672,2.69035585583762,2.67497579093764,2.65933676646459,2.64393950403381,2.63203182874226,2.61853553657419,2.606733766252,2.59555845647959,2.58825060906181,2.57989969835085,2.57409257800326,2.57036390121659,2.57105860560651,2.57025914329255,2.57162951236895,2.57578564122759,2.58185193657283,2.59010242942295,2.60187067508566,2.61709285032209,2.63724961047734
"500",2.06012359135325,2.23086791137974,2.35482454685769,2.45131613244248,2.55938982141315,2.63758915806221,2.71110548243253,2.77743544688431,2.83913209851986,2.89811876007003,2.95205443765002,3.00124486231653,3.04807089222102,3.09449462583644,3.13417031988909,3.1723386737185,3.21001334707038,3.24214196684036,3.27330629843072,3.3040005007572,3.32902071490351,3.3538076140881,3.37661731777911,3.3985725345199,3.41597862270366,3.43244032193023,3.44589472479647,3.45466654710186,3.46305612436876,3.46908651002395,3.47528511747657,3.47837988443041,3.48395800015274,3.486001363554,3.48896073733462,3.4898284554412,3.49166611540835
"501",3.76820262292942,3.77019978502899,3.77326428503926,3.77682730941019,3.77991995527765,3.78255989609888,3.78601058808974,3.7886156180206,3.79097741895044,3.79565755665558,3.80013322843457,3.80211777083071,3.80394956475796,3.80707649636661,3.8071547706343,3.80755835030009,3.80685228089147,3.8047361413428,3.80098633476274,3.7981605509389,3.79149682299566,3.78678803147881,3.77911763337336,3.7703615012519,3.76065603087866,3.75089889997582,3.73838735672858,3.72395817527175,3.70850929407664,3.69262284280864,3.6764922844619,3.65820598546835,3.64162031445154,3.62129496003841,3.60109088050861,3.57653394141173,3.55153872721605
"502",0.00552530362437698,0.00668960764234388,0.00741318591923419,0.00786477296428661,0.00857116702205011,0.00894898633383447,0.00903743555368614,0.00886287163593393,0.00883188495324687,0.00872374994821254,0.00842786440916533,0.00820959248807464,0.00790545238255299,0.00741254246523714,0.00679597993084141,0.00638533459277998,0.00572891331398757,0.00529210876636093,0.00468582601372375,0.00415241739511222,0.00360248494721056,0.00323898850736284,0.00278910091065881,0.00238398489751634,0.00208453820840787,0.00183161493308282,0.00157345228703415,0.00144519314501617,0.00122271116005102,0.00118308163514489,0.0011089126594631,0.00103810112312162,0.000947575272843502,0.000879860634013086,0.000807092640071536,0.000778804391609036,0.000706389322831983
"503",1.0297461265625,1.04809839035882,1.05807350072245,1.06434551089102,1.0738411415307,1.08030588304869,1.08434530567466,1.08595528116478,1.0884602611828,1.0903864457312,1.09090343625336,1.09191754523301,1.09184772394038,1.09117328327412,1.08888225914557,1.08703656141113,1.08309949162598,1.08013244294192,1.07494725300719,1.07008750229129,1.06391638102577,1.05842032493002,1.05089392271561,1.04348446294417,1.03670394684578,1.03011242626442,1.021375163816,1.01594494381218,1.00719417505807,1.00314064488752,0.997176598891752,0.99096679517291,0.983899102764668,0.97591579315245,0.96774495793608,0.959276880552297,0.94772833838894
"504",1.63850043418696,1.65422485208345,1.66257272918562,1.66758844297201,1.67622931424141,1.68231948212635,1.68682088625549,1.68927421038768,1.69189417994843,1.69428721333787,1.69571887152687,1.69676783747441,1.69676605916823,1.69707226404906,1.69577217313131,1.69333627969208,1.68987503840428,1.68568664285219,1.67993853425906,1.67416381728169,1.66670590099716,1.65809726971132,1.64769105863295,1.63695009899114,1.62583639608915,1.61451252915643,1.60025606631704,1.58776234967545,1.57342308048107,1.55977020150404,1.5441638059053,1.52800131546659,1.51100506815529,1.49095969622713,1.47014127603959,1.4445773672118,1.41542676647256
"505",0.131853883436608,0.146133328462761,0.155232673209759,0.161283432192307,0.170871802078206,0.176887759023208,0.180871996651485,0.182772624125829,0.185864720578824,0.188535774172329,0.189653870173319,0.191219835261663,0.192162503305716,0.191548746322934,0.189121415885403,0.18813852828526,0.184618729289536,0.182273317864042,0.177668652752192,0.173304537489258,0.167110043361941,0.162657014131763,0.155872768279414,0.148924989219929,0.142369273252591,0.136352466071461,0.128719750829492,0.123489971639251,0.114988275584803,0.110929705289332,0.105416180160437,0.0995243328260211,0.0929091632087132,0.0861199171906247,0.0789264553305236,0.0720451773063876,0.0635442803443453
"506",3.74786534574872,3.74428511721734,3.74277617440454,3.74257698570793,3.74047201904254,3.73931538173539,3.73898092569303,3.73802594583428,3.73669471304268,3.737546887503,3.73842908356587,3.73697028125917,3.73525577144055,3.73499475530067,3.73226650235721,3.72948708206099,3.72578976669973,3.72089940405511,3.71453286778825,3.7089927408521,3.70042383959744,3.69324685507885,3.68356516310556,3.67288533060399,3.66175647127507,3.65042127599423,3.63677218537734,3.62157940478872,3.60607974507661,3.58957374214467,3.57301234397854,3.55487603108622,3.53837360525962,3.51856101188844,3.49916250259813,3.47572656358624,3.45248895097577
"507",2.27851849058026,2.29779725911668,2.31358176106946,2.328423907126,2.34550757473138,2.36112611798065,2.37726127949614,2.39290066537085,2.4081468630752,2.4240199711972,2.43982364868031,2.45501659753834,2.46980004363472,2.48665582135756,2.50198553194261,2.51635924328469,2.53179606902243,2.54532273372919,2.55917322519538,2.57352826227606,2.58665648570613,2.59872682737237,2.61108960235041,2.6239461641783,2.63511491915038,2.64561352847583,2.65498787547844,2.66230366782405,2.67137507495551,2.67730895160879,2.68381530425674,2.68938823489422,2.69702341222385,2.70256273776948,2.70989241121548,2.71563419758828,2.7234662645134
"508",4.13238413802368e-05,8.31994077480555e-05,0.000140002549534696,0.000215159151424036,0.000352789726512121,0.000511780906902935,0.000709539912081117,0.000942187221905697,0.00127996786490374,0.00171285511071462,0.00220502162756362,0.00286932791560529,0.00368580816819499,0.00459460142876353,0.00549319748239999,0.00681609564220157,0.00813470114893004,0.00981766463363561,0.0114877205048652,0.0134731516830135,0.0152608567583103,0.0178019936257582,0.0201424797929933,0.0227434862180346,0.0252964681987866,0.0281403911556859,0.0305999074433421,0.0336262000989581,0.0351926883338765,0.0389419717816082,0.0421834463900113,0.0448627289770018,0.0472665795630961,0.0494724884524954,0.0512865059917589,0.0536826994257115,0.0543474453725561
"509",3.26962381146778,3.25749661118967,3.24766513476258,3.23996557453432,3.22858421305336,3.22071358666105,3.21335241829881,3.20566386308088,3.19693753607566,3.18934763711771,3.18219799515265,3.17322251501237,3.16340615379176,3.15536532248329,3.14654213337256,3.13571082792138,3.12472078920085,3.11258945211397,3.09951497210558,3.08652079009177,3.07294023451523,3.05793376143817,3.04189749576133,3.02503733471558,3.00889481203305,2.99187933590766,2.97350269647086,2.95508490433,2.93840162517294,2.9185548741696,2.89873859047988,2.87928405366137,2.86062241105527,2.83962314710838,2.81949625082276,2.79520124790492,2.77202081226024
"510",2.42857298538336,2.41651082198501,2.40869541922519,2.40605858450291,2.39623905524652,2.39361181958933,2.39231682724273,2.3924844719757,2.39207413952972,2.39238735095058,2.39432871966921,2.3971616706481,2.3997554762594,2.40568422849658,2.4130815251883,2.42012813160289,2.42913507129149,2.43902310988777,2.4501673943773,2.46246925008237,2.47758250382223,2.49211046584003,2.50916735419731,2.5276388933621,2.54681916935013,2.56466310443284,2.58412749614438,2.60221151675559,2.62349547521243,2.64207794180041,2.66210478406864,2.68205750407176,2.70404841023738,2.72607014262882,2.75057658382994,2.77707183494754,2.8068752660459
"511",4.40481163501029,4.38939241070071,4.37848625704242,4.37016480177948,4.35457928454307,4.34149210658358,4.32829425978407,4.31388154618271,4.29932997342568,4.28723597332855,4.27461590239045,4.25897771919472,4.24249627325593,4.22610914011572,4.20695965837799,4.18878252772992,4.16719392259235,4.1461925932597,4.12163371772232,4.097615820826,4.07092849930786,4.04684488052856,4.0185291355718,3.9878782989657,3.95927692034455,3.92972807946194,3.89830924588527,3.86737668588022,3.83557817012991,3.8045327867278,3.77306018969671,3.74148435745419,3.71025805802342,3.67745250931229,3.64495200490636,3.61016062270318,3.57655672791109
"512",4.29596350769336e-05,7.28559753984662e-05,0.000104687129382183,0.000138993680846235,0.000196349426457476,0.000251861889521306,0.000308215861099018,0.000361931171845811,0.000440020111664223,0.000530663834928721,0.000619111377420924,0.000738573702342193,0.000874355125545202,0.00100499678458993,0.00111394383613199,0.00130265550623654,0.00145406571758662,0.00167802705502145,0.00186489830452837,0.00209679857445502,0.00227954126825582,0.00260716682450395,0.00286980619985209,0.00316733251766731,0.00347860860142601,0.00384336027657904,0.00413299622330621,0.00457893156408273,0.00470781417072015,0.00534002380529207,0.00587151388918606,0.0063094740542549,0.00667459449307743,0.00702956283947838,0.00729653084338257,0.00774089199485593,0.00778235368817909
"513",2.63461916800075,2.63556713596255,2.63717514598447,2.64060503882006,2.64225372962486,2.64641188287545,2.65152494316474,2.6568797461514,2.66163952266614,2.66733937511949,2.67371904325136,2.67957997907424,2.68509669002606,2.69314454420337,2.70070905910145,2.70720741134043,2.71492227035519,2.72159063498085,2.72871165606519,2.73653917185062,2.74436561748483,2.75131230334068,2.75900272240376,2.76729626915038,2.77512619035666,2.78224805874137,2.78910410244146,2.79445332573052,2.80217035648254,2.80697086394147,2.81278355494099,2.81824408614452,2.82588385306665,2.83221376063068,2.8406867151692,2.84867532413022,2.85948990076469
"514",2.59481484218859,2.65121258420292,2.69538579213413,2.73210348980276,2.77732926027121,2.8121851831255,2.84676541559276,2.87893621577989,2.9098056880437,2.9410414523173,2.97060697364693,2.9975945992438,3.02381736181308,3.05123847706129,3.07456547437618,3.09680011149232,3.1193514303001,3.13806463000422,3.15639498099338,3.17493513319183,3.189358137977,3.20343630093862,3.21613270501471,3.22844317947692,3.23749420853342,3.24605411475976,3.25195525532653,3.25433293285015,3.25710527330481,3.25694253987403,3.25697548037114,3.25469172526697,3.2547182378401,3.251092940227,3.24844643461286,3.24234263004058,3.23717397216789
"515",2.47501479284497,2.48158924202041,2.48706352286526,2.49318219563811,2.49914941231277,2.50618235183691,2.51386702847766,2.52141575366631,2.52846770763289,2.53630030662775,2.54451051948625,2.55215701056758,2.55939771048606,2.56891378107096,2.57760664165334,2.58516215870421,2.59378980100944,2.60109475726364,2.60872079739166,2.6169459918498,2.62473262401315,2.63146656059978,2.6386948086339,2.64646763493033,2.65345375094006,2.65982251859804,2.66551145531251,2.66978921352209,2.67615386320954,2.67958302297842,2.68375886354773,2.68750204020575,2.69326312163446,2.69737050644056,2.70343710550692,2.7083085335038,2.71557985360299
"516",3.15658243248905,3.15516768799653,3.15569241281711,3.15828758162164,3.15883475114686,3.16165706810861,3.16574099303292,3.17000709290507,3.17361207396039,3.17874800942225,3.1845023133812,3.18897779616509,3.19323246076496,3.19990211759467,3.20539828546934,3.21011859234498,3.21557756567939,3.21973107557365,3.22387605150934,3.22882506309212,3.2326802755638,3.2365275266323,3.24014287415552,3.24383844754167,3.24694398480548,3.24950751263185,3.25125402718373,3.2510625456546,3.25249899101055,3.25161596230683,3.2516838884574,3.2508688038062,3.25240399522815,3.25213833679713,3.25367447674458,3.25429880963405,3.25741199876888
"517",3.16235209455806,3.1592303716441,3.16044428808582,3.16567787928879,3.166704767419,3.17178642824705,3.17886284980921,3.18698884997588,3.19448986858603,3.20368524280779,3.21395498117361,3.22351602578404,3.23308097084086,3.2456002105079,3.25731037025893,3.26888887523078,3.28164282848742,3.2934671694106,3.30567296659889,3.31887434301144,3.33142852833644,3.34450863431919,3.35783434591859,3.37137709968336,3.38404832914231,3.39575140399363,3.40715445250692,3.41574515606514,3.42569067049309,3.43383082574754,3.4430994967162,3.4508700185755,3.4611020904744,3.4699371522432,3.48049982822789,3.49186900953605,3.50560651294681
"518",2.31432815135745,2.310229168417,2.30474545303233,2.29984562386369,2.29320929045368,2.28904605510784,2.28446400617695,2.2791306817677,2.27306735004789,2.26711315795386,2.26129370514627,2.25479557127577,2.24720886047896,2.24104258049532,2.23463187920353,2.22618154746624,2.21764602247073,2.20862453427701,2.19881193542025,2.18900667171132,2.17959081971651,2.1683412780873,2.15681798783568,2.14524673316705,2.1347581505955,2.12361480117257,2.11161416047701,2.10113672909574,2.09190821356167,2.08143269835382,2.07083314025999,2.06122213389607,2.05212495349014,2.04204216488629,2.03333074161511,2.02301593743595,2.0137058407847
"519",1.97278568276966,2.00720546052999,2.03299019256006,2.05428500371189,2.08204433545671,2.10412251086171,2.12575432102936,2.14570522927047,2.16545638825039,2.18545945918745,2.20451019860085,2.22261596156623,2.24011447890171,2.25891799794031,2.27525008084129,2.29049739628846,2.30627187635405,2.31953844993763,2.33266882486355,2.34608545451038,2.35710819649909,2.36686057844829,2.37610679557833,2.3856301661388,2.3928172912734,2.39963661759352,2.40421509274092,2.40706748454121,2.41072006274613,2.41144896959694,2.4119745319548,2.4112278417812,2.41201594477227,2.40960994952025,2.40822530612384,2.40302726546972,2.39819639386472
"520",2.39296860998344,2.39824994175551,2.40057081117118,2.40211863468339,2.4047225086309,2.40746923239921,2.41004439519295,2.4116838342514,2.41277446600396,2.41432817764356,2.41582545234366,2.41633538177696,2.41607142689996,2.41736525545768,2.41759150007712,2.41595829225982,2.41457863188806,2.41171612440613,2.40834141948981,2.40510530011002,2.40087854644619,2.39490469452567,2.38831086951352,2.38159445258498,2.37442276640242,2.36677304831243,2.35723848645622,2.34767842350243,2.33908346016831,2.32789765780276,2.31627363898109,2.30443459160067,2.29329717126869,2.27932473741819,2.2659914076523,2.24819006386852,2.23016799054122
"521",2.88978607128214,2.86023104749781,2.83939702033146,2.82699097525731,2.80139459107262,2.78754674359368,2.77559101215291,2.76614942064588,2.75554138974525,2.74580830304104,2.73867065467952,2.73269041764357,2.72647331880971,2.72450180636212,2.72579330681561,2.72694910108145,2.73074083276847,2.73705459865797,2.74532325857804,2.7552425137853,2.77060752910157,2.78589115150911,2.8050937314102,2.82605384100243,2.84923051333917,2.8704686925267,2.89496122819284,2.91778540995862,2.94450606819743,2.96839052430139,2.99416042797639,3.01977626883883,3.04732069528481,3.0754771475245,3.10593263362306,3.13964310889315,3.17657734576188
"522",2.33498273191271,2.3832085276921,2.42660103504226,2.46789632644636,2.51172690197397,2.55021410888045,2.58964320080012,2.62830928760095,2.66545477758596,2.70261253019658,2.73874929286177,2.77345450642954,2.80729558885711,2.84299014067535,2.87549748874362,2.90724291517791,2.93991219014375,2.96924342063368,2.99871807222346,3.02823304012694,3.05508328061226,3.08124543999279,3.10720212639261,3.13299819404138,3.15549305669773,3.17654620550879,3.1961841281191,3.2115877355227,3.22803478341246,3.24138410074104,3.25541614666731,3.26720162368219,3.2813911010084,3.29328437050474,3.30670278609328,3.31977576182621,3.33492090011196
"523",2.61405035164461,2.63229312018591,2.64916266428454,2.66628960771338,2.6844177562975,2.70179621510431,2.72038037252124,2.73892996044065,2.75681002478601,2.77564707957396,2.79461463260388,2.81266916740945,2.83042175500424,2.8505550377243,2.86893445585344,2.88654881639428,2.90534699258555,2.92199115706143,2.93901804195606,2.95659805402408,2.97263279949844,2.98808610327205,3.00369866410296,3.01956561204736,3.03347678778092,3.04650053849618,3.05849933905633,3.06754010042845,3.07822396622338,3.08584422483038,3.0943033966282,3.10134698250519,3.11078048700476,3.11815692670963,3.12732031489503,3.13565667730101,3.14638409502162
"524",2.07547745845852,2.04292727559561,2.02523680501304,2.02289304161196,1.99920778317644,1.99451845573403,1.99403605127082,1.99973245378461,2.00534839250043,2.01210757732645,2.02349434554206,2.03992096762208,2.05710720422095,2.0804800197478,2.1089526402437,2.13969497039324,2.17430926322304,2.21227993438419,2.25278756313828,2.29435377278002,2.34150894525784,2.38755354806581,2.43747073921975,2.48811448686146,2.53749873518298,2.58253670726881,2.62974590747603,2.67214882579091,2.71703774336584,2.75745707586725,2.79851278298238,2.83752663385921,2.87761365420618,2.91726935670005,2.95836628533652,3.00220279830984,3.04825063763786
"525",0.329884479917645,0.366705410284323,0.402722355636796,0.440321072521632,0.480060179237417,0.5176794437741,0.556284060489461,0.595430552424945,0.636696150087175,0.678166958348725,0.718704692441906,0.761855911221402,0.804968410153821,0.848586070439678,0.889623827350701,0.934033536779135,0.977782055977852,1.02159149189139,1.06461048125063,1.10809550472387,1.14948993283072,1.1919656623009,1.23392824174954,1.27660114682564,1.31573120264668,1.35331528344314,1.3893580096747,1.4233471684584,1.45546434350803,1.48862650633603,1.52063413569039,1.55019277136578,1.58036816808076,1.60924826184873,1.63904833025715,1.67019219325319,1.70082906146823
"526",2.96063805490982,2.98087634388367,2.99558849112964,3.00689096009093,3.02341643502283,3.03560501147357,3.04791092370528,3.05860217896612,3.0686456380436,3.07988723170182,3.09046648051321,3.0986719984625,3.10638164567739,3.11545170891296,3.12155578295762,3.12609615080321,3.13061563722238,3.13207163212888,3.13270581380326,3.13354950714278,3.13066012043051,3.12683015923596,3.12087941271517,3.1140308357161,3.10485594265827,3.095407586672,3.0822501113873,3.06684568324081,3.05129411432374,3.03177899313054,3.0110517311147,2.98796373848544,2.96541588896784,2.93654089945255,2.90612612015983,2.86483525407885,2.81901546979213
"527",3.01607804833681,3.00973664394479,3.00747679557129,3.00926526641475,3.00642470355274,3.00830290404914,3.01193233089712,3.01660221747131,3.02059665816603,3.02603950964221,3.03268255414992,3.03885078716818,3.04492589381356,3.05403782308829,3.06292849330748,3.0713240486411,3.08113447211357,3.09028833494803,3.10006636525996,3.11082460568971,3.12180805352363,3.132743956203,3.14453116584704,3.15684121876795,3.16877260257406,3.17974274131896,3.19087462740378,3.19970294765008,3.21069864925359,3.21925458703485,3.22911622332871,3.2380903144439,3.24950005118861,3.25984291057582,3.27224642237925,3.28542195602442,3.30148998161408
"528",1.48133617001292,1.50319136303126,1.54203377861401,1.59604451262176,1.63343220715385,1.68181468811739,1.73502543425463,1.79265485893104,1.84860988852509,1.90360415766184,1.95913760005678,2.01658692496084,2.07254856598609,2.13126812963161,2.18840466630553,2.24569137236332,2.30414076249732,2.360021334106,2.41607386855966,2.47092953257331,2.52519766156702,2.5770743780302,2.62994152557477,2.68212253402521,2.72972660130691,2.77332305588743,2.81656942887479,2.85379962510799,2.8924309024529,2.92641319402327,2.96074411438689,2.99231125956292,3.02545940087658,3.05701525216979,3.0899236643608,3.1242017787219,3.16054798413118
"529",3.13384095739699,3.13245616989884,3.1303490717806,3.12813240259531,3.12604457300915,3.12446991623362,3.12315158961013,3.12088710333721,3.11779033091002,3.11585623121935,3.11388828491966,3.1097854507085,3.1049370984698,3.10155429896134,3.09642455908888,3.08917864694131,3.08162769162282,3.07192181428956,3.06104230685405,3.05005875191355,3.03674274423901,3.02168695435424,3.00450904034892,2.98594949091054,2.96646255332259,2.94613647364315,2.92234925976068,2.89756897116099,2.872797471996,2.84361407316858,2.81256935808595,2.77992102110034,2.74627925359384,2.70611234066092,2.66316792651129,2.6072848821212,2.54456927407035
"530",2.28715712518441,2.25129211201503,2.22018448560511,2.19510519774842,2.1555219486329,2.12721045006871,2.09759585580803,2.06802661319175,2.03585910945744,2.00171364419206,1.96814269115558,1.93445318946701,1.89749291456705,1.86127641435362,1.82869241248359,1.79305843171397,1.7559577474997,1.72384058687274,1.69037502890496,1.65659120042838,1.63377735084561,1.61029740898048,1.59212700909395,1.57652861285033,1.57329188136811,1.5684754159951,1.57397548582755,1.58791164686436,1.60877309638911,1.63406141941074,1.66321455419254,1.69842456069876,1.7342625424413,1.77805028161685,1.82587926362253,1.88460970943971,1.94727639385388
"531",2.1540630721013,2.1717573434053,2.18674569828954,2.20157141557203,2.21761553581679,2.23311415110509,2.24922938568978,2.26513969043785,2.28077100305826,2.29696183265142,2.31324415994419,2.32933970250748,2.34506349809465,2.36298524172977,2.37970997345344,2.39573346343386,2.412947556384,2.42862212447196,2.44476851232885,2.46148740960407,2.47747074101277,2.49245450093442,2.50808908100441,2.52440535052792,2.53914687924814,2.55306680414856,2.56623882623235,2.57735736743458,2.59036694494211,2.60036528994576,2.61103002556518,2.62082633772265,2.63268051678356,2.64283243159016,2.65493300332675,2.66623909446596,2.67986864178678
"532",2.50574552562267,2.4997517957171,2.49468605736173,2.49184991578869,2.48573517352332,2.48348586286806,2.48172049983619,2.48009229082026,2.47776855235385,2.47601992444639,2.47501273415541,2.47370311452529,2.47177323315388,2.47217297247889,2.47278187941482,2.47202335751432,2.47222468857809,2.47215277746555,2.47234607340997,2.47317530576933,2.47511374194118,2.4759069768885,2.47775470610708,2.48038085144863,2.48375841045404,2.48647437793577,2.48953665217419,2.49248630219102,2.49809578699619,2.50143290689685,2.5058220678689,2.51076554006318,2.51756627447296,2.52390738240817,2.53264301449452,2.54165008023311,2.55366240574363
"533",1.03786863284996,1.07388767586018,1.09529292655154,1.10796415748806,1.13115056624498,1.14511620350814,1.15573082828909,1.16216749510838,1.16958313127713,1.17636851800857,1.18049533394911,1.18367106600655,1.18550023016427,1.18558160929105,1.18180791811038,1.17720122546387,1.16935156457492,1.15985907254975,1.14663669531791,1.13253417999174,1.11273584185942,1.09179173281108,1.06485682508648,1.03523888734851,1.00282862815533,0.9699633020863,0.928622202206955,0.889139572582154,0.840507271429619,0.793634321994275,0.738796963746856,0.678899003392144,0.611973071601321,0.533627593325924,0.445716728664411,0.338528888661709,0.218890724768782
"534",2.8124062760749,2.79293453649647,2.77683228465039,2.76450940189097,2.74529918292634,2.73259516553074,2.72021096131594,2.70806835113635,2.69459929055971,2.68145447294383,2.66923145390204,2.65627750938771,2.64216781846642,2.63021303667454,2.61925716957088,2.60612119032387,2.59344254355955,2.58122611193796,2.56881044327064,2.55669427552816,2.5472834922177,2.53630378004984,2.52667332743212,2.51762227198917,2.51153368205238,2.50454015350085,2.4992484976845,2.49558377809512,2.49566192920536,2.49408765797559,2.49421007182016,2.49653570359238,2.50062395316978,2.50605553264906,2.51461539283924,2.52548052341711,2.54063240436863
"535",1.31592148116694,1.3539568335434,1.38315810299526,1.40824642709244,1.4392138949121,1.46461464389518,1.48912799134818,1.51199572746939,1.53550995867748,1.55894615184925,1.58119364353269,1.60373523876547,1.6257249107695,1.64854264214472,1.66904223379372,1.68982965068955,1.71066142018784,1.73022055189962,1.74942114354894,1.76913126789127,1.78692364512086,1.80431061944972,1.82137913890345,1.8391961259173,1.85484189088514,1.87006485535497,1.88349917203984,1.89592270142052,1.90825569724873,1.91968397554971,1.93066044366453,1.94037900533699,1.95132244999343,1.96017678163123,1.97024963618339,1.97893892930057,1.98785785049311
"536",2.48263072719615,2.49069952982324,2.50200006227833,2.51737407779846,2.52908680522321,2.54441700195608,2.56186284481444,2.58070763152099,2.59897350585604,2.61821624052965,2.63844871824085,2.65891299054305,2.67924168568192,2.70270646677206,2.72557637107566,2.74818142644248,2.77258464962705,2.79567427457493,2.81967558204559,2.84430035569472,2.86880041788755,2.8926269656338,2.91758647495341,2.94302750276191,2.96662959390191,2.98862457311676,3.01052485894597,3.02894198297742,3.04938421630561,3.06655442572577,3.08476047415638,3.10144758432343,3.12041390079148,3.13799791519642,3.15747288555929,3.17768343047571,3.20053922743043
"537",1.77834068498413,1.82964113522052,1.87612672314434,1.92103505134609,1.96817016823969,2.01031210340024,2.05320159447557,2.09549951223371,2.13674560338222,2.17755148229718,2.21721880987127,2.25637261620228,2.29456240471984,2.33446052831448,2.37148237422904,2.40799346720524,2.44552732923322,2.48001917851068,2.51482739038732,2.54953608997324,2.58223171865593,2.61360358844953,2.64538660973315,2.67735387715137,2.70580409783977,2.73252309058121,2.75812796003804,2.7796525880071,2.80271453863728,2.8220174290338,2.84190178879133,2.85984626575484,2.87996861061214,2.89806174871207,2.91791013507358,2.93750058400266,2.95940698395268
"538",1.59864999576605,1.61806883559537,1.62987151657517,1.6382240271119,1.65068390324038,1.66010212637667,1.66811695356701,1.67421188763305,1.68060177042159,1.68686945660242,1.69221187676283,1.69734059754769,1.70159712931556,1.70637413635013,1.7094861242158,1.71180340702948,1.7134565827086,1.71432751208726,1.71403950488197,1.71396868184388,1.71227687812483,1.70970619273551,1.7058499245402,1.70208804299143,1.69764236744631,1.69309408882179,1.68605401603725,1.68015986744822,1.67308011153041,1.66632325913519,1.65819367453267,1.64945333831466,1.64065710372735,1.62922399023243,1.61780906818979,1.6028180182272,1.58565009565538
"539",2.59338231013864,2.5663801672921,2.54595048615155,2.53254595670204,2.50734433869806,2.49272516461721,2.47915736149239,2.46735163894563,2.45433362205784,2.4416134516308,2.43096545440803,2.42136543461279,2.4111007943377,2.40438387611412,2.40082915451636,2.39669202962655,2.39463051841539,2.39533636155416,2.3976112797455,2.40138186179633,2.4110990003443,2.42052397719278,2.43404908609702,2.44969166355448,2.46862199226644,2.48599093683886,2.50716663868009,2.52822989525438,2.55364979480741,2.57689265409597,2.60215569325699,2.62826004303979,2.65618509865471,2.68553702806041,2.7176577960612,2.75354978506282,2.79311369171016
"540",4.08369495910124,4.07215740976358,4.065628669244,4.06245251414118,4.05350077575781,4.04765918174548,4.04284726369684,4.03788257292803,4.03282815906414,4.03042138346346,4.02832063868978,4.02416950739731,4.01994185334919,4.01721157614352,4.01232458289536,4.00882234166703,4.00393265177523,3.99936626979326,3.99309839092974,3.98827961305734,3.98112378718614,3.97740063792067,3.97128861207034,3.96448792395648,3.95840399988194,3.95222460436297,3.94498158894467,3.93652107363152,3.92714091347174,3.91975935937647,3.9131041523068,3.90486373467485,3.89894202109401,3.89174590200486,3.88577326806847,3.88091634247902,3.87751851483683
"541",2.78820368022408,2.76625757372871,2.74933647712908,2.73769482580018,2.71727810586656,2.70500795216585,2.69359727982559,2.68320794650526,2.67161198044554,2.66053037351962,2.65094757911789,2.64138195629087,2.63104101223022,2.62363062181758,2.61802956898196,2.61110570156884,2.60555609680554,2.60129325271631,2.59781156996129,2.59531894329565,2.59670075257722,2.59731983649566,2.60061100607282,2.60532841770487,2.61284980506574,2.61933981159849,2.6284812526736,2.63799441830633,2.6516454164744,2.66324808025803,2.67689362436907,2.69183926035169,2.70890652755953,2.72716998098262,2.74845948659721,2.7727255651093,2.80109789354278
"542",3.56052917943137,3.51736336835024,3.4865214109709,3.46663898624868,3.42721988001339,3.40293689826154,3.38081445472778,3.36194200838587,3.34133091808836,3.32183230515576,3.30561234252221,3.29056254118909,3.27521949493888,3.26485873327244,3.25946042385835,3.2548685029507,3.25331252055251,3.25658504634692,3.26237678242989,3.27060306993471,3.2869647425308,3.30470626416211,3.32733734215708,3.35171841344998,3.37966223649063,3.40479230102334,3.43429118120485,3.46127207376737,3.49116940590365,3.51924563929307,3.5489612010015,3.57730438098489,3.60696279614547,3.63704695922544,3.6681955210875,3.70353006927971,3.74018278749525
"543",1.3125063542687,1.38052189084438,1.44393693515374,1.50587020166278,1.56891765895574,1.62535487369674,1.68227374155193,1.73829248493272,1.79289689093187,1.84611041884105,1.89729854447385,1.94813404448727,1.99744815109347,2.0478389016639,2.09460560315892,2.14112046901476,2.18821437124944,2.23191925877483,2.27562477513326,2.31879601006292,2.35965584183725,2.39889411971114,2.43847154573556,2.4780800901745,2.51344489038152,2.54658411615665,2.57852945028868,2.60595618974823,2.63469943726073,2.65954212624344,2.68473915346644,2.70774954754095,2.73272887500972,2.75572740167823,2.78041505026952,2.80512530341445,2.83201451116084
"544",3.1925221392121,3.21876499759921,3.2486361262755,3.28157488000235,3.3115290464083,3.34124316679229,3.37334020848901,3.40596425645966,3.4371381080937,3.4695231792381,3.50165454787699,3.53213100239302,3.5621458113013,3.59422445272981,3.62286986183795,3.65218941071506,3.68147545218589,3.70844356089901,3.73460735115007,3.76124066725241,3.78419652051375,3.80915493971873,3.83223889173967,3.85431563039125,3.87356327022142,3.89140393735443,3.90738957746497,3.91898758662355,3.9287103292338,3.9393560598996,3.95024334163036,3.95751542854612,3.96695071361519,3.97417485910548,3.98184870423474,3.99110174784789,4.00047447231168
"545",1.42384136576352,1.51535964209182,1.58899929336092,1.65188455782271,1.72497544999257,1.78255391411351,1.83852372812356,1.89099994096105,1.94203139347258,1.99164521498043,2.03814371561508,2.08286388127449,2.1260732301572,2.16963139392227,2.20850466909717,2.24650815050418,2.28476970262082,2.31887325048791,2.35274798610839,2.38631311611109,2.41622266646158,2.44471136886412,2.47275208079757,2.50089118835492,2.52482026217345,2.54760498094824,2.56820060640608,2.58504841728494,2.60283037002135,2.6169934823252,2.63129120246208,2.64350921491376,2.65781818287933,2.66925691847825,2.68218031119484,2.69312483258779,2.70562488073278
"546",4.79714075950889,4.78325703298994,4.77529612441137,4.77103658104278,4.75654321698562,4.74470391825418,4.73279132365812,4.71989731502957,4.70798712401804,4.69955620184314,4.69060654604409,4.67940656740961,4.66812472052532,4.6568564930264,4.64248369797914,4.63314385295468,4.61960419809958,4.60960908738852,4.5959286634398,4.58483337391108,4.57104375656381,4.56578249583204,4.55628057530912,4.54583431517372,4.53828455006517,4.53107540789651,4.5234401873626,4.51586769900769,4.50342799836149,4.50024945717372,4.49735589602984,4.49149130340363,4.48742980494826,4.48328365925142,4.47902855208838,4.48019725922158,4.47955281819069
"547",2.87294785357293,2.87454599535262,2.87811817727484,2.88421941680114,2.88804170619792,2.89454966711408,2.90254349815929,2.91110727943019,2.91903590656079,2.92825717117081,2.93827603305099,2.94760607826703,2.95676811711246,2.96867517586135,2.97978073823141,2.99019067543141,3.00188236365897,3.01232118599884,3.02324454552982,3.03497527224524,3.04620082911305,3.05709942886818,3.06851097773706,3.08033347292074,3.09124619950955,3.10131980696849,3.11101769912084,3.11834117037084,3.12767439816713,3.13428015417941,3.14199186608468,3.14873604676755,3.15789076616275,3.1655571672152,3.17521285441733,3.1847884442239,3.19711643612447
"548",4.17337415469017,4.15273584356933,4.1388762795737,4.12988567884089,4.11139075969948,4.09847690266085,4.08648914861857,4.07471969718036,4.06255592501894,4.05279343678585,4.04369190583256,4.03280348061154,4.02158621978767,4.0121097063844,4.0016857550044,3.99253760093662,3.98220701798833,3.97336183876517,3.96313752381763,3.95451150354991,3.94577882220318,3.94042893692405,3.93398347427495,3.92736700989516,3.92315985227444,3.91859336857277,3.9147540100069,3.91044005619095,3.9064196040183,3.90463337032517,3.90432392179543,3.9032639519,3.90460015507667,3.90608989639684,3.90926847200261,3.9157969021205,3.92433709924416
"549",3.11928680818222,3.11556096749212,3.11103343446637,3.1063154113238,3.10147984510659,3.09738960407613,3.09331419647814,3.08811103887937,3.08195336444587,3.07677679838971,3.07146250693731,3.06384328709774,3.05524407380009,3.04784492259628,3.03871048845038,3.02694652396979,3.01449368602972,2.99971822482608,2.98328857092324,2.96628720127561,2.94672279740161,2.92457238329777,2.89950258798559,2.87218416010045,2.84374003258652,2.81382092371314,2.77911235517346,2.74348966909808,2.70649067678463,2.66372768055594,2.61683507690326,2.56698142603191,2.51273181849096,2.4476655659923,2.37415342425056,2.27605854003414,2.15682004245083
"550",2.23857065544819,2.25854105909615,2.27485576212743,2.29015562612748,2.30777979808514,2.3238414131381,2.34038533353406,2.35641580999918,2.37208123346364,2.38833848156938,2.40450096702845,2.4201044648577,2.43529289740092,2.45253275315012,2.46824366551453,2.48303117422959,2.49887814361342,2.512834552141,2.5271186338355,2.54190511559889,2.55548069263055,2.56799190977184,2.58081876403936,2.59416333127345,2.60579766960241,2.61675309341774,2.62659308244823,2.63438749095109,2.64392280107177,2.65034591420535,2.65732650231547,2.66337308980393,2.67146560630007,2.67748459119106,2.6852985392546,2.69157122765181,2.69991974354701
"551",3.10391782130817,3.11476562739692,3.12624959576708,3.13886752354629,3.15131198344786,3.16388264982929,3.17794070831163,3.19206182999215,3.20551605866707,3.22051754903415,3.23578764583686,3.24963902177126,3.26334319450813,3.27937858218344,3.29336662348066,3.30700117405686,3.32133670576403,3.33375941367697,3.34612217586252,3.35925745540017,3.37023183007842,3.38169324020929,3.39251073549362,3.40322138229969,3.41230013220062,3.42071558857962,3.42784192083544,3.4320271910269,3.43701360052971,3.4401423858833,3.44406511465435,3.44620953928171,3.45082824864337,3.45327560891699,3.45722402580421,3.46056819211187,3.46590199329085
"552",2.05899697515975,2.07546338660275,2.08314537717621,2.08584995031572,2.09463291983832,2.09912640382368,2.10192253227747,2.10200146214944,2.10172101687008,2.10134232815783,2.09964339428251,2.09612992865634,2.09125729966567,2.08630800149437,2.07873523826891,2.06827114591206,2.05616503733562,2.04126282818089,2.02370274168382,2.004865081936,1.98166367628149,1.95491608594703,1.92324207659038,1.8882394312149,1.85029058861804,1.81050321822843,1.76198887060613,1.71312196104232,1.65693481745643,1.59561671029909,1.52430796124887,1.4452861020065,1.35406539674855,1.24125042471935,1.10533158512398,0.917408741245099,0.669507813702269
"553",4.69147634911459,4.69669992382606,4.70830114149212,4.72368183675821,4.73345051151565,4.74299140010378,4.75385444289501,4.76410504202687,4.77614027433862,4.79253761232968,4.80796124845138,4.82131843359786,4.83540365303238,4.84904369860434,4.85644712463821,4.87128740573149,4.88062214030315,4.89224373357706,4.89864702417023,4.90765658941444,4.9082455972537,4.92067227862451,4.9247596953091,4.92629307481693,4.92686903043686,4.92797970924366,4.92468323528682,4.91958632279175,4.90263525727946,4.90082418527067,4.89690068179418,4.88609597040252,4.87631878181884,4.86432354742994,4.8498832440716,4.84080316861631,4.8255163681538
"554",5.08825845124339,5.0797031995762,5.07458298629972,5.07080869917982,5.05746004295428,5.0435153599826,5.02779826307906,5.00922963770585,4.99197663048452,4.97799455474137,4.96182336088874,4.94203302922502,4.92114561701052,4.89787464852635,4.86966649061165,4.8464409796869,4.81578487804087,4.78863767734896,4.75494265462342,4.72250179087438,4.68619729819284,4.65772144195902,4.62245490530945,4.58429556804319,4.55102546342775,4.51726430611911,4.48316107186401,4.45199720930124,4.41767962339197,4.39217786199769,4.36750293597541,4.34367126048952,4.32141510447838,4.302184548042,4.28500164085306,4.27517872207268,4.26807970238036
"555",2.47903582952786,2.48052901871528,2.48403570036321,2.49070882033896,2.49414579895825,2.50130812201209,2.50989853264051,2.51940013496369,2.52842500613279,2.53837614400628,2.54933535224653,2.56045874917363,2.57140200919575,2.58530340221358,2.59911923198633,2.61238786623299,2.62733431297844,2.64155695687715,2.65666648699427,2.67260360962986,2.68910278025513,2.70486184135944,2.72199018763852,2.73995629094701,2.7571166606885,2.77314297229297,2.78939276376088,2.80338863262134,2.81988299864473,2.83329843051732,2.84786281341848,2.86170442089445,2.87779014417446,2.89285121181276,2.91011225641075,2.92794076619391,2.94874135955912
"556",2.28082025323365,2.29513340189543,2.30181036082077,2.30413748451333,2.31198407335133,2.31610440945632,2.31894663004729,2.31937742234109,2.31928302566112,2.31933330960187,2.31830838757292,2.31529714730543,2.31105410795358,2.30711316046995,2.30066496701409,2.29123913701221,2.2806003130503,2.26697620271241,2.25110039678506,2.23411429750361,2.21301860684282,2.18838898243482,2.15939151425449,2.1273850364873,2.09250079126719,2.05592004941985,2.01131144853136,1.96586616776208,1.9145618057675,1.85729464197972,1.79119193231907,1.71801432618547,1.63416227024622,1.52987081225924,1.40443328263197,1.22890344849252,0.994247342012862
"557",2.2151946514519,2.22218661062596,2.22754645658207,2.2335008406582,2.23908989071374,2.24593615896243,2.25315211682161,2.26019107260444,2.26691621525937,2.2741743490695,2.28177571303491,2.28926487824846,2.29629731714368,2.30549156711312,2.3141457575175,2.32187238648559,2.33061331411896,2.33850528944432,2.34672632654211,2.3555907139632,2.36449785074386,2.37237532981413,2.38100660122867,2.3904233943388,2.39931240927948,2.40757294514357,2.41542111847985,2.42233592616595,2.43125745146648,2.43773213006173,2.44487491983416,2.45178653744188,2.46053341584615,2.46802590548845,2.4775581726418,2.48650571801375,2.49776249710703
"558",3.64579661661675,3.67118727670341,3.69270661390471,3.71129733789085,3.73410676591435,3.75134725661038,3.76912949689837,3.78520353392357,3.80091914330026,3.81879469532056,3.83560991626568,3.84943769394865,3.86311783873271,3.87766220680253,3.88765113909293,3.89848766155508,3.90793082729897,3.91511572976328,3.9204370027621,3.92672027373349,3.92744467225613,3.9310772361523,3.93099738620226,3.9297050558617,3.92621742252954,3.92287957641741,3.91605718442687,3.90640253464116,3.8943666671714,3.88321864647534,3.87164812249602,3.85681285028948,3.84402007039352,3.82713949526941,3.81017573822774,3.7896009202604,3.76806702698313
"559",4.99358118279836,5.00182772006655,5.0111069183205,5.01945509748675,5.0257554130608,5.02699151674699,5.02713469099702,5.02407760016068,5.02357501243443,5.02759368493975,5.02910714344275,5.02713601096024,5.02545728546469,5.02134582265597,5.00965282830497,5.00541666376162,4.99354714577616,4.98408303040855,4.96781005277215,4.95407820539064,4.9307165580588,4.91896035405288,4.89723836185766,4.87248873419114,4.84784497232824,4.82459250423533,4.79585961113515,4.76695012775361,4.7278433647741,4.70072027824263,4.67100065584579,4.6359121176446,4.60145818849814,4.56289067181567,4.52175466342317,4.47836973115768,4.42907096231539
"560",2.93741835745096,2.93317811138974,2.92923631293018,2.9263137228194,2.92196721500904,2.9196994721789,2.91788110783211,2.91562626639846,2.91252118686368,2.91038234230148,2.90858600558953,2.90532135256589,2.90136907155579,2.89931670267051,2.89635118096897,2.89146806042656,2.88689104250449,2.88085730505547,2.87432426263749,2.86801354241746,2.8608755495929,2.85224994848934,2.84298409276673,2.83335955839922,2.82369445204712,2.81341458457521,2.80163373217556,2.78937947990369,2.77877647303332,2.76496898550728,2.75123161696849,2.73743135565188,2.7247623199656,2.70948038170731,2.69519152395344,2.67676398563962,2.65927453434058
"561",3.83990471150559,3.82062477867446,3.80558445074303,3.79349885186863,3.77484796145729,3.76046498957147,3.74631463787143,3.73154145447781,3.71567372181325,3.70126025025755,3.68696834350302,3.67004851215445,3.65193070222836,3.63482550561722,3.61646596032166,3.59636752542049,3.57458584793114,3.55214020336184,3.52734128906778,3.50216005931448,3.47600318973028,3.44870829280004,3.41876709789709,3.38652101337787,3.35596175974974,3.32360488699799,3.28931593994072,3.25560220209781,3.22281613796188,3.18674629805197,3.14961946460914,3.11316486545601,3.07555494155165,3.03514959652813,2.99393274144447,2.94628040804136,2.89792555442266
"562",0.000682972449947846,0.000965173538681807,0.00121554462085003,0.00145142242749029,0.00180228990256115,0.00210271652731444,0.00236980558109904,0.00259325267463799,0.00291153303369789,0.00325047946121365,0.00354665434496089,0.00393969567582519,0.00435213076485891,0.004708001385334,0.00497118825048655,0.00546702831180639,0.00580588596459338,0.00634810560492794,0.00674672011714332,0.00724357550724948,0.00761085574739914,0.00832597257020214,0.00885795009701593,0.00945644631751983,0.010100303900592,0.0108432480916293,0.0114249359364754,0.012362674295978,0.012626133066179,0.0139643926509264,0.0150802775536062,0.0160196357369794,0.0168068426860739,0.0176060415267956,0.0182484643724129,0.0192949170022708,0.0195683336548613
"563",2.21317928736805,2.22602683475424,2.23601891306042,2.24563794052413,2.25643592602402,2.26701846789427,2.27792634283835,2.28840044470846,2.29857489062958,2.30930475746752,2.32013120462999,2.330601761874,2.34062459512485,2.35268486637527,2.36370629463774,2.37374520692149,2.38474794657643,2.39439036718988,2.40429157650459,2.41474994921268,2.42456792963379,2.43328959995106,2.44244608714587,2.45222848221169,2.4609405426038,2.46906825168874,2.47631110187342,2.48224864798869,2.48996772946023,2.49496682101189,2.50048168668512,2.50546468596963,2.51229970173259,2.51737411419708,2.52428984656828,2.52985122930523,2.53742330728603
"564",1.39441083950003,1.42435191424121,1.44278353209391,1.45486118954789,1.4747732763032,1.48814842401393,1.49928945307527,1.50741943360604,1.5161098594563,1.52449289407283,1.53112965081511,1.53709109275065,1.54200970391329,1.54654628740771,1.54829712055984,1.54911278264578,1.54834307256743,1.54608952999894,1.54174506644419,1.5371908069206,1.52909385831737,1.51989433649418,1.50756276293106,1.49432469300842,1.47930927254629,1.4642393866466,1.44421745327121,1.42552217605586,1.40278070689695,1.38078906035364,1.35511046385709,1.32720944335919,1.2969793037656,1.26063755412996,1.22071108757754,1.17034548957885,1.11074262379351
"565",1.54156245555363,1.62327616358087,1.69637620778793,1.76485742282211,1.8358921300465,1.89694028418796,1.9578189902117,2.0167952911404,2.07346533474478,2.12841595400363,2.18080818378769,2.23182308856511,2.28105673932822,2.33121347856821,2.3771723025441,2.42229307571071,2.46797222223752,2.50958014424924,2.5511334116175,2.59207539907784,2.63015806005576,2.66662537392336,2.70314775842535,2.73949680428495,2.77152482160363,2.80148898414771,2.83002467347765,2.85381225126566,2.87888343990068,2.89998453489576,2.92156443054466,2.94082959717837,2.96226875699454,2.98147479865096,3.00230407572497,3.02286586379547,3.04561994722333
"566",2.53265549071304,2.52401846516703,2.51400733379881,2.50418269366858,2.49253663232036,2.48331937798608,2.47329484583068,2.46199107906423,2.44950556791534,2.43691038295035,2.42408077988151,2.40962393443168,2.39348688635657,2.37802186365218,2.36180135608405,2.34214488301795,2.32118135945279,2.29882111962338,2.27413663993468,2.24809985073354,2.22110026004961,2.19031911529067,2.15662984099446,2.12024932016259,2.08442316965801,2.04634241160475,2.00406857248781,1.96375363152045,1.92135407703032,1.87584619564142,1.82594972605687,1.77546188422736,1.71961993111743,1.65727263774086,1.58893221080805,1.50603068639885,1.41119004266135
"567",4.29867628528935,4.27602293406963,4.25944205259222,4.24699171577784,4.22444052610185,4.20696607104705,4.18960578133277,4.17169256215753,4.15306183049165,4.1363990249908,4.11977504266651,4.10056578030086,4.08025770790816,4.06070429486188,4.03992304262541,4.01938977425949,3.99641634958085,3.97477812880261,3.95057553896501,3.92702613902346,3.90374897837062,3.88251000479523,3.85951712462108,3.83547307572012,3.81547980452958,3.79462943889427,3.77506170228101,3.75701845259238,3.74091231515722,3.72626507800024,3.71358130365135,3.7026551466586,3.69391993677213,3.68714978262184,3.68328809258821,3.68365262419382,3.68850952049565
"568",2.70907125559926,2.91650287868839,3.0936936330547,3.24731935612436,3.37208226011209,3.47544804329074,3.57317276838557,3.66318915300604,3.74294746335117,3.81756912202122,3.88608683621843,3.94881859986101,4.00760824520758,4.06493197117371,4.1137408353933,4.1635145173429,4.20966424325545,4.25187863779206,4.29021424704569,4.32785034661714,4.3576295512968,4.39218220715183,4.42102775875256,4.44681901691348,4.46829779204131,4.48793103964424,4.50362502005381,4.51432463211183,4.51732592454127,4.52770362451196,4.53668989571996,4.53936778728174,4.54328184545327,4.54446367727988,4.54402242796193,4.54718344525715,4.54639695310293
"569",0.942154786743988,0.944083338574767,0.941866341924668,0.939587922835255,0.933834006197514,0.930126992252634,0.924149874775578,0.916799099121993,0.910040563100291,0.90235653893172,0.894071660900299,0.88734035710079,0.879380609343539,0.871269863533013,0.863656543946878,0.857430914746751,0.849415824523517,0.845190322334571,0.839404004971905,0.834669152556584,0.832600432398929,0.832649268014648,0.833125038371381,0.835115070532843,0.840749244297115,0.846314405137066,0.853524012751683,0.865144531347897,0.875319479374932,0.8919554140356,0.908309802778572,0.925676016467852,0.942873832969613,0.962558927848938,0.983680217929414,1.01032753693387,1.03628760996145
"570",0.389705346985211,0.433051328680237,0.463619428184275,0.485887810283922,0.520185026522965,0.543767908025551,0.564415502645354,0.581180868139266,0.599917957716811,0.61832243532377,0.633806130000342,0.649249445217806,0.66399121349007,0.67670021139896,0.685068822308617,0.694892736244655,0.701585014449862,0.707549810458601,0.710412992812589,0.713403798330159,0.710858734410613,0.709678520446926,0.703886837286142,0.697316500747514,0.688148235008825,0.679770492452205,0.665623672382659,0.653393275273805,0.634082712556048,0.619835666579139,0.601268025362947,0.579625571162652,0.555711849118407,0.526704804862504,0.494355979220876,0.455088084924623,0.40771885206905
"571",1.20935258670067,1.19422462933913,1.21036999709541,1.25537288685787,1.26753058461702,1.30673494701301,1.35474232368872,1.41275238299514,1.46997298290696,1.52689260033833,1.58707509983904,1.65250236740229,1.7166877407894,1.78497841201454,1.85373701994827,1.92372282992213,1.99487889235837,2.06462164496195,2.1342245760551,2.20183279631888,2.27016491193935,2.33520343379286,2.4014680110605,2.46638844775713,2.52607068570371,2.58015342318312,2.63425199694749,2.68141517082551,2.72978161801364,2.77286609288983,2.81589231039742,2.85577167386237,2.89664571431688,2.93611647542226,2.97668260838967,3.01913797289612,3.06341596427203
"572",4.01315818377983,3.9999355121983,3.9903330835627,3.98294386596527,3.97062192367722,3.96081751584799,3.95136293613417,3.94107474525405,3.93027261404736,3.92157114233216,3.91277096003357,3.90125591878158,3.88903742848081,3.87770739142739,3.86415024793573,3.85024700921708,3.83439998417223,3.81794877749653,3.79906327909774,3.78052521128711,3.75945278815769,3.73923811152166,3.71571612856572,3.69024830429717,3.66551718608939,3.63989951243536,3.61173386001919,3.58312223761404,3.55413796043334,3.52339263177389,3.49166693674019,3.45904002317202,3.42629134414162,3.38961592964842,3.35188920557258,3.3069161431411,3.25991251989878
"573",1.69763855943894,1.71588792074377,1.72729080055205,1.73576196175427,1.74784969898311,1.75740632458156,1.76585347694327,1.77264429139482,1.77962558003485,1.78659106535471,1.79282481064484,1.79884346233721,1.80406724417218,1.8101064566969,1.81463701229621,1.81831653416763,1.8216737782612,1.82415671341658,1.82578818415265,1.82771711710675,1.82828555241508,1.82789545102947,1.82663070076793,1.82563030131966,1.82391213957157,1.82203088737159,1.8180347632155,1.81476727538418,1.8110181450976,1.80694788624687,1.80193434361287,1.79641525870249,1.79128120414528,1.78376416268905,1.77675030114713,1.76669322950147,1.75547687369011
"574",0.878128858869499,0.878018274179126,0.872954626384691,0.867136859638196,0.857775119682174,0.850100667622869,0.839440688692778,0.826755886472298,0.814361892253344,0.80056634218116,0.785666745635494,0.771760665534628,0.756014913368108,0.739179597586401,0.722588528691935,0.706684778615775,0.687817189904782,0.672849434034245,0.65524058858811,0.63803275547826,0.623569912397156,0.610986426406157,0.598043586195058,0.585954016742702,0.578973415821359,0.571940668775958,0.566942823505192,0.568143642324053,0.567635294811323,0.575223505021284,0.58265003229842,0.592300698845746,0.601301779663059,0.614187378748354,0.628523970659564,0.649890792912074,0.670514509185468
"575",1.43319380511876,1.44928488309995,1.45989417871713,1.46895554374282,1.47954452996773,1.48912085083874,1.49768630979002,1.50509927294366,1.51306147756032,1.52094463442588,1.52835337010493,1.53648352141149,1.54398361905242,1.55245616825947,1.56004400624524,1.56785951298586,1.57548308385558,1.58345393917821,1.59088419163945,1.59905139071142,1.60701323608121,1.61495208303186,1.6229120327222,1.63184726512923,1.64061841405298,1.64913779332232,1.65683212206084,1.66536581848436,1.67375589697449,1.68294480146901,1.69178247110812,1.70032860699009,1.70971723993744,1.71828275498363,1.72825515471582,1.73846764702344,1.74895192632071
"576",2.4278050966385,2.46297884106369,2.49071841211923,2.51441677490825,2.54405298955155,2.56796657837671,2.59204702923341,2.61469320872509,2.63663823309001,2.65917030834533,2.68087590291365,2.7009737690277,2.72052815433902,2.74171739660447,2.76009247980241,2.77725758844817,2.7951551217412,2.81000333187577,2.82483514221205,2.8399759348864,2.85230834079203,2.8636649675045,2.87440852825701,2.88517307650726,2.89335106633236,2.90102638308158,2.90656604838918,2.90936895272933,2.91331372780519,2.91382004816339,2.91458531225975,2.91375338619205,2.91501794006549,2.9130445980312,2.91231689718639,2.90817260849567,2.90526990576239
"577",1.15370155829013,1.20788236251923,1.24824393808737,1.28072454603098,1.32370483013294,1.35636733503738,1.38727535702281,1.41526393868116,1.4439795531403,1.47236274469411,1.49858908809229,1.52444299351131,1.54955454300316,1.574701107399,1.59631230511408,1.61803121349628,1.63920396110342,1.65825214161211,1.67641636738906,1.69486494361601,1.70986153294894,1.72438893884034,1.73756678382077,1.7511266993119,1.76173225801013,1.77226677063157,1.77971475945558,1.78624796447105,1.79153193489307,1.79621922888656,1.79968387081236,1.80132930647763,1.80373999998216,1.80275597835589,1.80205934168099,1.797619851242,1.79145744846014
"578",4.31378850530138,4.28376367459088,4.26086004228053,4.24313273483521,4.21183202207502,4.18764040912583,4.16318140825418,4.1382528358034,4.11179426946662,4.08646331952824,4.06115696548707,4.03307587987322,4.00294169628575,3.97330327451555,3.94364016837671,3.91290875802802,3.87941595114607,3.84812925718757,3.81407597353294,3.77986998851969,3.74954070476685,3.71986579312842,3.69043770070919,3.66036016699367,3.63821670411211,3.61439606483488,3.59604749495792,3.58195299919635,3.57356877042342,3.56703180332483,3.56465664393795,3.56716856711869,3.57216550575002,3.58295399987751,3.59801483762738,3.62162546184402,3.65084519239238
"579",2.01529220281422,2.01595761749736,2.0222191206817,2.03527833369396,2.04071397739426,2.05340701392773,2.06849747394132,2.0860977925415,2.10360075614825,2.12185871793346,2.14181939473707,2.16368388398871,2.18557299123821,2.21109746457001,2.23743027215533,2.26432673831384,2.29344964716255,2.32261931422855,2.35313031934838,2.38436755291791,2.41718626369416,2.44909086726758,2.48314718720568,2.51808015774224,2.55134968893517,2.58232695039682,2.61402199307169,2.64223644975104,2.67280817604879,2.69979622616824,2.72768125537902,2.75416448708817,2.78250449191222,2.81001089679334,2.83948628251362,2.87050314969684,2.90421118359761
"580",2.49317458602527,2.50495379745896,2.5107518187553,2.51323229074391,2.52015783691365,2.5242752625361,2.52764824740082,2.52908355326094,2.52989404517622,2.53114604139789,2.53166343678551,2.53020875419097,2.52773735975541,2.52607111916714,2.52215642241541,2.5155200131141,2.508252187917,2.49814196463428,2.48642899683322,2.47404919063288,2.45827874778044,2.43955642816766,2.41767274671234,2.39373768061358,2.36756896717934,2.34028349187349,2.30706417480143,2.27300826670306,2.23608603963556,2.19394903414782,2.14659422097747,2.09516926816557,2.03850958528339,1.96909194781964,1.8893813128607,1.78145871699202,1.64711102499352
"581",0.0869955844843453,0.103435664484547,0.116232672195175,0.126723197843003,0.142042481832122,0.153669947991037,0.16415745658388,0.173133791570923,0.183805946914732,0.194610279470324,0.204092975502969,0.21450269821347,0.224859133534237,0.234086057161368,0.241057060272266,0.250367244631969,0.257507255445377,0.265643217744904,0.271776153426089,0.278543889719806,0.282456330078312,0.28882526743412,0.292560331784474,0.296425786310591,0.299320156072361,0.302875242102413,0.30370254352573,0.306503014335394,0.304153760113185,0.307874120658835,0.309225538580065,0.30881102509015,0.307369954092118,0.304528938629739,0.300518715851452,0.296279297052613,0.287624328655389
"582",1.99309811139872,1.99310179880516,2.00201025263587,2.02038181430917,2.02830690132868,2.04568547984144,2.06643695514395,2.09074286549418,2.11483602630234,2.1396935752397,2.16657781737002,2.19578265344155,2.22498905387762,2.25815228379613,2.29210007870768,2.32675392980004,2.36375053050183,2.40044526908968,2.43845133897731,2.47682176492798,2.51656193658523,2.55506036032671,2.59559753930761,2.63658608947155,2.67513701935318,2.7107633381114,2.74694613220709,2.77869373625019,2.81257232343339,2.84243302030404,2.87306933207111,2.9018001871897,2.93229980266208,2.96174390019016,2.99291721758768,3.02570175309226,3.06097164768562
"583",2.59739295265014,2.57448416601153,2.5586231847726,2.55015020370904,2.53059765383946,2.52135262405476,2.51379395397679,2.50845929317413,2.50226102710174,2.49680916317005,2.49365686711791,2.49183058678631,2.48979952945135,2.49172806708896,2.49639381226168,2.50094809075981,2.50796787693053,2.51702037434841,2.52784131724818,2.54013486476246,2.55704012948992,2.57360464788397,2.5937030115776,2.61551499635178,2.63891042848834,2.66052546414205,2.68484720396544,2.70761645840079,2.73407956679162,2.75768165369974,2.78297411154091,2.80817798202271,2.83530924526336,2.86291384928173,2.89294780552511,2.92584954269355,2.96208890745241
"584",2.45845062366658,2.46913318970674,2.47530211048508,2.47939065164281,2.48650982261659,2.49200587234855,2.49720619463507,2.5010662053715,2.50437826544441,2.50823946169784,2.51174422991691,2.5138198541965,2.51512268812806,2.51777252574226,2.51871650919334,2.51759478096816,2.51654488823018,2.51331355672354,2.50933021767551,2.50530792864106,2.49921570548277,2.4911361496244,2.48166800321963,2.47159260545829,2.46024791624561,2.44841523345908,2.43349677314824,2.41803899222974,2.40270776998144,2.38399217184098,2.36391363061634,2.34271067391679,2.32138402847675,2.29511933247053,2.26780768100245,2.23176201176182,2.19218077631135
"585",0.235296835071072,0.278851448149612,0.315656848095969,0.348271739607194,0.390914487051945,0.425282958231074,0.458746565364409,0.490235534015119,0.524085880879338,0.558077228083148,0.589847627019546,0.622771975588899,0.655566745903192,0.687426509682883,0.715306584666834,0.746034139951606,0.774957209907116,0.803414605497341,0.83015881813351,0.857552916499063,0.880757508221745,0.905856342497821,0.928652495930809,0.952000125453476,0.97211672975531,0.992362012541584,1.00926822765761,1.0261303799147,1.03876220390012,1.05522630669658,1.06950673913928,1.08116853793355,1.09279838039694,1.10196998146356,1.11083385271445,1.11874798783038,1.12314642465699
"586",0.0203120913778146,0.0230902409034118,0.0268610739755777,0.0323724520709505,0.0370085033195591,0.0432495811306177,0.0505480985485905,0.0592937077271434,0.0698387173929645,0.0816223302222139,0.0946226644298586,0.110788214651657,0.128598704141973,0.148182333366141,0.168657722049321,0.193888126037495,0.219853008421162,0.249349135732542,0.279424535703096,0.311545302605803,0.344222320768987,0.380766181348651,0.417623691962559,0.456051725353279,0.493254699304375,0.52976118428876,0.565826835443198,0.601892758851945,0.633804381922115,0.671596743071094,0.707645348428406,0.74110946702783,0.774092764919625,0.807014032169615,0.839877368797891,0.876532812369837,0.910069287493635
"587",1.64138024987442,1.64978532326601,1.65126541690297,1.64970057161257,1.65042382746503,1.64966029679611,1.64677376347326,1.64149681999373,1.63609969012664,1.63008434225787,1.62289896808736,1.61500993714152,1.60552642342913,1.59564767846721,1.584218587335,1.57090716000842,1.55541580186904,1.53940751350107,1.52057718237486,1.50089243393126,1.47930961108491,1.45580294138693,1.42890068443092,1.40019085414475,1.37181616684434,1.34247957615556,1.3088579289448,1.27855431463395,1.24410092478671,1.21139152934743,1.17467213219938,1.13733796134423,1.09627047625873,1.05097452266964,1.00207453027517,0.945152306641299,0.880229660956707
"588",1.76116037529664,1.77882848293024,1.793951833832,1.80954493040834,1.82526503599075,1.8412600420867,1.85767161040768,1.87408984384448,1.89067337761781,1.90758452459684,1.92464032717368,1.94241681468306,1.95986233157343,1.97941345221186,1.99820229241367,2.0170290128305,2.03695238424538,2.05622530169183,2.07599380975118,2.09647353803523,2.11690577781847,2.13664154995033,2.15739652698732,2.17916457782162,2.19954450947247,2.21893262907127,2.23798772554773,2.25535688709033,2.2743441317828,2.29107451342122,2.30830589432295,2.3247139700514,2.34289506072086,2.35991780340122,2.37892839148177,2.3981758461221,2.41954574076393
"589",1.73076319423861,1.79416132110175,1.84701923090613,1.89420741899399,1.94787575125933,1.99229489560777,2.0364430055992,2.07872701957946,2.11998602501604,2.16066123367636,2.19952005637878,2.23724002767109,2.27391287487608,2.31177597551969,2.34610553123488,2.3796759421539,2.41397526970343,2.44481970985875,2.47576713142278,2.50664816624133,2.53477230045829,2.56160252200697,2.5884023821472,2.61540673580027,2.63880934524015,2.66097895402476,2.68148515128865,2.69833133469574,2.71648209394024,2.73100298323295,2.7459254737021,2.75897663664462,2.77421013650857,2.78696960892847,2.80138843202806,2.81449789948091,2.82959510219005
"590",0.0882103419425891,0.102783757702882,0.122661981818469,0.149270290633602,0.173905345781761,0.202951258804054,0.235778120783125,0.272503382770222,0.312527989868621,0.354239288964145,0.397127302929287,0.444689218083016,0.493363785829539,0.543718451534582,0.592833848798987,0.646917678747033,0.700716880712856,0.755685382255848,0.809992617768162,0.864687026831253,0.91789179159404,0.972572240895819,1.02680715179926,1.08145759553945,1.13198552043993,1.17999979567872,1.22671718931262,1.27062218168997,1.31195570318566,1.35476573730331,1.39603657761641,1.43427619888619,1.47268982994708,1.51009719130051,1.54816013613411,1.58857331711648,1.62810353511185
"591",1.41896521511048,1.4446148592248,1.46039102373019,1.47108187535091,1.4879227662794,1.49973787889069,1.5096114647724,1.51692977513903,1.52477696721279,1.53236414311143,1.5385285708447,1.5443331092743,1.549173761133,1.55395552863857,1.55645208661127,1.55824633553273,1.55878056189437,1.55831542277776,1.55613389863747,1.55398450283492,1.54921197305986,1.54363071104016,1.53577755114681,1.52757092228749,1.51820464580038,1.50884100676718,1.49580560162451,1.48422129403422,1.46987150681105,1.45657063723481,1.44080431135366,1.42374793455888,1.40562461183414,1.38353785982943,1.35998660592107,1.33037005632604,1.29564502169197
"592",2.68709578165156,2.66950400631338,2.65406213290018,2.64154877566078,2.62314685729673,2.61044200966635,2.5976512093653,2.58467562581171,2.57035406886845,2.55610112143476,2.54244616979361,2.52787534210111,2.51190012458804,2.49761090714989,2.48400520564311,2.46779823338535,2.45150266949239,2.43538564587618,2.41847158062113,2.40140179911271,2.3865087961221,2.36948914105593,2.35300580519642,2.33650978253608,2.32299310196493,2.30842467367835,2.29482195829081,2.28367098016005,2.27555092985061,2.26621550287683,2.25796847717271,2.25231300833613,2.24771738279027,2.24442799403951,2.24393458570674,2.2451714136639,2.25014934762358
"593",4.45959408614919,4.45736445528619,4.45774593584919,4.4590067192186,4.4572545035914,4.45455718903893,4.45196728633258,4.44776199047869,4.44432941509124,4.44420789349527,4.44313469199036,4.43903710307993,4.43489101363047,4.43058557594873,4.42172967112495,4.41591864393124,4.40626476881556,4.39698299428075,4.3838815491495,4.37229524111444,4.35498024575133,4.34333625089512,4.32593504388436,4.3064925215368,4.28705560429537,4.26798204613614,4.24529038441301,4.22159414232108,4.19360844785914,4.16972297077631,4.1447112018187,4.11660346022661,4.08960200875966,4.05880458359398,4.02701267654414,3.99137184091725,3.95327872748671
"594",3.47915642710215,3.46892594893577,3.46040375906963,3.45320145151047,3.44331647841831,3.43569078731867,3.42838383683983,3.42029492826311,3.4112582391826,3.40358798927776,3.39599093650655,3.38597658597454,3.37506421918032,3.36544523493633,3.35422411043988,3.34097713087324,3.32682620745763,3.31100544898835,3.29345267466417,3.27564181067983,3.25576157593675,3.234295530797,3.21018503468444,3.18408148170605,3.15782608483809,3.13026287552703,3.09926954963592,3.06764321663379,3.03585673423042,2.99953582318641,2.96091284169898,2.92085946312421,2.87877892958679,2.82988381498004,2.77709877932612,2.70972535184542,2.63357464650211
"595",2.28413450365957,2.26523773336892,2.25039055021336,2.24085219622714,2.22230626909472,2.21215214196048,2.20255441880552,2.1940953231568,2.18480445291801,2.17565091845197,2.16804372542003,2.16149732012598,2.15425411782488,2.14996770100207,2.14804334679007,2.14560275461077,2.14470552877121,2.14608992080829,2.14853980737678,2.15227198568035,2.16072935171485,2.16883848420918,2.18022762308162,2.19356628632152,2.20966082722239,2.22454751017992,2.24241989538226,2.26074236764621,2.28271071895532,2.30325360091695,2.32545683667765,2.34861919452969,2.37348942770805,2.39969308612264,2.42869702335423,2.46115632924132,2.49706112737839
"596",1.91226086542932,1.99096384264172,2.05096680721756,2.0996316265628,2.16021080255533,2.2059671882248,2.25027052143279,2.29108225205379,2.3306374562075,2.36959751994093,2.40598349945537,2.44004349727389,2.4729719705305,2.5065505135456,2.53566538351357,2.56344003696537,2.59157093885549,2.61543932005903,2.63905332743949,2.66258905271898,2.68205273594396,2.70023337065561,2.71745158430344,2.73459299871676,2.74789654897438,2.76062671624304,2.77056907907111,2.77714449321429,2.78444662589237,2.78803089520095,2.7915742962415,2.79300504602062,2.79649299423723,2.79618450449235,2.79689988923333,2.79353385519813,2.79086990526116
"597",1.41446999268474,1.74027743035734,1.98414397043777,2.17820485677953,2.3491682023379,2.4798557671601,2.60000145996416,2.70837539069184,2.80461100513911,2.89273324864757,2.97275332705522,3.04635379416923,3.11488562572693,3.18185382266121,3.2407101753354,3.29751486044322,3.35288230768751,3.40198408017218,3.4493101569669,3.49502323851214,3.53515930720092,3.57496253929192,3.61257235319159,3.64839203278259,3.6790099954744,3.7071357521199,3.73275902316739,3.75241483053224,3.77049259982003,3.7875880060597,3.80471589350892,3.81780204500912,3.83295238212377,3.84543544367826,3.85834647542488,3.87227327573476,3.88649919525479
"598",2.9012498188235,2.88765101115707,2.87599106498131,2.86673550617701,2.85314519924464,2.84401312877672,2.83515477630055,2.82609779523079,2.81588311417933,2.8062548863587,2.79720284000945,2.78690224543281,2.77555775004505,2.76608517436392,2.75661804209471,2.74480713695872,2.73313885702195,2.7208473079858,2.70792115909053,2.69501297552547,2.68287872277948,2.66882825255112,2.65473084676911,2.64037016991062,2.62755413666683,2.61383901497874,2.59985803488564,2.5868293389926,2.57630363591896,2.56327392959047,2.55085358648874,2.53980221026217,2.5298412690555,2.51925194344861,2.51063196388453,2.50081523748765,2.49369067410752
"599",3.04003827187121,3.01105422565271,2.9885326627054,2.97216606230649,2.94472107111413,2.92680187847549,2.90967319272341,2.89362938652194,2.87595380130801,2.85867127801262,2.84296562225373,2.82694136678015,2.80980751771065,2.79553560559191,2.78356272567666,2.76990320745564,2.75738983247359,2.74674482386669,2.73674951046682,2.72768694407003,2.72379432210509,2.71917252867243,2.71776622166428,2.71790890893248,2.72240283208666,2.72574672566464,2.73299808248757,2.74141856613819,2.75485404761042,2.76654968421972,2.7808528226002,2.79719965391799,2.81572240293254,2.83641558126082,2.86043416773954,2.88863558649353,2.92140396290032
"600",2.69752536823926,2.68209836546251,2.66775757840292,2.6554046931269,2.6384774212554,2.6261518896568,2.61346741595435,2.60015627558242,2.58546933496629,2.57078167942908,2.55635273657615,2.54057133221596,2.52319582828915,2.50704806711722,2.49098917259515,2.47180228258171,2.45191915448348,2.43149910583679,2.40952810210718,2.38677987819206,2.36496787553076,2.340181257376,2.31445360696607,2.28750026690128,2.26282326097487,2.23658725452579,2.20947301350993,2.18498505388448,2.16197642927785,2.13722858893221,2.11197181020082,2.08893667079343,2.06520442400016,2.04116595744864,2.01815442030707,1.99345804963807,1.97004471636026
"601",0.0187236316085191,0.0269973136476117,0.0356266449166414,0.04477534852179,0.0576792969529834,0.0697323554164245,0.0826227543569369,0.095903929711155,0.111487368218939,0.12829314108722,0.145023587403584,0.163768664438757,0.183536720396263,0.203395190567484,0.221541346420796,0.24323049200979,0.263868992959085,0.285778578209536,0.306616056021289,0.328623407288555,0.347892022360795,0.370286932635715,0.390777177819163,0.412003680941376,0.431190374633604,0.450772044831197,0.467823735696261,0.485696749591481,0.498307582685967,0.517162932491241,0.533727768277648,0.547722712536962,0.561128103318504,0.573104503914216,0.584296119084015,0.596432344921778,0.604077864288241
"602",4.03799452551361,4.01950154403441,4.00704981003767,3.9989280252304,3.9827700304933,3.97162366185703,3.96143849528402,3.95138826128873,3.94085544011588,3.93259335338927,3.92495257711103,3.91544656651014,3.90558925075424,3.89750509070446,3.88832765197925,3.87983249299333,3.87037127989267,3.86169400930261,3.85172484489865,3.84308090191298,3.83391689166806,3.82727924993597,3.81944649654543,3.81130608246172,3.80504479260475,3.79842273010277,3.79203829413729,3.78509575894657,3.77885509545252,3.77371304734983,3.76994812889853,3.76569475077765,3.76385517770743,3.76181443332859,3.76166241496379,3.76374288666556,3.76839497654772
"603",1.53112929211401,1.62329339500341,1.69742607056311,1.76070689099467,1.83384765471907,1.89146454769445,1.94753419238408,2.00012060537813,2.05103283630647,2.10053361522344,2.14696183592491,2.19143182071261,2.23436815874279,2.27775148179497,2.31644831944318,2.35413753509603,2.39215916402756,2.42590787481046,2.45946661604725,2.49270160649302,2.52227056923095,2.55041141060026,2.57810537227692,2.60583183812695,2.62936545813879,2.65172301093721,2.67192759368035,2.68823484422218,2.70556079462158,2.71915773576635,2.73297972524623,2.74469131195099,2.75857711818755,2.76958481320262,2.78209584018428,2.7926746763408,2.80493382860921
"604",2.43779308532805,2.43937954581228,2.43659179467205,2.43171846538146,2.42874954058383,2.42519280140076,2.42054702406692,2.41397603176489,2.4065237674674,2.39909021462305,2.39095172063281,2.38085767708069,2.36923956643936,2.3579690511031,2.34491945348888,2.32841419276042,2.31039462941328,2.28991466295342,2.26678620532562,2.24210993983993,2.21430387939735,2.18231312076515,2.14577594911756,2.10550090691708,2.06335929076422,2.01856418835576,1.96588637602045,1.91311804341941,1.85421268459052,1.78904323040189,1.71408544873833,1.63243005595824,1.53771491984384,1.42228400514594,1.28326990621401,1.09208890474706,0.8382359939043
"605",0.920350349102793,0.949587396963461,0.96714145034566,0.978284906069602,0.996735674123674,1.00859193872204,1.0175143334378,1.0230761266369,1.02976811223502,1.03587932527743,1.03985213597354,1.04372662194419,1.04646692326707,1.04791243159599,1.04647147986545,1.04519700368671,1.04118960007049,1.0369767193995,1.0298188936857,1.02254009782863,1.01169743390406,1.00107346303028,0.986615383280108,0.971233524257382,0.954921249304391,0.938835644636034,0.91803221611586,0.900120054555012,0.876541028917943,0.857241875995821,0.83408378597602,0.809168695302826,0.781750956118678,0.750236133727762,0.715823658196791,0.675268489500929,0.627233583779507
"606",1.59949522080366,1.62320377092852,1.64117990328032,1.65725780010029,1.6762285221128,1.69294977962635,1.70924911457877,1.7245945675703,1.74030260901252,1.7561427522852,1.77151176714355,1.78726688041769,1.80253613814256,1.81920393055091,1.83449576704372,1.84972219567975,1.86539834086851,1.88026610589054,1.89508371719899,1.91052678471889,1.92511152462873,1.9391133605813,1.95335854459735,1.9684801172355,1.98224819377148,1.99550544521729,2.00767433633056,2.01906087107876,2.03115745084969,2.04197902225961,2.05277817154009,2.06280833019492,2.07424101145622,2.08411447343381,2.09557857634795,2.10630406275881,2.11808888026736
"607",1.61531226984953,1.63512807380333,1.64978441274487,1.66297970694728,1.67830979161547,1.69218418645267,1.70560253199307,1.71814629208394,1.73104392090606,1.74407073429543,1.75674949499692,1.76989797993247,1.78254753951752,1.79661697095933,1.80957098847071,1.82245566759143,1.83574764496994,1.84853120833314,1.86123503101012,1.87461045082126,1.88744246528922,1.8997588893824,1.91238749726991,1.92594383965229,1.93850821911781,1.95059761735624,1.9617723485444,1.97250476241071,1.98394496981751,1.99440676398953,2.00486165853634,2.01472458813904,2.02592051814512,2.03577901280021,2.04726417444629,2.05828441933475,2.07036815454366
"608",2.88452967249267,2.90656033440928,2.92644267702224,2.94563816823788,2.96692784967868,2.98597413071272,3.00617563223649,3.02594862372416,3.04492524706454,3.06508731419086,3.08507591625034,3.1034969565662,3.12161441481589,3.14184486943714,3.15958131513728,3.17668747387723,3.19454077941115,3.20990103538644,3.22523672430462,3.24114674594453,3.25450590161085,3.26790417284254,3.28064895283078,3.29328081540869,3.30375015004981,3.31353049998094,3.3217348685391,3.32677865957074,3.33271329310588,3.33624194794658,3.34045126570376,3.34280966872193,3.34761867572596,3.34994112479021,3.35373226748597,3.35627412696112,3.36072873871554
"609",2.1516048717444,2.28874842739209,2.41455482679664,2.53100660112554,2.6351063180769,2.72432708306032,2.81136976296496,2.89397768984418,2.96915687427953,3.04013168842463,3.10659013692524,3.16895283284422,3.22790199064507,3.28688137197139,3.33958207333537,3.3911185157849,3.44180383070177,3.48745608342219,3.53165739474017,3.5746951253878,3.61292677468055,3.65134138779256,3.68773018243846,3.7224001940126,3.75239361306434,3.77987260414433,3.80511319474686,3.82456453940573,3.84219191329724,3.85942545891675,3.87668137901309,3.88983633233786,3.90495511620963,3.91758856813244,3.93051528346164,3.94492707284498,3.95936921550586
"610",3.47564052512689,3.42204355396681,3.38484733070076,3.36288084803891,3.31450812825707,3.28682457194961,3.26258461155203,3.24393274211189,3.22350798959615,3.20439649201273,3.19044557271131,3.17995181644726,3.16995677378152,3.16715576118646,3.17210894684884,3.17943496353945,3.1916056399957,3.21029642574997,3.23264113773645,3.25752796301094,3.29186730167279,3.32708109630609,3.36734724474565,3.40837528942034,3.45093513928976,3.48880299151367,3.53016054343309,3.56663379069059,3.60442269308553,3.63973230892327,3.67568418304278,3.70862860048616,3.74217363127298,3.77520573384501,3.80830180747326,3.84527219516978,3.88222355581963
"611",2.02229479241508,2.0462917814806,2.06856526246808,2.09158450157165,2.11494854865228,2.13788123411913,2.16190834499793,2.18619061299088,2.21013888090713,2.2345147466816,2.25897031730158,2.28357050829212,2.30779146871674,2.33438608024901,2.35961062501128,2.38449235509072,2.41077658698255,2.43531129637794,2.46049818086968,2.48613438222373,2.51099692552684,2.53484192702762,2.55957717038679,2.58493367153248,2.6080273799125,2.6297888962931,2.65097374612191,2.66912618168123,2.68919314434896,2.70588994475865,2.72333001141945,2.73944258750812,2.75769786221988,2.77433756041365,2.79293421438159,2.81145902276101,2.83249440974262
"612",3.73788459200226,3.7120144948315,3.69377907850302,3.68169578488603,3.65891755934037,3.64423262933965,3.63090817338743,3.61866175572905,3.60538652165384,3.59380726534621,3.58367743200344,3.57255353495208,3.56098484446041,3.55221384383715,3.5442446617336,3.53618395993222,3.52865826421763,3.52256026965653,3.51654741784292,3.51196486537189,3.50973602609333,3.50885766330008,3.50920584826742,3.51023826981229,3.5139586620275,3.51681224966927,3.5217293746609,3.52596729958274,3.53280036880032,3.53920225256901,3.54763460217848,3.55608646409309,3.56696746266319,3.57842161794194,3.59213127194126,3.60914772588614,3.62921351211633
"613",0.56487363411111,0.593960897328365,0.611668158658955,0.622842060178215,0.641475100883252,0.653055771730309,0.661388620890536,0.666144647827545,0.67237603868704,0.67794222593492,0.681066704730703,0.684272817312473,0.686364415441577,0.686471986599791,0.683440164585539,0.681292214971132,0.675664877734618,0.670397778383121,0.661655310692387,0.652796810870136,0.640045492341167,0.628382809406423,0.612317260998306,0.595193055042358,0.577436945743787,0.560140134551837,0.53822569343466,0.519745103874227,0.494860077056766,0.475791624866585,0.452915218002351,0.428527428401343,0.401771192023026,0.372113272822499,0.340167446003302,0.304390939935752,0.263367512227865
"614",1.63707596707033,1.65143074853642,1.66642324066915,1.68459728213681,1.6996269476374,1.71758716411039,1.73673879572972,1.75699602116761,1.77755810463672,1.79849662028661,1.82010786423946,1.84333716510244,1.86639619661154,1.89207387310391,1.91757094852612,1.94378045788913,1.97146588319633,1.99899760310964,2.02735232296962,2.05643052780213,2.08617683336679,2.11527201274267,2.14593838436689,2.17765360920161,2.20763079047366,2.23591526236592,2.26437352634134,2.29027538215369,2.31795759516645,2.34296911666549,2.36854234293809,2.39292804243105,2.41902987570605,2.44423473380154,2.47143390465052,2.49975608540271,2.53040837851191
"615",2.82850450802582,2.81641866917269,2.80651278306081,2.79934908495706,2.78777133605449,2.780842952866,2.77444814949588,2.76816009211299,2.76086973141068,2.75427928292127,2.74847028710533,2.74180277313495,2.73434434230246,2.72911924472257,2.72410237625332,2.71724636854903,2.71104087709766,2.70445573495201,2.69779262881409,2.69155951194839,2.68643882797617,2.67994736208828,2.67413668259695,2.66869316627386,2.66457586483567,2.65974738693352,2.6552488123318,2.65106262774613,2.64976448797773,2.64605152556209,2.64347288911406,2.64191185295294,2.64213416312088,2.64202925000061,2.64436588925052,2.64672513835396,2.65240094639302
"616",3.0149142262331,2.98742401184839,2.96576100678959,2.94971812414325,2.92342443642299,2.90602206649054,2.88925573212692,2.87333109611061,2.85578426032647,2.83857898189017,2.82276094303601,2.8064305298218,2.78890124016699,2.77399064253782,2.76106433965599,2.74620519383411,2.73221781282221,2.71976170645781,2.70765017632259,2.69624295748771,2.68951225330476,2.68177856865902,2.67681427923245,2.67314549898283,2.67377506680845,2.67332893800212,2.67646452814601,2.68115455030275,2.69078142972421,2.69880491346801,2.70938548746212,2.72233796437199,2.73744639747602,2.75484616075412,2.77571877275301,2.80069164444255,2.83044928588744
"617",1.99963774217428,1.98923602788625,1.98226121882664,1.98049305440098,1.97092222540318,1.96883493252466,1.96765553573745,1.96794133382044,1.96801139202457,1.9684474875764,1.97047235264145,1.97426142813133,1.9777970579253,1.98450604342123,1.99315727342584,2.00219973950762,2.01307275604304,2.02585646424626,2.03990707406624,2.05529488042906,2.07428674131614,2.09306007484793,2.11472613057301,2.13815979676529,2.16256040549307,2.18546672767987,2.21035662015543,2.23432617123304,2.26109365752016,2.28594839448454,2.31193683911982,2.33784164326235,2.36537257599066,2.39331553649503,2.423652609895,2.45661401367073,2.49244752313666
"618",1.58067482641276,1.61111413152763,1.63103346164491,1.64528191386183,1.66689382958648,1.68244318513302,1.69635923065873,1.70774904480756,1.71949110885957,1.73113604585256,1.74137243952104,1.75092099247293,1.75961426624296,1.76857636105949,1.77499185616039,1.78041135019538,1.78508925632171,1.78800680773544,1.789635608234,1.79131070521112,1.79003606580039,1.7875749134247,1.78312679991605,1.77839464635148,1.77181607085053,1.76520487640764,1.75481476073316,1.74481687976132,1.73286581268163,1.72031705983659,1.70558757280917,1.68925670684675,1.67231824237621,1.65067836017863,1.62765006744882,1.59721753620801,1.56187560022664
"619",0.587456023118293,0.632538552906052,0.664413025151428,0.688310073145195,0.723211971707696,0.748020279487128,0.770120501484792,0.788668594641367,0.808977305802471,0.828944164657278,0.846296277564049,0.86378490482988,0.88058347323326,0.895990930676516,0.907524400030048,0.920366664662661,0.930809592521818,0.940555053381371,0.947869650089268,0.955514961731112,0.958606847842859,0.962786272206088,0.963520297014553,0.964069527030755,0.962260002219514,0.961073750574352,0.955230558486623,0.950886273947641,0.941165945012307,0.935566973642629,0.926693740664593,0.915322376381651,0.902669560112928,0.885895126496872,0.867077760836521,0.843195629530847,0.81270034536666
"620",2.1797530733338,2.18597816831669,2.19058203451729,2.19583888221857,2.20053603252897,2.20666539831699,2.21309383908236,2.21933631081321,2.22528658475346,2.23172296044219,2.23850980438153,2.24525846160036,2.25152827973136,2.25992731168063,2.26787906294813,2.27492793431001,2.28294908740703,2.29026662928186,2.2978879205593,2.30616366914326,2.31462447945713,2.32207585177788,2.33031996677681,2.33939050371512,2.34807675837571,2.35614550551552,2.36387940269441,2.37086222565107,2.379829060824,2.38651582222083,2.39385607198353,2.40105047812325,2.41002653220445,2.41786604191122,2.42776253259475,2.43722434015771,2.44897165007115
"621",2.42666297645564,2.42638963346474,2.42828140515942,2.43355350141917,2.4351170784523,2.44086513256766,2.44797181290525,2.45604251447339,2.46366540302089,2.4721526940276,2.4817231455227,2.49162364479086,2.50133293060508,2.51402834186364,2.52688359767481,2.53922872673106,2.55328337546403,2.56687598277877,2.58140585600918,2.59680734019807,2.61312061544395,2.62867861544829,2.64579094047858,2.66385442171193,2.68133670232464,2.69767028434416,2.71442571088315,2.72913088357206,2.74644310608472,2.7607412663823,2.77621042051519,2.79109645379594,2.80817322823567,2.82440172742865,2.84289133132073,2.86214618369977,2.88442558359485
"622",1.42290814855242,1.41343232168972,1.4365908159243,1.48851485504284,1.50819116207433,1.5534790247673,1.60734926662355,1.67031312793604,1.73139070259859,1.79158728016006,1.85421464715447,1.92074679759276,1.98551391549834,2.05398026232374,2.12203627495914,2.19042886931397,2.25991221277735,2.32707207617906,2.3940428116056,2.4589224200578,2.52393533975384,2.58563771386145,2.6483511778575,2.70959855166233,2.76560879647529,2.81627523270269,2.8667669235725,2.91021966220322,2.95481619982443,2.99424851070146,3.03377214153852,3.07005535470043,3.10752388522949,3.14341577565019,3.18031857288062,3.21900714225063,3.25941650229074
"623",4.11651565168898,4.10060303067471,4.09754607363074,4.1045200835159,4.0987299272792,4.1019861013997,4.10893745011946,4.11873794423236,4.1287932783493,4.14224879188906,4.15742605796952,4.17245439436542,4.1881966823446,4.206775174694,4.22347536366604,4.24414190633188,4.26372544652444,4.28458261670379,4.30368395885652,4.32444121151775,4.34190400236464,4.36538548714442,4.38541264128835,4.40381038524937,4.42083296599008,4.43640862200251,4.45000997827343,4.45988803250983,4.46363387794844,4.47441509382178,4.48443599590573,4.48913671098018,4.49507033328295,4.49912536663478,4.50190709310484,4.50897078879707,4.51263120213343
"624",3.30591568996841,3.30735273527046,3.30668422556173,3.30453098018304,3.30420460557106,3.30265196026854,3.30098858633558,3.2977128655701,3.29363047540493,3.29083258989027,3.28751454900767,3.2813222931126,3.27422686189319,3.26796448687462,3.25901510503682,3.24758390131593,3.23494497099961,3.21931179800583,3.20146240601185,3.18287047944898,3.1599737030282,3.13450719598585,3.10453683479911,3.07121742326568,3.03523583609613,2.9972739682804,2.95172161547309,2.90351335951094,2.85080163937518,2.7891906162476,2.71857554095476,2.63919001410268,2.54730146765488,2.42885551378185,2.27945594832242,2.04942193394486,1.69100747992987
"625",3.57682456679272,3.58130537687854,3.58751639782862,3.59504942906698,3.60165601942068,3.60851629129875,3.616706177245,3.62465030901739,3.63221117329281,3.64193876345257,3.65179096551697,3.65967073914481,3.66752016869106,3.67723263565105,3.68432649636491,3.69181671948034,3.69899328051823,3.70476725017505,3.70962613325253,3.71553223764973,3.71832465902754,3.7230456327247,3.72583951312146,3.72807559595318,3.72916687658422,3.73001070985379,3.72901244479323,3.72554213600297,3.7215782977211,3.71750863167963,3.71392888949573,3.70823351425567,3.70491929670025,3.69916924940383,3.69447914799125,3.68892565410747,3.68459771312136
"626",3.21740477870936,3.1898537936981,3.16866736753356,3.15324965786058,3.12750578854901,3.11051217187577,3.09437817651234,3.07916278380846,3.06239637646677,3.04630040533354,3.03163556265354,3.01625929022424,2.99985124815417,2.98615865684875,2.97419062371866,2.96053804725893,2.94776909742366,2.93634276487211,2.92526268328617,2.9150054514998,2.90888763817692,2.90208881865808,2.89775885027266,2.89456146240536,2.89524827513146,2.89489530362017,2.89777100449213,2.90160340680944,2.91012201007346,2.91687416342627,2.92615454871314,2.93737542670565,2.95090166020358,2.96628506387834,2.98496825725203,3.0073761141241,3.03443893357183
"627",1.15308690977893,1.12096002519835,1.10222094375482,1.09929378863621,1.07144623207431,1.06388923166565,1.05948804997514,1.06157885542844,1.06463002518972,1.06833534518905,1.07697129772696,1.09320158400442,1.11056383574011,1.1340131665246,1.1643860675941,1.20014472837693,1.23932351135461,1.28546208895212,1.33395569863891,1.3841135162161,1.44175964933301,1.49976596846245,1.56182309845748,1.62489722909958,1.68699551030668,1.74397087551871,1.80351922929538,1.85898568002484,1.91535495958014,1.96922395868301,2.02263788242809,2.07369431223429,2.12472818242768,2.17596174248942,2.22831393796531,2.28446183136009,2.34183571451252
"628",1.12963329544379,1.19144360604324,1.24562252526837,1.29643899257492,1.3519996122131,1.40000140261881,1.44787995982795,1.49445726633784,1.54085648121209,1.58643022997494,1.63010885230522,1.67392163023879,1.71669524377967,1.76030547894403,1.80052791723722,1.8411061979576,1.88201797159121,1.92032644796626,1.95852391573736,1.99662591499089,2.03236582111328,2.06704864026586,2.10186785482936,2.13711613668194,2.16855875285582,2.1984214423089,2.22684036620294,2.25186261304334,2.27768924895318,2.30063776437389,2.32361823905595,2.34466872933234,2.36746470257279,2.38826908572162,2.41070496177386,2.4327793329255,2.45648691706142
"629",2.43960301841347,2.4605494936913,2.47941963943792,2.49823842406741,2.51841679770001,2.53749483322506,2.55764063130857,2.57768927912259,2.59713354610881,2.61734942548163,2.63761217781835,2.65716462508164,2.67636898398906,2.69790782107101,2.71774370008252,2.73680430980776,2.75711540092697,2.77527706445512,2.79389895601341,2.81302421132964,2.83075578143762,2.84768164325836,2.86495543611139,2.88259501996278,2.89818364826011,2.91282488891288,2.92650159341805,2.93726379021393,2.94980408335257,2.9590877009741,2.96917865872684,2.97793483340475,2.98902062612205,2.9981053691487,3.00903657571652,3.01914400134579,3.0316835694425
"630",3.71561575006881,3.72346976810347,3.73427031387315,3.74717258085193,3.75835337242834,3.76973613247685,3.78284357827454,3.79594790648217,3.80878390382832,3.82405573367447,3.83936838651171,3.85275281422871,3.86624578071748,3.88150893579087,3.89356096759792,3.90705754987861,3.9197917561589,3.93140804377592,3.94172580039229,3.95328299867461,3.96094527569809,3.97200359041823,3.98043955352124,3.98804873323378,3.99417116114668,3.99993569883908,4.00366514160733,4.00441188474257,4.00299627618785,4.00371739740667,4.00471327917283,4.00259674604933,4.00282157900118,4.00083029768049,3.99943408067926,3.99898731108054,3.99880884618142
"631",1.7198194863949,1.74115873761218,1.76139397535265,1.78325437650391,1.8041896953014,1.82591001081535,1.84863046634506,1.87190423331142,1.89527700796533,1.91896508612504,1.94289592373186,1.96779331662506,1.992388301275,2.01934253788131,2.04541599317988,2.07174842616479,2.09942997059111,2.12616011734146,2.1535706544531,2.18154515311675,2.20938846545373,2.23637962919461,2.26456978970395,2.29363521229834,2.32062931198622,2.3461383002589,2.37138735596005,2.39394397101116,2.41826998047598,2.43966649683103,2.46164402252208,2.48238454828152,2.50500072862475,2.52637169518084,2.54971974876497,2.57357895530009,2.59978825201726
"632",3.990704753875,3.9650418800925,3.94781978960891,3.93719251553665,3.91492294612872,3.90072894769619,3.88805679388226,3.87657537184627,3.86441632181581,3.85445535974818,3.8459527894097,3.83649501803323,3.82687737869309,3.8200216069193,3.81360888257858,3.80832349180265,3.80318007540325,3.80003041591988,3.79667857914252,3.79517311440229,3.79532866970575,3.79839542159191,3.8019629818059,3.80597273931003,3.81233779854364,3.81784686008991,3.82494622904142,3.83075978052093,3.83741502525,3.84541463156177,3.85498797085496,3.86336807303159,3.87397464362766,3.8846803932742,3.89680510888995,3.91265232919235,3.93001999789949
"633",0.300520411874399,0.336175153955255,0.37180045810047,0.409580031154911,0.449150751364205,0.487093515489369,0.526267841990238,0.566234975086306,0.608386340312661,0.650805741723013,0.692382205359222,0.736701366691598,0.781021661793968,0.825888058565423,0.868190288222853,0.913974768927939,0.959095712087586,1.00429545777065,1.04869344753023,1.09352020866941,1.13625317055387,1.18006839089664,1.22336614865373,1.2673367592663,1.30766353382109,1.34634493638191,1.38349303328054,1.41847440502114,1.4515477618212,1.48564256706948,1.518558295738,1.54896482276402,1.57996487009453,1.60968154381234,1.64030570928122,1.67234737268118,1.70388094693562
"634",3.68522436053459,3.6805444227762,3.67983100188373,3.68209284231296,3.68074536404722,3.68195563597159,3.68467864715533,3.68762814041848,3.69022705196029,3.69511756637098,3.70054562404053,3.70430291680468,3.70808144953135,3.71397846540016,3.71794890384283,3.72251060147193,3.72686008123204,3.73052528446316,3.73340556100586,3.73750560072036,3.73940303920901,3.74344252326707,3.74598745774199,3.74815604181463,3.74989099551969,3.75128365753729,3.75151369994411,3.74956882041222,3.74743459413514,3.74555728716336,3.74445628864625,3.74153602116841,3.74105085650284,3.73881157625941,3.73787032660681,3.73731096547413,3.73836272114388
"635",0.975877202630604,1.01412449929617,1.04635281002041,1.07675970321297,1.11057187412112,1.14052992451081,1.17015507931255,1.19898847232052,1.22891763803303,1.2587445302796,1.28758088132477,1.3177569225575,1.34754009708005,1.37825281374597,1.40688679890206,1.43700069853129,1.46715785147353,1.49678617289364,1.52615812750574,1.55613602288835,1.58470481848891,1.61340558864779,1.64220089689507,1.67193739523054,1.69918717448428,1.7254555460477,1.75051800333321,1.77400953216305,1.79725437745112,1.82001494009062,1.84235604986279,1.86312489328638,1.8850777425319,1.90561465433091,1.92756131492551,1.94985721084502,1.97274566470521
"636",3.17222572374823,3.16689125724647,3.16102368346484,3.15508670902858,3.148679182951,3.14323258950984,3.13774653513549,3.1310862579897,3.12341437591389,3.11670912043917,3.10983294967293,3.10052562092148,3.09014595297467,3.08084899008153,3.06978408742403,3.05592553655746,3.04115457765584,3.024003090377,3.00493245383381,2.98508056115828,2.96250513098994,2.93703483343693,2.9081861363641,2.87658802127247,2.84373770239514,2.80900824094016,2.7687680949192,2.72746395369174,2.68394801645642,2.63377860062243,2.57805271558686,2.51826130405466,2.45170993201136,2.37111955098199,2.27746931224336,2.14955936693203,1.98643952116847
"637",1.06751021409824,1.06176695981308,1.05091103054401,1.03905806653682,1.02291255212031,1.00892644314193,0.991305545470637,0.970990801423351,0.950175562542831,0.927264534021139,0.902697850900423,0.878051657898611,0.850435120418443,0.820603388453822,0.790596105062113,0.75925730638295,0.723159839914066,0.690322369525736,0.652827652229445,0.613962095900488,0.577757172476022,0.541553262847612,0.503340558274057,0.464113687393434,0.432234170825198,0.399513520860322,0.369387046018251,0.348207904042902,0.326199691739496,0.312785640028093,0.299668527899912,0.291553914211238,0.282136197520533,0.279119255141376,0.278186859309492,0.286199435123932,0.295572017323533
"638",2.77015440943085,2.73952715046069,2.71341624369418,2.69217294961489,2.66010634192981,2.63701485895342,2.613419853151,2.58979298398855,2.56390698919812,2.53720774742091,2.51113984167044,2.48397754622887,2.45433211764412,2.42587751169906,2.39936793586849,2.36917089757344,2.3379499936201,2.30840976067259,2.27727931917803,2.2451738434446,2.21881315169044,2.18970313505463,2.16246313161703,2.13530796730393,2.11570286122567,2.09425058811081,2.07792294050216,2.06775739994737,2.06338686176283,2.06035433613547,2.06050819996085,2.06689851783148,2.07461538115533,2.08887659611358,2.10802237999169,2.13577373260243,2.16986039921677
"639",3.90830044482123,3.89101080026022,3.87789755494206,3.86760321138472,3.85118808602638,3.83854044840822,3.82623089956041,3.8132992876387,3.79950572963764,3.78744200643649,3.77548339276784,3.76093576959894,3.74543014993676,3.73098842063624,3.71501664777414,3.69793412290635,3.67920410012003,3.65993677860268,3.6384456200252,3.61698783262398,3.59414277873456,3.57111512035395,3.54547142771622,3.51793109095634,3.49183442523839,3.46447948089359,3.43533653547232,3.40638957451498,3.37820066340524,3.34763754038321,3.31654894826554,3.28572803619874,3.25483509909162,3.22139013019196,3.18789271074874,3.14931779404639,3.11101908399684
"640",2.6705358700299,2.66269748539227,2.65573229278133,2.65067235686584,2.64255339228259,2.63805333325157,2.63389452571022,2.62960183331341,2.62443737034838,2.61986918265754,2.6158895746427,2.61110442439213,2.60553048918986,2.6020302125423,2.5984801151268,2.59308409929993,2.58826809188517,2.58284092369366,2.57725475936009,2.57202608803102,2.56746357158086,2.56140091540578,2.55576080949947,2.55041746561865,2.54597918068022,2.54089277706854,2.53563931782197,2.53069196210582,2.5281924894047,2.52329652687172,2.51917614236617,2.51585030239696,2.51407085705715,2.51149381880483,2.51103845555418,2.50977633994252,2.51117916587119
"641",3.53292501872198,3.50001825857081,3.47349070964931,3.4522786417308,3.41924923889164,3.39489086830581,3.37050863656203,3.34613478457893,3.31946396222135,3.29283865027081,3.26680595150542,3.23862961777961,3.20811949457126,3.17880590698379,3.15064757541503,3.11887520918874,3.08571241374962,3.05339938433692,3.01905992076086,2.98350244045623,2.95240892136114,2.91836911668473,2.88506420687031,2.85065413118785,2.82319912772839,2.7932806684018,2.76772632573604,2.74720445157858,2.73318754597365,2.71860164031798,2.7075588452333,2.70318933459358,2.70054163857517,2.70452701581479,2.71392956168961,2.73177104654663,2.75780560521929
"642",0.481202426488339,0.630798940472101,0.745795452868507,0.836187517896705,0.952003279929078,1.03465753427967,1.11171147555282,1.18044706604736,1.24806782008794,1.3128133971393,1.37097316188397,1.42593468269215,1.47867318643256,1.52900968353126,1.57150413278933,1.6135553375691,1.65397040230675,1.68906761361074,1.72254867136163,1.75547001469842,1.78152587964295,1.80664215483761,1.82916656069972,1.85151771022997,1.86815758105231,1.88470701408218,1.89642380044645,1.90538057621285,1.91231257186167,1.91741401258565,1.92072918049234,1.92082744639128,1.9218042691173,1.9173932650378,1.91246391028506,1.90083597544946,1.88589908208494
"643",2.71454777612534,2.7147273840727,2.71361144805455,2.71256780172705,2.71146401635638,2.71141920125611,2.71153988398695,2.71094970114911,2.70960047211376,2.70899282920855,2.70852374112514,2.70669952544175,2.70412842441791,2.70328461645174,2.70139096530568,2.69745854216406,2.69379388737082,2.68849711290026,2.68265026898276,2.67691145164308,2.67011560413742,2.66154197364634,2.65219470926202,2.64246268925952,2.63238127228666,2.62171066915386,2.60911734545008,2.59619641451108,2.58451543974958,2.56961828728204,2.55435805843705,2.53885458143842,2.52407226959466,2.50614542863264,2.4887101514042,2.46602731561646,2.44314798390054
"644",2.52126221319812,2.51370085414534,2.50692863961789,2.50223652608116,2.49416798340941,2.49001696026286,2.4861544654493,2.48225689717647,2.47757073815439,2.473353761306,2.46978775303108,2.46576134723912,2.46096406811335,2.45830525448569,2.45586026098185,2.45178497091789,2.44841852648723,2.44480026513201,2.44119768207725,2.43808071989528,2.4361074557974,2.43279434740235,2.43031827500667,2.42845640701271,2.42768471783909,2.42627222538869,2.42513227278794,2.42441639491868,2.42628436389126,2.42609995408644,2.42685987864681,2.42849156264005,2.43177737301258,2.43471911663383,2.44001699698971,2.44544793487221,2.45378251320805
"645",2.53007102193279,2.56563113798075,2.5948213068959,2.62065297308948,2.65153385484821,2.67710441851862,2.70315208958963,2.72801508854074,2.7520260953518,2.77669161486277,2.80060813313614,2.8228817451363,2.84463289056963,2.86815834020575,2.88881114021121,2.90843800976712,2.92885768126821,2.94623050174385,2.96363878599582,2.98139251080966,2.99634764403522,3.01062104311565,3.02434558071683,3.0380568392171,3.04912758687537,3.05954564003286,3.0680741163612,3.07347959941978,3.08003088201051,3.08337284549197,3.08720369808409,3.08929092032605,3.09369810374207,3.09521718003792,3.09817018907189,3.0987701534967,3.10109669468233
"646",1.87194255184965,1.90481993655083,1.93124843199745,1.95495699291985,1.98304165094217,2.00707692496112,2.03114553074959,2.05420865372573,2.07712722871848,2.10027135994929,2.12276329828255,2.14489261451818,2.16649913170746,2.189751459201,2.21093327786667,2.23150400703143,2.25293232606689,2.27226617755111,2.29181195848355,2.3117580365188,2.33004771457148,2.34727172736682,2.36469577049054,2.38269803929314,2.39840657108916,2.41338471045339,2.42697789550799,2.4383907036363,2.45114633092407,2.46099282469818,2.4711383698013,2.48009928834647,2.4909635846654,2.49962879120296,2.50997110005105,2.51874577732923,2.52921341642724
"647",1.60247386575516,1.62497346446373,1.64086283870556,1.65414185132931,1.67097031974434,1.68510387996402,1.69843951605941,1.71043595555061,1.72279009700158,1.7352060782674,1.74698138743872,1.75891494501295,1.77025061845769,1.78268401610707,1.79363126744904,1.80427219536796,1.8150090698663,1.82494970384898,1.83450249269362,1.84459543862862,1.85357400114785,1.86192491932902,1.87005789252346,1.87889228596125,1.88663777820598,1.89410713874175,1.90007853762238,1.90595641394446,1.91201713843004,1.91736944100515,1.92235277684499,1.92668765182517,1.93208095297241,1.93565489916215,1.94046355070545,1.94377770082941,1.94733954219978
"648",1.2667666358941,1.32734417583663,1.38016365354953,1.42952079882958,1.48354809529214,1.53015476357328,1.57669584099208,1.62195069901521,1.66684106467007,1.71097160803387,1.75332491117033,1.79561723360761,1.83688236161453,1.87914990294735,1.91812549268424,1.95719680764229,1.99676665447785,2.03359732859552,2.07042657869582,2.10716922279238,2.14161022430037,2.17488394874916,2.20836435039317,2.24224998236586,2.27241233788986,2.30102061390488,2.32823072713594,2.35195722850518,2.37670776809638,2.39831572880066,2.42008212109497,2.43996757464537,2.46170676101017,2.48141198595953,2.50279746367696,2.52371400323509,2.54643798955953
"649",2.60107157299316,2.57170475441432,2.5468032022968,2.52703503876517,2.49632826424323,2.47487549833163,2.45304596627987,2.43146860071969,2.40790453416429,2.38360785789737,2.36020564372428,2.33637319857327,2.31043031439332,2.2861391032284,2.26425688502806,2.23959527838772,2.21466685342456,2.19216591170478,2.16900980523871,2.14580621173814,2.12900530434064,2.11061347332054,2.09524599456269,2.08118116607999,2.07416319915636,2.06586673995311,2.06295322563639,2.06492068633134,2.07236678439729,2.08076679150265,2.09210952093401,2.10801913152781,2.12544816793046,2.14788198363225,2.17447655336585,2.20821810797219,2.24705805065571
"650",2.73199761151641,2.70658161709446,2.68887759471471,2.67893257195469,2.6572082220543,2.64628159602258,2.63714559251824,2.63033554936018,2.62253838636681,2.61556676566506,2.61100101749573,2.60763955375077,2.60406776420086,2.60456138900842,2.60793136182809,2.61113925215419,2.61686879217389,2.6247282774147,2.63440871490178,2.64561205053199,2.66163974723568,2.6774078100107,2.69680020951652,2.71789276208689,2.74077333128041,2.76183865709747,2.78577100137699,2.80808879134964,2.8341859527516,2.85740774107419,2.88241194275817,2.90730741943981,2.93416372194312,2.9615245371137,2.99127839703367,3.02401134308359,3.06007258593843
"651",3.2625700696674,3.25832510398768,3.25525815780935,3.25345084116536,3.25004836166428,3.24844568259164,3.24758171655432,3.24633133042871,3.24432161566948,3.24375457247117,3.24351197889936,3.24145122634356,3.23889747215619,3.23824605358759,3.23618908967418,3.2327480446383,3.22940062036053,3.22452385552343,3.21898548719359,3.21388999534451,3.20724462069556,3.19997551003229,3.19159141350294,3.18267608599674,3.17345619738461,3.16374251947854,3.15231859077669,3.13977047340597,3.12851097030913,3.1143426931912,3.10035162849174,3.08575415565142,3.07263394483032,3.05659502314038,3.04146628454292,3.02213996948177,3.00379039547873
"652",2.48666036510296,2.48175019256504,2.47499889883227,2.46815400950733,2.4603567999788,2.45436030201704,2.44773754810823,2.43994214488815,2.43118693583843,2.42251838864968,2.41369905274495,2.40348405353801,2.39190459474893,2.38130283281041,2.36990685993273,2.35561859922469,2.34057231601382,2.32419332013852,2.30615304612163,2.28736042267742,2.26770196170124,2.24507613039738,2.2204666825861,2.19426506144144,2.16846771890649,2.14131012703319,2.11102238101086,2.0822573102973,2.05280104881236,2.02078276008878,1.98625598853567,1.95166006581094,1.91465418968892,1.87317843689035,1.8292138982534,1.77592277924277,1.71696230271366
"653",0.162303562314442,0.198010935536011,0.230970790261801,0.262777503987767,0.302165709140566,0.33627456785155,0.370672590598392,0.404418525422039,0.440765665236707,0.477606532088983,0.512891852653836,0.55007059072759,0.587418410404596,0.624342100803883,0.657779793354321,0.694665702101181,0.730109146028711,0.765478876734449,0.799454073722642,0.834127022324562,0.865230174454044,0.898350320417474,0.929721947266054,0.961782912891051,0.990445002503161,1.01872125616283,1.04430082802513,1.06920552413282,1.09035969016628,1.1149884976553,1.13772664600891,1.15780203216967,1.17804174743116,1.19641668349928,1.21491980294849,1.23379461370606,1.25009228641218
"654",2.29621879711416,2.38225384842991,2.44865656137203,2.50304641097353,2.56804403604065,2.61731208916546,2.66527329548517,2.70961815858715,2.75190806530165,2.79361300241864,2.83262474270528,2.86860964586882,2.90335085418897,2.9388222020498,2.96939705498925,2.99869810007223,3.02821737910494,3.05324146915544,3.07784651991805,3.10238704720999,3.12243218214336,3.14187689671835,3.15999606105291,3.1776993676489,3.19155730080659,3.20470648288701,3.21516990141473,3.2216500290818,3.22854020558512,3.23231408357982,3.23632585097051,3.23784912985121,3.24176732549777,3.24214425624456,3.24361424152576,3.24215633932805,3.24186568189831
"655",2.4638695114646,2.46198623229594,2.4607563690454,2.46160370775516,2.45987204472768,2.46141790008793,2.46365928019967,2.46615135009972,2.46808589105558,2.47071438145343,2.47408786705921,2.47728233162996,2.48002744970262,2.4852502541981,2.4904643606782,2.49459634960971,2.49991619560817,2.50472356487313,2.51000387289853,2.51601209223876,2.52276536431363,2.52852334647839,2.53537905589871,2.54306991078831,2.55086466793632,2.55794306206209,2.56518384990404,2.57158404242201,2.58053521355337,2.58690419410748,2.59430923431753,2.6017873456567,2.61127510119971,2.61996225891933,2.63095630292384,2.6420501982171,2.65606615094716
"656",3.28205296190644,3.26885245510696,3.25852038606082,3.25078907601928,3.23874640682273,3.23072857424239,3.22336816149297,3.2158901736085,3.20738931448447,3.20007882943308,3.19335876558991,3.18498220775421,3.17584851580162,3.16867934414064,3.16094306259605,3.1514253558382,3.14196283630896,3.13162578042556,3.1206003345318,3.10986851515032,3.09896774004891,3.08698443979269,3.07445298450261,3.06147393218282,3.04945468241512,3.03668744566397,3.02321907228404,3.00964870559418,2.99826828073369,2.98413495715342,2.97064920488235,2.95772438533194,2.94626625706125,2.93336268525568,2.92215608050602,2.90883992323011,2.89802443339405
"657",2.77220682402933,2.81445575226949,2.85561850902961,2.89683450232383,2.9378016763404,2.97523450170315,3.01427883924117,3.05303771052745,3.08994043212334,3.12723347937262,3.16370123902813,3.19838020163547,3.23224686043475,3.26802880368387,3.30029339572005,3.33231372142036,3.36479972760479,3.39416226540388,3.42319549521821,3.45236923844968,3.47824478723742,3.50464959616157,3.53000330181435,3.55468591690121,3.576150621911,3.59610318599722,3.61440423367218,3.62816940778055,3.64158668912084,3.65372932110625,3.66638639404512,3.67604916840873,3.68805147145658,3.69776737950031,3.70847785236411,3.71982874363544,3.73236537572715
"658",3.90637967408802,3.88758983970791,3.87321735225991,3.86187547982059,3.84386978763278,3.83002411298801,3.81647500541053,3.80233491699748,3.78723181439995,3.7737554182666,3.76040935017543,3.7444699561427,3.72746321660131,3.71150320047691,3.69418778413165,3.67557270895483,3.65527433980698,3.63452287470429,3.61150207920657,3.58839025009979,3.5642396194582,3.53964412213424,3.51254730706637,3.48348631189911,3.45619999484795,3.42748413743735,3.39724081607189,3.36748838807795,3.33880868589021,3.30768305815791,3.27616388277409,3.24536330854223,3.2144438464714,3.18153974206443,3.14890982012004,3.11206488686694,3.07629109398621
"659",2.92896624656161,2.91090954889273,2.89437735436258,2.87979885011484,2.86033950018026,2.84547751514817,2.83017016877486,2.81400736492026,2.79620549564175,2.77840637028395,2.76066565193449,2.74090854118433,2.71923822808175,2.69838906134747,2.6772142000501,2.65212330311776,2.62557552540077,2.59778607698061,2.56745289372121,2.53539139666497,2.50325220818029,2.46673864443946,2.42740925941783,2.38477578468437,2.34372490000524,2.29951113042539,2.2518785504763,2.20649678925386,2.16024781960667,2.10987590145132,2.0555000641226,2.00188087187332,1.94247565716474,1.87829051152973,1.80895466438686,1.72770926512076,1.63795194680053
"660",1.69044303366753,1.73020971218031,1.75852210002554,1.78046127790703,1.81099563989565,1.83391391735288,1.85559728754178,1.87484737951417,1.89424261949601,1.9136457438382,1.93158633718188,1.94860894949941,1.96490412637266,1.98185959310723,1.99593425980212,2.00901819667789,2.02201933937771,2.03256718215162,2.04245369174784,2.05251197654025,2.05951995597233,2.06528030935076,2.06977067435168,2.07433446658416,2.07640105564267,2.0783579269473,2.07713107526197,2.07495169954554,2.07225376525832,2.0675240159709,2.06163020480608,2.05414488173093,2.04731130511296,2.03631032077112,2.0252201096084,2.00823979706312,1.98909969868234
"661",1.25131836888724,1.28164290682269,1.30245528360771,1.31861765466693,1.34072054279141,1.35766265599455,1.37297113666951,1.38609366606018,1.40003906695684,1.41381100286827,1.42625849044385,1.43891126382157,1.45086342314776,1.46304757878838,1.47304533554595,1.48320817634979,1.4925808349598,1.50131658087631,1.50893459780061,1.51701614986039,1.52300510578553,1.52887411267541,1.53349046871253,1.53856154644909,1.54232654618811,1.54613978945072,1.54747913311922,1.54956163516503,1.55001922581698,1.55155804098302,1.55177277076937,1.55092683889693,1.5503422866216,1.54736617240497,1.54466849705809,1.53953874902663,1.53247034823817
"662",1.80539811743835,1.81983605396307,1.83857896338576,1.86312419272554,1.88191256444525,1.90554976303625,1.93153900360471,1.95965225932027,1.98762158541321,2.01601560790392,2.04539592516102,2.07638975176044,2.10714463101222,2.14099915873219,2.17452877558127,2.20854215325728,2.24438514427818,2.2793075449975,2.31520588026406,2.35143332358281,2.38807360067454,2.42355047403624,2.460630002689,2.49828476703031,2.5333551267499,2.56604797954024,2.59885385565178,2.62772943290975,2.65860411748434,2.68574293365956,2.71358236088496,2.73971433887111,2.76771327674089,2.79452226340366,2.82319705105407,2.85300220431125,2.88533619640582
"663",2.3614343277174,2.3639281663098,2.36595524686146,2.36930151125892,2.37124149290954,2.37541701404364,2.38014539000941,2.38490578363784,2.38921392245369,2.39415648370467,2.39964359895756,2.40493744729854,2.40978143486567,2.41695105501689,2.42381434755891,2.42963417773662,2.43655815466041,2.44274032882935,2.44931733871861,2.45656808709668,2.46415009274223,2.47069583816689,2.4781292753903,2.48634349770285,2.4943136341406,2.50161903511594,2.50875129412476,2.51496583260765,2.52346299962648,2.52938709117068,2.53616019238948,2.54284384116346,2.55146038941683,2.55899683273645,2.56869608986586,2.57805318116114,2.59002920130976
"664",0.00110996714374198,0.00117406733871897,0.0012337193457871,0.00134988125733267,0.00134068207293324,0.00140404612561856,0.00145169606697416,0.00151461902964076,0.00162352787258826,0.0017377940329251,0.0018692594597747,0.00211751636890021,0.00240257068716048,0.00273814678892521,0.00316157439768947,0.00387821937341144,0.00465645475301823,0.0059005033943514,0.00732118763585791,0.00914799797002431,0.0114912303644688,0.0148242624451321,0.0187626977368828,0.0235758046529904,0.0292889834328842,0.0356459601657282,0.0428769283200148,0.0514641556890775,0.0591697213708663,0.0706463891920077,0.0824471284703096,0.0942948900793345,0.106299046311799,0.119489788954124,0.132931787333163,0.149855583440619,0.164829398432963
"665",3.45609021110694,3.41573636988156,3.38270467183504,3.35601773261741,3.31421448680956,3.28314636223643,3.25154755931493,3.21992117776118,3.18506982628102,3.14916535468848,3.11363821115218,3.07568374938199,3.03410294012196,2.99297706467123,2.95393727897729,2.90960013881453,2.86268172255558,2.81746551210998,2.76902864508199,2.71769621668172,2.67455703689679,2.62671832624116,2.58102199623712,2.53387068775751,2.4993001157742,2.46078417326346,2.43250092663181,2.41448889649856,2.40759068724641,2.4032713158188,2.40570142653894,2.41992195988749,2.43602254439667,2.46513615031144,2.50139819525131,2.55265902233642,2.61261875511026
"666",4.04562658844906,4.00755888088627,3.97858786841658,3.95697081891963,3.91862300354881,3.89088080684287,3.86345908483561,3.83676171319803,3.8079031140774,3.77964180151158,3.75247591963428,3.72366477451693,3.69289839302735,3.66411997242451,3.63780440638082,3.61034885777047,3.58241677491771,3.55841457010369,3.53411138403116,3.51094971600478,3.49598144444636,3.48233244245884,3.47298820984311,3.46552567260957,3.46685446261523,3.46668050361652,3.47409069898791,3.48392284018396,3.49964803086582,3.51585607225302,3.53570120074237,3.55772589097439,3.581584582699,3.60894662233906,3.63872003088747,3.67517389379419,3.71439636395428
"667",3.3346768510552,3.30299641272513,3.27937505632651,3.26289687552603,3.23379492186859,3.2150540016205,3.1975444125208,3.18154284816155,3.16395847919298,3.14720954797732,3.13234563617103,3.11718602633432,3.10119750351777,3.08848365336403,3.07823845397202,3.06696493061457,3.05713535598467,3.04952984924992,3.04290256792177,3.03762678642225,3.03762906215678,3.0377027423162,3.04114931045974,3.04618699809792,3.05527309567786,3.06306145522555,3.07476926187549,3.0865374336354,3.10289355937457,3.11745157353428,3.13456058590225,3.1527538748815,3.17318377002256,3.19519305198315,3.22000680022137,3.24886796204755,3.2816103097752
"668",0.00843687049337222,0.0144163601588019,0.0202332655812329,0.0253754441603528,0.0348866574929934,0.0424534000920702,0.0499157913571993,0.0565833864390257,0.0646621261499414,0.0732665765040623,0.0809630888678367,0.0890284855432869,0.0972736835105288,0.10440082913515,0.109118178854329,0.115248122913059,0.119371146191143,0.123274948389218,0.125175460695007,0.127159868089135,0.125372863458996,0.125026032930963,0.121531836872886,0.117466110331151,0.111857269244304,0.106963935975522,0.0989632404566669,0.0921703360411423,0.0816464032256984,0.0745314723307212,0.0657470099816411,0.056138844925407,0.0464463422820148,0.0361887704140151,0.0263994253557424,0.016993350978363,0.00896838418018934
"669",4.0390795638692,4.04043445193575,4.0482463748626,4.06056566619171,4.06778506905771,4.07728957181389,4.08901130207512,4.10131815067593,4.11380256610136,4.12934487264555,4.14512814183229,4.15928099015257,4.17380308960703,4.18994910772553,4.20256344732577,4.21833624040322,4.23240892074711,4.24651752912241,4.25852269030474,4.27215403773029,4.28118183251007,4.29591369915017,4.30681292311076,4.31640604600409,4.3246789074837,4.33251133634966,4.33799945421348,4.34046993886152,4.33807731217401,4.34150639488191,4.34463210650154,4.34339962169487,4.34408346154761,4.34276298315408,4.34107288406664,4.34231891407605,4.34183578089217
"670",1.5159126578593,1.51870813941504,1.51997922778728,1.52291903739892,1.52249148397685,1.52530059203424,1.52767573391429,1.53002192190386,1.53273106500554,1.53539213026161,1.53846508890627,1.54307696615466,1.54717372865617,1.55303156147355,1.55953088164202,1.56673948911831,1.57441555909696,1.58387914710865,1.59349968992298,1.60428307513202,1.61713289050838,1.63035157135859,1.64508720599999,1.6614407174634,1.67875220268823,1.69533723730512,1.71287436257983,1.73111351126051,1.75040383351857,1.77028199273274,1.79053122019,1.81084611086357,1.8322772814165,1.85413763726586,1.87805435510784,1.90443654528791,1.93238041005251
"671",1.22146800520108,1.23646131322718,1.24495616571611,1.25122800842337,1.25913139166406,1.26564543952249,1.27043060484528,1.27353079978678,1.27735025059109,1.28080790472665,1.28342851282453,1.28681415763445,1.28933907891961,1.29211212571395,1.29389986623835,1.29614043151773,1.29728242479262,1.29944061354213,1.30030275742404,1.30181489986759,1.30303034969702,1.30474789192176,1.30575874728876,1.30753995166311,1.30992524258698,1.31231566059855,1.31365175129308,1.31729453613667,1.31944124700032,1.32462986818179,1.32890287602266,1.33311710656315,1.33747065069689,1.34140966041608,1.34626268839953,1.35188267968488,1.35648697089096
"672",4.09720293802152,4.08542889981448,4.0778685504619,4.07294979495139,4.06280145122625,4.05518382806338,4.04820714601394,4.04064896931419,4.03288610733827,4.02759735735054,4.02234078274605,4.01465220882194,4.00662300375665,3.99970479273895,3.99043966316282,3.98195540540654,3.9716815118603,3.96138454632476,3.94896494874479,3.93759901884159,3.92366237050098,3.91232154757561,3.89810809446547,3.88275000443541,3.86824637177589,3.85352878661495,3.83723269570371,3.82021488888969,3.80264625121363,3.7858655742169,3.76942654348372,3.75194743000936,3.73629185973413,3.71879291667614,3.70230407113386,3.68467195305861,3.66848382541358
"673",2.2518194652044,2.26995604776215,2.28120112407944,2.28881668864734,2.30149636440407,2.31067141599691,2.31914930010256,2.3258122925722,2.33209913766426,2.33875853778957,2.34468718230443,2.34918355349496,2.35286382442641,2.35757373909045,2.36015686755987,2.36072073749232,2.36115619103683,2.35915712374692,2.35622664960938,2.35316910610316,2.34743537777746,2.33964487788844,2.33005883245627,2.31974433846507,2.30764447717045,2.29513466827449,2.2788202687605,2.26196063606774,2.24438671771644,2.22356513271057,2.20068971518969,2.17611607491479,2.15079238525722,2.11941049374614,2.0858846107182,2.04141015741892,1.99087907509202
"674",3.6086027594083,3.56733231312632,3.53831983704975,3.52009880575495,3.48306106881782,3.4606503354485,3.44054690001654,3.4236855492258,3.40529613418075,3.38827767018592,3.37449053953205,3.36179573600178,3.34897916714456,3.3410796440955,3.3376269573849,3.33516161648292,3.33553775492354,3.3402817201726,3.34728413675384,3.35663691899017,3.37304941864205,3.3910144953133,3.41318975273987,3.43683408131394,3.4634832127793,3.48747563762232,3.5152418428123,3.54032853722523,3.56781347455209,3.59388360179011,3.62148358077698,3.64748864462721,3.67490242823774,3.70253092955815,3.73114367210357,3.76382429857322,3.79764958414945
"675",2.03042844779875,2.05213734248552,2.07139358534805,2.09083812902471,2.11119820960579,2.13094058649731,2.15149207869262,2.17205293634679,2.19237677194256,2.21316541797116,2.23401721197579,2.25494570935844,2.27551171848002,2.29834519072007,2.31990502290612,2.34103177846119,2.36346053186561,2.38430471749479,2.40573163575214,2.42768972069647,2.44893101097141,2.4691900686688,2.49027132872426,2.51205856695578,2.53189641941597,2.55064823521582,2.56877030703566,2.58435311153707,2.60182791784859,2.61615178415989,2.63117006133729,2.64508243165206,2.66108515571452,2.67547435690478,2.69183705985845,2.70786867032177,2.7263239566919
"676",3.31859839675597,3.32404614635185,3.32874369835815,3.33312915906502,3.33854045474799,3.34320880693302,3.34857777093027,3.35313370162096,3.35709946431721,3.3627269152603,3.36827269981109,3.37163827759203,3.37466090172757,3.37934516788042,3.38164677134009,3.38297361841121,3.38415738283019,3.38323531317763,3.38144229862011,3.38017668332692,3.37596790464824,3.37174468828647,3.36565316266434,3.35880675155139,3.35068469088031,3.34227449879489,3.33125368435574,3.31832289895433,3.3057122388931,3.29039675637265,3.2748272946611,3.25763672411743,3.24188734068229,3.22199497408086,3.20224302323606,3.17649588376382,3.15017598260876
"677",2.00885467269269,2.02422419308282,2.03351907272739,2.04011723808269,2.05027608398757,2.05820780495088,2.06535721874913,2.07095872832941,2.07639238323874,2.08200526843601,2.08704324191176,2.09132656091459,2.09479874505209,2.09933428932648,2.10229639307784,2.10374321619164,2.10509470573949,2.10491547367154,2.10396222743723,2.10311864270623,2.10062741631959,2.09657086882592,2.09146000280726,2.08624424073795,2.08005513548301,2.07357006228747,2.06453635289629,2.05573146663774,2.0467904744343,2.03612501194223,2.02437426363032,2.01194837149194,1.99974396495006,1.98414348807351,1.96852373305274,1.94762183332559,1.92487586356049
"678",0.0489853781139419,0.223922731760348,0.445695561819726,0.662202849033059,0.864483291005055,1.02921590509605,1.18322280319073,1.32402774371607,1.45160105741544,1.56753600402524,1.67222989763009,1.77077046559393,1.86228931820513,1.95018308852358,2.02861910457162,2.10462753035906,2.17859014794697,2.24528634230424,2.31012058731652,2.37222861085145,2.42940829520215,2.48358519126786,2.53690577896595,2.58899211853664,2.63453799946064,2.67667677276593,2.71679907587366,2.75062341664792,2.78517788423877,2.81507891148699,2.845026981602,2.87190854409739,2.90065354949288,2.92697197907733,2.95466061277635,2.98237123209492,3.01201134968189
"679",4.11274427206165,4.10207591608843,4.09564237495027,4.09185371749271,4.08301426966691,4.07652506193212,4.07075900499113,4.06445000337692,4.05803695317525,4.05420958051,4.05041790874038,4.04424881373653,4.03784597035228,4.03258508896219,4.02484994808325,4.01820251979609,4.00976728462248,4.00137700193493,3.9908910545193,3.98160801942109,3.96955100379238,3.96052707473499,3.94857679748866,3.93557220268476,3.92327319900266,3.9108720644422,3.89688196871475,3.88198233432773,3.86620105515182,3.85176251403734,3.83771701795143,3.8223425795055,3.80896666165069,3.79379972433153,3.77965542017823,3.76492881149499,3.7515531727138
"680",1.70975475346106,1.71923558826099,1.72272825472247,1.72390255552786,1.72699980506019,1.72906343263228,1.72959645400377,1.72830116143779,1.72698133353582,1.72535683717846,1.72297165006559,1.72024272329573,1.71633354287015,1.71279035804273,1.70807050393809,1.7020204176158,1.69487132649297,1.68737015552238,1.67822620816094,1.66897841952831,1.65871070963775,1.64719211103433,1.63405619530165,1.62055322398495,1.60741110173756,1.59392088583199,1.57802214376267,1.56445901049075,1.54937262092878,1.53533464758326,1.51959531792142,1.50390316107401,1.48738336206146,1.46870514422323,1.44969560770762,1.42731138830644,1.40225784302003
"681",3.52836856826992,3.50088420231382,3.47860581307857,3.4605654725597,3.43323680471871,3.41288408821885,3.39258253997267,3.37203743196862,3.34959917732745,3.32760786123213,3.30605876251761,3.28223980265343,3.25649471328964,3.23191738810995,3.20762464394397,3.18003747725674,3.15107184022812,3.12201181303757,3.09079007177856,3.05842112182294,3.02810196651455,2.99478664591965,2.96054621938319,2.92431578759894,2.89240356102012,2.85796690601926,2.82454266594439,2.79435723448919,2.76806320045593,2.73952553476669,2.71219486118674,2.68948359411216,2.66696669238035,2.64766625437953,2.63182033754937,2.61953039372532,2.61385276614614
"682",1.95893325590387,1.96810565348693,1.97426259164407,1.98025158451936,1.98649458024563,1.9933486021567,2.00005275617627,2.00621584265003,2.01229128319849,2.0186399566477,2.02507109394901,2.03163100252892,2.03762468500988,2.04538699612764,2.05257673059293,2.05903298492907,2.06612076315135,2.07272954279286,2.07937893611959,2.08665447023687,2.09399831079911,2.10045138256071,2.10745642634355,2.11530887291981,2.12286774989567,2.1299347249056,2.136463614405,2.14281102471838,2.15058874660187,2.15685076135669,2.16344495803928,2.16994168425278,2.17790892710158,2.18477170268289,2.19349851391835,2.2017496757239,2.21168394059501
"683",3.64802517249311,3.64334584062146,3.6473626345691,3.65822988073444,3.66158475480421,3.67061907047312,3.68271372422799,3.69669464554161,3.71028834636724,3.72636980726398,3.74364562256645,3.76020474850956,3.77706328424565,3.79676971535717,3.81465254525299,3.83428832421049,3.85402707399611,3.87336292478999,3.89204512555933,3.91193275114528,3.92939616215114,3.95003805107686,3.96901208389313,3.9871919360446,4.00381872275584,4.01916754172973,4.03326929128955,4.04361153801929,4.05165862607484,4.06198133282127,4.07258502433091,4.07959411053992,4.08860753716273,4.09586730230213,4.10337852543377,4.11344873179576,4.12315951190478
"684",0.231405803433851,0.244884527042315,0.252792661186374,0.258124335343932,0.26528855950249,0.269914212080836,0.272298545750234,0.272722655059102,0.274395994342931,0.275523425005276,0.275273375734411,0.275973873360588,0.275979606535364,0.27469768948061,0.272159359936751,0.2715286892029,0.268446266832881,0.267517858082268,0.264465336807932,0.26200404701114,0.258777766987445,0.25787599519187,0.255227836243479,0.252911136707984,0.251733005520303,0.250990359939845,0.249310489202931,0.250761459620543,0.248467340112976,0.252501688017188,0.255067129445212,0.257270825548788,0.258578278207798,0.260387326895325,0.26184662553506,0.265587585388848,0.266358033720061
"685",1.3079299369815,1.31788116642506,1.32516253272865,1.33335790362788,1.33959093810625,1.34763927683066,1.35518472567839,1.36255231249477,1.37066214607891,1.3787615284434,1.38701023231916,1.39700490483642,1.40661848905458,1.41777640234614,1.42906240138711,1.4415727034636,1.45438544060937,1.46878048903753,1.48320592111977,1.49878767464549,1.51565710285749,1.53312957094334,1.55172350917634,1.57184049496895,1.59213396685264,1.61169594097284,1.63165341522426,1.65192521481384,1.6725927268461,1.6940693480172,1.71558070494005,1.73667577219349,1.75877923628821,1.78090440212925,1.80482477558739,1.83084799684354,1.85791081328388
"686",3.09069123934978,3.08160198663361,3.07645296863308,3.07512609201043,3.06903144712389,3.06772253292267,3.06791755698635,3.06893006885339,3.0692003297155,3.0708915901483,3.07371860373883,3.07585762522669,3.07779726656528,3.08261089583069,3.08727211979576,3.09122128938849,3.09638306888997,3.10101112245031,3.10610020185906,3.1121532622506,3.11858141641046,3.12489402483406,3.13198125912211,3.13958339840918,3.1472858288069,3.15418923011273,3.16133420357103,3.16670926709005,3.17444955823306,3.17981589616365,3.18655066919259,3.19278356409599,3.20144326945018,3.20918572737795,3.21911792718189,3.22969202980002,3.24335999282187
"687",1.74038403240063,1.76738059864704,1.7888548911039,1.80845642320387,1.83125260376652,1.85138274108825,1.87145352383864,1.8907184487739,1.91010963050326,1.92971680554678,1.94887549944709,1.96815357711138,1.98696635546767,2.00741798506503,2.02626946486288,2.04481984740867,2.06413782223595,2.08205269934746,2.10014858713439,2.11877802708128,2.13630268284822,2.15296710763428,2.17000330054685,2.18781486410116,2.20379229315872,2.21907748157621,2.23325499446676,2.24582866738522,2.25959716478129,2.27109938054637,2.28282361999412,2.29358421863549,2.3060570925911,2.31673219597466,2.32912814450735,2.34054217173538,2.35353124513133
"688",1.63605336231677,1.66318052078124,1.68472536670854,1.70445673294382,1.72723932777843,1.74743896151668,1.76748506951343,1.78672531111849,1.80623388574747,1.82590684767635,1.84510642099245,1.86463451399618,1.88370675307365,1.9043377785418,1.92342611047691,1.94243281876868,1.96211594349445,1.98063486803173,1.99928619108333,2.01851200406214,2.03673367245506,2.05423455863226,2.07212335134401,2.09085825364169,2.10781977734618,2.12408711608504,2.13930175526509,2.15307518040869,2.16787168485825,2.18073775409148,2.1937485186666,2.20579924324324,2.2194688469413,2.23147308885571,2.24518073485877,2.25816758061377,2.27260239013929
"689",1.33776504105415,1.34688941724694,1.37728234788182,1.42700429385633,1.45549903376095,1.49997315718014,1.55043700507779,1.60704481511243,1.66250041533684,1.71728324136877,1.77350389790512,1.83286768303191,1.89092356841668,1.95217880948215,2.01262934236988,2.07375470142339,2.13608974674636,2.19643548960473,2.25692099695109,2.31604446275627,2.37515628633744,2.43164526922516,2.48930613464654,2.54617251314251,2.59830902598612,2.64593207129844,2.69339740914338,2.73463506957578,2.77725951409945,2.81502739125492,2.85299817416246,2.88813533861892,2.9246312341424,2.95965904394445,2.99599468996629,3.03391251372725,3.07385699466339
"690",1.86148221003593,1.872463783347,1.87801351687426,1.88153673245336,1.88721131301529,1.89182171396074,1.895410884425,1.89751214088579,1.89953017951528,1.90152196250833,1.90299516750763,1.90408086397947,1.90423603715598,1.90528201472874,1.9051715945065,1.90375899748623,1.90195583008912,1.89939157207576,1.89584312003197,1.89243411083225,1.88805991582618,1.88238920407528,1.87578637252292,1.86921718923009,1.86248523596732,1.85546252197891,1.84642180551297,1.83857333516941,1.83038888064759,1.82179872890925,1.81221801849951,1.80251252219906,1.79291879525288,1.78107012921754,1.76961579056511,1.75491068417979,1.73897542594229
"691",1.56068321433758,1.5729589431056,1.58168221297783,1.59031042183611,1.59878028207396,1.60783192048499,1.61643940456386,1.62453601339,1.63304080490866,1.64162118577881,1.65017893260606,1.65968436527442,1.66870118095877,1.67926330095752,1.6894269937845,1.69986300241263,1.71070094915557,1.72198189184398,1.73324857457519,1.7453838342784,1.75799566598628,1.77045991243072,1.78368141543,1.79810672602448,1.81233663721189,1.82601557060557,1.83950967302868,1.85310300322741,1.86749623993611,1.88165491907887,1.8959530741334,1.90996559956721,1.92522222507459,1.93991820680841,1.95644735409264,1.97381031319384,1.99247303539702
"692",1.69556829588809,1.74876388088356,1.79029294934694,1.82538992491263,1.86887675553638,1.90341934342175,1.93723708180953,1.96889890479336,2.0002711644708,2.03145922104064,2.0610233851523,2.08961744577309,2.11743532294022,2.14626531419149,2.1718673708622,2.19671598205381,2.22206123522824,2.24442137932394,2.26669574892604,2.28913894631278,2.30873438353991,2.327140724597,2.34515736642584,2.36352797365179,2.37878404211101,2.39343349764002,2.40591467701366,2.41590091028877,2.42671607447362,2.43448462317595,2.44220675562762,2.44832990053253,2.456266553779,2.46125063406708,2.46754379701939,2.4710413720616,2.47549743864167
"693",2.47405486980271,2.48729507461864,2.49590522237599,2.50235459588705,2.51214992773609,2.51995700661966,2.5276258058847,2.53403746540954,2.53992857629411,2.54645536300468,2.55264399962937,2.55743526438332,2.56156077040677,2.56717491666466,2.57099467608578,2.57295513816335,2.57520186782836,2.57519696127347,2.57467611933988,2.57427082231381,2.57179143941042,2.56758438854762,2.5622895862602,2.55664521589938,2.54958370651754,2.54212598380644,2.53194925753965,2.52084763120127,2.51031963248385,2.49640243520623,2.48166512957465,2.46587363500073,2.45067592033917,2.43117591142336,2.41148735371531,2.38473871915337,2.3562026660065
"694",2.77346325822713,2.80109181254304,2.82371024955379,2.84364929251646,2.86799662120579,2.88808583333821,2.90877606386465,2.92838397022164,2.9472206004983,2.96706209901093,2.98636217124153,3.00382347390757,3.02087265669101,3.03972020058814,3.0557712081337,3.07081784840324,3.08647323562363,3.0992588004343,3.11189267057715,3.12497542308304,3.13510764571949,3.14484001429882,3.15366847285243,3.16232916282412,3.16864995760432,3.17450231782211,3.1782639213954,3.1791468280473,3.18093677966099,3.17976732172101,3.17898199155225,3.1764415707166,3.17615174874558,3.17270735841624,3.17048519122037,3.16525719876387,3.16140328458402
"695",2.87650005050981,2.84365218326096,2.81847279753524,2.80084773835895,2.76978599167031,2.75021999623216,2.73164474845742,2.71479644035262,2.69627554780531,2.67796445477148,2.66174471187672,2.64607737687357,2.62942523372835,2.61625134189719,2.60658115617548,2.5958470459781,2.58702769920218,2.58134096872156,2.57715505215169,2.5744430476532,2.57876566725315,2.58282427546259,2.59148800008204,2.60240899473846,2.61796385006551,2.63193891729655,2.65074726998749,2.67003622973112,2.69443351605549,2.71676945095126,2.74158598880984,2.76776385362974,2.79581632403934,2.8258963014603,2.85888992007889,2.89633959004987,2.93771645010339
"696",1.28230826622801,1.28310351693062,1.27909764163075,1.27421301394065,1.26722528935695,1.2616680142577,1.25373823772117,1.24396103118758,1.23425304358067,1.22352195989456,1.21193231132768,1.20086092993273,1.18811663383941,1.17494805199736,1.16163581517895,1.14798529361096,1.13206469935465,1.11844912253613,1.10246687888198,1.08658508131916,1.07217128998099,1.05817977949729,1.04331202033336,1.02878383944323,1.01785603704736,1.00669881857782,0.995990171552232,0.990574585321961,0.98366671006702,0.982600859572979,0.980963568379597,0.981265854908558,0.981033931529973,0.983130539442887,0.986635262306777,0.994475258607281,1.00192573911994
"697",3.01596814750867,3.00274184734003,2.99209191627213,2.98421314931809,2.97181771387915,2.96398314096539,2.95674374770042,2.94954662437751,2.94128687462316,2.9338968113731,2.92724047319221,2.91939124544694,2.91073781944501,2.90423513100243,2.89769985317884,2.8892450761455,2.8812356010074,2.87263906120066,2.86374168702976,2.85518904871161,2.84734565994844,2.83814271741539,2.82919707790729,2.82030065706847,2.81267548711537,2.80431144074944,2.79595279777011,2.78781780079385,2.78242853825845,2.77444213774394,2.76747282490363,2.76146764781974,2.75716266622314,2.75222386239282,2.74954362257502,2.74623509429458,2.7461234613742
"698",2.32982244142569,2.32821864949656,2.32531290472674,2.32305690519248,2.31943591768076,2.3180259182602,2.31648206670383,2.31439102128792,2.31168949257756,2.30929261185036,2.30714963098007,2.30446846280141,2.30093775168015,2.29912674511084,2.2970253104442,2.29322573832687,2.28976858441647,2.28572096769492,2.28132275499394,2.27721435594808,2.27343425990629,2.26813447422216,2.26298979313112,2.25816845045546,2.25396399956254,2.24922327335652,2.24385534281201,2.23918275337799,2.23618952863758,2.23145592565806,2.22699061221916,2.22314505399395,2.22042262260366,2.21662765214659,2.21455749952559,2.21120878400336,2.20950459286916
"699",1.35275125843682,1.45604417634303,1.53697183142951,1.60412404047365,1.68396995524471,1.74510737313281,1.80390800296762,1.85834573023189,1.91123846268981,1.96248749785805,2.01009670164477,2.05554006227325,2.09935255320462,2.14315747868644,2.18180045070893,2.21945301594245,2.25716047639209,2.29040649931421,2.32327041539939,2.35578713383271,2.38415539789493,2.4110892841785,2.43728332055444,2.46353032669367,2.48538256049381,2.50629302511879,2.52463425863047,2.53934274957715,2.55474036623639,2.56656784444978,2.57834759636213,2.58796134108016,2.59959904245261,2.60799329871735,2.6176913985073,2.62465569671172,2.63274828025218
"700",0.848506815267329,1.05748474590212,1.23464051083586,1.38815654028027,1.53670416761523,1.65485871733944,1.76654038656927,1.86970230130427,1.96467623834731,2.0528221809933,2.13363482463232,2.20992052025882,2.28166500331436,2.35194638123645,2.41484922029765,2.47573162529053,2.53586105308324,2.58973203086184,2.64259051222683,2.69369734912291,2.74037415489995,2.78482064460186,2.82858944077633,2.87145309670677,2.90870693725218,2.94329128071911,2.97592941713232,3.00276852840139,3.03040694037888,3.05385676389333,3.07761393923829,3.09845891482765,3.12144380473246,3.14190901170605,3.16375144316665,3.18540206341425,3.20899254613758
"701",3.87090500826697,3.86927906314699,3.87217340911053,3.8782493238876,3.88061255216621,3.88495485733308,3.8909953711785,3.89725668866864,3.903445329981,3.91231374788458,3.92153209780942,3.92898600971932,3.93663837939946,3.94615306975673,3.95298479826878,3.96149471286808,3.96914993815793,3.97638507942649,3.98229158396089,3.9896488382809,3.9937131200482,4.00146475490425,4.00673398632332,4.01128937873986,4.01506397871354,4.01856503716426,4.02040674533715,4.01972015450387,4.01704364613431,4.0168062910374,4.01697818047837,4.01432826752186,4.0140146815601,4.01182053246743,4.01033010710161,4.01018638347685,4.01047203301599
"702",0.390104153282628,0.412513426698409,0.426108718812381,0.434912620249673,0.448736167330707,0.457443902231457,0.463261145133864,0.466141208256001,0.470501524157977,0.474234939562577,0.475918003941868,0.47814079002261,0.479418277474825,0.478897770873364,0.4759765700255,0.474565942308902,0.469950975406472,0.466642992492298,0.460326081528191,0.454255129454306,0.445637974466278,0.43889353188706,0.428878912022306,0.418523002711876,0.408491222036871,0.399028573094415,0.386768750268913,0.378039203998942,0.364177595482694,0.356763151913983,0.346797630252815,0.336045325914551,0.323827560778645,0.310675850783086,0.296437927262316,0.281816553167169,0.263306826797652
"703",3.46492602991852,3.47675460271861,3.49631537557845,3.52184144730334,3.54139012588373,3.56406953827559,3.58982878193321,3.61700948156464,3.64318333013004,3.67122383296021,3.69963166114402,3.72678565344171,3.75379652499128,3.78311340107799,3.80933695961511,3.83705540761621,3.86444922238745,3.89035541341916,3.91516884110039,3.94071300944739,3.96256549776342,3.98748553621303,4.01005040678227,4.03138736980153,4.05021850718882,4.06760726876752,4.08308809112323,4.09428728191521,4.10244465312083,4.11318963529887,4.1239275978457,4.13056301935989,4.13913750832182,4.14560833250404,4.15207043091998,4.1609282031084,4.16898643755172
"704",2.65058148339407,2.66089046517919,2.66955890471279,2.67820056750647,2.68783213175156,2.69734059390955,2.70759991675841,2.71752656905579,2.72687452372112,2.73719097440429,2.74770174401004,2.75718434751882,2.7662980322407,2.77760515662949,2.78752104814862,2.79625303299198,2.8059408038605,2.81377019417109,2.82177616175446,2.83033037746367,2.83762465055427,2.84400382280552,2.85038775644171,2.85703382494007,2.86242812441485,2.86727186175289,2.87092539542587,2.87268818624428,2.87624031699732,2.87665950821395,2.87771594437633,2.87794973954667,2.88028367857287,2.88037518920803,2.88216828698144,2.881908913824,2.88374328647844
"705",1.34735235372655,1.36496751789597,1.37312664274531,1.37649876781489,1.384601627271,1.38882611225612,1.39045438588869,1.38913641589393,1.38820046850769,1.38661283437131,1.38337015143683,1.37958101237772,1.37432391354677,1.36818962872586,1.35983749840108,1.35029025066702,1.33818156424151,1.32554518047317,1.3098415597059,1.29345529861225,1.27417433484984,1.25366701155731,1.22918374744061,1.2029647104925,1.17636526631443,1.14921358956462,1.11700570963854,1.08796935965391,1.0534955843939,1.02171861619899,0.985356764942658,0.947498223745795,0.905721610366427,0.858813309058948,0.807587602906639,0.747200734867002,0.677389902539501
"706",0.177685674973998,0.175887368924399,0.17964395325,0.190796006999832,0.192016765047365,0.201240829752895,0.212532290787463,0.227443527309722,0.244502168845847,0.262653833406213,0.283198184042086,0.309320639739027,0.337023465113996,0.36788577754722,0.40135319088662,0.441000575941236,0.481906055383979,0.527854966559632,0.574625386679088,0.62316219948146,0.674338670400844,0.728400418615743,0.783797126543242,0.840388603156281,0.895081270059545,0.946861755603907,0.99913533080629,1.04939828174392,1.0969879441018,1.1474033595638,1.19624469949637,1.2422349397906,1.28778943093611,1.33342836683965,1.3795453920972,1.42981366742044,1.47880051369916
"707",5.77953919884726,5.79565106119941,5.81098111516165,5.82410668943221,5.82915310554098,5.82565620926554,5.81791012002883,5.80453610062292,5.79637720473716,5.79373058092527,5.78620409933533,5.77542333898257,5.76467227331748,5.74784369451591,5.72126570601314,5.70987269495122,5.68489744449831,5.6691788232162,5.64261217264701,5.62089288485545,5.58927504279083,5.57955807860784,5.55670575205957,5.53098524166887,5.50992097669376,5.4913403551504,5.46901659023308,5.4499755979664,5.41223229292402,5.40292066952613,5.39021136331878,5.36955523885347,5.34860483679111,5.32724803463914,5.30135977268749,5.28567879012515,5.25841211439706
"708",2.54221438648924,2.53065341207932,2.51844330562902,2.50700069972812,2.49264366033962,2.48155486134177,2.46966831738098,2.4566370830416,2.44231047095931,2.42777349688111,2.41309555532563,2.39686779208585,2.37885176311769,2.36152703709865,2.34374490118903,2.32246617540146,2.29983933975685,2.27614762759914,2.25011837084373,2.22270561033198,2.19498175638762,2.1634990368609,2.1294680865801,2.0929096178302,2.0576615427938,2.02013525869821,1.97933534311293,1.94115390638687,1.90171525634662,1.85996175994791,1.81482921932939,1.77037423171755,1.72168380626491,1.66904679758672,1.61288896159137,1.54752767098027,1.47563289273024
"709",2.88544078186852,2.88031210170952,2.87543017718028,2.8715968078361,2.86614880030611,2.8629842697558,2.86016958813652,2.85689003592064,2.85272611206482,2.84941596873621,2.84644335995762,2.84205007233689,2.83689101691065,2.83357968190782,2.82947683304649,2.82332273265716,2.81742349383412,2.81014463437192,2.80230909452353,2.79461436002199,2.78627219417407,2.77625406175812,2.76561085769954,2.75457334728634,2.74366618976974,2.73208977185179,2.71903626748414,2.70578864557775,2.69418935059461,2.67942874555451,2.66464948547248,2.64998124150617,2.63625755641741,2.62000798194884,2.60469557706419,2.58520900024027,2.56653408155457
"710",0.26082421777026,0.288556507313559,0.310779974980905,0.330437073086059,0.355180576936826,0.375505952694689,0.394707758520624,0.412501833703907,0.432455334492099,0.452564981449185,0.471318202846747,0.491792491993188,0.512277576270452,0.53221377080971,0.549799818662578,0.570539224051149,0.589588167634654,0.609891889174414,0.628646546803501,0.648441939262722,0.665818946174612,0.685810525045664,0.704053523376375,0.723143919735503,0.740679449928857,0.758438971514179,0.773957803865003,0.790636304048651,0.80296956888007,0.820761007286847,0.836558980053149,0.85033616098819,0.863807040660217,0.87607332976314,0.888153726960749,0.901234194384985,0.910880210849582
"711",3.22273966341298,3.22252650353107,3.22555042923433,3.23160558975782,3.23474324243728,3.24067718456117,3.24837058139257,3.25669862815279,3.26442080636709,3.27387887951907,3.28412395164065,3.29329886074091,3.30243197306995,3.31422955899871,3.32475411076477,3.33509160459215,3.34629765994812,3.35631146145172,3.36643581953716,3.37751829263453,3.38735349779953,3.3978425549871,3.40811729494363,3.41845906696065,3.42784069048558,3.43646975512485,3.44441696774108,3.44969248096551,3.45606998183171,3.46081396940762,3.46657752688738,3.47082205619753,3.47755101172167,3.48263582677868,3.48938574839691,3.49642014401827,3.50571920954303
"712",0.000157302600100163,0.00936528534213459,0.0429989555749275,0.0950134494092727,0.180878830137078,0.259100980399962,0.341223476931545,0.421276936489974,0.503311583151676,0.583979673230056,0.658474473206132,0.731250085104819,0.801947800988305,0.869261585087345,0.927579657985327,0.987401196564279,1.04433665136807,1.09642805931822,1.1460523649833,1.19482026967243,1.23607869658825,1.27754351338968,1.31597360207229,1.35421362429077,1.38600372028923,1.41714445597671,1.4437604622491,1.46751192309268,1.48795756378883,1.50888316914384,1.52780436488223,1.54320299729766,1.55932005868582,1.57161670404193,1.58388739936941,1.59337653586195,1.60036619850484
"713",2.45213011353257,2.43644113838554,2.42192381083067,2.40989390752255,2.39238262125339,2.3802375486913,2.36767175267902,2.35472416187312,2.34054461241697,2.32616595025058,2.31222657334613,2.29763172020767,2.28152771190524,2.26686570333119,2.25293091464418,2.23650944831154,2.21977425369407,2.20352832067806,2.18631551501711,2.16891549600667,2.15385491246473,2.13678229752147,2.12021720661818,2.10374147567768,2.09049542103059,2.07626101704847,2.06307738405548,2.05296382605668,2.04543973100136,2.03766527676075,2.0308085095589,2.02667633358222,2.02336409732065,2.02172240857564,2.0228213412172,2.02626690726257,2.03303908058283
"714",1.44348577797224,1.47630218821921,1.50214267512457,1.52524215054608,1.55254352666254,1.57594329074654,1.59888146483615,1.62068704967017,1.6429810945522,1.66530576856438,1.68682767266096,1.7087726943498,1.73022754108971,1.75291148175834,1.77370716258809,1.79470855585774,1.81610734388108,1.83635187373493,1.85652688698391,1.87725646552279,1.89661541583041,1.91543993139884,1.9343929551057,1.95418386890363,1.97197014038663,1.98912967368474,2.0049706036824,2.01949740490927,2.03455036080757,2.0481600220271,2.06165944400716,2.07403736537548,2.08786716493371,2.09992254413013,2.11350583947287,2.12627590189983,2.14002095997415
"715",1.03578773709931,1.05862993108007,1.07433475232398,1.0873876064985,1.10332058327403,1.11657605966841,1.12830625932707,1.13844648740396,1.14970679227156,1.16076161510442,1.1708656280463,1.18207204106188,1.19270437726957,1.20365961888127,1.21324325523167,1.2240062768866,1.23390846202515,1.24464266298639,1.25436790232287,1.26494315328963,1.27471208963959,1.28534220977773,1.2953918511269,1.30642790415077,1.31707608697963,1.32767261704991,1.33701956195166,1.34764880865984,1.35668552250624,1.36832877568904,1.3790347889365,1.38901252527444,1.3993867172279,1.40892938622424,1.41938470447219,1.43045286002886,1.44052049182658
"716",2.5368835422455,2.53128837003507,2.52653900849096,2.52390052348159,2.51820323739236,2.51618471930383,2.51466114528671,2.5132337395454,2.51110057009467,2.50957759980584,2.50876540614479,2.50755945632003,2.50573675586894,2.50622286709874,2.50681740846839,2.50599757738986,2.50611091955459,2.50582766301425,2.50577115288468,2.50632215162854,2.50781179239532,2.50812471698356,2.50937708231247,2.51133487804899,2.51395174821878,2.51592232833636,2.51810307380095,2.52011378504509,2.52473506629751,2.52700106699627,2.53027866474727,2.53406736235352,2.53970846397903,2.54475637313116,2.55214612833319,2.55956527894691,2.56993225848494
"717",1.1795134642581,1.18933187470935,1.19113188485226,1.18940315400858,1.18951773230642,1.18773966734484,1.18296742339969,1.17531249640906,1.16794538924471,1.15950965787473,1.14941154937544,1.1390929567609,1.1269228743108,1.11337667408048,1.09820883451757,1.08209182051589,1.06258275621247,1.04389385924681,1.0214927608674,0.998252146507396,0.973472531267874,0.948075731321434,0.91886743234601,0.887970601266888,0.858809174494278,0.82900528509679,0.795955205200963,0.76812438526048,0.735426346442601,0.708241570730696,0.677753748025852,0.647945970460678,0.615124741835637,0.581537135330911,0.54638187858197,0.509746200760736,0.468995491683887
"718",1.67321693806415,1.69890694821905,1.72481130192508,1.75334489116395,1.77995998306149,1.80765162047936,1.83681130834271,1.86691558251568,1.89694801219851,1.9271678366819,1.95758205973203,1.98905230076761,2.02012300316227,2.05363375582796,2.08600250369081,2.11869118086421,2.15279790870503,2.18555507290979,2.21900667076223,2.2527817312413,2.28620010096994,2.31854811570122,2.35209021502353,2.38628256062898,2.41780194002474,2.44741618908354,2.47671742638273,2.50255791911629,2.53017437645563,2.55438886534055,2.57918524849851,2.60240621027732,2.62753052782349,2.65128885702205,2.67695142965011,2.70324079458832,2.73193860712117
"719",3.05688242993819,3.05943746453991,3.06365636381789,3.06987995068684,3.07450042449982,3.08100236635631,3.08892627221842,3.09715034741202,3.10473351092638,3.11380049222911,3.12347560338349,3.13203305463352,3.14042813495522,3.15135146435746,3.16100118874662,3.17001513372001,3.17996766724413,3.18845864976429,3.19711642221803,3.20658551835276,3.21486434387911,3.22316612850836,3.23138843381265,3.23976399669818,3.24714852267399,3.25387303839276,3.25980145599187,3.26334986189747,3.26845169362358,3.27119609756236,3.27491851895529,3.27748043915402,3.28247177279573,3.28565851684511,3.29064155940052,3.29507565550657,3.30197795914498
"720",2.69832966219157,2.6977221937488,2.69878863216334,2.70240810581718,2.70339020043469,2.70758748002043,2.7130173124354,2.71899224081353,2.72435770413949,2.73077686642166,2.73806026805786,2.74494098752524,2.75156586118193,2.76093325109832,2.76995615558846,2.77810038423591,2.78762566681192,2.79622172224855,2.80542072933277,2.81541386890325,2.82557998992544,2.83505107331474,2.84544851732187,2.85649733494541,2.86704393816858,2.87675757788282,2.88642634381838,2.89425223360233,2.90451357610032,2.9118574329646,2.92035239033773,2.92833643081164,2.93861530988304,2.94771661134267,2.95900637357051,2.97031955289403,2.98460825639509
"721",9.80432333018914e-05,0.000172640177971643,0.000264534555471411,0.000380132410282271,0.000570346996256748,0.000781644093796887,0.00103201325551421,0.00131747135608359,0.00172222594317744,0.00222525197776661,0.00278529502574614,0.00353820784871303,0.00444750858939054,0.00545053478232254,0.00644812181728226,0.00791963664929281,0.00938507554424288,0.0112801058873488,0.0131736543761523,0.0154273759389339,0.017536227035154,0.0205040492339759,0.0233185913661332,0.0264688443767958,0.0296416793429872,0.0331475787606855,0.0363318696131028,0.0401936934557368,0.0424905079733129,0.0473080613224016,0.0516265103818699,0.0553712648433155,0.0588450723989618,0.0622121726289364,0.0652003019946162,0.069068118387726,0.0710001024797655
"722",2.42537759807975,2.39518987784085,2.36882407416449,2.34733793702329,2.31446561900712,2.29093997995312,2.26648654192151,2.24192863435363,2.21519969273887,2.18719719196687,2.15974835392042,2.13181166875757,2.10122275684976,2.07161773306915,2.04447279338699,2.01414518262267,1.98265037020734,1.95406560315448,1.92399773614152,1.89332643044178,1.86984445325835,1.84458718387927,1.82221514545038,1.80091997066279,1.78843984409121,1.77446429098694,1.76703742298718,1.76661047302054,1.77181468466189,1.78005788039834,1.79155556050205,1.80898957467785,1.8275444949397,1.85299566213345,1.8829602192839,1.9223460745689,1.96682543950754
"723",1.96085075600516,1.97265514425241,1.98033930145172,1.98695871350564,1.99503490012416,2.00267405260773,2.0099488652657,2.01633806334442,2.02263317364812,2.02916791219954,2.03555049709588,2.04178632731654,2.04738489030441,2.0545157112458,2.06072058133893,2.06597416338461,2.07163477053714,2.07647344871223,2.08111245822767,2.08623616889525,2.09087280241643,2.09445321517572,2.09812075378939,2.10239691833643,2.10617374065044,2.10957113991233,2.11187770558166,2.11415057198187,2.11745362917553,2.11926129144458,2.12108354563872,2.12271266379334,2.12558413108696,2.12684755656461,2.12962442726326,2.13088734797759,2.13317184773734
"724",2.1009724969331,2.12116521361536,2.14115226291285,2.16297581566646,2.18386423369491,2.20555204783683,2.22866179720303,2.25241557628911,2.27577377848681,2.29966081733242,2.32388541858635,2.34837466604371,2.37253973670408,2.39930942539636,2.42494753501389,2.45029144041644,2.47718557478367,2.50244745714265,2.52846802692803,2.55495688545299,2.58091359463049,2.60587802788389,2.63187655038897,2.65847309402521,2.68285407825458,2.70575065414703,2.72825111288573,2.74751595753582,2.76878786763833,2.78660753957276,2.80525825602735,2.82252216087697,2.84195981521027,2.85987993112821,2.87976528532144,2.8998704444828,2.92258352534699
"725",3.01447282109517,3.00214381023914,2.99219349483561,2.98485110239585,2.97330794600416,2.96607520178766,2.95943621938102,2.95279802128755,2.94512502098742,2.93834685530356,2.93226699041854,2.92496299692795,2.91687677999097,2.91092212201374,2.90483384008146,2.89683997202383,2.88928049030341,2.88103640783426,2.8724736000112,2.86424973049386,2.85655200391437,2.84749770365405,2.83859769563795,2.82970199795193,2.82192151504756,2.81341935113747,2.80475502393224,2.79621723549494,2.79030678444762,2.78173468084998,2.77408894670979,2.76729052338865,2.76215355812346,2.75618008032584,2.75235267183178,2.74756616896759,2.74579454511576
"726",0.415540050259873,0.424156214150946,0.429487359501044,0.435061618627143,0.438100742978569,0.442169534726633,0.444698808767161,0.446547978903428,0.449826244790704,0.452748438697237,0.455285770643025,0.460234683249205,0.464869861623572,0.469599219541629,0.474591541805265,0.482827564139672,0.489823385945026,0.500747936048927,0.510752128822547,0.522333143821043,0.535555976476554,0.552062047062707,0.568872970760335,0.587366910574993,0.607423586255424,0.627328682250155,0.647969892068672,0.671130519387781,0.691379470880192,0.718223511586137,0.744067276336296,0.769151602428631,0.793891146463649,0.819897619810133,0.846517422888536,0.877870221314911,0.907091015435082
"727",2.49201748533884,2.50449866066667,2.51517390941751,2.52592562714264,2.53759907103792,2.54917064823995,2.56151828376764,2.57365089855209,2.58527797740073,2.59774471860772,2.61042431570284,2.62238384305204,2.63398909776117,2.64786202174335,2.66046622944796,2.67203978992043,2.68473198010821,2.69567401647109,2.7069655131919,2.71882983148305,2.72969499657118,2.73961015939671,2.74984993490355,2.760534167748,2.76986215611008,2.77852545995478,2.78624541182208,2.79194776580714,2.79957145309592,2.80405973463922,2.80927697334492,2.81366537637664,2.82020804123914,2.82478332762695,2.83122127150865,2.83625985141506,2.84362460205483
"728",3.37704738316045,3.36916543397311,3.3617881504804,3.35487635860133,3.34654114732493,3.33961328062727,3.33276237898525,3.324816931218,3.31587300014208,3.30811703099996,3.30022269019535,3.28972946028247,3.27819345806341,3.26770485276668,3.25535383678484,3.24046037151145,3.22443534718149,3.20619360642364,3.18585833535632,3.16480412790734,3.14095049452687,3.1145628305276,3.08459054804181,3.05170705328808,3.01775454012488,2.98182728381166,2.94046173606196,2.89787966089788,2.85312610178735,2.80159549888007,2.74447009003259,2.68315341638812,2.61482482796901,2.5320818063391,2.43552582152629,2.30288530420222,2.13190780222636
"729",1.93585989508827,1.97135799895297,1.99985456782016,2.02515083319754,2.05539863900891,2.08090791459464,2.10644668291152,2.13084599912597,2.15497315995372,2.17932601865799,2.20291908385676,2.22590964438789,2.2483448308365,2.27240169971977,2.29417189258753,2.31519393177055,2.33707774689701,2.35658567143552,2.3762896645799,2.39634229811582,2.4144805753364,2.43149717268775,2.4485996256804,2.46618582990161,2.48131503770844,2.49572384879815,2.50860538646137,2.51911158185474,2.53097345593029,2.53972373802554,2.54878498503181,2.55656802528742,2.56631853212286,2.57368272705896,2.58267937222444,2.5898162565312,2.5986365135847
"730",3.34104349794207,3.32923653240953,3.32098047964509,3.31582966640735,3.3061427982798,3.30062955827892,3.29617177217593,3.29194407178467,3.28687352465572,3.28329220148182,3.28050191944172,3.27630404715624,3.2716658781911,3.26933920931601,3.26642969560248,3.26244968066867,3.2588923863996,3.25467014736544,3.25017766926423,3.2464284320843,3.24249752395871,3.23839481841543,3.23416356068499,3.22994453595222,3.22637315156068,3.22223588637962,3.21784738224242,3.21255123019568,3.20942064534942,3.20412473756522,3.19998233089903,3.1958306158451,3.1938839168336,3.19083244804854,3.18987025792059,3.18846939833442,3.19011319260524
"731",0.120383384637795,0.205343564794016,0.28538144213627,0.357482559995564,0.452476667011494,0.526522163984761,0.59857555623842,0.665524014237262,0.733318721276917,0.799377064377424,0.859829728908047,0.918787334040558,0.976077406969596,1.030823492508,1.07797875572823,1.12640490651405,1.17258821385162,1.21470542485727,1.25480186646813,1.29449721915531,1.32750292875337,1.36070494735198,1.3911628331049,1.42164203833417,1.44649611241707,1.47108263306784,1.49123728376822,1.50914584762418,1.52397647248169,1.53922393848908,1.55250579861171,1.56255822092453,1.57327654520352,1.57996470936138,1.58649181844786,1.58944397686725,1.5895731473035
"732",6.28248445700871,6.34113172617907,6.39160463688234,6.43289224495156,6.47720115506363,6.49841419569043,6.5120348799143,6.51501820575732,6.5292454284293,6.55231113829959,6.56558699446937,6.57521945157911,6.58642587152549,6.58427463945232,6.5615591324951,6.56723935170214,6.54756032868258,6.54142603825832,6.51459170912584,6.49510339215589,6.44969785016361,6.4434161539615,6.40862468360799,6.36725911456773,6.32749844732389,6.29397079493728,6.24732776575837,6.20701763405066,6.12778840099856,6.10138043945363,6.06551850012215,6.01484379809981,5.96221648759851,5.90737684053506,5.84403352075762,5.79408508108914,5.7239437915021
"733",1.75255431691376,1.77863146365095,1.80282600981841,1.82795518710333,1.85312702749935,1.87796093968078,1.90376147383445,1.92988782325209,1.95596725712652,1.98229958670708,2.00864042427187,2.03563434625321,2.06224238999399,2.091095299544,2.11867105125947,2.14631117282086,2.17525239348641,2.2027879334173,2.23094030292154,2.25954220305954,2.28758040376342,2.31464874303017,2.34273199464848,2.37156300561997,2.39804147969193,2.42305348953843,2.4475818635097,2.46918979384263,2.49254887088074,2.51276797099176,2.5335717664333,2.55303226363388,2.57444930409375,2.59441593401939,2.61632670304183,2.63846039209681,2.66294999026065
"734",4.59993774563757,4.59443412415599,4.59358684792603,4.59527586907639,4.591219526697,4.58779293558135,4.58481664271582,4.58079854690161,4.57790132898272,4.57869597266839,4.57886048364333,4.57658971530245,4.57458621381194,4.57267170836525,4.56649335096432,4.56493808418739,4.55943538750182,4.55569504801006,4.54821980775064,4.54299922584078,4.53259559716937,4.53011787941219,4.52221150563317,4.51283004226106,4.50413749514084,4.4960309986059,4.48549775849126,4.47404046590856,4.45699024625518,4.44810423787636,4.43888230882967,4.42607920616582,4.4152487144614,4.40291015663044,4.39042609005969,4.38090620234779,4.36995069208065
"735",0.0282957110299246,0.0357496810241933,0.0414230776160786,0.0457485492199406,0.0528832670614674,0.0579289324556224,0.0621391502089362,0.0652592116028001,0.0692919197890822,0.0733041006296473,0.0763796761279846,0.0797746328851427,0.0829806068960801,0.0851679771742436,0.0858645486576542,0.0877082871635212,0.0878579522198567,0.0885278676282859,0.0876500689361069,0.0869401370485523,0.0843800775620703,0.0831210015894802,0.0799914820025438,0.0766845475812865,0.0731302735744679,0.0700298348577772,0.0654502078203382,0.0622115511606875,0.0565426631385004,0.0537797641822226,0.0499505636250089,0.045668827846415,0.0410405655367363,0.0361335960080724,0.0310674504916239,0.0260609653331454,0.0204652496461119
"736",2.37430338118647,2.38073167300631,2.39047246243077,2.40453585499213,2.41448845473634,2.42858962292396,2.44474188783515,2.46239844996304,2.47958479362309,2.49767846713715,2.51687294059955,2.5365973575714,2.55620645681654,2.57901680714825,2.60154541728404,2.62388508154814,2.64812029331376,2.67132405284448,2.69554953643778,2.72044019535982,2.74561699365467,2.77001014373694,2.79580291135152,2.82222972461706,2.84696180933485,2.87003306863414,2.89321291541041,2.9130653576951,2.93513609616505,2.95381762899155,2.97354355295306,2.99190192884443,3.01247355767024,3.03181453591171,3.05313162560628,3.07529471353158,3.10020309192656
"737",2.56546573522249,2.53269666792839,2.50393727715303,2.47996163767583,2.44417408647856,2.41781634474824,2.39028746941562,2.36233442227764,2.33176169911816,2.29960008082626,2.26764775361479,2.23446398407398,2.19796322755999,2.16174443037098,2.12758487422544,2.08892598106515,2.04790617418871,2.00908265347433,1.96732222200496,1.92344639005408,1.88648426941052,1.84600613385469,1.80700613812081,1.76728805603028,1.73788410046033,1.70579092189367,1.68080705537338,1.66544180799678,1.656575977181,1.65225539108987,1.65198642038783,1.66081871058067,1.67044174173002,1.69051437987748,1.71644062839859,1.75561198984756,1.8016539018412
"738",2.18919330359622,2.19616377415374,2.20373529544526,2.21375043883927,2.22147225553977,2.23198159866075,2.24362954043297,2.25598367822173,2.26807734600942,2.28084950324828,2.29439667165598,2.30842228419309,2.32222157660929,2.33876841677978,2.35511101683687,2.37109843004027,2.38867590964428,2.40557795009483,2.42332869085314,2.44185645533206,2.46089469221584,2.47909567021004,2.49870185255101,2.51925642025765,2.53876690073293,2.5571124601901,2.57558501993834,2.59191787962419,2.61059103754618,2.62627252502386,2.64291365378296,2.65881861638168,2.67681122713881,2.69377784726898,2.7129224496475,2.73258174028693,2.75503108447591
"739",2.84271501996313,2.83344735954016,2.82624474925013,2.82167485753995,2.81330200003034,2.80910827740527,2.80565904857096,2.80241590006365,2.79829847086709,2.79506184736911,2.79263946280187,2.78941566350551,2.78559528698226,2.78416668301042,2.78274348051186,2.77977474238908,2.77767204227249,2.77499854513762,2.77245273241632,2.77049598843878,2.76927170708001,2.76695019597222,2.765328763985,2.76416666111963,2.76376398548748,2.76270119921553,2.76178329660792,2.76048904936174,2.76194409143327,2.76077854958788,2.76075923807761,2.76124732889423,2.76373001363533,2.76549556007001,2.7696062899917,2.77350554737439,2.78059602348573
"740",2.09991724910287,2.20761968430533,2.29464428103012,2.36895986453424,2.45004675845056,2.51385734594586,2.57601256679225,2.63421533687746,2.68905271242816,2.74217537291094,2.79194381088165,2.83850956466269,2.88320140573306,2.92844243597079,2.96838464164899,3.00706761666774,3.04589251362532,3.07994744617875,3.11353308709623,3.14670080120256,3.1755620854562,3.20376759145763,3.23089664651088,3.25743308707922,3.27976647337065,3.30071422834289,3.31946036937125,3.33349058509839,3.3478612378797,3.35938381102976,3.37134619092756,3.38055242129541,3.392205151773,3.40101812090527,3.41107847846556,3.4202153489743,3.43096396989235
"741",1.85482702297712,1.90362042893896,1.94600226167486,1.98564504315123,2.02914994260585,2.06698972113875,2.10528148142652,2.14266146703381,2.17921844510596,2.21557144221499,2.2508276443958,2.28541449856065,2.31918424840616,2.35462340723924,2.38724209686833,2.41925461642445,2.45226758377554,2.48232174264564,2.51268343173312,2.54310703575022,2.57141704495148,2.59850819373805,2.62589137698065,2.6535605082818,2.67797037505908,2.70100558851862,2.72277288507588,2.74088829259968,2.76052626412297,2.77654898152328,2.79312572489567,2.8079344283269,2.82494505042817,2.83979497784164,2.85640910768078,2.87229153659645,2.89040987052964
"742",0.902028916336625,0.945495596366181,0.981184782358471,1.01362077948821,1.05134119055005,1.08340960696521,1.11476860929429,1.14479827226846,1.17599989998991,1.20701599303619,1.23664758856926,1.26735318673038,1.29759922882976,1.32840690933977,1.35665952643973,1.38636026483408,1.41581319840913,1.44449396451939,1.47268157165355,1.50143306791515,1.52820497705913,1.55520450868289,1.58190080299598,1.60946546575405,1.63438890877137,1.65856663048812,1.6811253681384,1.70234591021557,1.72287398539762,1.7433192002159,1.76312622038856,1.78127315802078,1.80050113216463,1.81805320111196,1.83682007191037,1.85547621388084,1.87423364705741
"743",3.04531374649018,3.00988180003085,2.98011584726462,2.95578580884794,2.91893492489298,2.89185230672824,2.86420198672726,2.83645171904028,2.80593207860477,2.77440061755833,2.74334279735305,2.71050769521587,2.67458897439727,2.63942705495328,2.60618659614012,2.56822698397346,2.5283853620441,2.48997767487105,2.44898906919179,2.40588967349974,2.3692118738385,2.32845580035014,2.28909776345354,2.24860791127072,2.21759447362508,2.18354222298142,2.15609647943225,2.13686177197721,2.12521990719313,2.11556548755956,2.11032591013904,2.11426207606884,2.11951618199394,2.13475704762898,2.15630571859715,2.19018626029578,2.23241435351513
"744",1.02478929606862,1.05718484934393,1.07805943091923,1.09270693967061,1.11493024877129,1.13041275091893,1.14342008414112,1.15340536017827,1.16448397017231,1.17516910706224,1.18394050308153,1.19271344155904,1.20057361609879,1.20771940333997,1.2120877186963,1.21669973188358,1.21939378904265,1.22158605677288,1.22161928567474,1.22183420386304,1.21886081994239,1.21604384103193,1.21042816923071,1.204555212455,1.19739074698549,1.19052049626926,1.17971751834392,1.17085000625078,1.15789898484542,1.14797355242973,1.13521951032873,1.12086168980524,1.10524950828251,1.0860298101208,1.06519514040786,1.039476554558,1.00813508374781
"745",3.0489836949576,3.04607030012113,3.04423071240837,3.04389939335742,3.04189089581169,3.04204400819494,3.04305256668599,3.04393431821051,3.0440660708132,3.04545891576059,3.04735010581557,3.04787271137661,3.04796138595026,3.05024353511516,3.05151861154329,3.05144169141385,3.05195768070594,3.05109783865304,3.05006407785982,3.04959271609282,3.04823479865318,3.04613693706782,3.04373252280957,3.04129922627582,3.03858782726771,3.03536890475823,3.03112217922131,3.02565459707814,3.02205957449181,3.01560730673354,3.00983798790438,3.00369529826462,2.99950222800197,2.99326080345598,2.98867581640485,2.98186751964991,2.97724592835552
"746",2.2909015696098,2.27130646404523,2.25539810115067,2.24447251781584,2.22466709881422,2.21306123156308,2.20176401072363,2.19135372441428,2.17999434797252,2.16862308407713,2.15863243941457,2.14948497923491,2.13944471585554,2.13209923618462,2.12705516772413,2.12121371327238,2.11661695954324,2.11434141796449,2.11287444953735,2.11256733884992,2.11711278680212,2.12123959394467,2.12855746326616,2.13780594692069,2.15035995436323,2.16183532795862,2.17649538864758,2.19228339709986,2.21180778477689,2.2303639757492,2.25066681681125,2.27235339342133,2.29570304674567,2.32076458882812,2.34876306109699,2.38054884262892,2.4158821371513
"747",4.56673799017477,4.53923083484678,4.51810390917668,4.50132569076943,4.47062977337471,4.44562798804255,4.41965349389651,4.39241362192219,4.36379460044605,4.33628526277512,4.30796825577009,4.27611191360652,4.24160950129759,4.20631037649563,4.16994193427508,4.13249025859777,4.09024562779391,4.05013265267636,4.00526405051996,3.95895132630828,3.91592429300051,3.87277504714271,3.82800492880015,3.78055767311831,3.74276659984219,3.70167299850622,3.66702696032871,3.63921584993218,3.61870519766658,3.60142801920551,3.58964273450847,3.58663031026028,3.58604503905868,3.59578835991314,3.61158171697002,3.64047082679569,3.67696124619961
"748",0.235241092683896,0.24666323995902,0.253156292781424,0.257700331765865,0.262986470997505,0.266570891311695,0.268051737956408,0.267851267332358,0.26885549799242,0.269320808176227,0.268627940465191,0.269104176787511,0.268942769009017,0.267729758959686,0.265658007396341,0.2656766601099,0.263494853409548,0.263849672453711,0.262353744412941,0.261618897100894,0.260757525649039,0.262425516347578,0.262848727432661,0.263886362118087,0.26635810342734,0.269201814794481,0.27165170165376,0.277269584419146,0.279365018294289,0.288133825137255,0.29566657334808,0.302912318163859,0.309393644109455,0.316817536685966,0.324135880518608,0.334733920161327,0.342447295954052
"749",4.30923741590123,4.29283292794058,4.28107086777209,4.27209674005992,4.25588194062977,4.24263610705198,4.22942772970235,4.21520098097463,4.2006530425544,4.18841327467371,4.17583938774534,4.1603664219559,4.14403824318741,4.1280833799941,4.10972093870584,4.09188641764938,4.07110618174986,4.05072703733553,4.02716905668594,4.00409300925807,3.97878728453719,3.95553825145218,3.92858390489258,3.89951431836529,3.87247991810751,3.84449115257421,3.81489866070697,3.78575815015785,3.75631788535011,3.72710685248492,3.69772388842361,3.66846338853115,3.63978041980789,3.60970876709662,3.58027737707813,3.54885858059582,3.5191165306624
"750",2.55244172276636,2.52914504322935,2.50862775887299,2.4918153107487,2.46682250072419,2.44909867384988,2.43087184330233,2.41244808956202,2.39233286499781,2.37168409064857,2.35159626622715,2.33076813375976,2.30798423023084,2.28653728468188,2.2665020982403,2.24351023476841,2.21989632346459,2.19751102723651,2.17391272655019,2.14985017123687,2.12983561730647,2.10759759298985,2.08657109989073,2.06574067651124,2.05017637969085,2.03329369918583,2.01934933428541,2.00996468103828,2.00450129639803,1.99974352143707,1.99690610499635,1.99838238934457,2.00091500053997,2.00746346122066,2.0178135533967,2.03372002876306,2.05447596000395
"751",2.77019538500239,2.75354580958279,2.7412026737725,2.73352804069137,2.71875363195605,2.71092072797587,2.70413499979675,2.69832434825474,2.69155232928166,2.6855407752353,2.68093489228431,2.67630353431139,2.67114062975601,2.66894685313036,2.66797660531387,2.66589322461834,2.66527282528048,2.66528148271816,2.6660822463915,2.66786354822959,2.67232996767646,2.67606708784403,2.68192479326665,2.68896993357274,2.69767166155514,2.70541135028046,2.71486893379231,2.72390698063155,2.73651562146567,2.74672297191661,2.75866962123396,2.77129478929413,2.78611321914303,2.80131552940328,2.81928152072241,2.83923861417655,2.86297951403873
"752",0.796698028785984,0.80391411580718,0.814177810659837,0.830482010364337,0.838747982225608,0.853429369842579,0.86928745151442,0.88740401877338,0.907146996130605,0.927273617218154,0.948669203826978,0.97421363956745,1.00010828586476,1.02851390994742,1.05806479191843,1.09131517769862,1.12543377181676,1.16243961377462,1.1999521808943,1.23870740464018,1.27947551848712,1.32138206960819,1.36490314129559,1.40975730642123,1.45312832127323,1.49416539126965,1.53582804059573,1.57557033738561,1.61503363858625,1.65468289675592,1.69384209534963,1.73119160488051,1.76911550978481,1.80690505429338,1.84606513283697,1.88817378245309,1.93095448286547
"753",2.69236234380801,2.70469883951892,2.71254863594714,2.71804035334766,2.72716936361389,2.7339957493234,2.74074105356842,2.74610038467047,2.7508294191076,2.75638484675992,2.76153843526314,2.76484669133276,2.76747928017013,2.77151478221934,2.77343944176895,2.7733078571439,2.77325702639489,2.77059263549126,2.76715524353761,2.76370557727381,2.75755613136518,2.74956874401407,2.73986160299183,2.72931904316515,2.71705418950362,2.70430907593488,2.68804613169061,2.6705270860379,2.65303260530733,2.63142981932246,2.60827926755507,2.58340141991865,2.55831613072719,2.52714570315235,2.49417279752969,2.45011658473281,2.40095615116989
"754",2.69664398106913,2.71059849899591,2.71845806368733,2.72267427968162,2.73201231964837,2.73780803713873,2.74306869265866,2.74636122144998,2.74898545851543,2.75232451514099,2.75489853737718,2.75516215924519,2.75453907365009,2.75481954049877,2.75249678481884,2.7475389675512,2.7420482736001,2.73334314737137,2.72312573360479,2.71234795127566,2.69766748227592,2.68024411581257,2.65951746306744,2.63667676429397,2.61114736548085,2.58456893898525,2.55177177373937,2.51731543460861,2.48007579603596,2.43666414024431,2.38784109431214,2.33411210991746,2.27489093496003,2.2010135080908,2.11501676085353,1.99530552086673,1.8420387323923
"755",2.83018536000646,2.81171766999692,2.7976616455294,2.78826746573774,2.77146505307846,2.76176132268725,2.75298357732005,2.74507137099737,2.73607969014267,2.72778725497803,2.7208488551727,2.71370836545692,2.70590742246705,2.70095272804421,2.6972632831286,2.69224857725231,2.68852415266126,2.6854930252484,2.68310136724852,2.68161206794889,2.68298344819181,2.68353939259918,2.6861819599911,2.68996557277779,2.69583198421579,2.70077881820062,2.70761528477296,2.7144511253794,2.72503105948605,2.73335809652535,2.74352366077968,2.7547013002064,2.7680609810892,2.78207063214706,2.79896790346947,2.81805326391854,2.84110902035345
"756",1.9272579605775,1.96661980537554,1.99740792120815,2.02382951499548,2.05653702520898,2.08319338273868,2.10960284954734,2.13448052698064,2.15906839702509,2.18382639622831,2.20757786649994,2.23047633663633,2.25276332604045,2.27646816048104,2.29758512046893,2.31781481903686,2.33875625913949,2.35707424188214,2.37544835555325,2.39411495141523,2.41046823092923,2.42563970917248,2.44061365267008,2.45597218640867,2.46873342170969,2.48091412597605,2.49121115472381,2.49922499018585,2.50836843298227,2.51439540305967,2.52054971751792,2.5253473156983,2.532014729352,2.53592261271864,2.54125263014771,2.54395005591323,2.54789434945273
"757",3.05675025702289,3.04381796867591,3.0318178040004,3.02109346558181,3.00727524223236,2.99665476171226,2.98588974531452,2.97425228265008,2.96129678331805,2.94886458896766,2.93649822550194,2.92201635177014,2.90610794149433,2.89130564223037,2.8756346967481,2.85668812242421,2.83676502630137,2.81515641174507,2.79155090927009,2.76686141986678,2.74105611318197,2.71177076261989,2.6797989423453,2.64517111221483,2.61087080169998,2.57431585410202,2.5338241547679,2.49396780000691,2.45325248892127,2.40741999488724,2.35768538574602,2.30691248711776,2.25126220293945,2.187906548875,2.11804551147008,2.03038361367431,1.92902938483295
"758",1.69346254909533,1.75459135959567,1.81022282826822,1.86369005577253,1.919204372378,1.96836090715161,2.01809709949799,2.06693472823009,2.11428833473753,2.16076555019103,2.20565073899787,2.24977265644675,2.29264095511217,2.33697707904405,2.3779757605101,2.41836961183539,2.45963796522405,2.49748032657551,2.53551272337476,2.57323371946302,2.60865101722689,2.64262100362864,2.67688952024053,2.71118610607394,2.74162277153816,2.77013975007584,2.79744978490481,2.82034706300083,2.8446867824122,2.86515965764034,2.88618060445093,2.90508572953519,2.92616347998944,2.94515095463752,2.96583653169798,2.98633347344643,3.00910751787631
"759",0.106141508473944,0.123537010969167,0.137145202500559,0.148581608097301,0.164522730234278,0.176935152966901,0.188237473860816,0.198134067944798,0.209815097028118,0.221649415764608,0.232239351069167,0.243993993542416,0.255749503066094,0.266539869792842,0.275208506820933,0.286494957557656,0.295743973514738,0.306256573726467,0.314911282612878,0.324369325259945,0.331257732616872,0.340826408657884,0.348044079620602,0.355639201864866,0.362312172365042,0.369598195652872,0.374408673925666,0.381183856311931,0.382846451682532,0.390911048012608,0.396702344828416,0.400682639496259,0.403767626457666,0.405672339294905,0.406617785766764,0.40802869834867,0.40498833351913
"760",3.28093153840259,3.31782613485695,3.34885801301834,3.37607253541613,3.40826326734359,3.43374549405459,3.45982091966088,3.48425725547769,3.50776885147819,3.53274443611809,3.55658384176528,3.57765650740969,3.59836077127857,3.62028322741254,3.63791745804108,3.65571287232514,3.67296740961204,3.68736221784404,3.70061720085783,3.71456246253242,3.72368331966652,3.73463083554627,3.74298120138358,3.75047944504907,3.7553623826444,3.75999622134488,3.76180556110678,3.76024383012916,3.75737676615798,3.75432948742747,3.75137497099538,3.74546338780398,3.74193075049465,3.7350632693907,3.72881892639475,3.72066289201515,3.71291414686324
"761",3.07353576129895,3.05513399790813,3.04191635357996,3.0336271046382,3.017886570859,3.00912135410867,3.00162713202372,2.99514289413251,2.98763544779173,2.9812234790732,2.97623579667798,2.97080300850238,2.96490949027802,2.96199927564338,2.96001058652107,2.95697050967137,2.95524028783637,2.95392567030092,2.95323971795265,2.95356361357219,2.95607307028546,2.95816703027423,2.96197165293688,2.96669476577884,2.97299992558769,2.97839656853776,2.98529250494807,2.99145948209684,3.00101981031463,3.00825088903488,3.01729473568894,3.02680644645182,3.0386752277172,3.05072160814547,3.06543345497618,3.08200420665833,3.10235180511555
"762",2.0253129571277,2.04135348525007,2.05638558958549,2.07276708010921,2.08851823290535,2.10523920784052,2.12295157648606,2.14106317398049,2.15900695752839,2.17747612489448,2.19632643786362,2.21559690355332,2.23458024142774,2.256047594749,2.27672501962586,2.29713662905191,2.3189897238852,2.33971125997751,2.36115138693918,2.38322282513401,2.40514757792011,2.42616041671529,2.44829991399929,2.47127477890683,2.49259006762592,2.51270671547552,2.53254758860105,2.54994383538297,2.56938356093551,2.58575425379467,2.602900289926,2.61904425461855,2.63724235580088,2.65411699835007,2.67304747239958,2.69213856860761,2.71378795894661
"763",3.39354224738604,3.35739174772417,3.33104882799199,3.31341125035455,3.2805311261681,3.25994418995543,3.24099618640793,3.22427653994386,3.20593356685701,3.18853480555874,3.1735887639893,3.15896666929957,3.14375000424116,3.13250749550166,3.12471370206161,3.1166078272635,3.11065219250163,3.10792847952675,3.10689692384393,3.10771109649528,3.11503684005915,3.12300474235286,3.13517155462442,3.14919163784576,3.16712541672414,3.18323580843148,3.20363028128718,3.22300656402745,3.24651036081532,3.26805850834083,3.29187735564012,3.31577743051408,3.34159828141297,3.36853519913713,3.39760866633223,3.43079284105595,3.46688152195826
"764",3.34442450519808,3.33328977602371,3.32485979489394,3.31880701859689,3.3090080218322,3.30268319188377,3.29710856854249,3.29138327304069,3.28475106929572,3.27949396794439,3.27477518160148,3.26832353611759,3.26124646491391,3.25613602659868,3.25016148248021,3.24268417823068,3.23524105496577,3.22679139076118,3.21764791137717,3.20892217006496,3.19954013640428,3.18944652920216,3.17858736696199,3.16726282296645,3.1565186579983,3.14514049289094,3.13278860150553,3.1199167435358,3.10891137008701,3.09524798376201,3.08216082568008,3.06919563626646,3.05781646237141,3.04458881050845,3.03287514690218,3.01865327244878,3.00660766151656
"765",1.91606172417585,1.90141890280007,1.89352781050998,1.89386591119719,1.88263662060684,1.88205979301124,1.88340711294309,1.88766511192279,1.89192298610828,1.89678856854472,1.9041148627448,1.9144069953849,1.92484966664622,1.93940170071651,1.95680717413209,1.97552793133557,1.99682358966352,2.02059180497222,2.04618914132949,2.07318125939442,2.10443535472077,2.13538937209665,2.16972391360214,2.20565201615528,2.24159467659684,2.2750586416332,2.31060407759113,2.34367651966824,2.37943174259129,2.41229632943727,2.4460864521434,2.47895760565743,2.51326731792855,2.54764657649636,2.58408813038767,2.62322139871184,2.66501000907061
"766",0.855492480353653,0.889918083492481,0.914557061357427,0.934353888200055,0.960491184511711,0.980704238328591,0.999044444609736,1.01509278587163,1.03254855433125,1.04977738580373,1.06539619810828,1.08179137631247,1.09762025161061,1.11321304819511,1.12636053149869,1.14081421136972,1.15398401931382,1.16721795373177,1.17905722653027,1.19157657077382,1.20178728202751,1.21290432885626,1.2225329565664,1.232817567718,1.24170751084392,1.25076479067916,1.25739560296592,1.26505505511999,1.27004816466802,1.27787677946287,1.28413023612857,1.28901397278149,1.29399293734878,1.29708001908793,1.30036818580911,1.30263529222648,1.30251247436924
"767",0.419731361056757,0.455876816510556,0.485444571891582,0.512112540607209,0.544395545969786,0.571415473918565,0.597446385473098,0.622079291706274,0.648784227413518,0.675543721154238,0.700824606241212,0.727819320363114,0.754692327179749,0.781343224203778,0.805381163623791,0.832293988781089,0.857939537411654,0.884163440724983,0.909156903967473,0.935054849249338,0.958528403348054,0.983871298997454,1.0079419612825,1.03292590593879,1.05571084977576,1.07830256133264,1.09878971114569,1.11940947435063,1.13689220583976,1.1578658916399,1.17725234702758,1.19461795780688,1.21219206625864,1.22834079530245,1.24485803829367,1.2620240298624,1.27703824226912
"768",1.64348322937512,1.66616701621798,1.67901566141534,1.68658426085556,1.70053742483374,1.70954703714464,1.71661928374104,1.7209848280485,1.72553867857666,1.72985164933107,1.73273517351425,1.73468441930642,1.73549444069313,1.7361934873483,1.73445632041082,1.73113704396693,1.72638761637189,1.71995876343028,1.71144712610182,1.70249572899233,1.69028183841745,1.67629259656561,1.6591126115022,1.64063030844806,1.62054646322184,1.60005715282505,1.57438232526995,1.54995032149542,1.52161490484753,1.49291376196835,1.46007974812605,1.42490449160286,1.38657548539578,1.34105925916121,1.29074830317659,1.22715415411363,1.15203343839855
"769",3.84677270410683,3.79874581599431,3.76610440524665,3.74720732348984,3.70416176870455,3.67919569667309,3.65747026395383,3.64053853180925,3.62225289870222,3.60589934817322,3.59397790206481,3.58446576216376,3.57551287720728,3.57283106196785,3.57603213503278,3.58202341501762,3.59155170289884,3.6068333530241,3.62464841197544,3.64504641457027,3.67250398006313,3.70235827017226,3.73552437432084,3.76899913778723,3.80391207366979,3.8349511271775,3.86851066366921,3.89759975156815,3.92615976805939,3.95486852384267,3.98394698648776,4.00939910041039,4.03551821164893,4.06085409071011,4.08571201557515,4.1148051447738,4.14263723284401
"770",1.50967624669691,1.48116371551682,1.46413093417834,1.46050070231228,1.43627443429269,1.42946031270723,1.4253675665844,1.42650905820756,1.42810673159656,1.43028213064854,1.43659272810853,1.44878088789074,1.46168298457704,1.48011660040448,1.50430286541599,1.53221362214123,1.5634932270129,1.60030633172798,1.6395609063321,1.68052344986856,1.72842432212914,1.77639911971801,1.82864610408642,1.88230616546405,1.93565483458885,1.98476000511799,2.03661308996632,2.08489244930191,2.13506540109268,2.18226353486461,2.22963559355119,2.27521856153764,2.32131707241218,2.36763887295834,2.41543971506436,2.46673210922402,2.51988143609868
"771",0.338393590244088,0.352346787921647,0.358689827607268,0.361157484709145,0.366072122991998,0.367610243044504,0.365995357940924,0.361528423348775,0.358081382569975,0.353651281675782,0.347294553379839,0.341290453049704,0.333979336732144,0.324622151736876,0.313627759135193,0.303640687228992,0.290247444692046,0.278748231296882,0.264212691997297,0.249711576764995,0.234213406473563,0.22034125584223,0.204024462699527,0.187473630504362,0.172941397004034,0.158977434156951,0.144189539749646,0.133267778334945,0.119705821326762,0.111175376583058,0.101606775749118,0.0927745952422163,0.0833155206357367,0.074769391380567,0.0663649868351268,0.0592070364365161,0.0513244938743587
"772",4.57257936921458,4.56766784520382,4.56516575830823,4.56323130704155,4.55752418643875,4.55077651496046,4.54357476457765,4.53427191222421,4.52570156018683,4.52029714368222,4.51358177433275,4.50340545332678,4.49278515629189,4.48135990070387,4.46517527328574,4.45156836284951,4.43320407174798,4.41510209395071,4.39225387937787,4.37025821367254,4.34219034656543,4.31865143979766,4.28811203824839,4.2541967203654,4.22021863233995,4.18556499643949,4.1456072768325,4.10458039733462,4.05836210136077,4.01277678961286,3.96294743941636,3.90843529986697,3.85007517522411,3.7812189128527,3.70281164335673,3.59972967802787,3.46985449047185
"773",0.012255846314739,0.0188292699171478,0.0249503819089487,0.0303831643133245,0.0397220243802148,0.0472139119293484,0.0545568314465293,0.0611945214598159,0.0692243350969499,0.0777485866429217,0.0854846532858774,0.0938034562316323,0.102354416692107,0.109995007814421,0.115549748389065,0.122786849412789,0.128230252020271,0.133878414804946,0.137754126394169,0.141927649749303,0.142845449828916,0.14552035966042,0.145408198303396,0.144979432379888,0.14315581292635,0.14197428386441,0.13784882213805,0.134982487949963,0.12776657836261,0.124728773995168,0.119581708169211,0.112918843800046,0.105462198674683,0.0965211232325882,0.0866909733295463,0.0758040139069401,0.0627998936863058
"774",2.3674457859457,2.37487997536733,2.38062368236072,2.38669347851825,2.39290836798307,2.39994852569976,2.40744423160982,2.41467023020481,2.42146465105138,2.42891832578597,2.4366633345259,2.44393920953956,2.45075952526864,2.4597346997173,2.46790970528328,2.4749379870775,2.48295172879902,2.48973108861436,2.49676714400021,2.50437432035125,2.51159651788454,2.51769478121585,2.52427092499046,2.531429062729,2.53786894288911,2.54373041785887,2.54886890832105,2.55286602471275,2.55884614314937,2.56205510817173,2.56589675807645,2.56939802437825,2.5747834009018,2.57853867318228,2.58420889933054,2.58860010253152,2.59520573797817
"775",3.76611649013379,3.73650218114933,3.71551586632194,3.70158539207216,3.67511306701266,3.65802730131395,3.64239933752094,3.62818421677746,3.61281161776668,3.59906221568806,3.58703912901118,3.57430693563867,3.56111519149907,3.55101766213806,3.54240686556884,3.53390125976814,3.5262360809672,3.52070524461697,3.51561386693842,3.51217988012791,3.51224577648842,3.51389772365977,3.51750762345276,3.52210497763198,3.52990204147895,3.53659241213568,3.54606079795275,3.55471564213176,3.56609793627191,3.57715674422141,3.59032112995867,3.60331096401025,3.6185729038088,3.63458247360438,3.65262770950049,3.67452889590049,3.69905638603153
"776",3.1117683027874,3.10349933886037,3.09729751510687,3.09330683802918,3.08621396592572,3.08244155868036,3.07948044403815,3.07650277777256,3.07265995516742,3.07002083851752,3.06801336065827,3.06465028150459,3.0607397833063,3.05902627602107,3.05667785964694,3.05281724617529,3.04945801122255,3.04506634286936,3.04042247656043,3.03629457924403,3.03185206315896,3.0265395106643,3.02106958252534,3.01556095102402,3.01040259165516,3.00466178476761,2.99827016403609,2.99116074604603,2.98623645755021,2.97855613211716,2.97169761532545,2.9649376585446,2.96005617974129,2.95361756470273,2.94904125203478,2.94278570028735,2.93911522997199
"777",1.86559396486104,1.86921296288585,1.86857895740315,1.86683335454254,1.86529398292397,1.86430647646844,1.86209768418798,1.85845866170246,1.85454581364796,1.85037431823961,1.84577333805713,1.84083726538149,1.83469670791424,1.82924957920982,1.82311137330003,1.81543392984637,1.80694526845388,1.79831284353447,1.78829652629628,1.77822212057563,1.76792740351636,1.75624654639454,1.74354325741846,1.73067649960021,1.71874739159396,1.7063622167466,1.69240470885015,1.68084470941716,1.66879660792731,1.65743481803839,1.64505703065727,1.63332704450994,1.62129455023093,1.60805178494947,1.59536067404291,1.58085436849621,1.56539889061707
"778",2.81089826434915,2.79354065396154,2.78164202019753,2.77533786947797,2.76100965663486,2.75443644433153,2.74936027561281,2.74575539740833,2.74127536749314,2.73776834873105,2.73598089247261,2.73448941985182,2.73270778774124,2.73431256423562,2.73735165560367,2.73971490972787,2.74394011892125,2.74892880170863,2.75506258042221,2.76236730017432,2.77246441389473,2.78210758172523,2.79412474104331,2.80739046696088,2.82184021327986,2.83508132169272,2.850081767048,2.86379125631097,2.8809225373442,2.89539370727868,2.91158279338426,2.92785281572303,2.94636474627308,2.96498928605927,2.98615837991045,3.00941474637882,3.03620821689336
"779",1.59393922527271,1.60874943035186,1.62018025954696,1.63161685148237,1.64315306697039,1.65503116259083,1.6667372416193,1.67809680477853,1.68985079920919,1.70177198090303,1.71371179551805,1.72658618630436,1.73905441564821,1.75324981435305,1.76690284918443,1.78083269895947,1.79540836267979,1.81007228798108,1.82491188857604,1.84058962517985,1.85653028004625,1.87216567922243,1.88865384993774,1.90631040700532,1.92328590210091,1.93956354564125,1.95557445360198,1.97103257750769,1.98753931447343,2.00310757238994,2.01891101753793,2.03420044838849,2.0509115365003,2.06681975805895,2.08460620598052,2.10298263444287,2.12291199881741
"780",0.287180318224838,0.307692517081151,0.323550514791291,0.337852461988459,0.354502393473839,0.368713445659389,0.381698539275138,0.393583789773928,0.407400016510841,0.421250100771789,0.434138307703832,0.449016020058098,0.46386522505139,0.478402766799379,0.491514804736281,0.507877031155194,0.522707846506088,0.539729057535164,0.555410053519903,0.572328308172048,0.588116824221768,0.606815762746481,0.62437620659387,0.64303618883738,0.661151178038396,0.67940139125072,0.696342243713556,0.714932989299077,0.729523114078587,0.750123037873211,0.769029940541885,0.786326136178805,0.803283747603038,0.81990188197208,0.836583646823015,0.855619641421184,0.871621733109313
"781",3.63725547007565,3.61499549955274,3.6008573418825,3.59339249104226,3.57587291403714,3.56649260265662,3.55911231880855,3.55335417096799,3.54686675205583,3.54239407399173,3.53967478187115,3.53645547904569,3.53325325993714,3.53333336469894,3.5340177084003,3.53522520167905,3.53746453502171,3.54077771093314,3.5445107077664,3.54982004037742,3.55653823950191,3.5649382720932,3.5742467126802,3.58406883190671,3.59504812250952,3.60496053430046,3.61601707799327,3.62505462006254,3.63552997222243,3.64563791905929,3.65725308402819,3.66765238499694,3.68037336958777,3.69273767623486,3.70675063811773,3.72351175471,3.74237323160542
"782",0.223694470965372,0.245024467834457,0.26377325477495,0.282446542565372,0.303028672583347,0.322031333044149,0.340791448935124,0.359350828016951,0.380146027904933,0.401355445853541,0.421998954438826,0.445214408148184,0.468793253266025,0.492591475360065,0.514967782371561,0.54121524821836,0.566434871781411,0.593670623720954,0.619963329001231,0.647543111750321,0.673851020321445,0.703001546215144,0.731318683282152,0.760799924247084,0.788717463883266,0.816269379248882,0.842473815976328,0.869104201706822,0.892046752173602,0.919924819761974,0.946144989963087,0.970248253042076,0.994245816686092,1.01762443447463,1.04126284062558,1.06722350241696,1.09067878719529
"783",1.30449904070717,1.36410099370154,1.40897630169086,1.44532094747222,1.49269081144541,1.52878341651229,1.5632538787436,1.59473518368618,1.6265423577546,1.6579564982338,1.68714284968109,1.71556510610908,1.74316467781026,1.77100334756272,1.79512758611999,1.81894655115044,1.8425501385196,1.86343614238548,1.88369000537733,1.90412246080121,1.92102972535352,1.93707854862899,1.95201775279952,1.96729118536425,1.97931377832681,1.99111065334235,1.99993369922917,2.00716497079869,2.01386882498612,2.01885602939477,2.02295923507558,2.02523057125142,2.0286289531349,2.02850523986305,2.0289350074631,2.02540726457776,2.02090795369527
"784",2.7240672883797,2.71679209030336,2.7088024349635,2.70127412710215,2.69218791947428,2.68536508228951,2.67824693917224,2.67017090489721,2.66102270158426,2.65222480475641,2.64344202793535,2.63303048515329,2.62135222902018,2.61088155290086,2.59960774336495,2.58540481829085,2.57063376968001,2.55434577907608,2.5365583788163,2.51809198347955,2.49872176343224,2.47639861774851,2.45219699632561,2.42637421719949,2.40085379383611,2.37392676480635,2.3439618486451,2.31495180299799,2.28579788230569,2.25316406983239,2.21824390031703,2.18313017829222,2.14583863350145,2.10370061213732,2.05904360079441,2.00416130484955,1.94364079906036
"785",3.10743540362808,3.12117691358849,3.13077110616594,3.13773449559049,3.14879976648267,3.15663295638621,3.1646135559038,3.17106240246689,3.17687085297818,3.18401683320246,3.19061387444944,3.19471810455257,3.19829508779162,3.20315773385258,3.20515650333603,3.20549562762135,3.20554230608651,3.20265989169898,3.19866297281896,3.19477818076304,3.18707730705232,3.17832408501768,3.16699502765003,3.15438097665939,3.13958523331367,3.12437601850149,3.10494550293353,3.08340828560761,3.06121016167528,3.0346187313221,3.00602356586003,2.97462450462939,2.94267446578203,2.90280863359794,2.85955272941772,2.80116798813985,2.73385268534273
"786",2.02823381191698,2.00548897962592,1.98375941258716,1.96511190874261,1.93755365560598,1.91722936543189,1.89521445774791,1.87232755331494,1.84774113607673,1.82161511726777,1.79541272607446,1.7688552424924,1.73954033097245,1.71032298717733,1.68271511243887,1.6522408906866,1.61954293188833,1.58959989344616,1.5571106077363,1.52361099535469,1.49560653395827,1.46596948151718,1.43738574430816,1.40896855095007,1.38870220181108,1.36696797143142,1.35011177232993,1.34134789625287,1.33584723010886,1.33577643600784,1.33790806366658,1.34613265483349,1.35464506975052,1.37042170635992,1.39034114978644,1.42037893628501,1.45454142032179
"787",1.58786100484333,1.58319830347335,1.58201638686619,1.58668063951452,1.5829805021764,1.58689956934185,1.59191252102361,1.59885285260378,1.60621189723927,1.61393308376252,1.62330697767627,1.63549644212028,1.64770028537979,1.66311552040818,1.68045828539541,1.69938609461858,1.72010959593621,1.74316281950757,1.76746812632995,1.79313642603595,1.82212785138567,1.85123750538243,1.88307018423929,1.91657800801308,1.95003272392611,1.98151864616077,2.01460435678479,2.04605482734253,2.0794354637717,2.1111459500614,2.1434584179467,2.17496735542925,2.20776141308871,2.24068588457305,2.27565115144798,2.31328045565852,2.35313597009068
"788",3.0732224515227,3.07358688035998,3.07580206158415,3.08014480406589,3.08255979037286,3.08720074151409,3.09319916370117,3.09949084994418,3.1051310107859,3.11224595299913,3.12001498328359,3.12666495861942,3.13312692838687,3.14210993986806,3.14996311398123,3.15709421221122,3.16514207932945,3.17184217532967,3.17869381677902,3.18635890454861,3.19301609458042,3.19961727162621,3.20618813806283,3.21293594178709,3.21890968150281,3.22425726850611,3.22888747284372,3.23135618769074,3.23551362531453,3.23726482952187,3.24001817149001,3.24178811480362,3.24595953771598,3.2483987264783,3.2526868089351,3.25636339091999,3.2625920772381
"789",3.78174345253707,3.77581088929138,3.77132521399138,3.76754362583568,3.76204424567393,3.75723296033194,3.75276668535894,3.74720959617752,3.74112519867972,3.73701291358772,3.73265238337804,3.72549768367224,3.71773346351333,3.7109268194136,3.70148727674127,3.69115908774536,3.67928801330217,3.665781634565,3.65006779879231,3.63449986854159,3.61537696210944,3.59627137841942,3.57347553412558,3.54848153287185,3.52272305256027,3.49604885382933,3.46517734482655,3.43286650389157,3.3991276429182,3.36164864536299,3.32140787989941,3.27831644838565,3.23308876538226,3.17922877068193,3.11982740458221,3.04191297126488,2.95019861525973
"790",1.80324707114876,1.78828197735641,1.78161214280174,1.78467688621858,1.77446290444523,1.77629608231999,1.78059176157512,1.7885391142828,1.79669046232122,1.80554898806146,1.8172165833383,1.83250251015251,1.84811057937139,1.86815431916441,1.89126453710674,1.91616201348129,1.94380227503486,1.97397790663144,2.00604083105245,2.0393531190697,2.07685733268326,2.11390248831278,2.15426988874342,2.1959833732458,2.2370225113517,2.27509203157879,2.31504949945025,2.35183137865074,2.39104609973684,2.42702064053132,2.46371946247133,2.49909545544079,2.53577936467483,2.57232135740641,2.61074821738249,2.6517999602166,2.69532830780362
"791",2.87366442018999,2.84720672777854,2.8268869073311,2.81270266099611,2.78800318863989,2.77268490382536,2.75829406940816,2.74516454161031,2.73063505398799,2.71655431457769,2.70417749728516,2.69190546421587,2.67877065722544,2.66873691685259,2.66105512812204,2.65207278244633,2.64459643169804,2.63898418209816,2.6343415741416,2.63082217974908,2.63221415863888,2.63300269915305,2.6370740340941,2.64281976629829,2.65210352848178,2.66020319832578,2.67176415040279,2.68382476734339,2.70046436194211,2.71510243366847,2.7320407036099,2.75042099936824,2.77091413133742,2.79301680144477,2.81819755775675,2.84702779989217,2.88004848319878
"792",2.78149518230018,2.78732191933507,2.79100416527939,2.79402048745989,2.79840531233783,2.80249440094617,2.80688506824546,2.81045185010025,2.81334122462585,2.81717265365454,2.82100392841535,2.82328742090725,2.82498402314542,2.82844213151326,2.83034954967985,2.83045511838529,2.83092810793591,2.82934631354192,2.82731617538947,2.82551479838644,2.82195105191825,2.81692941295938,2.81096358253402,2.80462491291748,2.7972698891558,2.78945418773069,2.77939300737276,2.76823581026123,2.75816923727112,2.74461021210911,2.73071683348236,2.71600784213679,2.70232596501141,2.68491999439752,2.66788000944051,2.644934015752,2.62156135277637
"793",4.61128748672668,4.62955272688652,4.65116769069234,4.67405748689412,4.69492774836049,4.71201369841107,4.7299246574817,4.74624299780784,4.76409359765363,4.78601150270985,4.80614571790749,4.82351548996756,4.84138274781794,4.85817035344481,4.86758594299031,4.88423198821759,4.8948938226414,4.90706707018831,4.91361890103438,4.92260847703089,4.92201877876118,4.93333925646994,4.93568392827274,4.93531949273657,4.93355068719023,4.93260764186023,4.92669063965615,4.9189868998373,4.89924591680727,4.89462848311291,4.8878114985074,4.87409452646601,4.86157153622096,4.84653865692555,4.82917799035757,4.8165315057188,4.79794466275918
"794",2.52170097151809,2.55178549740109,2.57575877158131,2.59653886968234,2.6223440015005,2.64351105568638,2.66502945326927,2.68534857702677,2.70498473637377,2.72535288667901,2.7451020563955,2.76328584779121,2.78098607724141,2.80044120037654,2.81728089065062,2.83293714744397,2.84935154746956,2.86288687997058,2.87641881118106,2.89031505558734,2.90156939032163,2.91193594004443,2.92171886507768,2.9315185853944,2.93893038087533,2.94584225129371,2.95073068329916,2.95295268889855,2.95637016045492,2.95642690369056,2.95680806918651,2.95565936062987,2.95663381457425,2.9544810779151,2.9536196807138,2.94952058823417,2.94678531170739
"795",2.91835280824855,2.91501779109707,2.91448040578356,2.91707806654097,2.91628300424985,2.9192191222736,2.92363517541293,2.92876064265499,2.93321883192435,2.93898089249468,2.94572278463439,2.95186898326973,2.95783438339546,2.96663497815079,2.9750175397021,2.98266370957626,2.9916300991319,2.99969294056567,3.0082920336783,3.01776369149286,3.02724089982388,3.03638183105438,3.0462600641387,3.05665224400584,3.06658776907876,3.07568628560272,3.08473091821015,3.09170481556873,3.10093738539906,3.10749603019107,3.11527990611056,3.12235791629627,3.13183597354719,3.14010899709386,3.15049489414092,3.16111426385083,3.17468031000275
"796",2.29609856948104,2.33090104156759,2.36477746752744,2.39952110942534,2.43418264805076,2.46710533989222,2.5016296193653,2.53639537663289,2.5699896933424,2.6038506079557,2.63738852551102,2.67023860253357,2.70243345501122,2.73694189803701,2.76909005128744,2.80067924163843,2.83352465267722,2.86359473307899,2.89408465341801,2.92469480097668,2.95347826057775,2.98141891145937,3.00966350327573,3.03791851545538,3.06311983599783,3.08664182563198,3.10919965889493,3.12754786323886,3.14728066516199,3.16369170300424,3.18087926403728,3.19597812515899,3.21340559326496,3.22885607117893,3.24594452045978,3.26316812259326,3.28266479285389
"797",1.06119936772469,1.08682999311625,1.1061242726653,1.12341417833735,1.14329940090516,1.16071334676499,1.17712224881647,1.1923935509893,1.20880238548241,1.22514332618955,1.24072565515733,1.25761764508835,1.27410131855707,1.29133338782494,1.30721151582063,1.32443500037572,1.34132853915132,1.35874823846881,1.37562304303296,1.39339272443369,1.41043798126186,1.42813237832702,1.44574714041611,1.46448521083312,1.48219292488978,1.49951991947043,1.51582572939539,1.53231582708217,1.54796537687167,1.56491791745832,1.58125801652782,1.59661354807889,1.61276800080902,1.62797323384415,1.64441595747048,1.66153586215695,1.67850807915192
"798",3.02540136739513,3.03461087639985,3.04818756928827,3.06589405860223,3.08002886963222,3.09694982295762,3.11634087349239,3.13695923816431,3.15674739810203,3.17802093434979,3.2000356509865,3.22132246306895,3.24251608286561,3.26658032276404,3.28897446176476,3.31148185824325,3.33508093645209,3.35698532656947,3.37911295276009,3.40192730375464,3.42306911385573,3.44485936886038,3.46642166656059,3.4877871119697,3.50708263293465,3.52498499105629,3.54204207853707,3.55521105176253,3.56879933120543,3.58091535472266,3.59384580340458,3.60436626740973,3.61724284197926,3.62832593900523,3.64068467473444,3.65406505384091,3.66908997554196
"799",1.73997780842481,1.73093251360959,1.72080374180983,1.71241245766501,1.69884531610561,1.68989249832547,1.67970317774921,1.66884434435019,1.65749657492313,1.64547011058376,1.6335783392295,1.62231161655837,1.60961693707362,1.59788795150104,1.58720177814655,1.57573001183179,1.56357516772338,1.5537489971309,1.54299604105291,1.53278945826087,1.52588169682814,1.51885841581306,1.51304136788725,1.50847987170163,1.50778330624886,1.506583469538,1.5074489896123,1.51216342586426,1.51825450850877,1.52716344264504,1.53683106504706,1.54862503152122,1.56109875263157,1.57604207351572,1.59352839071201,1.61555513182505,1.63954037622974
"800",2.87134275249684,2.86586599388355,2.85939156213081,2.85292213173549,2.84576363203508,2.84007280063241,2.83416269171419,2.82715252678605,2.81909293782922,2.81160240646181,2.8040184336422,2.79446162808383,2.78371378742746,2.77411347199587,2.763263344619,2.74943302177018,2.73492688620677,2.71839874223719,2.70020323242805,2.68122877937171,2.66045765006039,2.63658471094871,2.61012758295293,2.5815096787993,2.5523575378148,2.52158150559348,2.48649338521104,2.45147146942841,2.41528447177692,2.37417188821877,2.32927098851168,2.28253695767958,2.23172075480162,2.17229723236748,2.10641313023816,2.02153808286845,1.9218580443073
"801",4.09593756270219,4.07649030133161,4.06231329313423,4.05171111914102,4.03325908480928,4.01922817198097,4.00559244450639,3.99149597365702,3.97670278322568,3.96389082874137,3.95125614483229,3.93615482372253,3.92020578922622,3.90534310757199,3.88907415118379,3.87261612448001,3.85434323190783,3.8364539794111,3.81639887064565,3.79691861193951,3.77668487568735,3.75774704447164,3.73674664473072,3.71453519503173,3.69476257114529,3.6742067292729,3.6534011369882,3.63313876813655,3.61416006368551,3.59507553828704,3.57700913297299,3.55977335256851,3.54424822196721,3.52870823150756,3.5152367624416,3.50257619366185,3.49347984097539
"802",2.71117033300644,2.697308448043,2.68867579779736,2.68558511434196,2.67506590001054,2.67191650200802,2.67043748313464,2.67055484469331,2.66995229716816,2.67037481388691,2.67252142319072,2.67516109395957,2.67763925494291,2.6835919312887,2.69078566868738,2.6975106403461,2.70622876060001,2.71546207882615,2.72592342571555,2.73752929248638,2.75150719249454,2.76500684304715,2.78076326517074,2.797694320212,2.81515941496209,2.83130427717585,2.8488686850036,2.86463387388726,2.88354656011457,2.899604424083,2.91721364262685,2.93453089310014,2.95407061017666,2.97339911377211,2.99512533334386,3.01866052167431,3.04552515457141
"803",0.498892102447388,0.566066379422956,0.624817840790613,0.678891908222692,0.741901789191572,0.794520222109612,0.846449161674354,0.896340209975374,0.947268554753694,0.997383825588712,1.04471936306853,1.09262274967652,1.13960464086148,1.18618177204391,1.22832603869042,1.27216494005484,1.31512455967257,1.35599803422126,1.39589472992439,1.43581522517215,1.47215208947032,1.50854784577268,1.54399578939362,1.57992747211016,1.61167898008751,1.64234324688645,1.67066609351781,1.69659708713693,1.72131626211645,1.74559580109764,1.76894534060558,1.78995022056422,1.81203776640758,1.83192679334507,1.85282654136686,1.87322063179575,1.89342803904469
"804",3.37797458181008,3.37023216974291,3.36504314148692,3.3620737463141,3.3560482498165,3.352875781993,3.35066308436824,3.34837018269621,3.34533349734852,3.34389501921974,3.34298950046665,3.34039559034999,3.33739420857953,3.33647186899601,3.33438478684196,3.33127131035853,3.32831839497367,3.32427011345115,3.31967985485826,3.31575218765337,3.31071069394279,3.30557679145499,3.29964966158039,3.2934195789157,3.28728625894409,3.2806806392177,3.27303179745533,3.26423568124553,3.25699206817672,3.24748337556148,3.23869199745535,3.22946791318937,3.22223007363992,3.21303315496406,3.20541663148217,3.1958244018193,3.18845541585941
"805",4.68571056600862,4.67646013207459,4.67202063812621,4.67022843703342,4.6612229454441,4.65337940645872,4.6455798511602,4.63653621079644,4.62851361867057,4.62402256090426,4.61880717900068,4.61101664541324,4.60322465474226,4.59529179225671,4.58344465463412,4.57601025124016,4.56434303158114,4.55488886197241,4.54152778578019,4.53033776589886,4.51483244000923,4.50695254241868,4.49394923305902,4.47952231478783,4.46678650213198,4.45455894094012,4.44059955864035,4.42643445980426,4.40763992381339,4.396582646238,4.38556138712308,4.37183916168675,4.36012482892865,4.34758658334867,4.33535482389451,4.32652548335701,4.31710802475938
"806",2.87191855883104,2.86039230097356,2.84890685461174,2.83823983697156,2.82504613031171,2.81474086440175,2.80403926345647,2.79228781262408,2.7792172916625,2.76641144320723,2.75354593524591,2.73867000995359,2.72223183090695,2.70671407780726,2.6903378976558,2.67044597042248,2.64941595476343,2.62664768405439,2.60167099557617,2.57536284744317,2.54784364092205,2.51642162584512,2.48198016456839,2.44456206819668,2.40733028695215,2.36757717639087,2.32325653462387,2.27986735389224,2.23464879126663,2.18436889038256,2.12911839765599,2.07233250389854,2.00912544270223,1.93688355549825,1.85600383582311,1.75406189906092,1.63370754745989
"807",2.33127662297922,2.35267706612793,2.37442057820782,2.39809160588179,2.42081921491515,2.44406010481638,2.4689877344851,2.49457411267918,2.51946357264488,2.54500489969377,2.57083471003829,2.59646577030792,2.62174209510606,2.64966638550184,2.67610386563762,2.70209126360275,2.7295904201294,2.75504234199436,2.78116352357348,2.80768634521575,2.83319676208859,2.85786572066794,2.88325910891664,2.90898817161598,2.93230539914706,2.95411718761367,2.97533434119516,2.99291316757619,3.01229455841764,3.02828425611911,3.04516041657921,3.06037433509632,3.07789475745308,3.09369881512025,3.11133768593331,3.12915629057954,3.14950195457119
"808",3.08202449412297,3.10107924984469,3.1159204822416,3.12820393507545,3.14469480554775,3.15749045890937,3.17072703438441,3.18265130975941,3.19393249365763,3.20660126888364,3.21875204026547,3.22860018598163,3.23806898965044,3.24906730656375,3.25711272764721,3.26404210282485,3.27101382357164,3.27518802419195,3.2786532930551,3.28255165884402,3.28288760360378,3.28296812367454,3.28118167220955,3.2787251871006,3.27416995262685,3.26939272322978,3.2616118332813,3.2514112605449,3.24138396188486,3.22828988743872,3.2148130993813,3.1993022260586,3.18531397583662,3.16665001350659,3.14795846546845,3.12255193129154,3.09607123927408
"809",1.50915035077585,1.50390595592366,1.51723097210466,1.54856551451183,1.55947335390097,1.58759867081204,1.62149415319556,1.66201012643945,1.70236398743802,1.74308636930964,1.78659763290666,1.83428980924842,1.88163390964735,1.9332409436241,1.98579842699349,2.03973962929571,2.09567142448813,2.15107779693383,2.20725342859548,2.26271117658478,2.31944742048709,2.37395416913943,2.43023721257633,2.48610403185562,2.53797906753659,2.58539318993213,2.63314142176301,2.67502174534631,2.71851158910972,2.75725597647268,2.7962691817342,2.83264457074412,2.87029977608247,2.90673482939456,2.94453315722468,2.98416974589806,3.02589448351285
"810",0.489184094353911,0.497148937626084,0.500235167236086,0.502329800874613,0.50266398055536,0.503177626883283,0.501353877139451,0.498010144051548,0.495787528730457,0.492810908590054,0.488940283054416,0.486777871131771,0.483754035403605,0.480091804643898,0.476364700760751,0.474969232608498,0.47150751620937,0.471757610155134,0.470327715652664,0.47003852995492,0.471257615701698,0.47537849579296,0.47921759349746,0.484345309623595,0.492107496259453,0.500036582127214,0.508784465738296,0.521415182031089,0.531146021521839,0.548298726370673,0.564603377318011,0.581063106543403,0.596990740751562,0.614836086871022,0.633308977437554,0.656887997304284,0.678297232606657
"811",2.97372723737754,2.97370043283754,2.97143410433615,2.9680447772327,2.96591520329241,2.96352387430103,2.96091412233007,2.95689578436388,2.95195788994479,2.94784121889619,2.94339261651327,2.93660568501262,2.92877637643358,2.92197466750099,2.91322353700037,2.90160384180125,2.88920624756969,2.87414723585161,2.85728274724773,2.83963721172583,2.81892621473885,2.79517274842432,2.76801421849018,2.73822698070016,2.7066799672187,2.67344048115671,2.63425240826779,2.59385877058102,2.55079358133615,2.50106644991739,2.44541706326021,2.38514398586016,2.31787820112464,2.2355146592824,2.13917248713468,2.00623551017464,1.83477864045676
"812",2.73931735983947,2.71521110897311,2.70518044901934,2.70825001449626,2.69513753436218,2.69694170496518,2.70319807984641,2.71447919978742,2.72519190933922,2.7375424660663,2.75345170586797,2.77190871367888,2.79085899627761,2.81509643144387,2.84178816204614,2.86942113957654,2.9001089235492,2.93163691064661,2.96492668370095,2.99900459945201,3.03567909778437,3.07178827277913,3.11018207176955,3.14875030876128,3.18568879466992,3.21935358102049,3.25404973250385,3.28389271009395,3.31538958058513,3.34359663711717,3.37268191063641,3.39935684753122,3.42770322769819,3.45502375554834,3.48353030622552,3.5143986162538,3.54700229244592
"813",3.75955284117364,3.73956674406153,3.72496792473294,3.71445754474524,3.69642630676595,3.68385366800724,3.67210400415341,3.66047922950089,3.64790660102343,3.63700242145286,3.62680929585017,3.61476789205017,3.60202865051231,3.59119354286467,3.57985915187129,3.56773523941548,3.55513734392862,3.54272043666821,3.52931498353575,3.51664504450059,3.50432219396886,3.49250660810739,3.4801714870006,3.46751959630743,3.45700250299997,3.44582325613352,3.43511697837881,3.42447727079874,3.41614118050415,3.40678002185627,3.39894323754557,3.39186203215122,3.38699461068745,3.38219106752485,3.37983850020827,3.37874580181675,3.38143656954515
"814",2.55255157710703,2.59635688502624,2.63808516974163,2.67942602029258,2.72122431083729,2.75922378405915,2.7986720601394,2.83780230882537,2.87518733063451,2.91275646106204,2.94950451293577,2.98472659979921,3.01910204884751,3.05546465992176,3.08858869612979,3.12117740346238,3.15455482455262,3.18470512925669,3.21483191180509,3.24501561515732,3.27236313501328,3.29953521992364,3.32619670220291,3.35243860423564,3.37540321342812,3.39678535625855,3.41673396107949,3.43218631067284,3.44809366759183,3.4616727032527,3.47589495908613,3.48749546750525,3.50147275197057,3.51321507033403,3.52623955269776,3.53953885269001,3.55454353415612
"815",1.49740800727285,1.52878524083869,1.55294200422554,1.57412416777731,1.59973218498467,1.6213980623,1.64250163204223,1.66235287972498,1.68264627202288,1.70299000397313,1.72252866737801,1.74234667256671,1.76165284363213,1.78214968623997,1.80077125924301,1.8194222459919,1.83841751842605,1.85622655839882,1.87390185328229,1.89212263502177,1.90892011420234,1.92512881296141,1.94135049521478,1.95836617145936,1.97351468197679,1.98815293504627,2.00135727067061,2.01347108079562,2.02604968677225,2.0372540368414,2.04829105235101,2.05828674779224,2.06967810810223,2.07918830728012,2.09014921307066,2.09997108881031,2.11059373494603
"816",2.62801947422309,2.61313334011867,2.6032760309635,2.59893947921059,2.58689968561685,2.58246177285059,2.57951513261478,2.57811103220706,2.57597328749069,2.57470900270472,2.575169680592,2.57625371400572,2.57710164484631,2.58138008206575,2.58714143542323,2.59239934808752,2.59964184695155,2.60768248495452,2.61698026302711,2.62744926751962,2.64072779928516,2.65346886183462,2.66869864599903,2.68525680360637,2.70268440943195,2.71880089173085,2.73660180356231,2.75294418779641,2.77261190727355,2.78950284883184,2.80797914379918,2.82639777822508,2.84696852752622,2.8675666525516,2.89066153301905,2.91577159692464,2.94430165843437
"817",2.59110173540003,2.59939815441557,2.60461166935887,2.60869712962085,2.61472705790096,2.62003611068794,2.62544399650493,2.62990480255631,2.63376483804279,2.63836822182082,2.64287587620498,2.64603530600181,2.64856068860284,2.65276520439737,2.65547021879525,2.65634836962552,2.65761759439425,2.65687679265912,2.65572294772814,2.65476240980182,2.65215294528828,2.64792812966228,2.64287971206852,2.63757859364467,2.63122720052862,2.62443464584911,2.61540391195529,2.60549478752218,2.59660384102823,2.58438616395527,2.5717538621114,2.55838843412865,2.54595522376382,2.52991758776294,2.51427793742083,2.49295212988534,2.47111359727472
"818",0.954439961259245,0.94597022096708,0.932506174015282,0.918212014341766,0.898350894695377,0.881128845336773,0.859820569985959,0.835591351318356,0.810600060392529,0.7830571894378,0.75359704679962,0.723883116029982,0.690687648346758,0.65465105283281,0.618656865326026,0.581059460771363,0.538010834148715,0.49885733394492,0.454664563915024,0.408931209552296,0.367332865906206,0.32606699153194,0.283862823892392,0.241495237186819,0.208595911207493,0.175743966905272,0.147963686164264,0.129298335160549,0.112098936710873,0.101861865767529,0.0929885187825228,0.0890042673368541,0.084348354124629,0.0856208511481738,0.0889280578597208,0.100451060837263,0.114596548596909
"819",3.18825744214004,3.17855068598924,3.17746571908167,3.18390929276518,3.18188482149966,3.18755217728136,3.19632669473666,3.20758412721206,3.21821476198496,3.23073781420365,3.24512303208714,3.25967677815311,3.27446451127868,3.29295891394132,3.31134831801288,3.33029501185092,3.35086528856213,3.37104736226266,3.39191148722417,3.41379493931106,3.43562663424791,3.45831764069602,3.48156028818437,3.50482992113163,3.52682455974985,3.54707212892722,3.56731736271099,3.58374770251545,3.60083459424838,3.61661665227936,3.63335199964406,3.64774443324339,3.66431476927798,3.6795717020627,3.69603704043064,3.71445408445076,3.73439886947608
"820",3.36085853847198,3.35265101383382,3.34694640125527,3.34344127358814,3.33683475069268,3.33315141705519,3.33037796575786,3.32749909513285,3.3238451670007,3.32173589275583,3.32015492490756,3.31687889895152,3.31315226382027,3.31148248834716,3.30870332055683,3.30478355593171,3.30101282097797,3.29613998853734,3.29070540195855,3.285879791453,3.28001828529492,3.27391010291179,3.26701871744016,3.25979724455469,3.25274113520596,3.24518733530803,3.23658089525453,3.22694413025178,3.21892973759563,3.20852525944067,3.1987971365549,3.18873965165693,3.18058352771317,3.17044905834127,3.16186916283151,3.15111682522369,3.14254953342265
"821",0.349893521729715,0.365852288229775,0.374908673534334,0.380747279382198,0.388931240485548,0.394073016220406,0.396601753769094,0.396797241968933,0.398317212575866,0.399179092333684,0.398446100718497,0.398646006590649,0.397969761864047,0.395860831107477,0.392256292398123,0.390481026202291,0.385924449678656,0.383556270575354,0.378709632962934,0.374411631218275,0.369114670066298,0.366115819370508,0.361016870692627,0.356172721479517,0.35258807537454,0.349470682283437,0.345100002891956,0.34434932548106,0.339474755368523,0.341414782834091,0.341639465509773,0.34156555931162,0.340462793939833,0.339765801624974,0.338694416860859,0.339730070861881,0.337581276078208
"822",3.25260637053679,3.23399280472766,3.21848757012414,3.2058020203199,3.18748472522321,3.17412731284774,3.16098223407365,3.14748556960488,3.13257865391319,3.11837512341706,3.10461298941065,3.08893262729549,3.07192432045205,3.0564231037599,3.04066822966976,3.02212605925655,3.00297740726237,2.98300071521399,2.9615777961989,2.93963181953401,2.91807288831118,2.8940589850316,2.86890488030623,2.84233517636238,2.81766207479676,2.7914185337786,2.7641718230825,2.73824162604039,2.71437518998171,2.6873124093105,2.66002829648914,2.63441090905719,2.60856621215377,2.58150400119594,2.55533696079762,2.52592068502035,2.49815859723773
"823",2.39385029096162,2.40486867263682,2.41051883661189,2.41348041932191,2.42006340049355,2.42455048193146,2.42841586494685,2.430621636638,2.43228115535641,2.43434100248694,2.43584232896687,2.43577353976924,2.43477535415169,2.43480266814224,2.43295490492473,2.42874788606628,2.42422372795928,2.41735921988683,2.40930708707445,2.40091875348096,2.39000496065624,2.3766696616343,2.36119384789498,2.34453977295501,2.32638721956709,2.30754099225298,2.2845099989551,2.26120341893361,2.23677032529826,2.20869243281444,2.1778407176826,2.14509600724092,2.11047589341014,2.06868392444269,2.02320141600618,1.96373681494623,1.89501896976833
"824",1.99960818476035,1.96178983735958,1.93841949871266,1.93041405635877,1.89933965366637,1.88823573828773,1.88077829755228,1.87944029291579,1.87792205661037,1.8772860278536,1.88156995241588,1.89146832780872,1.90216326619986,1.91936305563938,1.94301736115613,1.96955166522507,2.00031399194663,2.0360940429132,2.07484729461294,2.11514120727895,2.16280996563489,2.20973753365008,2.26132435849298,2.3140075830693,2.36624504666707,2.41385753943762,2.46435421586554,2.51036305613321,2.55898753617194,2.60327242160163,2.64810891700403,2.69102878657599,2.73473107967635,2.77834591045051,2.82338237499393,2.87156739924518,2.92190522604868
"825",2.6864913824791,2.68714807252087,2.68662128413121,2.68630874083349,2.68583160119766,2.68651058967231,2.6874339296265,2.68774879642413,2.68734031405564,2.68768771933035,2.68823286419793,2.68755039373087,2.68617997830166,2.68664028780074,2.68612760088213,2.6837217459755,2.68172937404295,2.67819956237511,2.67428453784615,2.670588592216,2.66600856639185,2.65981034726166,2.65311085045951,2.64624184129427,2.63904706295797,2.63131316468948,2.62197734609036,2.61220551754064,2.60392971508115,2.59257427493746,2.58117529289758,2.56961686785061,2.55914986314849,2.5460081926726,2.53383547984384,2.51753890762586,2.50191076743827
"826",4.03421815931904,4.04441369817049,4.06211912448999,4.08496706322041,4.10226532657958,4.12114478345396,4.14258313065112,4.16463266604395,4.18658648916749,4.21142782531072,4.23605031235881,4.25885218085328,4.28183566465827,4.30600189663419,4.32554318206889,4.34888777701137,4.36974646325869,4.39039229808668,4.40816815500153,4.4273703372123,4.44058197594894,4.4605653214033,4.47548918562715,4.48847634427451,4.4994231166835,4.50974150038678,4.51692250103423,4.52070122003072,4.51745472500946,4.52228317159556,4.5261617734118,4.52457885883856,4.52454617458167,4.52224553028748,4.5187753026798,4.51895708316988,4.51583629972307
"827",2.74535229614382,2.75229897802736,2.75431962012209,2.75344092593181,2.75630075982082,2.75692997943051,2.75687875367882,2.75485572959955,2.75201077799447,2.74974139813003,2.74674138235703,2.74129205330403,2.73468978034146,2.72873576829411,2.72035511311156,2.70877462226004,2.69613332688686,2.68025302836925,2.66218349519874,2.64295518301578,2.61959428803426,2.59247707323998,2.56084889646044,2.52573732455539,2.48758375024404,2.44721755474187,2.39839257957477,2.34755085173214,2.29089314510689,2.2254867523461,2.14965517078011,2.06448748912738,1.96495034966054,1.83748786927588,1.67729110116543,1.43654532119898,1.07612937173124
"828",0.147421156377743,0.171339673214549,0.190891264790034,0.208047758342777,0.23097546578886,0.249489073482445,0.267078737570816,0.283294656812201,0.301692354712355,0.320398305948398,0.337740185319986,0.356574864951151,0.375539012833826,0.393707013566787,0.409319330564481,0.428028662416372,0.444827668471257,0.46269861967264,0.478812072632734,0.495879699280854,0.509958855284372,0.526817049461523,0.541398552747785,0.556590403268914,0.5701147266085,0.584119762274182,0.595397263760188,0.608081422801624,0.615655426757355,0.629340198487433,0.640693117539008,0.649836147531356,0.658363236401652,0.665366169498703,0.671661049181021,0.678361346614248,0.680698334495494
"829",1.2505776693775,1.37604683004424,1.47442891174382,1.55583259808524,1.65020281638372,1.7220327455544,1.79070954993886,1.85405917237227,1.91501503839581,1.97356107549888,2.02766487493784,2.07906227010965,2.12838719332472,2.17734751506943,2.22052418020367,2.26253328133348,2.30444512063865,2.34141021349008,2.37789131055227,2.41380634719914,2.44528988223859,2.47522049167044,2.50436512735876,2.53343083304059,2.55777104628755,2.58096763090602,2.60160083469158,2.61818915170833,2.63551458687877,2.64907862318629,2.66267059886795,2.67395604209002,2.68735672955425,2.69756119376121,2.70912681117346,2.71825676301079,2.72873511428656
"830",3.33162463764664,3.32719145252182,3.32477909263956,3.3242282962851,3.32145139245267,3.32088504400599,3.32134390584265,3.32169751719048,3.32137021448205,3.32267396378297,3.32445458040997,3.32457332495933,3.32436655568698,3.32627329189368,3.32681461948344,3.32645235793893,3.32635006041302,3.32496421285797,3.32312587294215,3.32199940039269,3.31945698433122,3.31694346650768,3.31360885982434,3.3100202771053,3.30614968419152,3.30185192319961,3.29635418293716,3.28937633082046,3.28377164007689,3.27592650651098,3.26876851712921,3.26088228307028,3.25508021456021,3.24711971029523,3.24067573922541,3.23218961426713,3.22577345742315
"831",2.14373827786367,2.1384889979355,2.12999847027893,2.12074808368965,2.11042081099868,2.10173275884014,2.09152536665422,2.07954757751765,2.06660181224706,2.05306586947588,2.03888586625449,2.02339549340574,2.00595334076194,1.98852034458952,1.97019863178486,1.94859659146156,1.92490911681849,1.90029820233607,1.87264706311679,1.84335448536589,1.81295153823784,1.77889660304419,1.74119482448332,1.70042147943067,1.66057503585278,1.61832795804015,1.57145647090754,1.52788872467324,1.48053866598391,1.43242298215473,1.37914756839954,1.32557027489602,1.26571600494696,1.20038609845819,1.12899012015034,1.04557114977495,0.951013354971875
"832",2.87000088362916,2.83934301767768,2.81274920142618,2.79042539716907,2.75785785560316,2.73361166487261,2.70858637692605,2.68308455385719,2.65509591715547,2.62612580435039,2.59737260058924,2.56681009116774,2.5332878418371,2.50023631896433,2.46840563592245,2.43177706408951,2.39293540439757,2.35468646476183,2.31330005762748,2.26939671087293,2.2297397804595,2.18529571168503,2.14018739914413,2.09246402183915,2.05200963818428,2.00785466874355,1.96689304661334,1.93350350081295,1.90478948147861,1.87761713918239,1.85263867534615,1.83631692540697,1.81961296335665,1.81198708856907,1.80996287539733,1.81944489417053,1.83753604654128
"833",4.28724391096344,4.26185519182172,4.24509149799304,4.23485904954283,4.21190246192435,4.19652925587234,4.18239730337835,4.16916730735966,4.15560864059079,4.14462659826572,4.13481774090111,4.12386890817398,4.11282194333055,4.10408174110164,4.09530928511785,4.08890966474599,4.08174356592877,4.07746482074894,4.07231556592289,4.06940093494409,4.06765795183266,4.07060786887597,4.07318266864272,4.07594396612292,4.08142739475527,4.08618054298172,4.09231136095393,4.09726107041927,4.10128003419198,4.10905062346037,4.11798744745677,4.12488149970251,4.13371130807785,4.14254461782515,4.15203138902853,4.16602969434883,4.18000905449926
"834",5.86167035995068,5.89763553576873,5.92869451782826,5.95330549402536,5.97892270886538,5.98859410543154,5.99307572173171,5.98966318002969,5.99343935221128,6.00399688381421,6.00763328984655,6.00695353757107,6.0068877211304,5.99791183297408,5.97395852882312,5.9679342087686,5.94415095073034,5.92802925369866,5.89706632072889,5.87056648365326,5.82528657650937,5.80455359956502,5.76315072192558,5.71574921455974,5.66881066232925,5.62492455709311,5.56997513158088,5.51729208680767,5.44041134025806,5.39002121323621,5.33030782555244,5.2581817845967,5.17963045525781,5.08668514363348,4.97289930046406,4.8152121720165,4.5373559676327
"835",2.72354743925733,2.71982388051301,2.71988720782808,2.72420271215011,2.72383821631539,2.72842752098844,2.73481634321385,2.74247296676769,2.74953154896503,2.75777756901822,2.7673136560849,2.77690753419052,2.78641261716511,2.799124701256,2.81192305105191,2.82425966342789,2.83835775197821,2.85186637158945,2.86631138163255,2.88167824872566,2.89772753135567,2.91331743803033,2.93027175933825,2.94796457061887,2.96500875017701,2.98083818746068,2.9970434410487,3.01074187635336,3.02689855536465,3.04011271497268,3.05460631377435,3.06821982066683,3.08417143053074,3.09914826952743,3.11626031448107,3.1342774213335,3.15527333893924
"836",3.14982873693352,3.11552872994983,3.09350917439657,3.08272434943101,3.05535485828062,3.04245044072342,3.0326934393508,3.02686647149466,3.02005531138181,3.01481212877134,3.01308029388464,3.01321966983682,3.01371689947346,3.01947377179498,3.02893597227084,3.03929032979654,3.05285735581209,3.069099548723,3.08757186862813,3.10776838847256,3.13285769335334,3.15832974103377,3.18718837189502,3.21705404632004,3.24766543982308,3.2755200609699,3.30578436746905,3.33249460357613,3.36158552597294,3.38804893061143,3.41583946690852,3.44191267966221,3.46965892013777,3.49709273787629,3.52586907807899,3.5577488605101,3.59149860402927
"837",0.744270458045396,0.789676997519526,0.8224724377676,0.848055093456001,0.883523164867636,0.909757558233228,0.933701048427483,0.954553756908068,0.97695115280347,0.999049345685037,1.0188648692482,1.0389661147748,1.05843041031423,1.07711165289633,1.09232352675186,1.10871694436667,1.12342251465461,1.13735499963133,1.14950191943736,1.16211347557431,1.17099519426615,1.18065776760604,1.18792088289265,1.19544987141781,1.20068801624863,1.20630635910363,1.20826569992231,1.21105738765525,1.2101477752347,1.21207857817404,1.21171232540885,1.2093209368763,1.20658800162803,1.20062735108628,1.19391723819952,1.18387116799117,1.16961327631057
"838",1.53438872831095,1.57049702154434,1.59473551724148,1.61233213379527,1.63862857090179,1.65749076731336,1.67460670400175,1.68895075952121,1.7036990291322,1.7183304869778,1.73133356244904,1.74353332694285,1.7548939143696,1.76642279527291,1.77506127692793,1.78275238222452,1.7896999140105,1.79458863503787,1.79819769680896,1.80184557170027,1.80212934439532,1.80123525156667,1.79823174462851,1.79492945500416,1.78937167466694,1.78383238169741,1.77423663743577,1.76471937258208,1.75310900303069,1.74067754327164,1.72594803772043,1.70931746313041,1.6920820023553,1.66968340566663,1.64566398478309,1.61348255259676,1.57586875302418
"839",0.658234341422051,0.798940890437082,0.923005996146499,1.03481366205718,1.1520593109004,1.24744444995487,1.33961525630009,1.42633113006256,1.50906193346515,1.58740655575076,1.65998218626735,1.72999736196255,1.79674835782955,1.86232369825456,1.92130622974399,1.97945573492818,2.03689654083597,2.08913665363853,2.1404846139621,2.19054669762257,2.23642550333295,2.28034455352151,2.3237421878299,2.366799439486,2.40439861709054,2.43974140979875,2.47305228286966,2.50144297464666,2.53059112167076,2.55580509159087,2.58104018661711,2.603716618838,2.62831271714459,2.65044051048996,2.67408880761017,2.69710159275268,2.72191347573502
"840",3.87124199280431,3.86290984363838,3.85875132324108,3.85749001264317,3.8519128019035,3.84899465798647,3.84725673792507,3.84544378587826,3.84336415179838,3.8437018961268,3.84442042939344,3.8431781974631,3.84185878777665,3.8422977771539,3.84068618293445,3.83980552693113,3.83812428089363,3.83609855981665,3.83280749019067,3.83076088432432,3.8263986986433,3.82451040154448,3.82063892301,3.81618546410082,3.81186820511141,3.807367605752,3.8016160210007,3.79428658815145,3.78661199120217,3.77961197778875,3.77331052364745,3.76547555140602,3.75996792557749,3.75276018180069,3.74682790454379,3.74097168304079,3.73674382618488
"841",2.33803088364389,2.32236828745441,2.30647599085005,2.2920312149868,2.27275506466866,2.25807198045111,2.24219744838209,2.22518263707596,2.20670919239269,2.18749626128037,2.1680989588869,2.14749153057029,2.12467450462703,2.10220785167093,2.07988200823073,2.05400402448281,2.02625244178029,1.99848985203884,1.96798455320045,1.93588268177864,1.90501069667606,1.8705828597671,1.83417663972487,1.79554489545229,1.76034506838985,1.72281188010889,1.68416271466801,1.65046353882025,1.61664927843443,1.5836629300678,1.54920709947808,1.51824130340804,1.4848047419482,1.45293957773201,1.42174695257074,1.39160511825401,1.36237325728368
"842",0.936791131784248,0.969616605210675,0.993715094292009,1.01386153505469,1.03927265112641,1.05972837715306,1.07866847632601,1.0957276295216,1.1140881049398,1.13228605693775,1.14915182173879,1.16695594899342,1.1842596005856,1.20171839680654,1.2170440582139,1.23366658673969,1.24942530013856,1.26527239028696,1.28009736097869,1.29567188051063,1.30944243239638,1.32395786398226,1.33755536380291,1.35200281141999,1.36504821502201,1.3780408517363,1.38912421186383,1.40075154046512,1.41053922639136,1.42235485579638,1.43302531272652,1.44245036681357,1.4523415737706,1.46066320775981,1.46967025741304,1.47827760740314,1.48553535874211
"843",1.97865798646067,1.98422363428726,1.98711513190954,1.99007814241746,1.99263847698866,1.99641856903991,1.9999092217917,2.00281771651088,2.00555895703888,2.00849374022343,2.01154437227071,2.01469376773454,2.01717059203483,2.02132400805504,2.0251085826747,2.02801115462734,2.03137550318361,2.03451506029495,2.03754070409729,2.04115036077007,2.04511809178243,2.04816213455498,2.05171578719578,2.0560825371063,2.06064351319648,2.06475413490449,2.06845677339974,2.07253669298659,2.0779991466418,2.08234570120816,2.08699363794943,2.09184597664036,2.09801328688459,2.1033388141162,2.11053622513847,2.11747126035847,2.12602400225943
"844",3.47709090255887,3.47041545801671,3.46686098515999,3.46586454685007,3.4615890499681,3.46014705634735,3.45991663532031,3.45977960061825,3.45903220868953,3.4601352819367,3.46182741370716,3.46188766436839,3.46172505066867,3.46374561494539,3.46440834183997,3.46461696546365,3.46499082657078,3.46441496796722,3.46334473607559,3.46318187350271,3.46164197357907,3.46078522352172,3.45907552685294,3.45715290363487,3.45512843416207,3.45269395464274,3.44932615737295,3.44434573762928,3.44051575561791,3.43518185925521,3.43073662495668,3.42540072815285,3.42236724859861,3.41757075085431,3.41442699298159,3.41042965938709,3.40874673348069
"845",1.44624116328987,1.57314816551263,1.66984990333306,1.74784385177508,1.84023581486459,1.9090566621246,1.97454977397225,2.03445156160772,2.09191006018079,2.14720571700777,2.19814543620896,2.2460187602931,2.29193967750256,2.33758798080323,2.37742135501829,2.41584458194362,2.45423150218076,2.48750733011362,2.52030783739001,2.55262716885684,2.58025457058061,2.60638995626015,2.631523995403,2.65650249295843,2.67683517153908,2.69626206797078,2.71286778964665,2.72549165464412,2.73878080108787,2.74824064104506,2.75769304591384,2.76478755762917,2.77404037079984,2.77971628294096,2.78659392556497,2.79024373925557,2.79496822856094
"846",0.42143746291123,0.532104544362421,0.623243248982115,0.700162201703435,0.795766273354041,0.868508862982739,0.938073220230642,1.00209063352238,1.06595036306973,1.12771314922767,1.18427472370335,1.23917749315467,1.29228733938071,1.34363207966969,1.38825958589791,1.43339360863205,1.47706748189632,1.51662765650448,1.55475436200875,1.59248987084091,1.62459336518223,1.65620090448138,1.68590386967801,1.71573140711791,1.7403936241205,1.76451383390782,1.78494763763285,1.80273908086563,1.81892989553628,1.83401159243976,1.84781549307726,1.85888263085332,1.87108176658884,1.87963219604737,1.88864910297092,1.89447577356161,1.89903164874922
"847",2.62080084665632,2.5971669033634,2.57919188498615,2.56735785554284,2.54536802460535,2.53270562283275,2.52100712904795,2.51073909583318,2.49933594627242,2.48832197170589,2.47911163730037,2.47057995556665,2.46137566480662,2.45544668456126,2.45202782073416,2.44776725824268,2.44530159393353,2.4448999321352,2.44574435232553,2.44787281475937,2.45491092393881,2.46146102567191,2.47146471176974,2.48331478096431,2.49807981067271,2.51154464891394,2.52822478613551,2.54494535399296,2.56585247399812,2.58466112287746,2.60546198823159,2.62723663368943,2.65097089291975,2.67597874886388,2.70385899846356,2.73513173628049,2.7702191607655
"848",2.28544540553622,2.30372066048714,2.31838510121189,2.33200228360582,2.34793557840423,2.36242411543458,2.37734403678459,2.39169629530051,2.40566470303476,2.42025826210481,2.43477295727217,2.44863766656164,2.46207635796617,2.47753725860752,2.49149644983242,2.50443048268259,2.5183659994234,2.53042165379869,2.54274279408013,2.5555605499063,2.5671468220667,2.57763801331328,2.58835064195142,2.59953726629421,2.60913394408659,2.61812326410055,2.62591888374888,2.63183797256615,2.63946677994169,2.64400697290659,2.64905679405467,2.65324204765574,2.65942108224872,2.66344267367877,2.66920091701008,2.67313472658298,2.67902786098833
"849",3.21595986512241,3.18693051428738,3.16752170156745,3.15679215729361,3.13296920695667,3.12057843560864,3.11051459146051,3.10310340115511,3.09464283686268,3.08760480118545,3.08319022709572,3.0795467487772,3.07590768756604,3.07656941690919,3.07983742157909,3.08329271869449,3.08918339701883,3.09707636490504,3.10664819673212,3.11787209293607,3.13323765282294,3.14906522442579,3.16789804591454,3.18796520456886,3.20953994701421,3.22923469596626,3.25139515276653,3.27119030096945,3.29393432112717,3.31440737336077,3.33659450242516,3.35791440414727,3.38127563736996,3.40469565519185,3.42999538134483,3.45832935013764,3.48926914170077
"850",3.01276032741044,3.05692551787446,3.09442644207271,3.1278775208355,3.16615370433547,3.19729112618401,3.22904810967199,3.2592615062148,3.28817653894177,3.31803383505476,3.34668873472518,3.37279981143826,3.39834979566988,3.425313695524,3.44819834545934,3.47084175648364,3.49344575078701,3.51286483743495,3.53157318581503,3.55075316302278,3.56566473156071,3.58163855465285,3.59574522524001,3.6091971523542,3.61975880419133,3.62971901851645,3.63728616264983,3.64111871575143,3.64434836611781,3.64657214930363,3.64913755410383,3.64892077576809,3.65117250913103,3.65046590934567,3.65070187211251,3.64977180373288,3.64985506751584
"851",2.96186591919356,2.95827192925502,2.95634791836335,2.95655883078014,2.95435701036408,2.95504144144505,2.95676757661221,2.95868334924048,2.95987084136535,2.96227685117412,2.96538596788073,2.96748115888501,2.96921875299448,2.9734092365211,2.97693845027593,2.97930052584754,2.98258398197837,2.98475728248206,2.98708877441227,2.99012059729829,2.99281776074847,2.99487541864446,2.99719381917617,2.99980677520378,3.00222631773701,3.00404993124199,3.00540371131299,3.00536175686535,3.00753351626561,3.00694824077134,3.00737783559159,3.00748166781237,3.00979434657469,3.01062673155195,3.01348831287987,3.01545806848229,3.02021233894705
"852",3.26259551000539,3.23195167409561,3.20691630591078,3.18689627151878,3.15624175780424,3.13404778615962,3.11188049489525,3.08981308454163,3.06559734376435,3.04134313795058,3.01782619466226,2.99262009187801,2.96532247044884,2.93951237310627,2.9150288113566,2.88708694442523,2.85833840127342,2.83040545650369,2.80100725532328,2.77078344565073,2.74482572373533,2.71613973379166,2.68853060265257,2.66040670212681,2.63831805394717,2.61429251430234,2.59395440932882,2.57795843907106,2.56764933550826,2.55657408196607,2.54843063334676,2.54573748037679,2.54466058758963,2.54867905450123,2.5574141533233,2.57276912114112,2.59514098226862
"853",3.21389002305793,3.22457191973945,3.23810554527929,3.25433275788141,3.26859203372624,3.28405240436773,3.30157686070502,3.31970510949671,3.33710543708885,3.35620916315502,3.37573400052081,3.39399690028758,3.41219125322137,3.43287681806543,3.45136431657814,3.47009693876582,3.48943762556572,3.50704504039538,3.52448571234524,3.54275167167621,3.55863841979999,3.57575904064468,3.59200353585973,3.60792596103713,3.62195706104795,3.63501990009106,3.64684661373811,3.65514319396671,3.66337097376865,3.67084454801491,3.67904020435335,3.68478486506555,3.69295907479682,3.69915040644167,3.70653123430039,3.71459144599146,3.72410153066268
"854",1.06697376791583,1.1406724688726,1.22266020162676,1.31128445869373,1.38936952266571,1.46596698166259,1.54430156212811,1.62286786480641,1.69789366208213,1.76975655580978,1.83889341745844,1.90761270880962,1.97350708804223,2.04010161839851,2.1023970873359,2.16409561076126,2.22589611564518,2.28350105610114,2.34062088593287,2.39618715230636,2.44942212381071,2.50021409694378,2.55129020602925,2.60164976315362,2.6468158435196,2.68848494721257,2.72912045629269,2.76390081636329,2.79987971837551,2.8313190996051,2.86302383773793,2.89198360736906,2.9226993657205,2.95151796663855,2.98179195162098,3.01281862473146,3.04595684677697
"855",3.92680330272243,3.93856731081879,3.9610247148649,3.99098394040514,4.01261209592795,4.03758810718237,4.0658068721668,4.09528888311651,4.12406900403958,4.15530304316259,4.18635702549045,4.21574197879291,4.2450268742772,4.27559616308701,4.30142335017148,4.33090598488272,4.35790162520153,4.38436785612078,4.40784929768376,4.43239061410096,4.45080874814886,4.47579305023231,4.49557873815393,4.51308923230998,4.52806931744803,4.54195262382025,4.55255489044308,4.55928427894078,4.55837542066585,4.56590158337047,4.57223082835228,4.57263673372122,4.57434244156635,4.57370587795691,4.57154222410221,4.57339348946518,4.57130407004368
"856",3.300311108563,3.25975506843192,3.23082099645248,3.21247052329396,3.1760897708316,3.15441917628327,3.13493292765329,3.11866339365236,3.10077407837415,3.08386453348356,3.07018931686602,3.05786223707548,3.04527935069939,3.03762747469567,3.03469098599533,3.03217980822565,3.03279852528278,3.03759922092417,3.04492354261336,3.05443246016884,3.07158043048137,3.08943464220303,3.11217294621465,3.1367720224925,3.16456216610069,3.18971558395005,3.21910383220426,3.24619144941999,3.27685973621659,3.30498673117329,3.33492180504467,3.36398883477183,3.39458163045915,3.42575186415881,3.45848960495501,3.49514374563717,3.53396164670196
"857",2.84595057771947,2.84162650455727,2.84067226691186,2.84343836295296,2.84206993334608,2.84513564194923,2.84982581926387,2.85549433949984,2.86051314908774,2.86679063060787,2.87421793413355,2.8813441396943,2.88833108258661,2.89834064138231,2.90822069566326,2.91747885171347,2.92827010343312,2.93835656345555,2.94917737468275,2.96091443515675,2.97305152275328,2.98481518322198,2.99764763102701,3.01112396155705,3.02414518662804,3.03617055120238,3.04840708455184,3.05842294317391,3.07083607252509,3.08048333387888,3.0914180512262,3.10160951872771,3.11418812735821,3.12572824631801,3.13942091485266,3.15374766726275,3.17107992479754
"858",0.17482167446714,0.199483989247103,0.218990212682557,0.235649186538488,0.258082010888125,0.275820718691056,0.292337071796902,0.307233111511879,0.324228019810714,0.34139979609363,0.35709337095876,0.374163119851657,0.391234600517988,0.407393243788932,0.421003572482584,0.43755051756398,0.452061506135367,0.467681403230187,0.48143420097803,0.496099587043058,0.507834721293096,0.522287371207542,0.534389891879479,0.547048305823947,0.558256388338678,0.569995499830012,0.579005998813168,0.589658776378261,0.595184959807045,0.606913630962789,0.616293027722763,0.623588596383427,0.630196612820627,0.635314594707598,0.639674484667675,0.644351714535925,0.644607270039584
"859",2.73831365908562,2.73655581090226,2.73478088992946,2.73409286166029,2.73211511302613,2.73223933168385,2.73288019846386,2.73326322016407,2.73291142272202,2.73341489052412,2.73435633962663,2.73426826769635,2.73359497914458,2.73502632097303,2.73578104424122,2.73488936505428,2.73467748271792,2.73322827178076,2.7316854479609,2.73056706678641,2.72908125640912,2.72629047593669,2.72352859377125,2.720923462396,2.7182383827816,2.71500686486496,2.7108881393908,2.70613617027453,2.70343319876896,2.69781778930704,2.69275635133628,2.68771925582691,2.68434939984499,2.67916645644686,2.67569567065069,2.67003098002393,2.66642702841732
"860",2.53711344760694,2.52611595698657,2.51656470398125,2.50961572794972,2.49821342245697,2.49158033472765,2.4852001218899,2.47888265363084,2.47166473638933,2.4648194254111,2.45872217637607,2.4522271244621,2.44485930443364,2.43964418333174,2.43496708917026,2.42858208939026,2.4228659498378,2.41724590891873,2.41162763952269,2.40649128223854,2.40308741938669,2.39833713805901,2.39467849865623,2.39172849507646,2.39044750970855,2.3884693804378,2.38725430550012,2.38687915377701,2.38937553955466,2.39008862833684,2.39194778693608,2.39505269502606,2.39982144517837,2.40480934130205,2.4123883334163,2.42090567935205,2.43268161737211
"861",2.45775445710952,2.45054658168713,2.44597499339856,2.44515061743606,2.43934806992809,2.43888145990222,2.43948144019254,2.44098505873909,2.44192040615106,2.44358766971758,2.44646736754023,2.44971086162021,2.45262582847579,2.45848009907175,2.46507130008002,2.47096395865662,2.4784651207977,2.48614905417486,2.49473394663475,2.50428272522355,2.51564041371847,2.52624599151551,2.53872795064731,2.55237760625964,2.56645299343446,2.57951022209221,2.59355104780627,2.6064425786948,2.62229497296179,2.63551675470018,2.65006693536672,2.66463534996814,2.68130688766689,2.69769540278982,2.71656302708051,2.73670295592084,2.76010524623922
"862",2.55899430944609,2.5790706289553,2.59471756992119,2.60833074261419,2.62556620518651,2.64008417953616,2.65498561042484,2.66893956688885,2.68232523343952,2.69654506616973,2.71047096126171,2.72302783887921,2.73513485873123,2.749090127463,2.76096636091962,2.77152182124525,2.78282401602976,2.79166549440055,2.80047905040135,2.80969134362474,2.81676027363063,2.8227672019358,2.82827533419769,2.83383717867623,2.83753700308956,2.84080467717397,2.8421480629149,2.84141435667384,2.8420002321714,2.83922977982183,2.83669423118372,2.83297320914755,2.83114879398004,2.82623625626301,2.82254487498357,2.81521771308037,2.80904869484509
"863",2.41410898380127,2.39371570871358,2.38514407702472,2.38827064159253,2.37669831379573,2.37881470693613,2.38468449263072,2.3950413458661,2.40501823632198,2.41626570490424,2.43079959229506,2.44815406467315,2.46591646824944,2.48873261232946,2.51423334752404,2.54068153545168,2.57025860434175,2.60102601266389,2.63375537489701,2.66738754291553,2.70426060841456,2.74026152726484,2.77912410581625,2.81864590523728,2.85683922762208,2.8918719617323,2.92832303785137,2.96042053795863,2.99493363941105,3.02554191674388,3.05713444872678,3.08687237861828,3.1182803696256,3.14896021286836,3.18124356795931,3.21577497601301,3.25268291416838
"864",1.73857395681855,1.74764065368297,1.75157835870427,1.75388158669219,1.75744998509433,1.76058935822923,1.76254847768825,1.76306609828479,1.76359409450457,1.76395983458244,1.76382948982204,1.76361635417711,1.76242036521633,1.762006457127,1.7607056728758,1.7583939097645,1.7555202962328,1.75248539295287,1.74838298529217,1.74451550568003,1.74020448735979,1.73495088087394,1.72896618469409,1.72322797880883,1.71788660567683,1.71229160929978,1.70520903483438,1.69989128046434,1.69419006046574,1.68907991169322,1.68317603751942,1.67749464866311,1.67200351767355,1.66518036333237,1.65916970432238,1.65163134222276,1.6434545901365
"865",4.1437055812964,4.12567877409651,4.11668664981939,4.11454897142371,4.10201402362578,4.09633623095643,4.09286124691445,4.09084562228348,4.08893782165445,4.09009947541233,4.09259930984784,4.09430294087999,4.09647713343948,4.10124119837622,4.10488449458454,4.11147414324703,4.11741296486996,4.12500654750787,4.13153528302686,4.1401003208674,4.14722111239698,4.15937025571198,4.16966743465718,4.17941439193576,4.18946825584456,4.19871583377631,4.20738392248182,4.21349607402368,4.21661830819924,4.22422116681237,4.23215613994037,4.23663185095486,4.24296624218304,4.24814071955122,4.25334015616073,4.2622369498867,4.27011691725228
"866",2.025570871465,2.07026064980873,2.10978637205509,2.14733892186552,2.1879303406861,2.22377984524817,2.26037130018294,2.29630579843891,2.33128387695429,2.36622859417295,2.4002976967383,2.43358615365793,2.46611456672307,2.50050817991886,2.53219920835521,2.56321057390197,2.595317589968,2.62446103605205,2.65395843467376,2.68355002710028,2.71107341871787,2.73747028485612,2.7641470744201,2.79103141429524,2.81475344743389,2.83707335384118,2.85819062106324,2.87551934131251,2.89439539650873,2.90967038048741,2.92559702862524,2.93970077185495,2.95608620348448,2.97032758681837,2.98632157853579,3.00172219934549,3.01943190225432
"867",0.773997609845717,0.840731149055465,0.88950650619703,0.926988124243236,0.979611241352159,1.01749036744817,1.05254835492784,1.08334669477865,1.1154113291642,1.14693122849448,1.17523650552886,1.2028566355926,1.22962579203961,1.25524994142688,1.27608252560223,1.29743739412237,1.31713138559206,1.33443652683153,1.34991623754203,1.36553654452679,1.375910195044,1.38632682099498,1.39379422941219,1.40116301208703,1.40485657286076,1.40896949624215,1.40819088620981,1.4071786043756,1.40231950330672,1.39859959391371,1.39208557192603,1.38270235665883,1.37280912214444,1.35764927136094,1.34074639629893,1.31672669222285,1.28660346519857
"868",2.80242411388988,2.7930409306309,2.78633454829213,2.78284522035773,2.77495056592802,2.77179015662465,2.769617258926,2.76797286969469,2.76552098423989,2.764008574644,2.76351286374847,2.76253231020879,2.76109724167008,2.76233407239698,2.76381532537165,2.76407255688764,2.76552246239395,2.76662747735972,2.76819336261383,2.77054285789308,2.77397421442805,2.77656035208371,2.78029873859631,2.78476988767538,2.78988686444967,2.79425373608882,2.79914365252273,2.80321738573565,2.81020120141668,2.81454960849853,2.82024889429787,2.82621909226656,2.83438398473446,2.84202047445546,2.85212077760943,2.86273861499523,2.8767339412614
"869",0.603165045988558,0.640741803373997,0.666018684689434,0.684088131794008,0.71147845788379,0.73031553230594,0.746278364885431,0.758764011827009,0.772917374394574,0.786646909962455,0.797926872257913,0.809396608834858,0.820056197795603,0.829192923916858,0.834859932527603,0.841712013500699,0.845829778225955,0.849761282557849,0.850934072734174,0.852344000259968,0.849569301881849,0.847946155925623,0.84260285746687,0.836832781389344,0.82941809593002,0.822607344419774,0.811188190632974,0.802063043054473,0.787103864551631,0.777071691414582,0.763526844037138,0.747787720135647,0.730294010686027,0.709020981629715,0.685439890652354,0.657079818833798,0.62191742154834
"870",3.02961201329469,3.2067147837108,3.32968106891907,3.42272041985136,3.52435795725683,3.59569061755644,3.66226362164521,3.72127469911899,3.77586470084331,3.82910494675474,3.8772334594469,3.91977405607473,3.96042440892754,3.99991885491084,4.03121452241278,4.06351142633565,4.09304228862585,4.11852757803292,4.14105996140728,4.16393644175763,4.17859822417104,4.1975970101631,4.21141765662594,4.22331893838169,4.23137813325303,4.23925293371399,4.24288352320466,4.24247742308451,4.23699753333937,4.23572804844858,4.23371660183056,4.22684901364147,4.2221628751594,4.21390825506405,4.20522103217442,4.19647656517631,4.18606779259373
"871",2.894092304723,2.8825047848023,2.87250204716684,2.86462310982467,2.8530439602304,2.84544086644237,2.8381553544445,2.83063645235102,2.82204301842142,2.81411761203934,2.80673393106858,2.79809275351533,2.78850115690115,2.78080920545564,2.77294852328885,2.76285568694037,2.75297667355882,2.74230762589884,2.73106911221977,2.71991494164681,2.70920413876062,2.69667725030143,2.68401276849873,2.67110184826537,2.65936270815117,2.64680321963964,2.63371263170996,2.62124047337718,2.61108938569133,2.59827239372242,2.58595162279919,2.57466596768309,2.56449944761544,2.55326286685383,2.5437976141706,2.53251843838479,2.52357275216209
"872",3.43354440347083,3.42708723677542,3.42437452414941,3.42480522942501,3.42144297322871,3.42143454637542,3.42291451956261,3.42481712449437,3.42613209602967,3.42933262009673,3.43331038038845,3.43593442962874,3.43845140793813,3.44341671631283,3.44720747904118,3.45078674159959,3.45482846407048,3.45805412256788,3.46106442047986,3.46510834648274,3.46802817436874,3.47183953985724,3.47515355935813,3.47844623210136,3.48149750776598,3.48402626564719,3.48593005098033,3.48584420566051,3.48690095934089,3.4866737475586,3.4875028432264,3.48720528475392,3.48936213642568,3.49002102612522,3.49241584988981,3.49492429075893,3.49983212200755
"873",4.06844553503811,4.03373076027024,4.0065198189038,3.98506883949888,3.94918721504677,3.92193997294242,3.89442200465389,3.86667355308758,3.83666393274438,3.80700366525795,3.77756336134014,3.74536573150855,3.71051386401884,3.67625763112785,3.64286402647194,3.60662009541277,3.56786174332571,3.53097075987804,3.49131364961859,3.4504570647644,3.41530338885194,3.37848758004272,3.34289901342498,3.30642008376107,3.27960280991135,3.25020942744246,3.22820695656587,3.21240661110379,3.20499058303142,3.198679673748,3.19769532929541,3.20431003929676,3.21335826408872,3.23079913018618,3.25378199296672,3.28743195739246,3.32836419338284
"874",1.42286893832387,1.54437921114229,1.6368866835048,1.71141381745398,1.80070059287329,1.86715833063307,1.93043019393399,1.98828316650171,2.04399761903393,2.09772101450769,2.14722159213864,2.19382156783774,2.2385742267516,2.28306913598049,2.32185239738986,2.35929462857443,2.39669314687946,2.42909574168937,2.46101942571236,2.49250944943568,2.51932360240436,2.54464976019606,2.56895414249818,2.5931510500423,2.61274274009052,2.63150900945128,2.64738258360821,2.6594373046913,2.67209147474282,2.68097201059125,2.68976072908762,2.69622192315225,2.7047685917464,2.70965466777176,2.71568087043471,2.71822888265867,2.72166086903454
"875",4.30649453214715,4.30474066598682,4.30523918157424,4.30648531289273,4.30544618328947,4.30359297001183,4.30202140272506,4.29900094109095,4.29645715179594,4.29697704137822,4.29673094497529,4.29351011674039,4.29019276950583,4.28706775435012,4.27975130675785,4.2746438076869,4.26636744345049,4.25789136208979,4.24610574297615,4.23561161480665,4.21977353805654,4.20846891639775,4.19199739324477,4.17360052916035,4.15488643178683,4.13638065172209,4.11424880732091,4.09083052851114,4.06392990838041,4.0395248852893,4.01397522015573,3.98545380914941,3.95789623446834,3.92597734145344,3.89286859080718,3.85427356936342,3.81276146804372
"876",3.00530205417694,2.9898631051056,2.97787062266134,2.96941113533427,2.95531217529531,2.9467179696359,2.93889824234597,2.93144156887831,2.92290919661806,2.91525534568804,2.90857307965921,2.90098861737731,2.89267588610325,2.88678588401567,2.88128336702408,2.87410322065893,2.86767379621944,2.86108748595696,2.85454540006892,2.84858168960542,2.84405019819087,2.83845430381731,2.83377796679893,2.82956812331217,2.82695335841548,2.82359164923779,2.82100038602009,2.81850951274514,2.81922469838695,2.8175441019786,2.81733812315793,2.81815460603271,2.82103379038597,2.82389820520814,2.8294225235882,2.83570250263462,2.84575881657946
"877",2.11482738365879,2.12583151473833,2.13528986839638,2.14556224736858,2.1555020370967,2.16649890295078,2.17809954708604,2.18975237571998,2.20120423729223,2.21319960767518,2.22556326102641,2.23809210884835,2.25027114114915,2.26476424941984,2.2786395604594,2.29193598249572,2.306464477256,2.32008311747722,2.33424468342847,2.34910046590781,2.36395754035628,2.37790092959354,2.39282013931632,2.40862066232334,2.42341451711265,2.43737272326073,2.45102163868891,2.46308892052893,2.47719873185539,2.48863100707265,2.50080320342408,2.51240546088853,2.52597251089843,2.53828931167411,2.55269074769864,2.56691726110146,2.58360205577158
"878",4.2611489002522,4.25375061982608,4.25056763220018,4.24985065483844,4.2444260315863,4.24047279609432,4.2372658643861,4.23337967847065,4.2298043034418,4.22923010048104,4.22847890174102,4.22532017024112,4.22216800623608,4.21988411010608,4.21441250841124,4.21121394931579,4.20564073956217,4.2004871095181,4.19279813548044,4.18669407989441,4.17679423852535,4.17158665331928,4.16262733312806,4.15251716770478,4.14282395481222,4.13331364976824,4.12182676734561,4.109159222472,4.09400965373082,4.08237727089359,4.07092419312875,4.05721548059598,4.0456346161867,4.03221523552892,4.01945579806067,4.00722798192383,3.99547448569441
"879",2.56560860768296,2.57108914212517,2.57659115215261,2.58350887461265,2.58945878944734,2.59712394976182,2.60579145626914,2.61465802367126,2.62298876267533,2.6322451764083,2.64206685985998,2.6513984770321,2.66042669899792,2.67197383673669,2.68278002455064,2.69263780568853,2.70376723026737,2.71360913331233,2.72394970607791,2.73497643353279,2.74567612494783,2.75552224913011,2.76605358424727,2.77716894702237,2.78738778193281,2.79684896668558,2.80586659006847,2.81300326218615,2.82236077015161,2.82869358375223,2.83597751335652,2.84264023798715,2.85152113570659,2.85889704900543,2.86833954950895,2.87718842097027,2.88874645984066
"880",2.63818025731336,2.6347784249763,2.63079571190664,2.62756938924451,2.62304026268967,2.62066508485415,2.61841457695488,2.61562895441785,2.61203878624677,2.60903402418136,2.60631577997307,2.60251013151313,2.59787676495196,2.59502983990612,2.59159191683235,2.58611132359,2.58093991374552,2.57460934715909,2.56780200237976,2.56113369744436,2.55418232401756,2.54544592093757,2.5363745575292,2.5271567567058,2.51822103411376,2.50865644954968,2.49786238089042,2.48728035961202,2.4783535685117,2.46672436698648,2.45512717193651,2.44388101401029,2.43357967933086,2.42125727595457,2.41014005780704,2.39580960447699,2.38254478258967
"881",2.69427435371101,2.72742591093661,2.76402786340515,2.80406651359685,2.84046510159006,2.87685150023023,2.91566265286296,2.95526026472105,2.99299235071446,3.03109104886474,3.06889516372564,3.10553992714683,3.14138181704145,3.17955310604064,3.21480191251881,3.2498489449965,3.28567306918363,3.31860010137695,3.35141767107269,3.38424492979583,3.41443361179176,3.44480208089559,3.47455515606882,3.50362815399146,3.52941803638009,3.55324540541973,3.57577065077507,3.59345234499576,3.61099620444589,3.62692827420147,3.6434059587111,3.65684564650471,3.67249817297915,3.68606644614573,3.70060841586417,3.71625109193247,3.7330938351236
"882",3.46869505691865,3.5187857404757,3.56016033508461,3.59564118326455,3.63709986120404,3.66886824706069,3.70077745209192,3.73026337112287,3.75865946339755,3.78854490176208,3.81659587997917,3.84128279869379,3.86550616010991,3.89030355821605,3.90963577530623,3.93001451358861,3.94887054839152,3.96495162846773,3.97907188786013,3.99401201066818,4.00276679212179,4.01493383460397,4.02323692216499,4.03024171545418,4.03442929852558,4.03854741909246,4.03924277614634,4.03648137111558,4.03058467433696,4.02683870327148,4.02281321420151,4.01499722379097,4.00948544917889,4.00055886312404,3.99175402912878,3.98187966537798,3.97143688160039
"883",3.27347681209677,3.26575432617463,3.26071654072841,3.25816689827449,3.25233821146827,3.24974535860427,3.24821249714449,3.24678984878158,3.24460355011263,3.24392159911529,3.24391041227139,3.24246381223981,3.24064366936898,3.24110205884088,3.24067266534051,3.2392035717169,3.23820457248176,3.2362068705727,3.23396002884408,3.2324371671717,3.23022605639311,3.22781952678444,3.22509356720308,3.22232855011052,3.21968853135417,3.21653427639985,3.21271537998891,3.20766673712275,3.20449998624847,3.19900386079086,3.1944624519506,3.18957854079759,3.18686484547154,3.18256593472857,3.18013495420361,3.17656147751566,3.17563852611625
"884",0.231042549719856,0.255541733500471,0.273235263839698,0.287072237999876,0.306661252211534,0.321072372734947,0.333540712361277,0.343782999435944,0.355881693096147,0.367838370710561,0.378040480592869,0.38922988454246,0.400072014528561,0.409605756201112,0.416594494358693,0.425976016309722,0.432870195734511,0.440908554227429,0.446658261402384,0.453097911495735,0.456647724671107,0.462663346450985,0.465930873312829,0.469429650638056,0.472103593431642,0.475431806246749,0.47590467452722,0.478746405363965,0.476292813376049,0.480278040400619,0.481770500094227,0.481562675579078,0.480323892471132,0.477640128597656,0.47390490849071,0.469990486790575,0.461431603271081
"885",2.81742228598173,2.81075434813152,2.80410540218467,2.79840374724334,2.79088799189231,2.78585053773556,2.78091819419421,2.77537008178048,2.76885230143082,2.76297716328944,2.75735459602769,2.75027489072514,2.74223354238033,2.73583017703792,2.72873255848134,2.71924572458607,2.70975072509429,2.6989138733006,2.68722722226444,2.67541370610401,2.6630514598919,2.64855556707826,2.63314246861778,2.61701537736943,2.60125979788822,2.58464037215103,2.56623512850285,2.5482039177899,2.53146426336357,2.51157010594103,2.49113137373881,2.47098260152643,2.45100644454195,2.42819372270545,2.40567190813214,2.37784974525446,2.34966745718233
"886",2.50519463120558,2.46734845930193,2.4377926850045,2.41710769718361,2.37975875478223,2.35623103304618,2.33335255649374,2.31261615548136,2.29004316945423,2.26698173315153,2.24635605370807,2.22741869108929,2.20726593750826,2.19087722032752,2.17973200098984,2.16827494228175,2.15917015475407,2.1555449118804,2.15412129159261,2.15475974064998,2.16565726406334,2.17694367345774,2.19466629611194,2.21555545471731,2.24240017729931,2.26697800460345,2.29798613063265,2.32964729729094,2.36646367335166,2.40148264257116,2.43865811003943,2.47691357260445,2.51628838033726,2.55812331279248,2.60249025568965,2.65212142960701,2.7049979349484
"887",1.13628955403154,1.17497522971131,1.20598461099106,1.23385235823568,1.2665363818148,1.29433086010352,1.32145213249634,1.34729037264206,1.37401084720722,1.40062533737129,1.42611718240044,1.45241774356496,1.47824289482325,1.50492426591162,1.52939244428713,1.55475596802575,1.58015820551312,1.60467684721267,1.62889480859311,1.65369361385404,1.67683719781759,1.69988230931278,1.72283695902333,1.74667563803646,1.7682159782741,1.78908907553653,1.80849767301004,1.82665453831919,1.84465405527135,1.86202644732958,1.87899180400789,1.89456660538272,1.91137491462017,1.92649212689716,1.94296833537556,1.9590516628271,1.97560862762784
"888",2.02733064092339,2.0293927451739,2.0312336671575,2.03510693045096,2.03627728936683,2.04066991720263,2.0454924518083,2.05062857509205,2.0556095893725,2.06098920871325,2.06705840562305,2.07380150483403,2.08014377630669,2.08887515373309,2.09787945598639,2.10652384903578,2.11636262882423,2.12640273035747,2.13703374956375,2.1485565684007,2.16135369750676,2.1734824702572,2.18711566198325,2.20197379317075,2.21688650123001,2.23094443658851,2.24549549668497,2.25935404828078,2.2754239239051,2.28959769320508,2.3046192780233,2.31957096398665,2.33629254257604,2.35259208134479,2.37117412113207,2.39074352408262,2.41290181792664
"889",2.9054523865755,2.990837569144,3.05288012634988,3.10034365264145,3.16104969226697,3.20383480567323,3.24493761971943,3.2816346351325,3.31656230702652,3.35179749123127,3.38412669908186,3.41240924688842,3.43973893281445,3.46730170820881,3.48901039218783,3.50997841642715,3.53012443529553,3.54583247246103,3.56016693643565,3.57475440988642,3.58303057698529,3.59221658723123,3.59818804632663,3.60305563056895,3.60412475657065,3.60518705485112,3.60209864273699,3.59527669862292,3.58695674856719,3.57686844779894,3.56611151330247,3.5518641854817,3.53953763602628,3.52172883150805,3.50345397573734,3.47840547966907,3.45136791990401
"890",1.73443642579563,1.73975345892744,1.74206967719172,1.74452325326694,1.74597435155248,1.74892633261142,1.75123936696454,1.75289407903445,1.75461429985433,1.75630866205961,1.7580386422734,1.76033449253463,1.7619030892316,1.76490274548747,1.76777889100323,1.77028451051838,1.77295461405726,1.77619800995315,1.77916620527459,1.78285615162896,1.78740728258756,1.79154249647825,1.79630808952534,1.80213086991234,1.80865895177459,1.81478121219656,1.8208856083873,1.8280464443594,1.83614526374404,1.8444053538643,1.85286561239649,1.86166716933011,1.87155965141521,1.88124788117173,1.89283561149179,1.90534012950519,1.91919608546482
"891",1.85704034549882,1.86468649740355,1.87879152458176,1.90045506873816,1.91411564034687,1.93483804083151,1.9583686725532,1.98470479185046,2.01091480090106,2.03769240691268,2.06594381607776,2.09621703299498,2.12636880535007,2.16000700286385,2.19387125575215,2.2283814990158,2.26495194675064,2.30095871558507,2.33810092776711,2.37559851713427,2.41401269484999,2.45123208209555,2.49029370086102,2.52990484013881,2.56701225072966,2.60147428267211,2.63628929656927,2.66697023690992,2.69972740272346,2.72862049145727,2.75823951060534,2.78608071431634,2.81572468495198,2.8442773032201,2.87465054338784,2.90641509487062,2.94070744648346
"892",0.220969049358129,0.229880434841813,0.23731008133895,0.245847667733893,0.252087862696783,0.25954710084654,0.266380752589483,0.273294855957217,0.281857869087458,0.290512440573941,0.299161109332716,0.310554757813456,0.322197591801212,0.334343725378944,0.346735049260426,0.363024858926426,0.378610081433166,0.397905701319007,0.416725793711833,0.437258654411514,0.458906676201678,0.48409387961321,0.50956030869983,0.536681711065265,0.564190449750414,0.591335468919561,0.618732808024395,0.647576645827282,0.672997215126429,0.704698290899323,0.735090085939926,0.76392845034447,0.79238229487823,0.821513130848099,0.850974818976731,0.884739225883047,0.915952485844464
"893",0.0779011394429082,0.106150517188436,0.131562327469931,0.154500224318313,0.187636354282835,0.21442220075629,0.24094239244678,0.265954520337065,0.293663775079632,0.322046202697276,0.34854274112912,0.376146256055154,0.404001416361853,0.430637348467607,0.453243649914874,0.478879098580278,0.502299046019401,0.5253983345205,0.546390223653488,0.568051918471235,0.584721132545688,0.603858030981546,0.619742834708779,0.635858746476208,0.648755649242658,0.662291313472766,0.671622990127107,0.681618158389643,0.685721841571606,0.695284293695513,0.701895607639073,0.705478637873347,0.708330433402814,0.708110384986284,0.706509712848947,0.702850362801307,0.6936295292306
"894",3.9996051004003,3.9710162508455,3.94879136830695,3.93126920072277,3.90260491036088,3.88081552037515,3.85904827106739,3.83694557687239,3.81320700488967,3.79045308004912,3.76795706419103,3.74284160730027,3.71587469401587,3.68978997954203,3.66360425294984,3.63533000855506,3.60499820053884,3.57543466588765,3.54336410199393,3.5106568626552,3.48022485623478,3.44860606820603,3.41617676336683,3.38214359458304,3.35359866412004,3.32293543163374,3.29483689476312,3.27007815325356,3.25003138996285,3.22933362115009,3.211326654633,3.19822287755011,3.18682684746229,3.18009732544928,3.17788534219908,3.18204049256512,3.1937349620357
"895",0.0595787550804802,0.0758056451721,0.090240585289541,0.103624055008579,0.122234571225316,0.137857012640117,0.153316470701215,0.168070547928362,0.18501904300574,0.202639177001045,0.219335131376828,0.237577857875501,0.256282554992431,0.274391229289775,0.290140863730694,0.309057430614889,0.326282516255005,0.344513711853014,0.361150511710612,0.378752467535058,0.393222943054083,0.410594368461214,0.425622904119457,0.441192030908595,0.454903156652777,0.469157570878718,0.480569288304238,0.493226972264304,0.500500419313251,0.51404204831534,0.525161264970989,0.533883810203171,0.541894526682074,0.54826740281719,0.553703190163529,0.559416945110385,0.560434602880791
"896",3.01194580161469,2.98393273911662,2.96666444657216,2.95935524386891,2.93806717993814,2.92940150164719,2.92368561445908,2.92141184706344,2.9182931847771,2.91666999109078,2.91810566144972,2.92108974627332,2.92435276071392,2.93243135525537,2.94337765166939,2.95487879211847,2.96929281744789,2.98556248964324,3.00379327671911,3.02353822231785,3.04721741679273,3.07101480251274,3.09782645951315,3.12565263286734,3.15389952333706,3.17974925666868,3.20764795354113,3.23224209186538,3.25942396117851,3.28379314457093,3.30956677029691,3.33390823547601,3.36013177173318,3.38601088110337,3.41352992642156,3.44380202887157,3.47639646023838
"897",2.06804595118375,2.11283417907664,2.15460859995269,2.1958814307923,2.23823832561057,2.27695498223384,2.31685391720558,2.35652226098967,2.39492477438314,2.43318141664585,2.4706431924778,2.50737015600707,2.5432337507939,2.58110268357166,2.61625241348326,2.65077158177993,2.68643752835673,2.71904913507575,2.75202211561332,2.78495994799666,2.81588806771481,2.84569758034292,2.87582949598627,2.90600167811778,2.93282152373884,2.95790775025355,2.98192573452395,3.00168604524069,3.0229132392147,3.04053532911216,3.05885975272744,3.07512305426699,3.0936722560559,3.11017991473182,3.12837166109596,3.14648746860945,3.16691731408608
"898",2.60972957424195,2.62445533074641,2.63662202765403,2.6481162024304,2.66153391481959,2.67385659657506,2.68687205220206,2.69939227195144,2.71133886168292,2.72421331847675,2.73711353543149,2.74889975066637,2.76030950226289,2.77383081805665,2.7856836339804,2.7963762675699,2.80800285061244,2.81753105449086,2.82721483242377,2.83741039799751,2.84601986176549,2.85372109089166,2.86130748138021,2.86911158265721,2.87536103871258,2.88106555186778,2.88538472228191,2.88759785445104,2.89146097078187,2.89212573371652,2.89335642479405,2.89358057238727,2.89591895422061,2.89580884929509,2.89731181894784,2.8965152994526,2.89765564848663
"899",2.44107457071307,2.4312031682077,2.42014054010496,2.40956139547962,2.39648921810835,2.3863561919425,2.37532170392695,2.36306792029986,2.34962372898113,2.33591543489932,2.32200848036074,2.3066907853103,2.28961677496815,2.27318732779428,2.25627492854435,2.23603354098984,2.21445089763042,2.19191550829166,2.16709255313866,2.14099965100026,2.11459539163412,2.08466874647162,2.05230995231946,2.01767077953995,1.98435814350848,1.94901148700626,1.91056335104496,1.87488275809201,1.83794789704853,1.79928515389166,1.75753811533336,1.71657255317139,1.67190592221593,1.62379874977767,1.57283944415115,1.51395200693439,1.44953258552482
"900",3.67849740846592,3.66825498610773,3.66641359801416,3.67125454439622,3.66813521595497,3.67131506357408,3.67727567339755,3.68506268900155,3.69252719213851,3.70251454923714,3.71392096540155,3.72471589273204,3.7358632193934,3.75003661515716,3.76304775495878,3.77762125481699,3.79258504282928,3.80757644058535,3.8222324725084,3.8382774768882,3.85279031273386,3.87019819446591,3.88655018186878,3.90245650414651,3.9174360236477,3.9312512021606,3.94433927055804,3.95405691094452,3.96237800415468,3.97229095959897,3.98277984209471,3.99022256645124,3.99977959996468,4.00785162961813,4.01651485123373,4.02767301207112,4.03908468418953
"901",3.48523150633657,3.47406037271194,3.46444189242375,3.45598663064242,3.44481353834703,3.43587707401362,3.42708908207553,3.41735685890872,3.40658431236477,3.3970607987878,3.38749447059917,3.37532986644411,3.36208760031408,3.34991372326217,3.33605420957252,3.31978318442907,3.3022807151171,3.28289143184496,3.26135746537893,3.23915565935209,3.21457775434179,3.18770045670796,3.157438163832,3.1243592702177,3.09081073317331,3.05528052700073,3.01505467190416,2.97400604877841,2.93151179578671,2.88291765611424,2.82974827732998,2.77360722446858,2.71185448900448,2.6386599295273,2.55524880624045,2.44420627830216,2.30739112834921
"902",3.08932957021305,3.07257332851974,3.05993862621403,3.05128352474845,3.03636339935351,3.02737840957583,3.01933459048031,3.01182996730271,3.00325224832103,2.99567814707104,2.98919817038808,2.98185366152538,2.97386169256306,2.96843687317476,2.96349389655271,2.95707175507837,2.9515069597099,2.9459358354419,2.94053210714081,2.93584469026838,2.93273918410567,2.92884237720731,2.92602922827329,2.92378244307761,2.92317623329706,2.92180821750652,2.92143608737397,2.92091310218544,2.92367489447566,2.9241014059137,2.92616291500696,2.92909960007069,2.93425722093892,2.93948825243815,2.94742557894747,2.9565120968361,2.96947676486031
"903",4.17528433431447,4.15316263836809,4.13619024647698,4.12259807846796,4.10022700820992,4.08237826140153,4.06440888878311,4.04554351246582,4.02565752236841,4.00736516133093,3.98885896966969,3.96732866718899,3.94429696279838,3.92162536767889,3.89740674516086,3.87198132130671,3.84367202218707,3.8154362216649,3.78383947249442,3.75161379028714,3.71865423753303,3.68512111563725,3.64821803825479,3.60826915143938,3.57134228805015,3.53193656516712,3.49130433923304,3.45222030421367,3.41434759153022,3.37422880348383,3.33348312583523,3.29491443188036,3.25506530313517,3.21511245332336,3.17577444953025,3.13478972460493,3.09711548335667
"904",1.44066463204776,1.42796965265706,1.42426103922141,1.43142001908885,1.42373229679195,1.42901917652285,1.4369724798444,1.44914988061246,1.46205621877923,1.47562926995708,1.49215501058691,1.51331034585378,1.53494154303873,1.5609815961782,1.59021909202494,1.62224625688786,1.65677811690276,1.69436313515692,1.73360955654564,1.77399370377449,1.81846888326424,1.86266832332356,1.90994149168019,1.95838758226977,2.00554953423354,2.0493034160808,2.09471196102167,2.13668076035738,2.18039009815498,2.22123820535581,2.26236657321183,2.30180272782412,2.34220354153103,2.38242547832471,2.42432215444116,2.469003194111,2.51572201690255
"905",4.13261923885789,4.10319435111171,4.08042553310343,4.06251071689588,4.03248304121809,4.00940994413233,3.98620243196515,3.96255379800078,3.93726267446132,3.91296846622482,3.88878794059437,3.86183085724675,3.83285692442198,3.80451001741263,3.776022548083,3.74564979966419,3.71277590381734,3.68108258312321,3.64656218950038,3.61134681873108,3.57890623388003,3.54561964315404,3.51164285708166,3.47607260913948,3.44700998952543,3.41572457094294,3.3880573823627,3.36440214167207,3.34611772337934,3.32804939355658,3.31339798207272,3.30436796011904,3.29739635916797,3.29632572601289,3.30023789387058,3.3122412243726,3.33200472228252
"906",2.51030441314219,2.50833583738207,2.50633251587123,2.50575809066478,2.50328435113952,2.50350726761602,2.50416356767022,2.5047241364779,2.50464990638243,2.50521269058758,2.50632012311597,2.50690984676991,2.50690988873535,2.5091081437931,2.51106608306003,2.51159305342322,2.51298575996419,2.51363989106517,2.51443592252375,2.5157784249762,2.51750294844386,2.51799479082747,2.51911564289227,2.52080426686574,2.5227209885147,2.52404954429812,2.52512271520242,2.52582612700362,2.52884424185643,2.52936390412222,2.53067777161389,2.53226054621417,2.53562240858495,2.53792359615039,2.54233779574133,2.5460142445442,2.55225361754808
"907",2.57968213327899,2.5348648144477,2.50604680040514,2.49308093897338,2.45613098662126,2.43996043864987,2.42784868125489,2.42200418438678,2.41532396122924,2.40984067709851,2.40959737006057,2.41410811905174,2.41940836328006,2.43171089160312,2.45073496558584,2.47189940069375,2.49775626328897,2.52831007333593,2.5621566816853,2.59764029530904,2.64071404268976,2.68302431680221,2.73009936904591,2.77806308836936,2.82592385483452,2.86919475237552,2.91543551155384,2.9567976518449,3.00085181585547,3.04045010849334,3.08087026541866,3.11915112153777,3.15840201253343,3.1973268215581,3.23740752680158,3.28060411957597,3.32567339216034
"908",1.77834361679793,1.83270858648892,1.86849385088545,1.89264520556798,1.93150187525244,1.95710990885506,1.98030213623624,1.99929568456935,2.0182730686659,2.03711445287836,2.05343970906779,2.06744109133202,2.08040799551901,2.09304055417256,2.10125779073944,2.10734341712448,2.11236932959404,2.11324789040735,2.1122910207224,2.11073138586846,2.10315988009947,2.09312108787003,2.07890967735413,2.06282083552934,2.04215292360957,2.02115929137076,1.99215902876388,1.9613800049086,1.92536781429874,1.88467294268353,1.83724207596002,1.78319268539416,1.72307503284118,1.64602272382392,1.55506217698404,1.42708581471854,1.26078900538347
"909",1.39554384559612,1.42012636753934,1.43784947286709,1.45295352650804,1.47153479221773,1.48725005391984,1.50202544405067,1.51545339493054,1.52952305786976,1.54357580271312,1.55689131579571,1.57075408926594,1.58406623381365,1.59831444663221,1.61107208492088,1.62407969488204,1.63701447999197,1.64958038669522,1.66168911738748,1.67445562744992,1.68620083287407,1.6977507482254,1.70911916075579,1.72135245140966,1.73250475672192,1.7433755514713,1.75289547948896,1.76245838422417,1.77183507903821,1.78124811065307,1.79021004780078,1.79842332205501,1.8076190945675,1.81531767681428,1.8242764420195,1.83254120394203,1.84093490860142
"910",4.84349378000365,4.84676704712289,4.85244597967675,4.85849414187347,4.86123701749536,4.86104017768518,4.86039106092259,4.85738791615653,4.85636574974845,4.85955576790955,4.86097322517931,4.85928725983,4.85790041431841,4.8550859237546,4.84594175842705,4.84312884727598,4.83415764813047,4.82727563624154,4.81481475399272,4.80479920184487,4.78683131992756,4.779086776481,4.76317273226902,4.74489113781842,4.72694350779171,4.71015914717358,4.68916720361331,4.66775374290068,4.63797450727694,4.6190049051764,4.59854976443185,4.57357110723059,4.55007088815194,4.52396558040826,4.49674211658164,4.47067479954302,4.4415250353539
"911",3.30981462731408,3.32212894933268,3.3344350502912,3.34709264634817,3.36042733701202,3.37277603574871,3.38642277334565,3.39972636157594,3.41244187145682,3.42694355081531,3.4414353655754,3.45404517370608,3.46652634143554,3.48098727904068,3.49279913196144,3.50452908443295,3.51640860872759,3.52631086316975,3.53567312614585,3.54587616138575,3.55306010598388,3.56138540587315,3.56825021104237,3.57470860798735,3.57950310933711,3.58389055814516,3.58645257367077,3.58617597288052,3.58592624811505,3.58458528054304,3.58379328015269,3.58092369999928,3.58048136993661,3.57747399690993,3.57565163914076,3.57265344196564,3.57109864272871
"912",0.721176591294747,0.699798356384153,0.683796010377947,0.67652991363502,0.651730773079328,0.639665851494766,0.627519284399588,0.618134896620746,0.609438978637194,0.600235422446565,0.593534206004226,0.592320897253625,0.591246271752314,0.593492764788737,0.601543963812459,0.614981094411807,0.630112624163105,0.654196306207264,0.680148790882898,0.709115525603409,0.747119386598565,0.788865482248029,0.835232733627761,0.88434916232091,0.936312713612844,0.985148337810892,1.03807214243011,1.09080535450851,1.14280600037883,1.19785546028535,1.25213777120374,1.30480334170211,1.35668212975263,1.41033702572406,1.4647981049231,1.52532781782863,1.58528207772592
"913",1.05988586099179,1.10344302366372,1.14026606305981,1.1746536925929,1.21325710007839,1.24694929940441,1.28035376640469,1.31279615569096,1.34604756605122,1.37909047240059,1.41094674590478,1.4437643193018,1.47606075804617,1.50930420239963,1.54013233467711,1.57203482861389,1.60411270561491,1.63503211097602,1.66576943913974,1.69694410466794,1.72640821197784,1.75561540899626,1.78492293929827,1.81504849459569,1.84234630353941,1.86857847445058,1.8934840778516,1.91636436516785,1.93936393873673,1.96110341705052,1.98256532921125,2.00240475844429,2.02361721849573,2.04317812195651,2.06422595707217,2.08522068700641,2.10712167034149
"914",2.30443743917503,2.30966623512587,2.3127771038478,2.31594326776755,2.31921276564897,2.32341237445455,2.32771768882625,2.33150952509768,2.33486556934995,2.33871688818484,2.3427590994324,2.34630039183318,2.34923463102748,2.35406924404428,2.35820668512461,2.36098510161638,2.3644462345379,2.36686772137194,2.36926643952584,2.37212448815662,2.37471139553749,2.37600268525353,2.37754226236825,2.37956139000174,2.38127515745557,2.38250504048265,2.38286420560367,2.38285025207758,2.38455377988225,2.38390635867577,2.38362376015452,2.38330886278152,2.38451153632353,2.38409578285498,2.38540268627876,2.38502619128884,2.38636780080678
"915",2.17964194199333,2.15275259340533,2.13039943021015,2.11403041391714,2.08573190816635,2.06759781344113,2.04928558685559,2.0318980942002,2.01317512387515,1.99381209132165,1.97588423536308,1.95912293498961,1.94095565507725,1.92527159280144,1.91303360911591,1.90006534730384,1.88804649613005,1.88014959870673,1.87304853209957,1.86731105832461,1.86914250178781,1.87113809803409,1.87764038042981,1.8867838844628,1.90164233151391,1.91520371285369,1.93405385951024,1.95546961312592,1.98118667944401,2.00725483232151,2.03537583080702,2.06556464720922,2.09698259917371,2.13151630458807,2.16907053120188,2.21233452475538,2.25897677643171
"916",0.291387058903779,0.350281651302008,0.40284448545228,0.451579399989898,0.51076867149624,0.560101333453961,0.609011671229047,0.656055330344802,0.704893052672806,0.753337582236008,0.799037989739452,0.845618062841605,0.891587066015172,0.936781113260231,0.97733376070121,1.02027535834199,1.06184967210487,1.10178195992625,1.14036684960103,1.17914574576856,1.21379764419624,1.24925856553351,1.28316864576917,1.31757477495757,1.34779477735454,1.37728774886951,1.40396560471086,1.42889524750615,1.45138604551707,1.47501271973507,1.49718773703021,1.51676878002194,1.53704564530038,1.5549997692994,1.57351657058507,1.59146553080662,1.60803678016852
"917",0.420359717822058,0.41528633615794,0.405877876682953,0.395906386157592,0.380374523622238,0.366976831844937,0.350105181565915,0.331178568626059,0.312232587627191,0.291503843539295,0.269699322761969,0.248744357384275,0.225950371003271,0.201840336361745,0.179210714939428,0.15755605167427,0.133935844836737,0.115023888273784,0.0952114270044616,0.0767846364805305,0.0629403657013244,0.0511831647360945,0.0410064415827892,0.0322832576738663,0.0274945401473463,0.0229766234967182,0.0205367169915659,0.0203109298734352,0.020475875157174,0.0228998558874417,0.0260569882971196,0.0310226937939007,0.0361979691257087,0.0447556636799577,0.0551243909449106,0.072042014945046,0.0911184876877722
"918",0.457697270546877,0.659559363209904,0.827505282999515,0.969110108001785,1.12111100566619,1.23667243428581,1.34514579092116,1.44407294245017,1.53714793275149,1.62413711066755,1.70313629940591,1.77781789124497,1.8484430411176,1.91680165773876,1.9770886815187,2.03595695731367,2.09366711095202,2.14518937653123,2.19553583135455,2.24444395851238,2.28812577509554,2.32979748362603,2.37047292308234,2.41071356876637,2.44512931509447,2.47764160875498,2.50756860610805,2.53258373823453,2.55814328779768,2.5797452265085,2.60127034458112,2.62012368800886,2.64099491584691,2.6589323077492,2.67828171241991,2.696155083665,2.71557205975024
"919",3.57785575804542,3.58965063850793,3.60709656913813,3.62883809500586,3.64650946785079,3.66584982213157,3.68776153562005,3.71051359706645,3.73257141029986,3.75676091202566,3.78114910758468,3.80400693336349,3.82685353742883,3.85177517729823,3.87342858104293,3.89673401510375,3.91948064341502,3.9409132557224,3.96111896919606,3.98229531067559,3.99953977930852,4.02024850070798,4.03837421605383,4.05538874839282,4.07021812446173,4.08401712255037,4.09580728161838,4.10373495209792,4.10862903603777,4.11637099193546,4.12415948428722,4.12803430459512,4.13397859510732,4.13780030849966,4.14173662161661,4.14782041477936,4.15328167960583
"920",3.7996476924052,3.81783578335906,3.83718839235909,3.85715071529344,3.87709813601324,3.89470440266695,3.91376060788124,3.93218295767964,3.95033901755546,3.97096386989382,3.9909948671897,4.00861865181329,4.02628085648499,4.04511870596848,4.05960618143002,4.07616192776825,4.09114493717649,4.10482777646845,4.11651474364579,4.1294640426649,4.13713629953356,4.14931282282426,4.15772405700809,4.16490351289788,4.17017673539916,4.17527009010416,4.17759596878168,4.17682518098487,4.1723416387304,4.17168876852094,4.17088597103671,4.16623907436752,4.16381904356391,4.15886859490057,4.15402219976789,4.15028814763445,4.14586014213611
"921",3.27227846071514,3.24176810309573,3.21979504276007,3.20547706397721,3.17849233809194,3.16222023209155,3.14758522132227,3.13488800342786,3.12083589371765,3.10785288338792,3.09705901503407,3.08642463153581,3.07532797402051,3.06795337560986,3.06315157237216,3.05785019859854,3.05447887253195,3.05329653901662,3.05347604287345,3.05521914831445,3.0618357502966,3.0687383853797,3.07895684799482,3.09071567222722,3.10544372291068,3.11868508717492,3.1352335898171,3.1507815882636,3.17024932572581,3.18763951504967,3.20721607109043,3.22701027143442,3.24897092940838,3.27179903082921,3.29703615166993,3.32579310521082,3.35789316389613
"922",2.12685330810899,2.14032132564117,2.15273715823118,2.16633990597838,2.17942374937188,2.19356124122333,2.20860805665159,2.22394277833398,2.23904324450023,2.25473715320479,2.27084416789171,2.28717435108759,2.30321068513133,2.32171865410793,2.33948912589685,2.35680670071706,2.37552866053085,2.39312729029235,2.41140354037855,2.43034347499796,2.44914996475421,2.46704341111877,2.48599433966832,2.50577316730154,2.52413939883473,2.54146207884783,2.55848796076405,2.57332166054788,2.59025742804959,2.60418239795404,2.61892013805464,2.63280635416424,2.648772779589,2.66340455432258,2.6801156082081,2.69681030772608,2.71609204577063
"923",2.44951074286968,2.42684592472103,2.40986607912206,2.39935197917263,2.37832067506458,2.36697501448332,2.35665508525227,2.34799565413367,2.33838621121991,2.32912205066608,2.32180463078385,2.31567662143188,2.30901347210451,2.30580692275887,2.305383038663,2.30456723530708,2.30577437536656,2.30940253112335,2.31450958057086,2.32105228147874,2.33276128123448,2.34414084638345,2.35921366023297,2.37627516967189,2.39592447493712,2.41408189374472,2.43544686912937,2.45648774486799,2.48146886476182,2.50430013255784,2.52892005878867,2.554162310238,2.58121408826303,2.60938524402459,2.64026106531268,2.67451698302558,2.71230110405026
"924",3.65596040035468,3.65328149680363,3.65022454705499,3.64654202283666,3.64306840414553,3.63898864431916,3.63490051378994,3.62924314086334,3.62292606631114,3.61831406875647,3.61314680207164,3.60483608756418,3.59568135821244,3.58714063059383,3.57559563901187,3.56224091386745,3.54704949646083,3.52927852681007,3.50877721801895,3.48766263951245,3.46186095360503,3.43436903420756,3.40168280573603,3.36521684782455,3.3263100854349,3.28519797292119,3.23622682482351,3.18424345900162,3.12706545173815,3.06064085732704,2.98407364664629,2.89717980128436,2.79499756685139,2.66103710925127,2.48579330441603,2.19878752236226,1.68237590908487
"925",1.29001549980917,1.33991222459388,1.37596980070325,1.40409837989658,1.44269345829185,1.47141596042749,1.49832418625067,1.5222486044235,1.54678852263941,1.5710765808159,1.59332613833515,1.61497774898651,1.63586711715665,1.65682740145829,1.67437382050182,1.69163599925112,1.70832052946837,1.72278588112605,1.73626876443293,1.74997337987798,1.76013760779631,1.76959498967564,1.77744543172767,1.78548432114648,1.79072020819943,1.79599101948675,1.79780954006929,1.79898132018848,1.79868423106805,1.79764554664255,1.79509162412571,1.79068565815839,1.78672267818373,1.77875832548432,1.77056228639389,1.75718592187344,1.74107755724592
"926",0.733828929696462,0.733405678805076,0.730514967855671,0.729062622444422,0.72187135355,0.718260412233862,0.71277690932744,0.70669049986626,0.701461147940583,0.695451805930365,0.689345991982593,0.685708046852585,0.68125684293913,0.677187119043504,0.674497544839132,0.67447965224042,0.673332770984495,0.677183573407603,0.680277742084619,0.685071982015979,0.693751719406832,0.705523988636552,0.718784952365919,0.734193568391138,0.753078032017023,0.771558856877688,0.792439325518412,0.816709873801805,0.839505290270086,0.86865230489811,0.897480241510047,0.926502416357653,0.955310636834906,0.986517654274987,1.01896770630885,1.0574578756995,1.09496521730372
"927",0.683907255393038,0.699066573951716,0.718673899227153,0.745257765051493,0.764191677003456,0.789099009998154,0.815994369197859,0.845625193052554,0.876977495485079,0.908735642168046,0.941505673034635,0.978392297189114,1.01552569268302,1.05499379269396,1.09458808645256,1.13775443701164,1.18158206781283,1.22702362266919,1.27267082379994,1.31897342594365,1.36602221445408,1.41355413640622,1.46218112380457,1.51165168789546,1.55835194958173,1.60235609996092,1.646344576973,1.68743825953467,1.7282350626846,1.76829373746522,1.80778015055824,1.84508267630223,1.88308838564005,1.92046978296199,1.95918121249538,2.00025123466004,2.04213144092395
"928",3.16574098292989,3.16721050872148,3.16845386164195,3.16999065590022,3.17158888735358,3.17364613409387,3.17636999742483,3.17849195364375,3.17991701555628,3.18274658326187,3.18571255908173,3.18680436822361,3.18744709211777,3.18992558234049,3.19064828075319,3.18998190946886,3.18946856548293,3.18704327302011,3.1839962562603,3.18136798572082,3.17667027982667,3.17129217822918,3.16463765756958,3.15743222115862,3.14936158846643,3.14087008597682,3.13023458740152,3.11813315272513,3.10702532131665,3.09278621449778,3.07848120833196,3.0631621081085,3.04923642732709,3.03174114096938,3.01478587011763,2.9925428828863,2.97047577699461
"929",0.174170548992262,0.238279073202415,0.296146956920822,0.348564866687433,0.416912289950496,0.471761987384203,0.525783297380732,0.576847073611973,0.629840862923376,0.682318510224086,0.731099622521883,0.779956227360116,0.828035628367817,0.874509547860589,0.915107600237687,0.957881277681915,0.998711863883101,1.03710021768706,1.0736722818321,1.11030904876998,1.14139115704972,1.17339511532466,1.20294511179279,1.23277481698635,1.25787370790973,1.28274849323607,1.30375267065436,1.32326208729629,1.33933201468564,1.35712092101533,1.37291940856166,1.38573475652935,1.39899604660153,1.40901873936231,1.4189652469102,1.42676483195374,1.43176031256436
"930",2.80675119915913,2.78618812610362,2.76778668041649,2.75209633573082,2.73015483661656,2.71394650785604,2.69730719674514,2.68009342539544,2.66118179904235,2.64207220191717,2.62323600141586,2.60283452732268,2.58048968783692,2.55918683883214,2.53824180572863,2.51366151211086,2.48796661112911,2.46192811517238,2.43387214235615,2.40455250257282,2.37681433462352,2.34550279725923,2.31306429660347,2.2788140266594,2.24785328957157,2.21467734704306,2.18111209464686,2.15116773676599,2.12309028992533,2.09356631540856,2.06366767006694,2.03725505692563,2.00966863610293,1.98339346229375,1.95871359532578,1.93456910508287,1.91323247381029
"931",2.60983714725113,2.61868131850356,2.62380211293452,2.62725018002576,2.63327179603867,2.63803955396381,2.64271769518554,2.64619369076482,2.64904184548906,2.65259879091898,2.65590392480794,2.65763391457222,2.65864151043569,2.66111764830913,2.6618791132811,2.66057131757783,2.65940088146855,2.65598147326086,2.65185967327518,2.6477396621822,2.64152049905607,2.63339734999827,2.62389816728685,2.61375022046032,2.60233950408877,2.59041956941577,2.57549455442706,2.55977612931375,2.54441573415874,2.52538253175647,2.50514938359607,2.48376429466837,2.46243650368885,2.43614210625768,2.40890290601669,2.37287168102361,2.33361733697057
"932",4.74233189643256,4.73570113046426,4.73280544129355,4.73153928687345,4.72422383590908,4.71671543643976,4.70882421083122,4.69909951636497,4.69052771042519,4.68550170335795,4.67927899327761,4.67004161982891,4.6606348156853,4.6504646754962,4.6356747314612,4.62521851892707,4.60974678886754,4.59614193971268,4.57789375497367,4.5615005132424,4.53982903253459,4.52553413996949,4.50506597452148,4.4825410615032,4.46152680053703,4.44096743937791,4.41777861398157,4.39468121756912,4.36679578765274,4.34586227059937,4.32442039247964,4.30054406995778,4.27823385450628,4.25439985439637,4.23064922712953,4.20802796394256,4.18497908198369
"933",2.46960521209665,2.4533403167297,2.43684052485887,2.42154585271961,2.40176547311958,2.38628946897524,2.36959928805014,2.35159382385091,2.33196489566291,2.31161111867832,2.29092839021815,2.26856435639442,2.24380869043844,2.21915612034616,2.19425048946787,2.16512990553209,2.13366685098279,2.10141699508567,2.0657062018053,2.02760367333144,1.98960726936153,1.94675127739898,1.90021735656321,1.84958809668925,1.80126995160148,1.74910821855743,1.69311422578084,1.64133203409566,1.58681998961577,1.5308180954766,1.46980122833634,1.41053668041451,1.34388761141265,1.27456660668298,1.2002592455946,1.11850360079531,1.03012551126215
"934",4.35894427314093,4.33747133678232,4.3252309951854,4.3199545846919,4.30245350994422,4.29215749993019,4.28363848506847,4.27636407748609,4.26934330145342,4.26552704776015,4.26297012982047,4.25959109602981,4.25664473300156,4.25606050236653,4.25459064524667,4.25683551063323,4.25792987101304,4.2617991501706,4.26431193129964,4.26923624173344,4.27324764333877,4.28339621882923,4.29155843753743,4.29920770923061,4.30802056158303,4.31608090802529,4.32390659221508,4.32960715693865,4.33155511194087,4.33948071664994,4.3476106321581,4.35204387379701,4.35809347676127,4.36322810921434,4.3680039995873,4.37726501849978,4.3846662560934
"935",2.23325122404566,2.2362787543436,2.23664253478778,2.23669597304708,2.23682444722108,2.23791257131056,2.23866748251215,2.23857530589179,2.23800399956082,2.23769672706543,2.23740025309612,2.23649706979416,2.23474808427824,2.23450939771874,2.23359958393885,2.23101478827727,2.22861609402724,2.22533703297983,2.22154795595648,2.21797130160016,2.21410549508549,2.20866888516109,2.20297322861801,2.19743470359276,2.19204361572897,2.18618461989309,2.17907040375883,2.17256857591743,2.16716067560511,2.16003931028044,2.15274544347455,2.14571836791968,2.13950978983311,2.1315423232812,2.12478226482367,2.11554622833409,2.10695574628959
"936",2.65473190552671,2.55814846047896,2.50276770835988,2.49010035432655,2.41413742077818,2.39153672087628,2.38307615328172,2.3955787366961,2.40773213876392,2.42324677620629,2.45238904693336,2.49457438373479,2.53864163759813,2.59491413085633,2.6616404281971,2.73108147840552,2.80471264893877,2.88085697560548,2.95747813566311,3.03116435873837,3.10945340611997,3.18305053720795,3.25780989417154,3.32881152412232,3.39448288280576,3.45170655993238,3.50917428403631,3.55759354418175,3.60504505714714,3.64818684281817,3.69058000366597,3.72803279420149,3.76549363942748,3.80110343877939,3.83601030419991,3.87391703178632,3.91100563303948
"937",0.0374326518609763,0.0384492101324165,0.039480298636359,0.041427744427143,0.0414839897294481,0.0426999467462258,0.043754547523769,0.0450794282079803,0.0470212784741008,0.0490237764409128,0.051254446054863,0.05488462782373,0.0588002617036202,0.0631861427152761,0.0682783760510921,0.0757417010285125,0.0832881865674165,0.0937082878694307,0.104510583850508,0.116904073244962,0.131160198214024,0.148742044414058,0.167504118930084,0.188164071730514,0.210207188453709,0.232527622978455,0.256074707610321,0.281492603630257,0.304011042894501,0.333355198994803,0.361990166590984,0.389527039804094,0.416636489003469,0.445083834197625,0.473619402296025,0.507310129190607,0.537885868491233
"938",0.293288730258333,0.350183993547518,0.398585539038267,0.441463408659437,0.49634179256282,0.540371060340986,0.583341313074062,0.623844596911078,0.666374038061222,0.708670604542231,0.748154398587932,0.788328505209343,0.828033876355173,0.866709453316462,0.900718518767981,0.937105896472281,0.971843006309588,1.00516345570786,1.03689326299414,1.06900210012679,1.09657664404878,1.12535187668153,1.15203377833686,1.17920083460777,1.20249021737075,1.22562276655115,1.24538903468547,1.26424862898365,1.27975851198405,1.29753245470088,1.31342635722397,1.32666905780364,1.34027406478355,1.35115397869698,1.36207592571258,1.37158913664234,1.37846344291548
"939",5.23748732583627,5.23171282462702,5.22843460030095,5.22566366995638,5.21302308384556,5.19843782380887,5.18128858502604,5.16048934244916,5.14123285941899,5.12515479325127,5.10608301778489,5.0828566539911,5.05799684359674,5.02953010650256,4.99525775589615,4.96614066608045,4.92776135240048,4.89303110849435,4.85001559290929,4.80720807217889,4.7600321435164,4.71991188022469,4.67118919589046,4.61755249478276,4.56969231126799,4.51933419821798,4.46834860759064,4.42163972672029,4.37247424817707,4.33126500316138,4.29062142270765,4.25404509526123,4.21763634496996,4.18825879827079,4.16283725168599,4.14952910340951,4.14386616657207
"940",0.000107797850548344,0.000203245832112971,0.000406303839412495,0.000843029869158958,0.00150895150305257,0.00261813052335342,0.00438734885065287,0.00708512433645874,0.0110799714798246,0.0165116607618368,0.023435110794365,0.0328641013714862,0.0445043717320502,0.0583260496644913,0.0733986292022103,0.092731000599755,0.113563966955167,0.137434319274147,0.162442111091442,0.189708285203297,0.216935821597208,0.248076855964179,0.279319157466986,0.312129219919264,0.343513094190791,0.374872758846025,0.405233950588459,0.43576447091645,0.461687266283369,0.493884434135458,0.524241861181944,0.551900833636221,0.579059295127499,0.605726319002646,0.631960378250491,0.661243443748629,0.686625436448308
"941",1.24762908807421,1.2468132140423,1.24423458435269,1.24345069624442,1.23777644079794,1.23603590351932,1.23317023046244,1.23002356128093,1.22736830838324,1.22427565987099,1.22143606353235,1.22056705029863,1.21895959785747,1.21857678960535,1.2193456186793,1.22150535839767,1.22343609479954,1.22871044208748,1.23372372718608,1.24014081259839,1.24974527186162,1.26077303652833,1.2734491745013,1.28806154674061,1.30506498438487,1.32147433539523,1.33966260568152,1.36002237956917,1.38060179918736,1.40421924355978,1.42800133404141,1.45216382176904,1.47690086227801,1.50312216863788,1.5312312062152,1.56352232906861,1.59657390073259
"942",5.30544104438268,5.29858556771588,5.29620678227672,5.29642896151906,5.28395467956772,5.27155707315847,5.25756521880155,5.24131345442017,5.22745852935023,5.21779612944183,5.20638099028259,5.19276443268456,5.17911995519671,5.16373943589301,5.14395280904477,5.13370499701774,5.11626853955686,5.10603134296081,5.09006528742221,5.07812809569372,5.06266643341687,5.06175647180588,5.05422942111137,5.04534251703645,5.04057318802338,5.03642866465094,5.03120919106845,5.02665860883416,5.01053729274009,5.0123687320126,5.01250416721819,5.00640142358841,5.00050595421649,4.99400208962498,4.98436597435837,4.98269749604145,4.97302324008653
"943",2.25742575992231,2.24028933442096,2.22356132881708,2.20898006641862,2.18842402952456,2.17334147000656,2.15716694808114,2.14016223454783,2.12176294337087,2.10259179861491,2.08347548900847,2.06362923660239,2.04170340353979,2.02044522574555,1.99991980525729,1.9764452562546,1.95158487351384,1.92763025413581,1.90164919803563,1.87478304240065,1.85059723288729,1.82396249049305,1.79704824553802,1.76947373158777,1.74644776542207,1.72196680720473,1.69872762625125,1.68070596060794,1.66449547063138,1.65021112003271,1.63650781295866,1.62688847232154,1.61711641596847,1.6108113877836,1.60735356059567,1.60854392083953,1.61302395204499
"944",0.00646106247887792,0.00893718863767007,0.0111123068163702,0.0130569226020097,0.0161326362957156,0.01864306186116,0.0209913032781514,0.0230473786972001,0.0256899857240808,0.0284920876077212,0.0309995791107277,0.0339330851994099,0.0369678990812478,0.0396464608737802,0.0416153590383871,0.0446101129904376,0.0467661655993241,0.0495161790579673,0.0514689256460141,0.0537298585631682,0.0549102094005748,0.0573193245411066,0.0586078718804346,0.0599490408713561,0.0610263957515455,0.0624214258228318,0.0627360659109566,0.0640324036639386,0.0629156380880661,0.0648247054030872,0.0657008538286321,0.0658107789848908,0.0654031049024714,0.0645697081075164,0.0631885144585008,0.0620531500962906,0.0589964703601241
"945",2.05607328130335,2.04116825393328,2.02755464224307,2.01722955108728,1.99996929959385,1.98910362799541,1.97774942483974,1.96644071617675,1.95431230319066,1.9418016213792,1.93001753554992,1.91881628121146,1.90637577617194,1.89572604135863,1.88671960454824,1.87666135889808,1.86684660359289,1.85921675669688,1.85147530245211,1.84449730334944,1.84162571687817,1.83828636714164,1.83716006332862,1.83761703841491,1.84184353280186,1.84533013707771,1.85153987672353,1.86045428594438,1.8722155389944,1.88477613649353,1.89872764536774,1.91470301300193,1.93194213003866,1.95142447139225,1.97383556386348,2.00045489745997,2.03014244906035
"946",2.00413098265706,2.00723185602391,2.00682018917303,2.00572271793086,2.00464608823186,2.00442481471003,2.00336558502512,2.00116139039204,1.99860496960658,1.99599759405666,1.99317984556687,1.98997727815546,1.98573191141425,1.98256508608752,1.97879379686825,1.97345486452398,1.96778507906422,1.96173118357076,1.95473047477403,1.94782703391563,1.9408100026068,1.93234718056919,1.92332090925389,1.91436583460498,1.90607158398385,1.89733527460955,1.8873001320979,1.87891983726194,1.87086136898277,1.86246499908169,1.85350991787838,1.84510159065556,1.83696370449697,1.82751666243939,1.81904133322798,1.80872091474586,1.79834158807237
"947",3.04542825401699,3.02126257577893,3.00498200833066,2.99606303931726,2.97629854979062,2.966389797535,2.95846394829168,2.95267692172708,2.94589903589816,2.94034868085215,2.93702826016877,2.93424064473573,2.93132166242088,2.93230544452274,2.93537272764232,2.93819287155254,2.94321436253157,2.9496527043724,2.95755664938312,2.96689957324649,2.97982156538737,2.99277014580233,3.00850911822907,3.0255317931982,3.04396998987326,3.06084856260591,3.07996470462445,3.09720168878458,3.11775331004571,3.13576224990036,3.15556812166318,3.17499651077838,3.19661499144648,3.21837775664981,3.24239340676871,3.26908178243314,3.29893759414078
"948",2.68506153307902,2.69743204964478,2.70988881083784,2.72364029229439,2.73707333418714,2.75116163845126,2.76665056203501,2.78242724437125,2.79756484321354,2.8137850215277,2.83041863435861,2.84630411193064,2.86195962399427,2.88018329418017,2.89701598791493,2.91316098839199,2.93058459384359,2.94617153011441,2.96222579020733,2.97892190362329,2.9944645703444,3.00951597458366,3.02490565386991,3.04061477970658,3.05465392574999,3.0677624585594,3.08010509557353,3.08957972020924,3.10081967370476,3.10909298268829,3.11830673266342,3.12620137921554,3.13649927237895,3.14496174003714,3.15528117311755,3.16516082312841,3.17756682061331
"949",0.321033891954909,0.333657336063097,0.338845115171295,0.340251598565573,0.343755810323055,0.344091262014105,0.34122206846413,0.335496315160401,0.330691397544896,0.324835944881151,0.317061572319106,0.309559388064979,0.300685035088844,0.289713545069095,0.277238547973753,0.265632085839687,0.250643098123295,0.237588617480955,0.22158519226761,0.20561227303453,0.188989854962781,0.173924365009128,0.156761045458204,0.13953855235461,0.124676287173532,0.110540226748583,0.0961799479175721,0.0855503263133417,0.0732693634358257,0.0652211421928938,0.0567078107318798,0.0492390810975111,0.0416118618249388,0.0351172382294181,0.0291016710819577,0.0242641060094526,0.0194618578537771
"950",1.62100266333039,1.64205149817211,1.65760431586776,1.67142125623903,1.68777519569179,1.70230476053186,1.71634605139499,1.72942675676553,1.74285100327568,1.75640242517965,1.76953912009715,1.78305937813745,1.79606972566495,1.81045819360506,1.82361325003616,1.83663973006335,1.85005057659719,1.86281583675599,1.87547138382911,1.88876598731079,1.90135286831553,1.91337462873587,1.92561810010756,1.93874124482848,1.95077037770151,1.96234910053414,1.97288529848487,1.98293699989731,1.99364910460898,2.00331161964204,2.01292460753731,2.02190261609134,2.03220598476775,2.04104135409464,2.05144949683922,2.06115767024814,2.0718400979173
"951",0.212370570267123,0.233240306489956,0.246236462420958,0.254339112086885,0.26830609755749,0.276634699783812,0.282206670266868,0.284782363009158,0.28875119885612,0.292139462993991,0.293339637726271,0.294657643939276,0.295063894523559,0.293302856613127,0.288827630216188,0.285546924507973,0.278883918537593,0.272932150736952,0.263836121767514,0.254673785508963,0.242377693976408,0.23160701388875,0.217246640342997,0.202191857033771,0.187265668440253,0.173102683546899,0.156268962400605,0.142488969265038,0.124923095439528,0.112117134663869,0.0976992222807859,0.0834119999517459,0.0689089144301755,0.0546678739589834,0.0411669922353411,0.0285683733991585,0.0173227395592634
"952",0.285555990025292,0.307581308954036,0.321350473406896,0.330353530317686,0.344793494359368,0.353865179160166,0.360175484137608,0.363584127557906,0.36848880755653,0.37283129122845,0.375086753873141,0.377764488976239,0.379576442250848,0.379462799404746,0.376803704570988,0.375658793869175,0.371278770892057,0.367986761660842,0.361678654535351,0.355539527222713,0.3465509497212,0.339409077249834,0.328850358011176,0.317819534754797,0.306881390287961,0.29656914089788,0.283359613653069,0.273373729446752,0.258419436115696,0.249396737652731,0.23791391133653,0.225644125199272,0.212053145492816,0.197514239227521,0.182010050015694,0.165897542484454,0.146787040505279
"953",4.99293824948167,4.9977039718882,5.00577013042801,5.01490044441126,5.01951595748256,5.02122691075674,5.02256146482261,5.02164853838242,5.0233545967131,5.02978288942738,5.03432844131004,5.03614982773829,5.03859966379413,5.03931285214143,5.03310109864457,5.03529816894711,5.03041699099606,5.02888565757868,5.02108879037876,5.01638794889954,5.0028624477199,5.0024467665318,4.9928074268053,4.9807352690585,4.9690767430291,4.95883892883661,4.94423433086935,4.92929902627633,4.90284078025681,4.89212611776572,4.87951434377614,4.86093002972865,4.84368038142798,4.82452480375387,4.80349417079684,4.78730480292863,4.76594941169149
"954",4.07554437317353,4.06133675646627,4.05072164117707,4.04221044337008,4.02845919398164,4.01716372942205,4.00601130489856,3.99382638617985,3.98108509186588,3.97038724240807,3.95942486391094,3.94552443266593,3.93073621121575,3.91653553483443,3.89995676559362,3.88282534806177,3.86328686580606,3.84306318064581,3.81991476386054,3.79676165309783,3.77082125650509,3.74525893505808,3.71568683371293,3.68342949496024,3.6518512813693,3.61880660690488,3.58236201644595,3.54548328790531,3.5075300428037,3.46663779871106,3.42331549546403,3.37847534273993,3.33128059247834,3.27778359413908,3.22005328897622,3.14848825279214,3.06810474534062
"955",0.0660424424936936,0.0969324297125375,0.135321877551883,0.181236995114355,0.232866898753116,0.284692661678993,0.340739847858088,0.399355831816748,0.460706037583364,0.522537267153587,0.582982718690409,0.645941414267823,0.708465723423357,0.770802781465025,0.828738287113646,0.889973641610749,0.949857479563936,1.00811012815366,1.0649247707271,1.1212578642133,1.17393957393193,1.22699162451898,1.27888394682316,1.33083008347237,1.37756693480766,1.42205160655066,1.46438005202521,1.50333390429291,1.54025695958115,1.5772772961987,1.61296417207979,1.64562800197737,1.67894543364438,1.71052999222587,1.74295123998155,1.77637593520334,1.80940034977637
"956",2.04665714097846,2.1753861459055,2.28909092383394,2.39238699567314,2.49056893962914,2.57281034272234,2.65314382685062,2.72931699557081,2.79947896946131,2.86616713668578,2.92870562911403,2.98755821313595,3.04345899009295,3.09961356704346,3.14989223085689,3.19887522640695,3.24749859278313,3.29108013037785,3.33368832100967,3.37529807044023,3.41250874395065,3.44930501079306,3.4846842874288,3.51879009534923,3.54828900169906,3.57548814318775,3.60065421631051,3.62022168322969,3.63908407314719,3.65622065941434,3.67363374442995,3.68750420986088,3.70354091286244,3.71709075704415,3.73139893636843,3.74651445163383,3.76251076148255
"957",0.0502953210789594,0.0618394299695424,0.071163107995831,0.0790590390987433,0.0906450461721926,0.0996810666850022,0.107974134786087,0.115211860479163,0.123928373778979,0.132868052297658,0.1408350541272,0.149717783875256,0.158673649897374,0.166746418312902,0.17299012019655,0.181428992260021,0.188039680279758,0.195684099506094,0.201636732652095,0.20822179624547,0.212386426802596,0.218909765038709,0.223160591506886,0.227584933569362,0.231196822815822,0.235412062633349,0.237293912555464,0.240962252651871,0.239911085519905,0.244585636626671,0.24715370760625,0.248097395542281,0.248110546798318,0.246997784224604,0.244833770902299,0.242798931267603,0.236724756344632
"958",3.74860267987142,3.7205554789101,3.69779226449195,3.67902653977482,3.65058787718616,3.62867700641171,3.60655995506156,3.58383470117124,3.55914757800844,3.53493804263913,3.51079602351556,3.48377993937965,3.45449388463468,3.42573446937609,3.39666054864021,3.3639136725671,3.32867662738246,3.292895481055,3.25368784662808,3.21231821962179,3.17199937139096,3.12748690462666,3.07998558864252,3.0281612262209,2.98022461782219,2.92765402136663,2.87390441545659,2.82329418606799,2.77475429844957,2.72186815141663,2.66726377219296,2.61739540696533,2.56318677349941,2.51121345252601,2.45972038187541,2.40934665115043,2.36466794193495
"959",3.43828650576019,3.43029963331877,3.42722731288508,3.42826724088801,3.42436024936251,3.42478802137023,3.42703874337407,3.43014133814418,3.43268104858576,3.43719024288669,3.44273145894484,3.44722404097731,3.4517291952795,3.45896773733776,3.46528721163244,3.47171948406227,3.4788485001887,3.48542618024238,3.49200347495369,3.49974136902039,3.50666310327439,3.51476810452079,3.52265259677766,3.53061812639022,3.53827609710229,3.54522189453584,3.55183266710643,3.55608399944087,3.56131617901422,3.56559845391475,3.57101387213378,3.57499951510977,3.58146558556986,3.58664027765744,3.59347796942944,3.60129283572033,3.61134246609121
"960",3.21784294708606,3.18746794435544,3.162570094465,3.14263992970317,3.11220225953107,3.09020731808362,3.06822145855143,3.04633440112904,3.02230918379546,2.99820732007169,2.97484826447,2.94986066139581,2.92278737106825,2.89721322920638,2.87299698324737,2.84531787701142,2.81687311235069,2.78925727633476,2.76021457640612,2.73036352734808,2.7047977322922,2.67649763805492,2.64931590025722,2.62167458639747,2.60002708566138,2.57647901738548,2.5565893317862,2.54105282346436,2.53113220563275,2.52049216229551,2.51273260186937,2.51036386914705,2.50958283614548,2.51382858580891,2.52274409245073,2.53819999194679,2.56056036005927
"961",1.92212933429654,1.91377103405225,1.90668131467952,1.90307350114543,1.89341976320733,1.88961684452349,1.8859086806811,1.88275979538343,1.87933810847842,1.87597026066691,1.87360671272687,1.8724930832055,1.8707731149922,1.87145297164911,1.87361776099012,1.87573346019424,1.87890527424065,1.88396415306208,1.88964980314067,1.89651465714435,1.90668987618284,1.91672304497878,1.92912890671414,1.94328780833754,1.95924636808179,1.97425900244502,1.99117283180525,2.00866067918501,2.02861261438846,2.04796511774638,2.06837234493381,2.08937171159593,2.1118406204438,2.13517429679293,2.16101827019391,2.18972268963669,2.22110583114909
"962",1.07232634288323,1.07188747887483,1.06979895436555,1.06975937465898,1.06421338271795,1.06281724477112,1.060223979772,1.05746385401267,1.05542174441201,1.05291455296318,1.05068962481058,1.05085403001019,1.05038384974375,1.05108302904398,1.05312991252948,1.05724445156064,1.06105547143009,1.06884337352544,1.07640045924134,1.08556548129852,1.09821283995596,1.11285697217143,1.12925385874596,1.14773021827293,1.16862638557492,1.18883962548316,1.21098997730728,1.2352719996798,1.25928992086842,1.28699715895995,1.31467019888852,1.3424298724549,1.37055497327763,1.40026040466742,1.43164745776394,1.46763656024639,1.50392416339472
"963",2.56021948912383,2.55015513353651,2.55093242983418,2.56202934959835,2.56148732794095,2.57179492347153,2.58592620931467,2.60389279678004,2.62128485559846,2.63998518231939,2.66118654586581,2.68411333933297,2.70722598815353,2.7347392520971,2.76328410324046,2.79230135798031,2.8238461650166,2.85513209967145,2.88780427067092,2.92105780270302,2.95565389553359,2.98952843688225,3.02521854959251,3.06113894499913,3.09506239803387,3.1262164985795,3.15793598293446,3.18508475459726,3.2140291940447,3.2395609734706,3.26602774697685,3.29032978424058,3.31654351593861,3.34160014142064,3.36811961730459,3.39649600010655,3.42700160637909
"964",2.51344698522452,2.49332343459935,2.47527639265043,2.46038764212694,2.4385126567568,2.42307180605618,2.40715193768029,2.3909368267694,2.37322455770283,2.35512313882246,2.33751928875895,2.31918647375556,2.2990819221515,2.28033758754279,2.26268248622569,2.2422376230215,2.22126806128322,2.201165290159,2.17990747014109,2.15826757049281,2.13985043326302,2.11924381877267,2.09943818683346,2.07969878064389,2.06429591588847,2.04769205448913,2.03308176030226,2.02241260380682,2.014996277428,2.00786720921399,2.00215324188306,2.00009008691032,1.99892015823889,2.00073886517198,2.00588774001081,2.01517698260554,2.02869261179755
"965",3.88137530669983,3.86938987277361,3.86048781130314,3.85350710139901,3.84242090628525,3.83366212008842,3.82529649417752,3.81612011954477,3.8063221123896,3.79847212146724,3.7905768579542,3.78002176476297,3.76875213838245,3.75851329079956,3.74615423453215,3.73301046194688,3.71825235777329,3.70251366098877,3.68456973632152,3.66683625147342,3.64656303671408,3.62651708635967,3.60331587947449,3.57816351379719,3.5533607211684,3.52759671492731,3.49894709624753,3.46964143154307,3.43999402024594,3.40769673401262,3.3740275217022,3.33916912353299,3.30370176774276,3.26328680980344,3.22095575959912,3.16894934515705,3.11289760819916
"966",0.574681513916611,0.595177707629354,0.614895358194077,0.637103473730289,0.656886779682008,0.678201191303099,0.699902593900922,0.722445391311582,0.746897603047724,0.771621878337648,0.796451645044633,0.824529229829553,0.852801183382999,0.882416198556475,0.911523018210106,0.944191902928844,0.976818979305598,1.01140795295377,1.04579580257127,1.08131165317706,1.11699258879677,1.15425702906068,1.19202033377181,1.23102942256669,1.26820134705351,1.3038830796876,1.33920590863287,1.37338001718689,1.40616347392994,1.44058364249924,1.47413910724089,1.50580358823397,1.53796887827844,1.56967472452633,1.60249679262342,1.63776364362307,1.67280615418822
"967",2.00131430663162,2.00098084002823,2.01311116160633,2.03744453663553,2.04844378466113,2.07102212577185,2.09792718618489,2.12931149116177,2.16019596567903,2.19174360539329,2.2254773388702,2.26169315571892,2.29773419715364,2.3378685933434,2.37853744051358,2.41983260283538,2.46340354573217,2.50614295632816,2.55000629271729,2.59379951914952,2.6385630025899,2.68175649359796,2.72671936516022,2.77166549052057,2.81350476378256,2.85192086204534,2.89065998114426,2.9242089892131,2.95958860242653,2.99072897733739,3.02253011562169,3.05199529677418,3.08316091525569,3.11305651282578,3.14444387619514,3.17747556200522,3.21273995402722
"968",3.00172742256203,3.02998048077223,3.05175575015765,3.06947338985687,3.09315765014309,3.11113500810885,3.12935410483653,3.14588897971338,3.1617034445328,3.17876140902567,3.19497183068579,3.20870248014332,3.22200792101611,3.23669841889868,3.24799143098654,3.25819467021501,3.2684255450864,3.27550261514492,3.2818698852172,3.2886358563767,3.29139999516453,3.29397399784342,3.29457598085898,3.29450643548736,3.2919270574244,3.28916163208649,3.28320635115238,3.27452457387767,3.26584811234637,3.25413417846351,3.24202010530238,3.22762376599765,3.21486629699577,3.19727715332092,3.17964566712616,3.1552799342636,3.12977458768268
"969",3.18432963236528,3.18859223820171,3.1927077205724,3.19718317890577,3.20191529738357,3.20680138407903,3.21256762153973,3.21786483239465,3.2225255757091,3.22871088732506,3.23505425866821,3.23960159571685,3.24383481347252,3.25003485884239,3.25432940903144,3.25761483952725,3.26119829821624,3.26288210870644,3.26411654851726,3.26595585967536,3.26561527838747,3.26510052942611,3.26348621242573,3.26152676852799,3.25850625567092,3.25512546463608,3.24989920505755,3.24278135406724,3.23667473853951,3.22793152279617,3.21952757841292,3.2099379118889,3.20229638617393,3.19165987792374,3.18211067605128,3.16906867212417,3.15724951677281
"970",3.3268524906801,3.33708435036635,3.35110509392256,3.36838222100518,3.38298731362677,3.3990998256823,3.41746359861492,3.43655842149979,3.45493784534518,3.47516684020539,3.49581353998677,3.51514722538844,3.53444968943258,3.5561889972009,3.57550623225515,3.59543969571589,3.61572570317889,3.63440583204342,3.6526839865396,3.67183873098566,3.68826803506289,3.7065090130868,3.72347943740135,3.73993202475144,3.75442932849901,3.76792077288085,3.7800226483215,3.78846076874392,3.79611159115724,3.80389443557249,3.81225728387217,3.81778664345829,3.82567168049551,3.83155975557826,3.83837171897769,3.8463034663951,3.85518888323015
"971",3.80775619173521,3.7702085912169,3.74077920927267,3.71797734775982,3.68011713567096,3.65240841727755,3.62478314161245,3.5975373907167,3.56782935475614,3.53823436256767,3.50945621980099,3.4786595272227,3.44544279627236,3.41369713212086,3.38397545595126,3.3514451826047,3.31782133594469,3.28673117659763,3.25437519746151,3.22174794484804,3.19648919488151,3.17016555282203,3.14716735517257,3.12502392459679,3.11232410256451,3.09782864898556,3.0912293713877,3.08946781604248,3.09572211967204,3.10220354560196,3.11341989548279,3.13002157271116,3.14890888121967,3.1738747621729,3.20319918336246,3.24092752394706,3.28428835671322
"972",1.48135111566517,1.46427999925647,1.49628911586187,1.56878331569633,1.59549981050702,1.65670142341398,1.72868264667317,1.81123778990593,1.88915819114021,1.96438045733313,2.04115113654865,2.12073329461266,2.19688963872513,2.27595279967375,2.35324125159012,2.42960735849099,2.50620436088056,2.57900580720692,2.65080610582684,2.7195523252917,2.78750411893871,2.85161392983389,2.91604362664035,2.97822748761333,3.03455068388499,3.0850975668886,3.13506911398796,3.17735639395608,3.22016788901323,3.25808002837407,3.29596188101515,3.33010909140294,3.36538663903148,3.3988271334627,3.43290282083556,3.46885777320294,3.50599325527166
"973",2.44091995125748,2.45623315497536,2.46576543299644,2.47227865799594,2.48317466572108,2.49118632855752,2.49878795437625,2.50478927686565,2.5102803382275,2.51632824282959,2.5218150586467,2.52569968821252,2.52882451438384,2.53317478435018,2.53545334240202,2.53564289227307,2.53584310163018,2.53351668240895,2.53036603074745,2.52712796309673,2.52126871025105,2.5133755953553,2.50378117581987,2.49342833871797,2.4813320208779,2.46878048884144,2.4525891346169,2.4355413878482,2.4181935471896,2.39712695110161,2.37425977632819,2.34972832353939,2.32470205811382,2.29364088223899,2.26063446404991,2.21666268252414,2.16715887676431
"974",0.850325527290489,0.892604085212646,0.952256550025973,1.0269074586824,1.08532602421846,1.15173856452825,1.22240603031833,1.29653290421069,1.36865434752965,1.43855840301877,1.50733290323227,1.57776294997441,1.64585450854911,1.7152680659902,1.78154086621492,1.84824855987074,1.91504455922589,1.97870097083524,2.04179476673644,2.10321485165317,2.16313576031698,2.22050602174583,2.27840717377605,2.33554496045634,2.38737031258917,2.43506636833003,2.48203675579782,2.52304146448014,2.56512528057706,2.60264579849607,2.64018192794399,2.67491360541033,2.71104099253392,2.7455460603146,2.78146064441221,2.81857489852645,2.85769447637596
"975",3.3866576333009,3.37118883737343,3.36259023703132,3.35986562949406,3.34938668394033,3.34578828168655,3.34430793145628,3.34437735798654,3.34377292567469,3.34504407559362,3.34792206994305,3.35036323794907,3.35286486499567,3.35865262598172,3.3646104563309,3.37073116110499,3.37812387297159,3.38570317249827,3.39381884558679,3.40324245396556,3.41331940716076,3.42438123095115,3.43621836230453,3.44849018237,3.46097303612464,3.47238236308102,3.48435587073609,3.49391586734265,3.50506225135827,3.51495042956184,3.52621817920989,3.53621833769254,3.54861976771303,3.56024653730813,3.57364085232028,3.58893265550429,3.60661252612673
"976",3.49902915113494,3.48781723813809,3.47978145553941,3.47429580866817,3.46480516155021,3.45869927087641,3.45345234426632,3.44807751152878,3.44190427697937,3.43735781389351,3.43333102044575,3.42746064032435,3.42107648653497,3.41662718669671,3.41107372158547,3.40444464732152,3.39767819955237,3.3900214444261,3.38155531133259,3.37367847767292,3.36481781356649,3.35587750741449,3.34592963671817,3.33548033086108,3.32556029775173,3.31510385254317,3.30364989896302,3.29142559674766,3.28076467283981,3.26795036424038,3.25580324240112,3.24349444248008,3.23299096815265,3.22066620103228,3.20987910148574,3.19703003311525,3.18643742809923
"977",4.62146234760441,4.5951911628657,4.57955192098786,4.57229887077275,4.54850038425395,4.53366682297133,4.52054354876987,4.50912562880809,4.49824447415322,4.49087962467557,4.48514226142332,4.47926107141108,4.47403709923292,4.47144497317003,4.46879222913376,4.47172630631078,4.47318643179571,4.47949430577302,4.48422549881548,4.49197917652502,4.49951141014692,4.51520930622838,4.52839519099627,4.54065603195482,4.55433034593695,4.56669054999004,4.57860192338314,4.58803235928197,4.5907642763683,4.60267683276959,4.61379438091132,4.61957082865948,4.62604451487113,4.63130289671034,4.6346949574047,4.64374249955444,4.64806867042608
"978",2.25159600111891,2.27442174417645,2.29707781094116,2.32136808986279,2.3450434584615,2.36891868280415,2.39436063278773,2.42036911901859,2.44573595728194,2.47167593227497,2.49783219597133,2.52385735353557,2.54950567568541,2.57773844505637,2.60447456100917,2.63076571982309,2.6585574263949,2.68431038374451,2.71073775908298,2.73755263910478,2.76338481612795,2.78829414204401,2.81397526446241,2.84004473974934,2.86367756426195,2.88581457617023,2.90735541916993,2.92532952069122,2.94515737193457,2.96152416507604,2.97875164080991,2.99437472254921,3.01227675298167,3.02847122892315,3.04653272045041,3.0647074589544,3.08543030719784
"979",3.6255448375626,3.61549149065359,3.61088720413088,3.61058715868883,3.60471130115576,3.60329814461571,3.60366363434029,3.60480583942274,3.60548590879858,3.60836265754572,3.61221999538224,3.61485810311011,3.61754712844434,3.62280588269511,3.6269577391361,3.63161692243136,3.63658125450709,3.64129269820857,3.64568959181191,3.65138381311963,3.65599717800232,3.66247117222884,3.66829561668383,3.67405554182349,3.67974991589255,3.68484677407049,3.68952461756721,3.6919849602365,3.69487361301531,3.69769750543949,3.70158797514058,3.70387294281666,3.70861952361713,3.71212296844408,3.71712747885396,3.72343755354433,3.73166898034362
"980",2.44187174528026,2.43524625301364,2.42768719382224,2.42086925250886,2.4119509015402,2.40579985095115,2.39923426883551,2.39187396557543,2.38360549361714,2.3754504084191,2.3674185770201,2.35841475661591,2.34819249096076,2.33930195820338,2.33012059073611,2.31851218418195,2.30661654581716,2.29402615614087,2.28037453147361,2.26646616985862,2.25278930609624,2.23686681185866,2.2202553671666,2.20313155400506,2.18717854016397,2.17034576519363,2.1522604687331,2.13588189676283,2.12054550751548,2.10361327316638,2.08617551402576,2.06981694151035,2.05342380319111,2.03563676595036,2.0186986644023,1.99900792385203,1.97963492188671
"981",3.01802504488988,3.02118117665245,3.02921410262481,3.04185703849752,3.05016708999413,3.06240758254534,3.07709650223744,3.09320486331535,3.10860492079639,3.12556456451667,3.14356882826746,3.16110212269291,3.17863238913553,3.1992470841004,3.21876601984122,3.23833033874473,3.25922584813845,3.2788000203677,3.29883037788928,3.3196646546569,3.33949105875606,3.35976735410718,3.38024401941667,3.40075244782325,3.41958317661424,3.4370450477665,3.45400973147719,3.46735307532312,3.48162824939463,3.49406368812396,3.50746016895293,3.51878228817571,3.53247733271937,3.54458155299767,3.55815498147188,3.57278204609007,3.58938091778575
"982",2.55920287204786,2.5682081376204,2.57573198866679,2.58348050949423,2.59179763114487,2.60045597871058,2.60981650522962,2.61892478115746,2.62749590347248,2.63694104447772,2.64665306362111,2.65555205512199,2.66406545056625,2.67480857437717,2.68440367865507,2.69282537785015,2.70226839548573,2.71006569374331,2.7181151368844,2.72672805600866,2.73443473522895,2.74113589777791,2.7480692078155,2.75539521789014,2.76164371392094,2.7673090175782,2.77199893490595,2.77499530759584,2.77992416407134,2.7817708261504,2.78429983819338,2.78617650341171,2.79011753807176,2.79206496686689,2.79583119906864,2.79790442537691,2.8022109238339
"983",2.60486302053751,2.59341994904752,2.58359819042574,2.57641363461566,2.56476229317831,2.55788173652889,2.55130915918218,2.54480322682831,2.53735580601153,2.53034189158511,2.52408284001938,2.51730681354962,2.50966064569986,2.50417897721604,2.4991720769682,2.49238309417848,2.48625126059856,2.48009779938358,2.47391627325738,2.46818423624155,2.46406300297476,2.45854481282654,2.45402203301413,2.45011639576707,2.44783428723359,2.44484589901372,2.44252758413882,2.44097473898449,2.44232094035329,2.44172866212491,2.44228272581332,2.4440755820515,2.44754802938453,2.45114007850857,2.45730168330205,2.46419823505233,2.47438947157552
"984",2.05321605873443,2.05830907169918,2.06162893211885,2.06565875626083,2.06873160080085,2.07354173804027,2.07842990606728,2.08307940877753,2.08752910739379,2.0923197450975,2.09744097691735,2.10275871503328,2.10753970725674,2.11432611901674,2.12087193105935,2.1266577720574,2.13327085256994,2.13959754742184,2.14614131276724,2.15337941500988,2.1611498395579,2.1680327958244,2.17579392419575,2.18450312427709,2.19317883185329,2.20126669486108,2.2092182753639,2.21690308071686,2.22642370697742,2.23422721534076,2.24261737197583,2.25104508505002,2.26109450952403,2.27033523118576,2.28165779006221,2.29301974172993,2.3065397184847
"985",0.399125497171121,0.438026054518358,0.469946927879225,0.498522114748592,0.533659885931026,0.562737618325623,0.590800683595975,0.617303879619479,0.645903686956539,0.674544922103836,0.701529145339358,0.730084928919559,0.758491009952791,0.786547864233731,0.811689952987697,0.839644621693696,0.866254238010243,0.893159251398563,0.918757794508411,0.945190608830842,0.968839542235156,0.994284760958749,1.01828350186707,1.04312162596087,1.06551699330818,1.08776040627614,1.10766096810929,1.12759361831732,1.1442801731226,1.16436331638329,1.18278162396939,1.19907897907076,1.21558323342389,1.23044564883085,1.24559347867293,1.26104288714913,1.27418907028438
"986",2.1715383727563,2.18268252986389,2.19127175272412,2.19978132125352,2.20896987549536,2.21841908943041,2.22816471769232,2.23754997173295,2.24667161112172,2.25630925934005,2.26611185228953,2.27570966497932,2.28485410822178,2.2960521468009,2.30639922583312,2.31583040974539,2.3262245831974,2.33549176133891,2.34503471357991,2.35517095789414,2.3649341310478,2.37363955981449,2.38290553699468,2.39288131963943,2.40198218710115,2.41048551166127,2.41827933165523,2.42495217174303,2.43344264751501,2.43939187506427,2.44588448390754,2.45195826495698,2.45984884754346,2.46619219423438,2.47444537134107,2.48167982635689,2.49099270347898
"987",3.46228373812823,3.46252801611451,3.46616329391886,3.47261034071945,3.47631538458082,3.48219187469526,3.48979815771911,3.49781629250348,3.50535110301296,3.51493883763442,3.52511204809808,3.53384550549943,3.54260113288293,3.55372767401447,3.56299574623279,3.57256945467442,3.58243953132657,3.59118854540012,3.59955610000564,3.60900313086394,3.61636349253359,3.62529116393376,3.63317764482025,3.64082230873559,3.64748195269594,3.65358319294266,3.65856901820896,3.66087918378233,3.663321870818,3.66529541846221,3.66808752106548,3.66893434622076,3.672252694266,3.67372656838884,3.67654988823386,3.67973331262118,3.68462319773995
"988",2.02941636396898,2.08605353339784,2.13899936714782,2.19078405142147,2.24318486202326,2.29035399621782,2.33854305078323,2.38613057523476,2.43180596346543,2.47682174203036,2.52050575677565,2.56304508763404,2.60436042625405,2.64740939474067,2.68713630476293,2.72609611256488,2.7659965437167,2.80234758344301,2.83886642464219,2.87509589161092,2.90887565359359,2.94149378371291,2.97419782439535,3.006685722392,3.0354199210064,3.06220144933114,3.08775813875092,3.10862266513948,3.1306899255157,3.14920864480373,3.16837623483375,3.18518860702103,3.20428100911288,3.22123492258103,3.23973580374203,3.25830785701431,3.27903559239832
"989",0.915559472236682,0.929854836600102,0.944431705799362,0.962582344147805,0.976260585516687,0.993410005433355,1.01115334343683,1.03009804852603,1.05046537401631,1.07106971444938,1.09226024383621,1.11661403234003,1.14105323957786,1.16750014449014,1.19418570826384,1.22370818647,1.25385109182742,1.28590990485053,1.3182731613731,1.35176719773816,1.38641592843124,1.42194379264871,1.45874935365924,1.49690880755293,1.53364131187871,1.56862545454899,1.60387057296731,1.63760380418979,1.67125741077043,1.70503436678407,1.73848566175454,1.77041498049598,1.80317875905683,1.83561870583952,1.86956906865531,1.90591023442023,1.9430774350104
"990",0.754509908711994,0.792679145862975,0.819355883219863,0.839723111043738,0.868370553804573,0.889358436593995,0.907997579894027,0.923716906391496,0.940967370328795,0.957907152163387,0.972787106055145,0.988115965551457,1.00277690779689,1.01663797991866,1.02746640410554,1.03951127832591,1.04968946761574,1.05965533857574,1.06767807139204,1.07620135360244,1.08145475284517,1.08768040453238,1.09146586240375,1.09549276392864,1.09787331223099,1.10067323905749,1.1000389167901,1.10089721431201,1.09779847623513,1.09834111840073,1.09652707793303,1.0929661775264,1.08883408857857,1.08192032440027,1.0742186086521,1.06381502133746,1.04910499058917
"991",3.54594387942927,3.54099374337784,3.53614153667357,3.5311949742978,3.52571782565844,3.52054361696329,3.51544318703044,3.50901727608736,3.50179008608861,3.49607348736025,3.49000998819614,3.48105189628054,3.47119389975969,3.4621853841187,3.45068228112106,3.43709497698769,3.42204015901813,3.40457722666287,3.38473366540168,3.36429203006475,3.34003318609975,3.31381705749641,3.28323856264994,3.24939728654591,3.21378904355075,3.17621089406368,3.132113508541,3.08588970595113,3.03620339071404,2.97881293119028,2.91410747710461,2.84272475434284,2.76153481076734,2.6596696284388,2.5352226456641,2.35238529907886,2.08947209587845
"992",2.18556632962697,2.20993308800682,2.22661592008056,2.23920886411904,2.25767222681527,2.27165668548052,2.28506690416583,2.29669586369276,2.30802174070519,2.3197443392569,2.3306695363639,2.34028604078617,2.34921373832425,2.35932034455205,2.36713634437286,2.37328750382883,2.37962578080786,2.38344641136779,2.38670740484632,2.3900662718448,2.39080579050534,2.38986628881315,2.38768345016854,2.38525020318187,2.38082045631412,2.37612473608416,2.36830870087324,2.35945455361538,2.35067090485602,2.33877013393906,2.32576936704987,2.31135379424772,2.29743501378646,2.27883530353193,2.25979121589394,2.23325177592319,2.20416925669363
"993",2.19344399675717,2.15846288865818,2.13510884506228,2.12415960994439,2.09391194835878,2.08047544111601,2.06966133573783,2.06340046741493,2.05654407045349,2.05030012952382,2.04805655319131,2.04996600853987,2.0522274803473,2.06016693701984,2.07386162535081,2.08950901466953,2.10903008897639,2.13339057693975,2.16070772955866,2.18994608218484,2.2268416210645,2.26349220030003,2.30517071093169,2.34860284685373,2.3929871259924,2.43366612144971,2.47780869627021,2.51864941111397,2.56268681869952,2.60294881517713,2.64418618363664,2.68416894272048,2.72517605691799,2.76650446840506,2.8095522017219,2.85598539907762,2.90488769473625
"994",2.95217350688452,2.9382743048224,2.92688934392888,2.91832242742995,2.90502843329253,2.89651087056417,2.8884996368931,2.88052171237435,2.87144135548686,2.86310386111859,2.85550437107173,2.84679114504428,2.8371981063977,2.8297254369591,2.82237258006404,2.81299434195015,2.80404711157233,2.79463200630189,2.7849052082422,2.77547086287693,2.76701923696753,2.75706815435034,2.74749726012523,2.73802062348583,2.73004395968924,2.72129262060714,2.7127196553722,2.70465660057501,2.69944887802675,2.69175676841155,2.68511495165279,2.67966595358282,2.67585225925427,2.67167108207314,2.66984956132235,2.6677247649345,2.66890995993444
"995",2.75999816254304,2.75810599144702,2.75666136186239,2.75665662886546,2.75501605189358,2.75575695156269,2.7571890859396,2.7585451194064,2.75918681857473,2.76076169443992,2.76288228454785,2.7640787697143,2.76477616566686,2.76773493144522,2.77009262173546,2.77098753137019,2.77272810358821,2.77331479294111,2.77398082112448,2.77518900864662,2.77616737627336,2.77604013217965,2.77617448780036,2.7766150290605,2.77693462482236,2.77668826593223,2.77581633958972,2.77403924608245,2.77448381041625,2.7720407882734,2.77038247386071,2.76866981976505,2.76887507040973,2.76750647965498,2.76807436691161,2.76714854442382,2.76870566528244
"996",1.25337319225808,1.30903967062507,1.35911431341405,1.40735998796554,1.4585721831467,1.5041097282955,1.54997485643219,1.59508408442142,1.63989358805556,1.68400952404927,1.72662948812061,1.7695193457288,1.81143198381882,1.85453623534352,1.89463494679149,1.93499582178257,1.97594691774507,2.01438487068162,2.05289036719445,2.09130069433073,2.12772308635252,2.16296991799955,2.1985957830943,2.2346312718555,2.26696951176241,2.2975501431482,2.32694015805798,2.35271296276859,2.37958758550762,2.40326546954479,2.42713882946962,2.44911212779692,2.47290774519092,2.49483429208989,2.51847409451693,2.54200098814803,2.56744223875889
"997",2.97069303524386,2.96195864955268,2.95335530570794,2.94552411358644,2.93580343406439,2.92845617519609,2.92105729811748,2.91279224859651,2.9034068597764,2.89466432683479,2.88599825235856,2.87540110336481,2.86362742768181,2.85315159177269,2.84167871078102,2.82732759840296,2.81240027571453,2.7957387065498,2.77755051809901,2.75871422690083,2.73861928257529,2.71566708230216,2.69058824543751,2.66364738306292,2.63674260936874,2.60832417105308,2.57653986504577,2.54507747554856,2.51346419955732,2.47744120138303,2.43883190846615,2.39946750612443,2.35752025234656,2.30943885954046,2.25770781864018,2.19277054305395,2.11982347731432
"998",2.7093448890301,2.72766655578196,2.74834244030533,2.7719622695336,2.79346298406518,2.81618820014423,2.84108928490469,2.86690299407139,2.89175313220224,2.91759706051388,2.94384251609103,2.96943747665921,2.99473262190879,3.02276358828959,3.04897756353508,3.07491330378784,3.10214132931728,3.12720659292988,3.15268301647282,3.17860420880166,3.20293551896553,3.22712560435974,3.25145479567509,3.27572836865285,3.2975459008683,3.31784006092684,3.3373098317978,3.35276043229721,3.36924826064923,3.38323085756163,3.39806692291382,3.41072273175628,3.42574932070719,3.43892343319211,3.45359767372882,3.46884917366006,3.48615644687096
"999",3.1880878262872,3.19732804189881,3.2083290237938,3.22122362495444,3.23302146519772,3.24560561244232,3.2599177722816,3.27453773984064,3.28850061965067,3.30414038849863,3.32016120984881,3.33482574611568,3.34940499170499,3.36639903252091,3.38134288812646,3.39621977228209,3.41174683412851,3.42552803675133,3.43920251731514,3.45371929856747,3.46604129502064,3.47923742538332,3.49170022486737,3.50398905774176,3.51464582278457,3.52455119837195,3.53324011654125,3.53880634870951,3.54484133432759,3.54953746897071,3.55503549344338,3.55851829208465,3.56448493293232,3.56841299619735,3.57374867938336,3.5790928413093,3.58626880985445
"1000",3.62577405198137,3.61370684827332,3.60517604457646,3.59931712022836,3.58906622536998,3.58220941011522,3.57619890428076,3.57001081750643,3.5630859783855,3.5579369192901,3.5532518582527,3.54659032630235,3.53943048312713,3.53408592890771,3.52746734699743,3.52002344835044,3.51217413048493,3.50357119280666,3.49393977242962,3.48495435858351,3.47477203627453,3.46489678634241,3.45371598441649,3.44189959839296,3.43072019953606,3.41903197040984,3.40627790343429,3.39277344271287,3.38056487580588,3.36658787694089,3.35324513016445,3.33965022301881,3.3278567863209,3.31425193519985,3.30211121054129,3.28801701857827,3.27611031119152
"1001",4.2884641100339,4.29276514983689,4.30350263547828,4.31841853216455,4.32831116000737,4.33930325470537,4.35225600544031,4.36533307236659,4.37907911745898,4.39633396303635,4.41331886941422,4.42840275184886,4.44395729980393,4.4603475539756,4.47204319266626,4.48841021425083,4.50165238090787,4.51557764598916,4.52621121217416,4.53877554602844,4.54512577933299,4.55944334436876,4.56815758492436,4.575028687577,4.58057463298149,4.58602566495925,4.58826594560044,4.58782802147081,4.57982914213784,4.5811414467245,4.58145408580844,4.57638122609685,4.57290428265444,4.56727503151629,4.56045839600688,4.55744831184021,4.55097995969177
"1002",2.58278742427076,2.61962771241913,2.6441133277647,2.66069009369327,2.68780001662708,2.70577314247209,2.7227052485715,2.73664117879273,2.74997377038251,2.7639573565237,2.77637197221824,2.78595043342025,2.79473540249961,2.80411278751156,2.80963167710693,2.81277369065358,2.81544344271548,2.81392583732214,2.81102999845861,2.80773745268821,2.79910857483829,2.78819113532819,2.77370087384073,2.75732119685652,2.73697900737509,2.71609325846047,2.68835390123481,2.65786680685491,2.62431430867789,2.58428537138135,2.53888967018496,2.48750295148051,2.4313005047016,2.35888967262004,2.27369632601096,2.15125518210535,1.99064096311783
"1003",2.74093255060091,2.72297680776338,2.70762944226133,2.69551946664639,2.67724666040649,2.66491315423507,2.65268802133587,2.64046075687064,2.62691973142201,2.61358537619893,2.60098828632946,2.58755655329869,2.57285981580148,2.56007122036452,2.54806468283274,2.53366887135367,2.51945776378077,2.50550110649522,2.49104233321953,2.47665438126137,2.46459190757688,2.45067119055445,2.43763928254145,2.42487946067351,2.41498962884319,2.40415226041434,2.39454748307289,2.38693738268636,2.38266789090615,2.37691987295618,2.3725293211398,2.37048861132176,2.36986927526794,2.37047417588481,2.37402015682491,2.37942182708792,2.38880078120658
"1004",1.16651551365118,1.18763868459477,1.20075488021181,1.21044448102802,1.22371787027781,1.23388332656826,1.24217990170672,1.24843948791248,1.25556053416951,1.2623578449306,1.2680138527876,1.27422587678718,1.27961374626549,1.28503335489112,1.2888836755988,1.29315975667765,1.29619970965452,1.29969509951387,1.30173422852836,1.30431273062555,1.30566262498621,1.30739524699725,1.3078801392349,1.308890962609,1.30978443765312,1.310779375671,1.30989342181191,1.31101257707072,1.31005350861409,1.31193315538236,1.31246795016736,1.31249550938712,1.31245647644649,1.31113802219752,1.31022132046146,1.3086600861858,1.30517621275614
"1005",2.46005938433847,2.46386273390096,2.46828170528212,2.47475622119241,2.47934463993237,2.48649633221909,2.49472126957697,2.50339841632181,2.51160204456408,2.52065371102043,2.5304386129558,2.54010309305015,2.5494915245048,2.56154455520916,2.57321834656785,2.58411158623398,2.59643934472046,2.60782553362718,2.61988384345246,2.63269561850492,2.64570579082855,2.65786559287745,2.67109028827174,2.68508802591536,2.69833328261482,2.71068540185712,2.72295937339841,2.73337201591719,2.7461791841513,2.75600035478513,2.76685778867824,2.77716569961394,2.78967065941172,2.80098922728171,2.81449090886294,2.82800334916183,2.84437976755366
"1006",3.07635168729387,3.08765414256361,3.09495268606384,3.09973181590416,3.10835048322916,3.11413545477139,3.11995436143231,3.12420316544497,3.12777805699207,3.13259705592374,3.13688155628562,3.13866503798621,3.13982581226396,3.14219528115358,3.14183139807429,3.13951304753983,3.13680044028853,3.13112181058531,3.12417825825883,3.11715521212768,3.10633394601112,3.09398049265318,3.07880047858242,3.06203250380328,3.04303917480788,3.02342175044835,2.99902967236795,2.97264824357493,2.94512532083144,2.91250140748866,2.87692438904627,2.83801291871227,2.79716856207858,2.74648095272219,2.69004295990798,2.61317558037754,2.52117068085066
"1007",2.77490529626456,2.76574032941317,2.75788756561073,2.75213618070079,2.74303191755884,2.7377407469416,2.73287448307461,2.7279148805246,2.72202378821908,2.71681733966056,2.71223524170299,2.70670988674433,2.70039706004087,2.69618355129829,2.69189189836484,2.68570315200348,2.68006616212757,2.67376093904864,2.6672567351733,2.66109333589884,2.65553797845534,2.64848647899384,2.64177349463835,2.63525972030593,2.62969007205813,2.62344816333995,2.61701461539466,2.61081849454405,2.60713410907658,2.60091720282534,2.5955107147783,2.59091073497228,2.58788438379249,2.58400991228507,2.58224996908638,2.57955421158598,2.57961001076393
"1008",0.536975694704739,0.564502682388809,0.580624053560183,0.590124303400631,0.606931028106046,0.61674842190422,0.623129575869327,0.625778966181029,0.629832464816835,0.633114169638042,0.633847968838231,0.634512315529847,0.633918962617005,0.63106956962115,0.625023071761143,0.619657089207319,0.610451164411475,0.601595867846369,0.588902516778841,0.575854874068302,0.558754451297087,0.542570010851562,0.521534244504963,0.499047360902222,0.476134207618235,0.453603114123197,0.426283500185978,0.40270298936465,0.37266086521588,0.348385076141716,0.320306933442524,0.291180777955042,0.259822157172103,0.226281345759528,0.191302112719101,0.153795420829117,0.114436568672982
"1009",3.60312680730208,3.59429061004945,3.58960126001441,3.58814854200907,3.58234550451572,3.58000775632293,3.57904367884009,3.57836804133585,3.57716265610363,3.57800514099479,3.57954763213938,3.57952273632103,3.5793717082003,3.58146738730745,3.58223744504167,3.58301154577286,3.58385068478341,3.58410551483762,3.58381756505312,3.58462679274918,3.58411975270169,3.58493928491423,3.58486543126243,3.58460942975469,3.5844252903536,3.5838282137725,3.58252782140357,3.57950427913944,3.57731215142071,3.57439717427538,3.57249147588034,3.56948077526768,3.56889225461028,3.56685224406836,3.5664740898343,3.56626987440099,3.56835512419836
"1010",0.878112223244817,1.19544271768579,1.40258921750868,1.54839846653766,1.71922289910258,1.83189738032586,1.93286910665795,2.01992336707303,2.10101351427551,2.1766086722514,2.24339145878325,2.30376211034553,2.36063763918566,2.41501428223522,2.46040676715411,2.5033959788087,2.54530069251287,2.57994495628729,2.61335730535881,2.6458111894745,2.67104245105243,2.69458042331188,2.71577339751947,2.73631180743935,2.75087792637512,2.76503103164731,2.77465150749159,2.77985244298983,2.78466396885676,2.78522841750586,2.78497382618833,2.78142507711537,2.77972539077073,2.77225472485952,2.7647389591615,2.74979943941077,2.73325661935336
"1011",2.4782825369179,2.4383327145945,2.41111119236495,2.3968584802849,2.36212636076994,2.34509504112475,2.33088539450624,2.3214053207223,2.31094877477952,2.30120109118631,2.29570103416583,2.29404712697707,2.29271355049464,2.29738989945436,2.30824382219583,2.32075494212499,2.33745925644805,2.35914465653009,2.38405438465479,2.41099235715899,2.44615668319568,2.48105145081665,2.52127296474988,2.56321561897319,2.60645153548583,2.6458688356502,2.68901338698158,2.72862961613129,2.77164610308374,2.81064053078462,2.85076850607857,2.88956360471516,2.92943132442151,2.96956428902232,3.01129612951003,3.05644936628032,3.10399802439515
"1012",0.22622317302555,0.240198382450261,0.248524213340431,0.254163614463986,0.261898624919408,0.266911385957752,0.269685192767699,0.270461946768552,0.272506981989976,0.274021675422437,0.274123058583684,0.275138813407876,0.275468112630807,0.274476227894916,0.272136595623135,0.27168826027943,0.268757161516045,0.267886443955834,0.264852676540951,0.26238481555338,0.258991065300501,0.257893241832102,0.254944225345848,0.252275955767362,0.25063808878305,0.249452200631752,0.247191074011917,0.248020183056257,0.245029361842372,0.248300910669496,0.250039870843294,0.25136355746195,0.251766585415122,0.252544430239845,0.252910652339471,0.255319937276235,0.254713376746065
"1013",2.19651436141162,2.201250314585,2.2014214347597,2.19975636056164,2.19982524972512,2.19941210848408,2.19801043824844,2.19497721027932,2.19138285842275,2.18780026605792,2.18369476653594,2.17839416646807,2.17187198954929,2.16607585728254,2.15895337905217,2.14938346767399,2.13900376157229,2.12709711514001,2.11354842500138,2.09943243674288,2.08362285585069,2.06525757973368,2.04465055719908,2.02269497981627,2.0003123525409,1.97699548669862,1.94987641682011,1.92399204797651,1.89647790512618,1.8669631132517,1.83450496550627,1.80110472424685,1.76526856563672,1.72391469849864,1.67939952419802,1.62407274750653,1.56112943733251
"1014",0.547161822341287,0.572571426215595,0.586491199908214,0.59373217519225,0.607921592210791,0.615341990358522,0.619094565722024,0.618939173380031,0.620045170833412,0.620223394001542,0.617748036439864,0.615002098126491,0.610777536383475,0.604011412446682,0.594024957874698,0.584355997719637,0.570426960167437,0.556807964517886,0.538902230617366,0.520302652214803,0.497551413229781,0.475363743071433,0.447833914563501,0.418369423596944,0.388845149499368,0.359597855238432,0.32556738063143,0.295779295179312,0.260019767051091,0.229939334033159,0.196713528725265,0.163831090788032,0.130089979948661,0.0967659228494752,0.0655047595897469,0.0370636867602859,0.0153743931092816
"1015",2.60452679990909,2.60080103823769,2.5974927429622,2.59583398836495,2.59192773704125,2.59100126432765,2.59057374934435,2.59009130735843,2.58889907528303,2.58840726692484,2.58850779348669,2.58796644374333,2.58682284512254,2.58790426967257,2.58876462162852,2.58810635617342,2.58829051943665,2.58771092991909,2.58723737880713,2.58729116267399,2.58773540329523,2.58692758875639,2.58669633803431,2.58695698214039,2.58754933801239,2.58754363446849,2.58729538299384,2.58668951428187,2.58847712153818,2.58768228326966,2.5877262365285,2.58809859731954,2.59027092113898,2.59138315330565,2.59462080567453,2.59705542688674,2.60214436940244
"1016",2.61507521905397,2.59634431892592,2.58361918079586,2.57730502474275,2.56170799890573,2.55499550900761,2.54987218213479,2.54661359278624,2.54256475357199,2.53933591202101,2.53810213367775,2.53781620140652,2.53731026411083,2.54047937145187,2.54570769443099,2.55060689769714,2.55771072710231,2.56617512834958,2.576130659176,2.58739486114522,2.60229812381072,2.61675454848695,2.63418738625677,2.65313435488057,2.67329533013441,2.69193859612026,2.71275674931251,2.73208952554364,2.75493833704364,2.77498601691389,2.79668679774507,2.81833447460436,2.84204344525441,2.86601426633038,2.89246908466567,2.92137872678475,2.95369506048668
"1017",3.63793904844982,3.63382643137624,3.63151327389563,3.63043125620037,3.62757727985332,3.62586770087273,3.62493109270927,3.62339402625424,3.62134336234898,3.62127126423064,3.62128974932995,3.61902724753788,3.61641451796926,3.61534502434349,3.61207249139221,3.6082676127409,3.60378147113327,3.597922884412,3.59075586073586,3.58424469062647,3.57503928958,3.56652068846844,3.55577238812268,3.54404373877228,3.53187198318312,3.51937435899965,3.50456440252516,3.48832146026005,3.47219896538472,3.45424144373119,3.43613260377746,3.41667711711585,3.39861806226937,3.3770105392396,3.35567880686989,3.32937068477492,3.30298728961832
"1018",2.88672615622265,2.85237312148025,2.82874149434604,2.81540113651982,2.78604701838588,2.77073388082311,2.75783585636434,2.74833897436459,2.73767733635386,2.7279918162196,2.72156238849569,2.71706851068161,2.71259043660166,2.71309648438768,2.71783713218644,2.72305036377654,2.73154183484682,2.74331192372089,2.75756352968191,2.77366523389685,2.79610511787928,2.81855346709689,2.8454083225526,2.87396490389075,2.90435495988991,2.93213595731437,2.96330558693434,2.99186959978185,3.02402246763027,3.05296096858511,3.08353678598301,3.11330079380636,3.1447217953697,3.17647987390812,3.21012481127245,3.24708745466651,3.28675422743243
"1019",2.57705317153153,2.53993515435501,2.52109785198501,2.51972439621599,2.49530532356512,2.49164962024044,2.49348581468526,2.50241150861779,2.51087662799206,2.52103902182644,2.53623926212171,2.55586553670203,2.57631173147315,2.60332154229178,2.63481660522183,2.66797048068174,2.70498212335105,2.74407210527027,2.78541077605053,2.8273795281458,2.87359669447841,2.9185971164264,2.96659381472912,3.01453234246737,3.06053725016419,3.10211592394623,3.14516262019735,3.1825746665596,3.22172503599105,3.2567681428025,3.29244789224378,3.32541914211335,3.35963215636502,3.39287423122644,3.42707592912601,3.46388357243871,3.5022284075641
"1020",0.403953249055602,0.47687113935007,0.538976685883344,0.594054980441294,0.661787653848488,0.716140348730904,0.76916692335454,0.819219022578833,0.870502377674956,0.920934716246012,0.967994334195661,1.01516275121659,1.06138123325326,1.1066266875749,1.14675033190045,1.18854669246482,1.22903356907919,1.26714889887352,1.3039492716046,1.34080148049905,1.37318189877732,1.40588325228244,1.43699142260528,1.46851614468834,1.49569310495093,1.52226215250788,1.54578295009443,1.5673794391455,1.58694170233718,1.60683246948594,1.62538500705686,1.64140735471282,1.65830036507157,1.67246757518785,1.68722060506736,1.70051998326656,1.71258326679858
"1021",2.3346597842948,2.30925944647655,2.2858619209517,2.26586336252429,2.23683958784868,2.21533829086217,2.19251291619181,2.16894307497293,2.14335454182976,2.11643000243174,2.08954082683758,2.06170636672529,2.03104446449867,2.00064263453513,1.97163266612454,1.93884953407597,1.90388608932987,1.87062288406107,1.83456831303123,1.79685308770078,1.76388774257661,1.72788984885762,1.69212871306132,1.65540172482134,1.62628277083195,1.59495290127318,1.56759359061976,1.54818691782702,1.53244612694145,1.5207192559797,1.51115050449122,1.5086034852415,1.50616564191682,1.51145272141801,1.52138381971778,1.54156792879492,1.56735788871083
"1022",4.73319237095493,4.71368244950095,4.69959175171759,4.68880600323467,4.66657383059747,4.64765155887243,4.62785545824637,4.60649424753862,4.58497827170033,4.56573412839442,4.54550731195026,4.52203116459323,4.49705651260495,4.47131062085704,4.44310792103351,4.41668607662055,4.38541309040149,4.3566959306358,4.32349064867852,4.29080849980366,4.25791468768715,4.22895134733315,4.19667155898222,4.16250954925961,4.13432457022672,4.10501030176059,4.07791294300558,4.05405352677338,4.03159820694509,4.01386171287795,3.99864460092083,3.98632610785711,3.97619296546388,3.97035757992452,3.96786005286224,3.97314969284963,3.98298436733142
"1023",2.20110101657688,2.19719080308729,2.19152549389963,2.18630944577572,2.17929395726079,2.17473552555059,2.16954591615058,2.16349523560597,2.15676622223642,2.14999160819084,2.14326400595989,2.13598864811892,2.12753714926895,2.12033413071768,2.11294551514856,2.10358398659248,2.09393729105686,2.08405793330556,2.07322790182027,2.06236911307108,2.05205700126597,2.03999163754774,2.02760051195414,2.01517675086534,2.00410770023608,1.99239343432603,1.97991941294495,1.96943831174278,1.95994991519836,1.94987607123528,1.93959676917183,1.93048231204617,1.92171949115261,1.91232745249735,1.90432567488098,1.89530994083821,1.88718719443968
"1024",3.22794067821721,3.18802659307346,3.1547041116939,3.12738560744562,3.08555716193764,3.05438034887516,3.0224171068417,2.99024088473144,2.95473491793409,2.91779421133924,2.88107146774565,2.84196420045732,2.79894972042618,2.75604172092966,2.71512368141323,2.66830193202457,2.61838981478226,2.56986892513843,2.51739798713585,2.4611987480834,2.4127523878807,2.35848955941163,2.30525296803409,2.24931442760556,2.20605909475809,2.15784976335116,2.11932658293167,2.09262548095394,2.07664652638225,2.06465959544096,2.05943939596005,2.06813883592793,2.07822449675729,2.10405035587218,2.13808150475362,2.19023385966525,2.25227532862901
"1025",3.29934312704016,3.2993096676216,3.30667157152584,3.3202448435358,3.32752424397337,3.33995032505711,3.35536401469943,3.37264531659841,3.38924249768215,3.40778302261129,3.42750590350405,3.44668976699911,3.4659869722842,3.48837292195836,3.509321821745,3.53104145258584,3.55363616848079,3.57517446913449,3.59671756072347,3.61915511592157,3.63991666289947,3.66225829036576,3.68398572952529,3.70528380503782,3.72475872249028,3.74274071516839,3.75987984775108,3.77305304659784,3.78566195278467,3.79817580602995,3.81133679036133,3.82159104621837,3.83403975190722,3.84478476220739,3.85638262671333,3.86980534004313,3.88408400509744
"1026",2.57965958505794,2.57224101159372,2.56446936584681,2.55770478993404,2.54866824957616,2.54255623057071,2.53626159428957,2.52931194688904,2.52140383867504,2.51379108202401,2.50640920498901,2.49792558191046,2.48831872173515,2.48022247441673,2.47180251549399,2.46095441202626,2.45000306373501,2.43818705806137,2.42547096523718,2.41257444529708,2.39982226150496,2.38485367422623,2.36929176949777,2.3532436320955,2.3381904498154,2.3222686048665,2.30512115519563,2.2892231849363,2.27469824923474,2.25799964129237,2.24097431737773,2.2248902656722,2.20902729189764,2.19154508770294,2.17499805897851,2.15535289379947,2.13631301917872
"1027",2.89248188949569,2.87813040949455,2.8646213440546,2.85256473654256,2.83685701373597,2.82490132791718,2.81261030359598,2.79945111944215,2.78487739242142,2.77050908564052,2.75621264523907,2.74001374010129,2.7221935185333,2.70538678105422,2.6880524920349,2.6672167828614,2.64531180719792,2.62203077129178,2.59665826847667,2.57002976713171,2.54293172045461,2.51208642640066,2.47879832463838,2.44291637421094,2.40803847703599,2.37079391560169,2.33022496513964,2.29125171380791,2.25172215457918,2.2081550285275,2.16126084482665,2.11454620507458,2.06356155798187,2.00733066518144,1.94676778666489,1.87397695449318,1.79300984074876
"1028",0.961129429497503,0.971388559761385,0.977530945209081,0.983604013254179,0.988004080863657,0.993405316016864,0.997407527877834,1.0005844536416,1.00482990109247,1.00875269777953,1.01235481926902,1.0178938928336,1.02288107527927,1.02851736137955,1.03418360072608,1.04177647029549,1.04863708061232,1.05818599004064,1.0670158017441,1.07713559878824,1.08861158418887,1.10182291248461,1.11554556744862,1.13084692906061,1.147285516855,1.16341268019046,1.17997177012025,1.19846896972055,1.21576943608491,1.23686673671993,1.25745875506996,1.2777655352097,1.29841270445144,1.31974171419683,1.34241212770321,1.36831722634573,1.39383402942177
"1029",1.66849623531429,1.71925165293013,1.76317555484208,1.80419682073159,1.84932725102239,1.8885128093675,1.92798088726736,1.96646394977969,2.00433964101037,2.04188527552779,2.07821045873715,2.11413058157821,2.14921193284903,2.18580832328698,2.21956791413216,2.25292620842315,2.28718260985253,2.31863337120054,2.35034319955113,2.38210480374675,2.41181002427005,2.4402794955342,2.46908474183046,2.49826774214206,2.52412998196649,2.54859527011241,2.57179369463498,2.59148649921681,2.61261808547061,2.63024701547041,2.64831816866342,2.66465708732308,2.68308325291053,2.69941341078967,2.7175107013263,2.73492858044948,2.75447930346193
"1030",4.5463708144762,4.52498702768768,4.51080613618576,4.50166882171728,4.48068401582474,4.46504263361506,4.4498165455418,4.43444102420826,4.4191116763158,4.40655820997257,4.39428333756715,4.38010429568166,4.36556716586761,4.35212639850629,4.33739956373461,4.32572493303763,4.31162775733669,4.30069099380768,4.2875620155895,4.27665115604961,4.26579257078121,4.26086034698302,4.25420307994906,4.2473519603584,4.24406178880622,4.24054075625982,4.23823969007937,4.23587690734922,4.23184554255024,4.23349347527555,4.23633694277779,4.23747199105691,4.24061425080883,4.24423173301451,4.24856403232605,4.25804902512115,4.26738346770432
"1031",2.56883627166387,2.55687754637909,2.55083515677715,2.55113282598724,2.54340225461606,2.54362294403321,2.54589352451536,2.55024083194318,2.55402853876,2.55886981019784,2.56564497965607,2.57342657921437,2.58120789383269,2.59275086784446,2.60565482460425,2.61847334883455,2.63357496583408,2.6491977335299,2.66626769992368,2.68446484005948,2.70501545004534,2.72504310675144,2.74746178339422,2.77100882933189,2.79443265668344,2.81617149718941,2.83921806141788,2.85974935459198,2.88320341265873,2.90351057208406,2.92520201263844,2.94613268211829,2.96918649995827,2.99180737314789,3.01663272168276,3.04327559255681,3.07299441654545
"1032",2.37193083357228,2.38593649594391,2.39925181701617,2.41369422472421,2.42792322171968,2.44284834519842,2.45893211369045,2.47529696841898,2.49119641983676,2.50788093366573,2.52496054232211,2.5417843703019,2.55832798298876,2.57741432667865,2.59543148214776,2.6127834277288,2.63155540395549,2.64873472309564,2.66654897102101,2.68497371842012,2.70277089787343,2.71970380731649,2.73741485888924,2.75571665442024,2.77238977975687,2.78804318478188,2.80316854012797,2.81568997533302,2.83028068828187,2.84164330821631,2.85390630490298,2.86510932541519,2.87857334259356,2.89042241019272,2.90427613766399,2.91780953180845,2.93398196801009
"1033",1.41553497256868,1.57368958770345,1.70651387739012,1.82247588867644,1.93832461715856,2.03142878281513,2.12085237704086,2.20443982139081,2.28208750841784,2.35529034552253,2.42321015322847,2.4874088225929,2.54827808895883,2.6087823592844,2.66301816045066,2.71554246137554,2.76785645118081,2.81458031865688,2.86062401126604,2.90544128643989,2.94608682171953,2.98508804692522,3.02338706859566,3.06088723813777,3.09335637575465,3.12353479389498,3.15180109632076,3.17456637173786,3.19798876563246,3.21773882591859,3.23790129512949,3.25517439149188,3.27470566371392,3.29169397295255,3.31000274977043,3.32812510794383,3.34808640930994
"1034",1.66526636800044,1.67966380439735,1.69129246091879,1.70333926362093,1.71513791982343,1.72762205651925,1.74018355807606,1.75260842158696,1.76534179019935,1.77831573552354,1.79143464980878,1.80547141657173,1.81914538281074,1.8347468017012,1.84985620700442,1.86517216391678,1.88134730519805,1.89745025747297,1.91389310607659,1.93116013152258,1.94873953877946,1.96588000001436,1.98402974671827,2.00333464917769,2.02179522601882,2.03943242116369,2.05688496637692,2.07339747280997,2.09125047379931,2.10766302448287,2.1244489176564,2.14065263062602,2.15841587805997,2.17532189233251,2.19418741871061,2.21362259727819,2.23489683025935
"1035",2.4211219256157,2.44171997631587,2.46172775789968,2.48284339907522,2.50397826633579,2.52498453255336,2.54744172296677,2.57024412444528,2.59237634092535,2.6152633509108,2.63836307118743,2.6609983456819,2.68330356298892,2.70814878574281,2.73141614653931,2.7541024332425,2.77819632496226,2.80020906276827,2.82280766275669,2.84588091334016,2.86776721679328,2.88889865624375,2.91058108768053,2.93260985870076,2.95241799438988,2.97098129459881,2.98881087678826,3.00329624164231,3.01956608061003,3.03255965768837,3.04643974549198,3.05878508244094,3.07348273618265,3.0863651260669,3.10109833098723,3.11566513203253,3.13275127707922
"1036",2.48299452077583,2.4857640455837,2.48582978823861,2.48517280288112,2.48532461296083,2.48585090960895,2.48613133605902,2.48538040484935,2.48396071272587,2.48299359404851,2.48193771080388,2.47965597366967,2.47648369884139,2.47473730138683,2.47188300124339,2.46685291033649,2.46183681811913,2.45521242620198,2.44778748253355,2.44028655744608,2.43160506133953,2.42085345546644,2.40902665642179,2.39665839508289,2.38389678777012,2.37051243935138,2.35473496157886,2.33915523350331,2.32411812492942,2.30623048801768,2.28733973051485,2.26812229127229,2.24888326631773,2.22600961544155,2.20286760695824,2.17328106848757,2.14185162200691
"1037",3.50608227944591,3.50224697042698,3.49843724003853,3.49454997093882,3.49031449359368,3.48632658977793,3.48251448044082,3.47747814531091,3.47167744231839,3.46741372659288,3.462877233136,3.45558776381305,3.44750143062352,3.44042848438176,3.43094536401161,3.41956016605331,3.40697853874561,3.39209788117279,3.37515682317089,3.35787175240272,3.33704905347047,3.3146747619785,3.28854604843285,3.25979304816798,3.2295800461654,3.19793183250495,3.16086818203549,3.12205838463245,3.08107536633063,3.0339614492727,2.98192407676587,2.92543088246921,2.86339584205689,2.78741131895222,2.69911047396765,2.57664084997755,2.41882949129934
"1038",0.898556799152992,0.973142043776988,1.03637574589823,1.09332079997556,1.15847511438127,1.21226686045779,1.26510334140962,1.31556978215553,1.3660152888685,1.41534394475742,1.4619481922932,1.5083516903487,1.55355979609733,1.59889247983278,1.64000630258241,1.68163278006809,1.72307303706588,1.76164251208049,1.7997272414169,1.83767518541763,1.87244159337694,1.90637231899365,1.93990971653973,1.97385314142757,2.0036958691759,2.03226833362213,2.0588467278056,2.08236126858996,2.10602554342733,2.12743125813073,2.14852270573931,2.16754357565305,2.18814508438602,2.20644449571944,2.22614649752355,2.24494103113012,2.26471004336888
"1039",3.08948015567306,3.06815690787322,3.0515434520221,3.03942139809822,3.01958731784003,3.00673388180658,2.99463491227246,2.98309540025268,2.97024723880847,2.9581435199763,2.94718681816618,2.93537363380031,2.92264795829306,2.91240639894865,2.90313091593969,2.89205441560779,2.88169788066938,2.87180229414466,2.86198121467486,2.85275783114312,2.8461193206664,2.83844256991205,2.83225930115402,2.82675116280137,2.8239336731778,2.82024001879949,2.81836011038423,2.81718923568291,2.81992651527868,2.82059983460586,2.82323193502761,2.82752633538304,2.83398571475852,2.84144497944766,2.85199150763368,2.86477389901523,2.88197598253109
"1040",1.95454516547792,2.00609821886313,2.05546335844925,2.10487590917264,2.15405799971318,2.19941298114689,2.24604224720392,2.29248242356746,2.33725014871577,2.38144105705303,2.42455045534891,2.46689932508383,2.50810591821302,2.55118620281954,2.59125666971418,2.63067832798905,2.67115194104504,2.70830221516973,2.74572092326021,2.7828619178721,2.81788243374315,2.85161801674349,2.88565824825336,2.91957294865995,2.94977783572157,2.97792460079755,3.00500666164157,3.02742546753619,3.05121146783375,3.07128118590309,3.09200728431534,3.11046475774441,3.13114910333119,3.14980668052661,3.17007210163066,3.19051653135313,3.21320853216413
"1041",2.54076899739047,2.53707811290768,2.53106919864264,2.52448664781587,2.51768853618086,2.5120757645521,2.50577237153684,2.49810428084836,2.48945310339204,2.48092893142407,2.47211555145033,2.46163741906838,2.44975121474469,2.43868694136468,2.42650383192535,2.41118353113984,2.39488930746296,2.37682097026531,2.35678630619834,2.33572736734755,2.31305689128436,2.28697425393008,2.25808995477478,2.2268956382006,2.19540941021837,2.16216046635258,2.1243611283191,2.08757524184993,2.0487274656991,2.00611222703888,1.95914843381569,1.91061208628683,1.85723356613022,1.79575703159498,1.72762481289299,1.64184045439188,1.54148047614556
"1042",2.68058715606881,2.67459473959729,2.67012759216683,2.66811024507636,2.66282683499585,2.66137198564479,2.66069534592309,2.66029262523215,2.65915520767607,2.65884030029406,2.65934520070368,2.65934514387669,2.65884487494285,2.66083279237945,2.66283903437062,2.66352739211968,2.66529701750992,2.66650963679499,2.66806945942657,2.67031236937159,2.67330643648164,2.67527644896947,2.678185605989,2.6817616444515,2.6857557915064,2.68906918791977,2.69256604529376,2.69537786023591,2.70088513726366,2.70374460561175,2.70774040011627,2.7119956760226,2.71830649394523,2.7238509321263,2.73174048209338,2.73960844952878,2.75058031064293
"1043",2.95499928738168,2.92094915854956,2.89492876282651,2.87666550139844,2.84452209328072,2.82411945665793,2.80475551241041,2.7871685928021,2.76783509908883,2.74874451510808,2.73178674400076,2.71530397637762,2.6978139591174,2.68384532745549,2.67346033398645,2.66199156312415,2.65245636857681,2.64613628904995,2.6413490587796,2.63806584973093,2.64201189352172,2.64575163519238,2.65420069305247,2.66492079937708,2.68044324524033,2.69434588196032,2.71324268902415,2.73257357676817,2.75710325101379,2.77953290911303,2.80450856773499,2.83082583561748,2.85902744706141,2.88927737007659,2.92240414126802,2.96005618124977,3.00160694379888
"1044",2.40860720844341,2.44058633370591,2.47185352225753,2.50404197165071,2.53618845197908,2.56683308120639,2.5991231314243,2.63167166011589,2.66308361614654,2.69493688000701,2.72656866304839,2.75741266092965,2.78767972858433,2.82030945742429,2.85061733103807,2.88037947701947,2.91137751131206,2.9396698700169,2.96835629101446,2.99724481073382,3.02425402944679,3.05059526981126,3.07713961220806,3.10367358983125,3.12729089870039,3.14933467653105,3.17038199781124,3.18730244989547,3.20551694960415,3.22060368105839,3.23648357465812,3.25026660908638,3.26641162968813,3.28055893646468,3.29631571935505,3.31219418980741,3.33029864062286
"1045",3.38573311263315,3.3692904930761,3.35729451081605,3.34909712993535,3.33484171906465,3.32588887397561,3.31794826818006,3.31037299692318,3.30181302087848,3.29464099421131,3.28839742042546,3.28080648442228,3.27264810420316,3.26684372058205,3.26090137775709,3.25376586935272,3.24703569735911,3.24006593937414,3.23284136321275,3.22635392705069,3.22047895203558,3.21435052302148,3.20846331321324,3.20270608431517,3.19833332333517,3.19330265997434,3.18866854495514,3.18360262953467,3.18120274254593,3.17678317990371,3.17382165758724,3.17136756070163,3.17116384096032,3.17056713153424,3.17239560632569,3.17478378920808,3.18076684809823
"1046",1.85478689680451,1.91812111796362,1.969291789537,2.013593525025,2.06580401405718,2.10783957251574,2.14937592117344,2.18871022937024,2.22703527736245,2.26493712251078,2.300979375958,2.33555474016553,2.36914623834931,2.4038724575699,2.43494973909718,2.46506845541237,2.49586319394821,2.52306363513501,2.5503023383838,2.57753944005025,2.60172491580216,2.62466460581135,2.64732672644218,2.67014691674272,2.68945429337448,2.70780277552596,2.7242063196761,2.73715557220188,2.7513031450993,2.76184868481239,2.77272449531496,2.78174925779906,2.79296735262526,2.8013936176828,2.8113614710196,2.81929394861718,2.82897102987807
"1047",3.00898939962175,3.04728932633251,3.0808113265662,3.1116016079405,3.14608466267764,3.17496740398478,3.20476220004698,3.23342836350829,3.26089071077838,3.28938433727235,3.3169612835227,3.34225612428703,3.3670598023908,3.39348392258066,3.41617557974857,3.43863975290616,3.46123906493691,3.48084034291239,3.49987683380563,3.51941089344942,3.53505368720605,3.55165479705667,3.56664663684307,3.58106903588102,3.59272882293937,3.60369396297944,3.61250004669599,3.61757935663154,3.62226972334624,3.62583599808451,3.62983951005335,3.6311668912728,3.63497143436301,3.63601663181019,3.63810363961163,3.63936483627383,3.64182371447511
"1048",1.61482233696413,1.62590167989346,1.6300462813108,1.63120193635956,1.63495576240643,1.63698321418044,1.63713727062589,1.63512041704381,1.63315451466031,1.63074860208503,1.62731887326524,1.62345278170593,1.61827371111921,1.61306496828842,1.60640459402327,1.59835769832936,1.588722432302,1.57869408819938,1.56653366141566,1.55404028583958,1.5400170630397,1.52466478521391,1.5069437938806,1.48838595533553,1.47008420380012,1.45134631333161,1.42941239901385,1.41023748795372,1.38836072081562,1.36812750964158,1.34532495551586,1.32224954248222,1.29737779318008,1.26958828233007,1.24032329354989,1.20611731713491,1.16720199044492
"1049",0.151433969609953,0.170551744659225,0.183418989329177,0.192336849683016,0.206672131933605,0.216063994538748,0.223272189237161,0.228015917015328,0.234221048620359,0.240080838631602,0.244062400388426,0.248415420300619,0.252159163540794,0.254102354918096,0.253533740428481,0.254534149328518,0.252628328254162,0.251520029933786,0.247729352520754,0.244116854922005,0.237531573969636,0.232769797552564,0.224808528176377,0.216418842970048,0.207742355623155,0.199736159236022,0.188991526409639,0.180791940012068,0.168173056197735,0.160616479290892,0.150939863635897,0.140445971326338,0.129009890368755,0.116724578671919,0.103793429357275,0.0903746377505416,0.075100726626167
"1050",2.4284403712651,2.47323678359446,2.51099993228773,2.54505296858431,2.5840392644989,2.61667209969172,2.64981732313355,2.68172456496518,2.71248582425043,2.7435887686617,2.77367476651818,2.80209483083137,2.82983428112131,2.85930041143108,2.88558459365977,2.91095228246136,2.9371458635775,2.96004864011843,2.98302571998706,3.00622455550796,3.0265229138146,3.04617486332516,3.06538347809945,3.08453314544443,3.1006719546208,3.11587454575053,3.12933895522309,3.13916151198026,3.15007561640985,3.15784092443514,3.16620036928689,3.1725769680678,3.18137260468654,3.1875245042039,3.19519471712199,3.20140845660555,3.20957878731508
"1051",2.63606768956552,2.63101803540216,2.62688972854863,2.62477800008158,2.61990698680397,2.61844455354541,2.61758304862508,2.61680305824658,2.61529230195977,2.61451963891958,2.61443938157451,2.61377613399822,2.61253963571549,2.61363175921954,2.61463362360676,2.61418136576664,2.61466082220488,2.614493535336,2.61452522286363,2.61514506195958,2.61635946044801,2.61640418712987,2.61719464203436,2.61855772059983,2.62035162261543,2.62151505106163,2.6226534293512,2.62335915875772,2.62661692884698,2.62728798776498,2.62893960059579,2.63094334634113,2.63485374889811,2.63788332014925,2.64316071970332,2.64802726484507,2.65578364410011
"1052",3.19636964596966,3.19632374910447,3.19923831214305,3.2049988674293,3.2080526087718,3.21377442618057,3.22118039631054,3.22915335681236,3.23651131556867,3.24555866514826,3.25536648782137,3.26408970448718,3.27274550899584,3.28404054376434,3.29408545943581,3.30384130766722,3.31447972724319,3.32389019037286,3.33342431727175,3.34389210637831,3.35315522491919,3.36293909433011,3.37254901081276,3.38225139695853,3.39102575551638,3.39907486443626,3.40644022802618,3.41122135682151,3.41723049339949,3.42144594944376,3.42668768250446,3.43051358572441,3.4368202200208,3.44146925987276,3.44782926320373,3.45431171185345,3.46313663760554
"1053",0.85850616584484,0.897892195284645,0.923866083825135,0.942055838732664,0.970090972738925,0.989218313071744,1.00550023888327,1.01820731618824,1.03225614936887,1.04586790338854,1.0570872088234,1.06813102579125,1.07825586441542,1.08716868054833,1.09260664016351,1.09847313962307,1.1019689104219,1.10462564131412,1.10471686822535,1.10487365066902,1.10076637784495,1.09696809950333,1.08952042593331,1.08146086262235,1.07144220394651,1.06184838832935,1.04723822353396,1.03449403901637,1.01633599744366,1.00159640888322,0.983124968619854,0.962256671988597,0.939389516201077,0.911575201412911,0.880846539810364,0.842854707854087,0.796858227741516
"1054",2.48870824235678,2.52574607713713,2.55810885221948,2.58839945291599,2.62206588764625,2.65132881357276,2.6814819264665,2.71090781718119,2.73929516156297,2.76821094027131,2.79648083842734,2.82335126389218,2.84965408060563,2.87792773377311,2.90340517805325,2.92808389780595,2.95371879722937,2.97636564773511,2.99919066143159,3.02231267381581,3.04290849207733,3.06293285963788,3.08270094549017,3.10246377935807,3.11942235417041,3.13535869435557,3.14980642890374,3.16062760787555,3.17263905452825,3.18158652376305,3.19122220423536,3.19893213067127,3.20907246161875,3.21679814506937,3.22611070595817,3.23442462303156,3.24483944980005
"1055",1.55597567883399,1.58759479355552,1.60573393987323,1.61583736117671,1.63587291819951,1.64776517819168,1.65701144929865,1.66253415836416,1.66834845479381,1.67378288804349,1.67706284212587,1.67876607047574,1.67912489818776,1.67857524736223,1.67448254890381,1.6682926088081,1.65977972613378,1.64852840161746,1.63413080695896,1.61857647227719,1.59742360480561,1.57356685915042,1.5439557167475,1.51112070485188,1.4746440557067,1.43693453404759,1.38958940564899,1.3423338144832,1.28588921646452,1.22662834162651,1.15696963920865,1.07917028089412,0.989854149023217,0.879984493822052,0.749492484560195,0.574669098529065,0.357796908066787
"1056",3.814549831201,3.81162541359316,3.81185098710016,3.81420240394239,3.8138376776786,3.81488129029065,3.81713245646032,3.81914076394515,3.82093548873481,3.82516934265522,3.82959963775266,3.83196581756679,3.83431576098046,3.83834203795806,3.83985473184783,3.84216125373142,3.84364584041912,3.8443692458683,3.84377912672062,3.84439804889728,3.84200392992932,3.84217032376846,3.84003156447441,3.83720313818395,3.83391074124503,3.83049699445778,3.82533864208299,3.81823559936164,3.81033652297042,3.80313825831729,3.7964093547923,3.78772537839369,3.78134398914763,3.77276400412806,3.76520459373218,3.75707679297124,3.75012205012567
"1057",0.80676849346098,0.836778670357968,0.856523697719493,0.870992916893589,0.891717686085304,0.906631978429776,0.919115511694741,0.928861892779561,0.939994742998633,0.950733322623555,0.959661995506548,0.96915047450964,0.977855260471662,0.98576865947304,0.991205667550961,0.997741110111504,1.0022366221271,1.00713184247972,1.00992307152193,1.01320407616877,1.01391730089771,1.01568860993038,1.01508506659187,1.01468866900566,1.01353159162724,1.01277246381642,1.00901159354848,1.00753164304627,1.00206517334836,1.00099224761357,0.997631551626843,0.99301202318815,0.987628022988563,0.980165836948614,0.972032048157074,0.96216759268229,0.94823127187607
"1058",1.89979829261677,1.92174485699118,1.93452770601263,1.94231010895862,1.95648977494153,1.96589899397452,1.97381430889564,1.9792668319575,1.98464132938376,1.9900042062647,1.99415685187458,1.99704928408037,1.99890382572507,2.00107422266891,2.00082493695778,1.9986135055351,1.99549035140609,1.99013435604727,1.9831080298134,1.97566053956815,1.96493155177303,1.9520269442235,1.93626978186647,1.91923743466645,1.90024508217362,1.88076170931589,1.85613150954541,1.83184871294322,1.80458230115687,1.77521792003293,1.741962980208,1.70611850605089,1.66735984607863,1.62049271488891,1.5685203053552,1.501037588495,1.42103096308167
"1059",2.41900787706813,2.4062295568725,2.39669929849978,2.39151850970471,2.37975982301021,2.37461141927337,2.37030503849288,2.36696194688589,2.36292346491888,2.35939766344027,2.3572217567596,2.35561158295059,2.35351373837946,2.35434573227343,2.35655579360513,2.35802481188019,2.36104918883526,2.36502532027949,2.36992771713474,2.37588788429924,2.38476233412028,2.39295473309423,2.40351856486788,2.41552518792295,2.42894396527182,2.44132397764397,2.45544353466746,2.46917466584512,2.48620805793204,2.50106679382826,2.51742213689013,2.53429695823008,2.55314805516191,2.57240164798852,2.59432865937974,2.61837491532357,2.64586745722092
"1060",2.91819569797928,2.89819304507208,2.88436582415249,2.87658813194475,2.8599391270868,2.85164092398832,2.8449292868096,2.83981438592231,2.83374330971055,2.82871395660299,2.82551959676002,2.82258045742455,2.81935291687337,2.81960659485269,2.82146773513602,2.82268872708075,2.82580272425874,2.82987188565048,2.83512664052015,2.84162001242124,2.85117299798286,2.86040944127805,2.87213157798068,2.88511749236316,2.89952755829297,2.91268365437884,2.92781219936976,2.94162983848714,2.95893904636891,2.97366312109884,2.99019628055858,3.00680406756163,3.02567388473817,3.04475769666875,3.06636800520412,3.09029930197999,3.11776778474035
"1061",5.2425614668488,5.24871569172232,5.25728779804963,5.2661121459233,5.26947788568058,5.26861926232289,5.26638829804602,5.26102000373968,5.25902471554488,5.26208666742807,5.2625309254701,5.26006630807231,5.25815832396984,5.25337128367618,5.24082413729613,5.23844841183716,5.2272166132638,5.22073958314108,5.20668026808957,5.19615575819348,5.17609281125887,5.1713887316393,5.15609502586469,5.13811243300331,5.12147453982966,5.10665313307144,5.08731067441052,5.06864600289626,5.03671756160236,5.02358183769597,5.00820131595664,4.98658232365694,4.96605995347038,4.94405772658258,4.91981541722847,4.90159423184897,4.87725469668223
"1062",2.10567273280995,2.09398289793672,2.09099794304334,2.0974584742155,2.09221307438205,2.09796089571224,2.10664941156608,2.11890115524764,2.13103181282974,2.14409979908613,2.15976899207636,2.17813227907626,2.19674166120613,2.21974467839471,2.24486400020332,2.27094023742411,2.29975976264272,2.32965686065537,2.36131155496246,2.39388925308625,2.42939569049407,2.46403950096927,2.50148307407587,2.53988601877747,2.57703020142173,2.61139115676112,2.64709194203707,2.67907122282397,2.71360530131792,2.74437023597131,2.77607642386629,2.8063030532717,2.83821109981228,2.86953709018331,2.90273981989316,2.93802236506373,2.97595305722692
"1063",3.60483797496814,3.57001080383424,3.54350084474517,3.52402126985202,3.4906956599091,3.46773409880513,3.44558257093074,3.4245128435719,3.40153353773407,3.37922605546905,3.35843708430093,3.33665049532287,3.31351132312711,3.29304039145984,3.27492408197199,3.25534028567258,3.23634383913831,3.21990915252217,3.20378071102647,3.1887143057744,3.17974625451435,3.17091320806799,3.16552883400285,3.16166557690004,3.16372051176901,3.16450180541489,3.17045861790361,3.17783976525659,3.19065619550477,3.20246139840833,3.21743317602375,3.23453936084432,3.25391326226966,3.27602929354301,3.30127511238803,3.33181459465388,3.36658701591655
"1064",1.33062934509757,1.39414536679875,1.44712840696867,1.49462332553187,1.54904250980895,1.59422674761498,1.63886191385083,1.68159842228025,1.72400066651789,1.76570718904561,1.80543384981176,1.84471675488553,1.88300195659948,1.92212496586152,1.95774552215535,1.99323023658934,2.02913099378169,2.06211425968541,2.09502631315141,2.12792890194214,2.15818164343358,2.18730857362331,2.216399517237,2.24591358786586,2.27179802705343,2.2964866352735,2.31947101244504,2.33929997430389,2.36002135059238,2.37773438826936,2.39552665357464,2.41150823256374,2.42935562149505,2.44489471440767,2.4620299608571,2.4780419013744,2.49561267604074
"1065",2.02208954182778,2.0423943258367,2.06207562908278,2.08337737595045,2.10394387483997,2.12519431578293,2.14771738422039,2.17080294063535,2.19360282423721,2.21688500136202,2.24047263153067,2.26444298605339,2.28809209823318,2.31427911425041,2.33939785198708,2.36428956812363,2.39069071691626,2.41559921644696,2.44125413653239,2.46740691492477,2.49312275310071,2.51784677141143,2.54364737726809,2.57012726997916,2.59446834475957,2.61737180979646,2.63990299268443,2.65938799374716,2.680874120038,2.6989924074681,2.71789713002354,2.73550092459508,2.75522251704506,2.77347991632647,2.7937268367241,2.81418599386472,2.83722414421011
"1066",0.708133675524336,0.735133965419707,0.751141359808035,0.761160047159093,0.777675248716749,0.788038164768935,0.79529661135663,0.799205656162266,0.80443394585003,0.808995223068916,0.811349407188575,0.813870894577846,0.815252656782949,0.814996962564581,0.811961675630509,0.809638533115348,0.804162176757922,0.799168825022262,0.790974731480005,0.78275253172564,0.771246273189386,0.760662687489799,0.746205136991632,0.730943965118153,0.715354886665364,0.700137529585052,0.680791047349508,0.664937870250345,0.643256100656443,0.627243950630195,0.607735220461551,0.58694042234719,0.563940900366633,0.538272280557158,0.510481540018601,0.479223396856419,0.442128986551001
"1067",0.120309070660563,0.123468447546303,0.126023074009408,0.129866445541736,0.130645978639269,0.133171783734733,0.135149785871693,0.137326811659376,0.140600066884048,0.143843569906155,0.147250111050034,0.152869480396517,0.158684501001525,0.164969811620415,0.172029425624656,0.182378419847639,0.192335842974358,0.206068558149465,0.219725461164861,0.235108729238947,0.252483082226692,0.273511786799572,0.295425734772247,0.319189059125824,0.344272396157884,0.369251015220834,0.395302651091849,0.423283198588678,0.448048525945271,0.479799521863333,0.510555919453734,0.540083477700387,0.569098994159224,0.59942112808062,0.629952319223179,0.665693500325542,0.698535248824645
"1068",4.46329659724848,4.45193326847823,4.44433405233856,4.43859187791607,4.42697524863045,4.4165409786906,4.40592072109779,4.39379522277689,4.38187789373655,4.37271791580627,4.36277449383401,4.34967999059473,4.33594317341727,4.32202541242786,4.30459916121823,4.28878734618336,4.26914547943556,4.24994247972603,4.22681665613812,4.20440868379581,4.17800522203721,4.1550022012334,4.12678335610483,4.09592717841137,4.06624727181693,4.03582553634659,4.00228469473364,3.96860752232755,3.93250512337256,3.89734949771029,3.86063507332378,3.82233252662928,3.78345236611269,3.74059056377391,3.69586409935081,3.64411130185774,3.58902630887457
"1069",2.62476067368901,2.60375587184021,2.58453504758113,2.56800630558821,2.54486228211961,2.52772186166744,2.50986328373113,2.49133178292615,2.47105960954894,2.45025625600244,2.42963390564187,2.40765242656937,2.38350836651263,2.36017669933916,2.33742635483344,2.31096835904543,2.28311736801404,2.25535730887208,2.22534674746264,2.19392467538152,2.16468380691223,2.13187607354826,2.09809893146846,2.06260441195741,2.03124162865026,1.99762652437749,1.96434516756735,1.93579250914611,1.90920895097451,1.88262872959267,1.85608976331841,1.83392276845251,1.81078052475943,1.79059203806382,1.77282767332921,1.75830377725347,1.74754402276233
"1070",3.02169816494929,3.02337812928365,3.02245162946227,3.02005161660825,3.01949276753762,3.01811522589728,3.01652288430796,3.01342143555929,3.0094394817593,3.00637294819261,3.00289470664061,2.99694545857925,2.99000211752762,2.98404219242861,2.97589797591308,2.96494890397203,2.95317104545458,2.9385494669609,2.92206776606901,2.90481748690952,2.88410171761224,2.86041438774297,2.83305899751208,2.8029309967679,2.77068175270358,2.73672228185934,2.69632162806935,2.65429202399944,2.60910896774519,2.55668803603359,2.49761531090472,2.43289805434905,2.3600698281514,2.26960204088587,2.16188826196826,2.00952753220865,1.80563482637637
"1071",2.5524661289637,2.55297349367195,2.55329529806162,2.55486680660849,2.55509358486671,2.55751646125372,2.56052386344485,2.5634612712083,2.56579822130451,2.5688943848255,2.57251184457567,2.57553712970939,2.57806903629626,2.58287203417558,2.58720504038454,2.59020904192305,2.59418146722478,2.59715536249702,2.60035396165382,2.60413549426402,2.60794098212818,2.61060648285268,2.6138263973693,2.61758044043076,2.6211553324681,2.62413912136423,2.62668321802501,2.62837447342147,2.63232419646219,2.63352114898342,2.63551989284006,2.63748423836014,2.64136110606231,2.64388781836918,2.64846241357395,2.65203166206241,2.65813392021674
"1072",1.01639291641418,1.05812335202382,1.08898391582357,1.11419441271515,1.1471369140402,1.17278115240307,1.19679665497927,1.21845836841508,1.24124788145516,1.26382790236037,1.28469705757693,1.30594602614119,1.32660245266358,1.34731453652194,1.36522144537792,1.38391371626317,1.40182339148246,1.41882142271314,1.4347994619844,1.45130941304185,1.46516530784739,1.47922744207595,1.49207429434627,1.5055345146245,1.51686041084734,1.52816664398079,1.53691697323447,1.54564036008195,1.55264737095858,1.56062495506634,1.56734302647555,1.57254407401614,1.57829163637395,1.58159685356235,1.58535330608147,1.58712572209627,1.58725564155267
"1073",3.01418263796434,2.97748475352082,2.94596970767788,2.91949284552523,2.88032732733285,2.8507781275034,2.82014922878633,2.78892199352191,2.75450797422973,2.71850323253923,2.6824281753737,2.6439064565519,2.60139680924861,2.5585402009439,2.51702940181704,2.46918854523672,2.417574656949,2.36644322697082,2.31029348364611,2.24940985830254,2.19395605257464,2.13111968175724,2.06628578952707,1.99589089308751,1.93580802173952,1.86853043851754,1.80658117483256,1.75639025444054,1.71333689393846,1.67434903452962,1.63970558284226,1.62098390897758,1.60133026367475,1.60083970835859,1.61006638593978,1.64291693386921,1.68952193166244
"1074",0.592331141111862,0.61663530792985,0.633382145743571,0.646906058439415,0.663958207737991,0.677367045570691,0.688773539893397,0.698231940141143,0.709328736627752,0.720137344968961,0.729586834495183,0.740434550758591,0.750777856285214,0.760608686867742,0.76871430408565,0.779026720792041,0.787550527265589,0.797701831608825,0.806173145204852,0.815602895420435,0.823696495707855,0.833872023859675,0.842625147916687,0.852252429598565,0.861691389577678,0.871407323390558,0.879501740161866,0.889797365804931,0.896561086347408,0.908654906144019,0.919110245420863,0.928476764278371,0.937549000898309,0.946028588523524,0.954682618491333,0.96468421532294,0.971941238312702
"1075",0.489104848009773,0.51676706711911,0.53306310152383,0.542652030392014,0.559742453211947,0.569662318897622,0.576119662550558,0.578797521236998,0.582907692481234,0.586244799446747,0.58697611459065,0.587598359880031,0.586966928323868,0.583969464603631,0.577689351383933,0.572117273198679,0.562609032615087,0.55341184727877,0.540301140607475,0.526796284027453,0.509097250918332,0.492343274964661,0.470619676813963,0.447378862090988,0.423683809060784,0.400419549442293,0.372364489714268,0.348036002026703,0.317380079430054,0.292418542680523,0.263850141532353,0.23447844049686,0.203263280831492,0.170423933248238,0.136958573717675,0.102188440369544,0.0679034757429271
"1076",2.87297165179846,2.85384026827152,2.83858863349509,2.82746188870984,2.80929185446258,2.79779667433524,2.78690958536282,2.77651342604119,2.76488874994618,2.75381185274272,2.74383438649068,2.73326050879755,2.72176206269231,2.71271810678303,2.70471720415023,2.69489519221735,2.68588386645263,2.67736167852369,2.66899874298999,2.66121673357066,2.65610021035169,2.6497822033367,2.6450884180088,2.64121038484905,2.63988227065043,2.63770128003174,2.63726518270498,2.63767721319189,2.6418795367102,2.64408525395645,2.64809460529193,2.6537593767218,2.6614531336487,2.67010969126623,2.68180975999968,2.69564147538507,2.71368281775259
"1077",1.69762808682221,1.7128922068186,1.72525344554871,1.7378828385857,1.75055403567129,1.76366458792983,1.77688516750456,1.78993488632222,1.8032497361194,1.81682395295152,1.83051178534697,1.84500980168002,1.85914012752722,1.87520560463993,1.89067705536948,1.90625749035814,1.92272390925362,1.93893855360946,1.95550039891114,1.97284969108465,1.99036790586963,2.00736454495226,2.0253216530854,2.04438553136065,2.06249432277546,2.07978521429903,2.09680355059084,2.11277019992005,2.13012462618317,2.14586204920647,2.16198783071257,2.17750078809978,2.19461795193596,2.21077188229055,2.22888100141604,2.24738039672253,2.26775367365694
"1078",1.44134543717597,1.61311753800736,1.7493963712112,1.86323302264989,1.98214841430437,2.07384714211026,2.16097817437908,2.24131689209517,2.31611705115604,2.3867336163299,2.45181664579142,2.51283635852815,2.57073229839168,2.6280950525218,2.6789366919859,2.72802708718574,2.7768785730158,2.82002092950666,2.86249016703051,2.90392321856008,2.94079127516265,2.97617232720531,3.01066033307914,3.0444739481706,3.07331231694171,3.10028543252109,3.12506580259897,3.14464395485001,3.16485957817121,3.18143845306079,3.19840041594417,3.21256874154709,3.22908909314009,3.24281799277436,3.2578943863846,3.27214420234185,3.28820085103404
"1079",3.4065183626418,3.4135794584042,3.4194954092504,3.4246739332292,3.43141154467298,3.43672936136607,3.44267402235662,3.4476098243277,3.45201361104715,3.458197510569,3.46414036922053,3.46768711735364,3.47090692901025,3.47560902565372,3.47757141700629,3.47871906984085,3.47944936233203,3.47797484132052,3.47538113849182,3.47331929646336,3.46778341256136,3.46250767360829,3.45488831211892,3.44629370994579,3.43623269643298,3.42593613931182,3.41259189938092,3.39721213850433,3.38164184219723,3.36348103660105,3.34472825706777,3.32396444488417,3.30437871917239,3.27994725558089,3.25503483695631,3.22269061621615,3.18849676858959
"1080",2.65762099322766,2.6718763531695,2.6898789819602,2.71200018700462,2.73064822373078,2.75197140899272,2.7757321203689,2.80084777333216,2.82506281315119,2.85028480647197,2.87619819423836,2.90182649024232,2.92720824018531,2.9555588016801,2.98249647529098,3.0092232718058,3.03744573641452,3.06373864640368,3.09061037997666,3.11792698326184,3.14410908210189,3.16999496474134,3.19632520053376,3.22267336895712,3.24661890613049,3.26885096654296,3.29049986176116,3.30805004990556,3.32683142889943,3.34289779900759,3.35985656998967,3.37467758071359,3.39181365747489,3.40723841419215,3.42419907770298,3.44196954322265,3.46187270500772
"1081",0.849175690622173,0.865371098803531,0.873447541555543,0.878034199827044,0.885003467874999,0.889318738419351,0.890909691564729,0.889977815102216,0.890042088186552,0.889358288201701,0.88715327254672,0.885630348971839,0.882919634004855,0.879211308456281,0.874025451454104,0.86967522237895,0.862730887559847,0.857467121242391,0.849634765376629,0.84214932353593,0.833710727113054,0.82653784502451,0.817207805475144,0.80800369442192,0.800157924388712,0.792570374933576,0.783292985198545,0.778088710082912,0.76911622522018,0.766301615506391,0.761614568714594,0.756986928196171,0.751320101898906,0.745654174130746,0.739871798026014,0.735332608513778,0.727763433100508
"1082",1.61248452430101,1.63352075488065,1.64657329425346,1.6558763614697,1.66978353387144,1.68021496003478,1.68924841326254,1.69629529493759,1.70363251958864,1.71087121437464,1.71713055583282,1.72308777080458,1.72818690976511,1.73380386099545,1.73762087027166,1.74058796745215,1.74292237383908,1.74427888538913,1.74449049410399,1.74489421685961,1.74346562611455,1.74107943315854,1.73732664184155,1.73361399766549,1.72900338821732,1.72429472125839,1.71690223403563,1.71047196142378,1.70281335825534,1.69522168342433,1.68617056107639,1.67635886228846,1.66645602117651,1.65359280172079,1.64058103817869,1.62341005938222,1.60377022943867
"1083",3.72701327974285,3.69877810879401,3.67922333272024,3.66679951395454,3.64226167838966,3.62701773499901,3.61343528626074,3.60141753698145,3.5883705411612,3.57707623307572,3.56760181317482,3.55757135571324,3.54726197231921,3.54020084287147,3.53450505419711,3.529103525691,3.52470348543043,3.52223277398947,3.52029161399648,3.52004209126206,3.52280495240808,3.52721633243238,3.53336918566652,3.54040609512267,3.55001056793423,3.55847822757127,3.5692648632733,3.5787854722455,3.59061719574429,3.60208634391125,3.61545941735821,3.62826826186412,3.64333874113406,3.65879550067018,3.67612599494458,3.69700214707648,3.72027802364054
"1084",1.20594528105254,1.21670827707978,1.2246158358292,1.23337026422489,1.24014883697556,1.24861568167908,1.25647670233859,1.26412424947612,1.27265599823976,1.28114500648258,1.28972277738194,1.30021424805997,1.31034825315706,1.32190705609904,1.33358009794627,1.34677242151544,1.36012641642651,1.37530587014721,1.39042929794877,1.40676441940927,1.42438512299146,1.44286555890301,1.46239378930995,1.48347864675883,1.50475542107911,1.52531078922152,1.54625100488569,1.56762621111745,1.58907564484568,1.61179723265977,1.63442374612857,1.65654442942259,1.67955280316623,1.70264986230762,1.7274449996903,1.75454688200443,1.78242044073921
"1085",1.20712178491802,1.26429424185217,1.31464282874712,1.36227097058806,1.41397773076307,1.45914655955787,1.50437357767008,1.54855516599983,1.5925871662742,1.63594202627598,1.67766776228363,1.71961969273397,1.76062364429452,1.80266557275866,1.84159272354824,1.88084100647136,1.92056341797257,1.95781672204435,1.99506158815689,2.03226989730338,2.06734026100923,2.10134462834194,2.13560493274499,2.17032688658166,2.20139454791672,2.23087446177925,2.25903184145744,2.28381167466219,2.30952761360927,2.332293045561,2.35516360574981,2.37616582552592,2.39894444668979,2.41979539594577,2.44231991501041,2.46456135451312,2.48854365279848
"1086",2.51885328380168,2.51874174926613,2.51649318578466,2.51390826057128,2.51140804297805,2.50989992868906,2.50813066175853,2.50538187530454,2.50187907317187,2.49878591353081,2.49566050734826,2.49128345009908,2.48593245624524,2.48197979294005,2.47707440140779,2.469853396763,2.46254293362654,2.45374888277818,2.44403813116001,2.43415827579674,2.4233082179059,2.4102495002041,2.39605982388244,2.38119815188159,2.3662303145003,2.35052746601983,2.33248248084761,2.31492300743586,2.29789402170621,2.27807827493956,2.25717284233567,2.23614156140086,2.21485093055739,2.19005067887855,2.16488084720672,2.13326810043597,2.09970565967909
"1087",2.4241455151463,2.4416375129146,2.45927152396053,2.47858803071908,2.49722307624095,2.51653215374631,2.53739139680928,2.55879233932743,2.57957098703404,2.60115228461201,2.62311390926562,2.64477107063983,2.66614348854824,2.69017023700431,2.71285836260665,2.73501745613466,2.75866475173393,2.78042466920055,2.80284343266231,2.82578106983004,2.84779445608979,2.86905297589132,2.8910069878554,2.91336716259581,2.93363927529346,2.9526238450823,2.97102560843953,2.98613354623361,3.00311868656211,3.01682210805696,3.03145075383564,3.04460553075312,3.06009744182059,3.07388845659112,3.08956808771234,3.10525418409353,3.12352127045517
"1088",2.43969089589102,2.42956671699993,2.42091977431108,2.41506850357013,2.40459004941139,2.39905114242021,2.39382868141098,2.3888194552281,2.38302468923027,2.37759207332888,2.37299767714195,2.3683121118247,2.36285542350184,2.35969167902053,2.35723188293261,2.35337498618487,2.35039175672514,2.34774712656134,2.3453409737184,2.34359409065143,2.34384463156031,2.3429842537102,2.34356198146406,2.34512059464679,2.34825494905376,2.35067866415832,2.35411906734145,2.3581495119761,2.36510233555798,2.37033126650087,2.37679091115569,2.38429609251639,2.39356954595532,2.40314372698819,2.41535946306486,2.42891461041156,2.44574247573269
"1089",2.68526391922621,2.69393316556589,2.69759989246428,2.6984269949494,2.70306913070702,2.70541708272932,2.7071960589405,2.70714048847855,2.70634212894232,2.70614757375707,2.70530736576755,2.70224919614485,2.69817139051092,2.69494813672516,2.68943826900332,2.6810650727963,2.67198761295039,2.6599222568125,2.64612946548224,2.63156679641737,2.61342077144129,2.59215367705818,2.56738594722488,2.54015853913291,2.51052895801011,2.47948616420526,2.44194656407873,2.40310888306841,2.36093892099408,2.31238701947403,2.25752947229716,2.19745227265903,2.13028147382783,2.04709721149001,1.94931515022274,1.81342219061094,1.63696525076357
"1090",2.4851015277383,2.47827815668269,2.4700633661032,2.46212160933507,2.45254506366834,2.44531095767012,2.43744865719,2.42849639434791,2.41852520233645,2.40857732938264,2.39854003109702,2.38717130827361,2.37437711389122,2.36257153958612,2.35016315902471,2.33483606793137,2.31872501908339,2.30149688535804,2.28259777641227,2.26293454293885,2.24278511455161,2.21968318398968,2.19478919614175,2.16838773108477,2.14280120206032,2.11582835826926,2.08617857061976,2.05839821788169,2.03027049268835,1.9999674952762,1.96755286983503,1.93560214517984,1.90160202474677,1.86416924989847,1.82510759190113,1.77875381333164,1.72851232611142
"1091",1.86538534685068,1.87096385356309,1.87288270711661,1.87420788178317,1.87555197135466,1.87765431907421,1.87897842722943,1.87930408427968,1.87950428338271,1.87967475959378,1.87968808299584,1.87972036584835,1.87887438389144,1.87924038093278,1.87910912178074,1.87797329118283,1.87674085177797,1.87546315691923,1.8735596561012,1.87205982779549,1.87074006756205,1.86848111589374,1.86618066672684,1.86444556566278,1.86328128255866,1.86177885977615,1.85950960031473,1.85856919885295,1.85823425101119,1.85781163572375,1.85722737693804,1.85706409589661,1.85767092759183,1.85746004859204,1.85873508659802,1.85948376146527,1.86093892961655
"1092",2.56445719846215,2.57003651164727,2.576094662162,2.58393932582382,2.59043848921078,2.59894208937422,2.60860909168426,2.61865136505326,2.62816199045661,2.63862939481122,2.6497439904077,2.66047735860363,2.67095309005907,2.68406244869017,2.69648256056488,2.70807804307362,2.72105325774775,2.73277476509248,2.74509256029744,2.75812702438275,2.77091227371974,2.78291690920144,2.79572590526487,2.80914972379117,2.8215770615384,2.83314436387482,2.84438077885508,2.85349541460915,2.86485701138841,2.8731649167889,2.88248637661164,2.89106902052169,2.90192468079281,2.91134568427183,2.92285577543107,2.93407924506667,2.94808799435128
"1093",3.584324996923,3.57748604440419,3.57525688203028,3.57667758590261,3.57365047386166,3.57418784104405,3.5764178697702,3.57921628203146,3.58155882284405,3.58605925661467,3.59136608078341,3.59531076614106,3.59928196723579,3.60569220341853,3.61069420578722,3.61608518935429,3.62170933627161,3.62675757229022,3.63140773955662,3.63726805940255,3.64163613459178,3.64773466142957,3.65297178998079,3.65806067908699,3.66281685368806,3.66704717548587,3.67056060327165,3.67180647386234,3.67341433085968,3.67477429848998,3.6771077288611,3.67780109724665,3.68096436029751,3.68264860539708,3.6858122150684,3.68978668588789,3.69567471693429
"1094",0.255492317050628,0.253265102095949,0.25274679881991,0.256513591816152,0.25216343402368,0.253411879515018,0.254620503237878,0.257276078513775,0.261305900384806,0.26540595698129,0.27062220866377,0.279703374846671,0.28928299916508,0.300554666002232,0.314179690992232,0.332588962781482,0.351453916864717,0.375982334628229,0.401182047936251,0.428706839881539,0.460239076318766,0.495777400597835,0.533357674499104,0.573134525777391,0.613994660360135,0.653441875333543,0.69467670726797,0.736537730496017,0.775704140809908,0.820400202525694,0.863930512397123,0.905642221379627,0.946763110565012,0.989107183050894,1.03191353362788,1.08020030924596,1.12649302605756
"1095",2.45596538986435,2.45801384125408,2.46175800503788,2.46844446335231,2.47215600119286,2.47937014140174,2.48792713550062,2.49730539990747,2.50621999161762,2.51602801522867,2.52678913625643,2.53769252777809,2.54839529641172,2.56199640038827,2.57547511829224,2.5883742242948,2.60290958240167,2.61670494137739,2.63135501818427,2.64682175294119,2.66281631827809,2.67804242732487,2.69460747301191,2.71201875103533,2.72864304305473,2.74417591523139,2.75989599415698,2.77345625917799,2.78950796619044,2.80250176726078,2.81662254751294,2.8300676067309,2.8457410934341,2.86038166928691,2.87723061038978,2.89457015859676,2.91487049187428
"1096",1.77419912173783,1.78821000157989,1.79556066285521,1.80000254296939,1.80768820440995,1.81329010804193,1.81756872699163,1.8200041886363,1.82245289799612,1.82478453695955,1.82632973537399,1.827376850111,1.82741794720028,1.8280278226241,1.82714855823597,1.8249258760371,1.82196895890876,1.81808556460622,1.81287594729781,1.80765242267736,1.80089209162102,1.79276336029815,1.78309744889972,1.77314394844992,1.7627625213013,1.75210771856212,1.73869273028534,1.72667983090848,1.71341484900657,1.70006114405673,1.68502250232251,1.66949523297221,1.65340310353826,1.63421704035435,1.61449441052342,1.58987433786391,1.56222311390364
"1097",3.56210967773712,3.54999896413273,3.54322762843488,3.5407629404429,3.53245474118629,3.52899993855905,3.52718753372053,3.52613058586207,3.52448976973407,3.52486574106495,3.52628584895906,3.52652735614238,3.52671160914252,3.52951651959472,3.53156865187576,3.53373615626625,3.53637526657895,3.53881222786852,3.54108874031893,3.54458955780119,3.54757312197968,3.5518977307702,3.55597376179057,3.56013994157544,3.5645825130871,3.56841425090835,3.57214143920187,3.57397081482998,3.57692526393425,3.57918175212462,3.58267878208603,3.58505703895586,3.58991818610705,3.59375120411424,3.59935801423424,3.6061499931903,3.61535486134359
"1098",1.43236232965088,1.51828185846931,1.60064578696837,1.6814290606445,1.7596078540372,1.8296733754847,1.89997671173284,1.96878103970329,2.03430504371175,2.09731430688457,2.15747522938131,2.21625855916193,2.27271788640906,2.32999186804933,2.3828469455326,2.43476916113214,2.48709875063393,2.53508977022577,2.5828645748917,2.62961835676529,2.67360543092826,2.71568469286905,2.75785902318655,2.7995550687994,2.83655541533743,2.87089518446458,2.90395815299753,2.93166504077572,2.96057583187002,2.98533785584531,3.01055549766879,3.03318933917316,3.05789047801067,3.0804789120704,3.10458104803158,3.12895564127723,3.15547773032245
"1099",2.65900655313397,2.67419091976406,2.69053314977546,2.70902191144206,2.72631250972894,2.74463507122375,2.7647566000284,2.78553284554463,2.80556268700268,2.82662976127317,2.84815679558652,2.86909424045355,2.88979924757169,2.91321839540602,2.93513650378105,2.95659487168947,2.97943652560998,3.00032752625033,3.02175281903523,3.04374447753515,3.06450501203418,3.08488815279774,3.10565820434297,3.12663709803009,3.14554711364186,3.16319931457338,3.18015303626471,3.19362632665747,3.20864202073183,3.2207790889774,3.23385902425593,3.24522712624283,3.25900453901191,3.27099844468918,3.28473602487526,3.29862995253428,3.31493239097566
"1100",0.256331314302398,0.267963781847243,0.274499407411417,0.279048659835188,0.284287755999666,0.287839020228301,0.289224785351871,0.28888859286533,0.28977361156661,0.290096581180591,0.289242711410366,0.289591568155864,0.289273608782162,0.287898622738286,0.285669184692694,0.285556744427731,0.283202056166737,0.283459856826907,0.281828920584487,0.280979807407664,0.280051287340182,0.281691504147633,0.282088737100572,0.283130475630761,0.285678401864372,0.288597410376706,0.291147204937647,0.296961087923063,0.299221346063203,0.308283780391324,0.316099587778559,0.323651602436891,0.330436852664482,0.338211272324403,0.345914435171577,0.35699802309267,0.365195354040752
"1101",1.86954242251233,1.89449499364349,1.91339182560969,1.92985190691549,1.95013732700982,1.96745318839708,1.98453309030897,2.00053630717199,2.01654658013491,2.03282519952579,2.04860279574318,2.06412345162352,2.07912308848325,2.09565645058088,2.11050449135347,2.12465613803096,2.13944221461411,2.15262853326655,2.16583204436721,2.17950676233604,2.19182332753751,2.20311587583134,2.21445791675699,2.22641244715119,2.23669930429416,2.24650839935144,2.25486511256145,2.26196862611736,2.27013251702495,2.27601210205616,2.28195920827519,2.28705004937854,2.29372778319658,2.29824188865304,2.30425986609443,2.3083459863716,2.31358768440959
"1102",2.48737597151496,2.48888650253561,2.48689191557735,2.48347451309917,2.48138288431012,2.47921785507722,2.47635662993979,2.47197980904608,2.46679621525806,2.46184889016603,2.45649477368638,2.44947935810808,2.44123105068378,2.43384163470938,2.42500864280111,2.41328265619438,2.40077344684887,2.38622015016258,2.36992071481509,2.35281498120198,2.333593789457,2.31125446774256,2.28617039427718,2.25906947899443,2.23107859179277,2.20169713632069,2.16754629370838,2.13385705660239,2.09807354459938,2.05835490031261,2.01441056276497,1.96834752071408,1.91797385696892,1.85880713679626,1.79294709730742,1.70832407212246,1.60827864162713
"1103",3.73341503108286,3.73895681120616,3.74728908997687,3.75757976173789,3.76617948431443,3.7751209167944,3.78564616277344,3.79608091411421,3.80629119487206,3.81895806262605,3.83169981933898,3.84247727283594,3.85335828650882,3.86599560352396,3.87557566142386,3.88644052095498,3.89656220280475,3.9056217387678,3.91341301673179,3.92245844261288,3.92779147431204,3.93631660650496,3.94231751323146,3.94756025059223,3.95152784903232,3.95523327178771,3.95696213108157,3.95593693076065,3.95311869847424,3.95203879262467,3.95130197777286,3.94773033030447,3.9465332877627,3.94310445125751,3.94040612070421,3.93826089948133,3.93665575091318
"1104",4.04049721157288,4.01150820543055,3.99106594920793,3.97731745501854,3.95066209297214,3.93261968153709,3.91575155121171,3.89990438678333,3.88309134474374,3.86817445046039,3.85463083244161,3.8399601957433,3.82477641208315,3.81218133932366,3.8004960026346,3.78955660391545,3.77861733325507,3.7701909945474,3.76155195543299,3.75471591796397,3.75084852197223,3.74966115893026,3.74967920549687,3.75043165874045,3.75482711864019,3.75830906328429,3.76447553691216,3.77012912060898,3.77761858823656,3.78628951427537,3.7969655372103,3.80719252878078,3.81963035453584,3.83289132567232,3.84786177937331,3.86720224154394,3.88847449115239
"1105",2.32958585786126,2.34788217012155,2.36520122189641,2.38346831568545,2.40186501582187,2.42036377167499,2.440099616349,2.46010887525045,2.47960666593031,2.49982212910808,2.52030536302441,2.54050920975761,2.56040320041353,2.58280997048597,2.60390098950988,2.62438775422608,2.64630075483819,2.66638757423075,2.68710587627237,2.70835892938649,2.72873770953305,2.74824206007543,2.76846434106944,2.78920113938082,2.80797250099303,2.82560590928725,2.84261227703726,2.85667170251936,2.8726961412682,2.88540362354276,2.89898365588316,2.91129437828043,2.92588967630394,2.93877487445529,2.95360857023074,2.96816317687964,2.98530654585677
"1106",3.31804204267602,3.28962959687326,3.26785267451976,3.25193378519101,3.22535602688339,3.20758652057654,3.19067626646995,3.17465687895867,3.15704993064302,3.14017718415549,3.12470633600436,3.10837418385175,3.09097374338658,3.07622820299027,3.06314701770983,3.04839217201995,3.03438490497108,3.02175559303884,3.00935931532271,2.99777199964396,2.99032544546487,2.9823018884974,2.97666236681067,2.97208089561098,2.97157978530057,2.97003389134137,2.97181799967662,2.97463285188781,2.98218143239897,2.98808505481542,2.99660566955664,3.00714055901986,3.02002030140338,3.03487181112887,3.05304688645427,3.0751193867535,3.10190167884062
"1107",1.88040864064104,1.89407774137037,1.90489106516206,1.91578116385663,1.92702749385027,1.93861802260171,1.95037252748506,1.96186337617173,1.97339564511119,1.98526995704842,1.99727636309647,2.00968538640918,2.02168311383468,2.03566811048174,2.04897510147343,2.06194167701356,2.07584576382889,2.08914229623626,2.10277683972275,2.11712169726541,2.13145619633325,2.14502468255872,2.15943359264363,2.17481793629104,2.18930802470635,2.20308355935241,2.21644460406985,2.22876058550767,2.24268285690784,2.25461407299802,2.2670228109665,2.27893467872906,2.292553970935,2.30501855386188,2.31945679813942,2.33378488417502,2.35011994735899
"1108",4.09514609796608,4.07654100997018,4.06324097578328,4.05354793643699,4.03620558013169,4.023190453065,4.01068044396758,3.99778889064809,3.98429898256096,3.97290320930525,3.9617420245854,3.94821628519518,3.93398606468983,3.92095614411004,3.90647598927515,3.89209071968258,3.87603093112589,3.86041736904101,3.84279938656641,3.82597164614844,3.80825973971363,3.79226284165873,3.77429989669617,3.75534518118359,3.73861722165984,3.72130421291061,3.70375371475221,3.6864531007481,3.67018971823099,3.65421270640012,3.63932911457605,3.62487346873015,3.61237286496098,3.59970618238391,3.58906026219646,3.57943787700124,3.57309273073425
"1109",5.38882200569283,5.39505295141195,5.40404314354956,5.41370848767571,5.41600788602313,5.41424354529161,5.41083027737258,5.40422949564803,5.40154655176623,5.40424404052036,5.40419927863744,5.40162404520307,5.39977687629358,5.39472994084593,5.38177119840087,5.38080075670243,5.37012614884331,5.36572610270549,5.353148985975,5.34469658919224,5.3265171155975,5.32606138850456,5.31423447356715,5.29960981651637,5.28670499113982,5.27565561013028,5.25994848006173,5.24512593981554,5.21419769141256,5.2059921309447,5.19481212153043,5.17601521158178,5.15766359747914,5.13789934665326,5.1146518379714,5.09922545669063,5.07491481149241
"1110",2.43353763740536,2.41306098612368,2.39570402925317,2.38257460243562,2.361311747135,2.34754901875873,2.33377464407101,2.32037529324593,2.30573441076027,2.29093841037304,2.27716130164788,2.26347430817302,2.24851343490165,2.23571405799177,2.22474017322705,2.21207135585554,2.19997082816373,2.18961298389925,2.17934789915228,2.16970819273385,2.16443544965109,2.15814783288979,2.15433056131281,2.15193812913546,2.15354468868089,2.15425163023288,2.15801167793751,2.16412601331906,2.17415207469301,2.18374178164863,2.19523830380238,2.20911017597233,2.22461984257932,2.24245604846534,2.26356767323927,2.28875618226301,2.31795369224311
"1111",2.82440005924121,2.80560292478639,2.79103757639575,2.78098768723299,2.76357966848608,2.75319860034044,2.74362615438528,2.73480895856127,2.72486451765693,2.71554468073068,2.70750827347389,2.69918665295915,2.6901152286707,2.68377467456588,2.67868364652942,2.67212262411434,2.66672132206444,2.66201207391219,2.65782047344776,2.65445075917155,2.65398297615914,2.6525930027257,2.65322332196616,2.65494945972394,2.65896388686861,2.662086790732,2.6671350456483,2.67248566132271,2.68163556975749,2.68864304694601,2.69750145207907,2.70759302351681,2.71982379597145,2.73285369651142,2.74884083041041,2.7670814590241,2.78937639349435
"1112",2.35972752657877,2.3583733657059,2.35473077700993,2.35085665247774,2.34654384831029,2.34363848834868,2.34021636331566,2.33575579804072,2.33056727409499,2.32554134700504,2.32044193104397,2.31432941509605,2.30710092683999,2.30109977546276,2.29438913332872,2.28537380952837,2.27606096520791,2.26568353726342,2.25422363250746,2.24252700728166,2.23030852851064,2.2158792550236,2.20039177810718,2.18429323356934,2.16861251027037,2.15216536547742,2.13369045554562,2.11646609475568,2.09962259098002,2.08090865119718,2.06114107871716,2.04172672363861,2.02193663152888,1.99952316281133,1.97709588001082,1.94982205446165,1.92117868060626
"1113",4.43689488661887,4.43437813346027,4.43524162893785,4.43767211551943,4.4364894315016,4.43501067472738,4.43397767640236,4.43171850218821,4.43026218207668,4.43220656154753,4.43344982636897,4.43198781073236,4.43065587358159,4.42950322099309,4.42403123349715,4.42200366099432,4.41649277457077,4.41165908765112,4.40337354934202,4.39690186198589,4.38505646128794,4.37953928914395,4.36878923480124,4.35644712117093,4.34421013060968,4.33247912455482,4.31783752459102,4.30204499979111,4.28184186708841,4.26721885561698,4.25215935330861,4.23396925583201,4.2176921034158,4.19902692026867,4.18033903928706,4.16185059797405,4.14253764165905
"1114",1.31237681945665,1.35616261098144,1.39675706172637,1.43745730878835,1.47920043663739,1.51805735220234,1.55768055756686,1.59727432301026,1.63686731340147,1.67611442716076,1.71451197989435,1.75370501496493,1.79217828655081,1.83224628664491,1.87002870874208,1.90831353907281,1.94741004249159,1.9845945515347,2.02202392993909,2.05953025986821,2.0956731402371,2.13076223101792,2.16651133024292,2.20279778259319,2.23574240831786,2.2668599522163,2.29710289225223,2.32388362811961,2.35187845123317,2.3767906071092,2.40195246402124,2.42532495585175,2.45046703038908,2.47397899608747,2.49925597126005,2.52478426521261,2.5523090053296
"1115",0.901548457324472,0.992871711201868,1.061739944403,1.1163256985246,1.18799328131764,1.24058992673154,1.29021021838162,1.33497590481723,1.38000656393399,1.42392878698792,1.46401211788078,1.50262032860875,1.54001483791196,1.57651018346356,1.60757734859538,1.63852769433859,1.66853606077196,1.69488826763331,1.72007242869959,1.74517978772705,1.7651239838074,1.7843461848865,1.8015822063136,1.81891510046982,1.83187598344562,1.84479156280621,1.85364795778064,1.86062867605149,1.86594535207191,1.86993436103626,1.87236680926158,1.87222261229701,1.87287204850485,1.8689471002256,1.86480768511101,1.85509479620196,1.8426907017008
"1116",3.49398622566913,3.52626878906717,3.55041196036196,3.56873516906769,3.59469949752303,3.6124176722983,3.62995351326271,3.6449143226207,3.65941192827188,3.67576566184621,3.69063466834034,3.7020375029389,3.71309169599765,3.72468077659398,3.73142073252915,3.73795182289319,3.74308093927608,3.7450078102366,3.74495380263173,3.74542300888686,3.73967124301253,3.73529450044001,3.7266784687052,3.71637154509167,3.70307284247506,3.68987883885879,3.67155959627539,3.65019783800722,3.62625016865692,3.60007861456239,3.57170327835654,3.53901064193234,3.50628093486184,3.46474437285782,3.4191424647093,3.35749587343887,3.28470553288119
"1117",2.26361096225068,2.33086119844169,2.38090479540604,2.42037572990036,2.47171944086834,2.50960493394421,2.54633162652591,2.57976341045892,2.61205234333352,2.64430815031846,2.67436859452047,2.70178337051321,2.72828251930245,2.75558060682305,2.77852086814389,2.79994717634123,2.82163836241676,2.83907646555395,2.85609992676122,2.87315215365837,2.88578360035713,2.89730755172545,2.90735486208941,2.91706394820225,2.92313193985783,2.92889150104976,2.93134634218469,2.93059577330031,2.9302057910029,2.92603051718702,2.92150160354498,2.91464151033488,2.90960195545265,2.89983291398661,2.8904221880638,2.87483116538106,2.85865998357316
"1118",3.3411456163067,3.33210757830447,3.32847450245559,3.32950634878306,3.32495290975822,3.32547881597007,3.32798999499271,3.33164405313628,3.33468872776485,3.33960413066694,3.34575514318934,3.35115194300273,3.35658343295315,3.36499616571264,3.37285806798654,3.38076854406081,3.38970696683552,3.39819241512554,3.40696292413138,3.41688946258811,3.42648663369588,3.43700290650542,3.44774216005269,3.4587123811919,3.46935313448663,3.47909994031487,3.48879206280138,3.49596749993784,3.50442715350322,3.51158215211608,3.51995162882246,3.52692391501968,3.5363573196374,3.54463129540161,3.55463068956655,3.56585303097893,3.5794167118374
"1119",0.363608973675178,0.603079671255946,0.792167069564647,0.942814943689909,1.11167204829964,1.2332009496682,1.34510816365023,1.44488446130137,1.53866745949012,1.62604019283954,1.70434616563082,1.77741658095671,1.84639345511737,1.91249832804805,1.96971162826746,2.0253017417337,2.07949082210615,2.12701644136854,2.17321201899217,2.21809848571173,2.25683312812352,2.2937075510152,2.32907343892029,2.36405018628208,2.39301247338348,2.42067529105398,2.44503653118776,2.4648474060553,2.48478708417386,2.50095618596079,2.51677221003837,2.52981221416448,2.54483941476864,2.55621933113886,2.56872728897938,2.57829265651304,2.58866071765341
"1120",2.22198741925169,2.21237081935177,2.20616319222932,2.20476151515371,2.19656892954018,2.19518021894414,2.19488157371094,2.19591628205535,2.19654839569338,2.19773357466345,2.20042288083262,2.20428638906159,2.20788653761597,2.21466351835705,2.22292344588905,2.23105347404505,2.24103360686574,2.25212256116061,2.26441102322993,2.27787356045971,2.29422949426488,2.31006281776419,2.32845311289385,2.34836895971784,2.36897725710035,2.38825233561383,2.40914396244362,2.4288827019873,2.45162353675781,2.47195945030855,2.49358266143711,2.5151522115748,2.53860675004679,2.56217930207163,2.58821465722209,2.61633914446018,2.64759733914902
"1121",0.170853302880126,0.311984685783508,0.435155779940615,0.538210558017628,0.669499729684305,0.76566105791307,0.8561347334233,0.937579500848197,1.01749029719317,1.09369149923341,1.1621377285359,1.22704943925597,1.28922212571644,1.34819186169889,1.39832526162097,1.44835631146147,1.49622959800998,1.53849097506623,1.5788246112379,1.6183758897978,1.65064940283642,1.6821739221122,1.71100338341662,1.73964841124259,1.76215752425682,1.78435714696968,1.80184176701329,1.81632094473911,1.82860512172062,1.83948646974088,1.84865393269333,1.8545391492,1.86142543793188,1.86349579120101,1.8654087544029,1.86208535832692,1.85618321026349
"1122",2.2733809854576,2.27998349532494,2.28755635514846,2.29774502683212,2.3055298804477,2.31619699674443,2.32814524915874,2.34087437453199,2.35326813213878,2.36641795600407,2.38038546246635,2.39471559767016,2.40883802063609,2.42578011700732,2.44245897526166,2.45872487621441,2.47662915925382,2.49371997663894,2.51168019152657,2.53040234814508,2.54952643300929,2.56781429037573,2.58746279957442,2.60798767621956,2.62738757180105,2.64559527739841,2.6638924796749,2.67986237520409,2.69819807064457,2.71342298702335,2.72965566585348,2.74507321964711,2.76264558471409,2.77911873874436,2.79775349768033,2.81685978132425,2.8388013787197
"1123",2.5351788819929,2.54946540201191,2.55880900685559,2.56567032602692,2.57634235335394,2.58458080951008,2.59266990115255,2.59939319503791,2.60556506005735,2.61242826198559,2.61887926581745,2.62374749920199,2.62794855615624,2.63358452339751,2.63723419115138,2.63894906695277,2.64088132748318,2.6403532469302,2.63922127337501,2.63815347160524,2.63468594302471,2.62944124371912,2.62285316984816,2.61574127768514,2.60700515607979,2.5978645518359,2.58564846999973,2.57233437640056,2.55935956322529,2.54271268950865,2.52496733449626,2.50587699925928,2.48711781101101,2.46335395033279,2.43882686789749,2.40574893120967,2.36972767015965
"1124",1.07878363331785,1.05905345688352,1.05501978992881,1.06828310686396,1.0585397555856,1.06829488423175,1.08280309613509,1.10452010515736,1.12756373246692,1.15159470132018,1.17993554589148,1.21517392674829,1.25125396737672,1.29260310864329,1.33793077198425,1.38740527252103,1.4393345050894,1.4946091844918,1.55114996268242,1.60801675838475,1.66877212252724,1.72859340498327,1.7909836176436,1.8535876169379,1.91322831074005,1.96798489267165,2.02392639453805,2.07491818498297,2.12687582448828,2.17538629131512,2.22358373670919,2.26923397593526,2.31539199941835,2.36104950955493,2.40796948529563,2.45769868244097,2.5090140942975
"1125",2.75737296446515,2.76288687478072,2.76526101608241,2.76617883214353,2.76922646326522,2.77139172987716,2.77345561702095,2.77426407497507,2.77433762443975,2.77519251514252,2.77579292158638,2.77453777015821,2.77247515418838,2.77176691402628,2.76927293395601,2.76444918969284,2.75949738455132,2.75216292986551,2.74380719113643,2.73524841015617,2.72429835382372,2.71115772852726,2.69606450144361,2.67979226218344,2.66220008461751,2.64387104041615,2.62180797883145,2.59894276417104,2.57579600301905,2.5483410657284,2.51874494753373,2.48743936689555,2.45493996656471,2.4156692202217,2.37343253282172,2.31796296412529,2.25497820415516
"1126",0.750006036602976,0.787907998315403,0.814496984641125,0.834918292515852,0.863451999389659,0.8844683778884,0.903178344543604,0.919027367439718,0.936416332579545,0.953504036728491,0.968565821745059,0.98412534500918,0.99903379186213,1.01317913821064,1.02433727046685,1.03676255497093,1.04735981455744,1.05779539351276,1.06633186405475,1.0753957234131,1.08127261867902,1.08815796537964,1.09268775747666,1.09750948116727,1.10070908788337,1.10431362432966,1.10458886887121,1.10632516682915,1.10419745066322,1.10570577088384,1.10493371668138,1.10244720273724,1.09945948368894,1.09380969546311,1.08748055837976,1.07869494091526,1.06579812625266
"1127",5.06115850225623,5.05960784335835,5.06053584077147,5.0618206599517,5.05701799480501,5.04963538042367,5.04081449363558,5.02899639008786,5.0192262619818,5.01346075657544,5.00541726633402,4.99388761644143,4.98206518983424,4.96788920764669,4.94747602742185,4.93341412901278,4.91186478774783,4.89328046647454,4.86805064561481,4.84484099884477,4.81455167813549,4.79403486966439,4.76487748424444,4.73267529193929,4.70247307187469,4.6727988768544,4.63946465102414,4.60707513666561,4.56747153732734,4.537587558097,4.50614670531519,4.47180857229737,4.43810487434293,4.40264323098376,4.366280280147,4.33050223369448,4.29290656020509
"1128",0.501403105245266,0.546947713275391,0.584521562151466,0.618166656446395,0.659065403320528,0.692879661647862,0.72569604198527,0.756809115570964,0.789784155346318,0.822648970306974,0.853666179123989,0.886004467544818,0.918029344332533,0.949820455166224,0.978420592891705,1.00942506328466,1.03932771666709,1.06888922813191,1.09731789481269,1.12640991111338,1.15260126377947,1.18001151103692,1.20620036236919,1.23318402180191,1.25732551002222,1.28110101759738,1.30255572493309,1.32340901228504,1.34177156693207,1.36224380369523,1.38131386224156,1.39828563008578,1.41576867661615,1.4314104306086,1.44760881741854,1.46371667019883,1.47824162656902
"1129",2.26600184496985,2.26047855639641,2.25498276856129,2.25134526535193,2.24445008746713,2.24132857023411,2.23824273205748,2.23505458383503,2.23126947418944,2.22773436942143,2.22477561751156,2.22178435779481,2.21800607353359,2.21625202165384,2.21487535247045,2.2121983345908,2.21017798071221,2.20835259911381,2.20656942818494,2.20537647389413,2.20567511373508,2.20486701649404,2.2051310960902,2.20628841252785,2.20868697414531,2.2104771568673,2.21279628421242,2.2158619246082,2.22128403226712,2.22533383805036,2.23026049907332,2.23607466399663,2.24342955391065,2.25078901314088,2.26053961958039,2.27113712111185,2.28443319380586
"1130",1.18685542706029,1.30388468969045,1.40798386119664,1.50367211311085,1.60080503469414,1.68230623994785,1.76213828971539,1.83831625609768,1.91063099525553,1.9795573808081,2.04426538842756,2.10675635275518,2.16649234988443,2.22620837900055,2.28048893772023,2.33364676259178,2.3868135324576,2.43508968663374,2.48291576159799,2.5296341473755,2.57288363505063,2.61418461604086,2.65529751009305,2.69598261761422,2.73169643737545,2.76502668215994,2.79672357295779,2.82323310844114,2.85085871615981,2.87432294095749,2.89814209256289,2.91941853849044,2.94279992973763,2.96385624449268,2.98646340357292,3.00883121141111,3.03330529747063
"1131",2.19665668022804,2.1694121526177,2.15094719080181,2.14219102171019,2.11845507471124,2.10809838604571,2.09969539241322,2.09459818838183,2.08893588497383,2.08379046082461,2.08170270136677,2.0826539203688,2.08366249006377,2.08936520785571,2.09938719838179,2.1105891455294,2.12491184796076,2.14299945057636,2.16348646100368,2.18577072028572,2.21446904783908,2.24304196939683,2.27610777400699,2.3111343842391,2.34751487504905,2.38113946681047,2.41801766011009,2.4526321142091,2.49061256969866,2.52549036563709,2.56159446016076,2.59702454563588,2.633791041949,2.67108598502869,2.71045135948678,2.75313913894542,2.79862617649028
"1132",3.21835719186079,3.2070737058683,3.19858650599634,3.19274861805197,3.18290941198821,3.17698305107272,3.17188414719196,3.16682739527618,3.16084429601877,3.15611510830453,3.15207438033678,3.1465965403948,3.14052472989282,3.13663100784098,3.13221161657048,3.12628329419091,3.12073020936562,3.1143356880819,3.1075835958061,3.10134644050174,3.09499610503505,3.08786577469252,3.08055525234127,3.07314379700422,3.066434606012,3.05910495738727,3.05132123470158,3.04301847012814,3.03701032715904,3.0284009504518,3.02072199079414,3.01334176098654,3.00785413370087,3.00108729067526,2.99629610606713,2.99021842486462,2.9869892355143
"1133",1.56957534002147,1.61149489780425,1.64240678051826,1.66739309932431,1.70045503977553,1.72607363537534,1.75058901096442,1.77288235136059,1.7954288078192,1.81792599768685,1.83898338490252,1.85945649502864,1.87925149280377,1.89979082233486,1.9175279716367,1.93467451723196,1.95187268241294,1.96685407014694,1.98136676132727,1.99616649802191,2.00825346854616,2.01935362972098,2.02962205474586,2.04025445183453,2.04839488414554,2.05631622883253,2.06164568768124,2.06580932703101,2.06985408149608,2.07207890286294,2.0735974763727,2.07369471252795,2.07489778533236,2.07285695957372,2.07149196934596,2.06631234204658,2.06047107011358
"1134",0.325221918575149,0.358730750141969,0.381746013252191,0.398143735301065,0.423804697354781,0.441160614492954,0.455721796139061,0.466865226346417,0.479877333590092,0.492530600370254,0.50263536866844,0.512962766672302,0.522582379412938,0.530189294276651,0.534143743035784,0.539705747073359,0.542016890733468,0.544391320794556,0.543615552817659,0.543004211744059,0.537764573910153,0.534214291754796,0.526346316895044,0.517772637628284,0.507599941865752,0.498185140367134,0.48395736592211,0.472273487271948,0.453994119215692,0.441513048780992,0.425312101524165,0.406891683513096,0.386524633965906,0.362789498626672,0.336715548670609,0.306593458273546,0.270720126738387
"1135",2.19940721048518,2.22961318762332,2.25282305703726,2.27253139995175,2.29760041853284,2.31805637502636,2.33848199923825,2.35757853112266,2.37626907804318,2.39541785739118,2.413884508701,2.43124856425932,2.44807125921213,2.4664939205884,2.48259009738798,2.49749906376341,2.51314467205644,2.52621225459614,2.53929616258808,2.55270795315199,2.5638741491606,2.57381295035768,2.58339547266293,2.59321493310383,2.60078990507368,2.60790669662981,2.61303549448125,2.61608908068255,2.62033910513549,2.6213168265847,2.62240414613392,2.62224626187523,2.62390695748218,2.62254373056048,2.62244115299932,2.61893935688838,2.61647030407397
"1136",2.33614210578509,2.34943607502131,2.35857070817563,2.36611480048834,2.37628249755037,2.38506870806692,2.39382274854465,2.40158774579023,2.40893637793919,2.41684601491985,2.4245604915701,2.43131352152562,2.43747066575521,2.44529573458078,2.45164422794887,2.45647049851104,2.46183522045644,2.46534900545707,2.46865378426468,2.47226603058849,2.47443576600526,2.47514938380093,2.47543848902628,2.47585081040091,2.47509559459609,2.47395260137262,2.47093881671494,2.46703098935203,2.46427178407152,2.45861403841781,2.4528212781871,2.44638481637715,2.44122861688651,2.43316574496539,2.42609014936869,2.41502680037919,2.40439427244851
"1137",0.478601188770065,0.823454927903804,1.08252141914923,1.28380079752971,1.48269347747074,1.62655219983057,1.75715325362244,1.87308449519646,1.97834417737763,2.07464376445001,2.16092490511075,2.24065855947617,2.31507409294065,2.38679936885926,2.44958303525519,2.5098564969725,2.56890528775313,2.62080260296752,2.67142065906724,2.72026316662064,2.76357220453939,2.80476326331142,2.844775146975,2.88388928240961,2.91711470481407,2.94818404401381,2.97672815472066,2.99964827824843,3.02315572063552,3.04255967647518,3.06217844269305,3.07884337917414,3.09778457641254,3.11375896077455,3.1310699150506,3.1473015266247,3.16530499976426
"1138",2.39431180360046,2.40497415795707,2.41552816723731,2.42764412619832,2.43889916287781,2.45156719946805,2.46542383425227,2.47968293111588,2.49349177256676,2.50812230445974,2.52329044540456,2.53829749659637,2.55304820238185,2.5704213321042,2.58696687498713,2.60285532149203,2.62020677710785,2.636183127382,2.65283891726447,2.67015923199737,2.68713182062753,2.70325722246277,2.72028490846293,2.73796870822551,2.75425424699061,2.76952605312069,2.7844314766166,2.79688960214249,2.81152100898839,2.82297630954946,2.83538164457587,2.84684670442729,2.86056027452812,2.87279813190255,2.88709476144245,2.90123313362514,2.91808868706795
"1139",2.24689793150936,2.28795719580765,2.32936745030853,2.37247289195181,2.41392922722503,2.45367424091248,2.49525259032987,2.53720429960143,2.57749746266623,2.61767439648228,2.65727906613348,2.69609526235797,2.73398024526835,2.77408368074781,2.81147332048433,2.84829096467418,2.88624643863882,2.92110282298023,2.95624179553065,2.99124415406652,3.02418801107899,3.05623003796249,3.08844295699975,3.12040810153771,3.14891713681711,3.17539545351355,3.20085256195639,3.22159487451825,3.24343718197642,3.26203199538546,3.28133249299393,3.29820864856819,3.31734862655432,3.33448631429205,3.35309437081579,3.37217289135911,3.39331447609005
"1140",2.95761575280743,2.94611658236612,2.93810605207703,2.93374809263771,2.92434200297847,2.92009103377129,2.91699167771105,2.91454508320435,2.91124313759753,2.90904618845002,2.9079586070756,2.9062621086619,2.90415694728111,2.90480479184129,2.90569659881286,2.90545209560982,2.90638632697322,2.9070238292968,2.90810968153304,2.91004237081851,2.91303782658457,2.91540554567119,2.91887281612874,2.92301134482414,2.92787699264072,2.9319783796758,2.93667635717851,2.94039782868622,2.94702857357755,2.95109128048906,2.95660699899483,2.96230699951387,2.97030274829984,2.97779446657141,2.98774715789623,2.99839977074539,3.01250775674056
"1141",2.59235359738802,2.5996166800739,2.60612375779434,2.61338396764352,2.62054203567158,2.62863393334216,2.63757749866024,2.64646160885382,2.6547939959781,2.66405158117438,2.67370639560185,2.68263796929821,2.69122327218049,2.7021642663925,2.71210462706862,2.7209588046329,2.73092974394183,2.73938350630856,2.74818132224397,2.75759762860352,2.76631282505115,2.77411282385931,2.78230459415866,2.79094977318218,2.79859891275449,2.805602203893,2.81184396590905,2.81629370197661,2.82279785778766,2.82624808318462,2.83051198079921,2.83413095514465,2.83990539450167,2.84388782251687,2.84980286587376,2.85449519099333,2.86165785189682
"1142",2.80378052089133,2.79056554654396,2.77884121825006,2.76929660493091,2.75560324320768,2.74626004784091,2.73701818875404,2.72746218068169,2.71673627756018,2.70643547475113,2.69662982091905,2.68562190623287,2.67346732201724,2.66305118741072,2.65266988377446,2.63980146815674,2.62694696456709,2.61349690344304,2.59927495810543,2.58493899292382,2.57142637694254,2.55578592617436,2.53998762137444,2.52382546734905,2.50931521240213,2.49384137786906,2.47799040172037,2.46345123555382,2.45121286949198,2.43666859671408,2.42252284189977,2.40989489363487,2.39805545990494,2.38563128911799,2.37502373348457,2.36310561054287,2.35355801510879
"1143",3.05298079256961,3.05207322981035,3.04934015196497,3.04569705620986,3.04301560343619,3.04024069603639,3.03732869641536,3.03306335612596,3.02787402376405,3.02360149999391,3.01903139120733,3.01206246240926,3.00408211485758,2.99715900403995,2.98826120406908,2.97657958376321,2.96410302609928,2.94899654945189,2.93208081667215,2.91443363366982,2.89370702374594,2.87008124771418,2.8430490645465,2.81339322285856,2.78203025700927,2.74899066409612,2.71010740602867,2.66992654306146,2.62723033559556,2.57783140426186,2.52267078600774,2.46294074543264,2.39641864526808,2.31495510617756,2.21974462392644,2.08820390888996,1.91854322876679
"1144",2.74500788883041,2.7390974255654,2.73321144604907,2.72840151532336,2.72171077998222,2.71760963818179,2.71367952119773,2.70925499713574,2.70392689188679,2.69922970046049,2.69486444634414,2.68926569354403,2.68278750761888,2.67808689284204,2.67283827306132,2.66541187233247,2.65820045730568,2.64983025722442,2.64087156512777,2.6319742936234,2.62283545919815,2.61181454391852,2.6003323005712,2.58853068692317,2.57718580747623,2.56512480399856,2.5518039809175,2.53879302441568,2.52747642348885,2.51332222225189,2.49914769376653,2.4854329184636,2.47252170718936,2.45754426771414,2.44366289986246,2.42628247744483,2.40989523705723
"1145",2.05408021906812,2.07505781998803,2.09232560120815,2.10877277639768,2.12723879865595,2.14434533556171,2.16186527471232,2.17895817448769,2.19585037050479,2.21320240709737,2.23046114734841,2.2475404786959,2.26420938852172,2.28290908613307,2.30023665708554,2.31689904201294,2.33463943716229,2.35077394182291,2.36729521249725,2.38435462904427,2.40049241270058,2.41561281998197,2.4312703549892,2.44760851934619,2.46225115541553,2.47612400653846,2.48908755128404,2.50008996379533,2.51281333792351,2.52263338338961,2.53299363671587,2.54245340566129,2.55388960471279,2.56352226834545,2.57503017812524,2.58553657845079,2.59815799180685
"1146",0.299728302277848,0.332503143561096,0.361428948082461,0.389341536363372,0.421537690769448,0.450027876989558,0.478332785804668,0.506087221892247,0.536131844447633,0.566471386441179,0.595696246065525,0.627161979481345,0.658752680677469,0.690392151290429,0.719604045669175,0.752265515954619,0.783848664372789,0.816223116673147,0.8475380149917,0.879778289279825,0.909773726202118,0.941808854598851,0.972796797176063,1.00472838752626,1.03409669221589,1.06290263487022,1.08983432641554,1.1163317815097,1.13973258880007,1.1664646630792,1.19164275703233,1.21455609923461,1.23770856644046,1.25961632995036,1.28198932785005,1.30561601680489,1.3273550933761
"1147",2.80077371310009,2.81977145084694,2.83265950485124,2.84185886482146,2.85655193848488,2.86701421390579,2.87732227496999,2.88587075223953,2.89378456096586,2.90266752933106,2.91084949383283,2.91675584038721,2.92203650834057,2.92855499913885,2.9322985749029,2.93405314174584,2.93573610530653,2.93428057685578,2.93189643488075,2.92948536856279,2.92342182490863,2.91570177584869,2.90569198927455,2.89456300598145,2.88102658187824,2.86707058074679,2.84879680305182,2.82859720100862,2.80779811649713,2.7823466326824,2.75473748597523,2.72442284531437,2.69337972774352,2.65434411380395,2.61188468519509,2.55417939020758,2.48738838935021
"1148",0.156871783826046,0.188395810927156,0.215634580006343,0.240412757426857,0.27294115101881,0.299813620271593,0.326195684906884,0.351291289246094,0.378882938528364,0.406920964019585,0.433351910220437,0.461363799441234,0.489558426878084,0.51702223752625,0.541215577340556,0.568683757585562,0.594375520926622,0.62041895681855,0.644793016561463,0.670028059294088,0.691588341408382,0.715617506225555,0.737388736826995,0.759797843717392,0.779509841885871,0.799448447819229,0.816334071637076,0.833678182938689,0.846286394431569,0.863877105016946,0.879188119491759,0.891932008106341,0.9044046505797,0.914876873504724,0.924899274562343,0.93482553820524,0.940866370263781
"1149",2.81117486576817,2.85294887416256,2.89040629912295,2.92566736727124,2.96375905146287,2.99659157640134,3.03047934556919,3.06347649308328,3.09503508240658,3.12725988463526,3.15857642243197,3.18788118443413,3.21655224019367,3.24699635933594,3.27390202228351,3.30039617016013,3.32734065377663,3.35114618692066,3.37465362770931,3.39848645729231,3.41887011221923,3.43970461732756,3.45943029841873,3.47868686427088,3.49497123962312,3.51022700179136,3.52364068610009,3.53302417822001,3.54243818321052,3.5501788578414,3.55847733197582,3.56416053413959,3.57231272155521,3.57794593762121,3.58476583913144,3.59124559495041,3.59920720354032
"1150",3.28927808180919,3.24751825445635,3.21330353397033,3.18590899352719,3.14270775497789,3.11107730678205,3.07895357872954,3.04706082096444,3.01187880546897,2.97543983819141,2.93962279417265,2.90187303801926,2.86056044803746,2.82005852823293,2.78237790588131,2.73975528985841,2.69522232114618,2.65334631261288,2.60918168392348,2.56300745796613,2.52670767598517,2.48692302791008,2.45123341668729,2.41597893330797,2.39400520402981,2.36918958017852,2.35579783114349,2.35186782283349,2.35880496388891,2.36804542352001,2.38353185521834,2.40845448606147,2.43509270576332,2.47226164904981,2.51517826169,2.57063155506363,2.63285053926094
"1151",2.77934591191832,2.78199492321063,2.78743994359019,2.79621301923352,2.80192357276036,2.81095788225145,2.82179939302807,2.83361208974268,2.8448063708681,2.85725511248266,2.87066581793799,2.88374146971647,2.89671349431178,2.91266725109317,2.92797602737866,2.94281326020832,2.95918730548496,2.97436878042924,2.99025188235631,3.00694118009489,3.02334379407615,3.03941893006074,3.05629353872014,3.07363491609371,3.08977508811143,3.10478796318199,3.11961639720759,3.13159207367431,3.14556595488917,3.15671754744718,3.16900287919813,3.18006022814358,3.19352040112993,3.20559266045944,3.21961717312802,3.23408896570266,3.25127859347277
"1152",2.45995678374118,2.46115435693281,2.46895803464625,2.48361912563958,2.49117590605321,2.50544477103457,2.52258241308204,2.54219130003826,2.56123508270821,2.58133692618316,2.60304437159324,2.62569504076205,2.64832818284142,2.67462856420209,2.70101588678164,2.72748335443346,2.75608911546034,2.78382195554095,2.81270705072756,2.8421811280918,2.87221519364659,2.90151066102309,2.93232369652254,2.96355204183095,2.9928186894886,3.01992206011388,3.04728184057342,3.07062832041057,3.09597609333387,3.11790309918803,3.14084165067003,3.16198587388625,3.18525128833181,3.20728615067499,3.23106441724563,3.2561675902466,3.28376187640286
"1153",0.400301622862718,0.498409649221815,0.596212481262003,0.693375330420154,0.792812099040845,0.88036742370783,0.967597416036865,1.05233794616853,1.13472458564863,1.21359015668643,1.28774223965508,1.3609863675106,1.43132129876198,1.50062662289699,1.56388579525015,1.6274094331927,1.6899206138251,1.74813112923936,1.80521115883613,1.8609435427758,1.91292477507402,1.96317665597318,2.01295105841403,2.06240312087229,2.10627885807787,2.14746785802134,2.18682891926239,2.22135667228478,2.25620836914082,2.2876816138359,2.31887096411369,2.34739949844131,2.37747407282689,2.4054410986661,2.43485299308852,2.46435128157364,2.49536910005838
"1154",1.33564762096535,1.37273289537699,1.40162626569076,1.42689699776593,1.45747192209029,1.48297782905638,1.50776264893224,1.53109739360458,1.55504316052833,1.57893419337172,1.6017492989735,1.6249434820351,1.64760960099289,1.67123793830149,1.69266666081482,1.71441706818351,1.73633940526075,1.75702663277414,1.77746759438435,1.7984324489433,1.81766165340333,1.8364601719342,1.8551209711285,1.87457395613728,1.89185311216621,1.90860428600881,1.92375527016482,1.9377163667966,1.95181162453764,1.96479867081777,1.97746665580016,1.98889489405148,2.00164642685694,2.01244955439666,2.02460593099582,2.03567996780496,2.0473003876946
"1155",2.35691154448239,2.35426372807516,2.35938833162698,2.37254460299771,2.37694209333754,2.38962234504318,2.40537724454019,2.42409134838109,2.44235266319414,2.46165047617039,2.48289233439748,2.5056213490689,2.52840640310914,2.55512427737911,2.58247661549602,2.61012125503082,2.64011821885019,2.6696649774513,2.70054672800482,2.73203829776117,2.76469641759491,2.79647538439561,2.83012996155618,2.86429132848446,2.89654526814358,2.92637220245823,2.95673109115547,2.98299795814524,3.0114314601885,3.03622129467803,3.06200359162292,3.08601719772927,3.11203122364193,3.13695962055948,3.16364631116338,3.19186924249132,3.22262143538012
"1156",1.9155843332289,1.93101002226205,1.93738109714733,1.9386985464133,1.94582109543602,1.94880520870722,1.94975197037277,1.9477874582519,1.9455308803289,1.94295104357889,1.9388888012534,1.93311657932595,1.92579702637867,1.91801995777199,1.9076027164446,1.89426091594075,1.87872887172795,1.86064478560815,1.83933919717859,1.81645215037693,1.78901225237785,1.75785247417272,1.72097909161374,1.68011752090362,1.63632994476556,1.59022791465009,1.53442507611542,1.47870034753613,1.41375187048951,1.34405481253948,1.26242870385225,1.17191738689753,1.06626605771523,0.936454590637222,0.779556127757708,0.566382145543636,0.298497578104382
"1157",1.13056163536673,1.19837928395549,1.25649964381143,1.3096928337232,1.36915889026597,1.41927002288383,1.46888706704871,1.51668544186833,1.56418061018597,1.61072522872894,1.65505420854504,1.69918052861366,1.74217792980791,1.78581250482014,1.82573136226676,1.86583373532913,1.90617422068535,1.94363475817019,1.98090939614382,2.01805762371457,2.05251646822688,2.08588729401266,2.11922720301304,2.15296261234316,2.18280046853064,2.21120241638655,2.23795512375637,2.26135707112598,2.28549197942469,2.30674050711229,2.3279825707744,2.34727772256288,2.3683464037686,2.38724787392999,2.40773670083467,2.42752132957345,2.44883337444896
"1158",2.44032686537293,2.44431302027512,2.44644938850377,2.44865087353622,2.45097680273729,2.45423817903038,2.45767451613491,2.46056720713649,2.4629146445931,2.46585505628649,2.46899146536942,2.47136091113305,2.47310583071221,2.47675080476085,2.47958766590591,2.48086171861358,2.4827671181749,2.48341162513111,2.48394425173765,2.48486064942792,2.48527388060077,2.48427042459317,2.48328770537446,2.48258431263388,2.4815318459819,2.47999549616136,2.47735180682983,2.47426403907596,2.47287317703532,2.468843235863,2.46509347815757,2.46127173620876,2.45890008263493,2.45458061055619,2.4518029929158,2.44661549086253,2.44293570229232
"1159",1.51979869546229,1.54205593769588,1.55599302203825,1.56600315678433,1.58078152517908,1.59183969584915,1.60137726730981,1.60885083842901,1.6167366173605,1.62447512660076,1.63115017969015,1.63764900930645,1.64329406732049,1.64933707592852,1.65353339126117,1.65709251697432,1.659897065015,1.66189080715321,1.66266613750881,1.66367797942463,1.66283631169598,1.66124356881128,1.65823990742513,1.65533833809517,1.65157040795585,1.64775615586811,1.64128480377198,1.63592430007635,1.62910965702537,1.62282201315561,1.61503689408159,1.60647701311542,1.59780726436617,1.58635676938067,1.57479430263357,1.55950967627853,1.54173692270245
"1160",0.0501897174213578,0.0575096348462746,0.0621817299887628,0.0652424718841083,0.0701579310635013,0.0731356863831217,0.074858711643598,0.0753252819141515,0.0765085176439899,0.0774043939837307,0.0773490885323432,0.0775839014780809,0.0774170460314566,0.0762426712432676,0.0740572717517678,0.0728125651511598,0.0700173085824606,0.068080204538375,0.0648402035111145,0.0617960247788442,0.0579311808657366,0.0551713482643324,0.0512653830123435,0.0473853756540271,0.0439533250253133,0.0408696630177872,0.0372307719333975,0.0348729006173418,0.0311538517489068,0.0295643327137065,0.0274314286919068,0.0252531015668399,0.0228450916439964,0.0205537071163717,0.0182107669243142,0.0161979065916711,0.0137288095450484
"1161",0.50647770367776,0.537536885697217,0.558865419243568,0.574932348683642,0.597722100154207,0.614179261242654,0.628184500581541,0.639430542426479,0.652429847067139,0.665094082550111,0.675767590671927,0.687237924492796,0.698087150088531,0.707743846261871,0.714658659320881,0.723436120228669,0.729784864950893,0.736893072753273,0.741665489291688,0.747043268217576,0.74945758083788,0.753719176362525,0.755249021237945,0.756999562584903,0.757840475023591,0.759250844931093,0.757530128835149,0.758211324106939,0.753989535486488,0.755417726176841,0.75431268929886,0.751620864821362,0.747981654400621,0.742437647602847,0.735955976374917,0.728372795809394,0.716169234008214
"1162",1.23237610578615,1.2619591724779,1.28228046372782,1.29815887991815,1.31967865408672,1.3362897495098,1.3512842751566,1.36415541074515,1.37787777041091,1.39142509428183,1.40368679341618,1.41624082301336,1.42810682619808,1.44021917547462,1.45022354494801,1.46048497127297,1.46995626863421,1.47892441089481,1.48679083934339,1.49515762287589,1.50155825988048,1.50792639014427,1.51311662219345,1.51881871981783,1.5233038760666,1.52782925584233,1.5300114723858,1.53298684392598,1.53436675534769,1.5369660770067,1.53829996172376,1.53862243302998,1.53924287856701,1.53765271829639,1.53643861184432,1.53314795740243,1.5280815604743
"1163",2.69231976104486,2.6825502280538,2.6721458433172,2.66229178799824,2.65030027888621,2.64098899550844,2.63113909462225,2.62018953696216,2.60801426476696,2.59594798468785,2.58378882572671,2.56988508406902,2.55442655646327,2.53987066201469,2.52457071338026,2.50589509579925,2.48616873265132,2.46493258296864,2.44163167001648,2.41714662983726,2.39173568490779,2.36267786991007,2.33100480432157,2.29685223891596,2.26317437996685,2.2273839238711,2.18770451147509,2.14950132537393,2.1099552159309,2.06666336433715,2.01952290572076,1.97182610020939,1.91951341470258,1.86077576400398,1.79667018446385,1.71816169019854,1.62872693829275
"1164",0.674906735385904,0.709062628013355,0.733166344820192,0.752049175758851,0.777744075611602,0.797046550837208,0.814171238048261,0.828735576692888,0.844935984951218,0.860863874033921,0.874954285300372,0.889866550312052,0.9042036450512,0.917837423898914,0.928810938885667,0.941435163394765,0.952229083673172,0.963403371294672,0.972741205151195,0.982754383710597,0.990069261961551,0.998784105937643,1.00541284307432,1.01253491054139,1.01839661028565,1.02463644795795,1.02806105039997,1.03313308096323,1.03441758034593,1.03992404016459,1.04337071081488,1.04527878350085,1.04680843606567,1.04637796507333,1.04561090922607,1.043755421422,1.03835381928682
"1165",2.21881779105072,2.19869849448928,2.17860722717518,2.16036934521805,2.13551790956794,2.11629045624908,2.09532080286691,2.07296693887673,2.04878880944611,2.0232141972454,1.99716473892598,1.96978887925473,1.9394500250847,1.90867610442553,1.8782632544605,1.84361525528616,1.80581429447406,1.76857485560172,1.72725212328861,1.68322550586196,1.64132766169493,1.59504288686881,1.54592787063105,1.49326011710786,1.44612456707474,1.39530120404965,1.34432612201314,1.30112348928175,1.25766753086119,1.21779610977947,1.17678295744051,1.14228497210076,1.10444109287794,1.07298675941199,1.04395015470454,1.02318121200135,1.00669821772289
"1166",2.82579763420467,2.82367067499108,2.823860978545,2.82693430960548,2.82695720669349,2.83048288614096,2.83539009152991,2.84093901375583,2.84583894100927,2.85193602282921,2.85896521918573,2.86547490741482,2.8717718561755,2.88087056695919,2.88958039742923,2.89747922714004,2.90673467049167,2.9150578723476,2.92395312588336,2.93368331227171,2.94348635895743,2.95278351425334,2.96290371575664,2.97359512679215,2.98379943698148,2.99316617866047,3.00248021246059,3.00980678554333,3.01948453405791,3.02635172179326,3.03441733584641,3.04186125020424,3.05166626889444,3.06026993764036,3.07102301581377,3.0819018411275,3.09575351520691
"1167",1.91299420459588,1.93501349810793,1.95310486029735,1.97037812562523,1.98959861447061,2.0074510038896,2.02561122437847,2.04334534123941,2.06102676403903,2.0790727995416,2.09698458482003,2.11497526126869,2.13255519115474,2.15209373071897,2.17032380557507,2.18810562794298,2.20691238014519,2.22433149406729,2.24212502141334,2.26048354771444,2.27805690315641,2.29468975669556,2.31193962534451,2.32996741121466,2.34630889725092,2.36184539274226,2.37655304878622,2.38941798070809,2.40389012732367,2.41570194936488,2.42798533422092,2.43937437984549,2.45264989486886,2.46426612987078,2.4777642569168,2.49054343995908,2.50535197043596
"1168",1.13563169974172,1.16591808167126,1.213746304157,1.277133059761,1.32348869415227,1.38004176344227,1.44126887348022,1.50668409444991,1.57038831782778,1.63256590307232,1.6946067200901,1.75865456366946,1.82083844334032,1.88514728230796,1.94724398110069,2.00971242779486,2.07284086313457,2.13321592058956,2.19341634678977,2.2521673481948,2.30999517089242,2.36529216716694,2.42141369264737,2.47681935817989,2.52726673725877,2.57357490097437,2.6193934141953,2.65920141854796,2.70030222571014,2.73670816757848,2.77328720664487,2.80710076679967,2.84237670309135,2.8760747096123,2.91117264241069,2.94757386301053,2.98605229113362
"1169",1.31488096632547,1.4063002689513,1.47221587383624,1.52215005189433,1.590088263686,1.63826013995714,1.68335435789462,1.72333344311302,1.76304671454953,1.80184014491929,1.83700749255189,1.86993226446712,1.90164103144723,1.93278937982157,1.9586021877736,1.98329846904344,2.00738621402818,2.02713827799169,2.04585285353636,2.06437801857837,2.07745576265913,2.08914960874999,2.0986032517206,2.10779049884871,2.1125152764421,2.11729678907729,2.11735634979822,2.11523666475005,2.11161653613739,2.10522436713258,2.09692277098312,2.08569380566817,2.07489242774092,2.05777215941311,2.03930920721987,2.0113109354922,1.97839118260962
"1170",0.587836627199665,0.598981556314563,0.606112324587195,0.613134165832635,0.618327835528878,0.624168841352799,0.628437055731466,0.631873799271062,0.636753868855659,0.641295383874319,0.645376183506638,0.651784227414249,0.657804125654761,0.664040367239879,0.670284428813102,0.67946342722854,0.687467742280291,0.69895054192246,0.709478176675498,0.721492634857057,0.734805297676852,0.750920957527271,0.767249932147879,0.785204138804789,0.80438699139501,0.82336944969221,0.842781920575976,0.864480636332463,0.883689050345426,0.908572564781448,0.932518889383381,0.955772415919165,0.978906366257621,1.00297480342848,1.02788118415756,1.05684567123883,1.08421309788272
"1171",2.15850229804653,2.14376059194101,2.13062588157118,2.12087741273047,2.10441970259064,2.09431163266129,2.08395598390786,2.073768887759,2.06274047914057,2.0515070657084,2.04109988737662,2.03116145643939,2.02010344407885,2.01103767521154,2.00351831565947,1.99485106693129,1.98666863548021,1.98029723597718,1.97398369904029,1.9684374508519,1.96667590222712,1.96425890230666,1.96401665383243,1.96527496820539,1.96984245255212,1.97364609812989,1.97989453405503,1.98830831381482,1.99974460555027,2.01125194467573,2.02418525493871,2.03895049798465,2.05514153685901,2.07318155123451,2.09414790748584,2.11874814462262,2.14659746716936
"1172",1.13912099834786,1.18432408786506,1.21719557196637,1.24328739294255,1.27848028981366,1.30514997423644,1.33004981793462,1.35225138773822,1.37536077912577,1.39823303674327,1.41921979844167,1.44011504931655,1.46032542730367,1.48055325614665,1.49767626219389,1.51505609897808,1.53169421287131,1.54681535449293,1.56088088013417,1.57532143115062,1.58664767808821,1.59774687933324,1.60737392680727,1.61739237216155,1.62499659417593,1.63264644794892,1.63725193900392,1.64165565782413,1.64436028244746,1.64735365428043,1.64891505455211,1.64882492486715,1.64918569090857,1.64636093545153,1.64363182859927,1.63738631824471,1.62890850167781
"1173",3.14787436562221,3.11057224484992,3.08061672971082,3.05749390023132,3.02022249408793,2.9940914048534,2.96811981695687,2.94294317782266,2.9152818950588,2.8871736863161,2.86035062822104,2.83264601079212,2.80273141602107,2.77494750694678,2.75021061627351,2.72252831396442,2.69498168871641,2.67032341117153,2.64552447959682,2.62092020514132,2.60450006290224,2.58672525229517,2.57338720290826,2.56185669666847,2.55874992203419,2.55410081253914,2.55675789428489,2.56366524513683,2.57789480577484,2.5917484595092,2.60951448105347,2.63180507203825,2.65604482365046,2.68541107281605,2.71892488837781,2.75978467307197,2.80603066148217
"1174",1.53564474516639,1.54775730831145,1.552590111545,1.55424012902498,1.55865601761714,1.56110457681019,1.5615516368855,1.5597375815526,1.55807366575754,1.55592123593847,1.55265925268424,1.54905150226636,1.54412498005824,1.53904127987407,1.53245279415037,1.52465546526621,1.51513291272749,1.50536941575801,1.49338244784228,1.481096836143,1.4672459728304,1.45227079031637,1.43485788448649,1.41665244511451,1.39876421749698,1.3805083856753,1.35908433264571,1.34059465876005,1.31918128047774,1.299901281013,1.27803814233898,1.25591585806205,1.23201024469371,1.20540359923832,1.17739742072092,1.144948372794,1.10786615285505
"1175",2.708075980562,2.6802023309728,2.66130008676098,2.65133581891434,2.62796346732356,2.61676456776347,2.60771840905253,2.60157044848369,2.59448001398543,2.58829300361415,2.58491248433538,2.58324688997434,2.58154600389662,2.58435736036406,2.59057379742108,2.59702445166644,2.60638728497289,2.61827209184705,2.63229554426112,2.64794842423492,2.66888185158241,2.68960147333544,2.7142335321173,2.74054067343739,2.76832201753586,2.79388000376402,2.8223725221733,2.84862642372036,2.87849538219194,2.90521112576032,2.93356778812604,2.96139842775898,2.99104509337683,3.02102238578782,3.05315987037516,3.08831742299433,3.1265230436617
"1176",2.06678724279678,2.10321082439836,2.13125527141794,2.15492973166977,2.18494048575806,2.20911154321843,2.23306287623446,2.25544982724377,2.27746836465402,2.29978514211591,2.32117154810333,2.34147782613835,2.36119059196592,2.38235420890924,2.40094127896632,2.41843222610684,2.43661253197326,2.45207393749147,2.46753501742284,2.48328339773756,2.49659365646294,2.50867016428668,2.52037267966838,2.53234456811315,2.54181498873916,2.55080645848981,2.55772802089364,2.56245501182237,2.56827338396332,2.57085357149291,2.57349078903829,2.57477455241117,2.57787635114906,2.57792560161528,2.57923050952772,2.57720790518639,2.57615823841013
"1177",2.24153635024624,2.26757931132504,2.28874536648226,2.30796638032417,2.33072701365328,2.35051895862556,2.37071929302391,2.39014808494118,2.40913610354065,2.42867008452971,2.44785457590991,2.46623217133583,2.48415275270058,2.50400018747989,2.52189033225735,2.53880952788344,2.55672903924335,2.57235827098653,2.58825185793013,2.60457097337369,2.61918741011324,2.63272810389547,2.64636719859519,2.66040333028666,2.67235030093094,2.68362408764613,2.69350240309957,2.70102485177349,2.71014173310643,2.71599377389018,2.72233700105202,2.72751953347021,2.73479324452221,2.73969625389077,2.74628143893065,2.75093507262238,2.75751369798692
"1178",0.495958834159761,0.521541895486654,0.536199170914515,0.544545558002794,0.559622238680912,0.568130941737903,0.573187099447079,0.57456938675249,0.577319127312089,0.579250859503019,0.578665926036474,0.57803732718142,0.576113895342329,0.571861376876078,0.564544880226815,0.557936241056808,0.547401157870551,0.537408932578237,0.523538083396423,0.509294941509828,0.491264864780403,0.47423876741434,0.452485080226427,0.429326806205804,0.406108167987735,0.383309345391593,0.356198268828395,0.333012647954494,0.303886340979677,0.280598721782935,0.254014802278513,0.2269253017386,0.198114815687888,0.168109895428805,0.137555989110152,0.106017287186565,0.0743763827953888
"1179",1.99806669517711,1.98210361423056,1.97068803878842,1.96549920274495,1.95044536077851,1.94448061853997,1.93942934516481,1.93615073639457,1.93254073102691,1.92918587428176,1.92771855680479,1.92836780694421,1.92873218821409,1.93249910233101,1.93897984827988,1.94607850961396,1.95518488743952,1.967078047384,1.98046758886118,1.99540241648706,2.01511964889911,2.03484176362093,2.05806048614951,2.08330146940027,2.11016850092684,2.1353229064372,2.16315365379583,2.19023111950182,2.22031952174392,2.24864132436171,2.27817121148501,2.30770731541067,2.33872011174244,2.37051921327919,2.40471178172533,2.44212537526861,2.48240701890881
"1180",3.59162308138617,3.57055450507056,3.55523862869784,3.5445658939236,3.52590663728942,3.51358535853103,3.50230478154296,3.49153146446927,3.47971194668201,3.46939831882278,3.46011562028739,3.44942312315247,3.43811029788393,3.42914645357212,3.42029236181858,3.41054127437135,3.40098830602921,3.39180403093794,3.38225947801076,3.37361031001121,3.36617412650679,3.35903682160065,3.3523255470368,3.34582880156821,3.34151101365727,3.33649434763241,3.33258449182452,3.32850391474661,3.32726581719742,3.32470497095614,3.32396546395967,3.32393287340463,3.32630577324089,3.32898557136205,3.33428897999033,3.34150263298451,3.35259019006211
"1181",3.06270143951356,3.06074486855813,3.0602096898529,3.06145651317658,3.06087429760877,3.062539927175,3.06526018736995,3.06803033592225,3.07009561746965,3.07351653655629,3.07751627365007,3.08025866695385,3.08267529540223,3.08743389840962,3.09117270611302,3.09382129558993,3.0972162357624,3.09928223542085,3.10133477564285,3.10407857397834,3.10594595481346,3.10737012130501,3.10865698193426,3.11004654188194,3.11100686105083,3.11143969926363,3.1110403683492,3.10906093252589,3.1089601935871,3.1061872921118,3.10429150679993,3.10182166420595,3.10154967593758,3.09943756463598,3.09914740078638,3.09743373463202,3.09820512471335
"1182",0.000294320822279057,0.000554267229921677,0.000935031651576573,0.0014929830436066,0.00240085699390838,0.00352441959527264,0.00499769514211204,0.00684906368827671,0.00940435314219703,0.0126231952649156,0.016353213989783,0.0211922526834591,0.0269735792137971,0.0334868331719746,0.0401632241983224,0.0490040434217169,0.0581583019607832,0.0688823900942924,0.0798375197713408,0.0921106282338529,0.103811010059941,0.118203972493354,0.132176259288173,0.147164060301755,0.161551240627259,0.176538244063186,0.190457661267284,0.205406787394277,0.216396939351426,0.233088219033653,0.248314422361134,0.261717270195667,0.274593118668838,0.286942078160062,0.298589241767498,0.312101286815852,0.321639358086807
"1183",1.0924169296198,1.08789493656216,1.08634484201929,1.09084826925298,1.08551314950121,1.08823694193681,1.0914967259691,1.09670615056775,1.10294810510148,1.10932953901645,1.11731956844661,1.12922713176555,1.14127783308734,1.15616155305343,1.17352242576604,1.19409470375161,1.21591765005675,1.24190132299105,1.26885847995722,1.29757406209677,1.33036933529232,1.36458112952576,1.40146061407079,1.44026203449753,1.47943399387017,1.51648972110924,1.55539266998628,1.59336830327307,1.6318621349989,1.67082035797307,1.70971168098618,1.74747604687752,1.78581442662129,1.82474228846432,1.86528615787261,1.9095360167577,1.95484095666228
"1184",0.996513861224672,1.01248297485031,1.01904283261415,1.02100609465109,1.02655274825771,1.02857573412379,1.02742666120129,1.02311161582399,1.01946142717797,1.01483695234578,1.00828678470853,1.00161720329773,0.993296177055812,0.9833807526465,0.97137521450926,0.958971637364026,0.943092386231572,0.927924944381095,0.909059193146966,0.889574400283159,0.867781634782995,0.845899916358228,0.819932233204187,0.792431188081398,0.765931937793079,0.739149587455293,0.708567494852264,0.682704324822608,0.651322717866112,0.625597221737828,0.596272977987192,0.566857273821459,0.534506715152785,0.500524390678353,0.464564530211047,0.426003936985134,0.382665672633555
"1185",0.554696590755874,0.57747258486716,0.592661566397252,0.604546112746456,0.619808868892871,0.631496224152475,0.641012513106109,0.648458971353888,0.657511663805314,0.666204550596597,0.673474317040171,0.682068961115922,0.690084995411992,0.697393550759368,0.703000240110804,0.710776163961399,0.716525877671859,0.724063778694363,0.72972227590384,0.736290831445686,0.741544241221849,0.74899559346774,0.754828892837413,0.761437436814554,0.768158157350829,0.775240413198584,0.780691228222476,0.788751941569798,0.79297323553103,0.803090846788574,0.811467800863738,0.81886842058164,0.825784571997374,0.83225990256156,0.83875435436477,0.84674513185165,0.851683809294522
"1186",2.57282336366884,2.5753692305952,2.57507154621788,2.57379513925969,2.57365727026045,2.57360087219649,2.57325555374181,2.57173620326948,2.56947755797309,2.56771620887397,2.56577773188925,2.56233631301959,2.55794523682053,2.55485616849724,2.55044425342403,2.54361410586729,2.53660260201021,2.52768334154954,2.51771137019195,2.5074669858657,2.49557121622066,2.48131007078995,2.46541781348636,2.44851417093143,2.43093163072509,2.41255519251179,2.39099660067388,2.36949221392877,2.34789803114548,2.32284785142191,2.29596008138647,2.26818934337476,2.23940213209944,2.20539756301776,2.1695216912382,2.12364135851051,2.07277702699953
"1187",0.934370788394327,0.974029334950152,1.00411509289725,1.02956213557957,1.06155758914372,1.08725262949368,1.1115424409706,1.13384335790111,1.15740902413996,1.1808030707465,1.20266176832264,1.22528485086739,1.24740662995346,1.26970342447694,1.28943982085843,1.31038147725519,1.33061701506951,1.35034302700367,1.36916829799362,1.38864165208582,1.4058574738218,1.42355395401605,1.4403378013997,1.45791391782589,1.47345497233345,1.48883352847103,1.50208670098841,1.51520943362709,1.52676039267959,1.53950130190422,1.55116495316287,1.56134858549859,1.57219939131015,1.58111279256626,1.5907624927428,1.59950495985822,1.60712985851521
"1188",3.12419847396349,3.10006995612056,3.07961132455173,3.06264960660638,3.0381156222598,3.02003107266826,3.00182086040644,2.98326413756304,2.96286855680341,2.94256119381352,2.92268089310412,2.90093422808492,2.87727790669894,2.85483609751286,2.83279995495711,2.80715277003358,2.78044469610364,2.75339507394086,2.72439879168171,2.69419270255879,2.66581347955223,2.63395730521577,2.60117653207921,2.56654719676914,2.53553642685896,2.50217632973345,2.46899038115242,2.43909772102641,2.41207755975907,2.38289631624768,2.35400817425375,2.32902357221209,2.30346089973861,2.27981793532074,2.25852757365594,2.23869360917282,2.22332585310094
"1189",3.21558373446822,3.23734129272254,3.25335569318941,3.26549187276305,3.28333749256516,3.29594785642604,3.30865613233963,3.31949506072498,3.32973812276841,3.34148868895072,3.35236856443292,3.36042856167613,3.36805369477744,3.37678686327553,3.3819462855572,3.38591373603275,3.38937166999149,3.38967350195712,3.38871710181551,3.38804090963458,3.3827308429291,3.37716203271731,3.36863131831856,3.35880066529464,3.34639346622567,3.33379148364729,3.31680347357908,3.29722363955789,3.2765941742278,3.25221874805119,3.2260501356398,3.19667045145103,3.16730772506831,3.13012667986657,3.08992139309078,3.03545521719048,2.97283032078933
"1190",1.16840709426952,1.18994747295775,1.20528254424047,1.21868197995471,1.23425019805094,1.24789839135371,1.26041226528143,1.2717049018194,1.28395614498611,1.29610179209996,1.30756572590085,1.32015718982271,1.33224200927114,1.34507443674864,1.35676595924158,1.36945379123651,1.38175731794842,1.39468863719287,1.40700140097887,1.42018542258185,1.43289095042214,1.446128028365,1.45927170458362,1.47351144541477,1.4872010485175,1.50062860560659,1.51312518929163,1.52628534100517,1.53868861610815,1.55257482562835,1.56588786716809,1.57851132916242,1.59187349667146,1.60442105798658,1.61822352017288,1.63267875031688,1.64697800840617
"1191",2.35855022932599,2.36945982058511,2.37363311611543,2.37402832645116,2.37910056909557,2.38121313232351,2.38213599244447,2.38077349095117,2.37878084928584,2.37694781806258,2.37414245108086,2.36929148999463,2.36315119060854,2.3573430303147,2.3491638397393,2.33784094059075,2.32523984087018,2.30968264860957,2.29176360008832,2.27260192913,2.24943539242512,2.22249599977936,2.1910197714565,2.15623038889717,2.11862709502165,2.07900939616718,2.03107242373131,1.98221637790886,1.92711004904193,1.86540714789339,1.79400040136627,1.71482191410281,1.62327863425074,1.5090484818403,1.3700407070818,1.17317701531056,0.904323629682616
"1192",2.62612951954903,2.62805345331252,2.6284282754389,2.62881783546559,2.62934048507537,2.63077962981786,2.63240918556435,2.63338496883547,2.63367668847607,2.63467702448175,2.6358342990046,2.63582519691004,2.63512992630685,2.63624146422861,2.63635719745353,2.63460866520205,2.63328828821076,2.63042396454161,2.62719530131512,2.62419130067528,2.62028466889449,2.61475445223002,2.60875146268679,2.60262740216718,2.59611262274742,2.58907925154075,2.58042721807211,2.57134851757427,2.56371901305503,2.55307074073194,2.54235758269536,2.53145965646845,2.52165222628464,2.50917475857201,2.49767186479523,2.48209839573435,2.4671495828574
"1193",3.19352951194426,3.16034576164704,3.13309696622166,3.11127917704399,3.07772298721916,3.05343376413542,3.02903270686963,3.00478732593001,2.97815882813019,2.95116346116982,2.92492439883863,2.89708211293544,2.86685574889157,2.83802703782414,2.81096823045999,2.78015817840442,2.74841707768272,2.71797195543144,2.6859938850824,2.65302150491904,2.62555216672212,2.59520647947486,2.56663360732748,2.53783900054669,2.51645472508269,2.49301138660353,2.47473381361748,2.46187502807732,2.45565746587711,2.44946910524074,2.44691378591222,2.45072085719047,2.4562835648179,2.46830345967567,2.48549630492443,2.51102161167809,2.54378577130798
"1194",3.73005409071473,3.7124153421079,3.69810041679338,3.68607994356781,3.66867179683524,3.65491564027914,3.64123829201399,3.62671011453641,3.61099588248044,3.59655035281222,3.58207479692741,3.56480363295439,3.54619085735798,3.5284044906749,3.50914279963585,3.4874975514444,3.46400217488907,3.43917429998854,3.41163772322657,3.3831510901115,3.35291499008854,3.32032170739859,3.28405255414723,3.24435823632671,3.20526358128581,3.16343397360315,3.11741713536888,3.07124462470968,3.023946655257,2.97059391224142,2.91261501269006,2.85272266430535,2.78634612796206,2.71010778413439,2.62400890941319,2.51320234279775,2.38001917611552
"1195",2.01439387186639,2.03444274973999,2.05006726121416,2.06435482386463,2.08113996708792,2.09628529101805,2.11154397894056,2.12611357958558,2.14055136841578,2.15539364598245,2.17004154706144,2.18445395747372,2.19840389901672,2.21418860212807,2.22859790305828,2.24224336637599,2.25676201321834,2.26977617790316,2.28300062239013,2.29675031380592,2.30951814658313,2.32124066385071,2.33329854320633,2.34601607220687,2.35725124213357,2.36789606612577,2.3774408261532,2.38553015359718,2.39510948024718,2.40209806820017,2.40943592467297,2.4160208175884,2.42439179072528,2.4308544582119,2.43905477157985,2.44581266142281,2.45429750327088
"1196",0.161820127473358,0.183465801829154,0.198136388570126,0.208241046022199,0.224828862567634,0.235638251921452,0.244110805253607,0.249843016327045,0.25712576227109,0.264059782750667,0.268902163515824,0.273979411733028,0.278402973285676,0.280836996386849,0.280381484085536,0.281419722624951,0.279323141088778,0.277740184096582,0.273221278364873,0.268775431745041,0.260755147011484,0.25445756609098,0.244482758986666,0.233865217160507,0.222654224942979,0.212181206627023,0.198424561145725,0.187257176546248,0.171348131423425,0.160470252568987,0.147277551258159,0.133254898437236,0.118362996683761,0.102513803077843,0.086266989980356,0.0694579672633314,0.0518490992941944
"1197",3.54498103689283,3.52746842431865,3.51709103412836,3.512607760788,3.49986555740825,3.49406591641534,3.49026472710079,3.48788118381158,3.48484431987726,3.48381429680395,3.48432882130046,3.48420490279542,3.48412151209772,3.48717258092624,3.49031165940403,3.49380162813592,3.49826184991531,3.50316714023679,3.5083797535015,3.51500289053444,3.52222708713751,3.53087964858959,3.5400657447735,3.54961945741526,3.55974336180803,3.56891636155188,3.57869855169357,3.58631105819544,3.5952583022487,3.60354520637114,3.61322722193992,3.6216450897642,3.63246691460456,3.64262382093013,3.6544859155591,3.66849915944874,3.68475607295639
"1198",3.99433438349671,3.97544631367398,3.96222809974203,3.95305825631861,3.93611697023603,3.92407642225102,3.91283590868326,3.90157438323746,3.8896822211243,3.87987371937741,3.87059660430032,3.85929963365635,3.84747119250925,3.83728780032172,3.82604566992868,3.81495787900687,3.80283197674584,3.79123738329848,3.7782366219218,3.7662819648439,3.75391295545002,3.74336801725897,3.73159821362885,3.71935799617255,3.70917115197724,3.69852766774521,3.68807953672515,3.67745197320512,3.66806959119892,3.65903844233984,3.65139866296411,3.64384826150615,3.63860874028265,3.63326884844024,3.63005190007977,3.62854630071722,3.63018529653551
"1199",3.95355590761093,3.92655155415263,3.90696821560162,3.89310552235205,3.86800477770942,3.85049299224165,3.833873756706,3.81782516557151,3.80068555342457,3.785217702334,3.77078785354352,3.7548048424117,3.73804480117212,3.72345052139529,3.70930075738134,3.69500578394352,3.68035005599283,3.66736835090715,3.65374095295979,3.64136555582053,3.63138576485126,3.62301525310799,3.61542032991886,3.60826078876286,3.60488131254521,3.60074134346894,3.59909526218284,3.59778791513595,3.5993148930679,3.60119108485509,3.60538800012521,3.61035223627393,3.61778308182805,3.62654521051305,3.63784933971469,3.65322659122699,3.67204137062311
"1200",5.08602227034585,5.0884224126683,5.09360706486256,5.09939991645883,5.09982855357721,5.09720180318154,5.09356696179064,5.0872127434486,5.08349229225325,5.08435963769077,5.08307294039694,5.07879098086321,5.07485209881963,5.06875725760354,5.05587731832197,5.05119394679851,5.03898650023492,5.03045360319013,5.01536838676669,5.00327945595935,4.98297075382769,4.97535142926138,4.9586442580745,4.9395131508369,4.92169711564144,4.90532529767609,4.88506793437811,4.86519642905237,4.8350519192956,4.81959378111821,4.8025917137318,4.78064262729349,4.76013743567936,4.73814590130823,4.71485421298446,4.69599521963441,4.67321261164049
"1201",0.313695708280522,0.31427313892976,0.316889678162938,0.324271983302226,0.323632528575948,0.328766455308094,0.334211353788252,0.341404265797497,0.350300408711495,0.359476366384923,0.369875629183973,0.384552831363324,0.399879056067951,0.417134197046393,0.436436004317778,0.460780922093894,0.485579025433823,0.515596255554151,0.546112219929611,0.578736687717567,0.614578270901718,0.653922048553838,0.694899031266805,0.737764899003205,0.780738561510628,0.821993841713763,0.864442581831978,0.906806544165712,0.94666229620509,0.990960053792544,1.03403629022101,1.07510366471369,1.11578373474822,1.15722097564139,1.1992635762657,1.24607041562266,1.29135730365048
"1202",3.84436293303232,3.83333613161613,3.82766720890243,3.82594017096512,3.81852028505504,3.81503369929881,3.81303856735604,3.81144460281984,3.80954692161713,3.8100766741304,3.81132417481888,3.81098534269812,3.81066908262732,3.81249308421974,3.81276457382625,3.81395307029533,3.81474273025378,3.81554587663809,3.81546165016029,3.816779972621,3.8164660649594,3.81877991359448,3.81970277268657,3.82031600639855,3.82120405104092,3.82174256736435,3.82159902091097,3.81963919976268,3.81746280705564,3.81623850939532,3.81595299718601,3.81401058942021,3.81449909204547,3.81374000218872,3.81434493241272,3.81629216326181,3.81990098519436
"1203",0.421561593960331,0.473718117721274,0.509990483434594,0.535494690408718,0.57636127825608,0.603528072446023,0.62721055024691,0.646116622978961,0.66697021676662,0.687377846648717,0.704258293053419,0.720448459490929,0.735757651264307,0.748561550466288,0.756125373129894,0.76457749423671,0.769476791069783,0.772649610505016,0.772193081247946,0.771465809004223,0.763652258872756,0.756543209830705,0.743496927096447,0.728797234723325,0.710362724950473,0.692638691938951,0.667011534567704,0.64284798485877,0.609832101893314,0.580788197934592,0.545583914777302,0.505844582387553,0.462240204511888,0.410367043421102,0.352903240184038,0.283341070016833,0.205276294529278
"1204",0.00555379198621207,0.00999792296643475,0.0147584026216372,0.0194581464286765,0.0278088758837184,0.0350752906125432,0.0426953116244859,0.0500810636984642,0.0590628769351695,0.0688738553758759,0.0782240340128688,0.0884235333698626,0.099167489113114,0.109289419279301,0.117368440864427,0.12743818904111,0.135934855305021,0.144648709679458,0.151743487826877,0.159292758347163,0.163339144209642,0.169397506670527,0.172619783476865,0.175636433143093,0.176854700205204,0.178768527647952,0.177416554762874,0.177169042614981,0.171946669552331,0.171429421341719,0.168484808655896,0.163507943506382,0.157566149449296,0.149611730296182,0.140324520038803,0.129505802799962,0.115167295346975
"1205",3.03049104322801,3.0155639072634,3.00665056744964,3.00342646907448,2.99271063564233,2.98918458915431,2.98757378395014,2.98755681402038,2.98676449584066,2.98736663961894,2.98967111148463,2.9919844379474,2.99422096474072,2.9999062490302,3.00638960495228,3.0124962590934,3.020377237191,3.0284842946751,3.03758567011374,3.04786126246715,3.05978501586548,3.07167893667489,3.08525737795953,3.09968713834723,3.11449702521792,3.12809371451353,3.14275697678807,3.15530588453979,3.17054702715324,3.18332029247653,3.1976473828545,3.21134202946531,3.22739968611356,3.24297759208669,3.26075074676071,3.28024024811584,3.30282337491733
"1206",0.0834972320278135,0.136179548880908,0.195108971659192,0.257947350971876,0.332952542275001,0.400296016894511,0.469655334209744,0.538428679858555,0.608623616857557,0.67783000259556,0.743427727814201,0.809565025687286,0.874299568613239,0.937670851427118,0.994977343865119,1.05447133478199,1.11221822988285,1.16697086216572,1.22007101468289,1.27252683824656,1.32022706693253,1.36793097985685,1.41411174659514,1.4603345214966,1.50109510059206,1.54015240385159,1.57648807122534,1.60954155873826,1.64075277892177,1.67160774390692,1.7012159096931,1.72788424568357,1.75547331427662,1.78078614015409,1.80694798836255,1.83300115486088,1.85863797352329
"1207",2.8560269964545,2.84926564729415,2.84143364774912,2.8335488378868,2.8248015248138,2.81764640614787,2.81010395271335,2.80133180196509,2.79141950852951,2.78193520081182,2.7722640819257,2.76050080611405,2.74736466718862,2.73515825501087,2.72167135175501,2.70486321213712,2.68704412715103,2.66708672995292,2.64504575657378,2.62183898521427,2.59660938361999,2.56767858625764,2.53545926010606,2.50030605952478,2.46441755979985,2.42627043835682,2.38268020431579,2.33914306370041,2.29302346085142,2.24102735425493,2.18315353681968,2.12208820432012,2.05363307372708,1.97271988495274,1.87975853322853,1.75726506964019,1.60568628914726
"1208",1.28730871525797,1.31337957421265,1.33356175487368,1.35198641016145,1.3730040208065,1.39170529163881,1.4097942471948,1.42695845359507,1.44492194715464,1.4629059987745,1.48029706027144,1.49868212780157,1.51664846422304,1.53576408190378,1.55352242477527,1.57204728834829,1.5907343705776,1.60927136957194,1.62761083251454,1.64671753062981,1.66509520250042,1.68348255651582,1.70210026297361,1.72177167744215,1.74008295869721,1.75782896414339,1.77461817536099,1.79084998682745,1.807158252998,1.82325300432514,1.83909542236944,1.85399063310169,1.87005812754334,1.88491897820745,1.90128154944241,1.91779981138682,1.93497787954696
"1209",3.20932846277966,3.18588812506136,3.16655712286092,3.15098161790201,3.12781378943268,3.11111005400017,3.0945742060775,3.07792486922957,3.05961027509389,3.04170203699139,3.0244142642041,3.00542159286099,2.98485990719618,2.96588563880991,2.94736708999215,2.92585567000543,2.90379853986418,2.88159819332163,2.85807915367116,2.83401081512057,2.81187580663352,2.78722606962564,2.76242127381874,2.73669349399333,2.71435873899695,2.69041432816401,2.66729948817877,2.64662707388093,2.62946689846985,2.61017668906035,2.59205750025683,2.57717261892471,2.56311666170286,2.55068681269063,2.54119225868316,2.53336398791975,2.53036443028163
"1210",2.47875176328473,2.51466508525654,2.5528078907872,2.59376657445953,2.63186063490783,2.66941705502502,2.70918144041701,2.74962543652849,2.78830011010036,2.82711967971027,2.86558314171073,2.90311089711469,2.93978633577288,2.97880663871883,3.0150977854918,3.05095856305133,3.08784922019086,3.12174490189012,3.1557828684711,3.18975252200079,3.2214661786324,3.25274628717943,3.28388143648486,3.31456590757179,3.34189478629968,3.36719713155921,3.39138979617326,3.41077062598574,3.43073409492719,3.44814185735889,3.46620946414464,3.4815746228886,3.49919141371208,3.51478066390465,3.53161797925793,3.54924308957709,3.56856649964419
"1211",2.37738622764433,2.32186928785151,2.283430539481,2.26268848218782,2.21223070935347,2.1861739720842,2.16369429874127,2.14820068666747,2.13144094892423,2.11518067590994,2.10509281324804,2.10140888174686,2.09851653362547,2.10375204589917,2.1189622936122,2.13764632850073,2.16214266789779,2.19472105869626,2.23165943697758,2.27088491621628,2.32159266817268,2.3715894398777,2.42795478945726,2.48545683960106,2.54366244887835,2.59594652492836,2.65235910954692,2.7035667718601,2.75763885987791,2.80660787553565,2.85603633006357,2.90318069765477,2.95059687950437,2.99801272613378,3.04636310783174,3.09826983570196,3.15186455403365
"1212",2.42258894110014,2.42542517023611,2.4354264344962,2.45274283170475,2.4625513809155,2.47925403418768,2.49901949739946,2.52142590033195,2.54321556391831,2.56600192909613,2.59037022675424,2.61574065868105,2.64104754766017,2.6700243067982,2.69895549666612,2.72799411067711,2.75914983484391,2.78926565666248,2.82048693737038,2.85217812302498,2.88426847762888,2.91554362916377,2.94825684364874,2.98126552496482,3.0120500290633,3.04051923013516,3.06915209218868,3.0935236600097,3.11977073320643,3.14254501912017,3.16627075995497,3.18804452402496,3.21190573920713,3.2344624255236,3.25868428084947,3.28424504194147,3.3121971163551
"1213",2.59399016043465,2.6157441050331,2.62882816542949,2.63649602734854,2.65162021935132,2.66105399764294,2.66961149205025,2.67568677341118,2.68116572475256,2.68726380444619,2.69222399410176,2.69465687170442,2.69617119440417,2.69831585866002,2.69732923099916,2.693600617266,2.68917109340927,2.68102955194009,2.67117863456975,2.66062006419246,2.64527561210056,2.62694926064822,2.60465601068594,2.57984931576012,2.55146133753305,2.52191773184378,2.48474560405003,2.44529833336913,2.40150769400292,2.35044099631156,2.29186723121834,2.22598866887409,2.15155886664502,2.0563881370316,1.94120668955581,1.77363010413222,1.54239144844923
"1214",3.13378375609011,3.12206864549091,3.11519372745482,3.11283661939172,3.10465327950992,3.10211062432681,3.10122821871631,3.1014156484195,3.10084515698913,3.10175188380756,3.10398114786225,3.10567473345325,3.10721726453061,3.11180462685265,3.11650702271649,3.12065442973129,3.12613263056932,3.13135589155896,3.13716113813051,3.14402710744136,3.15163020882288,3.15928196086731,3.16793096866104,3.17717601090534,3.18668326434832,3.19528900985314,3.20441863450339,3.21167972655472,3.22135164039129,3.22877918854655,3.23766785890068,3.24599391389259,3.25676153786454,3.26679386836189,3.27901591500315,3.29235825623692,3.30879472990412
"1215",5.00636065160675,5.01446884837006,5.02352255712772,5.03155887953761,5.03751832386903,5.03833598448647,5.03797694237261,5.03433975235515,5.0332712308118,5.03671484600372,5.03759790280891,5.03494381161661,5.03254301346486,5.02762331357815,5.01508147846671,5.00996683630702,4.99710881572864,4.98664922528838,4.9692807192812,4.95439970465131,4.9298407107349,4.91678680906658,4.8936460862519,4.86736986030819,4.84120479755128,4.81636994625496,4.78591296543898,4.75529359577903,4.7144878303348,4.68529989668454,4.65330799253072,4.61589717294402,4.57883481724268,4.53721054250754,4.49259562600589,4.44437758350687,4.38931784413193
"1216",3.40758062974101,3.39226684019876,3.38118006195749,3.37367044890631,3.36051559372927,3.35229212277692,3.34507508425173,3.33814707703804,3.33028110671653,3.32386444379809,3.31830832401345,3.31132303085434,3.30379907815798,3.29856838423484,3.29300789102242,3.28630498359431,3.27992694687053,3.2731784373932,3.26609151763476,3.25973132668599,3.25365954271867,3.24740070998843,3.2411582773297,3.23494415704573,3.22991799806724,3.22426874897436,3.21875853185342,3.21270972631745,3.20911344906409,3.20350200826884,3.19922718174968,3.19531159657737,3.19360998450261,3.19127429424249,3.19123592696759,3.19138196824286,3.19493995637812
"1217",4.37735403407906,4.36370670273952,4.35411589369088,4.34671994928195,4.33299292251511,4.32121390812308,4.3093353039086,4.29614532309351,4.28287452981607,4.2721102252231,4.26075343630257,4.24631057370541,4.23108718530889,4.21591872309529,4.19773359795289,4.18046825200386,4.1597762321057,4.13933849270571,4.11527272352647,4.09168043611852,4.06480667977975,4.04037772677972,4.01128105052705,3.97957818071061,3.94927366408531,3.91794622981256,3.88384882186956,3.84978019232175,3.81414423528806,3.77845883015216,3.7413934251547,3.70334012662731,3.66460690190466,3.62230233787283,3.57847453424169,3.5279973669079,3.47513695070285
"1218",2.32417168263851,2.34198406504379,2.36003331919799,2.37997399871836,2.39896615891331,2.41886512716254,2.44031923641077,2.46240914459928,2.48393779154778,2.50618560063066,2.52884269260471,2.55140716398169,2.57368022231656,2.59863392267507,2.62236785690844,2.64564052188614,2.67046061209424,2.69349084045493,2.71724303348805,2.74149784551345,2.76501545607745,2.78767935493907,2.81119441140775,2.83518457234142,2.85705408222335,2.87754568151612,2.89755444386373,2.91426002613805,2.93292479114617,2.94821130213328,2.96441148708097,2.97916922085484,2.99621597076577,3.01164248580953,3.02899200018258,3.04646193123891,3.0665488816451
"1219",1.51309787356144,1.53381515704178,1.54617794343725,1.55457580346044,1.56760396509871,1.57705308693052,1.58483435180424,1.59044343504417,1.59644051533885,1.60222541919443,1.60689602458065,1.61133037942673,1.61482248749773,1.61855626898198,1.62044722989096,1.62158561893465,1.62173571704237,1.62114747523241,1.61910205967388,1.61718493990363,1.61334393146822,1.6086844384187,1.60231061675687,1.59583360553025,1.58865196374383,1.58140898280386,1.57125505956269,1.56258754616251,1.55201875288279,1.5423288927267,1.53081136245802,1.51852287725484,1.50571260270344,1.48991808508531,1.47358562698931,1.45297960618539,1.42908235024769
"1220",2.97956963959078,2.9634883527329,2.95023867744681,2.94002672423558,2.92446868376376,2.91411661786338,2.90419158553311,2.89428576454289,2.88316854195978,2.87270445857382,2.86297920256818,2.85207640907076,2.84016417809583,2.83029204106395,2.82067550477161,2.80885199813425,2.7973145569578,2.78543677969924,2.77310489280654,2.76094598671189,2.75005211930293,2.73749251661791,2.72530731493347,2.71311639321621,2.7028374280992,2.69168622978026,2.68090945569777,2.67105187978153,2.66420519789432,2.65499630492649,2.64689228104317,2.64035690537266,2.6353465835183,2.63034480299885,2.62782671785041,2.62539059906861,2.62650728193901
"1221",1.88492332361538,1.89085447204219,1.89098471973073,1.88868570042191,1.88825310196177,1.88697271332779,1.88404379226656,1.87906122579009,1.87371570257593,1.86797843238896,1.86136876620817,1.85383123713176,1.84481009501188,1.83587407517422,1.82554812383696,1.81296201661323,1.79876318412451,1.78359940977411,1.76607150703597,1.74772951964786,1.7276345895378,1.70516162706557,1.67972775391809,1.65256929031418,1.62545760463204,1.59728535633877,1.56491502924347,1.5350636295361,1.50201065846388,1.46899704244919,1.43220476594046,1.39462582543314,1.35351599153665,1.30737487027012,1.2574219393164,1.19763768175797,1.12927098394172
"1222",2.93307473691291,2.89675204558781,2.87185792139251,2.85784927447182,2.82683232680088,2.81059844197126,2.79694557356931,2.78696003950756,2.77577438681711,2.76562162453706,2.75893369327397,2.75435226185074,2.7498547888715,2.7505710300303,2.75582349925446,2.7617152684314,2.77105858040919,2.78392001532326,2.79939712703666,2.81678381278988,2.84077472354032,2.86483096599579,2.89339564223135,2.92360169066624,2.95557369663304,2.98473613491213,3.01732004205731,3.04702615648605,3.08018585681724,3.11008630840956,3.14155523313685,3.1720042528818,3.20403051687244,3.23630728755898,3.27031966615608,3.30768604062919,3.34755628900955
"1223",1.89759813968043,1.89948880947916,1.89718577684585,1.89375920753955,1.89033339002183,1.88762514039404,1.88356955805745,1.87796730085849,1.87197173055322,1.86562351083407,1.85877521658937,1.85141662778035,1.84269328799641,1.83448068402473,1.82554299998483,1.8147565364697,1.80286448585693,1.79075733567042,1.77692567098782,1.76277214352022,1.74827531310297,1.73207362437881,1.71439830284092,1.69613031714085,1.67896376736489,1.66115039534052,1.64137677275984,1.62441530767656,1.60648385207521,1.58938953600845,1.57081400098356,1.55298003269856,1.53419595728726,1.51395317041226,1.49369187757146,1.47083977722988,1.44615951465925
"1224",3.33525743944661,3.29218383553721,3.25882793717589,3.23429211828618,3.19204179404513,3.163297558638,3.13526068130205,3.10894008922319,3.08002642837031,3.05088526709882,3.02378808965891,2.99653219419331,2.96743716299189,2.94157276707292,2.92027721533255,2.89729316571142,2.87582800006203,2.8590818686828,2.84383731954243,2.8301518588032,2.82718596176584,2.82441047301387,2.82820793210914,2.83498331510227,2.84995655684273,2.86291286426034,2.88382889498435,2.90633249824053,2.93548497408141,2.96289759774795,2.99354572673461,3.026152567243,3.06025673440508,3.0975141585477,3.13740920560483,3.18323916569988,3.23254780553554
"1225",2.95176177524995,2.95159574865454,2.95076464078253,2.95016537454586,2.94946133286043,2.94967188467122,2.95028749475652,2.95024629913324,2.94942503308398,2.94965206411126,2.95003784514696,2.94876374418623,2.94685533714202,2.9467341680761,2.94526964266605,2.94192512853214,2.93880167736431,2.93384390734228,2.92828670228712,2.92292113355551,2.91603405666457,2.9076968788707,2.89830974620457,2.88837397774761,2.87784711150742,2.86676014929557,2.8535403518162,2.83946324798513,2.82655740311954,2.81015741238783,2.79341536405895,2.77606656629629,2.75958445608814,2.7394834227524,2.71967134972614,2.69385935563751,2.66762855230129
"1226",5.56628235005022,5.58727114720251,5.60724552270426,5.62429827704703,5.63911797217917,5.64403407559193,5.6458715780667,5.64236561445945,5.64409898554957,5.65182033314175,5.65490965737181,5.65444335087573,5.65466785445202,5.64920371232665,5.63244356963248,5.62981955754467,5.61412524638552,5.60468852710836,5.58426560385875,5.56803820722489,5.53773779144304,5.52789909629894,5.50274762868861,5.47366197507152,5.44574028500901,5.42072950549339,5.38864944327133,5.35852396915157,5.30972497087194,5.28622713059396,5.25870285313941,5.22328862716604,5.18831758019208,5.15109754471881,5.11035998709055,5.07533226612829,5.03174192884816
"1227",2.16351694885598,2.20276216916122,2.2331957877025,2.25886087604647,2.29127399773161,2.31719549219603,2.3429541326761,2.36705965810746,2.39063475003657,2.41453736001939,2.43742271666814,2.45896966488133,2.47990467333705,2.50230295469581,2.52189724649395,2.54031502293991,2.55944197196272,2.57558016305855,2.59171796331811,2.60811255477985,2.62181235184051,2.63430863673516,2.64632950293138,2.65851874627463,2.6680317259423,2.67704507343373,2.68389962257048,2.68825594132425,2.69373110826971,2.69577589215818,2.69793857796991,2.69860560328045,2.70120723249173,2.70060658974835,2.70124340045118,2.69839845098708,2.69660178705657
"1228",0.861569626762601,1.0280112191287,1.16191793484944,1.2741620745161,1.39733384226341,1.49160863858456,1.58100867737537,1.66324333664187,1.74132012447466,1.81515172682952,1.88286001983768,1.94712458421314,2.00830298078938,2.06825755265567,2.1213296320913,2.17310211596795,2.22431267802157,2.26992772747921,2.31475720685475,2.35853674059543,2.3975884325546,2.43481538903221,2.47124661380885,2.50739409657477,2.5382268202712,2.56739938407253,2.59412556834244,2.61620226425279,2.63901101385019,2.657879286682,2.67680153933847,2.69321278533654,2.71173105967324,2.72731284502108,2.74434307825933,2.75974599876072,2.77677452892612
"1229",1.74965492430378,1.77071413306472,1.78694712683132,1.80184106408947,1.81901577490603,1.83461759106404,1.85006630347861,1.86478639658046,1.87968255021706,1.89481250923934,1.90966739778395,1.92478034423184,1.93943069384958,1.95572621012683,1.9707931539777,1.98556618831516,2.00102412590221,2.01552479205185,2.03014627208874,2.04538211931212,2.05991841055852,2.07369219640045,2.08789260749068,2.10294984010093,2.11668299894426,2.12982430864522,2.14203293570899,2.15319335863375,2.16548785754584,2.17596932958833,2.18664252544098,2.19660569741457,2.20814828694813,2.21814105715208,2.22986691516557,2.24084271365983,2.25329621006249
"1230",1.73023822326369,1.78261722265252,1.83128953092456,1.87917794959188,1.92820883233563,1.97275537437359,2.01823096396622,2.06331661629863,2.10721161031515,2.15051809005417,2.19266232504972,2.23438952490338,2.27505571311796,2.3174415910367,2.35692170388335,2.39593600577185,2.43596828044879,2.47291188742911,2.51015938282558,2.54720205740337,2.58228557073318,2.615967233756,2.65011171671117,2.68437069315859,2.71496562503982,2.7436239963224,2.77123790978715,2.79454557007017,2.81938373977481,2.84038030322592,2.86195558012883,2.88149560127542,2.90318267134881,2.92289613012175,2.94434415744007,2.96575161870316,2.98948724800128
"1231",2.93664836577599,2.94531587088066,2.95452287482555,2.96502147488696,2.97508447704529,2.98589770434685,2.99809566041315,3.01045175544982,3.02215359746561,3.0352078037039,3.04867655404778,3.06101960728684,3.07317346768788,3.08779190358841,3.10084598036479,3.11324285437546,3.12663489917996,3.13823165923069,3.15003570130732,3.1625641519942,3.1735880335742,3.18450682143869,3.19531144531606,3.20625041934025,3.21576013765085,3.22455408442832,3.23236133768411,3.23749241226762,3.24408102705552,3.24813154405468,3.25308095693467,3.25667334976193,3.26269892161834,3.26673132946204,3.27249698564958,3.27752759510306,3.28491041462629
"1232",1.71266780442732,1.75279404174279,1.78052265469548,1.80113323031385,1.83120489976214,1.85301358601541,1.87334136274438,1.89092240245577,1.90863854082904,1.92634414855707,1.94243348613511,1.95735931899331,1.97148874216694,1.98606315387424,1.99755262208851,2.00779866539629,2.0177110913094,2.02495739908078,2.03125980134279,2.0375905947511,2.04039188416036,2.04173619742256,2.04124358131693,2.04048449717979,2.03706094045044,2.03358713523049,2.02614664966744,2.01794462164549,2.00846391292826,1.99687276933647,1.98337569428016,1.96786762811999,1.95224911112711,1.93117188490315,1.90876059671219,1.87764642874503,1.84178730743994
"1233",0.709874746314379,0.722871460207196,0.754319328472072,0.803781060808387,0.834204970529634,0.879288337181991,0.930075320276078,0.987116692342761,1.04455964220492,1.10164649404656,1.1600692577342,1.22292513396697,1.28486842625864,1.34942746721692,1.41309280919071,1.47906546565854,1.54551256765397,1.61102986268391,1.67621189648394,1.74017869048967,1.80399378031793,1.86584435213183,1.92856286741066,1.99072713659653,2.04794650223782,2.10064877542292,2.15303885596046,2.19981232363546,2.24724626365979,2.29078567443102,2.33398745815831,2.37436422374981,2.41567836326732,2.45576240264831,2.49716261863924,2.54036798010058,2.58525368222356
"1234",2.90852093408374,2.89728909014995,2.88653014143622,2.87691009678773,2.86456268852351,2.85529198382773,2.84586341821094,2.83561533333136,2.82413770714979,2.81310274983294,2.8021837589841,2.78943557618784,2.77534797719899,2.76249658822593,2.74894053469935,2.73230249133082,2.71497879254809,2.69617220273939,2.67572195979803,2.6544625709637,2.63246372114503,2.60734753371517,2.58022256913014,2.55116851775711,2.52269382598832,2.49251152882678,2.45933326460611,2.4271184661724,2.39493307308711,2.35879738767818,2.32024865051019,2.2816576860199,2.24046167130563,2.19431842142679,2.14527378370353,2.08535361716578,2.01940417627399
"1235",4.19906680161254,4.18645687594737,4.1776791117448,4.17108367571452,4.1591503765579,4.14930532170974,4.13968546008945,4.12904521884895,4.11817726481057,4.10971153233838,4.10093945004616,4.08931949652657,4.07707714170794,4.0653972356154,4.05102652137164,4.03714686260157,4.02070197312521,4.00408803642227,3.98457954079471,3.96566260778324,3.94369258792728,3.92373499322865,3.89988349310064,3.87398307900666,3.84900487274668,3.82332964115298,3.79508613515844,3.76646746885889,3.73680626107529,3.70673003615983,3.67577017741882,3.64371411158899,3.61183338298029,3.57645928482034,3.5402971776773,3.4982551047951,3.45477941980897
"1236",2.58501931556701,2.56788516969119,2.55149265302493,2.53696323603484,2.51739997524596,2.50268328576501,2.48719321444415,2.47080908329215,2.45287185875375,2.43452713228236,2.41621053456676,2.3964381887525,2.37464344456137,2.35357151345897,2.33261105076538,2.30798852024928,2.2819283784437,2.25542533938004,2.22655038967108,2.19620428968462,2.16687021242015,2.13378757679753,2.09889137343264,2.06177326317617,2.02751110530143,1.99088437995992,1.95284482641778,1.91868125614006,1.88492402959527,1.8502061131305,1.81394320335691,1.7805920058885,1.74478553460928,1.70923295496574,1.67382267055373,1.63707730399372,1.60069996200966
"1237",1.68276961609011,1.71761346858988,1.74536134903066,1.77007681865525,1.7994879674463,1.8244778449813,1.84926130212835,1.87290499711738,1.89663684769997,1.92047347653634,1.94351683055165,1.9664598206233,1.98886761686628,2.01272177514908,2.03447507465848,2.05589108077082,2.07798936488403,2.09823583562933,2.11858653749675,2.13936244528007,2.15849646320313,2.17669615577693,2.19505284816985,2.21407630741049,2.23080809668183,2.24684261428962,2.26145633469037,2.27415577434777,2.28790361827449,2.2991890000292,2.31060290679511,2.32083099707374,2.3327971984849,2.3426572582348,2.35413028449449,2.36420220672862,2.37568386420407
"1238",0.591917227615104,0.608463199679903,0.622302330020309,0.637098016257555,0.650194596625117,0.664123718644896,0.677468666633755,0.690801700134637,0.705906395265634,0.72107830915202,0.73611868599655,0.75401106516823,0.771935030444866,0.790758754760224,0.80933642156264,0.831298130453816,0.852811505245633,0.877036007571303,0.900825669903757,0.926047568436561,0.951898670144814,0.980006315626906,1.00851270290841,1.03854088561549,1.06802641081081,1.09669606001293,1.12526547657016,1.15418619444893,1.18116907657638,1.21158270592282,1.24105474689615,1.26908501833735,1.29737214399234,1.32568786604917,1.35498993797038,1.3872829113085,1.4186968249218
"1239",0.470418666059583,0.501554578963853,0.521988831428101,0.53623444030344,0.558185776726395,0.57293978253681,0.584804350226426,0.593392243723796,0.603671943815866,0.613477595576588,0.620958755228991,0.628819333932021,0.635851066944662,0.641151540025373,0.643322421265245,0.646953697985594,0.647525764920749,0.648570986910514,0.646635379644547,0.644948583717402,0.639528080034159,0.635704794738589,0.628120307439912,0.620079541230967,0.611107606674856,0.602773241851942,0.590346373280882,0.580822376054593,0.56533188915327,0.555788247231113,0.542931773897279,0.52833572672478,0.511976697643754,0.492936267856919,0.471966544212629,0.448039877966714,0.418375357711643
"1240",2.09976040616714,2.08869926914661,2.08824399725351,2.09876934729729,2.09620772477738,2.10576581819035,2.11893738982063,2.13632715848351,2.15356705987821,2.17180789791317,2.19282551639168,2.21674372803611,2.24091520817714,2.26965441491851,2.30031600006091,2.33197597385534,2.3664061183658,2.40146779035834,2.43819602080974,2.47554755763847,2.5153842019312,2.55409488342427,2.595359245147,2.63722227418442,2.67715513246653,2.71393924244822,2.75177593389357,2.7852221550892,2.82098614376099,2.85269879209129,2.88524423688521,2.9159397669231,2.94828826219034,2.97980627949328,3.01302431023328,3.04821718327094,3.0858868521149
"1241",4.17899444242973,4.15983037455364,4.14808875896319,4.14177384383262,4.12587187731436,4.11578258433636,4.10705825746088,4.09895422039288,4.09071894427538,4.08520761572737,4.08059371852589,4.07456599937441,4.06858456367072,4.06467327537678,4.05970697327574,4.05682403130531,4.05299290654862,4.05079557722143,4.04740766955782,4.04593890440348,4.04378980476245,4.04591652396975,4.04668433459691,4.04725095596562,4.04936285373249,4.05106110738116,4.05295007567568,4.05345142590284,4.05283648167623,4.05546667433964,4.05911047618731,4.06076452631386,4.06464820526724,4.06804605693737,4.07240402397041,4.08020235246233,4.08866155472863
"1242",1.65459014635697,1.79288007232744,1.91971624550556,2.03752040636033,2.14602001726643,2.23884535237466,2.32939143765279,2.41553334297274,2.49475449242287,2.56933694374403,2.63918483189849,2.7054647711345,2.76817203213469,2.83087973122947,2.88761971489781,2.94268311666638,2.99745381216453,3.04681389747168,3.09530090523741,3.14236130071436,3.18545606429536,3.22717398545247,3.26799822640734,3.30759212615284,3.34219371959417,3.37402123245034,3.40408328579598,3.42821161294691,3.45235734608892,3.47359067265117,3.49516700124594,3.51340109460037,3.5337343064771,3.5516877481898,3.57060775765132,3.59025238553958,3.61122211339238
"1243",2.2269152257951,2.24737743234013,2.26394416617113,2.27932481208263,2.29723163857082,2.31339465985874,2.329985401597,2.34599927248787,2.36165739667783,2.37789132387553,2.39399050850206,2.40950798719683,2.4245992748386,2.4417009157986,2.45723513097602,2.47182684111839,2.48744592876541,2.50115040024374,2.51515419549712,2.52964967388756,2.54288192764918,2.55503340424126,2.56745603229522,2.58038535096158,2.59159273647408,2.60214630941229,2.61152748251095,2.61890728586354,2.62798665421305,2.63396806899297,2.64046887633852,2.64603745433621,2.65362469770844,2.65908838585084,2.66631536607349,2.67188021169932,2.67944653678536
"1244",3.5128583142827,3.50465861442006,3.50093996465572,3.50086627750759,3.49622178148106,3.49543986146096,3.49626395004293,3.49766141574971,3.49851206701239,3.50136899026305,3.50509638098795,3.50752495196083,3.50990563776304,3.5147929731606,3.51856179336602,3.52238736390368,3.52662628346754,3.53028618398537,3.53370548231258,3.53826567005036,3.54176775113005,3.54652869190083,3.55076829998242,3.55498631343062,3.55907002632728,3.5626025168246,3.56563567007284,3.56660601116576,3.5684991470015,3.56955998688233,3.57171401201569,3.57259112095512,3.57594585985488,3.57794624602437,3.58162889089577,3.58595084622478,3.59255648126825
"1245",1.46359908003757,1.50157562160337,1.53030658570725,1.5545202648338,1.58510642562237,1.60980212147064,1.63362130391959,1.65567589049401,1.67816194177007,1.70061079246478,1.72187033457243,1.74307159232878,1.76367946050494,1.78518559541014,1.80429339561261,1.82326648665993,1.84238192119835,1.85985786279182,1.87700698555564,1.89458748863104,1.91007678303135,1.92487593408931,1.93927126419248,1.954292316898,1.96709599592662,1.97953474439324,1.98999975380052,1.99935866245635,2.00881900082825,2.01687771018498,2.02450915457808,2.03090728855867,2.03857999540349,2.04383800657883,2.05024077564128,2.05452617406556,2.05900103670904
"1246",2.50962042819262,2.51351449788023,2.51518252402899,2.51649899373665,2.51842703009395,2.52087690309106,2.52337675325896,2.52511553093892,2.52624187409147,2.52796917422645,2.52976555444574,2.53050587916303,2.53053961404876,2.53229839994474,2.53303234267764,2.53193563531521,2.53124036400283,2.52902274257349,2.52642819681706,2.52404546557326,2.5207404281788,2.51577961287727,2.51035107931799,2.50485590202327,2.49890603040616,2.49246608868629,2.48434711650644,2.475916627269,2.46878874895563,2.45881213502222,2.44867275893739,2.43833170954744,2.4289958406158,2.41698430386138,2.40589407629196,2.39074253793195,2.37601041703257
"1247",3.02501752037655,3.01877015695267,3.01410399011234,3.01138616444546,3.00609846797554,3.00378477411001,3.00226670062589,3.00070773883227,2.99832412583822,2.99708966358432,2.99645743810092,2.99455983230244,2.99214063905664,2.99194154223924,2.99107466346152,2.98870173947908,2.98693402523098,2.98404490489631,2.98099767209623,2.97847370315279,2.9755803070856,2.97175406924144,2.96785043019616,2.96398636075078,2.96027785492022,2.95600344819644,2.95102417513681,2.94521781965499,2.9415760016911,2.93510142994875,2.929418810791,2.92374116098312,2.91995774505209,2.91452808640941,2.91094457067241,2.9056022249205,2.90275980265515
"1248",2.26809670983809,2.26077918137939,2.25578757124569,2.2545977827247,2.24803778914004,2.24709692998642,2.24700712004973,2.24781657252152,2.24817289754634,2.24906284425442,2.25116551584125,2.2540053312344,2.25647488288091,2.26181899589184,2.26819142876607,2.27408593433432,2.28155261405892,2.28968667140861,2.29874797618392,2.30884476008475,2.32125139664212,2.33299877266321,2.34688154196981,2.36214177759119,2.37809898004146,2.39299416351467,2.40915729499277,2.42451535161452,2.44278479789467,2.45878850977755,2.47605094355426,2.49345351352298,2.5127907389146,2.53213859832867,2.55399216628952,2.57754165506658,2.60424218908808
"1249",2.27513160883389,2.28613123473298,2.2969978427329,2.30957813797397,2.32105421019738,2.33415285358294,2.34840127505877,2.36312510234566,2.37748874495457,2.39258114696264,2.40823627503396,2.42398371124207,2.43947528185244,2.45760099016002,2.4750441556027,2.49195320419697,2.51036871825384,2.52758603121184,2.545542458247,2.56417525159649,2.58268896945002,2.60031770869994,2.61901841629611,2.63847691579872,2.65654678014583,2.6735280618746,2.6902708194438,2.70461481369424,2.72116822182353,2.7345657447327,2.748889798601,2.76230814926451,2.77790961540946,2.79216053673832,2.8085036525547,2.8248932319819,2.84400336471961
"1250",3.68351073434564,3.67748501303927,3.67455870261326,3.67388140333832,3.67012817665327,3.66852286930702,3.66801917109691,3.66733883734766,3.66621329674581,3.66721876523752,3.66857775476366,3.66796723344734,3.66717356619275,3.66822158855983,3.6673401147037,3.66646530698788,3.66515283677025,3.66295347429859,3.65974240104195,3.65751568742473,3.65309280553838,3.65010497089899,3.64542706759028,3.64019626530599,3.63480926313432,3.62916384714147,3.62208073448621,3.61339878903259,3.60501823797489,3.59594511960554,3.5874773758699,3.57775077795534,3.57021799460574,3.56055402747532,3.55217026177665,3.5424608556772,3.53446390976245
"1251",0.818467903801792,0.848234535308795,0.867689977894422,0.881837772528184,0.90224077945307,0.916844458750766,0.928992571032297,0.938378214627946,0.94912765920564,0.959471421489546,0.967998624905896,0.977051656168648,0.985299757775342,0.9927406044745,0.997704039978737,1.00370679254706,1.00764293414054,1.0119598540246,1.01413849113433,1.01678037424158,1.0168373613553,1.01790814561861,1.01655472195334,1.0153659128427,1.01344116180064,1.01191257144274,1.00733326146821,1.0050860197879,0.998810287744455,0.996931041619535,0.992720839138119,0.987262561650118,0.980985112027965,0.972582290926835,0.963447512225771,0.952454515331921,0.937294712417531
"1252",1.98675678477938,1.9670073140905,1.94821823121874,1.93254315197603,1.9086420032312,1.89166853095051,1.87337071823772,1.85452065145846,1.83436759478843,1.81308636782012,1.792038048546,1.77112382411878,1.74807365141717,1.72577972156631,1.70523025424414,1.68274387304946,1.65906082885178,1.63822681126461,1.61595388798814,1.59363075038302,1.57651399602061,1.55861624144874,1.54251198084404,1.52750940680535,1.51901864698246,1.5096128611921,1.50434113091264,1.5049605868406,1.50852995397227,1.51583305803644,1.5249187532615,1.53812641373272,1.55202064339561,1.57082713948299,1.5931138445576,1.62281100677038,1.65585363901131
"1253",1.74370396442188,1.77457474480841,1.79851563248826,1.81948858558234,1.84502104004449,1.86658316509188,1.88785329303661,1.90794014445208,1.9281213103043,1.94847249408881,1.96812138159692,1.98760324543924,2.00655862838339,2.02695000998322,2.04539232362309,2.06335675371499,2.08194055905361,2.09879679390707,2.11568711357626,2.13303151467477,2.14880646572046,2.16363258909471,2.17851891280519,2.19405460085687,2.20757258827564,2.22053548118746,2.23200493318305,2.24192589459095,2.25281706710753,2.26141623355754,2.27006814348796,2.27767346767209,2.28691715338318,2.29399138805878,2.30259295185921,2.30947747904369,2.31755237546997
"1254",3.65890297673612,3.64775371060395,3.63951766430651,3.63337227702027,3.62349477527257,3.61634961081141,3.60983203325096,3.60282764693378,3.59507795031138,3.58907641462792,3.58331478742309,3.57528918340278,3.56664535230081,3.55951483203964,3.55078103143597,3.54097872928223,3.53039013646119,3.5187432856794,3.50565597910399,3.49294416420358,3.47845459487224,3.46389564601016,3.44732043538896,3.42957216152781,3.41220970971076,3.39417375923885,3.37419985298652,3.35355322258747,3.33365552936663,3.31132972515742,3.28880390099777,3.2657576598145,3.24358818716024,3.21829609697681,3.19328599349306,3.16314172526032,3.13317395500823
"1255",3.30233578568302,3.28031422051408,3.26632994647751,3.25941152695219,3.24241530271649,3.23434773287143,3.22844262636545,3.22453576180725,3.21977264536585,3.2166546749251,3.21558470355699,3.214580550609,3.21358159518175,3.21629248925314,3.22027919690713,3.22431218572307,3.2301323281972,3.23690623634315,3.24472635728109,3.25398209112593,3.26550992254959,3.27767541359325,3.29167678907745,3.30652231381499,3.32228316122399,3.3366718331643,3.35256674012063,3.36622762659206,3.38229168473272,3.39656406054086,3.41245905134695,3.4274476549005,3.44472774510302,3.46172574614893,3.4806626034829,3.50207284907684,3.52615223502743
"1256",3.54532826610645,3.48299316853241,3.43090931667475,3.38825403746149,3.31778931864436,3.26386406201943,3.20689834807217,3.14883153013629,3.08270166368902,3.00971481072133,2.93385473527153,2.85118088530525,2.75498442074843,2.65019974154463,2.54663044725143,2.42138574446991,2.2731424982325,2.12111597993543,1.93561861721046,1.69809440916924,1.48849268653899,1.21337359548262,0.923977736154563,0.564999404430576,0.415037548997935,0.212274344828289,0.313774995041732,0.582938274894136,0.935292485267944,1.24516320128043,1.52310995297576,1.7831391214271,1.98800640715416,2.19700573473686,2.37988139819788,2.56818151332044,2.73637164563338
"1257",0.00422068708341206,0.0140014305905868,0.0298923514026899,0.0505768558707525,0.0843939828179334,0.117545666571112,0.154734721036295,0.193587397041802,0.236830412296316,0.282220748106442,0.326402587984337,0.37243348311535,0.419219874934943,0.465105928699567,0.505918847565777,0.550333937696637,0.592783933837087,0.633754382567365,0.672801566941742,0.712182052137136,0.745714788875757,0.781344266480933,0.814003086226006,0.8469118659396,0.87495364450726,0.90290639640749,0.926732102003468,0.949441514736169,0.967099299208121,0.988634534671818,1.00761163468079,1.02311748921497,1.03856792761459,1.05100630965827,1.06283926012306,1.07342323306406,1.07993488336823
"1258",0.389079956052209,0.439853763709131,0.481716740138858,0.518417610225799,0.564933924187874,0.602307579748265,0.638472412342186,0.672410113179782,0.708346170603047,0.744139479585369,0.777593078650687,0.81202335867738,0.846092120291132,0.879449442253544,0.908888260216196,0.940730207662749,0.971091889830301,1.00066693629284,1.02878867036038,1.05747088881883,1.08233630581249,1.10853047475608,1.13289926914553,1.15788878392663,1.1796245982627,1.20124513631364,1.21987555302401,1.23801483574828,1.25294447853149,1.27043856683448,1.28616097842233,1.29950126669438,1.31316400296771,1.32446557772877,1.33591467578106,1.34644261319911,1.3544986974577
"1259",0.990681250528085,1.11729376202701,1.21706694609114,1.29966053144656,1.39682098939892,1.4705485612159,1.5408567766449,1.60557175429043,1.66837150980657,1.72867147515727,1.78420576071281,1.83727990343893,1.88827105056435,1.93850758529121,1.98270398406257,2.02607269563489,2.06904167540866,2.10720251200712,2.14468734826398,2.18161072442884,2.21387624660528,2.24468833275313,2.27454798102926,2.30442143983389,2.32942053192187,2.35338578664827,2.37456234445868,2.39200756501043,2.40980732412108,2.4242409835453,2.4384236126967,2.45026742949469,2.46401257991676,2.47447160005376,2.48615753094877,2.49518026041729,2.50507542773739
"1260",0.419333951485328,0.434328329070638,0.443302918381736,0.450070786554858,0.457882813590724,0.463803200691937,0.467477674112093,0.469338529851805,0.472626221430558,0.475394330221247,0.476953983897427,0.479992062882956,0.482369303738021,0.483904114603711,0.484440034810512,0.487339423743146,0.488037692511716,0.491466248109699,0.492988589505206,0.495495970021302,0.497807168297982,0.50282368089669,0.506610406806165,0.511295545100131,0.51725820490891,0.523571832016481,0.529271617874233,0.538287799067118,0.543534842310064,0.555816682703452,0.566660921331508,0.577008940111505,0.586712481966322,0.597125556724634,0.607663054090366,0.621475648705209,0.632374680761828
"1261",2.05229009289261,2.14087914152402,2.21108282336879,2.27014485934853,2.33859928930742,2.39183487097577,2.4438212694961,2.49239075776177,2.53880254994019,2.58424144078278,2.62691768833372,2.66693500952395,2.7055488484993,2.74492200922519,2.7795625389507,2.81293114898379,2.84669097678642,2.87598292178428,2.90503695481584,2.93388933469063,2.95872001934471,2.9825744834186,3.00558456713001,3.02833014725575,3.04711173482831,3.06487789088164,3.08034497607943,3.09167450043971,3.10380525031155,3.11248955700288,3.12155184205569,3.12827583310443,3.13740094253916,3.14342498712692,3.15080530775695,3.15610969820841,3.16306127434189
"1262",1.86499292467483,1.88238085152541,1.89946049939047,1.91864208102856,1.93630202808334,1.95549891674085,1.97586478820588,1.99694811782095,2.01799876762521,2.03948572384392,2.06142134656683,2.08421636229149,2.10674809334303,2.13183392219058,2.15624149681567,2.18073660820429,2.20673117414171,2.23178624593457,2.25762681499453,2.28407112601094,2.31056474415675,2.33616698929867,2.36307124713983,2.39084502446154,2.41672477360618,2.44112695530333,2.46539183336115,2.48692943628026,2.5104405400335,2.53085891322471,2.5519897428642,2.57195000231545,2.59387223138974,2.61458208301236,2.63731912239813,2.66059618933596,2.68638770196178
"1263",2.48939871347998,2.48925647969438,2.48782115001996,2.48680531139035,2.48509825457803,2.48505328507594,2.48508106056143,2.48455082732175,2.48336063541624,2.48269269471312,2.48226378375544,2.48098550805858,2.47895203121313,2.47872771944895,2.4778895688339,2.47524653205611,2.47304404338461,2.46974943894626,2.46614334924945,2.46279909170722,2.45919787031393,2.45398833889491,2.44867263744244,2.443475000697,2.43837484240956,2.43273931690326,2.42601580866807,2.41937420660906,2.41439073248709,2.40693033695731,2.39962842687477,2.39256937829799,2.38667859248231,2.37896089754426,2.37267334545879,2.36382017948125,2.35628483072917
"1264",0.536946377019417,0.641677695105433,0.728277073755422,0.802486342089641,0.892158146716658,0.961754595976251,1.02872090281054,1.09094373734977,1.15288550996079,1.21285682118498,1.26820051312738,1.32222642136946,1.3745312490049,1.42556390130487,1.47048703204555,1.5158705342596,1.56015337178507,1.60056654614475,1.63982141320732,1.6786991260432,1.71264630659463,1.74592827515054,1.77779535675711,1.80985835601506,1.83699886878179,1.86331197588047,1.88650216524957,1.9068085896779,1.92616117023363,1.94392700824635,1.96077727636974,1.97511409402287,1.99078746753791,2.00330607034683,2.0166825203041,2.02774789005719,2.038473320374
"1265",2.64879433905214,2.65083738165977,2.65846768173029,2.67184134422668,2.67948583948825,2.69261460180299,2.70836988526117,2.72611744366579,2.74322107483844,2.76152773354878,2.78121740925211,2.80128937535471,2.82133610488767,2.84484269319539,2.86805403911194,2.89119764247372,2.91625878450834,2.94024462843255,2.96520190567102,2.99083550411781,3.01655511815456,3.0418460917059,3.06829051562084,3.09508742306977,3.1200978317798,3.14328786796692,3.16652124902427,3.18596661235665,3.20721979774642,3.22545350487994,3.24474091120231,3.26225357642867,3.28201470380171,3.30044533505849,3.32060044380173,3.34191860497396,3.36567249195534
"1266",1.88327273002851,1.92417454058728,1.96140919274096,1.99793369511369,2.03624163284225,2.07123153057128,2.10716146975907,2.1428515384512,2.17781150297395,2.21272099453672,2.24697063489928,2.28094610121677,2.31421316580435,2.34945844993804,2.38234908985752,2.41479801620752,2.44842844732986,2.47943940082905,2.51089863656863,2.54246314031849,2.57239181342233,2.60111695670696,2.63039773755973,2.66000738010748,2.68649949509363,2.71141486467129,2.73536665077201,2.75556557104721,2.77742048511383,2.79563179507887,2.81448026051736,2.8315754201512,2.85085211485559,2.86820343260815,2.88737061523652,2.90629352739308,2.92759237808002
"1267",1.58977934628866,1.61293556477633,1.62981615327655,1.64437134443789,1.66221593048055,1.6775302138276,1.69219518000065,1.70568040988451,1.71954381041473,1.73349658854609,1.74687582206489,1.76053227166293,1.77364442311065,1.7879762812554,1.80087096175297,1.81359532927798,1.82656389506626,1.83875767800077,1.85071226083478,1.86325772953323,1.87480997960732,1.88578398803885,1.89675209980492,1.90851897022948,1.9190898248771,1.92929312654156,1.93819491127523,1.94671766645693,1.9556476391576,1.96366587646383,1.97147404107049,1.97858525743651,1.98691567018602,1.99357111494716,2.00163701279404,2.00860494788292,2.01619842546377
"1268",2.49251843658737,2.46920540958417,2.44974795931574,2.43506693355095,2.41120241289813,2.39561300866926,2.380073757572,2.36506364724251,2.34866626566246,2.3320655093013,2.3166083792633,2.30126640541462,2.28457944204933,2.27015751705959,2.25788407341063,2.24387074509394,2.23050812374744,2.21920364020227,2.20810764537141,2.19769605392331,2.19232540975125,2.18599972243644,2.18256899748923,2.18074038562152,2.18343308245155,2.18514170340665,2.1905049207622,2.19834028431535,2.21050839045814,2.222218489125,2.23608001938038,2.252486709857,2.27058636467383,2.29135184370753,2.31550996455248,2.34423851559306,2.37717181672798
"1269",2.24888239596255,2.27830125582419,2.30058595658155,2.31920060998926,2.34337883708056,2.36284926156912,2.38223943731197,2.40021553917143,2.41776442103094,2.43581015101646,2.45315649868285,2.46927306627205,2.48483905060565,2.50196099372474,2.5167083792216,2.5301624297694,2.54428530455248,2.55576209098499,2.56717656055978,2.57889415260317,2.58823083994478,2.59629458805497,2.60383906260388,2.61152943398305,2.61698855006497,2.62204763356653,2.62493038407056,2.62581934992838,2.62779214548124,2.62643972416718,2.62507218837592,2.6224262868661,2.62149106920627,2.61726371446852,2.61410449887334,2.60692544812923,2.6004135626546
"1270",3.52328331140954,3.52957563607738,3.54125608509737,3.55719196999919,3.56912041265188,3.58347478527736,3.60030407636076,3.61808759187128,3.6353098321579,3.65470283353932,3.67461743191033,3.69322626855388,3.71192111216929,3.73299606835569,3.7514994243024,3.77124133550835,3.79093592478186,3.80944492845707,3.82720032692224,3.84599462552726,3.86171298647186,3.88017781796233,3.89681607420163,3.91270778934057,3.92676378503977,3.93983728521253,3.95135445600947,3.95922133308668,3.96526589503485,3.97285244737232,3.98081170561183,3.98547660227417,3.99236704824747,3.9972906929,4.00276721043168,4.00999259672674,4.01743947501298
"1271",0.101651982247145,0.140443403409345,0.174242470906129,0.203429934211747,0.24647136495512,0.279821061137006,0.312256010947019,0.342117865812291,0.374660409907736,0.407586834375673,0.437772083771881,0.468413830228175,0.498985791532596,0.527779730657992,0.551522176414451,0.577852957177571,0.601583146594636,0.624101988768015,0.644147293323594,0.664620673244489,0.678987440621017,0.695419035923267,0.707928595667678,0.720360593124262,0.728926474550031,0.738289311058025,0.742458821735194,0.747131060684576,0.745433376858651,0.748672170378194,0.748456901573406,0.744793146462205,0.740127019766604,0.731148449311946,0.720088393191037,0.704631873781127,0.682356492807404
"1272",4.81669772692672,4.81626936612231,4.82065230381186,4.82753683468153,4.82862744284882,4.82913076016234,4.82999844096927,4.82956785803187,4.83110829206871,4.83701867583794,4.84184880701077,4.84435670489948,4.8474840995918,4.84997128509784,4.84685582211125,4.85079478230241,4.84925369165884,4.8505243464728,4.84680275212482,4.84591635840333,4.83783042329304,4.84097594422452,4.8366106491016,4.83022945941391,4.82413375104124,4.81894188113759,4.81022233206669,4.8005448893713,4.78118486269493,4.77511341677494,4.76766321354927,4.75469777318404,4.74319560591541,4.72993860780913,4.71516187563434,4.70512955396137,4.69069195975439
"1273",2.28615504472047,2.28201817065227,2.28319341265848,2.29057878805212,2.2907807616024,2.29811834781469,2.30765184695555,2.31937989499884,2.33079158171075,2.34312025017041,2.35720295977242,2.37266316469583,2.3881516794313,2.40731088129578,2.42741338364276,2.44770185223867,2.4702546865425,2.49292154540118,2.51698094970606,2.54195124307682,2.56868122383907,2.5946616293751,2.62283443614105,2.65198938630115,2.68011068892911,2.70629313544489,2.73335891777606,2.75736882008587,2.7839787694728,2.80717568108682,2.83149452452389,2.85469056190602,2.87990617646311,2.90439481064756,2.93096168153736,2.95907054374164,2.99005130571314
"1274",0.496882990283519,0.533091753728927,0.571455752267357,0.614184830134355,0.654801962126883,0.696068902915819,0.739097988832719,0.783643295249332,0.829729912401528,0.875743859630464,0.921205883081399,0.969526356875726,1.01751807227321,1.06661412513156,1.11353490917668,1.16336311525017,1.21303646777133,1.262374075549,1.31124767189001,1.36020397049773,1.40775828080553,1.45541013397693,1.50319889524437,1.5514844935191,1.59589906383278,1.63795045038898,1.67898243698647,1.71683890095868,1.75405001509129,1.79035724768744,1.82595583816059,1.8591504631329,1.89323930279779,1.9261066358576,1.96023702964437,1.995822525919,2.03203835119795
"1275",3.38991415246338,3.37865684613969,3.37080933692147,3.36587466717429,3.35665793077945,3.35130655916417,3.34697370166032,3.34276937234921,3.33774905069757,3.33427921226979,3.33151846226443,3.32722153727336,3.32248371817931,3.31995753342092,3.31666087523985,3.31232841661297,3.30826906895771,3.30345709894015,3.29823209366699,3.2937259232967,3.28874789062211,3.28367761491175,3.27821533024797,3.27263022372583,3.26760591980257,3.26204630312819,3.25600516411772,3.24904007946341,3.244035658333,3.23691382331784,3.23082396818493,3.22463440654989,3.22058391677108,3.21522039196971,3.21180847612002,3.20756594476779,3.20617239133513
"1276",3.02614090656448,3.02375868106204,3.02018440589468,3.01625359992641,3.01253404410646,3.00939624536227,3.00625145879926,3.00198512729352,2.99679192839988,2.99250659541727,2.98809133978834,2.98150585213138,2.97396456198262,2.9676805286469,2.95973292487332,2.94917791874162,2.93808777124043,2.92470594255345,2.90983654181893,2.8944736892631,2.87670977698383,2.85640844972436,2.83348852258381,2.8086085149438,2.78266772171927,2.75544061461042,2.72379810783446,2.69139909580288,2.65801465168139,2.61934775263733,2.57720721692633,2.53266129623824,2.48475741651422,2.42756939478982,2.36395788243796,2.28008150931012,2.18061116618351
"1277",3.0180347529531,3.03030056565561,3.04221301640458,3.05460927741386,3.06761857899576,3.08020115794319,3.09405552731461,3.10776385401494,3.12080211296564,3.13526143923236,3.14989103235033,3.16306736166099,3.17603756925475,3.19126102931931,3.20444763035654,3.21702890369714,3.23034956417356,3.24161746782861,3.25285785262354,3.26479937939587,3.27461016347906,3.28455243266587,3.29391719863007,3.30322346617797,3.31088667364003,3.31795355145746,3.32364232702035,3.32656255134538,3.33053187544289,3.33220501915851,3.33462786233127,3.33546352693577,3.33872549821449,3.33966588794472,3.34214483060041,3.34341409958529,3.34671670415064
"1278",3.84493182681808,3.81876505385231,3.79830769781647,3.78211956147421,3.75638798879414,3.73701988681167,3.71783098205873,3.69834946415573,3.67733697524349,3.65736266139695,3.63774583302771,3.61567047939036,3.59199249285873,3.56943942364112,3.54664940767297,3.52167280589991,3.49509557289157,3.46873175978279,3.44018620349483,3.41111445336115,3.38342857176189,3.35430480994791,3.32405240010595,3.29214925161319,3.26431193973818,3.23454360612071,3.20584369026734,3.17951609060668,3.15680614818316,3.13240767931342,3.10959147279705,3.09042281824744,3.07233199117165,3.05679096627941,3.04465877360975,3.03573671454317,3.03309819117552
"1279",1.8607601596495,1.89155160708885,1.92097311177252,1.95152929487485,1.98196204546998,2.01160931442851,2.04253860905343,2.07387744495778,2.10478983483325,2.13587157636598,2.16682664478267,2.19809187424844,2.22884312917396,2.26189128036781,2.29327064778494,2.32448016825195,2.35705900002386,2.38763493075879,2.41882898131742,2.45027028511839,2.48075469412509,2.51009257699992,2.54032780637572,2.57105781258316,2.59899326141828,2.62524367709389,2.65088309577893,2.67294540277043,2.69681223160641,2.71710725268581,2.73807647532292,2.75743084067344,2.77888063202323,2.79868598507312,2.82037906627304,2.84223746639777,2.86655982297952
"1280",3.86106336539726,3.8232537681713,3.79296378248648,3.76867329352873,3.72945765116323,3.69979888581201,3.66970447226338,3.63939010479379,3.60625167654112,3.5727687140967,3.53947322779466,3.50330909877827,3.46385170205733,3.42473114719026,3.38689333451457,3.34464758457206,3.2995105306542,3.25582109726394,3.20869717352616,3.1589956387842,3.11602209438463,3.06908767884187,3.02327327030642,2.97545165874826,2.93898130748216,2.89850253376517,2.86692734481372,2.84420415654964,2.83205548434483,2.82152829946917,2.81756184255113,2.82485143608509,2.83435465692618,2.85622024875803,2.88527798602027,2.92870859256493,2.98131182431186
"1281",4.35116901887232,4.33556422899131,4.32594544031885,4.32029283395586,4.30646790088289,4.29642331702143,4.28709856584753,4.27749804270347,4.2680222473576,4.26141183588365,4.25498529688357,4.24645856001444,4.23778990114934,4.23025189732448,4.22057750848469,4.21324382150086,4.20373239556429,4.19570598418397,4.18544237992198,4.17695509771182,4.1665279850281,4.16091539323883,4.15263753734022,4.14367018090081,4.13651128877451,4.12932814970452,4.12171076010972,4.11348894557852,4.10368604571548,4.09790042657588,4.09299648162318,4.0864953245962,4.08228167504172,4.07762572107936,4.07411248557211,4.07362560042325,4.07418903498051
"1282",1.47150724627602,1.42444769637887,1.41256968409319,1.43505661617705,1.41478850441236,1.43162434324843,1.4592677277864,1.50084870901661,1.54253938264977,1.58538060543619,1.63496262865038,1.69280142026591,1.75058186100076,1.81497273642647,1.88323117302578,1.95365224092292,2.02632304796855,2.09936646316171,2.17272271977591,2.24399138641009,2.31787802605284,2.3879626713122,2.45978827917769,2.52984114742253,2.59476270457089,2.65301830225584,2.71177205118831,2.76296790494007,2.81533668760879,2.86198837364689,2.90844710920819,2.95149313401938,2.9951917647291,3.03757869150651,3.08078248713105,3.12623619058659,3.17325102449372
"1283",2.09260578491589,2.1256860846876,2.15540873324458,2.18449567469314,2.21551718689637,2.24397450081014,2.27339881502057,2.30261918835342,2.33120239789997,2.36008454311212,2.38860699707419,2.41670468108224,2.44427001850028,2.47398026778839,2.50161996083033,2.52867978732391,2.5569959644146,2.58287969296453,2.60925916591168,2.63592574148105,2.66106579749116,2.68515159013797,2.70974840003101,2.73472728352594,2.75700455771915,2.77798108624125,2.79799750157648,2.81460333347515,2.83293646864197,2.84776289003308,2.86330166334159,2.87726110281634,2.89347213150692,2.90772772874483,2.92382596748363,2.93944857964407,2.95748027152756
"1284",0.219027541699948,0.224229806347059,0.224428683375179,0.222602983184267,0.219989397617813,0.216405465620665,0.210158519797826,0.201939425906142,0.194323939708714,0.185728568161615,0.175941294048347,0.166731345831733,0.156455954485715,0.144876512648262,0.133181157514569,0.122518015232315,0.109875664448173,0.0997216904115047,0.0881809381604579,0.0772368881733961,0.0675940174657451,0.0594521713113885,0.0511814635651102,0.0435326922315617,0.0381301973119058,0.0331295331541313,0.0289409273060016,0.0266920949149467,0.0240001812568267,0.023388160212393,0.0227069124243367,0.0226104392841963,0.0222544376096068,0.0228383883208355,0.0236194790800207,0.0260168478880619,0.0282550815360827
"1285",1.35747027008685,1.37232731140692,1.38061188153774,1.38650443020231,1.39443756273379,1.40082446872046,1.40558306325999,1.40862166217608,1.41220139997573,1.41546850162441,1.41791708263131,1.42083306617961,1.42284809977923,1.42521161484634,1.42648122207845,1.42773887879818,1.42802004424544,1.42883245715735,1.42837235722639,1.42840826575169,1.42788916099621,1.42739697618899,1.42606615431943,1.42530302208739,1.42492964838007,1.42452152813694,1.42273913951929,1.42307625340969,1.42211413533525,1.4234546121319,1.42382423075576,1.42414198509052,1.42457899070387,1.42416024439979,1.42453682440269,1.42472899081779,1.42384385929446
"1286",2.61865083581771,2.62928781654445,2.63864844046921,2.64832052015902,2.65862425814268,2.66907929958605,2.68041592748135,2.69158714726319,2.70219215424711,2.71376091414972,2.72559959709931,2.7365628043152,2.74719498565057,2.7601326221767,2.77176646584797,2.78234695507755,2.79401107908892,2.8038921213847,2.81407649038292,2.82485257094397,2.83453223562591,2.84336790296264,2.85241026926071,2.86180965547896,2.86990825088809,2.87736694707327,2.88384353023555,2.88824450227585,2.89453635185573,2.89771690697578,2.90166053649183,2.90473604864021,2.9100153397883,2.91326931261701,2.91835660100614,2.92197231500802,2.92793115738636
"1287",2.9776827873758,2.94657507018283,2.93065819315359,2.92863822578226,2.90853132938386,2.90476537227874,2.90558263003611,2.91174558080857,2.91726293181476,2.92467135052011,2.93607198649188,2.95013048079652,2.96484380483254,2.98522376899108,3.00868711180466,3.0333796792301,3.06128751861133,3.09069190602077,3.12197229121042,3.15427311202718,3.18968552817632,3.2249702219263,3.26258490554714,3.30029679474802,3.3367477838907,3.36981471287982,3.4040706016262,3.43343158931763,3.46405327374908,3.49195024334959,3.52066643616811,3.54673094551119,3.57434607435814,3.60095199742344,3.62846486789297,3.65867024339443,3.69013317467314
"1288",2.73950540385755,2.72067333256601,2.70303672792935,2.68738013683438,2.66642454950648,2.65043483997221,2.63372144258985,2.61607226937753,2.59670759316417,2.57698341798957,2.55724198040573,2.53568692170097,2.51197524640991,2.48886603803268,2.46568651773017,2.43840888226113,2.4094020070457,2.37952429918813,2.34684096831882,2.31219343353183,2.27805583473,2.23936720082546,2.19794750120292,2.15319066400931,2.11084310876998,2.06518514035556,2.01677920099922,1.97186977686017,1.92624393287013,1.8781373280218,1.82667694593191,1.77741469386326,1.72303863970196,1.66679957720354,1.60775099404784,1.54282057980399,1.47436969015125
"1289",1.53750580374416,1.56472117756305,1.58220720819556,1.59465488115449,1.6135054127969,1.62716968990086,1.63919766050573,1.64884246252491,1.65889097150401,1.6688085246597,1.67742434167944,1.68556189667056,1.69283405903055,1.70037173353407,1.7056123698226,1.71001100280896,1.71359573861005,1.71581283482768,1.71670629315802,1.71770388253369,1.71612584549728,1.7135448178796,1.70911476922559,1.70451384354218,1.69845383513544,1.69236693935704,1.6828583211145,1.67411085422268,1.6634581055422,1.65278673688951,1.64011765384087,1.62615878105318,1.6117049844714,1.59327498381222,1.5738844676981,1.54849520881149,1.51902103935762
"1290",2.24409736335647,2.20935717599839,2.18345796171477,2.16738463456995,2.13423048786476,2.11559518490236,2.09819962598149,2.08376413073045,2.06818816994759,2.05253977751307,2.03990113457215,2.03018818779917,2.02002671436468,2.01440023647858,2.01427836354794,2.01518266311887,2.01916615324117,2.02866289582904,2.04082397988613,2.05524183145087,2.07876873594097,2.10271263880328,2.13248251201907,2.16495192865904,2.20096634408081,2.2341697722681,2.27227947100721,2.30926507857185,2.35023538975457,2.3887024145453,2.428615344765,2.4684270827141,2.50924940847019,2.55147290104563,2.59583046926306,2.64451850949405,2.69599481172003
"1291",2.19279170365262,2.15941547707,2.13093423989323,2.10878154879472,2.07245900034741,2.0474549054565,2.02157883580077,1.99623169595953,1.9688225220029,1.93993446157558,1.91211008121987,1.88499280485335,1.85545581256489,1.82758023849883,1.8037174575011,1.77821121987876,1.75258460670185,1.73229690038831,1.71203953110852,1.69269862049403,1.68367901202919,1.67494821220389,1.67183605784815,1.67184941812064,1.68135100956422,1.68944816674619,1.70578065052385,1.72745870415034,1.7546478215758,1.78422311623113,1.81659820255765,1.85266413026046,1.88949927107283,1.93168401624442,1.97719428841257,2.03097473485691,2.088145168444
"1292",2.89761693907904,2.90378700705163,2.90962024402278,2.91609209921505,2.92265481493922,2.92979107596459,2.93789714018887,2.94581674847115,2.95309284633362,2.96160379203518,2.97043755388559,2.97801148525324,2.98527750565606,2.99479971317899,3.00288753172743,3.00989431923769,3.01773679780353,3.02379386723912,3.02990776829725,3.03664555554245,3.04198409577673,3.04675744173226,3.05130344344153,3.05595634216228,3.0595223248891,3.06256789619182,3.06441724303266,3.06427934273483,3.06580793901928,3.06442925309013,3.06376539736626,3.06218649629559,3.06280573270935,3.06117448085997,3.06120770790812,3.05929541810875,3.05954059010759
"1293",0.183972746437835,0.192468388572646,0.197896817110577,0.202777990105313,0.206884588756962,0.210698301003331,0.213090352302986,0.214607902411065,0.217358042817803,0.219813173864133,0.221655454273431,0.225172212381842,0.228427700921427,0.231275488946418,0.233881463952637,0.239171931739552,0.243002314708334,0.249864358392672,0.255601557286051,0.262523195597536,0.270095209559573,0.280721821111984,0.290979018428194,0.302427202930891,0.315192102649716,0.328202361424478,0.34142388551398,0.357332573274004,0.369794758336682,0.389303332146325,0.407724795841862,0.425442530951074,0.442601858984776,0.460897832733072,0.479300279335279,0.502007967447515,0.52174390468061
"1294",1.41234233223476,1.4376515390075,1.45410762865388,1.46631554699299,1.48377212836124,1.49693658583807,1.50850890591937,1.51794844727506,1.52796381143643,1.53781494403373,1.54649464708763,1.55514496867916,1.56299616313433,1.57116556990058,1.577358915554,1.583222347348,1.58829889035284,1.59264848809561,1.5958029239787,1.59928468938605,1.60081669964609,1.6018548494723,1.60152601410776,1.60143788603928,1.60033698727515,1.59924773557543,1.59556215184508,1.59289332778382,1.58866947323568,1.58525293697456,1.5803956994258,1.57466197241125,1.56895488289372,1.56062649903698,1.55233306952609,1.54083164538293,1.5270312154278
"1295",3.74106090224157,3.7279723770982,3.71784482391321,3.70971553002041,3.69744466401952,3.68794895443913,3.67883733765692,3.66900687741953,3.65834630103415,3.64935927190769,3.64043985193283,3.62896656424589,3.61664907249255,3.60550395630772,3.5926177622262,3.57833967129726,3.56275006982294,3.54599789383905,3.5272434090044,3.50846200185792,3.48763379527779,3.4661668629253,3.44189796468918,3.4156635846024,3.38984543866559,3.36283522357335,3.33299554771919,3.30268775871472,3.27244611572694,3.2387545735529,3.20354046919236,3.16742894007569,3.13028833852005,3.08806672311047,3.0436745261789,2.98885931146896,2.9295271784226
"1296",0.421665466032247,0.443150580230074,0.454685786747938,0.460545469670357,0.471894592932426,0.477565375634788,0.479758793464133,0.478408452522838,0.478298590117338,0.477261088139179,0.473787029624973,0.470282037962522,0.4653903678951,0.45804902531402,0.447968656874654,0.438570620064886,0.425142322337631,0.412615567480453,0.396214095454156,0.379409261251103,0.359515785581124,0.340739264055003,0.317697987704702,0.293464858359515,0.270047412935999,0.247211501768131,0.221374605278255,0.199780731824758,0.173932402236979,0.153701167335377,0.131633457468691,0.11041219241248,0.0889246848749537,0.0684190302194855,0.0493545632186938,0.032150179716453,0.017733802202865
"1297",3.21753056913912,3.21377152161296,3.21191494614338,3.21199590419279,3.20988469477443,3.2101399739031,3.21146695149631,3.21280252367299,3.21343570052343,3.21558365773994,3.21828860009231,3.21953244475363,3.22045875490898,3.22363751290541,3.22565229818286,3.22668457266869,3.2282312722278,3.22850242405423,3.22855246994909,3.22932068899113,3.22898207768529,3.22847350490913,3.22750956542818,3.22648049369364,3.22513612363406,3.22331443295924,3.22052838452514,3.21620644561857,3.21353451271873,3.2084452658465,3.20418070407178,3.1992761907977,3.19654829289836,3.19188361363426,3.18892699606405,3.1843835428033,3.18219293519481
"1298",4.70122926302201,4.68918773087647,4.68468985510754,4.68533378082851,4.67589727307853,4.67011928643319,4.66542148626113,4.66078625545409,4.6574700647125,4.65815491097965,4.65896040607444,4.65830843882599,4.65828490851839,4.65906184845015,4.65653350886929,4.66006032519951,4.65995402228544,4.66314170661994,4.66289915630646,4.66546777131987,4.6637870211389,4.67166599654956,4.6743864401844,4.67569428075615,4.67780856987836,4.67998634247627,4.68014672629922,4.67877710154972,4.66957151219966,4.67147103291673,4.67250732111947,4.66840015914733,4.66560228291574,4.66146650561238,4.65590736708368,4.65561970608504,4.65117111260502
"1299",4.29656900109285,4.29167839354186,4.29220585284081,4.29618298071385,4.29485726738758,4.29537115193485,4.29720667903268,4.29887874532486,4.3011449148363,4.30676803041263,4.31239941605462,4.31605170817541,4.32006916850387,4.32518999728987,4.32683400320238,4.33198374131132,4.3347310088722,4.33833108880313,4.33938496063497,4.34241813898873,4.34106364851178,4.34602913399485,4.34688408734158,4.34659425059738,4.34614117463506,4.34581559361358,4.34337044457437,4.33899960839884,4.33016021013717,4.32746490321798,4.32467780828043,4.31824769354706,4.3138987937421,4.30783856432062,4.30177418170121,4.29840063423916,4.29392636123124
"1300",3.13411779963673,3.1233846122152,3.11425261866297,3.10687807250551,3.09641495458756,3.0891716953429,3.08230842248688,3.07501841284041,3.06667418975177,3.05929359018892,3.05229432788752,3.04354336626119,3.03388717956901,3.02595623957803,3.01727563907855,3.0063584568271,2.99532151197073,2.98301197049651,2.96976007441773,2.95646011607944,2.94256389307669,2.92687218338481,2.91012681378626,2.89250415812062,2.87546543103101,2.85749702037112,2.83792245672199,2.81844356494977,2.80053694028069,2.77926625169631,2.75771733114745,2.7364928228025,2.71569024276088,2.69218560120502,2.66916644058259,2.64108735735805,2.61332366782075
"1301",1.84981373253296,1.89229989534289,1.93159101613424,1.97052346806485,2.01072901314824,2.0477379420307,2.08578865874224,2.12369644602671,2.16078073485887,2.19771333590147,2.23394237300902,2.26993752418389,2.30515943577396,2.34235674648787,2.37713734031149,2.41150563291519,2.44705218402828,2.47991058706837,2.51320881858087,2.54653796584717,2.57822418794979,2.60865825496113,2.63966940011521,2.67095642435606,2.69899242379077,2.72531409497686,2.75070075828643,2.77215124706219,2.79524369634295,2.81462790089673,2.83464718556008,2.85282935033164,2.87318094700354,2.89162869548114,2.91187477118312,2.93201407945603,2.9545360212383
"1302",3.1048489932316,3.0865905586577,3.07197128532418,3.060881455411,3.04360946063669,3.0320692929119,3.02108920451576,3.01027147822453,2.99819261930867,2.98688136102175,2.97641211590655,2.96471306155224,2.95202962156216,2.94148137281581,2.93129346011724,2.91901009508209,2.90704108348748,2.89489932971296,2.88235888236358,2.87008831566834,2.85931891913317,2.84710800124944,2.83543745305293,2.82383966227045,2.81440543580562,2.80409226592192,2.79451499630614,2.78577479631155,2.78032915832157,2.77257572908578,2.76622045935017,2.76151179903704,2.75857335229887,2.75595778726833,2.75606226835591,2.75689365315772,2.7617252420923
"1303",0.000273927956938823,0.000723259435809983,0.0014855131307537,0.0026309855371229,0.00485607724121899,0.00753691723790661,0.0110636352217551,0.0153609902007854,0.021119424529299,0.0281840615433831,0.0360121685176152,0.0455136929024368,0.0564120012202491,0.0680816426086825,0.0792611842628818,0.0932545634295899,0.107123072451939,0.122260068335653,0.137059684207595,0.153081409018564,0.167055064148574,0.183866089236178,0.199203335306382,0.21521654084986,0.229603133077333,0.24459735950286,0.257343632780156,0.27090117763651,0.279514743745645,0.29399590548557,0.306385929673251,0.31639134699357,0.325706951528816,0.333622506883426,0.34047385318439,0.347922359567364,0.350765306042891
"1304",2.52211619784825,2.52459826800448,2.52932166726183,2.53732371577607,2.54211692286618,2.55054878374554,2.56055376137927,2.57154320227997,2.58203025580756,2.59350607760559,2.60599158631249,2.61858337774438,2.6310232498904,2.64646442538999,2.6616867820851,2.67640137946422,2.69281655113986,2.70835516382811,2.7247817866304,2.74201362287032,2.75960666375107,2.7765089355883,2.7946922594575,2.81362756749273,2.831554920859,2.84829110512637,2.86515580271839,2.87950294967393,2.89625312612388,2.90987922717571,2.9246488431456,2.9385246331812,2.95468457288192,2.96971209344003,2.98687636571953,3.00458833963297,3.02522163327899
"1305",3.06181206138513,3.04485054045327,3.03111444295641,3.02062071453911,3.00445980659286,2.99367771155031,2.9834047021918,2.97321005469403,2.96178853744825,2.9511116988692,2.94121397781107,2.93007388257456,2.91795196902531,2.90791192710702,2.89811970520755,2.88618562303844,2.87453782321341,2.86257642485387,2.8501699508353,2.83798197096281,2.82706416628284,2.81460337446293,2.80252491534894,2.79043643743253,2.78030584368189,2.76930339381195,2.75875923296071,2.74902397169576,2.74238749044816,2.73335811658527,2.72553927082545,2.71926844119731,2.71463361110197,2.71005446246428,2.70802514643449,2.70622123564263,2.70813862284726
"1306",2.29597880065161,2.30316955018254,2.30451081991548,2.3028298767552,2.30453691193138,2.30438809772147,2.3030149000839,2.29951786443989,2.2953594437738,2.29122200870486,2.28622394440146,2.27940961909342,2.27120854059262,2.26332509574917,2.25343099229121,2.24042256988361,2.22604533664223,2.20917556792122,2.1898881943648,2.16934356188107,2.14544989345941,2.1178707896949,2.08606521379894,2.05113613673021,2.01418044422438,1.97524400614715,1.92891835638741,1.88260761999437,1.83081416489679,1.77390579707851,1.70873626376945,1.63790706920631,1.55702407846359,1.45887089550979,1.34287717470997,1.18603138862347,0.983913267246549
"1307",2.89846132680979,2.88636880882388,2.87568081912566,2.86694936031904,2.85457775356381,2.84609832173835,2.83780254159608,2.82913638036146,2.81933385758262,2.81011872732413,2.80135086022925,2.79119001595026,2.77995753426084,2.77045639637698,2.7607137285419,2.74850453334691,2.7362796091843,2.72316112143311,2.70921317023451,2.69513781889831,2.68135552258496,2.66545362772598,2.64905603681374,2.63208219062763,2.61632525926775,2.599597811685,2.58197420841767,2.56524212091895,2.55052422117158,2.53304133257335,2.51565365640019,2.49936712001596,2.48367595624239,2.46658805701732,2.45080762062692,2.43226985131571,2.4153488768664
"1308",2.74468120460551,2.73360397721997,2.72400975302682,2.71670166388213,2.70549561042503,2.69853836769282,2.69189254097182,2.68514146131494,2.67738481516975,2.67018086100236,2.6636100053888,2.65613247810911,2.64775013138454,2.64139672859387,2.63515630691859,2.62688153251393,2.61905417324539,2.61075612296866,2.60216519986888,2.5938343906326,2.58646142929422,2.5774588175403,2.56886785171982,2.56046617906446,2.55341187786031,2.54562779707221,2.53787866549311,2.53081270186255,2.52636595177182,2.51961880064035,2.51372128391218,2.50897229884808,2.50568512483116,2.50193838349533,2.50042618499665,2.49843681145388,2.49936229083502
"1309",0.528996764599739,0.551984260504508,0.566131092620054,0.575846657290541,0.590039688704746,0.599639266684323,0.606516366223638,0.610684338378305,0.616341130389796,0.621433126213577,0.62468872416385,0.628742544109298,0.631922901674175,0.63375072078404,0.633440366021004,0.63475916421504,0.63330690819899,0.633330200387872,0.630730843001991,0.628628454010817,0.624470710132348,0.622232802570249,0.61732777827715,0.612524139336447,0.608055014944573,0.604101448176431,0.597712457375215,0.594734732939341,0.586977878537997,0.585729945784962,0.582153650330612,0.577741465890542,0.572158099114187,0.565749954359327,0.558596181697545,0.551723294590053,0.540761487625923
"1310",2.99365117731262,2.99962957191823,3.00973796757976,3.02387895903894,3.03445821951337,3.04819616673912,3.06426249901389,3.08154327719872,3.0980902866363,3.11613657260601,3.13506172917778,3.15338276974193,3.17165500661476,3.19288883837137,3.21281134614328,3.23270869776688,3.25386380233856,3.27351615847557,3.29356259118509,3.31436961226585,3.33394381370975,3.35392789867324,3.37400331121155,3.39408323150581,3.41237911065704,3.42936603645856,3.44572838673954,3.45847349196281,3.472125790424,3.48389539466461,3.49660179132798,3.50723343191364,3.52026073282181,3.53161476532292,3.54444697966258,3.55815567900666,3.57385043424522
"1311",3.03673125667068,3.13282473632616,3.20251275940991,3.2559089835903,3.32232827676818,3.36900470829137,3.41367333330445,3.45349051609128,3.49125733406673,3.52927718248746,3.56403773019677,3.59441562541396,3.62376457454168,3.65306706155855,3.67596518327799,3.69865567076523,3.72003718100218,3.73713801213101,3.75247125501879,3.76816538710237,3.77700434702424,3.78773704945405,3.79470947788834,3.80039115657266,3.80231889945511,3.80429044120603,3.802074093659,3.79606106728166,3.78772762370681,3.77908768797819,3.76982793083545,3.75678102777756,3.74583826060547,3.72990495847381,3.71364099489113,3.69228818119063,3.66936063656082
"1312",2.6147792785026,2.60973245233375,2.60696926090685,2.60739752194045,2.60391145340265,2.60483019946003,2.60688640934617,2.60965176549661,2.61179197722771,2.61483805357531,2.61893807181828,2.62294914120117,2.62664901009487,2.63318414348007,2.63994451100613,2.64581980492952,2.65317138256967,2.66013784163171,2.66783319697615,2.6763923122435,2.68597136706219,2.69477298355665,2.70496176748985,2.71604367836411,2.72719330721779,2.73745154541665,2.74819595032326,2.75754908439733,2.76967799962139,2.77900712506616,2.78961252503899,2.80007296762024,2.81274852405029,2.82473257805284,2.83909301121984,2.8540840191825,2.87227453366255
"1313",2.34608054181226,2.34950184615739,2.34928522663065,2.34777536190402,2.34753101718229,2.34725953556724,2.34635299860587,2.34409676882644,2.3412016180139,2.33852431092385,2.33553674921624,2.33130608166347,2.32599652202043,2.32174793858745,2.31628841787885,2.30844010705753,2.30017453213336,2.29030713207476,2.27918835104462,2.26770769265283,2.25477895473141,2.23944222483551,2.22240036116719,2.20435975859464,2.18591436977861,2.16666960328548,2.14425247502536,2.12259241767222,2.10037281954101,2.07562288132634,2.04882228644501,2.02139612791866,1.99264536597224,1.95919095361848,1.92391507898592,1.87966957850424,1.83049093736448
"1314",3.86681912096106,3.87073493023824,3.88005933254257,3.89324055269258,3.90242575161757,3.91338917721791,3.92651556608614,3.9401539273913,3.95369265808437,3.96996549038385,3.98648787583477,4.00134295680087,4.01644823649199,4.03337479722826,4.04703150574111,4.06301718378979,4.07788152956008,4.0922265928466,4.10495138207555,4.11909217298546,4.12910606454054,4.1436609374114,4.15509712276542,4.16546360952641,4.17436885121609,4.18275241935661,4.18904279011901,4.19218039092189,4.19176533227027,4.19538419126342,4.19900612473611,4.19879902778012,4.20070125961125,4.20057195089333,4.20051799854909,4.20271279945919,4.20410934336939
"1315",2.44641015271488,2.41114392433222,2.38435526869054,2.36667983920219,2.33285289829663,2.31276086775019,2.29373273714703,2.27721419725354,2.25924823975518,2.24116835927109,2.22578700613069,2.21251800699187,2.19851254418947,2.18868022067137,2.18390265943981,2.17934404191923,2.1775332234429,2.18071373999098,2.18629367242985,2.19396843523674,2.21065692748412,2.2276167844447,2.25039602863545,2.27596457853273,2.30587494672698,2.33338761791876,2.36617858123138,2.39853892645902,2.43544212369873,2.47001091532815,2.50642296037997,2.54327803627477,2.58136458509372,2.62118509990638,2.66338261244577,2.71011075700918,2.75996435053013
"1316",0.0321388134274246,0.0415654618579532,0.0508456464098199,0.0605240972455025,0.0730728303340271,0.0847938768999457,0.0970499975500764,0.109583007609214,0.124226604438021,0.139854334013447,0.155392390852288,0.173030235059034,0.191568867362949,0.2102855895969,0.227657863550698,0.248653213961567,0.268717120599871,0.290484338696994,0.311341031949952,0.333481285196717,0.353583496075562,0.376920681527725,0.398777615157596,0.421553799115407,0.442705880317824,0.464123543401354,0.483542960859572,0.503876527472072,0.519275110804403,0.540995331991028,0.56063327856072,0.577889617068656,0.594621157156013,0.610378269914749,0.625594235840245,0.642541621779174,0.655391127629858
"1317",2.28326463021861,2.28266511588399,2.2827801111321,2.28530941464999,2.28484170717884,2.28797677439526,2.29185002013794,2.29618018133392,2.30011568423468,2.30465321155416,2.31002460946839,2.31568707657319,2.32097373156334,2.32885295440361,2.33695578098109,2.34435194077479,2.35310591333505,2.36168254889279,2.3709326138489,2.38102391495054,2.39223337323371,2.40259533109336,2.4144173731919,2.42730724115813,2.44020405133478,2.45223734722528,2.4647153097547,2.47617438206038,2.49018023974163,2.50171848803804,2.51430302202124,2.52681988410566,2.5413202411204,2.55522549802825,2.57147647362185,2.58840544719852,2.60824725953415
"1318",1.84693877776951,1.86885594912018,1.88675928563912,1.9038557547074,1.92282081977988,1.94048363233515,1.95837662563367,1.97583200552891,1.99331874518421,2.01112990836873,2.02879519043289,2.04666838517794,2.06413150852283,2.08350415377136,2.1016254516775,2.11940840443176,2.13816451617928,2.15568817639459,2.17355959126369,2.19202029129645,2.20978345802032,2.22666716840529,2.24418939948801,2.26254083641427,2.27926898252006,2.29519985471887,2.31034010327445,2.32377350130944,2.33872852886923,2.35121433222605,2.36412283738477,2.37616491761116,2.3900287454088,2.40231499667025,2.41647616171439,2.43004765127955,2.4455700226546
"1319",0.214816711986686,0.236421888116445,0.250908699595114,0.26118745805359,0.276944367731635,0.287555479392366,0.295836931103353,0.301568421011863,0.308895203821346,0.315859141283226,0.320911149011443,0.326547568068354,0.331568661747459,0.334884823225086,0.335684982188574,0.338314358503291,0.338036247122474,0.338811220668811,0.33689886036895,0.335334035750858,0.330873346747764,0.328498708811915,0.322961554849181,0.317179060444669,0.311094957180366,0.30567001039962,0.29736326411085,0.291843965728354,0.281230846103775,0.276629271751562,0.269552048386101,0.261286505120652,0.251753349299364,0.24100759730165,0.229117991201071,0.216590971434817,0.200287652232006
"1320",1.68773777523207,1.6763168278439,1.66819704521996,1.66570991448319,1.65398140618802,1.65052989443601,1.64762732913444,1.64628371723689,1.64501436838685,1.64384990067122,1.64432875968838,1.64737659879543,1.65017650720089,1.65603579611399,1.66444702845297,1.67414768522495,1.68549908060687,1.70007110128566,1.71589673483571,1.73334129279138,1.75536596452665,1.77784779046731,1.80356335051959,1.83135728294222,1.8606018607918,1.88815988809225,1.91818014768335,1.94772236885514,1.97951435774138,2.0104508802415,2.0422118620937,2.07378623829529,2.10654713812858,2.14013903953646,2.17594042579383,2.21516800333926,2.25671146012868
"1321",0.330467396618154,0.343367543279728,0.35192452666298,0.359481501504929,0.366854870203071,0.373435819511203,0.378336683518651,0.382097642584447,0.387383302808048,0.392362590688648,0.396552687803395,0.402690994010594,0.408501708724272,0.413939783584438,0.418836613066802,0.42670115367985,0.432922902763224,0.442273864757037,0.45028623749882,0.459600530189493,0.469265717992129,0.482036078088332,0.494233669974292,0.507710655672725,0.522209068831874,0.53687321892597,0.551371644414494,0.56852421864553,0.582099509862642,0.602553175672114,0.621706842922692,0.639988942261695,0.657800145757624,0.676400180139138,0.695264178771407,0.717991048284487,0.73795614187777
"1322",1.45865486378072,1.47575508452578,1.48545887253137,1.49200743443025,1.50184498054553,1.50920540622307,1.51490744708346,1.51864623139605,1.52280812024358,1.52669863915268,1.5296238537851,1.53260497482115,1.53463251825078,1.53693809471545,1.53777499930108,1.53811840495586,1.53744227638787,1.53661404824078,1.53436682153877,1.53237876755457,1.5291230399259,1.52537884250448,1.52028316877575,1.51534857709852,1.51030518905862,1.50520974730097,1.49791495486666,1.49252434495176,1.48551616279442,1.48011302883225,1.47329197430726,1.4661431784355,1.4587631533047,1.449498092581,1.44038213854624,1.42905631594509,1.41562817160009
"1323",4.01318004599929,4.01336706597223,4.02108065868936,4.03419217346548,4.04121913939409,4.05143201143259,4.06416286841978,4.07784220602294,4.09162775082856,4.10844609271091,4.12568214521012,4.14148752130048,4.15767404933386,4.17566467586119,4.19027915454458,4.20809249534356,4.22433773115669,4.24064869139982,4.25493098601642,4.27078163593553,4.28215611458134,4.29919455888805,4.31247772642719,4.32439024736525,4.33484635928493,4.34466035904754,4.35216785791717,4.35644595272071,4.35566843626914,4.36083587599336,4.36562941145217,4.36587300004674,4.36792942164076,4.36799143687347,4.36753709625794,4.37026686391882,4.37099855029154
"1324",1.62216911125586,1.64781461751355,1.66767067358445,1.68556307811359,1.70657326265091,1.72505201442828,1.74322117569017,1.7604733687152,1.77803961222052,1.79575647422963,1.81298205131571,1.8305325248453,1.8476098123594,1.86615046160917,1.88320223588461,1.90015467353526,1.91766066776822,1.93414539485441,1.95066043343379,1.96777031007229,1.98390278423129,1.99936974061171,2.01512262791515,2.03172656962911,2.04675277941405,2.0611971963906,2.07453020642525,2.08676137242577,2.09984598349866,2.11131423459075,2.12282994777103,2.13347848622817,2.14563482019432,2.15613724921347,2.16827119930316,2.1795877351873,2.19212677976317
"1325",2.51558321793221,2.51781565478464,2.51904490738691,2.52091326555198,2.5222130833557,2.52504266002358,2.5282637798111,2.53117018821044,2.53349169517065,2.5365067101951,2.53987652206025,2.54252650915505,2.54461897950666,2.54879734137675,2.55230938813709,2.55435453639304,2.5571967545383,2.55887019076632,2.5605939121152,2.56279636909294,2.56471744983682,2.56535436087087,2.56625507984898,2.5675460724647,2.56855995619112,2.56904576269761,2.56873784286778,2.5677599355893,2.56878058038269,2.56706324087334,2.56590089163951,2.56468837310365,2.56518279988515,2.56401035533053,2.56464955028351,2.56354465957621,2.56451104070625
"1326",2.16559311185507,2.17472698329014,2.1793964200382,2.18241496835655,2.18750038283799,2.19178927323401,2.19551263541241,2.1979712605814,2.20006504646407,2.20240624645552,2.20443061388684,2.20563097969632,2.20598200183392,2.20757908156661,2.20794677463562,2.20657071572786,2.20517983722885,2.20240018192138,2.19888567000534,2.19544522935944,2.1907986352001,2.18443070331955,2.17717293252729,2.16975574085206,2.16179097145471,2.15341636280504,2.14281201621465,2.13258692514559,2.12264327433637,2.11075433999604,2.09798955525599,2.08488502184972,2.07205590933941,2.05617666604671,2.04050819853538,2.01996439503542,1.99816848515027
"1327",3.13979582349441,3.16882169438809,3.19207383680298,3.21164715879907,3.23663063343947,3.25594459864788,3.27569528859329,3.29386575327983,3.31129694185682,3.33013911478502,3.34812223800475,3.36354265628832,3.37860367493779,3.39504890011904,3.40786888116242,3.42004667408872,3.43209244279176,3.44114212006214,3.44937137993893,3.45814390403371,3.46270648105169,3.46780249501369,3.47076998959024,3.47304613590626,3.47286169663774,3.47250454337418,3.46917833508281,3.46292023305984,3.45638057065675,3.44772681683848,3.43896424022201,3.42779407119441,3.41865111681123,3.40534633777412,3.39243531379083,3.37474147362166,3.35691642599367
"1328",3.76006214386591,3.73011079349239,3.70757457560646,3.69099678597101,3.66263060801318,3.64276569392265,3.623664447157,3.60520999167753,3.58522931654599,3.56637624461193,3.5486676057893,3.52948621866833,3.50916120066914,3.49108207674581,3.47413692356106,3.45601648967909,3.43783048947118,3.42129886673821,3.40434993862693,3.38826861412885,3.37594105161128,3.36396802381371,3.35370185596166,3.34411865376178,3.33925984682478,3.33340249993752,3.33106815359388,3.32994854790487,3.3332271990703,3.3358914738695,3.34138166478546,3.34886116461034,3.35880484115447,3.37102022372642,3.38643876408659,3.40647055463779,3.43100246495866
"1329",0.017500887895324,0.0316727623537312,0.0479171268904113,0.0654134691086961,0.0918686914367342,0.115981110640056,0.141882102522025,0.168199235108507,0.197898369043458,0.229235810219461,0.259705519234198,0.292052938987271,0.325309904298055,0.357990105226087,0.386943293016876,0.419532811773418,0.450380014303998,0.48097072480782,0.509828207399781,0.539444428389445,0.564175389976984,0.591571962841357,0.616090374549344,0.641007769119278,0.662227954465009,0.683790436336636,0.701486514935395,0.719165298915843,0.731227118752154,0.748543373491294,0.763148902035392,0.774548796772128,0.785510110523536,0.793777257572529,0.801077808256823,0.807416724778017,0.808899309726749
"1330",2.80914277075931,2.80099008235708,2.79258593231396,2.78489298249276,2.77534499119487,2.76826745264626,2.76102417699719,2.75292052214802,2.74372259187154,2.73498267163276,2.72632914610885,2.71599435093135,2.70444515748634,2.69420090620059,2.68316877744334,2.66926798908958,2.65488351080744,2.63898252740188,2.62167450914223,2.6037678166145,2.58500769930615,2.56341461434055,2.54006986274205,2.51519147396818,2.49065289154438,2.46475766617734,2.436031566212,2.40809113411155,2.38034292446265,2.34897163051125,2.31561989947466,2.2821674581322,2.24692384089873,2.20709974372642,2.16520109963713,2.11368180447079,2.05744513631916
"1331",0.799679114340066,0.838077493339284,0.870179755915094,0.900198147798817,0.934080109984018,0.963748106738738,0.992872793089003,1.02105740895515,1.05066254409002,1.0801804697069,1.10856699891561,1.13850492769359,1.16811776106228,1.19835248979575,1.22638991676837,1.25638325554873,1.28606167624715,1.31559161852109,1.34460999791092,1.37432845253131,1.40244129799129,1.43116478320813,1.45967612949089,1.48915986723961,1.516221889115,1.54246163563456,1.56731473598009,1.59102861318153,1.61377073218502,1.63705640075966,1.65961900838825,1.68049705407225,1.70230531158937,1.72275025850273,1.74438076082904,1.76654422194733,1.78865749954704
"1332",4.07518543022195,4.08574628198732,4.0976927348825,4.11005090564301,4.12219550024964,4.13215226305421,4.14310704913479,4.1530263538064,4.16325399349036,4.17647075551394,4.18899095524369,4.19887459822315,4.20893808730338,4.21971362851189,4.22592099536443,4.23479479591371,4.24127788689046,4.24709975655394,4.25029195186584,4.25503687173232,4.25403429837974,4.25842031794321,4.25821216768794,4.25662171990203,4.25373210660553,4.25114532641846,4.24541800373069,4.23734714477365,4.2250563684466,4.21737972263514,4.20933330210588,4.19757255739418,4.18796506622868,4.17556534136542,4.16313158816846,4.15089988556508,4.13773110562476
"1333",1.55584278976145,1.54797303125057,1.53815551734401,1.52959561923206,1.51596308943734,1.50652169952037,1.49537777598317,1.48323270571467,1.47071492928682,1.45726593551516,1.44366388139033,1.43078545247381,1.4162909046598,1.40226315326682,1.38918082527152,1.37555025885294,1.36062908874821,1.34852683421788,1.33501541514785,1.32197415550052,1.31232797317499,1.30298553003936,1.29453460987885,1.28727803116887,1.28449129678372,1.28128322238687,1.28031036140198,1.28411588918526,1.28860762783169,1.29748425788634,1.30693051760151,1.31873699799872,1.33087017440496,1.34606997843199,1.36367010923068,1.38674440086668,1.41121133678457
"1334",2.47226634379425,2.4703827981965,2.46839661500826,2.46784300694424,2.46534780741936,2.46558728836246,2.46622597303999,2.46677017508156,2.46670030118925,2.46722906747836,2.46830192770129,2.46892646972475,2.46895440662246,2.47117215177941,2.47319762906299,2.47382440418376,2.47531881837572,2.47614827827343,2.47713112134282,2.47867136992112,2.4806798339715,2.48146681498201,2.4829388495009,2.48502444070554,2.48738216342382,2.48914925728294,2.49072205583893,2.49198827192147,2.49556872462279,2.49673289524116,2.49869507243762,2.5009559768545,2.50498227766863,2.5080279762666,2.51321218422498,2.51779980499357,2.52495838296557
"1335",0.379811149115475,0.522481442076538,0.666483611059543,0.806958091081582,0.941932409983545,1.05843681444382,1.17192564720638,1.27987024465396,1.38119647914784,1.47592016594011,1.56364602707898,1.64836011571563,1.72839851704944,1.80660113234393,1.87748695488711,1.94720400152568,2.01566262106989,2.07835271589877,2.13970399835516,2.19897745476201,2.2541808109207,2.30681139841197,2.35896034683627,2.41027958621125,2.45556355171951,2.49763489689227,2.53794184769895,2.57245916563831,2.60777656910708,2.63869610826816,2.66962233809162,2.69770517042995,2.72755434277593,2.75517353676688,2.78425224457744,2.81345797105946,2.84460382709583
"1336",2.74003902980536,2.74003864576547,2.73842930171891,2.73658790264392,2.73498424738793,2.73417456490543,2.73339318107108,2.73172220359156,2.72924945068701,2.7274831675013,2.72574270794844,2.72245810425868,2.7183339780911,2.71576118345178,2.71198841475572,2.70595016273886,2.69994421466148,2.69212428987887,2.6834820538382,2.67475218927076,2.66463126633497,2.65244443776931,2.63900054971728,2.62478395881872,2.61008442427724,2.59467022542044,2.57669768805168,2.55850094822384,2.54099021064419,2.51994959727276,2.49785722598615,2.4752223984755,2.45249323186816,2.42553846736088,2.39793603943669,2.36257409415974,2.32483564231592
"1337",4.09519649417667,4.10069387965495,4.1122775375978,4.12795398014406,4.13911741233078,4.15156369415214,4.16614255390654,4.18104313708438,4.19619048528363,4.21446313042619,4.23265625416702,4.24901066918233,4.26571064849192,4.28367512096878,4.29746034967868,4.31486501291978,4.33001911110011,4.34520492740869,4.3578095709432,4.37206665498094,4.3808945827103,4.3961887729387,4.40690245304919,4.41604830039159,4.42367611284562,4.43097230705969,4.43547819858599,4.43698006053853,4.43254890049425,4.43518639777785,4.43722584139387,4.43445363578727,4.4334861816459,4.4303762119462,4.42656951709749,4.42592709196219,4.4228872589075
"1338",1.57667531710687,1.58540890358495,1.58880638563706,1.59058918818058,1.59321259133477,1.5955621684747,1.59645722868104,1.59581558110581,1.59533413521778,1.59453173436574,1.5931384692174,1.59193203484836,1.58967649511239,1.58795868449335,1.58546976006307,1.58232216718318,1.5783003074438,1.57468650277806,1.56979882119198,1.56521657286565,1.56048839587006,1.55524683767141,1.54926470112714,1.54365728006311,1.53890972273744,1.53397703415786,1.52786324728879,1.52413180314818,1.5196336429123,1.51691434151943,1.51338640079379,1.51027072309634,1.50723479092867,1.50352889228489,1.50075594724623,1.49769588431902,1.49398980881683
