"","1","2","3","4","5","6","7","8","9","10","11","12","13","14","15","16","17","18","19","20","21","22","23","24","25","26","27","28","29","30","31","32","33","34","35","36","37"
"1",0.0254015313512262,0.0383770974784911,0.0486185382524986,0.0590960574380922,0.0691786094317019,0.0762000421986735,0.0837296960626301,0.0904351365556071,0.0966558974131218,0.101996745218331,0.105721246901676,0.110746684459256,0.115493220493664,0.121005051865812,0.124345512609116,0.127262078518165,0.130683331626147,0.131732151795053,0.132104353806156,0.131982910510988,0.131414376143611,0.131782796223234,0.132269409037064,0.133098378550278,0.134452521606778,0.136094364384909,0.138121201299914,0.139802362727065,0.142173409524811,0.143029122509783,0.144417142194291,0.146480017727953,0.148287744388201,0.14899640610142,0.149640418432365,0.150483017161857,0.151734255312611
"2",0.317961298821476,0.317748174953543,0.318239029525005,0.319709716256172,0.322390037421662,0.324551363254633,0.327445849969416,0.330210594778278,0.334251353635419,0.335326938605775,0.336838861384009,0.339466754042075,0.341905933649948,0.343251538683888,0.344102561691758,0.346191281248235,0.350965338977744,0.354928722912406,0.357523145193723,0.360052959899687,0.362499422974502,0.363493117820263,0.364674766400818,0.364311113197844,0.364698702508109,0.36385412711581,0.360065146928576,0.357576746269156,0.357150852798693,0.357664981646227,0.358444448327762,0.358399642889612,0.358257150793598,0.358886975056344,0.359804994258147,0.361558442038716,0.360241581279025
"3",0.16635692064001,0.165883059713016,0.166368604416766,0.16709160204146,0.166594440237103,0.166979284809126,0.168185772573947,0.169153411589852,0.170732668110622,0.172067471075127,0.172686840829086,0.174291630604644,0.175367772830403,0.177510906003288,0.177297595669793,0.177265614521371,0.176818867401729,0.176861605072999,0.17591138977049,0.174732487627128,0.173926855538762,0.173282749613143,0.17299765678547,0.171679675716275,0.170634775559905,0.169225436828487,0.167371448056324,0.165316375307122,0.164160257469525,0.162446302842955,0.161367313007913,0.160338569435029,0.159165717194825,0.157164821912886,0.155098509556405,0.154339156101298,0.152535879367947
"4",0.387505699175171,0.387770782409921,0.388962105288103,0.390193887826446,0.392641358654027,0.393925409649548,0.396041875451596,0.39691663816914,0.397625266851195,0.395220750854218,0.393588844847452,0.392368739046096,0.391681939138404,0.388312148735732,0.386072793293309,0.385955532311379,0.38794392073473,0.388689858432829,0.387653783651232,0.386299041049495,0.384378160466763,0.381659861054591,0.379087058781498,0.37520726432575,0.373271671943318,0.369658006679238,0.363789054957987,0.358640748636309,0.356429281751466,0.355192349393085,0.354324351308016,0.351467105817578,0.348820595916817,0.34710249051603,0.345975574349418,0.345831539539177,0.342317396690549
"5",0.357037508675911,0.354732126921184,0.352513944348428,0.350437333713583,0.350139150155528,0.348771735731294,0.347040005260758,0.345747669564637,0.34570285407097,0.341553938628947,0.339643676021632,0.338144798618987,0.336018370201404,0.333986596649565,0.332349967080529,0.331489370860755,0.332448976696787,0.335263741618039,0.337446167562087,0.341888349678275,0.346553412565765,0.349417251526139,0.352078411405176,0.353265615070777,0.354948162373603,0.355160831687687,0.35438006571503,0.355182992175447,0.357653200631806,0.361210927264175,0.363967075205813,0.366302670347078,0.367491082777021,0.371537121508894,0.376113280666899,0.37932573726643,0.37979078891151
"6",0.228421969146749,0.231040538303689,0.23372819854045,0.23801263693177,0.24263402038237,0.246891762008525,0.252191829775524,0.2571874078172,0.263755967100565,0.268310061356728,0.272107075057664,0.277395366554683,0.282025425041236,0.286510933478181,0.288818200087376,0.29171535447876,0.296370062526465,0.300596613006314,0.303318280408265,0.305535959258303,0.308033154239412,0.309393479878606,0.311231952133957,0.311231696919525,0.311384890732551,0.310706006450002,0.307399623824189,0.304960167122555,0.303890000931618,0.303015907250134,0.302753995655342,0.302693136330186,0.302387025386898,0.302029605248012,0.301364709366215,0.302802840348517,0.30179328728261
"7",0.0367826691931988,0.0408420702873643,0.0438670391961087,0.0470114316669202,0.0499693664310343,0.0519903502424982,0.0549157979221939,0.0574015429320717,0.0598231600457977,0.0619371671391521,0.0634415650680473,0.0657903443293027,0.0678064495928446,0.0692437507677751,0.0703144855427848,0.0715463099478131,0.0738492236656601,0.0738974572983762,0.0740162022027596,0.0733703737073566,0.0726430776927934,0.0722182942789827,0.0716834136416342,0.0713624581484491,0.0711717934654232,0.0711465505678051,0.0705449589498026,0.0696381488037835,0.069302650754923,0.0684900032782052,0.0683388629243476,0.0675195056947175,0.0673202512462638,0.0649393215781134,0.0628381806411724,0.0611623348974222,0.0592307527549394
"8",0.0226593679765399,0.0355884720156582,0.047554780906896,0.0584977341385122,0.067236931358944,0.0739396910823745,0.0813021635199649,0.0872274520427594,0.0916512395715768,0.0963226314669694,0.0986624551248473,0.102074339544243,0.105789747435403,0.110560226629156,0.112880555278774,0.114908483794856,0.116468623534524,0.115049192306401,0.112622241044898,0.109314846125214,0.104533946765886,0.101960346943318,0.0992009744864474,0.0981526639043352,0.0992186377258374,0.100921878639979,0.104318661907493,0.106456607375113,0.109932620021506,0.111031971405418,0.112912171887478,0.114561588975406,0.116599869476624,0.116456544563753,0.11648740407432,0.116014222125778,0.116509875981774
"9",0.0770385769421961,0.0782922835819416,0.0793272773575731,0.0801787535571665,0.0801221067922762,0.0801266439509269,0.0809640887889685,0.0814289569932182,0.0818528921202765,0.0822444553060425,0.08217822995054,0.0827038937394149,0.0827950479529021,0.0826108659953199,0.0818495498583961,0.081378621365597,0.0811923145093276,0.0798181434104658,0.0784059819027132,0.0764432316473881,0.0744945526013844,0.0729065173890905,0.0711565893831447,0.0694597967441914,0.068166547379073,0.0667838620499215,0.0650829886185603,0.062902761179199,0.0615538411178526,0.060032666634256,0.0591028808432,0.0568876785309622,0.0553845589728684,0.0520310820208753,0.0492311804427649,0.0466929554348917,0.0435839770054226
"10",0.162930824840363,0.160883954718118,0.156327923636622,0.154180584494732,0.155350275962213,0.155476251788697,0.15643330212908,0.159103004542107,0.166520139726726,0.170353250849828,0.17598736028115,0.183326693313664,0.188253942551717,0.192439909612097,0.195774090674804,0.199170439458294,0.205801017134799,0.213344234964644,0.220224343014993,0.226578516927044,0.234199981456055,0.238843221523713,0.243826727325686,0.245848585614589,0.246138474919327,0.245673676006569,0.242202144325075,0.240026424209104,0.237790395532317,0.236332154418193,0.235133351540515,0.235428487984165,0.234719679034759,0.234676649452951,0.23408189109718,0.236196424758572,0.236149214688553
"11",0.00904969279126501,0.0115542503676154,0.0134234229583174,0.0153565036995901,0.0175935507396905,0.0188756931297781,0.0206850070974961,0.0223107967590811,0.0235924911313815,0.0244540690099284,0.0250998626839433,0.0261801278373141,0.0271745948048906,0.0273654795357263,0.0280953704250533,0.028965123565572,0.0310596958385163,0.0305080143048752,0.0303721134274987,0.0297806009618777,0.0287442841078088,0.0282216818582803,0.0273515618791396,0.0273866501139378,0.0278416220976225,0.0285448466492478,0.0293655602983808,0.0299141916128406,0.0309641424673055,0.0315734891214226,0.0324573558182583,0.032553241799123,0.0331739477884757,0.0322132419393941,0.0317600284072231,0.0306715343448907,0.0299376108516215
"12",0.181870745029049,0.183168674431368,0.184477257484909,0.187088237438965,0.189645844189794,0.192300513962842,0.196031068231539,0.199640345450083,0.204942570972992,0.208974569384733,0.21235802265914,0.217222334769192,0.22118024719287,0.22556692443559,0.227503059214026,0.2296985957725,0.232912038665426,0.236432587438234,0.238741380185917,0.240575896761481,0.243114281708262,0.244662872821866,0.246777205151799,0.24692393748382,0.246667751153655,0.245824999288397,0.242907382735232,0.240532283041741,0.238861077577903,0.237088287129085,0.23597838887516,0.235617301703745,0.234836751159416,0.233625599648116,0.231857866666354,0.232668419038466,0.231512505955786
"13",0.717680792981701,0.750722882971549,0.768047275866293,0.782752983193041,0.821529530977225,0.83249107813848,0.84598081332874,0.850894843611283,0.847189001934914,0.819363757313824,0.806928267789032,0.79006743669692,0.777089362031589,0.727559672910687,0.715727180560603,0.714507801486795,0.737966965389714,0.74280961064295,0.755297787291636,0.771555590563611,0.783746521403295,0.782410383349087,0.774164782969935,0.769670245003914,0.76994887164917,0.763839991907648,0.739508188925856,0.723649923065568,0.71725508037477,0.726340544703167,0.73336918071523,0.717474709720938,0.711158755400428,0.700934300780784,0.697630360825473,0.686308938403837,0.660253073215003
"14",0.295200101641245,0.292822656517898,0.292380885529152,0.291981943487221,0.290670165302478,0.290297491803142,0.290526627258566,0.290177917365067,0.290168351416072,0.289096202866972,0.287769222585107,0.287045615520713,0.286147657137377,0.285888509168096,0.283598924436215,0.282110198660231,0.279683923648967,0.278662874333481,0.275782675061515,0.272979389813118,0.270271567447485,0.267687269035548,0.265502827236879,0.261782235671765,0.259321677466753,0.255708924506878,0.251907675238578,0.247885428761025,0.245774998664524,0.243468353573719,0.241580577829487,0.238960637007467,0.235891885802548,0.23353562090636,0.231418499143015,0.23039389586932,0.227289486522059
"15",0.0752408206124668,0.0771341416119592,0.0782420372161961,0.0795291122674878,0.0805852092513531,0.0812412175599262,0.0826937464222288,0.0840491955270692,0.0858208759773411,0.0870669636527781,0.0880870812172032,0.0899636768497881,0.0912456647849008,0.0923744121272532,0.0928791542432809,0.093517208285019,0.0950603627862888,0.0954124458382983,0.0957902678218252,0.0957883244390365,0.0960640355439372,0.0962963879321409,0.096523548705098,0.0964485601648798,0.0962009751077712,0.0959242836192034,0.0950930007696436,0.0941993628441444,0.093759420044939,0.0930400362231999,0.0927846137902508,0.092333738417542,0.092027936639406,0.0904272984154428,0.0890820643714459,0.0881854670567374,0.0869586341740164
"16",0.455174175367923,0.459115746739668,0.462584521460988,0.46569909185386,0.472359728350357,0.475108338637401,0.478756622829329,0.480342842021684,0.480235709173289,0.474879760808314,0.471391700629027,0.467639734565956,0.465382357234305,0.457356033471623,0.454060334788768,0.453973427547063,0.457845239962458,0.456899178286636,0.453966105545588,0.450677274264048,0.444835519440681,0.439102896723517,0.432729366118961,0.427013790407208,0.425862056038043,0.422826652036128,0.419789694808693,0.417161678279653,0.41904332133453,0.421875311428623,0.424527533162297,0.423164844236123,0.422586616622424,0.423523501598773,0.426073203490144,0.426377168042494,0.423125909759189
"17",0.0129133234260121,0.0168534661661262,0.0195128405855317,0.0228521494833722,0.0270583625726552,0.0297975555751264,0.0334431996341723,0.0368571494099569,0.0407058149743708,0.0437401094793669,0.0464938092211448,0.0502442945616724,0.0534495983447884,0.0554130478746192,0.0575591749967956,0.0598522074440712,0.0641694547291677,0.0658691786750806,0.0678884783011582,0.0689785212173335,0.0702807129348855,0.0712185262668178,0.0720878656027146,0.0727542139302187,0.0728618520570721,0.073123585688577,0.0720308378098624,0.0709471916644621,0.0700383944900773,0.0689794197649633,0.068578035659196,0.067807724714338,0.0675772852652518,0.0651096348436453,0.0627525353787415,0.0613380081035695,0.0593855309318795
"18",0.00114372457952978,0.00136823285956734,0.00130198425987865,0.00122737470204032,0.00132772440684445,0.00120928447013668,0.00113550087355945,0.00110396348201432,0.00112443582652791,0.000960962206418503,0.000955992723284391,0.000977420514274865,0.000921059462663171,0.000674892962828498,0.000670183495796655,0.000696122160221002,0.00101878818739408,0.0011523387183405,0.00150241291560034,0.00190933125391037,0.00242051673386288,0.00276231787135124,0.00298152502796443,0.00328419727964235,0.00340123700491251,0.0035214182924133,0.00336642358898478,0.00333096927630397,0.00328944220091297,0.00344394379806402,0.00358001414445323,0.00346952272465591,0.00346906208098471,0.0032051843821041,0.00312574009950488,0.0028753538066697,0.00263121473984484
"19",0.299764682548769,0.300111991190634,0.301212831578286,0.302776929167278,0.305512308309222,0.307397345909046,0.309074043290819,0.311299961053292,0.313573569411695,0.312820869523764,0.312388418563745,0.312670993082354,0.313261359293636,0.315835541352796,0.316735215565215,0.317794931595055,0.319343998049093,0.319959247477228,0.318946977614009,0.319783313476213,0.319165724270495,0.319878931112753,0.320452958948283,0.321879396462799,0.325628409964325,0.328621725597918,0.3332010200976,0.337705462176004,0.343865791699556,0.349019441432813,0.3534923947164,0.35752102505682,0.360467741285902,0.365231555318194,0.370369021106981,0.373580290953979,0.374859026025814
"20",0.287195441879833,0.28524374848099,0.285494279428823,0.285673193646772,0.284611205303138,0.284607711265836,0.285218089311684,0.285141969456215,0.284990283479102,0.28408419384084,0.282527867185967,0.281501280312271,0.280510136507043,0.280604544777144,0.278269242568022,0.27660503352215,0.273298985268028,0.270918779574874,0.266289658677061,0.261578428774789,0.256164057592203,0.251797665068377,0.247586484252254,0.242600747070768,0.23999407917027,0.236449765737614,0.234528464102906,0.23170570291745,0.231467323997951,0.230109297333208,0.229269906870749,0.227428713369036,0.225357408205785,0.223825590421799,0.222839431651601,0.221687465830763,0.219601763889113
"21",0.336160583714657,0.334573330561937,0.334215148084228,0.334264434345876,0.334688081971621,0.33516054077125,0.336452047855953,0.337123846390187,0.338788587290902,0.338185523026056,0.338071663802783,0.338813902118488,0.339371909948145,0.338633838989848,0.33745705766104,0.337776887391469,0.33981386739151,0.342317110888006,0.343361402956534,0.344162880675689,0.345431011083163,0.345149770968496,0.34528769747701,0.343221474767194,0.341638719507727,0.338590001871292,0.332283273700893,0.326940911982051,0.323340858131119,0.320826385098794,0.318755114462165,0.31584211591355,0.312759522174517,0.31013508802538,0.307353145198353,0.307329826988889,0.303510654104085
"22",0.166763045167013,0.163899461012407,0.161852863341103,0.159790702352157,0.156622776560524,0.15451616678226,0.15288281997038,0.151306096479867,0.150590863641256,0.149348842370121,0.148313116040608,0.147842974541041,0.146374854579032,0.14538410192112,0.143082875177411,0.141056212756804,0.138768945706532,0.138168223634545,0.137359793271136,0.136867315219117,0.137451382425485,0.137347541261936,0.137431882113921,0.136021983150348,0.134120404395943,0.131491716641786,0.128004228688379,0.124628812657022,0.121637531926413,0.119340970490633,0.117151402179594,0.114530285846096,0.111439029956534,0.108699976196362,0.106446265484008,0.105074941998047,0.102125041744103
"23",0.249407774757335,0.247690664062152,0.247481884706008,0.247643839155305,0.247083688577624,0.247389534905998,0.248294435439848,0.24906561734649,0.250613738862389,0.251100013804785,0.251247721088388,0.252336785748465,0.253057762746291,0.254946689766604,0.254478288498497,0.254426644154339,0.254115196047187,0.254805168252938,0.254036044364394,0.253518172755109,0.253247722983573,0.252943375512923,0.253082576301975,0.251923618785403,0.251433774353392,0.250231899879771,0.248688183592462,0.247405934098151,0.247487571903322,0.247170209539518,0.247160988135013,0.247621200140592,0.247369155632654,0.247979979035027,0.248624822677973,0.250060968504445,0.250339120960003
"24",0.232276168342695,0.231772004964141,0.232127159243524,0.233337182598018,0.234437004523652,0.235935833016029,0.23814042041235,0.240411613868103,0.243952110293219,0.246016956111126,0.247765003071151,0.250753038227682,0.253193156291018,0.256519178132652,0.257534584316774,0.258897781876623,0.260928832642015,0.263470132606224,0.264669043888507,0.265937716684108,0.267565955089925,0.268617621007125,0.270133599193999,0.270093845091339,0.270272477583537,0.269762031397756,0.268031710345452,0.266897575344796,0.266931415627313,0.266768296017847,0.266961386622229,0.26782482452038,0.267995562250786,0.268835060427009,0.269533291667006,0.271429978777674,0.271823739321147
"25",0.355673681993863,0.355893002042278,0.356467276376487,0.357865657125674,0.361289308053871,0.363442408046463,0.366250166243726,0.368823068032902,0.372432750683245,0.372228343691487,0.373061131422032,0.374825757699764,0.376658269880529,0.376315888298068,0.376784543822799,0.378940446556947,0.384819867958005,0.389027713303313,0.392027161364346,0.395045009570885,0.397653627738437,0.39850508703468,0.399297905852591,0.398824176714082,0.399468037212408,0.398647410330718,0.394319965418563,0.391592378900662,0.391388971658912,0.39269021657034,0.394118740189556,0.393769917058913,0.393665042898347,0.394364873337371,0.395706133468444,0.397228688405624,0.395032812605346
"26",0.133204783202992,0.128470144380157,0.121706425835087,0.115858496880408,0.111850288931503,0.107578992620697,0.103802628988758,0.101498705470779,0.104392970230924,0.104137383105465,0.10748991945052,0.112289318549861,0.114046958177931,0.112930200041435,0.113685009918164,0.115198287226811,0.121861461445316,0.13064356227858,0.139748485453714,0.147748613473438,0.157770738524371,0.163279133418747,0.168987586779434,0.171031440328726,0.170051269314448,0.168240669648561,0.162145828170833,0.157303093485547,0.150964028660842,0.146629331070854,0.142369294447111,0.139132924811847,0.134895212607825,0.130561151913928,0.125341045222235,0.125096629537354,0.120591785573922
"27",0.328051699498755,0.326142708749033,0.325164213009192,0.324322030646249,0.324292853808359,0.32388628875928,0.323348446575497,0.323025222361623,0.323126153512521,0.320305193483924,0.318433321278015,0.316969935998119,0.315365785317803,0.314991936607749,0.313611766729108,0.312710541425834,0.311920374318984,0.31202141868053,0.310762686986703,0.311556524600169,0.311852106448621,0.312476025639235,0.313064147078245,0.313416824502957,0.31543854795441,0.316433218722172,0.318786058608691,0.321653866250898,0.326213870032837,0.33041795441386,0.333856331061291,0.337274902436604,0.339347591136531,0.344081428478408,0.349223642228483,0.352612663039639,0.354323587665251
"28",0.297415258511434,0.298608356127353,0.300221034481748,0.302594650123958,0.30650826347011,0.309262068494838,0.311925997603215,0.315155142925282,0.318704585464904,0.318969449502029,0.31955400567322,0.3210570723919,0.322800513733587,0.325833370586578,0.327423046799157,0.329354893824556,0.332648173564582,0.334624190543155,0.335077083307173,0.336880571448018,0.337474810751535,0.338637135474,0.339711395498299,0.341060168334836,0.344296187673684,0.346678319281108,0.349305708513933,0.352315027687146,0.35717949324387,0.361589107507257,0.365552101655129,0.36879106124382,0.371275506430259,0.375228476037602,0.379611832113904,0.382489596501002,0.383018036685006
"29",0.00732031700022205,0.00815270802730473,0.00780256191605165,0.00744062012146638,0.00800987701561427,0.00759199035439412,0.00704270463292435,0.00696891969674948,0.00700738711247477,0.00601931782798248,0.00578488308278607,0.0055878956951192,0.00515787093692288,0.00459550405102939,0.0048669551191468,0.00502924541106651,0.00619893105011187,0.00649126013178997,0.00746063397562679,0.00914599570726632,0.0106980544328913,0.0122108863707479,0.013265973439691,0.0151185662337367,0.0168680444510191,0.0187658853000351,0.0213917829195468,0.0242767320136081,0.0271383197224296,0.0298131844016602,0.032023719155387,0.034131006211026,0.035949379399047,0.0375881978290466,0.0397731052899954,0.0402281730962398,0.0415561574448083
"30",0.31370778381177,0.318384554915357,0.32652929220204,0.333818281174801,0.338664529067506,0.344005473161819,0.350767962888699,0.355076129616037,0.357503921050336,0.359424070290726,0.359046769884352,0.359371498349295,0.361128745738589,0.361918798166794,0.361020718154336,0.361812807014655,0.362322596668562,0.359526181420262,0.353048523013035,0.343906439507383,0.330568217861907,0.319471032075673,0.307429351093503,0.295904328849313,0.291125740328384,0.286100931611346,0.284421512284438,0.278431983033655,0.278552718499204,0.273388547155801,0.271515868500443,0.264132462944931,0.260557389461486,0.247059211850673,0.230306932068207,0.211793249892634,0.184922673717183
"31",0.135815287536111,0.134239872145852,0.133403271484669,0.132513769549092,0.13018888293046,0.128917915025546,0.128529850214377,0.12778100916743,0.127637202330498,0.127570975118263,0.127182818920407,0.127483464816041,0.126985303342301,0.126372050207046,0.124466791832644,0.123045058820292,0.121495515098531,0.120688803940218,0.119564191673118,0.117821471960928,0.117019329811496,0.115655958820599,0.114502503055241,0.111822850881786,0.108659901967724,0.104781988025133,0.0986586167913222,0.0918284610152686,0.0851364641240288,0.0791461964273491,0.0738995386450885,0.0660622879052403,0.0589049487962187,0.0485819059425848,0.0379847605642025,0.0312170255227715,0.0201225534079171
"32",0.204877883152386,0.199205464968542,0.189163833402811,0.178598717703473,0.175541815863301,0.167372793214101,0.151325317245488,0.143382932084459,0.138070968108073,0.112609225045217,0.099091265150891,0.0781570545971303,0.0414438889455556,0.0378578939786412,0.0543422957113824,0.0502292109584497,0.0580998082218397,0.071279711106538,0.0936366706538383,0.134902404103493,0.159308416431893,0.179597957934177,0.194097899064261,0.210041973010007,0.223825266200466,0.235608477819085,0.252214519109103,0.266964080627663,0.279644123696466,0.289603219973029,0.296883556747936,0.30573704786768,0.311293886619601,0.32051738610833,0.329396396262805,0.334909903668489,0.33973804218643
"33",0.211591534609254,0.210237516179679,0.209255200886664,0.209101986643557,0.209242227492958,0.209636237954148,0.210443358678919,0.211831065856092,0.214774866723766,0.215999492978433,0.217456653661523,0.220098975963131,0.221931173952973,0.225072137250708,0.226109732845397,0.227189636642359,0.228952512066986,0.231622724705429,0.233333491505152,0.235558937974609,0.238300109476795,0.240332047046509,0.242719283235512,0.243606204668705,0.244350912228026,0.244498251485397,0.244002085773773,0.244190342466472,0.245191524229297,0.245936862713153,0.24674238739714,0.248689771211267,0.249539007375674,0.251660301524727,0.253702845321614,0.256307709663017,0.257957672270135
"34",0.239577938968492,0.238909436850514,0.239166260313665,0.240052307768735,0.240929167139569,0.242070508830869,0.24358660213179,0.245386040667014,0.248062856431713,0.249093647950711,0.249945259664216,0.251857770864272,0.253416778919536,0.256558185804295,0.257327001121364,0.258235168217897,0.259337993971958,0.260879236350748,0.261061952958143,0.261900247725051,0.262687727266178,0.263573969610667,0.264780912159723,0.265123792960804,0.266217226247653,0.266722544086402,0.267351787321143,0.268399356131209,0.270734280195049,0.272420458300625,0.27410805171485,0.276580624967302,0.278012220096921,0.280825472154718,0.283689239718545,0.286467427677152,0.288301704677272
"35",0.458399004267372,0.461036602660031,0.461913923110983,0.462768635597414,0.46817547144039,0.469337254168737,0.471159382225098,0.471730794235621,0.472857091379409,0.467562508069586,0.465803770019396,0.464273817391492,0.463115692279589,0.454899899527655,0.452665736003767,0.453887651779471,0.462417641726598,0.468031782846953,0.473479545858118,0.478750960086263,0.483697824182842,0.484380131006432,0.484297227556577,0.482603691009363,0.482013462067579,0.478920893135126,0.468762716786635,0.461586618568682,0.457809928268011,0.458258903073967,0.458582226398259,0.454646899595788,0.451949402870975,0.450306497192995,0.450106593633048,0.450206495514916,0.44433895153729
"36",0.248249644228479,0.24947760681127,0.249757160732842,0.251950818237099,0.256540208825274,0.259757480877089,0.263211731088428,0.267696157885262,0.274232958987625,0.277240566454273,0.280756274949,0.28570035296291,0.289859584890363,0.294520460833035,0.297512216289277,0.300725574856145,0.306307246943249,0.311380014488535,0.315241599398139,0.319517698410348,0.323739704023056,0.326629462493092,0.329649246412577,0.331212745094452,0.333014558801263,0.333894199385974,0.332844613579602,0.332981750300345,0.334577947474866,0.336513843238741,0.338444826517762,0.340469870377388,0.341794467243918,0.344322439960467,0.346982487379775,0.349796709210441,0.350277983503645
"37",0.198480175034313,0.197377538798071,0.195397041065027,0.194937081055771,0.19623484388984,0.196981878326971,0.198051193042258,0.200371510254246,0.205296510292602,0.207484929361567,0.210578364475807,0.215108305887634,0.21833525611855,0.222492648968976,0.224919007335388,0.227237561967936,0.231332584444449,0.236181202250091,0.240224163630294,0.244666402271974,0.24976525146872,0.253296798880799,0.257109031490071,0.25896890548482,0.260141354211507,0.260641252052361,0.259748780933787,0.259896812976675,0.260651807226024,0.261481083653916,0.262322565947323,0.264474588461842,0.265444768070847,0.267791347274228,0.269968031553603,0.272948152037155,0.274627666117026
"38",0.201542557544792,0.198485231381609,0.197217278103628,0.195747608396136,0.192364617667954,0.190601163461215,0.189451657374989,0.18787305873606,0.186582472337759,0.185377663494597,0.183628046327,0.182305338945046,0.180331580837975,0.17928549658492,0.175897155118535,0.172879102231395,0.167958355744083,0.16489238760165,0.160637770896022,0.156138077902006,0.152080914514112,0.148187465072875,0.144349447523804,0.138930904682905,0.134162620146655,0.128094114776468,0.121391860400981,0.113137774181234,0.106033872787129,0.0992669046914757,0.0929393918446282,0.0822005483774589,0.0714542566154805,0.0582929356451114,0.0453545291710368,0.0343090088495919,0.0173950404591694
"39",0.238503738806468,0.238816961473447,0.241158195832506,0.243328334237638,0.244075340849165,0.245589479045925,0.247474665651007,0.248990564152424,0.249866300038716,0.25016040146773,0.249205535090136,0.248879283103771,0.248921548859291,0.251590175856686,0.251000956518918,0.250417890180955,0.247764678761764,0.244695197398916,0.239229186111316,0.234236431387191,0.22711486005504,0.222922529473262,0.218503186502084,0.21588131997537,0.217327157083528,0.218777869381443,0.224948235667059,0.229531515949055,0.23618605521978,0.239959155568131,0.243560400317112,0.247478054216268,0.250357622002947,0.254476734672914,0.258909848190941,0.261477866466618,0.264634177777235
"40",0.266001290183965,0.267899173140062,0.270849633099876,0.274720209459132,0.278544361721233,0.282253830887346,0.286834493653004,0.290937732576688,0.295758108181216,0.298695208251744,0.300871291372632,0.304297875728431,0.307646817750395,0.311005058609575,0.312428103027482,0.314641055259456,0.318238444959567,0.320988147776229,0.322028197909916,0.322783207393252,0.323261966977994,0.323367587713971,0.323871387372818,0.32320677387594,0.323559679187311,0.323088833189774,0.320863116687851,0.319271753281652,0.319568144320701,0.319769556254763,0.320482983010374,0.32097685328113,0.321279876827359,0.321828627833948,0.322390391553641,0.324012433983341,0.32345740693487
"41",0.259228603961164,0.259644553672522,0.261457199539952,0.26410533062569,0.266241731949414,0.268885792021313,0.272599848570405,0.275730755139013,0.279840705151482,0.282606250373941,0.284592643291111,0.287841784715821,0.290817821004678,0.293778221872173,0.294629963089519,0.296307371650356,0.299010476823353,0.301614412240272,0.302550750625285,0.302963641990734,0.303563708097907,0.303505460162449,0.303993434001385,0.302770461854395,0.302095267739815,0.300555341560075,0.296758828802842,0.293473460971161,0.291737830063366,0.289988888510851,0.288993339441097,0.287892415324348,0.286719768407143,0.285111322320687,0.283114813314253,0.283553576725387,0.281441785097343
"42",0.526984581038756,0.535585899950896,0.541152771760611,0.545851054005725,0.557286738920878,0.560975900779342,0.565918685092464,0.567431480015832,0.565920094707145,0.556395779464498,0.550734103644778,0.543969538817931,0.539293585942629,0.523403432253741,0.517613508861323,0.516651343992414,0.522212371225876,0.520096659114559,0.516273693671793,0.511468961174533,0.503511442609291,0.494402351510884,0.483866829203398,0.47349260530374,0.46851994855547,0.459981018266077,0.451719281231351,0.444029298731387,0.442688499837487,0.444027676431959,0.444574632303235,0.438609565207431,0.433394023650341,0.432768239895182,0.435249396270974,0.433642851954585,0.428037563924601
"43",0.126378748869853,0.128255929406618,0.129774272924787,0.130888056483658,0.132134223431277,0.13252330285003,0.132178005810363,0.132936021198586,0.132547475160798,0.130506837154532,0.128221421058817,0.12590916158747,0.123808858616106,0.126384173517194,0.126891639566074,0.125940590169678,0.122822140473221,0.117449743431733,0.111121905507426,0.108448442171331,0.102028579555914,0.101145790635453,0.0988592113391102,0.102875301249812,0.111437056300931,0.120020653870834,0.136201746873597,0.149163708659424,0.161657621104257,0.169895406886962,0.176401546352071,0.184150319003719,0.189598901448828,0.197122297530333,0.204673760126123,0.208874046561635,0.214871139580346
"44",0.4928666905393,0.506402459959136,0.517323203981794,0.52922409325734,0.549129802938925,0.560544645222921,0.574359833778374,0.584733250939208,0.59266855689599,0.590518934353387,0.591471271010752,0.592354524420863,0.596011332835587,0.582183039953853,0.582814383887206,0.590239027240877,0.614892739659797,0.622422521689606,0.631016514368262,0.635951383543047,0.636475641063845,0.632509378248074,0.626121990788291,0.622203164260637,0.622802112620069,0.620533126098975,0.605543003459385,0.594293735241055,0.590019569775628,0.592471318438432,0.595750302646149,0.586569351282932,0.583650244233155,0.57603251758993,0.572007259440968,0.566532920312158,0.551831200502747
"45",0.188604553799482,0.184891892340857,0.182054860831222,0.179373738506039,0.175693424279412,0.173240613439563,0.171348491763484,0.169535758599534,0.16923240062351,0.168231841257557,0.167746108825159,0.168033875096033,0.167055760761506,0.166123101459652,0.163920874069191,0.162214145443672,0.1608787428103,0.162099681101365,0.163100040100224,0.164126989454781,0.166870431225571,0.167890730813602,0.169351725519222,0.168241451480893,0.165804718158882,0.162371272939917,0.156285429743467,0.150452239878546,0.14423223964629,0.139329357301891,0.134611019819902,0.129249820233351,0.123216154227887,0.116737419494579,0.109840346656855,0.106720874821006,0.0989111100529222
"46",0.297174034856139,0.294629234430519,0.293644122354752,0.292604201574681,0.291214232722106,0.290310377360663,0.289415762814636,0.288498498364208,0.287701307057031,0.285127713918028,0.282777800549626,0.280716352362442,0.278444935519145,0.278061678464192,0.275673066957096,0.273515248524767,0.269784536242084,0.267510434839689,0.263511947522906,0.261274315656829,0.258410330311931,0.256841323984399,0.255263048201558,0.253848631609346,0.254734801480283,0.25482781078967,0.258246250538623,0.261495798158102,0.266470841121656,0.270274643806131,0.273313372500641,0.276892893671184,0.278845066192735,0.28378871541012,0.289151371352554,0.292518934325136,0.295572783021733
"47",0.238121232203694,0.239210293088123,0.240314083017694,0.241515272052842,0.244204694854597,0.245495054966721,0.245366938432956,0.247085499553016,0.247962532894028,0.245479667755102,0.243359503168832,0.241418902049204,0.239965869919822,0.244875361030056,0.246757672735454,0.246966605376338,0.24524780391253,0.242114631014574,0.237367732929504,0.237677333069585,0.234318924988314,0.236218406529022,0.237110617593462,0.242936869872353,0.252556886351989,0.261477530032861,0.276389772919791,0.28852868172481,0.300506934213363,0.309091338358631,0.315939226298247,0.323274863900886,0.328345044815672,0.335925638311694,0.343498957006411,0.3479341091057,0.351607994021194
"48",0.234319700013962,0.234874012053742,0.236167455047508,0.238191190648371,0.240319245323668,0.242419864177021,0.244894678569943,0.247623413872941,0.251084920238036,0.252803372998473,0.25412715781331,0.256586156046015,0.258802624448805,0.262649423766497,0.263981376226347,0.265407369270454,0.267138878931974,0.268842846230656,0.269084817967173,0.26991909602315,0.2704770458714,0.271328366435365,0.272483344992752,0.27299075593108,0.274444954751005,0.275359608988937,0.276450795860606,0.277889459474058,0.280697254902096,0.282713620957687,0.284748859484964,0.287469323472611,0.289205191397605,0.292189008814668,0.295218832488219,0.298060732282119,0.29988791560586
"49",0.0216480326230156,0.021566686638438,0.0167136338212899,0.013771850063992,0.0159301968844489,0.0151789635993414,0.0142691894700806,0.0158413273160779,0.0218921160462894,0.0233447549422592,0.0286618981573082,0.0353707733177452,0.0396284326003044,0.041325168864902,0.0459354806195948,0.0503088380927623,0.0604006241113842,0.0687018487570325,0.0778515447392557,0.0862534112237874,0.0953678626979255,0.10123911136529,0.106793721508978,0.110507449987643,0.111823891356216,0.112956047132219,0.112008568655722,0.112211498106354,0.111658532772586,0.111790061446706,0.111880396285392,0.113286169686965,0.113880231376939,0.114540445141212,0.115138816662948,0.116628458775029,0.117646755618508
"50",0.236653349383761,0.234937685028331,0.235045476337702,0.235075131285232,0.233866766159037,0.233671431364117,0.233769944363571,0.23374116439614,0.23361093634876,0.232799163158427,0.231329915667226,0.23037022042234,0.229309765303631,0.230594582588007,0.229036692464967,0.227487328320972,0.223931903260604,0.221094456421834,0.216419032460555,0.212576147805983,0.207700875029295,0.204762127451006,0.201755665465342,0.199424507474226,0.199777644262837,0.199810242650827,0.203532124176453,0.206424472980166,0.211138348107224,0.213934567450885,0.216463551387434,0.219471012069999,0.221325079525372,0.224910086067347,0.228921301582381,0.23125124571046,0.234169561418055
"51",0.206060030114709,0.206746558028388,0.207477060039026,0.209627208529157,0.212154786890657,0.214670950683874,0.218116797191064,0.221671082483927,0.227082679276618,0.230775914538623,0.234097505207069,0.238890530045234,0.242788720598188,0.247103715808444,0.249118643853942,0.251441004982866,0.255061339098607,0.259002598915644,0.261686298745448,0.264084661755621,0.267093048096718,0.268950635474808,0.271316371808042,0.271707201600644,0.271809581396393,0.271213308251598,0.268519205161748,0.266590461475793,0.265561146635946,0.264579090146786,0.264102113780078,0.264386488782067,0.264101562837325,0.264012716321175,0.263547788676325,0.265143007387414,0.264808167732065
"52",0.274339826408128,0.283567165103662,0.288704238270981,0.297014503307991,0.309788312095178,0.318038165710785,0.326202985489111,0.33511944412106,0.3455302878023,0.350252906075006,0.355382188218975,0.361873723028457,0.367953338105997,0.37214256638087,0.376285764529491,0.381409480529147,0.391487029041915,0.398035436052891,0.40342683874619,0.408741540744652,0.412998693238936,0.415391528183708,0.417413691443804,0.41868677275887,0.421118003464586,0.422199703372962,0.419286193629349,0.418053284036492,0.419422586612244,0.422329064846368,0.425287083237426,0.425713990059905,0.426729078897296,0.42789715611475,0.429887087599965,0.431300993706547,0.42845971325976
"53",0.063420499739396,0.0651702215452759,0.0663182613991809,0.067372242850505,0.0678956439934956,0.0681429458062823,0.0691934344793612,0.0699612365696878,0.0707699082712425,0.0713406335395408,0.0716162423510078,0.0725204837976522,0.0729697926711434,0.0729399558867321,0.0726602097941387,0.0726446618727166,0.073350900690612,0.0725912665087608,0.0719766837008916,0.0708567523333171,0.069811107712908,0.068959771103733,0.0679474944814116,0.0670079861163484,0.0662299846658955,0.0654317231485156,0.0641936468600069,0.0626693721478199,0.0617824319188231,0.0607550392769794,0.0602329622095544,0.058765556390281,0.0578613041315381,0.0552663400377135,0.0531632630946991,0.0512429861880585,0.0489369494660148
"54",0.43256413118103,0.435418641242289,0.437366084229969,0.439650422093354,0.446087490046079,0.448861009865182,0.452294979979198,0.45481830546751,0.457317762766221,0.453902420661777,0.452921097559571,0.452315672512171,0.452560361731506,0.447316198887212,0.446668856060233,0.448967047524302,0.457723382597847,0.461955810984368,0.465483339389043,0.469044518345282,0.471231401439044,0.471131333742863,0.47030792546015,0.469207245460087,0.470295591014291,0.469406513461381,0.463640413653184,0.460028920141106,0.460102679662626,0.463039182272341,0.465863841127404,0.464156401129998,0.463838287909215,0.463798022340308,0.465286747883348,0.465489440538701,0.460346752755533
"55",0.330100455083614,0.328091260817399,0.327601412123996,0.327191678866265,0.326679815963313,0.326443729576396,0.326734994067193,0.326432680521775,0.326544805260137,0.324759479511038,0.323279216751338,0.322347179098986,0.32131621579551,0.320134078614109,0.317849725196568,0.316678714035141,0.315528995496956,0.31550170253881,0.313759876849181,0.312344999877354,0.31109183386791,0.309428895127605,0.308136505824279,0.305209351874496,0.303451595722768,0.300357985253737,0.29644909155659,0.292968982166403,0.291506062943005,0.290409777527121,0.289475766727167,0.288036779761738,0.285965344627506,0.285561447700155,0.285541944988782,0.286286864339701,0.284875202266805
"56",0.386774802621111,0.386536486465658,0.387398427949839,0.388083113705573,0.389581518867187,0.390148518499457,0.39142078629114,0.391364677081083,0.390877405944853,0.387630350325794,0.385038085727507,0.382630857459302,0.380695429816764,0.376689399555301,0.373277695575305,0.371771655701406,0.370882310753946,0.369626993269326,0.366203784403336,0.362575271968933,0.358263408945265,0.353744454933462,0.349328117672436,0.343486656932659,0.340023979221456,0.334672340367726,0.328738333084417,0.322722632885253,0.319865318562313,0.317483551455037,0.315355004975445,0.310899769931652,0.306236473978429,0.303166965470493,0.300928894873536,0.299106705753308,0.294134064203639
"57",0.366585968453856,0.364734079824728,0.364176496789899,0.36331865843678,0.36257537831616,0.361595125813298,0.361001861213588,0.359367269463571,0.357572135565038,0.35354119955767,0.350163181043129,0.346790264452949,0.343334079568226,0.339059465558421,0.334251358020504,0.330744627146423,0.325931408011969,0.32302917648877,0.317969250014761,0.313370147651812,0.30883695770899,0.304027877407217,0.299317997153773,0.292406565381929,0.287238369185593,0.27961748959089,0.272431678080054,0.264641820139499,0.259457652746681,0.255293171600692,0.25059762778132,0.24282535566568,0.233209134286862,0.227737056634027,0.224027743081773,0.219352120960828,0.210055122947639
"58",0.189208483358936,0.187958931701128,0.188223103057473,0.188524355503604,0.187250798554152,0.187186677650274,0.187853269860442,0.188178497769192,0.188817172146244,0.189370680178772,0.189091323901653,0.189614395869518,0.189754637324626,0.191268081489991,0.190170286240821,0.189287713189576,0.187262183970585,0.185989056274424,0.183425849612516,0.180709340322337,0.178046107175213,0.176017503969305,0.174254639162464,0.171718670083031,0.170110729612732,0.168060294752104,0.166365680581433,0.164126784079938,0.163237874025892,0.161550012008726,0.160488246371154,0.159032767736587,0.157513069130758,0.155304962469661,0.153271888191883,0.151959526637369,0.149783339935177
"59",0.187409303152567,0.189194380916645,0.190451971053559,0.192966359850457,0.19629490631847,0.198974425368694,0.202064490598979,0.205738249081931,0.210777314516064,0.213813244072241,0.216617864634219,0.220793587415731,0.224270175132828,0.2292039150243,0.231637806271312,0.233910278386045,0.237021786015885,0.240121066564602,0.242077597797435,0.244411225653952,0.246892057085054,0.249010194497452,0.251462993300245,0.252765666179059,0.254186960493995,0.255135662663067,0.255593412998118,0.256618759168502,0.258569379982474,0.259927441689374,0.261393167478056,0.263962280125471,0.26549488637364,0.268057081845809,0.270498114667225,0.273316395716993,0.275216792378991
"60",0.277311807580041,0.279990076635826,0.285855809466393,0.291022555175633,0.293708507692888,0.297331867403124,0.301902502065333,0.304859671457555,0.306242404329743,0.307558527982038,0.306655250909061,0.306387063326554,0.307200840494921,0.309298616157977,0.308278777976534,0.308054872170274,0.305751602780239,0.301536323665903,0.293615076278538,0.284009282970355,0.270021460698858,0.259292213984029,0.247247102180327,0.237114962386592,0.23476039139794,0.232771802441276,0.237857429766278,0.238820151070525,0.244809941525074,0.245666180167155,0.248056866904715,0.248197606781276,0.24951817199823,0.248567375682163,0.248209264241613,0.245937822928404,0.244830050535148
"61",0.1573007399177,0.15823040215756,0.157881625888505,0.159166639598505,0.161861873960165,0.163797715103639,0.166393475140734,0.169764822994249,0.175390417499696,0.178860874739778,0.182575230989118,0.187783762861536,0.191740530296739,0.196367846179001,0.199041511516571,0.20159565028793,0.205670516591082,0.210010697508594,0.213543846109416,0.217047064709666,0.22126027254997,0.224221027155167,0.227560020893765,0.229058944538878,0.229812804241899,0.230078670265167,0.228913852433455,0.228527951067441,0.228590441056913,0.228521374095654,0.228716115128499,0.23023612939513,0.230813741239087,0.232013936029547,0.232920769036588,0.235176260593715,0.236325347047765
"62",0.0841071003027011,0.0867783957472386,0.0886440511904907,0.0901248709851611,0.0916576387773297,0.0922065164379977,0.0925155972295643,0.0934610802128758,0.0934649383503982,0.0922970063301011,0.0908871833361596,0.0896431465209386,0.0884716902603004,0.0899466152130666,0.0903284108233314,0.0898414097743322,0.0884051566658436,0.0845366403715269,0.080352893026545,0.078196990152295,0.0736697024703587,0.0726702394531783,0.0706794006264698,0.0727779481011312,0.0779505654645957,0.083460587179353,0.0944247814390636,0.103615700627587,0.113017290611283,0.119322323706323,0.124493656922544,0.130413014366898,0.134838702494145,0.140354079077994,0.146186514836311,0.149035738467958,0.153870384558231
"63",0.271337111258458,0.267819328407537,0.264811586026413,0.262576031269802,0.260932683320608,0.259738503045969,0.258967494454338,0.258757840522386,0.261047480993359,0.260982842254539,0.262125013039654,0.264445114621021,0.265559393976126,0.26670019941939,0.266712462867562,0.267371645093663,0.26987201262,0.27447020535483,0.278221464689346,0.282264088912613,0.287486474125138,0.290333927141241,0.293566535483586,0.294076364430527,0.293760801149608,0.292300059430304,0.288079641651311,0.28520641246004,0.283042385515092,0.28194026984167,0.280917687837373,0.280679223581167,0.279445417191891,0.279747523706972,0.279883179364544,0.282023486601444,0.281630803116607
"64",0.155415799088903,0.150727142472682,0.14530664840834,0.140249413868371,0.135666655879974,0.131450656590808,0.127407625287503,0.124333844289267,0.124517388052875,0.122457383993384,0.1230182999272,0.124545674495883,0.123720000052864,0.121318305255625,0.119984598647876,0.119245142929405,0.122012321573131,0.127842308556267,0.134373064736231,0.140786369596299,0.149263253116683,0.153916260746356,0.158735817575592,0.160299228853924,0.159218220377645,0.157248365322747,0.151909362627906,0.1477968149233,0.142546157079872,0.139300015239241,0.1358882611632,0.133410851242501,0.129740470931357,0.127079316039527,0.12419423862181,0.124511288523934,0.121773447716651
"65",0.352959606311406,0.350322778391746,0.347533857733399,0.345371122790901,0.345138613383961,0.344117950495467,0.343443479128847,0.343069296510508,0.345353511746382,0.343693677269591,0.344351560241142,0.346029800864762,0.346696437950992,0.345267287882697,0.344790027619788,0.345858226635551,0.350881008950207,0.357213139974972,0.362829499498265,0.368604709505098,0.375264252165625,0.378262207820832,0.381268772667471,0.381429091441327,0.381118219667618,0.379074092907451,0.372270149464207,0.367630747680399,0.364509033115585,0.363772148150008,0.362995009507904,0.36155194936947,0.359692240174014,0.359543738805971,0.35964871890056,0.36157211637186,0.359413734766303
"66",0.246111521452533,0.24986753337896,0.255306066200702,0.259735854557589,0.26325419742094,0.266230957748945,0.268411844903629,0.270876743111497,0.270765561134704,0.269152734709665,0.265927576999025,0.262536436816805,0.26063169960857,0.265062306611135,0.265229378690142,0.264170326307777,0.258443728486425,0.249024299085712,0.234676279863948,0.22304927089162,0.199612669355141,0.187654273964518,0.170137651794215,0.172196618587591,0.192592317506211,0.211063626945949,0.24327344185632,0.263752947234778,0.282642680893356,0.294130043437035,0.303234566562798,0.312197142781185,0.318690872741827,0.327366109840043,0.336024156777182,0.340405490083288,0.344913406699263
"67",0.205749821915526,0.204672361145507,0.204388162735048,0.204765620669615,0.204751521490952,0.205353012551156,0.206619054597115,0.208030631411951,0.21068745085868,0.212237581544392,0.213544357580001,0.216013818517134,0.21780233336727,0.220712347558527,0.221297428438966,0.22207266984584,0.223137987711936,0.22505954964103,0.225881078394277,0.226836614563411,0.228346596065334,0.229376695669714,0.230861472404813,0.230822000192299,0.230752618230715,0.230117651229008,0.22862972234308,0.227578365750032,0.227391751373559,0.226910350782285,0.226765991734257,0.227482109267968,0.227433169948379,0.22794819569947,0.228316718839174,0.229877677965805,0.230334855343497
"68",0.0052852709683929,0.00684560274017316,0.00761417957440134,0.00864082838753258,0.0103839129427169,0.0112539296603525,0.0125976176268409,0.0139972441700727,0.0157133688904021,0.0167270193927956,0.0179956294978642,0.0198152470305414,0.0212835145195007,0.0214378805891139,0.0225551951655351,0.0239002776355609,0.0273025825092964,0.0284449938888026,0.030274518753524,0.0315066333233293,0.0328607887281533,0.03374940798424,0.0343712357880622,0.0351136679590614,0.0353331199452001,0.0356801433425137,0.0349124997530374,0.0342732892012097,0.0337296415512904,0.0333743875707813,0.0333629896269238,0.0327419545343086,0.0326352001595664,0.0309001399451399,0.0295370676627162,0.0283723354447626,0.0269897191412111
"69",0.253251271068563,0.251206365430672,0.251172559539172,0.25130321857731,0.250027166891447,0.250074367375652,0.250956374068443,0.251260577086552,0.252095467703515,0.252480794381842,0.252169398133318,0.252712765763873,0.252962827216931,0.254043359417957,0.252600775654575,0.251805610585748,0.250179739527268,0.249799485518631,0.247713307657441,0.245270931647993,0.243148384154195,0.241039619119255,0.239451563127708,0.236160424061108,0.233610557784667,0.230138056934235,0.225576765661299,0.220571612823788,0.216966452467403,0.212991494896343,0.209842511303113,0.205708824902922,0.201588977962389,0.196091793980923,0.190011875950642,0.186649064814535,0.179836269795389
"70",0.145010711364185,0.143580244092744,0.142100434929256,0.140830312825842,0.139456370854649,0.138280399536299,0.137298476780676,0.136935752348442,0.137456079226707,0.136722470737236,0.136467146875818,0.136915083397421,0.136500073432313,0.137329736548895,0.137024718531333,0.136532362278294,0.136348638931065,0.136700505622448,0.136975665440273,0.13821558764641,0.139839802409782,0.141371380281867,0.142895325697656,0.143947055558755,0.144891130315754,0.14557105961063,0.147105626934275,0.148961452160133,0.151249766767869,0.15298147370656,0.154430174812042,0.156948425559333,0.158307596467458,0.160889216546648,0.163717338894654,0.165837345556919,0.168345621070967
"71",0.244702190384613,0.246922365286508,0.250551086891391,0.254463081131185,0.257621016157283,0.260872549473734,0.264623226073053,0.268013890660437,0.271240546317931,0.273207331995794,0.274040969396066,0.275898036063609,0.278031106983158,0.281840697293712,0.282820632278266,0.284060659391824,0.284987779685856,0.285121431617737,0.283254157423465,0.281664722717236,0.278974137433397,0.277693117016481,0.276670778327969,0.275903072168078,0.277332249269035,0.278397371292186,0.280699949638866,0.282703891799128,0.286583995002479,0.288975428854854,0.291522751319533,0.294315141479105,0.296376162647822,0.299288027365416,0.302341963565198,0.304831262219613,0.30652265850132
"72",0.211286379865736,0.209815592238109,0.208765959793968,0.20859666052554,0.208615859911881,0.209012009935742,0.209970884639157,0.211388326583287,0.21451305271815,0.216036361284732,0.217741254811213,0.220684882844867,0.222744474760356,0.2257993013869,0.226785508283549,0.227932441411026,0.229903088559218,0.232872522072652,0.234866577072504,0.237122670889572,0.24006847987213,0.242050725482522,0.244452919086391,0.245075508699266,0.245369910961055,0.245015635067633,0.243482640883617,0.242674913439408,0.242619159114222,0.242511000436787,0.242606963447892,0.243760640815647,0.24396669143408,0.24514023141384,0.246156568996168,0.248314442230851,0.249223314927848
"73",0.0915217214377717,0.0915945057436222,0.090838680419317,0.0903238448871752,0.0899201244465003,0.0892571850459308,0.089178876919631,0.0893956289879791,0.0905217319359196,0.090673718744856,0.0912747725934292,0.0926661800523123,0.0931572506395754,0.0934108948424393,0.0934822138855348,0.0936921860920588,0.0952096515190798,0.0962676785952841,0.097635843073317,0.0989981331188217,0.101000852070253,0.102340719114679,0.10366709626307,0.104256903377199,0.104169161740734,0.103895039591084,0.10289505846755,0.10219791923346,0.101680361942253,0.10128253473776,0.101066769407686,0.101068038341901,0.100785469930002,0.100101272401439,0.0997073931996751,0.0996441134518002,0.0992421758429026
"74",0.233728741135667,0.229047549286532,0.225990769372846,0.222395555301196,0.217254740060452,0.213434036995972,0.209241454495187,0.20506983480811,0.200753607931746,0.195349064112285,0.190240308491988,0.184341585071751,0.177008202160615,0.171386180331471,0.163658424743213,0.155189121122321,0.14131555608566,0.131052167869229,0.119162127043286,0.110965984236371,0.10185712132452,0.0944859423128295,0.084840483095867,0.0762923765217939,0.0726778482749361,0.0662025326770014,0.0743461677049508,0.0814200833680661,0.091029534141995,0.0999656516290618,0.104694596561645,0.108680562329349,0.109249403489065,0.118741982703365,0.129938160579724,0.133246126558833,0.139114893401232
"75",0.529071318246581,0.538071491246876,0.543072021587443,0.547911270448847,0.560976133273629,0.565691802818741,0.572095607227273,0.57564334122139,0.57809312186503,0.571018918869277,0.568961975178947,0.566640468903972,0.566132911420484,0.550738439057923,0.548494089916433,0.552340544482585,0.570141483006245,0.577276583600316,0.585379330027922,0.591307182355615,0.595096037298661,0.593180254976303,0.589359289369977,0.585658241566642,0.584610778701774,0.580337379767304,0.564240914774482,0.552198800978707,0.545673186835891,0.545851520859445,0.546327258941897,0.537588863613819,0.532985483996568,0.526674103003769,0.523029640861027,0.51964491798968,0.507707526196057
"76",0.236576292220462,0.233352569223551,0.23064814907027,0.228838125498931,0.227250236855021,0.226380055902511,0.226208873801462,0.226469988128759,0.229256909927013,0.230270713869072,0.232045726105312,0.235114999280952,0.236901264112509,0.238731005208724,0.239056502434105,0.239938342256125,0.242401603563874,0.24679070553689,0.250321432215366,0.253759794081803,0.258525403086592,0.261103555965396,0.264191221009714,0.264490353318832,0.263741191449288,0.262001015670686,0.257372531408262,0.253784159185129,0.250549833592505,0.248178064740438,0.246114701672729,0.244874917956865,0.24279989861003,0.241366155481392,0.239439131154305,0.240549541764686,0.23886640280585
"77",0.217943287615684,0.216322513078374,0.213653558242737,0.212493187628068,0.213704214496629,0.214053653693224,0.214324014556719,0.216334290518022,0.221077339026514,0.222391413361281,0.225150519257757,0.22929184148998,0.232129487708909,0.236307778880714,0.238945792207753,0.241321475068065,0.245687894561963,0.250853092638281,0.255270077929556,0.260564439082286,0.266278788156328,0.270374314253093,0.274593601784753,0.277029658821445,0.278925423591476,0.280068266072747,0.280139554178503,0.281352941719554,0.283293133568825,0.285292024038876,0.287054285067357,0.290015604920114,0.291624993232852,0.295071669897172,0.298453652174559,0.301934809132898,0.304016507652348
"78",0.307172172316705,0.304619083625924,0.30332865068691,0.302206150422978,0.30116174545072,0.300416288243634,0.299838493257336,0.29926999433962,0.299418012309354,0.297449845907506,0.296067716907766,0.295260003727117,0.294092257135125,0.293857722357748,0.292180853538824,0.291088674940283,0.289899742885172,0.290276153041806,0.289304211070771,0.289548240829747,0.289983104612564,0.290153809804369,0.290571136671364,0.289802262556549,0.289989558372402,0.289131601356846,0.28856887043178,0.288697756930429,0.290435746068327,0.292187905514301,0.293611379621175,0.295439093444082,0.296042767904634,0.299129965332555,0.302564599558268,0.305405576339866,0.306921818337591
"79",0.0167448504321746,0.021378335526495,0.0248862041180788,0.0285449976388428,0.0327154910160667,0.0352822139222792,0.0383159179385566,0.041262229086125,0.0436996852214741,0.0454059109750743,0.0466476333915042,0.0485647125579758,0.0504317581340162,0.0522498193183067,0.0539552318590768,0.0554920550396919,0.0580769508214427,0.0575871865311963,0.0573064723072197,0.0568356112420205,0.0556058174648582,0.0554307313332667,0.0548777667119097,0.055672125383695,0.0572196166619949,0.0591522372451981,0.0620682862297605,0.0645627556368024,0.0676207277160917,0.0694974491769255,0.071513614051881,0.0733688492824855,0.0752680270044887,0.0759505337591262,0.07706367778729,0.0770858196934839,0.0780348428352522
"80",0.136614661355801,0.13954917818841,0.142925108069663,0.146248387081731,0.148320879012534,0.150496124691,0.153238942720853,0.155729552037626,0.157946692663624,0.159905877555696,0.160614331233811,0.162259707466775,0.163845684708423,0.167443593264329,0.168243475555437,0.168800265044437,0.168387766236742,0.16715227003877,0.164677825562355,0.162313062075901,0.159105144289967,0.157612374898798,0.156161047671476,0.155470954025265,0.156482645611188,0.157630541606555,0.160828604238737,0.163303496217199,0.167025411384,0.168808816131723,0.170833012652933,0.173444152958992,0.175449477668665,0.177439278916235,0.179597025813781,0.181036089959805,0.183190652322374
"81",0.367137209478807,0.365626231922305,0.363875457038256,0.36279158751741,0.364090818241157,0.364094486041171,0.364493369320127,0.365049210780443,0.367715702471645,0.366078938626021,0.366623064601561,0.368102856124136,0.36899110554371,0.367426769312463,0.367246710344463,0.368781028598392,0.374605633523792,0.380451371212785,0.385523682258055,0.390810625285958,0.39645800410775,0.39888260900286,0.401173599829606,0.401219705618565,0.401403576464646,0.399853107383458,0.393716820952889,0.389747681206971,0.387846336389127,0.388273457289391,0.388660611370465,0.387664450047144,0.38661669032689,0.387009633654337,0.387950699169013,0.389736250860548,0.387410444754473
"82",0.431731658638374,0.4307727383179,0.428442395564673,0.42541436301792,0.425088465106813,0.421823966398917,0.417763556583945,0.412981775415236,0.409249642047087,0.399604760716188,0.394231192094513,0.388212851216916,0.380338155153209,0.369094938872709,0.361032689943417,0.354092323407329,0.348917133039057,0.352452615502559,0.357236093300971,0.366185696301064,0.377517749483201,0.382498035089105,0.386878510744754,0.387142029343234,0.385977827577954,0.381910265091119,0.374227149592404,0.370066229239193,0.366939435905,0.368557306652565,0.368192034267343,0.367719058940216,0.364770178963436,0.369193769999954,0.374625454887421,0.378701371933976,0.378675112359304
"83",0.310257615437677,0.308481127025892,0.308391622178065,0.308515607650654,0.308279897755605,0.308570500517929,0.309513238418353,0.309910361902728,0.310799155191518,0.310108246843532,0.309369839450556,0.309363957906146,0.309277479202935,0.309312506955072,0.307824594911124,0.307334081306907,0.306944505160841,0.307340511810487,0.305987760908662,0.304722226774651,0.303529269386523,0.302075729376738,0.301045753546823,0.298499595194032,0.297082633896419,0.294541353738361,0.291051694367916,0.287891157286604,0.28665721576603,0.28548571819061,0.284684232308971,0.283516068838638,0.281905098325011,0.281244569127181,0.280754347052168,0.281382450400634,0.279936446157265
"84",0.256783371981498,0.254506129791148,0.254368360071346,0.25425753433362,0.2525963724713,0.252329806302678,0.252820998229763,0.252693486983213,0.252878244007527,0.252711062174374,0.251813060517388,0.251626911393663,0.251200967363524,0.251778569867184,0.249747948918418,0.248329704187734,0.245557059112133,0.244142175891059,0.240884540043275,0.23730111085407,0.233806094385561,0.230658268469384,0.227912261939865,0.22364077479231,0.220514053437274,0.216396178631864,0.211874717653981,0.206529989347503,0.202880568754251,0.198669658275779,0.19527467483612,0.190309431702741,0.185423775697284,0.179072582352142,0.172360275433984,0.167692485165533,0.159433455059711
"85",0.174976541222262,0.181706481154689,0.186484961315946,0.192726320403136,0.200057661536909,0.205432838231371,0.210962258181537,0.216935061253669,0.223798267627816,0.228222070854761,0.231930258283913,0.237091629971659,0.241749046372529,0.248025387781437,0.251428764320062,0.254542985182221,0.258583938197003,0.261831277266126,0.263708733140588,0.265982645047028,0.267959951494476,0.269967791990239,0.272260556550733,0.273817831134749,0.275931026835088,0.277597149231737,0.27895387139935,0.280769044124459,0.283733197845021,0.285887893385571,0.288112418260481,0.291182242730322,0.293272583335205,0.296346059715754,0.299348053444849,0.302362060211908,0.304269447101543
"86",0.0214186129996621,0.022871992889057,0.0236331868889648,0.024125128244343,0.024348922076919,0.0241101550233497,0.0244926286584629,0.0245023492561547,0.0242488939289127,0.0238642202071843,0.023464531584497,0.0232580627964224,0.0227861730135775,0.0210652989009683,0.0201675515182274,0.0196827938245662,0.020025221668953,0.0188695163811537,0.0181533591096035,0.0169147101130438,0.0156794356185736,0.0144899514362081,0.0130918254087643,0.0119446647820166,0.0109797254357169,0.00997219972083891,0.00853744008734883,0.00702731657976798,0.00596003714755637,0.00517402936372625,0.00462495283861339,0.00345345439089667,0.00276230056213472,0.00176738596356799,0.00115386437167743,0.000744720883407354,0.000388489942758595
"87",0.00706671147768146,0.00778893806480874,0.0076827173605256,0.00746503378675189,0.00767131518291586,0.00723506571592576,0.00688561732961902,0.00666996271152493,0.0064409582759672,0.00566574535014783,0.00533653430538937,0.00503123916477469,0.00454968166469571,0.00369582101468465,0.00352232882328528,0.00339967989211202,0.00385904171903516,0.00373832349585762,0.00400593598980721,0.00447459828785886,0.00491845897684588,0.0052854050792977,0.00540761736400577,0.00586860774565364,0.00629155381386031,0.00674317701984685,0.00733781746602296,0.00805894582361708,0.00887606026220483,0.00983257611919568,0.0106422805882743,0.0110595767542803,0.0115417252476621,0.0117173681961008,0.0123147183517177,0.0120239472562812,0.0120231036327185
"88",0.0218087587150626,0.0233297667139522,0.0241714345641909,0.0247652509798479,0.0250607828498011,0.0249103861840897,0.0254345695809903,0.0255480523693736,0.0254299335977243,0.0252172015216121,0.0249480385395619,0.024918618945478,0.0246097277187032,0.0229659228364088,0.0221231432216822,0.0217266747608059,0.0222388626006595,0.0211821011412585,0.0205660844889715,0.019311557311473,0.0181023313130299,0.0168735837661223,0.0154399693894379,0.0141830264112537,0.0130477064997567,0.0118613824965263,0.0100312431680864,0.00812603399065816,0.00670157623587529,0.00563539482651499,0.00488878525638401,0.00349393757168455,0.00267226574699047,0.00154262440263281,0.000863673643786104,0.000495348202921242,0.000200053225041587
"89",0.0356853842836204,0.0363845548338348,0.0347460713672346,0.0337353073344292,0.0344818634439236,0.0338730603488299,0.0337551869432418,0.0343444069166229,0.0366963509944917,0.0371771923582049,0.0391761494545737,0.0420383011675608,0.0436506155802592,0.0433973660668503,0.0447812074900283,0.046439097204006,0.0514728323514509,0.0552164053943128,0.0599149133161288,0.0641115274693525,0.0691664014188474,0.0723136999246325,0.0752836918981573,0.0771332105629012,0.077329366361965,0.0773884272997084,0.0754417597853047,0.0741831411849449,0.0724962805516348,0.0716025416895189,0.0709022778186939,0.0703785862885704,0.0697762156979948,0.068280121117433,0.0669725194588604,0.0665912831252599,0.0654225717879143
"90",0.274631009435462,0.273537719887642,0.270688996336604,0.269852159305843,0.273190358085962,0.274541093659797,0.275479448902425,0.278715966276225,0.285120175764765,0.286374668076075,0.289800688398376,0.294633747820815,0.29824280822122,0.302468026998819,0.305924329340783,0.309402617838693,0.31631060730078,0.323030435150902,0.32889102818913,0.335723900445883,0.34241530563354,0.346869229629089,0.351112970929123,0.353714047186525,0.356263436261537,0.357663005014596,0.356778504486151,0.35746794632625,0.359606386121056,0.36259043924604,0.365240545002405,0.36759682584682,0.369181491988138,0.372383352979191,0.375890418171359,0.37890719558699,0.379048518357039
"91",0.1807708580116,0.183741359740184,0.187882492282029,0.192140058079292,0.194739486165629,0.197834918561901,0.201751217023834,0.205027339726456,0.208239071436956,0.211207138856603,0.21257926397038,0.21509060546567,0.217584223345789,0.221777094681917,0.222712180135222,0.223726082764496,0.223931790698005,0.223733022949277,0.221794911635769,0.219543386002203,0.216711177856977,0.215084753335032,0.213822882669168,0.212363660562988,0.212414422135994,0.2123307865848,0.212988221954132,0.21312388541769,0.21482474203777,0.214928962863535,0.215715089094758,0.216877989293987,0.217759730928096,0.218147247015249,0.218455654774388,0.219284096475232,0.219828688558706
"92",0.140521524078595,0.140293331668621,0.139940692137514,0.140120840209366,0.14013488098537,0.140322042698963,0.141151913330112,0.1422726114969,0.144539386138361,0.14585022060174,0.147141722691319,0.149510303146364,0.151034481049974,0.153356984395224,0.154051579369081,0.154750561717447,0.15604028883866,0.157605056779951,0.158707804211777,0.159889008089999,0.161689913364329,0.163044264032452,0.16467020725963,0.16515528226322,0.165237853445132,0.165024117893575,0.164252478337899,0.163786160152727,0.163759956787739,0.163410475179886,0.163341638891641,0.164111499428699,0.164228188520283,0.164446440404797,0.164644487971843,0.165646726633286,0.16615640589108
"93",0.450848551340166,0.457226631646726,0.462755174166775,0.468840325644085,0.479732477370185,0.485891371712797,0.493600929650637,0.49923010202545,0.503807590083087,0.501821721057319,0.501798153567866,0.502116495469385,0.504123948228279,0.496749950758824,0.496633618951476,0.500816325168824,0.514508175511764,0.519334022467385,0.523593418642347,0.526126015425155,0.52620376004549,0.523753220657527,0.520291442521739,0.517357012788486,0.517608690289438,0.515704686908871,0.506528184758043,0.499692408235924,0.497707842273079,0.499373470021876,0.501562957162443,0.49701429023167,0.495477396741208,0.492281327698825,0.49104957554614,0.489268351563743,0.481113307208162
"94",0.00451925490720725,0.00582132401327951,0.00683051348103237,0.00782161174356197,0.00884475901743419,0.00938581694618982,0.010404210613358,0.0111451480036397,0.0116182893359255,0.0119846958977548,0.012198346681486,0.0126470823347552,0.0130201751938105,0.0123736690285377,0.0123682672195279,0.012641713351198,0.0138341644833858,0.0132165515332933,0.0129533085167989,0.0121230811504766,0.0111250110076859,0.0103106641469336,0.00931570003495658,0.00873064789401413,0.00834752643351938,0.00804026029985313,0.007383263535044,0.00658133804877684,0.00611011102013833,0.00567098334915677,0.00548162804402239,0.00466826640343241,0.00432211124427392,0.0032574760653501,0.00252138826706588,0.00193020600441818,0.00138133945165476
"95",0.286249423898053,0.280494652410208,0.275199533374687,0.270189420577694,0.265084182533567,0.260910237880904,0.257055375396184,0.253441507959806,0.253417967104123,0.251154808957454,0.251296210680431,0.252512462255826,0.251500909698345,0.248654856319694,0.24578920199904,0.244232721624687,0.2456200954012,0.252476728619485,0.259047656701001,0.265203612642682,0.274134092760368,0.27809906372645,0.282616160645907,0.2823544103007,0.279438019078831,0.274650236732506,0.263512166754332,0.253508965089794,0.241478053094152,0.232322187781905,0.222437456476564,0.211557828629138,0.19775038802826,0.182506234644598,0.161426190690781,0.154348686349521,0.124597693459237
"96",0.316175700633213,0.310119612542222,0.302759610690976,0.295589295953943,0.290760812056265,0.285023873262011,0.277878726906102,0.2727887175479,0.272999514161979,0.267179512528154,0.267170280329055,0.268181293221874,0.265848414595191,0.262587496935379,0.261670450062968,0.261168767169546,0.266576738387778,0.278054341779124,0.28965080122187,0.302311915418683,0.316114068669745,0.323745374634544,0.330900084411785,0.334056956177092,0.335051481808996,0.334402117111678,0.330038547590863,0.328369428052324,0.327039510918223,0.328207327663675,0.328583375428075,0.330060835989094,0.329794798608044,0.333117266440351,0.336561277678753,0.340548001705387,0.341490345713572
"97",0.244567606761704,0.243863907526893,0.243814009569272,0.24454658784738,0.245709187554778,0.246895393228746,0.248365772695521,0.250328937513295,0.253398172404643,0.254439708377192,0.255558129495174,0.257784973568937,0.259577498770614,0.262886599797032,0.263998501803211,0.265228965783648,0.267041439252321,0.269258623491542,0.270201948144737,0.271916213750905,0.273616595373627,0.275129893003328,0.276922245797533,0.277731824109169,0.279133935193324,0.279878032100833,0.280466550735405,0.281652279107768,0.284091732134949,0.286060781091181,0.287951838792974,0.290601162053933,0.292162761402877,0.295247572876002,0.298387760403236,0.301378584352923,0.303191560381278
"98",0.283997734105384,0.281874458959742,0.28040570430959,0.279493588346845,0.279448537405779,0.27928468498193,0.279060328598028,0.279552622210533,0.281259695094355,0.280254767204547,0.280133236817225,0.280868997977074,0.281109176463863,0.282862257875921,0.283097745334481,0.283533312371339,0.284752594738061,0.286953103560608,0.288077666707577,0.290691052079241,0.293299311989693,0.295413134297683,0.297634801545883,0.298863026094148,0.300714242974693,0.301679493074981,0.302677877685328,0.304513357050124,0.307658350046677,0.310650072314316,0.313200626414039,0.316293161677186,0.318089548417884,0.322094011659352,0.326295249704751,0.32968590504128,0.331543079755566
"99",0.279925899369144,0.27679928198402,0.274912305592903,0.273151577135467,0.271215042386467,0.269837522020864,0.268450195188489,0.267348922635327,0.267048277780359,0.26484919074684,0.263253975400253,0.262174762814198,0.260508174054982,0.260503322349138,0.258705610184874,0.257110703829472,0.254898359235915,0.254768151954959,0.253531022444878,0.253953068543053,0.254666748318734,0.255336129004475,0.256191533815504,0.256067577077284,0.256722869481832,0.256495437806664,0.257436671102346,0.258951140839416,0.261717655674098,0.264170121419761,0.266071839744136,0.268871955561594,0.270096084492811,0.274113514480044,0.278415692953602,0.281707806002068,0.284299527613006
"100",0.217655597794903,0.213858087526323,0.210180757265662,0.207182350353337,0.204690372580709,0.202676344982442,0.200861604588419,0.19999451824814,0.201666748530154,0.201177242038744,0.202108811693379,0.204159033948802,0.20471852781063,0.205889608667309,0.205956538940349,0.206215028497683,0.208051766687229,0.212229650444812,0.216019797705342,0.220407483375385,0.226076924551329,0.229584981795262,0.233404639744197,0.234737307816691,0.234865340546237,0.234153191115608,0.231746609511824,0.230509053091373,0.229501472766296,0.229160859166206,0.228722088288508,0.229696053495226,0.229332334304158,0.230742306434025,0.232034365830594,0.234583942017465,0.235698146209911
"101",0.173672125619302,0.173578550251201,0.173065969435525,0.173708044433972,0.175029017176158,0.176174197497669,0.177906359438283,0.180265584149567,0.184461268682295,0.186908385872322,0.189510996067095,0.193468447371544,0.19640703467498,0.200322581205909,0.202200800080263,0.204022842810884,0.206912540783304,0.210313184129727,0.21288793335946,0.215621750247014,0.219001575303531,0.221443698975954,0.22426326050941,0.225435946084295,0.226099345430192,0.226275929955605,0.225404870199726,0.225208523371498,0.2255692228075,0.225696677519899,0.22603864657713,0.227632130102756,0.228256717161071,0.229641982687722,0.230819379161966,0.233058682958596,0.234352803816932
"102",0.287516511735246,0.283806231195767,0.281681949272587,0.279394113845567,0.276328253616835,0.274152802499411,0.271978644997986,0.269710516662309,0.267875178037142,0.264564745311762,0.261684724771512,0.258955272776249,0.255523771007319,0.253554195351001,0.24963435781119,0.245957331037195,0.240273765075303,0.237611939369903,0.233631672079252,0.231385165535893,0.229602849339763,0.228050926634716,0.226604017958869,0.224029663644758,0.222628816076768,0.219991010110873,0.219676544726788,0.219651708517983,0.221221972295434,0.222821568289012,0.223617559850284,0.224906818622633,0.224428047951861,0.227891709676591,0.232147603712487,0.234674888531129,0.237007629336705
"103",0.379103583807329,0.378288746727284,0.378313579660905,0.37834033432384,0.379396185444596,0.379579047475801,0.380359489696088,0.380189767358388,0.380250728639029,0.377308417307213,0.375391230703948,0.37385940889598,0.372473376269537,0.369096764834233,0.366383551725731,0.365484359707317,0.366090773366972,0.366915816324561,0.366182537667109,0.365639558435546,0.365182633912683,0.363533323615422,0.36211325027127,0.35888530521577,0.356912967015065,0.353180266416486,0.347213567085034,0.342198373330128,0.339583348734444,0.338258584362949,0.337014625277468,0.334416449306928,0.331462560725249,0.330382552050606,0.329881523432969,0.330388877354563,0.327622891708716
"104",0.16529967885727,0.176957311237874,0.186357893215005,0.196450222049211,0.20574063789989,0.213154191130852,0.221079515115144,0.228286992880634,0.235810028743494,0.24161739101634,0.245717136272333,0.251312279202695,0.256611591652922,0.262923698869417,0.266083540819825,0.269291982170602,0.273277710477239,0.276115460096817,0.27726332547353,0.278149909117558,0.278661121553701,0.279392373472479,0.280563699473745,0.280947878876366,0.282188036138973,0.283016239378567,0.28301399113502,0.283311550281391,0.285059542644955,0.285954261590419,0.287342429637374,0.289249069096304,0.290659939939557,0.292203409259696,0.293589049104232,0.295748855903682,0.296604300482645
"105",0.240965333316095,0.242553461652806,0.242321351286231,0.24492473240704,0.250692459072705,0.254751703619531,0.25946844711931,0.265139025709117,0.273851184166462,0.278577977329986,0.283828190676271,0.290667019641485,0.296203968646521,0.301068656239867,0.304569124731236,0.308548734203093,0.315795524473122,0.322447119354177,0.327880767344082,0.333071740053706,0.338539241555905,0.341746973177939,0.345123439477118,0.346395542706599,0.347455832120398,0.347439112640999,0.344058134982523,0.342199615683997,0.341765414063351,0.342263641147159,0.343009648033807,0.343711387073013,0.344021145585985,0.345081490777664,0.346152980485652,0.348477417951894,0.347886119229155
"106",0.106661802797338,0.1055436702215,0.104417904719952,0.102809858288679,0.100499159874559,0.0983613988790944,0.0962164655447377,0.0943547905369339,0.092103237410243,0.0889918467857181,0.0861442028137594,0.0830533913137567,0.0792914477516918,0.0764583255199858,0.0734516679124844,0.0701593535934399,0.0657485257208305,0.0609013013517887,0.0562260635340666,0.053448414269146,0.0496683110909876,0.0477049164681942,0.0448110184830041,0.0441801191302555,0.0457436003772511,0.0471751687683229,0.0533700874660222,0.0588842168215584,0.0652030216832541,0.0701630768242896,0.0738900622417939,0.0774600689567781,0.0799476355302911,0.0840643395578601,0.0890762647592154,0.0905668830839476,0.0938672817759943
"107",0.00590908992191196,0.00973966255631516,0.0127706334750781,0.0163272505296474,0.0211475442888726,0.0241002652225611,0.0273618216337571,0.0308193398794766,0.0339059027364186,0.0358720176225443,0.037594035477413,0.0400310752216149,0.042404904902768,0.044719656455755,0.0471448382216888,0.0492647007377153,0.0528344104113366,0.0530423252800894,0.0536096643861206,0.0541242403551495,0.0538854987930372,0.0545491747540351,0.0548049965746554,0.0564059856911078,0.0585066268324406,0.0610057970489694,0.0644312624653125,0.0675523703616902,0.0710395508352453,0.0733307684705864,0.0756467914555857,0.0780568034939171,0.0803213760255677,0.0815682282042385,0.0831846818019041,0.0836560768305363,0.085134441242212
"108",0.331881781556966,0.330027824180008,0.32992069337604,0.329923779501057,0.329522260318094,0.329614217441883,0.330562410172523,0.330565765942934,0.331016096300647,0.32992516203865,0.328857839181115,0.328450020124175,0.327995173009819,0.326689974830166,0.324344115458447,0.323423287018942,0.32278857733726,0.323108114374098,0.321586414255701,0.31958612291933,0.317964090831871,0.315509864084257,0.313583723061372,0.309343083307889,0.305902097954439,0.300850313007752,0.29308557692327,0.285170133985118,0.2788450506812,0.272978382710913,0.267747187875749,0.26026951183756,0.252593720584307,0.243118476871307,0.23196049567539,0.225357911453584,0.210369979424802
"109",0.31020460754721,0.31178241031116,0.314653027925305,0.318347942115925,0.322399634336888,0.326101638373022,0.330829358392911,0.334764193994155,0.339222192530732,0.341317302369034,0.342958820316177,0.345713263274586,0.348664537777266,0.350335030292318,0.351196691829839,0.353445156913308,0.358010073972937,0.360951005689048,0.36216789674831,0.362831185317515,0.362996931417424,0.362448349669923,0.362194364784971,0.360778023327149,0.360708788703985,0.359548157530619,0.355713298436999,0.352727497013047,0.352107197569598,0.351925639951782,0.352347194474878,0.351676968023244,0.351275054741658,0.350824738371757,0.35054816029765,0.351534502119546,0.3495691515604
"110",0.288858611494441,0.28642821323322,0.285305886977395,0.284260494818133,0.283192688048315,0.2824356450975,0.281568930702481,0.280986031609919,0.280740192720872,0.278435940171473,0.276546004370501,0.27506705367018,0.273325729770115,0.273738418483905,0.272204674268465,0.270753430340847,0.268282621147434,0.267112825020917,0.2644988535434,0.263916220651959,0.26280837761399,0.262746411722552,0.262693704455919,0.262764712372743,0.264656986631774,0.265813617574224,0.269640885033229,0.273507898621738,0.278781198366232,0.282962367190433,0.286352103168471,0.290428381888154,0.292833640694778,0.298028895120628,0.303502642837596,0.307154325021883,0.310198508256446
"111",0.229830360973277,0.222026916145886,0.211735243653567,0.201412350697956,0.194307030227023,0.185669823301787,0.173997300404796,0.166035253816853,0.165139395088351,0.155179122407888,0.154730748930665,0.155111428884663,0.149906383496913,0.143785083469524,0.14413227189725,0.143506718863402,0.152967124703373,0.16930343749643,0.186124673347859,0.203900105307638,0.221574063142282,0.232078498245864,0.241597471136078,0.247184408881607,0.249669365625346,0.250986139552966,0.250650514253521,0.25270172990969,0.254147751498531,0.257018350629251,0.258702432280831,0.262839428076609,0.264415699453305,0.269946675681302,0.275325642329253,0.280302314282415,0.283989251814572
"112",0.249318109594624,0.249524721029342,0.252301122323782,0.254970545487455,0.255566595725892,0.25746420854814,0.260349020276005,0.262166033286033,0.263608992068786,0.265039788766961,0.264854756351289,0.265523025506472,0.266480034520631,0.268645646683417,0.267717267494007,0.26741140463151,0.265624749527079,0.263724937460908,0.259362836077584,0.254094757891295,0.247641783518635,0.242642857750603,0.237843921639231,0.232602604440405,0.230063285746675,0.227045515008699,0.225079684226529,0.22161134173331,0.220869174353596,0.218093246441269,0.216683499419159,0.21375395139744,0.21162148909237,0.206977818325552,0.202027989476119,0.198212383845546,0.19277558817321
"113",0.266161579644775,0.264370057777854,0.263549174755418,0.262580212599274,0.262086735903434,0.261318135795367,0.259528845601208,0.258886416519076,0.257660079595287,0.253648245181077,0.250113745128626,0.246365237470125,0.242608372219683,0.244196358626244,0.243250650164805,0.241037435179925,0.235922276299837,0.230781455668095,0.223870730029911,0.222350808491547,0.217406906489814,0.2177887576185,0.217022152545111,0.221481477153503,0.230460685420174,0.23870035621759,0.254567600616494,0.267390930143951,0.279970922363185,0.2889303283756,0.295846947218574,0.303500002539147,0.308581411847601,0.316769824820964,0.324945009595995,0.329636745123888,0.334058334843143
"114",0.219145628695562,0.222409896465724,0.224880761706426,0.229079076079239,0.234540915420809,0.238853953987898,0.24367604870226,0.248871514355096,0.255575455657408,0.259647727572913,0.263352359888619,0.268521556380246,0.273045488846777,0.278226586451373,0.281122028213687,0.284203809515503,0.288948320272505,0.293131739350437,0.29592859857556,0.298818686299487,0.301698714767244,0.303773016521846,0.306162796117914,0.307189986661377,0.308542827595163,0.30916608186521,0.308194882728846,0.308096264314954,0.309363674776447,0.310549329670661,0.311956616161933,0.313787562840856,0.314950570609476,0.316936722672831,0.318889610773872,0.321470670696592,0.322171978385222
"115",0.00828469225740336,0.0097519385454014,0.0103134897896575,0.0108763909499824,0.0120209990166591,0.0122617801340951,0.0127277528732632,0.0133222882505113,0.0138627414540629,0.0136737610449057,0.0138271286828636,0.0142064988782053,0.0143702448058902,0.0138286911100362,0.0141988874259384,0.0146472261496015,0.0164079061268215,0.016357103304835,0.0169362890881534,0.0175314504458611,0.0179116164605613,0.0183603226230143,0.0184264114309768,0.0191723140299766,0.0199511638600231,0.0208765721652715,0.021925855972151,0.0230076684830869,0.0243083744255154,0.0254879631663998,0.0266348507154617,0.0272661190093953,0.028097729759703,0.0280403519997842,0.0285018970549841,0.0280066116886101,0.0279407375458408
"116",0.311117367314893,0.310336411902717,0.310430457375285,0.311108522997335,0.312742013670826,0.313959021168212,0.315427129959303,0.317078171884107,0.319475107108917,0.319079906378536,0.319187453942262,0.320166077678603,0.321097370675126,0.322534171516948,0.322849797189074,0.323874071640702,0.32619955570398,0.328305267441504,0.32898160351694,0.330558344447766,0.33171190834366,0.332568271359601,0.33354374381287,0.333773741869642,0.335266525089303,0.33577023208138,0.335670233293802,0.336382273126826,0.338986139063607,0.341642762132814,0.344101417301079,0.346247908825869,0.3476526141558,0.350695180405144,0.354102307288376,0.356832985513819,0.357412250271741
"117",0.288947561257715,0.285906397668126,0.284633275096833,0.28341625317645,0.281316813063053,0.28023999816877,0.279673616378109,0.278693375377083,0.278371629372847,0.276937834238411,0.275534596553404,0.274728635846421,0.273471803840166,0.272830237647508,0.270245327349023,0.268400184818001,0.265723969307746,0.265177839656156,0.263100171627128,0.26130686944365,0.260174453462865,0.258596106935509,0.257489240627376,0.254370646450855,0.25179584101491,0.247943968987247,0.243190881967609,0.238495252347249,0.235178440528843,0.232227610470501,0.229518309778389,0.226228536350873,0.222202121466745,0.219236436611384,0.216430922218356,0.215285877231261,0.211426779228904
"118",0.0262092548218888,0.0267026505584901,0.0262463862724443,0.0253501013399737,0.024456879500914,0.0230076643408615,0.021758441482946,0.0205011244260268,0.0189532740191629,0.016849291492349,0.0153058063505312,0.0136042311081608,0.0116117775634798,0.00909201810344481,0.00766164491785397,0.0064484038775627,0.0055001538955904,0.00429029096523489,0.00352166238024367,0.00311951205798571,0.00269532907120742,0.00238342885390128,0.00193063646428157,0.00173970670574292,0.00170904611415122,0.00161675735870128,0.00190231819376291,0.00221724629762519,0.00271336449240215,0.00336358235521863,0.00384082065670148,0.00397020296330383,0.00405447273884029,0.00437524933724302,0.00507764139236549,0.0048787615074902,0.00492953369991925
"119",0.292358824393392,0.294368178140956,0.294563247314688,0.297843187300899,0.305009850001766,0.3099870272007,0.31586543348251,0.322355043032536,0.331940091138527,0.336582332658854,0.342021548523976,0.348940030911244,0.354775086529278,0.357940112696784,0.361267556301638,0.365885806460754,0.375572470983009,0.383215786864032,0.389738243179389,0.395580172446094,0.401309413610667,0.404031420934968,0.406623854085193,0.407260867436281,0.408131918141121,0.407534493869428,0.401789167727467,0.398073012239894,0.396536382782657,0.396961908589834,0.397722630856885,0.396852572404788,0.396430224481187,0.396186915428264,0.396338589765452,0.3977497908762,0.394932286535296
"120",0.19380909138194,0.192964799365178,0.193227350804482,0.193800751557154,0.193417329955071,0.193849127100361,0.194903446517552,0.195913223354043,0.197565765826025,0.198593148409102,0.199046366883787,0.200471645295711,0.201440036552256,0.2039123572471,0.203847648442703,0.203884026560378,0.203411902981567,0.203601654813655,0.202615083242055,0.201817746214254,0.201210451751454,0.200935922096331,0.201016919687425,0.200230155572058,0.200008035158099,0.199392000136128,0.199015648043517,0.198634418755817,0.19933228507617,0.199254206443079,0.199508831288362,0.200399485401205,0.200626205975301,0.201252473828942,0.201922629668624,0.203081286812506,0.203783897264354
"121",0.141711871077719,0.143078029449602,0.145896065771281,0.148424151948339,0.148611003180168,0.149919375008197,0.152299784428564,0.153768650206607,0.15490360331103,0.156746662930082,0.156939051118946,0.157984690732631,0.158940979666618,0.16102201382599,0.160299049415871,0.159821961701668,0.157931014361747,0.155600267433201,0.151798125232099,0.146924684818052,0.141365414302627,0.137077885170302,0.132786194702019,0.128334690422038,0.125613284740004,0.122737274073539,0.120189538936636,0.115987572899072,0.113678122602102,0.109790748751735,0.107393739984844,0.102619750961939,0.0993396481153726,0.0916323579224265,0.0836267829075633,0.077008497527346,0.0682223717771304
"122",0.317402233636437,0.313116922405054,0.308319045062612,0.304151255847806,0.302014700361178,0.299316459903841,0.296286783116592,0.29457160485989,0.296445161030554,0.29398611419815,0.294718563234194,0.296550081154566,0.296610583923175,0.296139057835896,0.296152490244854,0.296883637126029,0.301310392199936,0.308656921094498,0.315595505816635,0.323426912730268,0.33229255058165,0.33721975967009,0.342057098614933,0.343855104606195,0.344568224159536,0.343791241469662,0.339598811907999,0.337571664109026,0.336504009016976,0.33733806023789,0.337782929414595,0.338659493514459,0.338384539363587,0.340673445239028,0.343145996389738,0.346333894382425,0.346483172489231
"123",0.245380344462243,0.243278463797865,0.242903067593572,0.242661028985719,0.24133916520378,0.241088812864026,0.241345415838044,0.241404091454627,0.241913714304737,0.241648450901416,0.240942579081043,0.240976508739511,0.24069468499375,0.241923826128808,0.240627824901243,0.239650906328977,0.237626969504788,0.236809423759511,0.234448295932948,0.232475505877161,0.230527225931202,0.229100989470079,0.228011183809334,0.226018653569505,0.22516210368939,0.223649924432343,0.222889493443783,0.22202831003056,0.22270974525441,0.222673933599946,0.222855304027206,0.223354531904815,0.223100465833143,0.223903614817955,0.224956964345574,0.226111623991932,0.226668655211708
"124",0.304630857986207,0.304373349023737,0.304193180409171,0.305610023452236,0.308855633432596,0.311418782516584,0.314888152030543,0.318504296728325,0.324347652312079,0.326804002140056,0.329883695290771,0.334309666318556,0.338075842959267,0.340191880688028,0.341937720771554,0.344931768747922,0.351482719761586,0.3572207747291,0.361729665881584,0.365835761713647,0.370145074776177,0.372125005852153,0.374258128608006,0.374337221227667,0.374616185821397,0.373563463400092,0.368401494877836,0.364869477296175,0.363198196622813,0.362934021403552,0.363030723030714,0.362297974518545,0.361599563473531,0.361379650270598,0.36129795948963,0.36286429439885,0.360847496105239
"125",0.222446115483439,0.222265557043846,0.222919939966705,0.224421278013925,0.225677047806357,0.227352546351008,0.229781765265881,0.232215475657571,0.235860759029231,0.238181797051788,0.240048025431038,0.24317356482651,0.245751285033507,0.249262158958568,0.250349235177773,0.251744421486134,0.253699535985239,0.256114053082441,0.257181148421624,0.258241529653006,0.259662383591738,0.260597242275212,0.262015159880486,0.261909316455553,0.262011402085516,0.261478213711607,0.259775912550779,0.258586607733863,0.258521662090245,0.258169296086792,0.258231360342659,0.258987146188023,0.259093873173286,0.259684086705593,0.260091194674511,0.261809332126622,0.262096313968381
"126",0.255703030055482,0.253522713265714,0.252490024428885,0.252140138229998,0.2515426131021,0.251708631073684,0.252612432521727,0.253511874428551,0.255953020875774,0.25695119373381,0.2580198380765,0.260233765609315,0.261750309699881,0.263675025839586,0.263682421152953,0.26431004856072,0.265733481848952,0.26842804791887,0.269882159420405,0.271321351999631,0.273557438510157,0.274606312865713,0.276182358790735,0.275604873605077,0.274858376303845,0.273175402104099,0.26941729896907,0.266393352578947,0.264355360136192,0.262678671646156,0.261409689926389,0.260599582558882,0.259166918537278,0.258287006661757,0.257132591438214,0.258184421185887,0.256940811167349
"127",0.230574594937568,0.222643864446891,0.2116633004817,0.201326507685073,0.194931969065889,0.187144210620594,0.177615652350635,0.171948649145934,0.175710504216499,0.171510789796998,0.175931635658869,0.182083925232786,0.183100858283542,0.181666601605617,0.184127401688788,0.186719436706311,0.197580216412315,0.212713762168514,0.227323296318794,0.241282013125942,0.256357503171499,0.264870457837028,0.273049919505678,0.276868827849212,0.277718304471011,0.27731769598594,0.273136513665033,0.271349352999907,0.269034126135498,0.268815781349271,0.26807784785144,0.269440790986326,0.268894027590367,0.271310192972556,0.273436052377644,0.277405474723602,0.278885136563884
"128",0.110110271085726,0.109933299286819,0.110111790934754,0.110129421288362,0.108908165236449,0.108284108593357,0.108454998206644,0.108301928744693,0.10830239861039,0.108328721540944,0.107892995202116,0.108054474451555,0.107661151849628,0.107390026444523,0.10601190417609,0.104927983883235,0.103638796696253,0.102050219412027,0.100188669975002,0.0979023787441438,0.0958476109132499,0.094041867378201,0.0921795538645362,0.0899253704719569,0.0880161966244838,0.0858039712320041,0.0831723832978843,0.0799993482932315,0.0777026659367568,0.0753749741560095,0.073650915488599,0.0704913666120133,0.0679339512035334,0.0636810586136623,0.05996207665371,0.0568396719393883,0.0525881186078606
"129",0.283372974255444,0.279956404516718,0.276202377195836,0.272445961331985,0.270958541101675,0.26820051323262,0.263274804446025,0.260884638995281,0.259111785370766,0.251919991967833,0.247570391917145,0.242681581833478,0.236633550589242,0.237299133425151,0.23723087897996,0.234865198133042,0.231581026210962,0.230324715896883,0.229530785121687,0.237280606678189,0.24252379561749,0.249724694594314,0.255356429387,0.263254432741165,0.272355026682553,0.280195578420278,0.292793409930371,0.304118804988113,0.314992442654515,0.323743290970312,0.33036250636856,0.337577325589498,0.342231008089603,0.350193398904371,0.35814848544913,0.362834587511186,0.366163564040302
"130",0.121726831487034,0.122764386906244,0.12369734714193,0.124888812048633,0.125567151394381,0.126288727804205,0.127642426438651,0.129066963685864,0.130979108506829,0.132277723560567,0.133150280993688,0.13496856142205,0.136243690138938,0.138543978370338,0.139114004322908,0.139606383580724,0.140201256701883,0.14039661437649,0.140081113902167,0.139843045312496,0.139732615427219,0.139987499611037,0.140370243347125,0.140432299296876,0.140744497741036,0.140966615937388,0.141550238353103,0.142070679561923,0.143287467231932,0.143684237953148,0.144353712060443,0.145585737354142,0.146329427189447,0.146900750037799,0.147625696540201,0.148402199104806,0.149293259169902
"131",0.0978513492777404,0.112909745942881,0.117587973314456,0.126738084852517,0.142518596619795,0.150782832654229,0.157936162863183,0.16734329155622,0.178799463881979,0.184934934608118,0.191593295077612,0.199876722357479,0.206676807992357,0.215166045697807,0.22110282881209,0.225944520614042,0.232799607287119,0.238501172306976,0.243247423638336,0.24865525501286,0.253879653765213,0.258241229760313,0.262667898056429,0.265979355570659,0.269004239402102,0.271554220275926,0.273569174176036,0.27634779709388,0.279791532216144,0.282600582960075,0.285219414823504,0.289097898230324,0.291643730131144,0.295576225244221,0.299360041680858,0.302971625239037,0.305500744923249
"132",0.253484233849871,0.251315195520154,0.249845143420793,0.249112758934214,0.248778436211781,0.248762147631063,0.24908197942167,0.249925485993724,0.252372526992851,0.252766972951393,0.253673239109071,0.255675694114199,0.256940367630669,0.259251946694942,0.259747254333183,0.260534318970013,0.262214164708962,0.265078705702535,0.2668785016935,0.26933773738627,0.272314200860576,0.274304058865865,0.276630304626145,0.277273979957652,0.277913970749138,0.277728087417299,0.276540697772,0.276256355442458,0.277034583673815,0.277900374013463,0.278748418953541,0.280459026661526,0.281087957610077,0.283330989046386,0.285586750195373,0.288331287808422,0.289627435020334
"133",0.434518501008742,0.436039670627747,0.435602765192278,0.435259546593059,0.440052152640714,0.440529176587707,0.440371283677359,0.440649629246614,0.441655021278457,0.435230422165412,0.432941215267435,0.430772993527865,0.428704973280728,0.423830174233153,0.423317828287239,0.424578906275028,0.431742365219831,0.436801711809597,0.441880408981723,0.449551012744299,0.455790846445905,0.459274864145512,0.461450899465753,0.463488647264082,0.467149882600659,0.46873216192155,0.466687505345563,0.466755941636078,0.469802127131096,0.475634678878528,0.480537226135305,0.480722222845523,0.481771127261621,0.483658402506204,0.487116761306475,0.487736702708719,0.482629946757039
"134",0.318146749105981,0.313886852588167,0.309774224260505,0.306089984063195,0.303450157564683,0.300809520195506,0.298207184097768,0.296191144000222,0.29711388649442,0.294748748881089,0.294792570469839,0.295814376578094,0.295292429476795,0.293905971490683,0.292609395961267,0.292319356735196,0.294863187430783,0.300827466961999,0.306291934060038,0.312338770525188,0.319912419939988,0.323740868078532,0.327764188555905,0.328422416829335,0.327853820884374,0.325712920606393,0.319738511380827,0.315719316572071,0.312347691782714,0.311075465674968,0.309564284021584,0.308630465255179,0.306485672345736,0.306855208808338,0.307224733690538,0.309731619871711,0.308852275968522
"135",0.000457742181034106,0.000725770078980329,0.0009535734181986,0.00119716164753945,0.00150486843907177,0.00165463088314783,0.00195926075615452,0.00219138315109652,0.0023202243574826,0.00238278725832304,0.0024250876053119,0.00253330754562839,0.00262084625537239,0.00228781162656874,0.00227336268202506,0.00236238981511721,0.00284364400366493,0.00260418946297398,0.00253508763258523,0.00227576914249113,0.00195739705377428,0.00171033330215901,0.00141329008658579,0.00127253260888431,0.00119323137240683,0.00113666760771187,0.00100150465702939,0.000844081241608814,0.000767592190905515,0.000705544894270849,0.000689592717203861,0.000537329919419438,0.000485052394603196,0.000314664813601419,0.000219484432405897,0.000144545986748765,8.84514125218059e-05
"136",0.274754278008271,0.272414139422282,0.271866516648235,0.271358436841057,0.270004422353969,0.269539039350296,0.26942500868516,0.269090695939508,0.269020853159411,0.267819810019296,0.266386409195147,0.265509218901183,0.264425765362178,0.264880773321734,0.263006782553886,0.261516687512715,0.258735315565954,0.257242318389204,0.254013031566639,0.251530086124022,0.248779005500727,0.246841779576955,0.245131211557406,0.24282767851109,0.242226682997641,0.240865856025883,0.24118769185318,0.241383939733008,0.243417150351906,0.244604036540148,0.245708064132087,0.247129019325333,0.2475213476869,0.249823156513764,0.252543161093019,0.25451531962611,0.256081953311224
"137",0.000132994935376256,0.000352099963814891,0.000597031812734156,0.000945929083555042,0.00160751960985598,0.00203591937784134,0.00258747643714142,0.00324622495817277,0.00375941127213757,0.00395605259930893,0.0041703301707598,0.00451156038156418,0.00489590924942153,0.00501842299726136,0.00557367412647465,0.00612935422368026,0.00747924118772721,0.00716877878094093,0.00719219089552069,0.00720242955822885,0.0067700354432027,0.00676664278100757,0.00648224208362897,0.00701000149184749,0.00790756828700084,0.00905445517802063,0.0107651402320719,0.0123692857072055,0.0142781064294536,0.015778908612929,0.0172770439223773,0.0182591912426127,0.0195005913137562,0.0197297563422488,0.0204107184199267,0.0199655024305829,0.0201400823516776
"138",0.00333930749958318,0.0039914731457442,0.00425054414490976,0.00444679973598054,0.00476440941260768,0.00471355495328418,0.00489363391368997,0.00497847012442239,0.00500128764870413,0.00481611045909307,0.00476417339559813,0.00479532834779725,0.00470022888611485,0.00396254667581618,0.00379368501793247,0.00378285957587203,0.00436292284935409,0.00419460788676551,0.00432622846666032,0.00426421893089,0.00421564197657736,0.00406310895187608,0.00378119569151357,0.00362843246130684,0.00343367726812772,0.00324063776467889,0.00278369258294624,0.00236967255431,0.00207269107370708,0.00191450884140685,0.00181730749811171,0.0014749281558457,0.00130123558469158,0.000946318799884964,0.000734386650176233,0.000554697855365033,0.000385007212285088
"139",0.261676475130375,0.259793326460726,0.258453435236625,0.257889377805453,0.258092685649518,0.258314383348117,0.258696545499527,0.259784657745885,0.262389094324896,0.262566447890802,0.263398251818827,0.265296175165394,0.266550540993961,0.269086447018936,0.269876322477077,0.2708676808782,0.272852239981149,0.275748949121606,0.277568424020559,0.280347031551352,0.283372648561165,0.285595058306374,0.288048873960973,0.289128037992192,0.290451179089408,0.290949770088799,0.290825721329605,0.291607574061082,0.293570976553297,0.295488667303644,0.297220607250664,0.299703684307731,0.301018924929128,0.304171724576523,0.307410633926443,0.310539402694339,0.312198859923629
"140",0.305316168321363,0.302828160761425,0.301093534594342,0.299462014239332,0.29872391762572,0.297637460664112,0.29594327233838,0.295063265463464,0.294644056948641,0.291078966333383,0.288703342809974,0.286577036604414,0.284085682706654,0.284372882304817,0.283232944859457,0.281853440602461,0.279885989759209,0.279278509556579,0.277608903624895,0.279340137958732,0.280255725772453,0.282203140855192,0.283856846457847,0.286083728464759,0.290030497012373,0.293088032658655,0.299067441455915,0.305058373240357,0.312075889567043,0.31798791995083,0.322655230901745,0.327756547889134,0.330973344103833,0.337190865534017,0.343637714308477,0.347688839111769,0.350466710139256
"141",0.218630408699056,0.219520855835185,0.22291831909987,0.226221015815485,0.226981301014864,0.229252906818197,0.232757829860188,0.235004973979086,0.237051239198828,0.239540393672269,0.240115790499663,0.241716267835646,0.243437832662987,0.246173618549694,0.245614104182838,0.24566108616316,0.244394681352983,0.243127983908031,0.239617123874277,0.234827837859463,0.229378327069347,0.224919927134091,0.220850007797145,0.215731668415058,0.212427761899543,0.208592527549642,0.204063604964318,0.197798467695698,0.19361312755937,0.187502356572938,0.183261019656722,0.176243481311597,0.170800965669689,0.158798622415922,0.144010722166429,0.132748789886952,0.113938892675407
"142",0.140034758596697,0.140188296508463,0.140317310434189,0.14092374205368,0.141207517072274,0.141678506983879,0.142806566260409,0.144132181682065,0.146409252018601,0.147854208044985,0.149086702108917,0.151382948400461,0.152943048641923,0.15544516770433,0.156145748462422,0.156828383334069,0.157883252639785,0.159074811787206,0.159707413561196,0.160408314379813,0.161587020732674,0.162579990646584,0.163838217635974,0.164145099712109,0.164267488437788,0.164138326214791,0.163694242145644,0.163445668742096,0.163748523925752,0.16355650679717,0.163669641032333,0.16456605935578,0.164850440165199,0.165163786116264,0.165478572446708,0.166452205802943,0.167062238703674
"143",0.256480643417869,0.256406074513361,0.257105092414967,0.258906530264356,0.26101543353267,0.263249152714437,0.266300424250307,0.269319313441839,0.273786933294287,0.276310143784553,0.2785928506079,0.282183423018081,0.285262382903171,0.288528147141787,0.289868203770394,0.291837821864718,0.295234682018333,0.298709119920713,0.30075215132266,0.302664691646546,0.304865582875127,0.306063141606618,0.307696252533525,0.307591092370922,0.307759519788152,0.307048650886376,0.304235079290871,0.302284908164772,0.301749765628259,0.301417208348512,0.301503574384567,0.301846331192771,0.30172878902344,0.302149066458278,0.302445196504675,0.304237631356528,0.303840559181893
"144",0.00424999341184836,0.00469971044658552,0.00442901151705308,0.00423323040119423,0.00444163805574431,0.00421072945832674,0.00420819465167904,0.00425505825731956,0.00467238391272231,0.00464129350010401,0.00505194065561504,0.00569430567164926,0.00599059774794021,0.00520575910993151,0.00532494988179883,0.00568890784685615,0.00751179317219403,0.0086524818815208,0.0105244945407381,0.0120592543076083,0.0141115202791943,0.0151826534996838,0.0160504364959265,0.0165476082975664,0.0161400058592836,0.0156638808522432,0.0135802572593953,0.0118888984359657,0.0101118426983647,0.00911713927431859,0.00833095302256306,0.00710974208828005,0.0062810435178351,0.00487276727862948,0.00379210844240558,0.00321188475883009,0.00237530445207916
"145",0.291138416105962,0.288006457654152,0.286507714084453,0.285071714670157,0.282939714666281,0.281707524500159,0.280869282490251,0.279749500877626,0.279350705027468,0.27762249968245,0.276113195381919,0.275170345691221,0.273723353580847,0.273006578488326,0.27045536107187,0.268572660697196,0.265950704156973,0.265567718019152,0.26376723717412,0.262557322202908,0.262022453969349,0.261007090152238,0.260420397825658,0.257950076068007,0.25601230064879,0.252855093165239,0.249181906570219,0.245843960351653,0.243909636984549,0.242356336379198,0.240844192364523,0.239299806757696,0.236789221691376,0.236160933563741,0.235880358279863,0.236455114822183,0.235209252395028
"146",0.308692989786749,0.304431540193112,0.301757988582318,0.298509597852447,0.294340771183662,0.290891152378315,0.286920993831477,0.282701070071239,0.278167402210244,0.271740028485115,0.265913365945594,0.259116429901344,0.251005131569282,0.244747082928282,0.236195064229838,0.226858205383636,0.210666975685733,0.198850039295505,0.183984687374348,0.1737513014308,0.161815404567813,0.152083846756153,0.138997260984864,0.126896695071707,0.122440524381121,0.113469566563526,0.128344554290771,0.14046489288186,0.154993811897646,0.167334946533796,0.173882274168087,0.180210926648197,0.18179773616427,0.194658154065063,0.208593040736649,0.21371351710281,0.221156216275048
"147",0.320395691227355,0.317474725451112,0.315907548665398,0.314488684019656,0.312896182341526,0.311816300871946,0.311242488766324,0.310249552251659,0.310283899248392,0.308472422833379,0.307285996657846,0.306755923424374,0.305705412208794,0.304330556352215,0.301887915693362,0.300546421750642,0.299589828361398,0.300815265925296,0.3007313225239,0.30094375842389,0.302161745596421,0.301915463656593,0.302172769266182,0.29988559163948,0.297646537835259,0.293885408875602,0.287705242787933,0.282252191631782,0.277982878921055,0.274842620171063,0.271831737531207,0.26838747716846,0.264094232516464,0.261223996871713,0.25829064799068,0.257988024265157,0.254010144790538
"148",0.218348581023372,0.222260795379276,0.227475814563788,0.23284349616626,0.236805623924259,0.240930155724096,0.245754613171173,0.249880614288107,0.253765293354864,0.25685896265049,0.258338737505984,0.260968415969325,0.263828986064067,0.268252798009738,0.269512605172256,0.271018033652593,0.272102237567675,0.272336035663535,0.270530509409124,0.268553404943285,0.265602602178273,0.263990835921047,0.262735898680949,0.26150370710347,0.262286292663383,0.262808413920018,0.264149161373712,0.265097160359024,0.267926483211218,0.269173457886954,0.270919723885842,0.272941516355318,0.274514117671725,0.276231243799561,0.27796054541139,0.279778139018319,0.280941287542466
"149",0.200906430019911,0.198126371503924,0.196782672595539,0.195230071994352,0.192345606129433,0.190605973497728,0.189021899664839,0.187508386873412,0.186086125735046,0.184076656184831,0.181838246114882,0.179838408072719,0.177257204461974,0.17668285183643,0.173862396844187,0.170908657144886,0.165840331098998,0.162139985347034,0.157361258236379,0.153824836625583,0.149864597629344,0.147322567076421,0.144505563107814,0.142160081996781,0.141778118210626,0.140919118100265,0.143804594078065,0.146158856412224,0.150014813353224,0.152664869445546,0.154703721459507,0.157036854275802,0.158133135789951,0.161432802115383,0.165495519855061,0.167276054286658,0.170082502683833
"150",0.0084756508942217,0.00871434436662115,0.00771250327039157,0.00682325333464541,0.00673543800457812,0.00597190756003514,0.00532585599807126,0.00498360216570619,0.00520322779590017,0.00462504750921673,0.00484476726952082,0.00523326539980798,0.00515289619275118,0.00419566854181196,0.00427884784263241,0.0045078881175276,0.00625488093331938,0.00773079652006988,0.0101623664526699,0.0127432358433052,0.015985315014948,0.017997244591221,0.0197108661879857,0.0210371325622553,0.0212145843654771,0.021299060153827,0.0199728199686672,0.0192331786001256,0.0182026099783928,0.0180466260261228,0.017843720209321,0.0173231417243075,0.0169237833445752,0.0160344482577027,0.0155176374474664,0.0150279679519809,0.0142182919299436
"151",0.430154807212566,0.43545923576534,0.439306064303187,0.444216270360814,0.454603534592657,0.460251107980643,0.46676955428368,0.472487878840781,0.478126015594688,0.476653905979871,0.477559315790519,0.47902497659772,0.481634112277354,0.476763143134323,0.477925216178435,0.482551932326106,0.496340907698913,0.502413704118713,0.508133187724889,0.513113890795101,0.515842952491239,0.515772352705467,0.514499450181876,0.513709592541507,0.515582092151126,0.515344846919981,0.508201649394537,0.503573445608745,0.503338394177143,0.506860851885875,0.510463342265285,0.507386059579699,0.506961330888054,0.505305914314935,0.505713335195454,0.504485973001679,0.496663753573738
"152",0.133581943481189,0.132447458680336,0.131830892589996,0.131236143554408,0.129511129808437,0.128579826565159,0.128414661168469,0.128077144242221,0.128341443791315,0.128422743458257,0.128251721103402,0.128812165605769,0.128626499046633,0.1287019321115,0.127446818962127,0.126494665561672,0.125508865833992,0.124979340828729,0.124132726567021,0.123009392071903,0.122577986201028,0.121877907800281,0.121340857491778,0.119738183145907,0.1179196960758,0.115652140382746,0.11235115304761,0.108810601789034,0.105788048587444,0.10298417694765,0.100725515122311,0.0975808227217633,0.0946458844133306,0.0903731145854177,0.0863211650634639,0.083664812699864,0.0792510139926734
"153",0.369686505034695,0.368551667987903,0.368480515725104,0.368443724714323,0.369078240429659,0.369193271324437,0.369996918791192,0.369822819221394,0.369980886271206,0.367505678957013,0.365826985853706,0.364613061017241,0.363478986620076,0.360506878160138,0.357824584319837,0.356913897840754,0.357281106767759,0.35811833908254,0.357337423869487,0.356494874152107,0.355908910582128,0.354074207425153,0.352575549994577,0.348988102671572,0.346426118137325,0.342081138483942,0.335074773742256,0.328781933076439,0.324632737393723,0.321704038372182,0.319025051232148,0.314822140636678,0.310294488735848,0.306938654790127,0.303777242960499,0.302839926900267,0.297808812205266
"154",0.070787249930135,0.110939616102832,0.128167983151486,0.143216077364748,0.164886102148431,0.174134538609077,0.17774883611281,0.186757611592187,0.192309147716091,0.190768535420077,0.190079294641472,0.189622396522444,0.191045718307017,0.204782859480611,0.21336184975487,0.217395927020289,0.219507376239939,0.216730607377418,0.212672577270103,0.216356858044809,0.213776442492924,0.219307952707657,0.222916255911959,0.234088437003991,0.248660311812293,0.261871459411695,0.280929310520742,0.295769571313379,0.309499885865785,0.319163410969298,0.326863406899688,0.334949213907229,0.340651917698546,0.348557824511097,0.356355923984728,0.360875343668925,0.364397566314299
"155",0.38865869026443,0.39030269785952,0.392061351042374,0.394581714909167,0.399754726398775,0.402874378424789,0.406981456421116,0.410257180358638,0.414142939755437,0.41358115145992,0.41426339739565,0.415747542416641,0.417692067706703,0.415354861115483,0.415522937446666,0.418184113206838,0.42613193064553,0.430706628929733,0.434188241856197,0.437078014262889,0.439182468305583,0.439095890463836,0.438756784022389,0.437358821774012,0.437500801766023,0.435910597745549,0.429370184093911,0.424710592564365,0.423194558260286,0.423909645598174,0.424949761983339,0.422926296004929,0.421931835240754,0.421020872057114,0.421017079944047,0.421503931334558,0.41737308827891
"156",0.32509821692688,0.321902675671743,0.320313057617446,0.318588829330746,0.316248557635047,0.314587256292,0.313334832276762,0.311412270094826,0.310014455031216,0.30710215122999,0.304635472585373,0.30248404365895,0.299819368845221,0.297040005476706,0.292882750349652,0.289735052172203,0.285475177234615,0.284166009423588,0.28127741901175,0.278776758870415,0.277332072455714,0.274884335461068,0.272904961869353,0.268134753479823,0.263645850333588,0.257097259532954,0.248685741793447,0.239947935629066,0.232175203712567,0.225716959700028,0.218940792287289,0.209363008047439,0.197846585356175,0.187533657924109,0.176827023442767,0.169092067675444,0.151295521897699
"157",0.0212066920534689,0.0446401415917432,0.0616983568371264,0.0782642909669508,0.093296352949203,0.103466852504511,0.113749266477897,0.122728832255309,0.131255397757653,0.138413496045356,0.143454826806577,0.150005069506718,0.156082645531841,0.163245012954796,0.167334837321355,0.170901702874726,0.174881894812666,0.17696309434077,0.177931554257401,0.178433731396666,0.17862048287871,0.179519059139826,0.180748215497613,0.181770295318488,0.183222468293878,0.184796941410101,0.186397904518473,0.187843954716798,0.190067425112105,0.190804390846484,0.192111711769682,0.194449984229424,0.196290039019485,0.197475293063291,0.198396944976266,0.199979152701398,0.201537806885885
"158",0.405906031091434,0.406444025274119,0.407430711191607,0.407891905049585,0.410219711519577,0.410426751629561,0.410416531641656,0.409564958728604,0.407202941326737,0.40071951548894,0.395483791334764,0.389504671967265,0.38414213966379,0.378999641682746,0.374439956128034,0.370695652389533,0.36472404158572,0.357499041359236,0.346718854327109,0.339326954808036,0.327137977721353,0.319843370143458,0.310518688275848,0.306904834721754,0.312667396897773,0.31715855432092,0.333607009312239,0.345652967911375,0.359059943269083,0.369164264132713,0.376769656179527,0.382587548200625,0.386543281712794,0.39409591016578,0.402313039497899,0.405650710124369,0.407054882048415
"159",0.4606892796339,0.467422934518283,0.472789844050322,0.478524088303886,0.489869604003949,0.495715259610357,0.502642743342876,0.507871672677453,0.511643909624589,0.508156507169482,0.507172962464315,0.506325912746784,0.507382415716715,0.49972798241912,0.499584218013053,0.503510673459017,0.516755153720406,0.520822086827819,0.524363727135078,0.527066255865581,0.526752689402315,0.524643812114223,0.521268831372161,0.519334781205477,0.521192877892082,0.520961272932956,0.514783687569712,0.510656157112762,0.51137073601292,0.515575247020038,0.519806168622643,0.516590724896736,0.516298380036782,0.51459925596637,0.515209620104796,0.513531504916864,0.505201547375801
"160",0.483535188461336,0.484658034202097,0.481543205246471,0.477013582786967,0.477754308933813,0.472219528085117,0.463918847617496,0.455036805006659,0.448673540822122,0.430685728737364,0.422161243681136,0.411714036429614,0.394796558624354,0.369846509661832,0.353441543042175,0.333741556029084,0.324420644264653,0.350471412511803,0.379253819103078,0.411329430548069,0.440256659389295,0.453464967914605,0.463332695525739,0.467843975807862,0.469653260565573,0.468096800065319,0.460150014629735,0.45740067801889,0.456101486031711,0.461162902453248,0.463902927151847,0.464043756397892,0.463105139118647,0.467303793166609,0.472755754921688,0.475351084959727,0.47159642829878
"161",0.218621304798177,0.217050771343778,0.216321569155272,0.216207028335007,0.215846643834625,0.216078207892829,0.216823640874133,0.217849758152442,0.220130066244157,0.221092669760001,0.222024187888085,0.224049386418167,0.225402158046068,0.22802858254718,0.228420963246759,0.228980615825632,0.229808140404442,0.231657441314699,0.232426753290181,0.233592355875724,0.235264397595251,0.236468874849298,0.238081016953913,0.238241936640955,0.23845765507009,0.238065541840388,0.237104442492236,0.236666128564604,0.237152255592777,0.237347513550784,0.237712410176908,0.239031392811356,0.239398924520055,0.240819100609329,0.242185264533174,0.244288976679263,0.245423724537565
"162",0.204150033407689,0.201976742477072,0.201180777709195,0.200609562713356,0.19880407054582,0.19821807572306,0.198354959167827,0.19830752968685,0.199120677576472,0.199516559338421,0.199512797229411,0.2004059654346,0.200653598363114,0.201890564399336,0.200812657573377,0.200078813835307,0.198828530261978,0.198966549614814,0.198036950101106,0.197035877451856,0.196750603820094,0.196184826133063,0.196072673796382,0.194345364685339,0.192654738084525,0.190283493286861,0.186948947598463,0.183551265073373,0.18097106697119,0.17830347229958,0.176181272226247,0.173938404317128,0.171381561275371,0.168368713987184,0.165213514766271,0.163974828068639,0.160779419138107
"163",0.220832200282399,0.219143178118388,0.21798626899737,0.217572408653625,0.217374179115282,0.217518013976561,0.218029037063585,0.219103488698056,0.221673745437825,0.222518082696561,0.223645968108813,0.225902134347698,0.227382851105524,0.230219177637262,0.230981399889577,0.231817993756104,0.233245734127651,0.235712886703893,0.237205827352837,0.239312163855296,0.241921161081565,0.243854876726099,0.246134532779395,0.246936728126864,0.247670015862282,0.247771913492366,0.247330490061148,0.24758137788024,0.248695526570753,0.249570638141366,0.250459257410997,0.252459725303187,0.253325834507153,0.255603719292797,0.257838517644809,0.260513580834372,0.26222702826215
"164",0.000367488294895751,0.000536069129000091,0.000582292132639616,0.000642627394914976,0.000830586825277772,0.000866148997799936,0.000961316202664094,0.0010803072410776,0.00124650141930654,0.00124767786349218,0.00136239901293053,0.00154981988604782,0.00166817931563222,0.00145388833215233,0.00156503957397334,0.00174351738761414,0.00249422436327933,0.00272275509327566,0.00325727774586456,0.00370971123601224,0.00420832688951055,0.00451939811555458,0.00467237019988933,0.00496881732111539,0.00508178996245148,0.00523416802993279,0.0049819078481495,0.00481985629294971,0.00469113023852074,0.00473328884037256,0.00483137631912583,0.00458935004236959,0.00456222174261594,0.00404316250999091,0.00373868615614299,0.00335649558648769,0.0029709313688733
"165",0.248280819654772,0.245994662327158,0.244682131916402,0.243707225208539,0.242752074100635,0.242199252941288,0.241642617320639,0.241661544830338,0.242530175198397,0.241544360019332,0.240941398228228,0.241082583863873,0.240717784171082,0.242496893040802,0.242165848482415,0.241766824589346,0.241042769853477,0.241564712103634,0.24101143981378,0.241990409097469,0.242949399218827,0.244196308506798,0.24559714063444,0.246432824584158,0.248067059263992,0.249086915212593,0.251403227735628,0.254098493415396,0.257864474219295,0.2608342191519,0.263334174653606,0.266902579842454,0.268936136631617,0.273232610876397,0.27766165659465,0.281111828418052,0.284050638461217
"166",0.290219417653487,0.289084172310553,0.289396221561859,0.290323977378293,0.291097714252661,0.292347581614211,0.294443320476159,0.2961373372925,0.298824086304911,0.299836377040509,0.300670991667908,0.302569753479711,0.304225862753896,0.305764080721786,0.305703890273135,0.306608457496418,0.308544389006284,0.310811353094956,0.311503381148661,0.312002264274854,0.312761340935932,0.312699481151108,0.313115013703007,0.311762239516652,0.311001240527571,0.309204458242439,0.305299531249964,0.302071793325596,0.300485748794018,0.299180676421353,0.298393029050052,0.297440523931825,0.296206844029837,0.295328844979131,0.29432837221463,0.295219592402904,0.293599273133818
"167",0.226363224564178,0.22748045147008,0.230081785328993,0.233118633258986,0.235050625237436,0.237601065733837,0.24098937174557,0.243867238494366,0.247109311639462,0.249579718655333,0.25089331496584,0.253356501976687,0.25572639713814,0.259288322234529,0.260003340463626,0.261089384818559,0.26197294527833,0.2627817506886,0.261822472601707,0.260640059030383,0.259199465992866,0.258269490232701,0.257810275241606,0.256506289486903,0.256358222236612,0.255737519250671,0.254864200821993,0.253940808056987,0.25462766228656,0.254359097678227,0.254710101179103,0.255366531186481,0.255669816141348,0.25592114651705,0.256055579374151,0.257172738581332,0.257216687346898
"168",0.00185940030755784,0.00308692901867435,0.00442907667925229,0.00588689970719481,0.00738401281839984,0.00844044123510198,0.00999784655201418,0.011231689199429,0.0119072383516173,0.0126089548235362,0.0128608998207448,0.0133505253071144,0.013956786104138,0.0137990668452264,0.0140388739584471,0.0144821667826069,0.0155895556966064,0.0143531523806581,0.0133213100029234,0.0117246999168619,0.00963302760944581,0.0083001469725617,0.00681977410367447,0.0061513574942844,0.00609137593436541,0.00619822566923423,0.00653422622553518,0.00650679392597598,0.00694797563503228,0.00703188567946288,0.00738390044578704,0.00696022121420331,0.0070778562364129,0.0060857958215473,0.00544548747798584,0.00458382202774099,0.00393301710836049
"169",0.297576889160108,0.296146392327267,0.295432054318885,0.295533279994755,0.296556622358472,0.297430234365078,0.298735904163811,0.300315328734905,0.303338636133898,0.303700676258543,0.304676053402516,0.306725679073698,0.308340245908053,0.310077939347314,0.310660566429499,0.311997639441875,0.315068826205411,0.3184750176156,0.320623937789904,0.323246473221595,0.326048841105628,0.327644251799767,0.329482490948616,0.329726833468708,0.330422535197451,0.330046865987572,0.327836135908288,0.326769418766154,0.327325079182431,0.32840727124421,0.329524841872665,0.330647046666644,0.331097365798981,0.332975583975729,0.33504746874053,0.337523374165742,0.337679871985401
"170",0.295850303757256,0.294722822504798,0.294063852284858,0.29464074156171,0.296406835648106,0.297974747934556,0.300343515961935,0.302861738441659,0.307424178717315,0.309174672687841,0.311484808230925,0.315084632604163,0.318022782959994,0.320067043329235,0.321248733448173,0.323470327179957,0.328364688271718,0.333258388340846,0.33690232582473,0.340358471316024,0.344230659729318,0.346096609569135,0.348247146140153,0.348263166149591,0.348342362810604,0.347201878350512,0.342664348092032,0.33953121935528,0.337979040793656,0.337492524425127,0.337332896575336,0.336898558388357,0.336183939902601,0.336199732734598,0.3362229287504,0.337968674624417,0.336610236803047
"171",0.115032792540061,0.114928993166423,0.114968579008129,0.114970042410805,0.114109677113528,0.113620786926281,0.113763410290887,0.113851516141874,0.114232473263757,0.11427487427005,0.114047111025395,0.114476965684336,0.114323258449206,0.114701201275762,0.113914761311203,0.113236604102256,0.112510130073936,0.111500097830166,0.110257327568641,0.109027328796643,0.107980481055649,0.107263944017841,0.106510632954678,0.105564410009413,0.104941646922609,0.104148027559768,0.103661378462064,0.102972521197709,0.103060533519765,0.10275323760117,0.102720960547426,0.102427935606834,0.102046811203331,0.101133591006433,0.100697531308651,0.10006107052507,0.0993687082049463
"172",0.102208258411384,0.101633226221655,0.100131183801483,0.0988956390010306,0.0980896599981701,0.0969306423274748,0.096085044652423,0.0958830487814832,0.0967543143311267,0.0962155577890999,0.0965162246226855,0.0975506081285278,0.0975748742351527,0.0977467398202709,0.0978553688855996,0.0979285886799101,0.0993947325998471,0.100694875832078,0.102426554765701,0.104658903302351,0.107477160804852,0.109579431013727,0.111590112005172,0.112946840569769,0.113601630417213,0.114058085468412,0.114393081902524,0.115198551503744,0.116134773649353,0.117007011192713,0.117751938678419,0.119242456529367,0.119962819354669,0.121156761154313,0.122645606097621,0.123834518309725,0.125182321342677
"173",0.0246019324839208,0.0258991458329515,0.024997059428619,0.0243864658425551,0.0255773778808638,0.0251156643354669,0.0246011740817733,0.0250132433333904,0.0262260697190732,0.0254430974071612,0.0260810782082947,0.0271642760186372,0.0275037282309535,0.0271865583152059,0.0284460641788618,0.0295529081462105,0.0332347860119473,0.0351818499902482,0.0382581531663399,0.0418923061648983,0.045594273044013,0.0485132916774144,0.0509230986231517,0.053564120881015,0.0553985976004239,0.0572966725542629,0.0592129598268465,0.0616052677839838,0.0638390110112323,0.0659633226101977,0.0677524170588466,0.0699223330214375,0.0715805638589375,0.0731505938219572,0.0751425889797112,0.0760433551842042,0.0776005095667957
"174",0.345610172686242,0.343734631425556,0.343305226483505,0.342894788302909,0.342499630521333,0.342212672390667,0.342543206769545,0.342055277869412,0.341933364718685,0.339797952020604,0.338090318232299,0.33687087424972,0.335587270819959,0.333500496311564,0.330723939564592,0.329328293205065,0.328159990811258,0.328146911850829,0.326390015181514,0.324693408065811,0.323318902876429,0.321171030149489,0.319432015279471,0.315636521943562,0.312852805123052,0.308440501202258,0.302294774503478,0.296467611226153,0.292602245228609,0.28948852909331,0.286637854701444,0.282540666085493,0.277919700538252,0.274460244758814,0.271168472707787,0.269856627291477,0.264905650954285
"175",0.287895649595676,0.285443681216152,0.283998240296497,0.283032064428822,0.282375783892728,0.282021918622278,0.281944996260472,0.282134297382122,0.283587913357525,0.282862486835245,0.28276304205042,0.283550146053507,0.283796042425236,0.284838852023288,0.284383097390468,0.284466874611946,0.285281135861778,0.287425011113328,0.288394752722153,0.290206872558587,0.29243865506657,0.293782075720773,0.295431017649208,0.295480265991675,0.295877417376413,0.2952836173408,0.293806445661714,0.293266818479867,0.294081963262796,0.295148010419755,0.296104249933809,0.297592145601199,0.298027290468265,0.300387796225419,0.302913485634606,0.305625884504075,0.306675347465926
"176",0.280951289149308,0.27859930518385,0.274352462941897,0.271256017856155,0.272818978789635,0.27191979032814,0.269131422908334,0.269889573692256,0.273260269196976,0.270180765541371,0.27077256671776,0.272294162916571,0.272671340339884,0.276865798583343,0.280498096559969,0.282894902534928,0.287952982755647,0.293554231904247,0.298902512432279,0.307690956681477,0.31543559408554,0.321814937901333,0.327431075363719,0.332442799971531,0.337613615307203,0.341655601257427,0.345797790281101,0.35081422945472,0.356721214671241,0.362543412276697,0.367271092925368,0.371799473053052,0.374890615580808,0.38028533908404,0.385963265910983,0.389630788025231,0.390738567311883
"177",0.121270175467179,0.131611215476399,0.137785651480766,0.145415195879705,0.154935127884119,0.161025562337485,0.166774953628939,0.173414560621237,0.180650265666586,0.185135390306118,0.189060733563244,0.194425302197041,0.199247480215632,0.20639006365501,0.210566148041501,0.213920557572758,0.217943829284027,0.220834004807136,0.222628297281236,0.225185371454452,0.227263880480972,0.229828864996219,0.232550556945679,0.235051473097767,0.238031300826621,0.240789493286041,0.244225969161057,0.247842884377187,0.252213725457669,0.255248006169199,0.258127941625157,0.262310591575335,0.265167313308785,0.269212017185306,0.273128307186701,0.276567085948165,0.279612418143925
"178",0.257896333878349,0.255522014233544,0.254406202548419,0.253858742359952,0.252927802269472,0.252836495086292,0.253435031190687,0.253994734401693,0.255962657452778,0.256578208365898,0.257261071741697,0.259016357509544,0.260110552098918,0.261717159784834,0.261380291584425,0.26165661339852,0.262490534056466,0.264741089310154,0.265747521631988,0.266812894664933,0.268674066291913,0.26947111257246,0.270795342521259,0.270013923658538,0.26912955668653,0.267303265840923,0.263609937457462,0.26057828864027,0.258548263808358,0.256844046502989,0.255521602841742,0.254628414587753,0.253081398211811,0.252170017440321,0.251032865264945,0.251983846608897,0.250722958594772
"179",0.200812189387306,0.200680877579206,0.199861244776151,0.200317169405325,0.202333292143265,0.203617811914556,0.204951381871563,0.207527691504471,0.211908530027309,0.213636124748521,0.215966467292163,0.21959830451824,0.222339437397314,0.226840530316902,0.2292585867081,0.231349863526175,0.234588717613791,0.2381965265365,0.240915864665122,0.244530663152703,0.248327772872394,0.251438493499496,0.25474039684334,0.256835583022003,0.258837161098659,0.260280087752455,0.261460151498152,0.26338994066538,0.266099675135922,0.268334337248162,0.270376895075183,0.273666896344794,0.275615424672072,0.279196064456189,0.282707288848108,0.286095128886639,0.288559707771849
"180",0.198092878087252,0.198648752739945,0.195957047662103,0.196377221930953,0.201518248384809,0.204213354974347,0.207016194196734,0.212044196731482,0.220948629755346,0.225167706986456,0.230867997049521,0.238225499307974,0.243723997607181,0.249611795041534,0.253942653336155,0.258014886884548,0.265060426626487,0.272174275567215,0.278328702373325,0.284694403131633,0.291490876742198,0.296006875083435,0.300646825571462,0.303109097422048,0.30482593622528,0.305688673233767,0.304300956632965,0.304308389096555,0.305148648002373,0.306448441527334,0.307729014911554,0.309927608649254,0.311092792026863,0.313640614245098,0.316077061771666,0.319247597239389,0.320395113156372
"181",0.145467264587402,0.145462631477791,0.142543944148109,0.141299372244445,0.143946721274572,0.144314537079003,0.14401661032159,0.146412816170504,0.15148119338327,0.152347331975653,0.155353201992536,0.159682823856268,0.162534815144799,0.167444555164296,0.171338631343525,0.174204683522632,0.179205122866689,0.184190744035031,0.188999648067478,0.195167951675306,0.201425630829738,0.206505341440195,0.211464800282199,0.215301166462559,0.218353834623712,0.220993655905404,0.223918581664167,0.227625912110073,0.231495211147076,0.234677141865678,0.237340584524797,0.241820550240536,0.244528057558665,0.249198518547443,0.253720080167121,0.257662653594091,0.261317416246303
"182",0.280555579110343,0.278312235456919,0.277874291542537,0.277491428248695,0.276311845349048,0.275977422349832,0.276032407404019,0.275812940654525,0.275857903758133,0.274723620122792,0.273357860983013,0.272568007379454,0.271609685993816,0.272037123787462,0.270207056700128,0.268839660546644,0.266312474018755,0.264995476020288,0.261902338839419,0.259463276622255,0.256762764970503,0.254791710028721,0.253074796942192,0.250669895405367,0.249951704965426,0.248433342722076,0.248340499396812,0.248154618988062,0.249860284194133,0.250796915545584,0.251716593699261,0.252863161284438,0.253058736784626,0.255063859465163,0.257477148615082,0.259311482581989,0.260576890688941
"183",0.407403313802576,0.407277601934828,0.407498134127564,0.407314497377387,0.408748656191277,0.408399583891548,0.408225485677456,0.406929911084785,0.40502014180509,0.3993491120488,0.395192873021265,0.390733035578873,0.38649560172828,0.380528028179601,0.375723450929212,0.372482990688231,0.368966689722166,0.366077486737839,0.361169550097303,0.357879271223645,0.353881790986862,0.350089480882441,0.34604026817797,0.341361043214756,0.339685097430195,0.336007609232727,0.335075381971361,0.334632829434103,0.337297644285726,0.340546271470233,0.342666503561992,0.343571676838908,0.343106650925665,0.34735539423934,0.352797408268693,0.355377472184583,0.35618173755665
"184",0.343179490119975,0.34512259262381,0.34701627598216,0.350699439494752,0.356801365489981,0.361388215690933,0.367322771349389,0.372628501094002,0.379681616446383,0.382539484236513,0.385947186394661,0.390583805962262,0.395014784732605,0.395302457026429,0.397032541632445,0.400955561283968,0.410424489342972,0.416808521044769,0.422059790071208,0.426188419229726,0.429950487989283,0.430887301564584,0.43169910349028,0.43082606987137,0.430772080667464,0.429055920246462,0.421362631606576,0.41566870229662,0.412667599077693,0.411948832282153,0.411821525117621,0.409132017668677,0.407517776997092,0.40533763682448,0.403580789586682,0.403847818931682,0.399234307530376
"185",0.253301748111681,0.250785889320267,0.248112120577913,0.246470094407065,0.24641256724863,0.246036168177598,0.245597096522417,0.24647357253131,0.249678749789282,0.249759581062651,0.251240214789184,0.253913650254939,0.255513296618973,0.258357024269703,0.259820632726324,0.261307827470865,0.26454122425007,0.268996364005837,0.272659762207804,0.277395871829419,0.282578827724424,0.286184526045752,0.289918671284376,0.291877164286898,0.293521799902114,0.294279367791272,0.293940001868477,0.294803970691382,0.296598856919259,0.298638776369059,0.300389193851716,0.303080017211605,0.304465227323037,0.307879202306136,0.311329388128774,0.314737185314608,0.316514336078205
"186",0.172166365390468,0.1678184690301,0.161699572764604,0.156575962350638,0.153898470464459,0.150554069303682,0.146870444411476,0.145448372444392,0.14829045409773,0.147182809490815,0.149514088673278,0.153159452120577,0.15433799591229,0.155460460894889,0.157206697465203,0.158772166902567,0.164056735464604,0.171390016371298,0.178900042441246,0.186919757505656,0.196108288592531,0.201967163777981,0.207819740353709,0.210940548404387,0.212047424826664,0.212441467992794,0.211119970155163,0.21127520614001,0.211152498633142,0.211770848708322,0.212052795279244,0.214301776902336,0.21489434294107,0.217549631703417,0.220031249506576,0.223354118881237,0.225679284500585
"187",0.273113150396602,0.282222677137303,0.290259495440844,0.299603523761809,0.309800637102897,0.317709610875829,0.326275488236112,0.334036026605676,0.342116242362876,0.346746408755981,0.350487145264725,0.355528261167967,0.360740053210279,0.364298446076892,0.367103921732745,0.371144563038804,0.378676121149802,0.383023923551218,0.385755253346803,0.387943561449664,0.389110297316731,0.389493663914487,0.389925644526392,0.389739691066678,0.391132732317533,0.391455419366718,0.388695442280665,0.387031874482532,0.387964254837645,0.389576961891339,0.391613006647932,0.391884781522997,0.392642204161048,0.393278290759983,0.394411585473764,0.395787239466038,0.3937590072344
"188",0.270567439059546,0.267815356098349,0.266288188874729,0.26517670892658,0.263844874385413,0.263217970217789,0.263017793758902,0.262926687576372,0.264097886203975,0.263644598151777,0.263547809385722,0.264354368338845,0.264527640161167,0.265511620041456,0.264700599089381,0.264417377398504,0.264465174588352,0.266191897861745,0.266745400993292,0.267846537598106,0.269635340766551,0.27053374114195,0.271859060530827,0.271327946376787,0.270900590453091,0.269515766660104,0.267045362726671,0.26533510562732,0.264768283803742,0.264466988190176,0.264248828006864,0.264654425700135,0.264091318514734,0.265091145290392,0.266150928082588,0.268136034574892,0.268509799553567
"189",0.0681070394076562,0.0739513803091666,0.0797492963675135,0.0852705562856788,0.0888176871172417,0.0922321852438366,0.0969336614137747,0.100392713760682,0.103426636017468,0.107057487210797,0.108892446108259,0.111798402700523,0.114554936357269,0.117478535633601,0.118352834472228,0.1194449456086,0.120366322734903,0.119599984645475,0.117986257663115,0.115037155625191,0.111761907428629,0.109330328159033,0.10701170368257,0.104604208795071,0.102999872443274,0.101525066685508,0.0991843435417122,0.0957513192193458,0.0934337883283057,0.0899673475299165,0.0879843015613513,0.0843527762992452,0.0822331105875942,0.0755080643086863,0.0683409449917661,0.0633450812171007,0.056556836887916
"190",0.360968026601222,0.358000176607613,0.355371778558122,0.352610949077549,0.35088980960926,0.348507129136604,0.34585424634232,0.343149884684394,0.341627662817341,0.336558472733574,0.33366536051377,0.330948709417973,0.327261538262671,0.323109109641759,0.319266014784802,0.316341723465231,0.314287920432237,0.31610574651306,0.31744551701019,0.321004953120796,0.325816217805919,0.328112147254944,0.330456409843734,0.330283044283001,0.329914142342514,0.327767288344342,0.324222770055581,0.322542314127099,0.322198640564209,0.323705910896841,0.32431646587519,0.325228393862322,0.324466729269758,0.327915184590189,0.331933557085873,0.335303569668963,0.336229623156982
"191",0.061648578966808,0.063618898669501,0.0634239911718179,0.0643716620502655,0.0667073178460245,0.0678549257608075,0.0700301735800681,0.0725246751954272,0.0769510147239593,0.0798531832194468,0.0832904671916209,0.0880067637928439,0.0914009715352104,0.0935622034837023,0.0956993571300138,0.0980265695091248,0.102856061937697,0.10665088827522,0.110610191645098,0.113756380713452,0.117876829751347,0.120461782162896,0.12322891881069,0.124439037678617,0.124215128222706,0.123797340673425,0.121151283008432,0.118968268166003,0.116516299389373,0.114439968744778,0.112925775719371,0.111813229966002,0.110649910552053,0.10803673934874,0.105146984756613,0.104452636231085,0.102274323072568
"192",0.366489209210757,0.363523898593111,0.359391615514806,0.355853095345062,0.355457670639902,0.353418693121185,0.351087695366856,0.349867020698635,0.352305737242015,0.349241616252763,0.350040830914436,0.351879004275715,0.352175370285465,0.350280535657886,0.350388124960109,0.351873777005489,0.35872960471106,0.367265135633018,0.375459411920539,0.384257233000801,0.393657905895122,0.398364680502567,0.402632933428141,0.404050262769135,0.404830064364757,0.403755355396416,0.397684882682645,0.394279576015564,0.392582587638236,0.393724271827066,0.39451267900943,0.394194702236807,0.393500840920819,0.394871693715688,0.396819227231628,0.399211849835992,0.397316021850822
"193",0.1249675773592,0.12624763061029,0.127569696279111,0.129249768177566,0.130185875241207,0.131328384274213,0.133333175167997,0.135170921119745,0.137641063295122,0.139698785646659,0.141101586513882,0.143584137749242,0.145476361206181,0.148120710678155,0.148821659656292,0.14958375946517,0.15052538248875,0.151207140540055,0.151224136902876,0.15093274180024,0.150991255304217,0.15112436786309,0.151536399617106,0.151148284668877,0.150772539734487,0.150225122014774,0.149176202401136,0.148045742932331,0.147575631080913,0.146508061999327,0.146027067447852,0.145846388506485,0.145508429695443,0.144239853755942,0.142919850106911,0.142664430422529,0.141789115169102
"194",0.305621577165212,0.304360752522771,0.305055823764819,0.305848936937769,0.305993869065242,0.306733827385604,0.308131332502536,0.308854700815274,0.309622830659623,0.309065474307536,0.308082668780571,0.307760747257827,0.307595173011704,0.307947482494841,0.306433874035652,0.305817534539828,0.304691594946191,0.303883456601238,0.30098976114063,0.298111083607912,0.29466119634418,0.291836300089463,0.289320325207965,0.285984903076172,0.284671175541106,0.282439780717334,0.280691260414585,0.27875424363381,0.27917244883399,0.27889633055983,0.279028331799684,0.278687596682689,0.277979884039228,0.278145010168206,0.278645184110986,0.279366099854399,0.278784441568022
"195",0.362061875678641,0.361666544173573,0.362447710742059,0.363470204698021,0.365271864682773,0.36650269973046,0.368561203944632,0.369682538293031,0.37108255622604,0.369792394812034,0.369001287626312,0.368858167604222,0.369003200976181,0.367262194731179,0.365795199625758,0.366119052779357,0.368373566509417,0.369906708310833,0.369761845748658,0.369357892695575,0.368701910750744,0.367110349746388,0.365778566131467,0.362949948076129,0.361557827176259,0.358682563198725,0.353298154313139,0.348752300205444,0.346712757417656,0.345548730501886,0.344802289506539,0.342647766964195,0.340584853320344,0.339229384087029,0.338216674098044,0.338562307504112,0.335671845875047
"196",0.471318602663629,0.474000259733143,0.475168765525674,0.475388263630212,0.479236468641803,0.478645141822466,0.477947084797492,0.475260603439861,0.470987696628635,0.460755792668061,0.45359764579442,0.444983227826278,0.43620342808653,0.423113474167342,0.413685981704455,0.405701251746512,0.39470410567726,0.385890073405438,0.374263883178931,0.3673359619197,0.360204604936712,0.352776268456434,0.343636481537797,0.332859538365882,0.326561053219222,0.314289492838044,0.316388949161131,0.319616166494895,0.327027809185717,0.336978482597553,0.341230914004499,0.343907310708496,0.341671461126469,0.354149549739496,0.36799952307098,0.372815821075551,0.376225635453393
"197",0.071043880438326,0.074592836675047,0.0778406842636309,0.0803447053530876,0.0819980539074609,0.0830059244679267,0.0840924431619271,0.0851903932113188,0.0847973568602167,0.0840635970269601,0.0823915396405984,0.0807806142822106,0.0795194994862332,0.0804765329882386,0.0801054053609315,0.0791258825443614,0.0764892340002044,0.0707740686083644,0.0641529049922113,0.0585574434261478,0.049474979548645,0.0448424100353942,0.0388319699648786,0.0381983382925594,0.0427359742649347,0.0479478399949877,0.0602817820346609,0.0698347148118023,0.0801767741946296,0.0867216814404755,0.0922439830840858,0.0976312074276062,0.102080206385418,0.106854375781584,0.112220261997556,0.114008177192731,0.11822278479898
"198",0.133968964767271,0.135060484094805,0.130837251567268,0.129665223897145,0.135355006260417,0.136948494337559,0.137688629786083,0.142168338435346,0.150702375255308,0.153384661582692,0.158911990661038,0.166024778443042,0.171001461323261,0.177420422360264,0.182897124799137,0.187198489951586,0.194493625983783,0.201511117147625,0.208143080320825,0.215639095992232,0.223319766179033,0.229070714080781,0.234723878765976,0.238691851617399,0.241552519278126,0.243892836554344,0.24563190079967,0.248430993571101,0.251427671418895,0.254099377426244,0.256384360892842,0.260439226395912,0.262833378103815,0.267082706846912,0.271133437472874,0.27504344209496,0.278188887714727
"199",0.0920263851455944,0.0917420457597412,0.0902384175431546,0.0895439617515913,0.0893609151735951,0.0889685681232173,0.0896787715306326,0.0905805589927978,0.0935832224912791,0.0954860367397868,0.0980311953153143,0.101797961879323,0.104141149941812,0.105145809625362,0.106057129391239,0.107424186714168,0.111132607866587,0.114799142525055,0.11861238398977,0.121530976712844,0.125820868543071,0.128177697746703,0.130829625881907,0.13138786877595,0.13024472668182,0.128684958461814,0.124090739497972,0.119891884825871,0.11512593638764,0.111225977043052,0.107956967207218,0.104593816404964,0.101314385473258,0.0960187292862962,0.0901025141359914,0.0878664003772303,0.082494484042906
"200",0.00397537254361022,0.00495920113899164,0.00540770623114714,0.00592367233250726,0.00678193892289691,0.00708871855503327,0.00775269851172157,0.00836364779555261,0.00908496184122314,0.00940934433895044,0.00992507643994813,0.0107386574514688,0.0113195480587231,0.0107798779335797,0.0111002974181987,0.0116755263733729,0.0136913667276714,0.0141231458855051,0.015136529008059,0.0156675690405014,0.016298675862714,0.0165684057556382,0.0165963992598033,0.0167591401415728,0.0165880017820293,0.0164718962589773,0.0154087212671501,0.0144317544984676,0.0135893909457705,0.0130603048292481,0.0127868947371354,0.0118441267383262,0.011401389672891,0.00988616386133977,0.00873833170078839,0.00780669684546418,0.00671386298376693
"201",0.241303213969978,0.238184392928302,0.236016043850942,0.233815131911673,0.231538736529535,0.229651177132022,0.227205019619384,0.225639431442415,0.22443874661338,0.221112569058963,0.218498951527474,0.216020985025779,0.212884944186464,0.213132152621436,0.211400127199669,0.208989531668817,0.204928683035272,0.202569680355687,0.19944224011452,0.199795693455724,0.199418391109565,0.200737483544142,0.201684423683174,0.203789908830084,0.207611050529244,0.210897093974932,0.218669676352036,0.226002530692844,0.233845388172455,0.239813298494359,0.244388099731673,0.250340485338751,0.253967028793979,0.260829358308638,0.267791669134462,0.272204893834866,0.276938758931546
"202",0.267972417929317,0.265794474042613,0.265233071327599,0.265023630391833,0.264102013001486,0.264115263764769,0.264805928771501,0.265221346599841,0.266530569557383,0.266716490307766,0.266699029255952,0.267600108863667,0.268098247152985,0.269288573650076,0.268372911599049,0.268110782910454,0.267788461105752,0.268734458888884,0.268198731921536,0.267733669280749,0.267754996344697,0.26731742218333,0.267391548415522,0.265709449737079,0.264479669752252,0.262321254274771,0.258981994323692,0.255980732618897,0.254315547008035,0.252661622037936,0.251437909580549,0.250340629998633,0.248698334023215,0.247620302226949,0.246454313684595,0.246963271613296,0.24550506693587
"203",0.0103852009742396,0.01271574571877,0.0143095306103764,0.0160757858489842,0.0181057266522715,0.0193135094850693,0.0212673992567446,0.0229200028376024,0.0246126552629363,0.0259626614479559,0.0271525728498083,0.0289372882351279,0.0304295950723508,0.030525412286427,0.0312849415212649,0.0323850652875958,0.0351611327482277,0.0355402104517846,0.0364075978748618,0.0363901116365527,0.0364329364390766,0.0362907330791037,0.0359429436202408,0.0357375141559316,0.0352917245606181,0.0349607525750719,0.0333964793917881,0.0317128879296973,0.0303326038014302,0.0290902047942352,0.0284257352983144,0.0267665292935187,0.025944248632713,0.0230711018352782,0.0205856498800261,0.01876503960761,0.0165113261666336
"204",0.363048598106002,0.35972825147517,0.35694731222342,0.353679281870529,0.350951594123033,0.347668086749591,0.343769569434178,0.339591914286183,0.335850742817847,0.328668607222404,0.323511720140553,0.317745698672553,0.310575756858705,0.303608610432068,0.296331681196889,0.289166665826473,0.279445053275927,0.276093700392408,0.272386598517982,0.273475248524782,0.276395459825099,0.277558264504262,0.27853332349631,0.277257224325665,0.276189123201305,0.272799573787392,0.272208343304367,0.273455168268526,0.275892875832409,0.280197209527926,0.282117874490724,0.285032543092839,0.28471257000492,0.292058031105923,0.300192792816696,0.304950252750827,0.308629841237445
"205",0.201894566145556,0.201642194049517,0.2021030064249,0.203033718546851,0.203688652854498,0.204625382226724,0.205868739429361,0.207473329846639,0.209724530960862,0.210705257212803,0.211350410336428,0.212994250026834,0.214259178378503,0.21759989104608,0.218362158006982,0.218969512565181,0.219261626801722,0.219910433188482,0.219373011603825,0.219621059452682,0.219709427525199,0.22040666377771,0.221349882631591,0.221903306304335,0.223277509678734,0.224310604235599,0.226387236698861,0.228570137313673,0.231798249319071,0.233901952840811,0.235919772250306,0.239021563138867,0.240928463023041,0.244167827248935,0.247446662382295,0.250277499653681,0.252915702112612
"206",0.106698446757375,0.104469709609771,0.100951050357412,0.09725544511456,0.094602721466597,0.0911662051378929,0.0869226805296874,0.0841559062182865,0.0821755499637725,0.0772670385795901,0.0746161736258042,0.0717387800170982,0.0673911449988464,0.0641622464782554,0.0626081836758433,0.0602722075205244,0.0594121374486926,0.0593129736314436,0.0609581890011195,0.0661384728839305,0.0711282674892968,0.0755903251977717,0.0790971875490601,0.0833238678925723,0.0870659517227957,0.0905182206535001,0.0966633532532196,0.103214177951108,0.109344943514821,0.114630089075532,0.118473871151297,0.12367862836295,0.126940161283999,0.132520908785426,0.138418376792957,0.141758630993366,0.146448333129917
"207",0.00570379232901512,0.00669688254242661,0.00724634122113013,0.00769949314084354,0.00817380525933767,0.0082234327754657,0.00866141226184732,0.00887754940653905,0.00894574764836342,0.00886153752490214,0.00881857587009329,0.00891548257987233,0.00886528427426341,0.00786481540496701,0.00756636706795599,0.00753228092633934,0.00825784077993991,0.00783345525445818,0.00776452531357565,0.00730569033194335,0.00685234627295974,0.00634634487385873,0.00570734332553142,0.00523894697164776,0.00479607783600901,0.00436085982348412,0.00357098800423183,0.00281311671395404,0.00227732675387204,0.00191527879793832,0.00168325263400478,0.00119050430916796,0.000935964498887826,0.000538763642003507,0.000316103991536241,0.000189652351689841,8.94201678796718e-05
"208",0.0904092230560448,0.0894899312581741,0.0871281623811639,0.0855643839959566,0.0847973757118119,0.0837381551904155,0.0836796349275452,0.084014900927084,0.0867703207006901,0.0881481243204405,0.0906290799783728,0.0943075367372051,0.0963775039091099,0.0967767362382866,0.0975775138084211,0.0988879220382248,0.103013904006278,0.10725692214323,0.111835465256426,0.115533976604283,0.120723431825345,0.123594646848425,0.126708749754074,0.12757344169034,0.126483051076618,0.12493609575233,0.120173579703021,0.115954648064825,0.110991761014107,0.10714728317793,0.103818660165235,0.10050164896896,0.0971418801654251,0.0920898825776245,0.086493586977007,0.0845551625372738,0.0794731514673953
"209",0.014354755620889,0.01570176284447,0.0162615822811874,0.0166339394537028,0.0170724974554755,0.0168908847029244,0.0171398118465806,0.017214341735928,0.0170977902114179,0.0166320737415599,0.0163316231506279,0.016182185744024,0.0157988200310666,0.0144136936101885,0.0139129090676751,0.013684890540811,0.0143585617853625,0.0136282925271772,0.0133866177835801,0.0128952248530943,0.0123443446639982,0.0118204629554893,0.0110450978635319,0.0106299333922052,0.0103205562638202,0.010013669318365,0.00950600740798016,0.00894914598543966,0.00868434534518979,0.00857765673230818,0.00857201048189039,0.00788811501548835,0.00756392601818452,0.00664580552762094,0.00611483328728755,0.00538112850806455,0.00467033551105567
"210",0.132842199822854,0.138833328191155,0.139888656891405,0.144548637234421,0.153527437718412,0.158911199306416,0.16460309858021,0.171651240027897,0.181645357096457,0.18768194425163,0.194062019728812,0.202120376546039,0.208456094812024,0.215265160722915,0.219927971404727,0.224158256321305,0.230643190844836,0.236721587378991,0.241813306437231,0.246835398021184,0.252329474277893,0.256228977032172,0.260415844216673,0.262683685814237,0.264199267607478,0.265151641114788,0.264381816538349,0.264621915655029,0.265451124373463,0.266204126957202,0.267132951470944,0.269376224618913,0.270595371018381,0.272701703357254,0.274523845505058,0.277430004943521,0.278954954201977
"211",0.219507708250113,0.219573390744283,0.219492354403752,0.220857356099221,0.223188114402591,0.225249163405335,0.227937968311857,0.231164059518931,0.236363266361982,0.239328912791885,0.242370981333376,0.246839691095338,0.250409788428995,0.254657806354697,0.256797273684227,0.259138047186204,0.262956217030194,0.267118791583393,0.270102374978148,0.27317982759768,0.27672558154952,0.279087654945599,0.281839503316837,0.282777347226479,0.28352336962821,0.283533527277768,0.281823379711192,0.281036442234037,0.281252509186476,0.281534182197819,0.282060783078883,0.28342196939795,0.283965421794871,0.285409434474662,0.286688013926129,0.289127120379871,0.289862473943169
"212",0.26247835003926,0.262119711017997,0.262177036822581,0.263374502100405,0.265508319599987,0.26739435254479,0.269764056157171,0.272553080498391,0.276875584848944,0.278713176508035,0.28075678446648,0.284059438090858,0.286831101192846,0.290166697646302,0.291739548000552,0.293760178037079,0.297348985172568,0.301000960847583,0.303347548090539,0.306036509336959,0.308845884497639,0.310692923431195,0.312830233679733,0.313486855418371,0.314506306835543,0.314647410071729,0.313212783538376,0.312756970939513,0.313746249500786,0.314901118512739,0.316167184525437,0.317743205698466,0.31859162195187,0.320619741192904,0.322713437286812,0.325297694294601,0.325882557375597
"213",0.295027958582681,0.295249948284911,0.296274404177843,0.298126174123904,0.300883955546433,0.303173362606657,0.305877540523048,0.308701308596518,0.312329769326664,0.313290558798084,0.314380443705753,0.31652554766187,0.318626900112023,0.321073086691784,0.322147199706852,0.323924891526389,0.327266730040643,0.329934312113998,0.33110029962782,0.332770287946735,0.333990932945842,0.334847321271093,0.335880463156727,0.336089339628818,0.33748313641908,0.337946829116246,0.337325254304913,0.33751977914874,0.339631635043303,0.341792725905858,0.343956701386751,0.345771977321686,0.347035802308918,0.349513788084631,0.352293563224515,0.354799819631043,0.355079491007376
"214",0.112186348823197,0.113271482387708,0.114932797629585,0.116337473803992,0.116213012411275,0.116639821710932,0.117869357352515,0.118633683650031,0.119133944888549,0.119862832555045,0.119605184272897,0.120001814052746,0.12015280665467,0.121138520688755,0.120322500779539,0.119622420884569,0.11809544524679,0.115745903960636,0.112639760769867,0.109071047466992,0.104963047213229,0.102048640017825,0.0989549837378282,0.0963037710650631,0.0950718261942191,0.0938268355175551,0.0936620452994394,0.0925720486614151,0.0929304079420053,0.0921942250998887,0.0921093040317394,0.090937966784323,0.0903072276257004,0.0880306753888727,0.0863229359504651,0.0842142479778692,0.0821687812100238
"215",0.477252764224201,0.485783554692745,0.492650770115816,0.499835752732297,0.513324765113918,0.520397017599993,0.528888405237245,0.535113097249268,0.539296094790607,0.535549683589192,0.534502397119097,0.533454692559283,0.534735754945595,0.525097130800498,0.524848086856192,0.529422331970631,0.545062500883572,0.549357663894517,0.553360690870331,0.555829009458066,0.55471698025057,0.551556413278602,0.546882726293693,0.54413523384456,0.545705536424019,0.545045117615316,0.53732240444681,0.531838527828706,0.531808913550214,0.535850671992803,0.540097109282193,0.535595044603589,0.534815013522818,0.531858341218534,0.53157041237182,0.52893884422566,0.519073090993732
"216",0.252034199348839,0.249495812446571,0.248542528952487,0.248005977262674,0.246534863667594,0.246253665433742,0.246820270433393,0.247061184877317,0.248516178030533,0.249139626464525,0.249533504798804,0.250951282520635,0.251743445898964,0.252937533154372,0.251996945316286,0.251764343226132,0.251644369636853,0.253148585453213,0.253323320312771,0.25322649142562,0.25406993715335,0.253940010014551,0.254433928895846,0.252607107415097,0.250602768400237,0.247583110344664,0.242232148832874,0.237103139797192,0.232745851023667,0.228718213513334,0.225326050397696,0.221631994193769,0.217607566129487,0.212776753832046,0.207131607870266,0.205214729503976,0.199392675374559
"217",0.356156501515785,0.354360200082392,0.353586456326248,0.352932443195601,0.352860768184575,0.352512665851771,0.352726004902954,0.352271608976118,0.35254708197434,0.350242293280921,0.348856411807794,0.348033198727674,0.347024320069441,0.344685995691378,0.342297068068708,0.341438554023546,0.341850982456916,0.343375644541374,0.343507649704041,0.343864419565557,0.344795876007859,0.344186856184383,0.343935664495535,0.341442597337524,0.339527153551401,0.335944970634293,0.32967528650182,0.324422894624614,0.32099114709668,0.318902102345064,0.316930503848279,0.314108400436798,0.310734598985206,0.309026878416883,0.307568163826662,0.308000490928084,0.3049328219365
"218",0.213074309030171,0.213056403111033,0.213652953625045,0.215011257205033,0.216322236548229,0.217833218010133,0.219840605684384,0.222122233486434,0.225433142751258,0.227279273061542,0.228795986833078,0.231496869726896,0.233706111280593,0.237414441331808,0.23862511477383,0.239889767404912,0.241453098800602,0.243387157589398,0.244062133380524,0.245140531236804,0.246347668861793,0.247484551630756,0.248994888287213,0.249453357077846,0.250335155130847,0.250710653550294,0.250879923763014,0.25146835582161,0.253152893762246,0.254202903664427,0.255400922799965,0.257538061042397,0.258715931224211,0.260920233538953,0.263072895266265,0.265576165933627,0.267230842595853
"219",0.233371363398366,0.232239189591319,0.231429746815674,0.231844219860657,0.232852805373484,0.234045609685177,0.235963299448085,0.238272961245977,0.242633609589739,0.244992361201211,0.24753732327139,0.25145724302131,0.254455652007286,0.257878586049475,0.259364102938601,0.261240103221173,0.264580839388256,0.268659106400492,0.271578949336853,0.274488761579449,0.278079435972808,0.280251648601876,0.282866400686844,0.283397624058997,0.283595354551577,0.28296312992231,0.280219180413913,0.278438276251227,0.277600403683354,0.277059417818121,0.276837537168249,0.277376539509041,0.277176553593128,0.27775153886008,0.278096079954476,0.280129048176507,0.280178667701658
"220",0.228570138481885,0.226503813024598,0.225510487021266,0.225130619465289,0.224269000088472,0.224270661500641,0.224983574560176,0.225752920600577,0.227954182505272,0.229023269644567,0.230028923232224,0.23216372581394,0.233548616418864,0.235705338925675,0.235717501017139,0.236141347135162,0.236983663662633,0.239147379135538,0.240184934058763,0.241257861133481,0.243144039423929,0.244126469521408,0.245629493560517,0.24516127043783,0.244461030457982,0.242991407358753,0.239962273152848,0.237477592522899,0.23580788385061,0.234248693517728,0.233093752740144,0.23257337311637,0.231378951311813,0.230626855636755,0.229624751664776,0.230573955982684,0.229702812691473
"221",0.0404223905507659,0.041529681807637,0.0415000533880867,0.0412987624021462,0.0412837439954572,0.0405623412295891,0.0402629167704549,0.0400387927946724,0.0398742525034392,0.0389361350275649,0.0384598528988615,0.0382535637435334,0.037530128888876,0.0359323880884397,0.0352823405700756,0.0348508341844083,0.0356627822910098,0.0350404475132538,0.0351334620157467,0.0353118730779447,0.0355511852812739,0.0356915887823133,0.0354510370412881,0.0356005164139222,0.0356972342419326,0.0357699858613316,0.0358596984170951,0.0360316957580186,0.0365414357537748,0.0371925307833229,0.0378019615386578,0.0377839334714148,0.0379109954136118,0.0374312498400921,0.0375998733478317,0.0368949537499761,0.0364143271693353
"222",0.143587668122912,0.136867078184631,0.12485045730173,0.112462676437808,0.107129073193203,0.0970875738598039,0.0807189990084952,0.0712661052394866,0.0692266384478949,0.0499022338628512,0.0462041821028234,0.0417171552402655,0.0291092988988569,0.0218680259422712,0.0291307406810106,0.030599831960368,0.0475401103050628,0.0684192754176807,0.0909562478279796,0.116413974143161,0.137290938392485,0.151154697345431,0.162559487709583,0.17192230876426,0.178222485074083,0.183692574073082,0.19058677678802,0.198710353351809,0.205580593779927,0.211847750934795,0.216303324029156,0.223377913637419,0.22746318927586,0.235146197305319,0.242548012733405,0.24794066609588,0.25356381903621
"223",0.34024841117421,0.341997885398883,0.343401059559671,0.346277420079756,0.352112644756348,0.35596120021233,0.360343050335646,0.364924037106929,0.370800432193395,0.372107247031867,0.374413890660818,0.377834113219847,0.381249546966746,0.382356149212298,0.384312352470017,0.387811457710521,0.39592443050862,0.401301778500334,0.405561456648578,0.409803198400029,0.413259782974724,0.414819602618553,0.416113463308486,0.416464889819519,0.418038729286338,0.418161644995163,0.414369044365299,0.412303577741485,0.412913866823585,0.4151864573824,0.417531549684901,0.417495357985305,0.417979897299427,0.418898663748033,0.420624925026834,0.422021250348093,0.419278326783764
"224",0.248177044015114,0.244856287565668,0.243577332726829,0.242148462700249,0.239042020451412,0.23747041998221,0.236416801763503,0.234895243889501,0.233672298404895,0.232147284895922,0.230180300901343,0.228631333913017,0.226561216030064,0.22564424599067,0.222189802317323,0.219180043171261,0.214049323964293,0.21114776791778,0.206618748112843,0.202117832766909,0.1979372357705,0.194030279376112,0.190296083816503,0.184863305186276,0.180455783083933,0.174648880343927,0.168976478740843,0.162097041042694,0.156829543777265,0.151635827105962,0.146760663517041,0.138894005328089,0.13057880457151,0.121758435247776,0.113426335709538,0.105768538776425,0.0929863935196023
"225",0.146885215449454,0.15333037414099,0.160837800025131,0.167615673539209,0.171634210997414,0.175969825489005,0.181107897513067,0.185123480818728,0.188173442611547,0.191634787230389,0.19274754144643,0.19491349624545,0.197440981662366,0.202116332397206,0.203060046111151,0.20392784100623,0.203160530999914,0.201165831812849,0.197083458782315,0.192310377538897,0.185840475029299,0.181821749420287,0.177810605951853,0.174955593119145,0.175151182946009,0.175685085900604,0.178761200575907,0.180304541263323,0.183936623447454,0.18476867980294,0.186474665039819,0.188104798317858,0.189830227560758,0.190221443219416,0.19068968646956,0.190822198393787,0.191610214495891
"226",0.122504316768047,0.12264312612796,0.123616640032474,0.12407127940134,0.122920163341958,0.122430524199127,0.122377241718086,0.122063592184271,0.121008240820991,0.120059449100566,0.118213079272504,0.116554882951405,0.114760292848249,0.11451978259533,0.112464933491917,0.110270043315403,0.106086958133241,0.100848894600423,0.0945193145892771,0.0883878340990789,0.0802478082401477,0.0747534057442728,0.0682337003331611,0.0642254962018511,0.0641227311065083,0.0641922413953776,0.0696305709141473,0.0732790205790308,0.0789693412658757,0.0822866738011852,0.0852917101892076,0.0873052133201162,0.0891352355985465,0.0911326953996515,0.0941833260632959,0.0940965898746166,0.0958738712404239
"227",0.199181738266506,0.19834041552099,0.198158032872027,0.198576282766899,0.198716291257949,0.199310474399964,0.200409649450977,0.201801094313584,0.204267202315145,0.205534553766014,0.206603547557735,0.208774147120846,0.210326988882884,0.213358740540539,0.214036591764846,0.214741022886971,0.21556310153133,0.217088302326687,0.21756622263826,0.21845329370007,0.219686789469524,0.220774446313864,0.222228658719986,0.222546786644796,0.223046752957548,0.223082353563186,0.222986992835198,0.223262753452252,0.224434733216507,0.225033336506374,0.225786097968456,0.227567428375154,0.228381754064592,0.230141949042799,0.231861393213875,0.23403408812204,0.235591269563826
"228",0.00444006249900331,0.00555945429812409,0.0061109586459002,0.00675776566095837,0.00777313438497035,0.00819387000425659,0.00902842834373096,0.00979247479239333,0.0106905398390166,0.0111761158603472,0.0118340770274722,0.0128461694242495,0.0136045104888619,0.013136593459117,0.0135601022853316,0.0142644253832061,0.0165420974356989,0.0170632243486148,0.0181867664715218,0.0187425410543438,0.0194147145992248,0.0196988567699878,0.0197413972794629,0.019897378231126,0.0196830299038953,0.0195321397841804,0.0183114642614906,0.0171674134790126,0.0161662405903602,0.015489898967066,0.0151246964954558,0.0140344625531798,0.0135067041221607,0.0117391898148252,0.0103534789781889,0.00928134520098427,0.00799368958819009
"229",0.245084307980231,0.238502382832146,0.232252459150455,0.226088935794694,0.219450742526913,0.213952519340204,0.20849416021984,0.203434433770607,0.202080733644735,0.198594733492627,0.197993869631384,0.198285744868627,0.195759466006237,0.190954369785573,0.186672414364445,0.183584328882991,0.18391626518486,0.191217907764786,0.19891386696134,0.206201555173089,0.216746164538394,0.221587494778767,0.226918332468807,0.227100803833479,0.223788214858146,0.218610598897496,0.206797588403723,0.195844264295677,0.181387488648393,0.170446900366165,0.158008788048735,0.143656363045656,0.124486048150712,0.103161812095235,0.0731053460748136,0.0622066761110017,0.0174996018484587
"230",0.250601026484325,0.249184195525649,0.249582045694663,0.250119970927263,0.249593277990166,0.250018176135335,0.25097772499304,0.251656501094634,0.252575066969896,0.252684424329353,0.25214942101251,0.25238753833507,0.252507564608884,0.25423734690893,0.253320779548967,0.252731485031882,0.25108327609259,0.250155307400629,0.247463143837689,0.24509896877153,0.242364929677093,0.240541958898346,0.239018783071233,0.236980921971758,0.236564389230919,0.23559614209458,0.23582998277453,0.235813696074246,0.237561816690187,0.238224241308505,0.239117765740679,0.240325422219411,0.240803992158734,0.242285555357739,0.244003240415805,0.245533782933366,0.246623498178953
"231",0.374388559957255,0.377147398504917,0.380358569722394,0.38381011593266,0.389747349691719,0.393277782149984,0.396852550562288,0.400150319121172,0.402446066530828,0.400318219924438,0.398989869551805,0.398033522930248,0.398261352409074,0.397682965212635,0.398011968961195,0.399700448933854,0.403964086430299,0.404357540131387,0.402916518624671,0.402887275755877,0.400086257365883,0.398904316743964,0.397163298363073,0.397500115684785,0.401783711627218,0.40494315193124,0.408800555246082,0.412446089866576,0.418772137264912,0.424927157615882,0.430386867980192,0.432743359424767,0.435224279738427,0.438524798823054,0.44287133716389,0.444480700135734,0.442307391657963
"232",0.233121632045995,0.232620815449696,0.234185811351144,0.235796248543953,0.235774298267133,0.236911495469985,0.238818714369166,0.240120850351932,0.241409789376207,0.242430383979309,0.242263021503868,0.242950886598956,0.24365318505231,0.245908243016387,0.245168588448121,0.244794476465726,0.243105550640543,0.241751619849169,0.238413904205499,0.234814954005805,0.230587611973482,0.227553664870397,0.224813494702508,0.22164022272145,0.22040126672304,0.218736140317763,0.218160150260873,0.216842329790249,0.217543186866462,0.216790238571799,0.216750966330875,0.21646846037897,0.216062445553558,0.215289688873036,0.214636186078122,0.214396665067798,0.21359848354388
"233",0.251445937152183,0.258762981754688,0.265725967436199,0.273160222799796,0.281047229182138,0.287138724500203,0.293202056551922,0.299216628781028,0.304767270953996,0.307625265285351,0.309527672126161,0.312557466474196,0.316114606672925,0.321039300718377,0.323632417788627,0.326471080612528,0.330373229323057,0.331988725813021,0.33169585402326,0.332082130457666,0.330800052094864,0.330854575044934,0.330939471880696,0.331808890434352,0.335099332980814,0.337807629488728,0.341044160828136,0.344216186582208,0.349364446282312,0.353494042344054,0.357450683941747,0.360722911398046,0.36341962846654,0.367024504083731,0.370986186392418,0.373681269311718,0.374330650848215
"234",0.185487778963739,0.182254125482686,0.178985473322006,0.176569373239932,0.174401213351217,0.172871888670794,0.172066547931456,0.171852469095302,0.174375482371659,0.175329155938139,0.177284040872739,0.180537781214816,0.182200289922312,0.183659708495687,0.184015480577596,0.184782559633238,0.18737098274954,0.191864268607294,0.195937468700415,0.199759670805633,0.205156688768736,0.208197984645105,0.21171003735783,0.212402845629792,0.211511967030114,0.209819260584311,0.205273440009788,0.20160788543136,0.197706530847578,0.194719105970214,0.192045023931859,0.190287344737838,0.187709782025322,0.185263983213417,0.182227786703561,0.182575224506816,0.180122178828958
"235",0.0731440882181324,0.0792295684058086,0.081917746665987,0.0856479863682178,0.0919146957789218,0.0951546871992912,0.0980210497404823,0.102297866621796,0.107096512283064,0.109239566727366,0.111757977737525,0.115399042716741,0.11848708754287,0.123654263984214,0.127382540067267,0.130082915181156,0.133799813287329,0.135707907049141,0.137450050543,0.140298148234559,0.142587903295625,0.145550068019507,0.148326931625873,0.151617272784231,0.15507475036167,0.158587192725181,0.163679094258611,0.168729139913824,0.173967757752703,0.17758206076008,0.180777337020429,0.185532146400468,0.188814908437926,0.193172625330897,0.197481719224403,0.200731768483823,0.204718923460204
"236",0.33143626896562,0.329301555882316,0.328470155475935,0.327750113144534,0.327202555580951,0.326763581628934,0.326702964341093,0.326253325639379,0.326365535177335,0.324278687712837,0.32277006057499,0.321800016660278,0.320638280450695,0.319466918441426,0.317339247192189,0.316230801482054,0.315366472961444,0.315770739802493,0.314650570575129,0.314237710347209,0.314053570419677,0.313307967402812,0.312873930698099,0.310899265789246,0.309962394577841,0.307732816516993,0.304854972159202,0.3027071818981,0.302473915744386,0.302701759952878,0.302852454637906,0.302839631242841,0.301963847391717,0.303290717869911,0.305055569856557,0.30695017008445,0.306927208219412
"237",0.300300086062445,0.303832019488691,0.306019594612245,0.310302987793289,0.318050450362724,0.323199236729824,0.328500930123792,0.334581038154544,0.342132497583581,0.344889615114457,0.348365142624152,0.353121651612992,0.357633803831377,0.360983899696494,0.364141070803729,0.368224832940916,0.376426545440855,0.38205408960833,0.386498216857933,0.391197242751398,0.39503709872004,0.397314064586685,0.399339881337995,0.400553154343642,0.40286779892207,0.403907597128585,0.40173845571477,0.401080931674821,0.40280719943815,0.405735028056352,0.408625296962725,0.409574342734121,0.410740476278304,0.412482223883642,0.414915039103248,0.416736454869527,0.414758712949082
"238",0.292678149877496,0.293790033933424,0.296432033002909,0.299607863181317,0.302661352166293,0.305688164785594,0.309479808184027,0.312685324701205,0.316096050344951,0.31763971679674,0.318540346054006,0.320461111766704,0.322637923724119,0.324890944972297,0.325469452693975,0.326977948457671,0.329487918488449,0.330970109624655,0.330561265630949,0.330036555866382,0.32880495864768,0.327805833333411,0.32712455306702,0.325797385942682,0.326195875900353,0.325785413235533,0.324538201221914,0.323656637037552,0.324998238293945,0.325958050182155,0.327317006515028,0.328194002756525,0.328858628085726,0.330044949389816,0.331450571933133,0.333165458044246,0.332934589058767
"239",0.0972830669753251,0.0993947159671409,0.100367162328082,0.102094036577876,0.104181338425795,0.105634124496036,0.107889990076753,0.110336595379735,0.113906376163827,0.116409886844367,0.118779478826723,0.122348472541761,0.125045778010573,0.128000026277251,0.129679638979319,0.131319172569032,0.134094890514342,0.136228538685271,0.13807176667118,0.139635806781783,0.14175010369487,0.14335774488846,0.14518987209305,0.146019698841624,0.146270554614758,0.146379199703772,0.145612827906986,0.145104158219222,0.144884594191359,0.144306117428809,0.144153600123986,0.144726770619482,0.144902916780964,0.144490091869259,0.143985012346727,0.144516019566447,0.144547837073608
"240",0.0637726258160665,0.0656783453948951,0.0670433172709292,0.0682480242387445,0.0688495960748258,0.0691691311821208,0.0702456253157758,0.0710344670808837,0.0717068991657423,0.0721758644380202,0.0722666829132518,0.0729383397836531,0.073234776903626,0.0732463457101831,0.0729107395280588,0.072784681649192,0.0731659033613975,0.0719649530744269,0.0708428130522843,0.069301154786252,0.0676223749404753,0.0664274673687635,0.0650074825235855,0.0639596232189056,0.0633828654712484,0.0628415764285704,0.0623679259646492,0.0615162959882394,0.0614447829560423,0.0610013500261835,0.0609921291230207,0.060073150455725,0.0596550500443375,0.0577101088734077,0.0563306635798678,0.0546875845013257,0.0530080557815744
"241",0.00541461724108951,0.00696504076733587,0.00779282138138734,0.00883026234321663,0.0104651466948462,0.0112843856040925,0.0125865024953479,0.0138822063727824,0.0153946972066763,0.0163052801828918,0.017399970212877,0.0189989190769224,0.0202903770085613,0.0202990361223511,0.0212264176615064,0.0223984191637763,0.0254680364647581,0.0263245507351076,0.0278311957500588,0.0287345725936837,0.029718777438761,0.0303330150107037,0.030680899197789,0.0312078214245498,0.0313169572717427,0.0315505654039211,0.0307371675655323,0.0300015471698225,0.0294093793376829,0.0289966072556436,0.0289345009631338,0.0281810784042617,0.0279872557025747,0.0261790729938247,0.0247591296801414,0.0235267429474781,0.0220846185474155
"242",0.110076869615651,0.111974412587825,0.11327322812369,0.115189931281363,0.116914906221175,0.118406055719891,0.120788753497563,0.123139033104748,0.126436605852237,0.129001620266072,0.131126610848993,0.134441742815515,0.136993627144,0.139977460479431,0.141309335123063,0.142669360022933,0.144766889801803,0.146427434115092,0.147593682622633,0.148396539969584,0.149723333953458,0.150730789298065,0.152030154773762,0.152303969178219,0.152191388528422,0.151907324029269,0.150714545851008,0.149645371898346,0.148998599383443,0.147931568548852,0.147417991604713,0.147438773736396,0.14720988323027,0.146110619630122,0.144868187682632,0.144927981814596,0.144265838772845
"243",0.288156553442449,0.286618389821383,0.287035107427403,0.287607040349698,0.287326365200589,0.287873198581248,0.289102048364696,0.289757901088675,0.29067173388101,0.290498916682098,0.289831219674761,0.289913950129145,0.289988141287546,0.290796712665074,0.289466157372821,0.288902743684179,0.287764882848851,0.287284263985244,0.284871715205215,0.282448809623887,0.279778257187512,0.277514280475422,0.275643096444513,0.272682907500816,0.271269001510202,0.268971841001382,0.266711190009188,0.264327004550106,0.26398333651309,0.263058566706344,0.2626164337384,0.261866946182916,0.26074943346117,0.260223088328385,0.259877239278974,0.260262298079583,0.259218437734185
"244",0.472094698279229,0.477305590961277,0.481128046137716,0.484968138409231,0.49370482701369,0.497518007215233,0.502682939902673,0.505654268180821,0.507651024098798,0.50317932059851,0.501406105711875,0.499700818339577,0.499473601199786,0.490171392029885,0.488237735312125,0.490584635715497,0.501240708374612,0.505056575886216,0.508263383020347,0.510162945506405,0.510374386431038,0.507754082619343,0.504329247865989,0.500592100086008,0.499537824968216,0.496084206562941,0.485820964762399,0.477905149892217,0.474468414074509,0.474711680790467,0.475323319147558,0.470200562129588,0.467368351841917,0.464057878680472,0.462439986129889,0.461030593202039,0.45359461168538
"245",0.42460416920593,0.425375239017057,0.424606858348782,0.423823938578579,0.427461529101323,0.427367683712512,0.426570238145068,0.426164792794511,0.426386733650358,0.419775632421647,0.416971092769036,0.414191905683509,0.411361665449485,0.406723433108749,0.405588047492529,0.405875565492912,0.410748545377356,0.414722362644228,0.418592197132876,0.425588529293413,0.431408358153952,0.434961705296427,0.437386008816642,0.439591198733239,0.443317689039944,0.445084479012176,0.444441897847992,0.445626178481652,0.449405865152081,0.455387202633003,0.460292635595765,0.461424527820076,0.462830635708506,0.465676610584002,0.469838841182095,0.471158292891576,0.46737342929581
"246",0.108178646983409,0.108638510474821,0.108754874594998,0.109096840026241,0.109098166842535,0.109102223680908,0.109759567370313,0.110536317338061,0.111964083474479,0.1127209104875,0.11339352127393,0.114931385770019,0.115768782905538,0.117030565224421,0.117228387975938,0.117474898837024,0.118286093730733,0.118701059985069,0.118971480736723,0.119227725238343,0.1198804339358,0.120444546843481,0.121083034573896,0.121181728558271,0.121106253687459,0.120885927437727,0.120452705866864,0.120089489985954,0.120207324183528,0.119976115654317,0.120028211853625,0.120368361273867,0.120404075219794,0.120006620141513,0.119838090255647,0.119935323076859,0.119866728566424
"247",0.182088207207207,0.17882839192532,0.17714418034851,0.175081788666269,0.171082310677609,0.168619153646522,0.166587186066014,0.164211281945142,0.161880959592381,0.159598838931281,0.156934897944781,0.154356172436528,0.150970672310647,0.148353618650723,0.143781954567006,0.139432688484696,0.132664010474678,0.127717293128889,0.12180033273238,0.115943914805846,0.110208848376551,0.104851268854065,0.0989903614755336,0.0919894426603753,0.0862053059689961,0.0787007866746452,0.0721803229777166,0.0638998302355418,0.0575778733149517,0.0523489606431773,0.0468959686067531,0.0364254922933983,0.0259979722630437,0.0176927072888562,0.0122791600637863,0.0065554405561362,0.00142341748075673
"248",0.389627327416615,0.387802641019958,0.385948305558421,0.384106065862402,0.383869066865397,0.382438348028043,0.38136670712689,0.379668378035022,0.379493864714603,0.375537208310247,0.373905251139158,0.372781128908681,0.37096603785386,0.366137699201452,0.362968693869427,0.361822305504204,0.36381013808412,0.368084013525523,0.371715452022713,0.375659893737229,0.381004959999555,0.382543850468798,0.384238298454108,0.382624558516687,0.380486972556213,0.376134405905253,0.366414825439148,0.358693349297605,0.352155872088195,0.34869120366374,0.344933608558154,0.340038185030955,0.334235109751035,0.330902213259661,0.327625343272607,0.32807799787474,0.322737214880364
"249",0.344943321955768,0.340332711845884,0.335257366827941,0.329923826441999,0.326191259182375,0.321487139751486,0.315341326735145,0.310272578106008,0.30758492332814,0.299634012432581,0.295834255916155,0.291929557277882,0.285524759589458,0.27978193945901,0.275418135811852,0.27085245028983,0.268586836985331,0.274038071882445,0.28061589001018,0.291534238769129,0.303471058756154,0.310676717802245,0.317175834052669,0.320676281014122,0.3227795518502,0.323165370733013,0.322731008707893,0.324663949822303,0.327153953801289,0.331376180185549,0.334065802352018,0.337690692392286,0.339036622765971,0.344958596672132,0.351160527996658,0.355670109534096,0.357827897000195
"250",0.330448985060923,0.332524564403302,0.335620369272395,0.339701442007494,0.344739780408393,0.348956953957736,0.354322623910704,0.358766543048697,0.363811049598326,0.365888798504377,0.367790643186651,0.370790341817113,0.374054662667076,0.374882429539876,0.375860162464777,0.378624836352088,0.384849315375146,0.388641893230104,0.390859432542925,0.392296102180356,0.393138088432899,0.392717766865553,0.392455498698155,0.390985700304019,0.390886853569582,0.38948822059724,0.384331997436131,0.380369918444467,0.37903800855563,0.37874385778132,0.379080437858438,0.377642028136156,0.376842185884344,0.375742447930887,0.374953834054589,0.375584061814932,0.372558953100496
"251",0.331277742734962,0.333736035746663,0.335880548730486,0.339836172546135,0.346447431159044,0.351240599039754,0.35698095035893,0.362506822955324,0.369561527580953,0.37227278745784,0.375548412320022,0.380051289833941,0.384406869736778,0.385642392492296,0.387775226585744,0.391695203848505,0.400625573205909,0.406579913930113,0.411362255587817,0.415510863958013,0.419072408803487,0.420340784741309,0.421442225316305,0.421236851726911,0.422046914445782,0.421353652824115,0.415793115355276,0.412084923681541,0.411076234967901,0.411964191961195,0.413216681867517,0.412096002226947,0.411756943729559,0.411380970623296,0.411660679578836,0.412640499001191,0.40928611025102
"252",0.301779510287484,0.301276108768823,0.300329440447046,0.30087904077649,0.304057375160875,0.305990871905773,0.308121453675521,0.311241459368394,0.316503739254961,0.317699635227225,0.320145765900497,0.323852192835581,0.326919048850531,0.329627458937141,0.331793375089246,0.334665666460733,0.34076752242601,0.34623318276091,0.350627385566331,0.355544895875071,0.36031941354037,0.363202028030862,0.366027346413123,0.367340832700036,0.369055346839948,0.369552781496477,0.367333306041448,0.366658898370022,0.367817076117871,0.369995521547735,0.372074550107,0.373427318933232,0.374381521110078,0.376597792124824,0.379205737660479,0.381695850413703,0.381082414804053
"253",0.459604456870663,0.467134112839645,0.473623147305037,0.480431667986578,0.492567882801076,0.499227279242156,0.507184466494138,0.513071002800417,0.517105066042269,0.514076571625569,0.51318084227577,0.512407488672604,0.513768687926822,0.50587352419224,0.505703757800187,0.509823032500025,0.523435510488711,0.527100375540069,0.53007922648961,0.531764270699906,0.530112787843863,0.526993627082241,0.522651641049392,0.520005102849507,0.52155984737763,0.521101433699309,0.514810938667883,0.510365131565676,0.510980015531233,0.51487856987121,0.518972007490251,0.515492416326694,0.51511248024284,0.513048661940109,0.513307811800359,0.511431963856769,0.503016813949173
"254",0.338533996585216,0.337971417893668,0.338384560226837,0.339284209762871,0.341184631377966,0.342537476556425,0.344428358100196,0.346006921900465,0.348210320858208,0.347530190482616,0.347416068954449,0.348107853754566,0.348899868501876,0.348913745526778,0.348594108536548,0.349546421685983,0.352413397047201,0.354680994551628,0.355458054862297,0.356593457209951,0.357387824362446,0.357424275195313,0.357616477559148,0.356720595957134,0.357139743209155,0.356342978547482,0.353838214938947,0.352360121188043,0.353135847109023,0.354518385536142,0.355958804832008,0.356541593385054,0.356819062547171,0.358396748471163,0.360436464244432,0.362438656340414,0.361771222341148
"255",0.249299116866535,0.245001212887568,0.241221987558202,0.237362392053489,0.233876136115323,0.23057004680269,0.226251333709279,0.223224047573842,0.221122525291006,0.215970221078456,0.212589611698204,0.209091160520504,0.204235329585462,0.202722030152202,0.200181205174968,0.19667818003536,0.192196156145273,0.191050620493623,0.190167068930342,0.194168192079938,0.198045021401351,0.202145035869556,0.20566482798531,0.209409677411127,0.213618873954595,0.217016578530122,0.224238631818714,0.231677472554691,0.239191368261049,0.245452205960718,0.250013184361565,0.256253794994488,0.259830445995312,0.267244973549531,0.274685717834387,0.279533891179831,0.284437900522984
"256",0.26797800462929,0.266125160010724,0.26372263286153,0.262847501033735,0.264268109700438,0.264979206803142,0.265890744708549,0.268096792266853,0.27312725821807,0.274534208525652,0.277341032725165,0.281530135369653,0.284568668844361,0.287858757307759,0.290056682969912,0.292601626076281,0.297839411223234,0.303634054675676,0.308463074235073,0.313786066454853,0.319517649635735,0.323097692295572,0.326792075029916,0.328425325585821,0.329750884295428,0.330009187913077,0.327860000022766,0.327198249445829,0.327761883731529,0.32910773131287,0.330381261261094,0.332011866251869,0.332782550940383,0.335112222896651,0.337528387364914,0.34045046972834,0.340933033120245
"257",0.00962780036308109,0.0106898302055504,0.00976886575213251,0.00897095371965913,0.0101538869892171,0.00958880579879645,0.00838000170930935,0.0083931764637074,0.00867285216539226,0.00690686366666935,0.00657383437081873,0.00623863186721839,0.00560652843754714,0.0055740421049961,0.00667137796656739,0.00726793023577642,0.00943643287887082,0.0103211141949358,0.0123287747163418,0.0162609385724784,0.0196153622988682,0.0231524843987292,0.0258441290213383,0.0300779577828312,0.0341621199222396,0.0384309392121196,0.0445995329070023,0.050873842409881,0.0567335775889536,0.0615915979697343,0.0654525509843574,0.0699028107946899,0.0733067531348404,0.0772319615749669,0.0815701295599433,0.0835006057159202,0.0869139592077181
"258",0.0932230513878336,0.0954572216947911,0.0969312139888076,0.0988363094776756,0.100572356125012,0.10190420590625,0.104056362861772,0.106173394443199,0.108954198436303,0.111064212626829,0.112784597784677,0.115572525057693,0.117700461174639,0.120155554899114,0.121306746156318,0.12246673928315,0.12437899354705,0.125448380009697,0.126219908913102,0.126674703351706,0.127477914809384,0.128198751020059,0.129079248556362,0.12934584695786,0.129385403816472,0.129357014258529,0.128785961011471,0.128242253076472,0.128156492774639,0.127568063950808,0.127462785602302,0.127716151656317,0.127802015006592,0.126957530532083,0.126147121464753,0.12609360432279,0.125695497382258
"259",0.164051200352794,0.159480369263681,0.155535226843685,0.151062582339859,0.145401840362484,0.140713342554378,0.135703627352152,0.130929443569376,0.126574771315833,0.120880868274038,0.116338793331161,0.111082488318914,0.10381572524977,0.0960724565880198,0.0884191694017625,0.080469129948313,0.0706027370973481,0.0653237191259574,0.0613793817619992,0.0609216610587922,0.0623859246901883,0.0622639914974568,0.061452453442289,0.0593898925399901,0.0566768320121503,0.0521141800170355,0.0498025990861638,0.0488124855575977,0.0481992714782849,0.0506146730501243,0.0505816570338318,0.0500615653952235,0.0471623436780275,0.0511187574043947,0.0569555516650039,0.0584304921509441,0.0602626528667425
"260",0.177817938060656,0.174742783124482,0.171562771260652,0.168874726467627,0.166540871576991,0.164532476041616,0.162649350331023,0.161711702508035,0.162735242329453,0.161884742266236,0.162270217488874,0.163592106748269,0.163554182851779,0.164368873608327,0.164269750553883,0.164137604256501,0.165235993418866,0.168081905189175,0.170879484284125,0.174515832204376,0.179209395985395,0.182389180817426,0.18574427465053,0.187299361327966,0.187811733083195,0.187744626761196,0.187017293702312,0.187190058681434,0.187510017462707,0.188064736816441,0.188401358710364,0.1901872713486,0.190611696831514,0.192696545623714,0.194815775612825,0.197310508831737,0.199269577108602
"261",0.0907041182055933,0.0961520578305626,0.0980311488386425,0.102312507484538,0.109073353504123,0.113378734792717,0.118487090958373,0.124153315377713,0.132075783961916,0.137492932031036,0.142870567288376,0.149838965038478,0.155324198685648,0.160873030954804,0.164682849136206,0.168208611075407,0.173629121436829,0.178402177244249,0.182528070917755,0.186224852799473,0.190617233303141,0.19376347546853,0.197264274157561,0.199041021576968,0.199833569849919,0.20033113009496,0.199266007206097,0.198854039508906,0.198645696115524,0.198184519305441,0.198138204991204,0.199441047413446,0.199994582738212,0.200488996187663,0.200589906432551,0.202334145931693,0.203138008443594
"262",0.39740012084663,0.398914825433138,0.401086830131856,0.403416633330063,0.407654104437446,0.410066129660835,0.413348222975405,0.415377634829947,0.417003407048438,0.414855532206407,0.413614210406045,0.412810441725828,0.412844510675101,0.409487127973088,0.4080975639242,0.409066023379909,0.413357555065786,0.41482231096869,0.414626219810952,0.414111619078972,0.412407084022901,0.410030698086218,0.407569817139134,0.404585313000149,0.404091078600936,0.402044414712262,0.397631408123327,0.394213947230221,0.394128064404366,0.395143654421557,0.396411841175557,0.39512825514775,0.394419918781584,0.394427981643365,0.395347816945409,0.396046495566336,0.39324166986872
"263",0.166615965138862,0.167754252913513,0.167751794075774,0.169152704096738,0.171989124486667,0.173920067194736,0.176155973087074,0.179385247340179,0.184404627741144,0.187127086986944,0.190123850157526,0.194508931998539,0.197909074820343,0.202714935778506,0.205386469345037,0.207733207050106,0.211228866572732,0.214848087497779,0.21763638221856,0.220893068526247,0.224496170120454,0.227393906366293,0.230564077468159,0.232426364263083,0.233968762258601,0.23508083078887,0.23570027988889,0.23698562013113,0.238886838011706,0.240274846709407,0.241676389260157,0.244463297739541,0.246054534838741,0.248807583163717,0.251407096817194,0.254369648180966,0.256639650577345
"264",0.0934838198972757,0.0909782200729051,0.0874104745554506,0.0836632918149536,0.0802339936064914,0.0765698661603049,0.0728351990823582,0.0697821409588964,0.0679436975550542,0.0642376033278223,0.0625038089034728,0.0608587173562536,0.0575918020392008,0.0530302691443991,0.0503799122446151,0.0479827965745237,0.0478221474680749,0.0491553900528357,0.0520929455128191,0.0561856193015591,0.061528232775768,0.0646578832979632,0.067381937038544,0.0689218125107273,0.0688322540733734,0.0682025670973219,0.066699754500662,0.0662597069326042,0.0654278207860916,0.066038007350702,0.0659900473257943,0.0662285905608894,0.0655830942783448,0.066397906256424,0.0679212303896494,0.068645862133595,0.0691573545861271
"265",0.3646279301938,0.361692629809688,0.358056722328955,0.354448657820057,0.35342309745456,0.350723796763831,0.346920974770328,0.344258335626964,0.343561936423876,0.337366474662851,0.33485383198396,0.332591406866217,0.328997649247163,0.326072307603837,0.324432618770238,0.323084789093626,0.32449787767899,0.329298128339445,0.334254236328716,0.34269874209307,0.351275063946701,0.356773611021201,0.361590568963573,0.364626382350057,0.367533793147165,0.36880542622687,0.368885167764706,0.370890431113197,0.374262078935917,0.379050208883459,0.382662984332196,0.385667742492238,0.387370065862,0.392149999293008,0.397472053626823,0.400881585247854,0.401079277475002
"266",0.275078197012238,0.275302739894005,0.27755161574882,0.280104242238895,0.281639941441744,0.283878592034029,0.28703732639252,0.289396856788019,0.291896194114111,0.293407927790391,0.293912836824937,0.295404563452491,0.297062224724058,0.299215372093659,0.299068414496245,0.299747836809663,0.300409574148164,0.300792401619333,0.299129521520825,0.297034958480964,0.294430722187515,0.292308423108752,0.290633577243945,0.288040939636096,0.287106985744962,0.285456259596301,0.283263940837493,0.28093833400099,0.280739260714384,0.279746260400152,0.279523586674136,0.278911218564389,0.278283966357316,0.277346445853308,0.276343410579875,0.276596762560656,0.275183167351112
"267",0.216700738646763,0.218206876348716,0.219189116201646,0.221468692206925,0.225132282680241,0.227837633805285,0.230624057254366,0.234335324879738,0.239336193548277,0.241704093475246,0.244158638029132,0.247918724257721,0.251136570933324,0.256118429132429,0.258717287085856,0.261111626823021,0.264530392927196,0.267747272824374,0.269753891317223,0.272589564040918,0.275230322852251,0.277638378015341,0.280243768142221,0.282002182585952,0.284233763437571,0.285875134798645,0.287306846997835,0.289359973181229,0.292544370891181,0.295143532441781,0.297596186945695,0.300855177849558,0.302967975535865,0.306541244008491,0.310124372957945,0.313390039031729,0.315405728492977
"268",0.184166587504257,0.184433229934218,0.1844333197161,0.185645564333913,0.187443673591473,0.18908293636878,0.191359503912546,0.194137063144026,0.198668302717201,0.201460928825135,0.204210609354823,0.208343518883146,0.211545437180159,0.21573130486459,0.217691507706839,0.21965333568245,0.222628553202094,0.226040743819773,0.228461801136894,0.230985950309933,0.234076565074336,0.236300812557021,0.238935860776876,0.239924959774447,0.240564444008794,0.240676690177979,0.239638115317187,0.239272234920814,0.239609722684408,0.239701125127991,0.24005772850975,0.2415611837388,0.242160418781673,0.243472501122048,0.244563494463551,0.246794922772545,0.247914716127952
"269",0.441412058926936,0.446745598818985,0.451522113077865,0.456694957789138,0.466132347372923,0.47137257979623,0.477865893456598,0.48257892189678,0.486247024962776,0.483899051302083,0.483335680368869,0.483100164017579,0.484444983587277,0.478177304890747,0.477825060407626,0.481212827370411,0.492455226487838,0.496222141902443,0.499094341440468,0.500835871497865,0.500239543321283,0.497884618675826,0.494714179388553,0.492098046719798,0.492725335404042,0.491404740460572,0.484539404766574,0.479579483535797,0.479107514837204,0.481515436337616,0.484239598286044,0.481159752724423,0.480412734278567,0.478721396869246,0.478818686684672,0.477858128337672,0.471191011069581
"270",0.102288399886844,0.102803141718969,0.10304250196301,0.103536402659571,0.103467044164126,0.103560489089381,0.10456294730257,0.105425483709436,0.107060916413747,0.108299913233047,0.109318837139365,0.111280527029507,0.112474282010926,0.113539045602835,0.113617569568513,0.113955194415094,0.115059991431201,0.115811929553726,0.116414560006024,0.116517938643433,0.117299170184726,0.117615116191125,0.118112613999464,0.117602078997369,0.116577931393912,0.115312963709834,0.11270502789204,0.110061141752112,0.107717806287406,0.105445143918244,0.103800348299894,0.101795213566935,0.100011444358725,0.0966030515936494,0.0932005657414877,0.0913918549670553,0.08819282913946
"271",0.276455735722173,0.276250858537563,0.276218913426032,0.277463643803068,0.280167767920261,0.282281241391396,0.284802100912356,0.287877432804686,0.29260787864207,0.294357321755616,0.296566652509333,0.30003914117723,0.302992987736344,0.306207521087764,0.308016568209691,0.310370589017397,0.314817301170774,0.31901222571538,0.321938904208817,0.325259548679891,0.328575875991544,0.330695395596319,0.333003150536855,0.333861095687329,0.335154185650392,0.335461612182961,0.333852548426356,0.333395047004943,0.334542080836812,0.33610257984511,0.337706601495926,0.339274431054028,0.340221388484678,0.342386690116723,0.344726171904138,0.347328203550097,0.347561615418189
"272",0.231554107321411,0.227756035020974,0.225168548301894,0.222483834140767,0.21903909314719,0.216534945942714,0.213871958330492,0.211618946919073,0.209993414282529,0.206967369435401,0.204491366888702,0.202224392650512,0.199022966839069,0.197849747291235,0.19484909129862,0.191657514406672,0.186955303147043,0.1848695566329,0.182187430082057,0.18171586900131,0.181651277556408,0.181940988947121,0.182176012960305,0.181962191057973,0.182498145646603,0.182299900668885,0.18479253988383,0.187603999290405,0.19130449509989,0.194448657720909,0.19664792564275,0.200005851489509,0.201462241458257,0.206172261140279,0.211330747621218,0.2145976796862,0.218305264745116
"273",0.100345624778757,0.0999738094951024,0.0988262744144899,0.0977692321444569,0.0969422160166005,0.0957817303454067,0.0948329378050228,0.0944784258019244,0.094779367467731,0.0937823989490965,0.0934584071359572,0.0936925536739607,0.0930889199473825,0.0929649890545789,0.0927127904056125,0.0923286385299757,0.0928753472590575,0.0930312265435111,0.093620660489394,0.0950272669007092,0.0966868365748502,0.09821605411372,0.0995199669642415,0.100793821192013,0.101855863789454,0.102798194635434,0.104510869486457,0.106502797629087,0.108774721871132,0.110626109190522,0.112169753399338,0.114383571858249,0.115744822594345,0.117775034984038,0.120208420610619,0.121629758433986,0.123670300549555
"274",0.347311190065717,0.352658347802015,0.359738288778469,0.366882274998611,0.374266551865977,0.380328158956108,0.387514313613384,0.392943296572258,0.397149071503323,0.398552883854896,0.399092440982781,0.400405934067701,0.40300807525673,0.402870777290062,0.403314971886295,0.405863617886695,0.411457941487215,0.412535064974463,0.411364307735789,0.409069400635775,0.404403536516317,0.400487421255639,0.396510332453722,0.393170337896468,0.393526079044974,0.392955674641761,0.391059892720999,0.389209309343098,0.391008894918904,0.392546293367019,0.394806709007193,0.394354766346104,0.394939930805681,0.394792612761754,0.395390038637514,0.395721005410223,0.393064916284648
"275",0.339261464536157,0.337991568400425,0.338258936330021,0.338579270080619,0.338994614058846,0.339401958219789,0.34034213420194,0.340591991043901,0.340894559550894,0.339110232896867,0.337522899596959,0.336428284283044,0.335516842184057,0.334403144787806,0.332354553255449,0.331480441876092,0.33068329867959,0.330168970706592,0.32771015059033,0.325594023925124,0.323004991831699,0.320617614300045,0.318468062131118,0.315377352619743,0.314258739895351,0.311946065399023,0.309794750134106,0.307894506943639,0.308454299167879,0.308911116830375,0.309466816045653,0.309392291296564,0.308770129852677,0.309879881647895,0.31152852373005,0.312953498195032,0.312680608113637
"276",0.159520219328987,0.162729301830712,0.16477410989519,0.168235055408542,0.172589899454452,0.175937340374487,0.179806085525429,0.184145277930126,0.189894754130767,0.193725846124023,0.19715968913125,0.202038946481287,0.206099853784526,0.21142310532831,0.214221484370439,0.216796532221614,0.22028820622408,0.223588528960932,0.225820412615485,0.228198325560662,0.230829238046263,0.233025281404066,0.235587558338776,0.236918178528993,0.23815885124976,0.2390107093078,0.239200456402259,0.239917702996279,0.241409974505044,0.242285070952509,0.243384229661758,0.245687695126339,0.247036525390463,0.249089636680192,0.250944229710757,0.253493752326099,0.255238175743872
"277",0.0854705330091695,0.0887891227191452,0.0915418778666832,0.0941680201870271,0.0962839595288906,0.0978030353212259,0.0997498028512806,0.101704261652894,0.103262690872207,0.104304237314157,0.104635230302412,0.105681047302672,0.106597468413102,0.108898020998839,0.109670550290768,0.110127043764271,0.110298087368573,0.108758524029096,0.106761897291853,0.105085403223928,0.102510247049349,0.101593851385081,0.100402462179643,0.100596586804689,0.10223513501595,0.104146281878571,0.108300610478074,0.111789043652584,0.116140401803184,0.118723924514016,0.121257798455959,0.124187039114789,0.126552377191366,0.128783599216448,0.131373331938926,0.132587595719705,0.134964811708801
"278",0.0737228390010298,0.0768081304891301,0.0771565878183849,0.0786424440012389,0.082383082912689,0.0840483761239189,0.085900706025484,0.0889053666436229,0.0932903098855715,0.0953082842750517,0.0980968084377892,0.102062935158471,0.105023744972212,0.10858062217037,0.111558086574447,0.114021354631158,0.118335149014027,0.121346980914466,0.124455526748454,0.12792843992434,0.131605550322694,0.134752265306765,0.137852505431979,0.140416128924748,0.142312968829257,0.14416431117711,0.146084391890004,0.148430180498116,0.150873279378121,0.152602849225791,0.154247056388043,0.157242978682244,0.159194566592615,0.161653280020641,0.164103320522908,0.166365153882854,0.168958759265357
"279",0.255817226138234,0.254219327572131,0.253659023457056,0.253209514136088,0.252943745558497,0.252726192050307,0.252076063440655,0.252207093893212,0.252373301326372,0.250372790265287,0.24862012837466,0.247264857040702,0.245807542938806,0.24790216805072,0.247552533922883,0.246662458689635,0.244355833832577,0.242512336828837,0.239248469390133,0.23880493346954,0.236944025177673,0.237453447496357,0.237688075460739,0.239576604086853,0.243937553168721,0.247846916038679,0.25598957598304,0.263317664820732,0.271486048904014,0.277494925827204,0.282368831127774,0.288146085422917,0.29193294250535,0.298374205433236,0.304917867363729,0.309077908194354,0.31297581064337
"280",0.000856888272356,0.0011076634005903,0.00113911634194018,0.00115073615998402,0.00131828144461511,0.00126181422971207,0.00123812538228429,0.00125135807487639,0.00125433994554467,0.00107696172900735,0.00103091717404361,0.00100125384621905,0.000924573192263389,0.000711206330293262,0.000711222823085324,0.00072824018004543,0.000978682832213991,0.000971224103713289,0.00111204330207666,0.001303650815711,0.00147744288178893,0.0016267808042772,0.0016698473326736,0.00188038367691472,0.0020804188535018,0.00231557156859778,0.0025651957644067,0.00286939863544266,0.00323006103797419,0.00366815626386565,0.00407536967598334,0.00421858060038284,0.00446453466215068,0.0044067092509393,0.00457612999313709,0.00432140425903747,0.00419877981225665
"281",0.044000378952609,0.0458187221067762,0.0470709909743169,0.0477197337195978,0.0478510000038056,0.0474461822741878,0.0473253557975872,0.0470662941367364,0.0458027415151257,0.0442027746451759,0.0423565168832375,0.040381760865417,0.0383758334455645,0.0365944422767009,0.0350739366943752,0.0335027406867752,0.0313883740954583,0.0271273562436012,0.0229439435411624,0.0193973754048405,0.0145427950127476,0.0118303540785084,0.008678773998105,0.00766380253465255,0.0085699202490611,0.0096844233364608,0.014094678493054,0.0178701039696815,0.0227751973743277,0.0263742321788286,0.0294787027906312,0.0316710396568274,0.0337904501491556,0.0357930930581811,0.0386863871858329,0.0385775682264789,0.0400718454187564
"282",0.0108495812538444,0.0140868649785147,0.0162634614911634,0.0187386479150313,0.0220289729613539,0.0239192891880367,0.0263029436197715,0.0287205864537653,0.031041266981455,0.0325159573730229,0.0339048929254942,0.0359456446368764,0.0377677016908949,0.038932269863673,0.0405434849487222,0.042140242317925,0.0453575961877969,0.045717189797965,0.0465460819809964,0.04703369255273,0.0471720117991809,0.0476595548454488,0.0478166189966343,0.0487564422194743,0.0498177832360449,0.0511588352206512,0.0525692543262534,0.0538548149211564,0.0555005650833172,0.0565522601283234,0.0578229128359109,0.0587958285585571,0.0599859935590077,0.0597729591255575,0.0599780624252263,0.0595468322925337,0.0596185496885659
"283",0.0803952114330024,0.0803360354790195,0.079607435967203,0.0790879012372027,0.0782480856760189,0.0774664660346504,0.0776782954485839,0.0777224915343498,0.0788216477866808,0.0794674151229614,0.0803820314394492,0.082145074253606,0.0829089253281124,0.0823520988359406,0.0818961869700827,0.0820018105154516,0.0837586474746097,0.0851604677705862,0.0869207968242046,0.0878383662343289,0.0898848540164889,0.0906275399262959,0.0915061562261729,0.0909150038857619,0.0890829144319028,0.0868550656123326,0.0818284177742382,0.0767987781020482,0.0714461390689398,0.0670912114815253,0.0634205421209562,0.0585021595296567,0.0542247917027534,0.0474429221439107,0.0405375085623888,0.0368330779562686,0.0301883630699622
"284",0.122785401858708,0.118504600409152,0.113014818543611,0.107240655834519,0.102219756174052,0.096805284034855,0.090466480392934,0.0854732099663843,0.0822734707750535,0.0756404706784811,0.0724374003336214,0.0688826331925884,0.0626993350333049,0.0554932336611734,0.0514819497819901,0.0471735141708416,0.0461326071030174,0.0492835635261835,0.0551304976975735,0.0640450168035104,0.0740421383191902,0.0803479964129809,0.0857777803874507,0.0896470651480155,0.0912526258809334,0.0921565584413211,0.0933059119474373,0.0960781583996899,0.0980884745224165,0.101295392947295,0.103079597884777,0.106339649273158,0.107606134765101,0.111993662628065,0.116868032272191,0.119908211624875,0.123479794925494
"285",0.165557382220068,0.167956435847621,0.169807254929812,0.172688936939815,0.175989476498751,0.178692614810837,0.181859922575351,0.185440802013082,0.190089896785886,0.19313568456114,0.195726414998092,0.199645412796815,0.202937093848873,0.207801106196426,0.210085478563903,0.212134928542261,0.214696147488302,0.217116048873733,0.21845958083943,0.220114599853775,0.221875451892295,0.223601931692541,0.225663204713449,0.22681424493844,0.22814422189262,0.229148918017637,0.230048562256781,0.231307578313346,0.233399897974022,0.234651313503543,0.236057972524469,0.238655573523361,0.240243819707351,0.242635704187733,0.244895792368997,0.247491973079291,0.249562100916113
"286",0.225322919335448,0.223634742486595,0.222368278933999,0.221877125689022,0.221834964279827,0.221983882775054,0.222381444371487,0.223491189254257,0.226121397385683,0.226790503354594,0.227883243360517,0.230093074117548,0.231534675361296,0.234484873595163,0.235405977363482,0.236333462597474,0.237925473471091,0.240512410992569,0.242142645525629,0.244576845278564,0.247414258221243,0.249606198128278,0.252090819150618,0.253205551421502,0.254318499840089,0.254792637435293,0.254918685769872,0.255773205020992,0.257516866632701,0.258966246260413,0.260316871850597,0.26280617682511,0.264057198764868,0.266935889416216,0.269797202465024,0.272791887693099,0.274845071714676
"287",0.244907517048031,0.242954548103158,0.241994562626345,0.241682256538442,0.24125502245328,0.241428750361199,0.242135124449447,0.243061975066106,0.245364544026844,0.246121546753237,0.246990051523863,0.24895226270281,0.250262372793727,0.252539678785471,0.252759201061205,0.253343424257819,0.254459647271591,0.256723990003009,0.257809362395019,0.2592522543594,0.261259071165957,0.262498868848501,0.264172289355205,0.264142251772084,0.264167245889356,0.26341402635193,0.261584207046516,0.260448766446277,0.2603724869748,0.260293542885067,0.260402789445151,0.261287809007749,0.261280226936898,0.262424477504711,0.26351355876641,0.265594816937412,0.266242210320032
"288",0.0118008522259705,0.0193172295183237,0.0267090498828407,0.0340241145563458,0.0405633973773616,0.0454254831986311,0.0510240230154882,0.0556618708360029,0.0590658760552131,0.0625128181088224,0.0643183678295373,0.0669853578541219,0.0698995120028,0.0730934477525136,0.0750415303858537,0.0768371510294945,0.0788433774232277,0.077435881153274,0.0755964133365403,0.0729332473271082,0.0689888900387474,0.0668769953125719,0.0644374285334658,0.0637531874842201,0.0647543530004769,0.0663456917131864,0.0692424678538336,0.0711183916167353,0.0740956785993236,0.0752352568786901,0.076999451199656,0.0781788930438731,0.0799167111421867,0.0793887994375352,0.0792262608619268,0.0783017776045273,0.0782936422935801
"289",0.297150456756559,0.295366070482374,0.294259106855249,0.293922428030075,0.29451827675203,0.295001743348626,0.295843577418416,0.29704801001714,0.299783968770917,0.299829136776826,0.300632561524499,0.302486213956042,0.303826930215926,0.305412185333532,0.305855915757545,0.307000189705915,0.309815373853734,0.313238362398286,0.315472866113914,0.31830285293097,0.321401198334912,0.323210809019454,0.325254892420669,0.325636515410917,0.326360150443903,0.326005484498787,0.323902730332099,0.322977057956201,0.323588097703709,0.324747657928728,0.325880940039373,0.327139312683759,0.327622312203375,0.329696916951882,0.331960175284833,0.334564502630523,0.334917839414506
"290",0.201510700063595,0.198298362771913,0.196494470341152,0.194793029737336,0.191636721317089,0.18995572662473,0.189018100067956,0.187821962121593,0.187675504101733,0.187282920538268,0.186748330333649,0.186993492285714,0.186328980181083,0.186070387170445,0.183848786196667,0.182158924421456,0.180005136259968,0.180018328114254,0.179261363403076,0.178223404042884,0.178525907627535,0.177833283434986,0.177646349491848,0.175085667285375,0.171821932469999,0.167495738558369,0.160596528339156,0.153260129599062,0.145850096157337,0.139222447428003,0.133084178291811,0.124915078267368,0.116454392325841,0.105347257945287,0.0927751774589434,0.0851953874670311,0.0695441687490038
"291",0.0831870240655388,0.0860912466806096,0.0893154547744333,0.0923380292808029,0.0935710678400688,0.095193543710376,0.0980798113388468,0.0999794966713989,0.101691748155248,0.104023122519097,0.104990063296727,0.106864433655075,0.10846709858326,0.109973532815204,0.109834696550212,0.110073042128889,0.110145722271272,0.108978723174125,0.107148278043221,0.103992805855476,0.100764137041725,0.0980513164821392,0.0954019524677202,0.0923464642425692,0.0898423177816171,0.087234201901775,0.0831996486982472,0.0779477105089184,0.073656511884602,0.0687185697241006,0.0652700494603577,0.0592450193761448,0.0550208460929519,0.0456547782301662,0.0358998564195093,0.029239516277605,0.0200937889032737
"292",0.34257454072872,0.340682951669092,0.339310550163011,0.338147756776782,0.338376127454835,0.337828378714316,0.337077893980079,0.336670163804854,0.337038325784269,0.333878110221457,0.332209868570625,0.331001802116031,0.329522910533239,0.328693082995102,0.327528667381486,0.327017891777841,0.327594699401852,0.329123006673815,0.329593615929197,0.332132580994718,0.334427698565171,0.336122627424112,0.337713026142703,0.338552396898948,0.340554396140764,0.341330189797855,0.342188251217329,0.344064823373873,0.347684211989123,0.351630906866613,0.354843988238967,0.357701154927695,0.35941276576897,0.363695703098238,0.368458581030114,0.371666739588157,0.372560998131414
"293",0.378154776024914,0.379980719010939,0.381929853589641,0.384631656445503,0.39003672352994,0.39331128752549,0.397236576594922,0.400686896211074,0.404497017707334,0.403803770593581,0.404270764911039,0.405509053582866,0.407298301871326,0.405972343728258,0.406521821373774,0.409132183133133,0.41636056221372,0.420264802393684,0.422978464215005,0.425694575049493,0.427275973594032,0.427437908094757,0.427287528401877,0.426665807388509,0.427945392627443,0.427690417462619,0.423877619152538,0.421642045936654,0.422484114580357,0.425006959534023,0.427571886175028,0.427179741316292,0.427518794612651,0.428283628336707,0.430063090294754,0.431114472272888,0.427907051850172
"294",0.0398536671467126,0.0404121646070529,0.0393445244747237,0.0386265723033446,0.0386356710731078,0.0379141542168028,0.0380039336419521,0.0382086775119266,0.0397396180658579,0.0402430598626839,0.0416715010465068,0.0438766377967841,0.0449972615287383,0.0439606051847811,0.0442685136865391,0.0451466763123271,0.0488415503565321,0.0515021126351116,0.055012401158625,0.0576467141096975,0.0613544006709615,0.0632635640165718,0.0651150248260944,0.0656838701796296,0.0646505669379229,0.0633693062438081,0.0592359707307076,0.0555011506442021,0.0512796510280081,0.0482814676917478,0.0457738350841229,0.0425363626751966,0.0398220624210373,0.0353227870158092,0.0309775702872914,0.0288351282733574,0.0248582901518731
"295",0.0251294547006788,0.0260914781535019,0.0255822133141908,0.0250330511446229,0.0252274787632471,0.0244383061415287,0.023888878145893,0.0236456727931484,0.023734816960057,0.0227231669802755,0.0225690219502449,0.022657046991876,0.0221762868469959,0.0206890985743214,0.0205496374148213,0.0205692699637136,0.0223147087212361,0.0227973651176425,0.0241983298542054,0.025803507981988,0.0276140652497514,0.0288617192842879,0.0297076399043925,0.0307515250972467,0.0312895947839267,0.0318137866248052,0.0319927021576592,0.0324991507003039,0.033050961089691,0.0339311363497799,0.0346746204105693,0.0350457369635617,0.0354328731967396,0.0353321704918116,0.0357919204459575,0.0354485700827408,0.0353083806474666
"296",0.349021679372311,0.34850515476554,0.348959296833577,0.349932425762475,0.351920858507797,0.353355285660128,0.355579573832797,0.357211688682485,0.359618553809437,0.359140035519049,0.359266054810962,0.360241809762999,0.361292070207856,0.360624287234253,0.360099278863251,0.361208482819597,0.364818936094495,0.367696439548229,0.369123598341434,0.370402146002606,0.37158895129507,0.371408799114381,0.371445285505597,0.369895949437385,0.369375944248646,0.367447356866681,0.362508001462918,0.358775354955427,0.357333702558418,0.356992895089156,0.356978175902541,0.35580130657252,0.354657886548457,0.354305016961765,0.354294472588795,0.35544017590799,0.353312250146319
"297",0.284951722117023,0.282747445095696,0.281331323321128,0.280598642436934,0.280479137329512,0.280509693015502,0.280875057561682,0.281624247838424,0.28391420830602,0.28381778205144,0.284415104769573,0.286040841106575,0.287057604431568,0.288650990805004,0.288837257813039,0.289589497434704,0.291588575402099,0.294639707542912,0.296545112067536,0.299112843224204,0.302112455461027,0.303919058880417,0.306019439424884,0.306380710691731,0.306929105564496,0.306468982653318,0.304577074588849,0.303760957070679,0.304284894454817,0.305210723390163,0.306100775526874,0.307446431000827,0.307855244993432,0.30996487686544,0.312192768453701,0.314860845448213,0.315597172877121
"298",0.509774500178341,0.518813911051162,0.525586512121077,0.532312765835408,0.545721318371683,0.552064863553335,0.560562934292153,0.565656094939034,0.568586420773757,0.563488374682142,0.561644615208887,0.559584763805141,0.559940417283212,0.546238190270734,0.544218612935513,0.548160907519957,0.564426924921902,0.568939836578412,0.573397981824623,0.574926251257329,0.573548297160247,0.568622767640756,0.562341424436418,0.556647767784042,0.554629435155033,0.549805752470625,0.535295562778937,0.523426293425276,0.517270143064216,0.515836554874705,0.515296111221104,0.50618712886426,0.501166251784844,0.493315523621929,0.487336374122957,0.482884324485673,0.470689663043692
"299",0.300169392274283,0.296980756788097,0.295595668616576,0.293862005809029,0.291291703629045,0.289460371637044,0.287500466338008,0.285306628132144,0.282795347539302,0.278787422498406,0.274869990391399,0.270730292529959,0.2662025694487,0.263871633830979,0.25920932959639,0.2545105386346,0.246068374342233,0.239721004928437,0.230931540250841,0.224353676477827,0.216093019874907,0.210394185170637,0.2037593187017,0.198558870158171,0.198204699189476,0.196785770643236,0.204390163619296,0.210455649766872,0.218814156920597,0.224882252586899,0.229177306338733,0.233713913462456,0.235962710462769,0.242973200462908,0.250790109211959,0.254397134664158,0.259063641584079
"300",0.0723484341177459,0.0819831574726206,0.0897608301270852,0.097666474142381,0.104674483673897,0.110041051899093,0.116102247437175,0.121490098750181,0.126675945353262,0.131286531575208,0.134313189160755,0.138629801621065,0.142675335981621,0.147883416638213,0.150490038218248,0.152791162586587,0.155167303489688,0.155950401834797,0.155781215568099,0.155202519393098,0.154262545120218,0.154260122981266,0.154482660074401,0.15477812957249,0.155738367471358,0.156864782299134,0.158394959629607,0.159578433515016,0.161620874919259,0.162168888994221,0.163292665486588,0.165110010088457,0.166621383321292,0.16723533368539,0.16774705321455,0.1686439347073,0.169741841964976
"301",0.250146162354085,0.249354369211689,0.250923251457175,0.252496362631994,0.252267060918188,0.253363307142242,0.255369415575138,0.256524981055968,0.257620643574894,0.258556884027801,0.258225183972453,0.258723833834216,0.259299071414816,0.261034239494033,0.259851667814422,0.259267605111641,0.257329546549423,0.255799327872035,0.252084123158165,0.247725722265556,0.242736232667486,0.238758087798646,0.23510107241929,0.230590199956243,0.228067348394877,0.224900687172741,0.222150776203844,0.218305830931082,0.216725409418788,0.213724981760537,0.211849989484432,0.208704053294103,0.206026313392079,0.201462810432507,0.196622935068991,0.193234178364336,0.187844731549372
"302",0.217257559595819,0.216562611469995,0.217053906856675,0.218506441044326,0.219059642237281,0.220659675349564,0.223623638471336,0.226019314486438,0.230072718409586,0.233417578591347,0.23599999944422,0.239987122247053,0.243170905300511,0.246236954025348,0.246957184984445,0.248391923909871,0.250708390707555,0.253859296886287,0.25563133109337,0.256512608442054,0.258394477143656,0.25896779211701,0.260262665180232,0.259022235183329,0.257253479529347,0.254611733442015,0.248584197099233,0.242795590872348,0.237462922040215,0.232330123457588,0.228188162384375,0.223702338022086,0.219318085211817,0.212265371671398,0.203271412625686,0.19999262823212,0.191142182721319
"303",0.296616723909174,0.293672928231654,0.292470848247146,0.291234012817798,0.289244942591891,0.2881075103517,0.287307303859326,0.286152018526643,0.285398432512612,0.283332583722573,0.281363788891631,0.279826148401077,0.277925620386427,0.276985997186798,0.274102087565051,0.27182660386117,0.268275669449666,0.26676627745177,0.263602436818903,0.261170385559423,0.258992643431275,0.256944269774121,0.255199402623079,0.252055014621005,0.250117794474673,0.246995665588827,0.244622142763877,0.242324798852788,0.241845930075249,0.241337847505747,0.240742180537348,0.240045868858202,0.238314365272234,0.238917117920519,0.240123443816496,0.241107629723581,0.241005558933415
"304",0.371035770348364,0.370243597046032,0.369851268209724,0.369810765877345,0.371492672156069,0.372030786842124,0.373032818906432,0.373659201535523,0.375179406091819,0.373042667062765,0.372341310675659,0.372302972086336,0.372231244079181,0.370225822734273,0.369149058481281,0.369761178675501,0.373278563734835,0.376462341526313,0.37850637205552,0.38099018886069,0.383477163029803,0.384136330223577,0.384816837684522,0.383897099740237,0.38389678630979,0.382312813471323,0.377745056426009,0.374773880101801,0.374127397223752,0.375053623440252,0.375926360430769,0.375489284385117,0.374874559973915,0.375867944228763,0.377480763777952,0.37928047319164,0.37765492423446
"305",0.348161416521436,0.346475815297358,0.345773521059542,0.345167695192462,0.34531467726466,0.345042888555959,0.344995384004812,0.344647052691312,0.34475476735297,0.342050303763862,0.340278172209151,0.33895119308231,0.337537748786054,0.335958820355893,0.333953257707893,0.333015464766169,0.33274733744694,0.333334375292106,0.332478926388723,0.332754764150968,0.332966935736731,0.332683476131094,0.332545312550087,0.331280535600603,0.331360479793735,0.330137058394011,0.328636222575719,0.328041692975398,0.329523143008405,0.33147069881129,0.333069102724826,0.334320033062521,0.334645710581271,0.337464081426264,0.340824118131689,0.343411699137394,0.343944644024649
"306",0.34855315089176,0.347810132209682,0.348349961566127,0.349142618799531,0.350495029382732,0.351518150177089,0.353245515670216,0.354238622674561,0.35556160402987,0.354396441259102,0.353617638261177,0.353508490639487,0.353600507846435,0.352555482629309,0.351235663547844,0.351413442875148,0.352999432894484,0.354238624958322,0.353777646868291,0.353328170799095,0.352620729870358,0.351287254466018,0.350226168232084,0.347837462170426,0.346907586580729,0.344651938113711,0.34066974822577,0.337443084353653,0.336604805437548,0.33633298949145,0.336350661966387,0.33539339521844,0.334266507331502,0.334228611249254,0.334589453351066,0.335673880676291,0.334107074855779
"307",0.411955346296247,0.411277905859218,0.408520528957812,0.405413511379874,0.407217073259343,0.404921519396051,0.400188898005572,0.397326818907668,0.395229415268907,0.384315637297444,0.378737259635226,0.372231630692301,0.364388290823125,0.360159343165803,0.359029646451393,0.356704296638188,0.357010068678373,0.359847048759562,0.364011960838476,0.377242382427455,0.387584342084236,0.396279895117481,0.402600581247965,0.409748226976512,0.417974179862404,0.424010362961685,0.43044937031625,0.437254973373363,0.445248757548142,0.454192933124515,0.461160534952436,0.464474896734496,0.467337696454515,0.471947836646691,0.477655328851136,0.479383982080102,0.476041125853342
"308",0.176124973773925,0.179967373690636,0.182797050017876,0.187064129858217,0.192092357121596,0.196075702958276,0.200570951055477,0.205396445281544,0.211495893019205,0.215597299562753,0.219109618309583,0.224079319992864,0.2283553661626,0.233881930990346,0.236729994735606,0.2394452066208,0.243089986038933,0.246426178414091,0.248505275024824,0.250716514482835,0.253036828679017,0.254998698356704,0.25734090715644,0.258494654380907,0.259801376480296,0.26064871379861,0.260724754817849,0.261350586291187,0.262966860125123,0.263990943002715,0.265256992248608,0.267532356531403,0.268922707509507,0.271044996626548,0.272999192519123,0.275604327440235,0.277152230029491
"309",0.356474364928747,0.356573741090544,0.356803242371779,0.357952799397486,0.361416328766893,0.363474846038732,0.366134219248989,0.368726630181507,0.372602068490897,0.372407911277303,0.373468657337156,0.375498425174178,0.377486386384048,0.377199426116928,0.3778785936944,0.380235929761637,0.386639682940146,0.391382997616372,0.395020820693982,0.398714563653103,0.402043921587653,0.403331657215855,0.40449650089838,0.40430857488736,0.405100974044344,0.40438227678241,0.39987076812884,0.397104426454321,0.396841411023841,0.398270274251565,0.399784014156261,0.39942990476145,0.399345492690386,0.40008570602977,0.401500344334172,0.403048860672531,0.400715834343488
"310",0.212078416388499,0.207327227057868,0.203820124044798,0.19999029103354,0.194815029527918,0.190955036720513,0.187000972819122,0.183155692564802,0.179994573026961,0.175823776388171,0.172367995322167,0.1687732953397,0.163662567870446,0.159161421243818,0.153377031070805,0.147588805681304,0.139891592820839,0.136444480127296,0.133110735834705,0.131789382284539,0.132182240370997,0.131468334583964,0.130655601511295,0.127938388073087,0.124709609763224,0.119813019280157,0.115639041245559,0.112064598706999,0.10902114924277,0.108281226614205,0.106157372238496,0.103418306768625,0.0986282477199067,0.0992733364724083,0.101744973306574,0.102035158413524,0.101474789984139
"311",0.290036130720441,0.287118561871688,0.286216498657451,0.285172576979491,0.282967139429061,0.281853125634575,0.281154183704664,0.279921810264076,0.278806523902167,0.276789384602611,0.274523771784611,0.272601526296736,0.270406943204757,0.269321535348546,0.265950541509104,0.263154336925412,0.258326098248299,0.255429058659152,0.250533722526274,0.246011682705639,0.241330771197334,0.237291256530147,0.233383588707101,0.228232278114834,0.224930406094723,0.220324284249849,0.217344820147817,0.213662621085106,0.2123065900344,0.210568932192259,0.208915653447843,0.206107824177433,0.202562996670442,0.200901240752549,0.200211553281255,0.198851451752957,0.19633889095868
"312",0.393345963108198,0.393842339619919,0.395018082294918,0.39628627672208,0.399139216931766,0.400539617648859,0.402746815198156,0.403776655187192,0.404734548404917,0.402224270509023,0.400728157887638,0.399660199702596,0.399125478120149,0.395570477172596,0.393569879141396,0.393788217585758,0.396712288177018,0.398112299408907,0.397915772545465,0.397501015546631,0.396539372088536,0.394487552395441,0.392509067580474,0.389282428495737,0.387895835397581,0.384809922026128,0.379031513922572,0.374307124917245,0.372530966942383,0.372050951528438,0.371837224158047,0.369568836097854,0.367565061198336,0.366632084801156,0.36640340594573,0.366845136513078,0.363783339409642
"313",0.200210175866455,0.198665093425171,0.198375685437027,0.198492140800109,0.1974837533689,0.197591948636911,0.198580267321896,0.199327685216456,0.201103226043561,0.202427819912045,0.203223201226486,0.205091295381384,0.206308072441908,0.208343612553107,0.207994597880682,0.20802665594066,0.207919138253009,0.208925035703973,0.208798173887778,0.208378467366621,0.208711922650883,0.208582565654451,0.208988359145986,0.207618538126643,0.206128314330035,0.203994087794435,0.200380780463775,0.196789635247285,0.193922059788132,0.190931447833869,0.188634776132964,0.186346845441587,0.183849215978881,0.180415722322995,0.176519446237498,0.175238430064884,0.171613138757598
"314",0.326869459544597,0.328308869408454,0.331698636125356,0.335523610125023,0.339070987120779,0.342605894161343,0.347430427587206,0.350868842195973,0.354307362433541,0.355885876618095,0.356712542864313,0.358506263364131,0.360794318927105,0.361278570254372,0.361160472692192,0.362781765166274,0.366344585899919,0.368082293880998,0.367790463641351,0.366399470833888,0.364298186688772,0.36180702827178,0.359698285832318,0.356362622959008,0.35480600661334,0.352088970736454,0.346562761400903,0.341319359013753,0.338720595108055,0.336189874251949,0.334740887551368,0.331567087631817,0.329211578761774,0.325317609099173,0.321048317107296,0.31953968435587,0.314371687453466
"315",0.00352139810487873,0.00454190332368635,0.00472912939839147,0.00513839670019431,0.00640595678340238,0.00684754745538895,0.00750946426750406,0.00845520814127791,0.00985971479229723,0.0103573937429856,0.0114143581885773,0.0129257531496702,0.0140660288439007,0.0141199921175691,0.0152926404902955,0.0165921688111118,0.0200878627115232,0.0216482374263826,0.0240462158558532,0.0261756866330462,0.0284463158803585,0.0300662626253512,0.0313468762647237,0.0327690537111421,0.0335030339196811,0.034359625168708,0.0343072081100513,0.0345503481653642,0.0347494480736393,0.0351587039847374,0.0356946486052933,0.0358894578472534,0.0363313009465729,0.0355733469956828,0.035211337636673,0.034619524242224,0.0340567109037445
"316",0.176220404285301,0.17493813628843,0.174080974703259,0.17376244952876,0.173114967272373,0.172995773534246,0.173448533866097,0.174213958737687,0.17623522470498,0.177221478785032,0.178213047924082,0.180276492905335,0.181511580347863,0.183842823041613,0.184203543315394,0.184623673028935,0.185375622139654,0.186995073035958,0.187899698579531,0.189055725934833,0.19088338673009,0.192201498365308,0.193874494615164,0.194166345623983,0.194167250062773,0.193718314953669,0.192704083499452,0.192091517928541,0.192066887256132,0.191768998434386,0.191696760334198,0.192583597906537,0.19263723313361,0.193272237703645,0.193856504760432,0.195309227223015,0.196067026715991
"317",0.30475869096775,0.302685546580022,0.30245281608666,0.302265315263797,0.301435952856978,0.301295045203864,0.301674224070353,0.301522196173166,0.301594726248853,0.300317277716249,0.298883577674561,0.298012763978115,0.297078374605736,0.296825684869747,0.294708300837814,0.29338874625436,0.291257842815632,0.290206793669316,0.287245004961292,0.284596906674237,0.281757461839007,0.279292427038077,0.277146938171738,0.273882927151882,0.272262937108686,0.269592027819471,0.267443037246832,0.265239047068852,0.265162737839705,0.264697641091307,0.264443406829382,0.263875688654809,0.262664573610176,0.26292688014222,0.263618581418464,0.264421020591517,0.263959410474597
"318",0.275834651393359,0.273241234081032,0.272163301384899,0.271303850205642,0.269922456706024,0.269330429617794,0.269124690642832,0.268845982444199,0.269332221568802,0.268416810660746,0.267598163023741,0.267505537948979,0.2669937537011,0.267594460415271,0.266187752379997,0.265271823119057,0.26394108652606,0.264177738612038,0.263016131232985,0.262532836875907,0.262394287229771,0.262090653706278,0.262166262156865,0.260870877157316,0.260301091998504,0.258829513781915,0.257344857191609,0.256284715021728,0.256665309887751,0.256906158010781,0.257164937112288,0.257902483132797,0.257645054327057,0.259138364364794,0.260861695278318,0.262809147900958,0.263628078240915
"319",0.313712685902947,0.311752280210562,0.31116376428702,0.310985257059699,0.310835669679541,0.311065984847466,0.312002376191795,0.312529573715652,0.31406955056959,0.313691042344575,0.313603808049603,0.314400730525234,0.314907529215532,0.315004655708355,0.3139795876743,0.314088176086067,0.315225462726587,0.317248494243708,0.317800581866925,0.318351976539386,0.319388036466538,0.319276146626213,0.319619649748546,0.317925142115103,0.316692954851875,0.31420278826319,0.309381520772595,0.305369903214707,0.302964504471315,0.301240569622473,0.299886772195751,0.298224085487785,0.296143832612648,0.294887547591835,0.29359425829325,0.294309346056069,0.292159955394981
"320",0.368538847594788,0.371638858879514,0.375934925692473,0.380620363137895,0.386620974377578,0.391080481459348,0.396570667659773,0.400733866398229,0.404272143861253,0.404421629200911,0.404577427493843,0.40544348908524,0.407336596751072,0.4061597989606,0.406226126316929,0.408490114454054,0.414305680029971,0.416201489989824,0.416251530284493,0.415590212342901,0.413208904458594,0.41070024126427,0.408113698294303,0.405567440697756,0.405903627611633,0.405001967428364,0.401799258181714,0.399309963231261,0.400238805795407,0.40177147908931,0.403774186928325,0.403060866752617,0.403222948043845,0.403241966883399,0.40409674388776,0.404700253120231,0.401841623165753
"321",0.0451442353513614,0.0461955010867558,0.0464361487301848,0.0464590302417174,0.0461862586004189,0.0455418507415037,0.045574323911023,0.0453717108885637,0.0451945920801891,0.044671375614642,0.0442906963131007,0.0442525999798444,0.0437002203980432,0.0419606650259489,0.0409222617412,0.0403046337166576,0.0407542047784128,0.0398671704682767,0.0395298153102277,0.0387601007938771,0.0382302720946891,0.037483333104787,0.0364722112926055,0.0354674102781691,0.0343543556026029,0.0331036615290538,0.0310472142297665,0.0289046256753278,0.0271988808586218,0.0259741319596255,0.0250547629171361,0.0229729813808973,0.0215047319763715,0.0189637922671129,0.017047017652937,0.0153354164718828,0.0132143404445689
"322",0.0958323566895343,0.0946223129629885,0.0927915545827674,0.0911557181425559,0.0893136342587545,0.087650178341144,0.0867839384371252,0.0860003943976308,0.0865584565823562,0.0863664349712293,0.0868744230862123,0.0881742804881169,0.0882643266052931,0.0870804821132925,0.0861877422097049,0.0858451011683227,0.0873236571514782,0.0891122450525197,0.091411606398818,0.0931676046359227,0.0962731277326839,0.0976952854703243,0.0992455678082166,0.0990665903980611,0.097390833381754,0.0952128468127167,0.0902996079430633,0.0856530930482536,0.0805426284389001,0.0766906791668132,0.0732659378486308,0.0690247827375242,0.0649862999242928,0.0594051135909976,0.0538141539208429,0.0510063960004817,0.0453551189702299
"323",0.161273398807489,0.159649017249481,0.158347989807114,0.157326746525252,0.155914374299943,0.154996380255335,0.154453671721029,0.154327718756353,0.155188131472168,0.155032503577529,0.155096951342254,0.155991070435974,0.156048064494623,0.15728843664062,0.156962998420619,0.156596036050124,0.156374100444136,0.156984459786579,0.157213877312044,0.158053489341469,0.159453766686712,0.160610348411001,0.161937179176903,0.162353428228482,0.162604595410025,0.162493554172742,0.162614395423898,0.163061038308217,0.164048796178975,0.164668579607391,0.165257938808739,0.16678292355562,0.167340170388796,0.168832223744544,0.170504353335957,0.172141649886632,0.173702042027188
"324",0.196654006507107,0.194725594821366,0.194439615025977,0.194103052104689,0.192111846317914,0.191462938550047,0.191467919700379,0.191141806549165,0.191088094135791,0.190964169528441,0.190116329442022,0.189934534181123,0.189322807481476,0.190084165118965,0.188294037832344,0.186740274685507,0.183746326145364,0.181814056617302,0.17858672286435,0.175289939504528,0.172052432585554,0.169470271111791,0.167073379934323,0.163871166255998,0.161713149900869,0.158979067693187,0.156834646423077,0.154014446938542,0.152664062141999,0.150660684636874,0.149207555816862,0.146954523746033,0.144657221368631,0.141841141050938,0.139414371933483,0.137410831790927,0.134402528793414
"325",0.114010279754336,0.120166353138603,0.124603522080376,0.129843148020138,0.135454113443485,0.139534307425333,0.143971466746174,0.148643546977224,0.153780095282544,0.157481972241814,0.160364249493332,0.164557468959661,0.168278221654133,0.173727637381746,0.176562399113679,0.178915525724561,0.181578498721331,0.183294992903472,0.18407543591178,0.185120577796732,0.185952561448898,0.18735858003125,0.188993086584118,0.190389777864283,0.192191954170642,0.193940672956682,0.196294977743455,0.198676529033077,0.201775033652733,0.203542805571634,0.205447901470329,0.208600405726434,0.210765519191528,0.21341370405254,0.215953189331581,0.218438139061347,0.221014074393059
"326",0.291585198837992,0.290242110348188,0.290528695057746,0.291054358809052,0.291254189942762,0.291902829696355,0.292997895967553,0.293841233690119,0.294995748309808,0.294549286097581,0.293907900199401,0.294006300498986,0.29410486871262,0.295251166299245,0.294426006640399,0.294204414698231,0.29371409743791,0.293664148635717,0.291836673080139,0.29057955407388,0.288904424358662,0.287766887854192,0.286915373976062,0.285442465838843,0.285622832569885,0.285020803967272,0.285077076565872,0.285307525377265,0.287458329684526,0.288955671892479,0.290481535512841,0.292158004490029,0.293004131657598,0.295396246638482,0.298076358761393,0.300361035520253,0.301536890293351
"327",0.193607267744818,0.190699589055087,0.187835252382835,0.185198031069943,0.183100537881188,0.181030760514832,0.178422436257113,0.17715479263935,0.17699548573711,0.174427599644734,0.17314550558872,0.172345780833805,0.17051877245176,0.171383833195757,0.171051154432722,0.170022679844269,0.169064067905752,0.169600243903975,0.17014867714822,0.173378285714512,0.176621030406095,0.179937439701931,0.183010062006828,0.185958391649893,0.189021192040938,0.191638956676168,0.196558083399885,0.201826758394653,0.2073388566878,0.211745905041409,0.215154854196075,0.220269301525824,0.223292500687557,0.229023725154165,0.234801463309608,0.238898150101531,0.243364172265304
"328",0.384770379705572,0.382944082631147,0.381679283903553,0.379882040727361,0.379011537930522,0.377045560881042,0.374721219036539,0.371725855365748,0.368328344603368,0.361433033357229,0.356106963032234,0.35008130328247,0.343476053297173,0.336966611041825,0.330307665290254,0.32409644364184,0.314745844742582,0.308783751586797,0.300845681186239,0.296962674019871,0.292882623628996,0.289655082270029,0.285795317060344,0.281779002548665,0.281029853798507,0.278031620874895,0.282490726912198,0.287188357987912,0.294043898412853,0.300799609064713,0.304931478484728,0.30910635928797,0.310352785361472,0.318575338086286,0.327619201717281,0.332016368145974,0.335692396553423
"329",0.234890156250197,0.230606175139485,0.225499791431434,0.221585033118818,0.219636387819009,0.21752247460224,0.21545509955289,0.215097948988261,0.218758073134407,0.218900256768105,0.221521369037538,0.225568311855214,0.227588196748479,0.22969615900968,0.231248835469934,0.232991686991893,0.237762961548398,0.24477187800962,0.251272628313607,0.258138307652901,0.266196247522433,0.271073225445857,0.276132251480115,0.278245639224357,0.278892297525723,0.278528515687309,0.275563620555277,0.274209551538859,0.273166335203278,0.273160457028913,0.273021749173174,0.274284621036014,0.274202424722749,0.276066261598972,0.27773972783881,0.280848613451498,0.281918758512702
"330",0.0881944655742214,0.0895582714120758,0.0910402852414679,0.0922361850057157,0.0922027665057762,0.0924105997689809,0.0934167471939056,0.0939889676351034,0.0942773030503107,0.0946956422757813,0.0943708544389818,0.0946079987798899,0.094551525066103,0.0947532170061914,0.0938654813518392,0.0931673369924508,0.0921384141388885,0.0898983131328423,0.0872972245296541,0.0842021493753442,0.08068936318645,0.0781246425685948,0.0753025875417954,0.072985640623968,0.0717848538718091,0.0705768331822559,0.0700478621833855,0.0687471735245586,0.0686824690745728,0.0679026056154972,0.067696953553182,0.0661931896272991,0.0653605664495209,0.0628048310730445,0.0609138824757043,0.058599375278297,0.0562590566556522
"331",0.455138039075572,0.461312032529314,0.467311825375026,0.473261171086581,0.483097898863164,0.488597522172414,0.495615234808344,0.500089215382854,0.50253180683503,0.499342630337897,0.497603058943684,0.495915488853992,0.496305075974324,0.488470311635202,0.486982705448904,0.489585048629142,0.499340258445109,0.500864332787396,0.500872011606039,0.499103934141709,0.494170868843036,0.488615242658728,0.482309255038675,0.477064052405211,0.476357051603981,0.473850522011699,0.467608477019842,0.462292577679788,0.462049383020728,0.463586037208537,0.465762881647089,0.462186752181116,0.461030844998357,0.458726847376342,0.458145440266753,0.456656430230422,0.450299682874034
"332",0.326043208819778,0.324681501304492,0.324929335175904,0.325490385028372,0.325934439122371,0.326704384969653,0.32835094154867,0.329220111326849,0.330697635127681,0.330378023629105,0.330078624242285,0.330598370093623,0.331100247062021,0.330762721770567,0.32946507276766,0.329542751266837,0.330589412927603,0.331963711575557,0.331615393690915,0.33090814266041,0.330396186779845,0.329031636580186,0.32813957731978,0.32532734044995,0.323401817441458,0.320145138389055,0.314421181648792,0.309174793714083,0.305825529876198,0.302983232288585,0.300754502670607,0.297558183776288,0.294313498343513,0.291005301651996,0.287437089268421,0.286563895828028,0.282124102803466
"333",0.38970261175982,0.393114422923483,0.397731823239484,0.402788464526024,0.409280803697267,0.414096686405084,0.420508981480416,0.42491957270685,0.428802413945894,0.42916291639487,0.429625527620676,0.430804362356027,0.433056214599674,0.430060638579075,0.42967495795088,0.432282624762517,0.439850724715238,0.44271725464702,0.443924399154664,0.443414029999192,0.44151308108254,0.438332864070272,0.435121038344416,0.431094026403279,0.429459932201281,0.426176081059382,0.417929920644984,0.410646842982411,0.406965231403767,0.404614532882981,0.403375222988846,0.398488868699132,0.395398807080514,0.390240751868948,0.385176554787931,0.382858381118174,0.375453658651971
"334",0.422207916553459,0.42321774301484,0.423983620658904,0.424816496929881,0.428266348040868,0.429329147248698,0.431264889767479,0.431874722143391,0.432831124883833,0.429330797349863,0.427822865197326,0.426704156862579,0.425957808100857,0.420257100092958,0.41788673321165,0.418363758322324,0.423422570550754,0.426809249044714,0.429207006625004,0.431161152539665,0.433120813277709,0.432281412934796,0.431350068411793,0.428437446847137,0.426568912311774,0.422502992277525,0.413006779052041,0.405389243679659,0.400508347237694,0.398409968673458,0.396497825394695,0.391784213764623,0.387574549052118,0.38430790316495,0.381634005569929,0.381229039047625,0.375501951063948
"335",0.287107121262787,0.285137441981119,0.284190943022512,0.283633545684179,0.283482532471009,0.283430357541283,0.283434539179372,0.283833233387424,0.285043705110096,0.283946021370568,0.283368694166032,0.283544357418277,0.283409294374154,0.284803151345662,0.284483756883312,0.284448220015593,0.284632993685066,0.285719125711272,0.285516075510933,0.286705538784579,0.287740690708171,0.288805195952414,0.290027848630058,0.290536103456168,0.292076604337193,0.292787754430905,0.294087590686944,0.295973159066874,0.299307757534467,0.302232594110732,0.304752280141452,0.307783735199412,0.30953892101976,0.313488269670266,0.317667765684577,0.320936264320569,0.32292209562165
"336",0.0223449408922884,0.0241716428106019,0.0252844114300912,0.0261695292680999,0.0268142689865419,0.0269136677219402,0.027670383017332,0.0280541612432535,0.0281478221053496,0.028087131606333,0.0279150779103923,0.0280220866266629,0.0278883498488052,0.026581220435845,0.0259807815298825,0.0257602020964127,0.0264586306705937,0.0253222948140856,0.024609109324282,0.0233175929494374,0.0219210866145608,0.0206976756204271,0.0192137582791499,0.0181264514559088,0.0173050662876912,0.0164906187763267,0.0152669803833189,0.0138315520902015,0.0129064305246296,0.0121263741214768,0.0116644812894093,0.0102115730259958,0.009398889784383,0.00762420275864935,0.00635423816253869,0.00521971094914578,0.0040466483167395
"337",0.266512781573003,0.262420684417733,0.256828972863565,0.252690393903546,0.251926962773939,0.250142430928334,0.247955576218674,0.248212332036929,0.253018911557999,0.252873839503797,0.256006587086346,0.260605116048754,0.263116015818594,0.265847421595835,0.268405013567789,0.271028499187312,0.277465238476609,0.285608158890936,0.293161675697605,0.301415409879174,0.310338436097087,0.315816098678054,0.321195600127234,0.323870900836815,0.325452727644468,0.325856731230917,0.323527690517008,0.323075816137461,0.323440793667982,0.324998075369005,0.326238317074304,0.328241887896183,0.329036328324386,0.331972653443553,0.33495238335892,0.33837815402158,0.339307362094321
"338",0.291371035870998,0.287499591697312,0.284973692519666,0.282256073635163,0.279087090204196,0.276561061400487,0.27374413236449,0.271096453854758,0.268913893682539,0.264767426687959,0.261424790867283,0.258069451226796,0.253858042996164,0.251530711505519,0.247466305526917,0.243371013431399,0.237192263559422,0.234366525378693,0.230510253073994,0.229479747619935,0.22881641933814,0.228549692213935,0.228211716493097,0.227288175026358,0.227639384454884,0.226864644248318,0.229539717514225,0.232644268545693,0.236996671780793,0.24095716676309,0.243610757747251,0.247295143542374,0.248736264003783,0.254535850959727,0.260839434758415,0.264716125935188,0.268569217681744
"339",0.257883290856054,0.257396275836281,0.25779412907166,0.258328514901708,0.259375012485878,0.260050203776408,0.260129051953035,0.261138854013472,0.26185686534218,0.260127933649139,0.258519005962758,0.257322636052203,0.256318828150578,0.25939481455419,0.259828142785988,0.259557126675171,0.257858950527314,0.255833419542623,0.252160597676671,0.251587038381316,0.248891454029421,0.249370933472316,0.249435879957149,0.252055357064279,0.257762448242423,0.263022816267087,0.272956593346247,0.281542874379194,0.290861662815277,0.297651339562801,0.303200657325644,0.309357193979958,0.313554889760855,0.320223111545255,0.32698541679006,0.331142353376763,0.334716470813379
"340",0.244117442451026,0.241408625794773,0.239875891656959,0.238776438296548,0.237229831673948,0.236549489884948,0.236351571643627,0.236309241364854,0.237566605100687,0.237519003056882,0.237667460120794,0.238770824199085,0.23914591170419,0.240520238037723,0.239881353678931,0.239623064940863,0.239522932707931,0.241114428605642,0.241635230971724,0.242592056740734,0.244325202890885,0.245262246051597,0.246649740219737,0.24620278589413,0.245678304094591,0.244328349158581,0.241994833925212,0.240276535722128,0.239482478882088,0.238814052862688,0.238305976899522,0.238548000823361,0.237852031718568,0.238390267254399,0.238914508440024,0.240565824876411,0.240807480596194
"341",0.0847888469046158,0.0849873669025314,0.0850173138186482,0.0848471677952062,0.0838116639592027,0.082990068951875,0.0829150105371567,0.0825812085291122,0.0823749526849009,0.0820137661856134,0.0814946578042098,0.0814603424243517,0.0808285446620177,0.0797315519528403,0.0783357310053296,0.0772942595643187,0.0766194141103332,0.0752343283865038,0.0739977908629023,0.0723747514873243,0.0710466419638215,0.0697281320382531,0.0682452872953814,0.0665252641724574,0.0649041304028567,0.0630278703895037,0.0605425854410237,0.0577351042893734,0.0555990685771927,0.0537489413319531,0.0523412314635071,0.049553722874541,0.0473635372776244,0.0437910712696251,0.040881528267735,0.0383091453858122,0.0349107927176071
"342",0.102076799741724,0.100515574570522,0.0979753986757066,0.0958019462212415,0.094009340326504,0.0921240617957043,0.0908238074438047,0.0900222839531257,0.0909999837301201,0.090635066526837,0.0914642580713519,0.093169153818143,0.0934664396293399,0.0927166498049142,0.0924386392094601,0.0925375065651921,0.0949011664182273,0.0977347830310266,0.101149367328191,0.104350289320803,0.108859910668198,0.111446486165354,0.114117051865544,0.115018014717562,0.114298771393314,0.113141018517431,0.109841288745448,0.107185607084062,0.104130563704691,0.102085257405229,0.10023047650994,0.0986104546840298,0.0966371567183651,0.0942773772474935,0.092007483773464,0.0914149183329391,0.0892454307857936
"343",0.446059852452352,0.445814016260227,0.442199192747238,0.439043240272329,0.441357806701864,0.439661182285695,0.438438289780949,0.437468333987408,0.442044107498115,0.438641828127092,0.441245123114198,0.444934837583227,0.44674290799209,0.439573894079247,0.439463488184727,0.443054884765531,0.457942400892049,0.471417814898696,0.485030432140872,0.496831625234324,0.5088159183927,0.512775700390479,0.515429815908912,0.515044802406734,0.514209493689809,0.51051507893142,0.495584640614305,0.484720217034436,0.476464331017118,0.474144022993004,0.471773563934875,0.464933029896017,0.459640191559636,0.454555216276554,0.450265681528442,0.449841994316902,0.441127535410901
"344",0.26333129081504,0.261128133064338,0.259749263095885,0.259196914932435,0.258936708804948,0.25912849011701,0.259921343895589,0.260976938044819,0.263832251356015,0.264738342609673,0.266056181280963,0.268557135607294,0.270281614754932,0.272375747068258,0.272799657874902,0.273806841343261,0.276072191376846,0.279506452770589,0.281784664859042,0.284250082935453,0.287442893298144,0.289207362509958,0.291404790668287,0.291480272395637,0.291359131593288,0.290269362030284,0.287113095420437,0.284957750111227,0.283871500598255,0.283264342008673,0.282890518177581,0.283106637400187,0.282544944127318,0.283077969200267,0.283491578316477,0.285465285011248,0.285321734784178
"345",0.382560905510439,0.382916249674937,0.383954174047788,0.38531799478355,0.388276527602867,0.389959639706229,0.392525490333836,0.394097044926934,0.396011280931103,0.394465001847592,0.393878402760108,0.393933166438039,0.394376290675282,0.391772558969359,0.390587634793661,0.391583111214572,0.395869887860575,0.398525178547269,0.399758304018729,0.400636075554298,0.401147401018291,0.400115035744335,0.399164493732338,0.39677870158578,0.395820707723065,0.393210535761576,0.387003865511359,0.382125930224487,0.379994912057346,0.379397333989379,0.379152486269624,0.376909152867588,0.375069921321485,0.373880426686543,0.373245386768651,0.373767115964166,0.370450885204585
"346",0.0889028939194761,0.11024493944261,0.125693880078866,0.140137587783151,0.152530189087084,0.161603878566389,0.170759203815019,0.17888227870658,0.186448749175455,0.192767912047124,0.196872872508565,0.202449258083072,0.207892150552454,0.215148478038385,0.218741827405689,0.221911024406233,0.225038499547906,0.226639192753076,0.226636155901962,0.226478469766391,0.225605886491826,0.225901913635878,0.226561736675148,0.227261919365119,0.229120975731826,0.230970612126891,0.233375996360384,0.235535411707379,0.238884386328061,0.240536797014,0.242604525276144,0.245608648187426,0.247904176855696,0.250226051024343,0.252366802617709,0.254701093472577,0.256773813688188
"347",0.262453837173315,0.259600705965517,0.257848406437039,0.256775219764766,0.25548780575349,0.255063104299997,0.255413176156755,0.255763375447627,0.257983297246156,0.258703076922502,0.259757031460533,0.261970166807901,0.263300688468455,0.264655496523238,0.264344849952677,0.264796560482784,0.266338519658036,0.269599529897889,0.271729615239516,0.273720600145881,0.276841187774901,0.278222024432438,0.280169629287875,0.279503615449473,0.278274262089075,0.275952834666672,0.270759462576216,0.266404646081091,0.26274449251642,0.259854431355619,0.257389824639346,0.255244644583325,0.252485805924932,0.250018973309924,0.247008685724594,0.247302292291039,0.244346141727029
"348",0.168498613416699,0.166057514812479,0.164258077534579,0.162644655974159,0.160236325650897,0.158711998133798,0.157708879608686,0.156886981815434,0.157161902216288,0.156718365383609,0.156489944017,0.157046705253382,0.156637816160523,0.156890392439265,0.155677297223557,0.154676744848417,0.153794683782317,0.154317149263109,0.154500930010146,0.154951604451937,0.156395707417675,0.157112301415308,0.158104592827487,0.157579539512638,0.156511214425879,0.154865730518443,0.152378283227558,0.15018609647217,0.148374059335687,0.146861978960393,0.145537104074201,0.144524914638016,0.142897469600107,0.141623620768519,0.140536229611136,0.140473265641335,0.139292612770245
"349",0.163310927146235,0.17389031116201,0.183237532643976,0.192798070661833,0.200866453910187,0.207703386629235,0.215169010361172,0.22172284715806,0.228263870047668,0.233675026388274,0.23714962365147,0.242058371147893,0.246850749176114,0.252914433157948,0.255625772577895,0.25837987353231,0.261378093134362,0.263282202602973,0.263403144769332,0.263182609228144,0.262446103759649,0.262382363484937,0.262780926849832,0.262656967167072,0.263667230082042,0.264401613039632,0.264819143528957,0.265236072033752,0.267148728135347,0.267854176660109,0.269153584936804,0.27099944677828,0.272414919168853,0.273699676302524,0.274798624464908,0.276662284418601,0.277569963381573
"350",0.409256060676097,0.410951932746849,0.412433457144598,0.414065147161222,0.41883162639167,0.420812049762613,0.423039861412864,0.424700889206961,0.426014949872793,0.422290013131387,0.420425507187657,0.41881370325311,0.417989460497467,0.414454320615984,0.41347043830317,0.414499917832756,0.41930839969898,0.421146281571993,0.421764114672928,0.423531275504051,0.423729096982732,0.423407441954266,0.42256690110202,0.422103307397895,0.424320540501936,0.424958863246911,0.424029524547093,0.424253523698335,0.427542545015376,0.432130851803907,0.436189552466395,0.436999605228157,0.438178682572772,0.440501987835886,0.444019999458138,0.44537528776517,0.442515737302039
"351",0.207619666764667,0.202188195060649,0.197712787180728,0.192697588303606,0.186488221308919,0.181367244119146,0.17558816315328,0.170148268217047,0.165212996219275,0.158461407986441,0.15306233323199,0.146685873803139,0.137898089338872,0.12929258276462,0.120142353907389,0.110080501435441,0.096477509974284,0.0895510532107786,0.0840810765428048,0.0844574509583128,0.0871970600452932,0.088108009810978,0.0881143495358468,0.0867814179539699,0.084900030958261,0.0807339473229861,0.0813513918343512,0.0838474655612253,0.0866278356985632,0.0921186406084589,0.0941055298098209,0.0967521274581312,0.0958244958291462,0.103622853075433,0.112859827046811,0.116593186649109,0.121435971922937
"352",0.430733245867627,0.434197952668459,0.436235973925304,0.439398829137548,0.4475447535183,0.451759717630055,0.457249191686468,0.461802307403051,0.467437938398819,0.466457176543084,0.468021272314297,0.470318505317529,0.473146289308187,0.467881343340648,0.468582138626934,0.472945962863367,0.486618796501318,0.494026311663265,0.501160953047789,0.506942043083362,0.511440249579417,0.51183740406267,0.511243651817997,0.509854936069715,0.510132612092596,0.508114709432192,0.497710300870716,0.490296581154788,0.486914159601372,0.487768320756084,0.488987498617707,0.484544147896408,0.482549769037401,0.479544235149539,0.478151805442033,0.477129447187211,0.469558320963999
"353",0.11913556479272,0.117315114196064,0.11591327415357,0.114199154802146,0.111240689672052,0.109065900996038,0.107433438386385,0.105622577918351,0.104042710592454,0.102263168182974,0.100544393361845,0.0990557012151619,0.0967015233294927,0.094048554474201,0.09090212385555,0.0881218350374516,0.0849810084384251,0.0824652169763897,0.0800929389245238,0.0777579857293323,0.0760670675120314,0.074120322964571,0.0719632332447466,0.0690941724068732,0.0662474793277522,0.0626647302155683,0.058549428222801,0.0540931144136742,0.0503596682853378,0.0476800832279579,0.0450807387687839,0.0405110979262465,0.0362326739514886,0.0319903656218129,0.0288861093701637,0.025853919667747,0.0215748241992602
"354",0.278407956543514,0.274713484510872,0.272664569129494,0.270501873106783,0.267418206081484,0.265368821427663,0.263451207989986,0.261398798257074,0.259876341901842,0.25710668401607,0.254634362071139,0.25244157165871,0.249557630570907,0.247984798864957,0.244385642940134,0.241115056433433,0.236100949932428,0.233975858850409,0.230560518692041,0.228426593265147,0.226909162333173,0.225388109788785,0.22408424966067,0.221338815411937,0.219441796715799,0.216316995974452,0.214522799151268,0.212961758902152,0.212893441983487,0.213060455678103,0.212738693122283,0.212652895109942,0.211090793723873,0.212830327242242,0.215364246795035,0.216945074205277,0.217941861162502
"355",0.0458623684442478,0.0531845871785835,0.0582670543063661,0.0640401163009728,0.070324674271482,0.0745798321625678,0.0795333347750756,0.0842823745054254,0.0892923713139955,0.0932426540332164,0.0964016435090437,0.100783182188577,0.104634750681297,0.108811805023108,0.11158253372266,0.114083632056929,0.117602854877771,0.119140381603992,0.120352625609427,0.121158405076594,0.121925101586572,0.12297944728494,0.124126775847838,0.125163534500798,0.126166485233928,0.127321313596748,0.128338574253211,0.129298278652637,0.130719499231162,0.131156054106851,0.132044105768052,0.133572930106533,0.134834727560608,0.135131843935183,0.135412506657475,0.136056679624172,0.136872290991344
"356",0.206490927934261,0.208655718735134,0.210381946313756,0.213215866704215,0.217069713992281,0.220003592241222,0.223009160869977,0.226799369552606,0.23153758688958,0.233937804439802,0.236159555904419,0.239646185125895,0.242726983598868,0.247851657663468,0.250369045918393,0.25259827150282,0.255462457176304,0.258006264533597,0.259285493947732,0.261438502381189,0.263248723143083,0.265265820242468,0.267486259554455,0.269171724529018,0.271546994099034,0.27344221924632,0.275643442247793,0.278245425261562,0.281952717155798,0.284766299902948,0.287417475917055,0.290968503865957,0.29331729036524,0.297096174451728,0.300870722897328,0.304174082178525,0.306517760877601
"357",0.189724846301405,0.187684258666341,0.185789505614821,0.184032472490655,0.18272806823162,0.181324241630724,0.179302741793533,0.178596552162594,0.178404783748979,0.175946955967398,0.174337941765658,0.17308963748671,0.171174052416413,0.17273786034532,0.172639393359272,0.171608779446642,0.169866079971699,0.168842912719867,0.167533385468337,0.169363031202859,0.170443700286466,0.172941993825995,0.175031091495774,0.178248795049247,0.182528683871282,0.18649277085394,0.194169459074684,0.20149471753514,0.209029624539121,0.214634760503047,0.219039507719111,0.225051272590818,0.228856196750838,0.235330221814492,0.241822576431408,0.246109117459977,0.251025416136348
"358",0.318145501535452,0.314368232043221,0.311493250129047,0.308522127830219,0.305774570624179,0.303188853194317,0.300262891141683,0.297575202000645,0.295864478598441,0.291455374233202,0.288536190710845,0.285771733928417,0.282012287859202,0.279341085841068,0.275732327442866,0.272423041382456,0.268544036337083,0.268479071308321,0.267784202984397,0.269737619800372,0.272643509033905,0.274399817182965,0.276228801561924,0.27634155385884,0.276661109363458,0.275625304745905,0.275445067485814,0.27648630547899,0.278647631280427,0.28144679929042,0.283200821568074,0.285904725375409,0.286582390234686,0.291421932405496,0.296682857954852,0.300513393567238,0.303187381963279
"359",0.243148406282569,0.243763185138701,0.246393195149627,0.249201212418872,0.250540737004347,0.252774694764538,0.255874289433585,0.25824072532562,0.260609432445626,0.262452244178705,0.262989700500585,0.264528295486017,0.266188334796657,0.269063624019303,0.269048601255716,0.269534216273507,0.269320321661172,0.268982099051096,0.266591817915044,0.26382533158245,0.26042047834343,0.257998328287912,0.255981275653051,0.253407375546167,0.25265384564656,0.251440904363966,0.250603776121101,0.249298451244251,0.25000868019228,0.249411599716208,0.249582628235245,0.249636456077411,0.249580744834959,0.249125963388875,0.248631198568781,0.248959731759848,0.248339859640252
"360",0.140320288909487,0.137382012308856,0.133829296808081,0.130670586705886,0.127928566756537,0.125346725733481,0.123022259591181,0.121551135587052,0.122199232874184,0.121064917804391,0.12149442237023,0.122802633804173,0.12251021808833,0.121932882966622,0.121455743046913,0.121167446071792,0.122944211942284,0.126234033509287,0.129986819903545,0.134115347167729,0.139605926295366,0.142982717117584,0.146464968690006,0.147926847731989,0.147768947847252,0.147056017958616,0.144804171685088,0.143479330997218,0.1418689119402,0.141091791209246,0.140210594877455,0.140379323330483,0.139531580307196,0.1396550152543,0.139878887730591,0.141108678583905,0.141388105350029
"361",0.240929600463166,0.238425039597694,0.238022559858537,0.237636362238798,0.235514584661098,0.234949443132596,0.235197905130593,0.234829654283053,0.23488385982705,0.234817283138062,0.233996439891754,0.233907503563087,0.233444475749475,0.233905274857837,0.231724030188983,0.23013455349476,0.227166750205992,0.225779729277085,0.222716690565773,0.219175525090574,0.21600741727339,0.212938957776093,0.210306722518995,0.205845662725963,0.202096035302765,0.197263929898553,0.191229813219588,0.184096183073035,0.178183822230806,0.171899128640881,0.166513891580066,0.158458321275396,0.150608720916727,0.139275184064881,0.126365715772625,0.116841919453642,0.0993680376874665
"362",0.227706807191923,0.22784659465343,0.228181791755727,0.22957941003196,0.231704067707306,0.233567726733418,0.235772347253617,0.238567267005666,0.242700480541329,0.24467864770687,0.246672843072822,0.249924207454646,0.252611988685218,0.256693602358494,0.258500797801301,0.26035225713971,0.263097950345933,0.266045921817733,0.267760820108155,0.270052879025328,0.27241332105006,0.274350223016593,0.276587073884533,0.27766847347259,0.279100461737065,0.279898355192123,0.280140220981028,0.281061117430661,0.283141020736257,0.284823879723558,0.28651650898333,0.289036126704001,0.290526794222539,0.293337226074536,0.296134507646611,0.299067483836907,0.300744103403111
"363",0.249847212518398,0.246407346897174,0.243655301256586,0.241512200111824,0.23953939753413,0.238206144346055,0.237218808623372,0.236767411665968,0.238374013888086,0.238056062032116,0.238656409928175,0.240321898867325,0.240875000145807,0.242062898607478,0.241763297858645,0.241870879801334,0.243068357583435,0.246437023011427,0.249028068304352,0.252149559972788,0.256393327597334,0.258865770815248,0.261740067946878,0.262232149418102,0.262016488515317,0.26083861879444,0.257861203377558,0.255964021486538,0.25469625856139,0.254073099529346,0.253467208937394,0.253885266511975,0.253160770292754,0.254086241109497,0.254922344260776,0.257170589140598,0.257619493318632
"364",0.244196361759129,0.243437068431281,0.244911736403525,0.246496119550627,0.246343675001017,0.247508813130263,0.249644959195895,0.25096351680127,0.252435840854277,0.253722540082697,0.253790978016852,0.254784225018298,0.255744743733274,0.257703990339026,0.256807710556075,0.256526602943165,0.255230563053918,0.254438095943548,0.251637341565291,0.248184638950651,0.244465379390733,0.241378438360272,0.238744182159891,0.234934161690745,0.232556848459015,0.229496747983838,0.226006939857092,0.221699693455979,0.219271062349986,0.215759779267577,0.213375945861232,0.209885586202563,0.206820500285667,0.201634040278847,0.195850455901992,0.192341133453365,0.186141409226716
"365",0.286334983810868,0.282898720300647,0.280776798577659,0.278730530944916,0.276351109186619,0.274655379545248,0.273034376665269,0.271532236752166,0.270918971363441,0.268523050244384,0.266775398981692,0.265518844477927,0.263574817690358,0.262867126065873,0.260481435088509,0.258469860058666,0.255840928078028,0.255760440946544,0.254606230828754,0.254869261992133,0.255792569660027,0.256224011844107,0.256934046746958,0.256127568025073,0.255775821614976,0.254364388716451,0.253407972000706,0.253167246946867,0.254170468388707,0.255353382212284,0.256101768033324,0.257633426102692,0.25767528272432,0.260605775925648,0.263902067366672,0.266689694724957,0.268545225327847
"366",0.204354989948635,0.201812942078644,0.200667933743874,0.199567523159526,0.197215627401415,0.196059240636528,0.1953809182173,0.194647161842532,0.194505897850912,0.193866950284129,0.19295899103313,0.192708960374481,0.191834396501781,0.19233209918915,0.190572673028865,0.188996015365995,0.18637696831169,0.185262725481015,0.183149298552023,0.181443107901534,0.180181475204687,0.179125017704404,0.178325092226856,0.176481455770985,0.175150957239057,0.173197542323924,0.171688866877637,0.170083210192852,0.169572580276519,0.168749284999686,0.168101569332018,0.167571248415403,0.166386666748033,0.165967486448596,0.165931233924359,0.166077985322182,0.165638056173592
"367",0.0557062428772721,0.0568667114450186,0.0575559396214186,0.0579538125097444,0.0576282969719027,0.0571855260504069,0.0575320864615555,0.0574737755783481,0.0572646616197232,0.0569985530737903,0.0565226060353809,0.0564279383063504,0.0558997526065702,0.0544321917536206,0.0531763747408463,0.0523507646527918,0.0521185609092998,0.0504993957048497,0.0491648749972328,0.0472178158876488,0.0453322448406142,0.0435830522473116,0.0415712165034246,0.0396691154218421,0.0380475890332401,0.036273777270496,0.0338785934078509,0.0310957540039436,0.0290349168782802,0.027264396643031,0.0259785888571826,0.0231545390057545,0.0211929560720891,0.0178394662992752,0.0152016298141397,0.0129638992655181,0.010311754139124
"368",0.370217204183744,0.373563344105176,0.378491822899588,0.383869452361073,0.390000677034151,0.394980680910431,0.401549729491422,0.406152646639616,0.41029416903782,0.411453015883745,0.412266042888728,0.413902056234815,0.416500110795762,0.414703095563854,0.414566909263628,0.417115845427808,0.423870276425596,0.42648726931314,0.42727604250587,0.426374799077489,0.42417451355527,0.420997842919472,0.41791984066589,0.413945970984939,0.412282433523528,0.409128002107179,0.4014965974273,0.394568757226959,0.391040690153432,0.388390401806574,0.386952020742115,0.382292310518753,0.379298280726522,0.373986527775483,0.368471516706711,0.365991704854926,0.358626969248722
"369",0.133912341138845,0.135265699947584,0.136587473562074,0.138404151446287,0.139685083416881,0.141067439757795,0.143243495887868,0.145377686526782,0.148273688719926,0.15053668805437,0.152194685679541,0.15499684625692,0.157181933207247,0.16032791327404,0.161366137585713,0.162392654321715,0.16364708402656,0.164744326659615,0.165090135680805,0.16527329179993,0.165798123335453,0.166358220110632,0.16723193735127,0.167242956745663,0.167256488013462,0.167077011787208,0.166522475893945,0.16601224521033,0.166168520893406,0.165648896758604,0.16561093422743,0.166221419769932,0.166415697350932,0.166175351928262,0.165852540845667,0.166444288416996,0.166573732462714
"370",0.0176429650693542,0.0196345916003695,0.0206414043085219,0.0216096655585621,0.0228427120913864,0.023227540517766,0.0241438376443064,0.0249390879036659,0.0256649856384618,0.0258701527799115,0.0261901795469224,0.026890864409914,0.0272944803040356,0.0266276378232732,0.0267859974646711,0.0271951908856233,0.0289904329286642,0.0287439278062313,0.0290715078955702,0.0290033953439777,0.0288618450600021,0.0287236151284774,0.0282722772780431,0.0282594784972849,0.0282402704226465,0.0283132725451164,0.027969169482363,0.0275646672965119,0.0275091464628665,0.0274921410407689,0.0277139551143571,0.0271249983957713,0.0270301081953459,0.0256270488772671,0.0247346911306174,0.023547734797037,0.0223737085911507
"371",0.315365004601561,0.311635119729623,0.309452666967887,0.307103730827768,0.304037639114829,0.30177944354647,0.299778677083399,0.297272935345489,0.295449688229332,0.292120827676397,0.289402515447012,0.286930004879463,0.283688608259826,0.28056571921626,0.275962050894522,0.272179653928226,0.267036959330746,0.265623221841329,0.262910394188435,0.260975949918508,0.260482711813262,0.258720593745194,0.257422614925771,0.253158803851311,0.248774436937045,0.242281268147289,0.234024644555427,0.22570503791843,0.218012221370764,0.212130254739447,0.205601650642676,0.196826711519531,0.185685616340808,0.177512745059031,0.169807169959556,0.164510447503405,0.151346283238914
"372",0.553497167797278,0.564907476032398,0.571130744065831,0.57702344533744,0.592890988246861,0.59848050808933,0.605813893773403,0.609949055210033,0.612326480192983,0.603572106049945,0.600863131946172,0.597589127007767,0.596571818668654,0.578252121109408,0.575867842379827,0.58031319478697,0.601051491436238,0.608645400497084,0.617850080836726,0.624790682778292,0.628839113334294,0.62666916721896,0.62198246664665,0.618323476749281,0.617932879859424,0.614100775405447,0.597357554711255,0.585170989845289,0.579334766042583,0.581216738041712,0.583287797647101,0.57401917783375,0.569936007217146,0.563401027902161,0.560345826513224,0.555943843126738,0.542224088286533
"373",0.047938815307545,0.0611025762426177,0.0700847655059359,0.080893886704292,0.0916941729403116,0.0995490535616421,0.10864266014121,0.116477113512963,0.125488789262778,0.133102347553838,0.139105868679487,0.146733831165758,0.15315511728513,0.159196022878262,0.162883283953727,0.166519026747745,0.171505577278175,0.175348530509443,0.178271932439148,0.180091356770828,0.182574079480093,0.184270095108864,0.186496884968319,0.18707680868191,0.186904207194815,0.186547704839404,0.184002604254328,0.1816589703444,0.179573358430285,0.177049759948175,0.175517355639226,0.174632951779815,0.173809178878088,0.170911428576801,0.167148059866188,0.166557961298964,0.164091572289916
"374",0.172426611762987,0.175708066287974,0.177608949335972,0.181170822020464,0.186059158987485,0.189696650053522,0.193761736258853,0.198465347021611,0.204763713565392,0.208748643610885,0.212470911657466,0.217674802196151,0.222014823162585,0.227592122179768,0.230657394014486,0.23350661282689,0.23751577455148,0.241316175917751,0.243984340346932,0.246874574802067,0.24997129619275,0.252460997763474,0.255293259188465,0.256808864483214,0.258258258254499,0.259225366829131,0.259345375471548,0.260125682259201,0.261774710545506,0.262933403204447,0.264255014237184,0.266702909884939,0.26816071677325,0.270522020671868,0.272711043283557,0.27550152984356,0.277236264073157
"375",0.262637396460627,0.256431527322348,0.251304125211171,0.245583398665086,0.238677893441081,0.232846228259474,0.22615477654965,0.219558411062638,0.213878752336478,0.205882641870986,0.199768765661087,0.192511664764878,0.182088446360429,0.170779165992334,0.158492906816778,0.144877320638436,0.126285305427442,0.119954793459097,0.116292872204503,0.119921305325938,0.128573038827835,0.131572593647626,0.134061735163503,0.131762779974952,0.126147995975912,0.116218648283891,0.106284225468683,0.0995190788135811,0.0909146568593278,0.0920092443593928,0.0868584069795418,0.082001933338052,0.0684566386294159,0.0784864438557027,0.0918202897572957,0.0971965662516322,0.100634545849359
"376",0.271018844054152,0.269564319019139,0.270681529931576,0.271694947580565,0.270845234618756,0.271427410704446,0.272936540180773,0.273430530244425,0.273741596149607,0.27392632772851,0.272913249235599,0.272576555830661,0.272365130380624,0.273042246883664,0.270934581336913,0.26960945061707,0.266551348592982,0.264132728270356,0.259264947029632,0.25346008686622,0.246834191232766,0.241176193720836,0.235682307094916,0.228944137331866,0.224512366851769,0.219026803994234,0.213800844665399,0.206533726033831,0.201918616257342,0.195582779235,0.190708215794753,0.181987964612369,0.174290006417419,0.161229688302117,0.146028338511671,0.132279523852536,0.109109041321664
"377",0.0843893330213498,0.0836423545543591,0.0812853323156321,0.0792250677979985,0.0783064608983727,0.076553794098147,0.0748940581895257,0.0742236170252675,0.0749539726364028,0.073661321509589,0.0739535774143383,0.0748970796831244,0.0746019904966512,0.0739423104776472,0.0742563896475343,0.0745098465508821,0.0770922940036123,0.0793845948021477,0.0825871151554428,0.0864491031610925,0.0909480228402776,0.0941501272296539,0.09709504731016,0.0993086767554283,0.100386383142995,0.10126578804964,0.101840368201629,0.103119032348648,0.104257287383345,0.105565864065982,0.106567464312857,0.10843767888688,0.10941658422602,0.111064051333932,0.113026153025713,0.114483351340938,0.116193946545728
"378",0.316323638465031,0.314051444738048,0.313566929897543,0.313233805188914,0.312290907059158,0.312096272232267,0.312718378840318,0.312553515697503,0.313028287887304,0.312171444532274,0.311290744800618,0.311131077598585,0.310762353826818,0.309940973731396,0.307728236530627,0.30675482805266,0.305869822281716,0.306341843559913,0.305084207725102,0.303455115176754,0.30241823728441,0.30049308401023,0.299140415449595,0.29539092770114,0.292160019278672,0.287417778276306,0.280020389467266,0.272544072280814,0.266394565453667,0.260736019304493,0.255675757004595,0.248793044461531,0.241611875013992,0.232933621825762,0.222767615118227,0.217157407759808,0.204088770836995
"379",0.244637468568924,0.241185803024795,0.238346843260627,0.235648149649775,0.23331189833736,0.231195372357769,0.228479725957729,0.226881737384636,0.22624543539324,0.223066467088633,0.221108464312238,0.219506093517828,0.216999560201862,0.217442609922448,0.216316969930318,0.214624504548059,0.212387579069052,0.212309137228115,0.21183058404745,0.214483517409404,0.217064247182983,0.219942308619441,0.22261514790572,0.225169441863124,0.228314060358355,0.230795913601072,0.235919636974686,0.24137079760841,0.247341059271308,0.25224286435842,0.256001767301521,0.261228152899749,0.264267803199343,0.270455968553139,0.276718688044749,0.28105255584384,0.285228661924314
"380",0.347995504494585,0.346861290614137,0.346874145657188,0.347127426577722,0.348035173610641,0.348601105546778,0.349744249834291,0.350313982013053,0.351371919545928,0.34983111517679,0.348892437301207,0.348597110386187,0.34836793863655,0.347207009999478,0.345758571757971,0.345705304979729,0.34699054244878,0.348360973079509,0.348161682089946,0.348242464258678,0.348247625147471,0.347461890177879,0.346933452643276,0.34497613709971,0.344264993890723,0.342204815543949,0.338504203242362,0.335706290679849,0.335143424508533,0.335272325910338,0.335530045624035,0.335030185571116,0.334149114089246,0.334774029607158,0.335834334691742,0.337364959144041,0.336326766927686
"381",0.385848238423405,0.385678049979473,0.386088726516811,0.386591397341533,0.388668132655859,0.389418958670989,0.390718834909355,0.391185086603951,0.39182649724158,0.388948368069318,0.387288126372819,0.386042143960887,0.385099082435436,0.381930384302605,0.379914548324784,0.379784127291891,0.381943105988253,0.383400613791398,0.383411499342054,0.383794069181136,0.383849690708892,0.382796895642512,0.381795540567799,0.37955235227339,0.378906148095393,0.376637004831061,0.372284750168371,0.369150730103669,0.36869349603968,0.369501745106936,0.37026764144915,0.369491255832675,0.36856064748279,0.369410420233833,0.371014824888806,0.372499606256083,0.370839856298732
"382",0.275149216171071,0.273334260889687,0.272908645226844,0.272944441751399,0.272715440839016,0.27308808848799,0.274020550953787,0.274859804280943,0.27663634620126,0.276857703760342,0.277050977691738,0.278193363862868,0.278985424012936,0.280538129187319,0.280150633629449,0.280367168520554,0.280895011140255,0.282343208011259,0.282339718900403,0.282666933540977,0.283270810219926,0.283447909319929,0.284050378200063,0.28316883014381,0.282901532287568,0.281752838968638,0.279732855198802,0.278285727267034,0.2783128717279,0.278288088726737,0.278483444641902,0.27904330490932,0.278861699849636,0.279859781476465,0.280927714262734,0.282781017735723,0.283047701027606
"383",0.225888615751282,0.224995165739922,0.225369800020335,0.226219913541739,0.226367451596771,0.22725195776613,0.228775552478678,0.230229138869926,0.232474397553823,0.233741415813741,0.234491382137338,0.236296539076087,0.237712207220057,0.240463996551887,0.240673997701674,0.241143722239806,0.241440780355775,0.242414630932654,0.241989065555092,0.241749780689919,0.241691523446372,0.241713167924021,0.24217137721516,0.241491999473924,0.241416826998402,0.240783974900334,0.239908878003921,0.239253264640748,0.239843592897734,0.239831258148078,0.240156973726961,0.241131065156036,0.241389915983785,0.242306377256774,0.243189771331579,0.244810996487489,0.245501895148973
"384",0.317292976863685,0.314410835901405,0.312899150006668,0.31142801850414,0.309803799223724,0.308605756854631,0.307662259376864,0.306462248530527,0.305951514023413,0.303495858049505,0.301653241377485,0.30027985987086,0.298464680835028,0.297106137109683,0.294440398304091,0.292559778174754,0.290321988564337,0.290243813348117,0.288788641403308,0.288309453490476,0.28840023842058,0.287865148441843,0.287671581150933,0.285722232861073,0.284480112875762,0.281930169944818,0.279079205103136,0.276926912938459,0.27638785888433,0.276370200601301,0.276127933353633,0.276056340416556,0.274811950464865,0.276255000421801,0.278162974312064,0.280127093747592,0.280476992104765
"385",0.37497133747783,0.373705417148594,0.373422674072965,0.372949337166881,0.373189377360851,0.37272988320838,0.372624429621698,0.371623395149868,0.37055013077199,0.366676608458796,0.363747011273203,0.360935404449701,0.358186523419875,0.354367536970654,0.350623481196561,0.348312880974425,0.345954127432639,0.344645552211246,0.34151050472127,0.339180603919082,0.33675407091216,0.333979303288744,0.331341628342608,0.327253861802502,0.324999424848616,0.320970504258826,0.317162189449444,0.31389089898351,0.313224682015922,0.313329193143822,0.313076397014973,0.311855040165913,0.309659526765463,0.310844742151536,0.312999999515242,0.3143750718314,0.313743924426533
"386",0.150330541078466,0.160206256788631,0.165103922244771,0.170483590748559,0.180247478320779,0.184781753727804,0.186478082074747,0.191748271844153,0.195778894204034,0.194806628605732,0.194640335091009,0.195032570252142,0.196138040707967,0.20535609029197,0.210994281150083,0.213761050547818,0.215488235862567,0.214484009597601,0.212518552614761,0.21585782258527,0.215500009821558,0.219904225957834,0.223207650986625,0.230872583154398,0.241047927820649,0.250566617714848,0.265016420282069,0.277064066007499,0.288678935550837,0.296972171236902,0.303651613662575,0.311202306717033,0.316430847750627,0.32397649972999,0.33139963916338,0.336000428526169,0.340032091684729
"387",0.258454763142016,0.25578192107332,0.254705548047766,0.253912361075766,0.252259846866329,0.251693186731533,0.251752046815402,0.251599491746929,0.252415846510385,0.252254403942841,0.251976908600544,0.252566908088894,0.252613582786042,0.253458724958512,0.252158495611386,0.251438207435619,0.250439308333978,0.251135986882379,0.250490985549486,0.249983963210541,0.250184564340265,0.249819465861736,0.249973775043554,0.248219460982325,0.246671415102292,0.244171062443894,0.24046652823953,0.237047535820472,0.234738335148179,0.232568684439291,0.23078799668499,0.229115669710821,0.226828501511141,0.225098709752744,0.223268791262764,0.223304700867629,0.221231640657164
"388",0.350818002714578,0.351523433976013,0.354684149323254,0.357492233038899,0.359621385335036,0.361776397473226,0.364861819666265,0.366321581076448,0.366418469804173,0.365111464093115,0.362884464016375,0.360931088934141,0.36003739316621,0.35858470186184,0.355994627107194,0.354917277025773,0.352721867702277,0.348605584414844,0.340882518403809,0.331644933482497,0.318584342917463,0.307768737678641,0.295740002146961,0.284235960011159,0.279616075421734,0.274133068642898,0.274965701603691,0.272212809974135,0.275337294495214,0.274531336416907,0.275106761940684,0.2720427204463,0.270282360588898,0.267110697130037,0.265091762041462,0.260413402026218,0.255904753545027
"389",0.107917381063036,0.109190704494934,0.111167239616063,0.112789733537218,0.112640855011554,0.113141553026624,0.11453329518017,0.115292881132694,0.115642452486218,0.116445109873112,0.116091370176384,0.116360052607815,0.116445703516197,0.117226961878154,0.1161771901486,0.115316414771692,0.113467123704962,0.110650463752788,0.106981494030616,0.10256021877655,0.0974224217775779,0.0935721454487826,0.0894488007177188,0.0858093040680089,0.0838571785287892,0.081870042237247,0.0808690244654858,0.0786068518136875,0.0780547907897714,0.0763625710817985,0.0755776268092932,0.0729316137151376,0.0713346984512357,0.0672240617953036,0.0637314918524624,0.0600519043205934,0.056046380303503
"390",0.0060676280323669,0.00725597569539069,0.0078322424756798,0.00848904098082766,0.00939578517892475,0.00975735874326539,0.0106505788521935,0.0113601164480663,0.0122476795072514,0.0128267561765302,0.0135363701996394,0.0146361547770234,0.0154284578503078,0.0147458329180714,0.0149910917991971,0.0156201984365344,0.0178728194411,0.0184425583852921,0.0196094386521153,0.0200065906875912,0.0206664486512069,0.0207702814902221,0.0206840373811011,0.0204785048052644,0.0197720065591338,0.0190688576080484,0.0168671020022785,0.0147617908841966,0.0128145096470931,0.0114062791688104,0.0104283783861833,0.00871752129692668,0.00767996117017846,0.00561486040051935,0.00400823533133665,0.00311620000667173,0.00204656082735645
"391",0.0192651851650073,0.0211030151594024,0.0218431906857756,0.0225531809313462,0.0236316744373927,0.023823846272127,0.0244985745473599,0.0251378835512247,0.0257926652253798,0.025809281929139,0.0260774974622401,0.0267139228844623,0.0269993675258756,0.0262237814532474,0.0263655537360312,0.026739706909165,0.0285878851620973,0.0285065187285482,0.029065135193902,0.02933273870774,0.0295834917817457,0.0297321008985529,0.0295536578860548,0.0297670136137198,0.0298708861690821,0.0300506577778013,0.0298180684112805,0.0296017822731451,0.029675602758857,0.0298367125458569,0.0301698938317769,0.0297845895768131,0.0297999649516884,0.028643673266988,0.0280077397801501,0.0269770813824377,0.0259943928517656
"392",0.280475497572476,0.278930569677416,0.277764971828651,0.277504014950436,0.278479017359094,0.279139134534679,0.279947002435933,0.281496891216439,0.284644950490911,0.284903173994187,0.285988506348091,0.288171441090856,0.289782321620819,0.292279628385045,0.293364545389919,0.294813941393296,0.297820719059582,0.30133575012892,0.303729750371362,0.30703712879156,0.310442237392417,0.312808170418935,0.315331369448741,0.316474890212479,0.317985783814657,0.318544955537802,0.317979793216659,0.318490408407938,0.320406861593866,0.322548373810207,0.324501569945794,0.32677556002785,0.328069874729135,0.331115255845989,0.334335721317661,0.337365424538221,0.338418739595018
"393",0.392768367453564,0.395731329376951,0.398932022045011,0.402834329062411,0.409468894219314,0.41368910791867,0.418937407462308,0.423103359692525,0.427229831094254,0.426767155885908,0.427288310595215,0.428525724472433,0.430612557162711,0.428090270310802,0.428402513933317,0.431354116635527,0.439806925006075,0.443723281796286,0.446421908263099,0.448442682406189,0.449084170296526,0.448151019724243,0.446873827514736,0.445210348805808,0.445765835108102,0.444672842378755,0.439094658506536,0.435170296088255,0.43475918983841,0.436350169077747,0.438270077143467,0.436551831065368,0.436124216782159,0.435488869979095,0.435971458309269,0.436250482871486,0.431897545169464
"394",0.313840123337038,0.311417576916562,0.31040876330848,0.30950024745284,0.308511685824303,0.307872659036006,0.307506162220293,0.306927005271157,0.306885182754433,0.304882547266251,0.303311664259036,0.302267034711975,0.300962044501499,0.300352910188763,0.298309580637577,0.296988199407517,0.295368139000044,0.295232385231757,0.293575851788828,0.29289491005647,0.292347574593151,0.291664693879465,0.291262890854688,0.289638842554396,0.289174855011527,0.287602308221938,0.286333166357766,0.285618177450623,0.286697542538375,0.287808201341182,0.288704290615939,0.289795915525601,0.289795110616115,0.292194614859996,0.295012209186129,0.297403372753353,0.298456527368027
"395",0.124080819576189,0.120801059789071,0.113670584441983,0.107201571089899,0.105883040176262,0.101546824079587,0.0947653167809887,0.0924317208101494,0.0938440995419248,0.0878645963385845,0.0879865601537325,0.0886974832245137,0.0867605174630551,0.0875521901502474,0.0916143812631794,0.0935747937692247,0.100542233821688,0.107981443044561,0.11697775268799,0.129041531927131,0.14026946787241,0.148828980437956,0.156323103111741,0.162891082277559,0.167731721289387,0.1721049845048,0.177848582402367,0.184447235407563,0.190373579750451,0.195461177248395,0.199278140912629,0.205366806324931,0.209025523511994,0.215445157512739,0.221707884335842,0.226358418822785,0.231463190352071
"396",0.0126417434751095,0.0214947029154234,0.0265900310035466,0.0340315813201191,0.0447765539002744,0.0512613102373336,0.0581637977976774,0.0654005945575452,0.0737510749255471,0.0794813936795313,0.0849682569589189,0.0918869578031495,0.097680565053928,0.103201635554442,0.107731006135469,0.111734130396964,0.117819439334667,0.121593890469695,0.125199443943598,0.12834443259074,0.131712188447171,0.134530721974071,0.137449536247352,0.139675106797734,0.141144216045285,0.142679531902337,0.143481503392852,0.14461530915052,0.145864668142775,0.146411747680426,0.147299991135628,0.149326632540771,0.15077913931304,0.151683949118076,0.152419236655364,0.153825329576975,0.15521416107722
"397",0.142285711272931,0.140689514200619,0.138639521013091,0.136812891764404,0.135441007961252,0.133891208223276,0.132184677248893,0.131532571907594,0.131841237722173,0.130290091398222,0.12971803908043,0.129737015914119,0.128798633387678,0.12951235367276,0.129491635550614,0.129007633191537,0.129092842483808,0.129657118772354,0.130444641582581,0.132902897495977,0.135524291191411,0.138103173062542,0.140479593471334,0.142740761139605,0.144878421926863,0.146779819841958,0.150261952425454,0.154093629379966,0.158147191012797,0.161340488554244,0.163883041747122,0.167853698380046,0.170241583914358,0.174424364151494,0.17878457011804,0.181836273758435,0.185582954862498
"398",0.378210306431163,0.378258354949231,0.379386009772379,0.380666065562293,0.382925700426149,0.384317554956475,0.386656577318135,0.387773193886573,0.388959712011502,0.387275163952501,0.386191833715446,0.385665866086059,0.385577090444165,0.382813282317145,0.380934128933682,0.381167491889344,0.383676008258487,0.3850514359814,0.384702806828674,0.383802947360024,0.38256820146322,0.380246771025683,0.378163923178501,0.374472044103476,0.372345117020495,0.368544894321924,0.361671087199704,0.355540095147612,0.352080189344697,0.349675361978461,0.347822089759977,0.343951829859311,0.340426390850087,0.337076421102117,0.333908203513079,0.332896356398956,0.327832903141362
"399",0.0169690273121159,0.0178216383957651,0.0176698356189793,0.0173971472057071,0.0173433186599699,0.0166991161642318,0.0164991057552951,0.0162081965980779,0.0160943184939292,0.0154860807415718,0.015341463791931,0.0153920068094825,0.0150047533297604,0.0132921520177687,0.0127193664430689,0.0125052315352684,0.0135824457277522,0.0136963013312229,0.0144788569043652,0.014940521297359,0.0157493988720128,0.0159360559145824,0.0158878108618238,0.0156932840826868,0.0150171231998987,0.0142352175973041,0.0124086573516474,0.0108078834664182,0.00934079678420723,0.00851175725998564,0.0078373440185664,0.00658842365070645,0.00572780556531126,0.00446529049484525,0.00357925897363035,0.00295917299624382,0.00218072315309949
"400",0.170038449906978,0.172717707721389,0.171443363260073,0.173596314626426,0.180441813549896,0.184341445562123,0.188445356316628,0.194455672034008,0.203973495002255,0.209085606343001,0.215169323519164,0.222926850203374,0.228870360705812,0.235268729271982,0.239803200394438,0.243985114068375,0.25081090561309,0.257497378572454,0.263196370064025,0.268988507058837,0.275229713806239,0.279498297320847,0.283969035584373,0.286366961718098,0.288015905739563,0.288937522716252,0.287855085670122,0.288000167295529,0.288869995669762,0.289952474564265,0.291096776566684,0.293358559696343,0.294571957871462,0.296981311384308,0.299198414617103,0.302300462404107,0.303666457540461
"401",0.136104190363429,0.133590903022457,0.131648851784204,0.129318978342713,0.12578675548242,0.12307885252256,0.120589052479429,0.118140471838277,0.11579354320115,0.112919801835631,0.110284646493075,0.107605030020751,0.103956201131844,0.100628374835953,0.0966940418394422,0.0928333342539958,0.0878797481116886,0.0840041892158515,0.0802570579864604,0.0775555218201823,0.0751613507761786,0.0730644468026359,0.0704854208832187,0.0679383396411787,0.0661543679633512,0.063645996140704,0.0630791290278197,0.0624301728789148,0.0628801967896361,0.0638427237372774,0.0641180693856792,0.0634086324961437,0.0620937758485743,0.0626852247412053,0.0646378145322778,0.0641673249999132,0.0641583455637159
"402",0.3118281113469,0.306374056469896,0.30169988839406,0.296455235792944,0.290828429578291,0.285572151826742,0.279243736934289,0.2730863425397,0.267862194707754,0.259431516259617,0.253304325696495,0.246110465949972,0.23605921339357,0.226216409900048,0.215625750802539,0.203813335180005,0.187771423525032,0.183217454715971,0.180699563675759,0.186125899703112,0.195050509114389,0.199605823290978,0.203569532530648,0.204048739528158,0.202678739093107,0.198558108561709,0.197419714713627,0.199215957766608,0.200826116126479,0.205921617726469,0.207373931377831,0.211011571815993,0.209984735229695,0.219503470920417,0.229786766697225,0.235701465477302,0.241344273660866
"403",0.391472455150378,0.387408898106902,0.382719901818337,0.376939070602391,0.372010453490841,0.365518765580458,0.357075904786907,0.348046163402097,0.33987997644894,0.325660410887813,0.315768626702261,0.302998579915341,0.283727466206999,0.258377935521105,0.230494170723096,0.188946990989957,0.09138538510218,0.0665819197522503,0.092959421915589,0.160585532839903,0.21192406342368,0.230499538057726,0.244785266365577,0.248304384477211,0.244147148582266,0.233201048667213,0.222265300675001,0.220430005839334,0.214146741688306,0.223439477479295,0.221826466750848,0.225895555960683,0.217041941897484,0.23944967378857,0.260568056379781,0.271737493020883,0.280322109715594
"404",0.000997753178281602,0.00129659465488535,0.00139482658340054,0.00148923310525746,0.00169878469867645,0.00170208403185286,0.00183075894554566,0.00192807948254375,0.00204986688826215,0.00202107275161798,0.00210001747221913,0.00225392445607246,0.00231463493755177,0.00191512860484755,0.00190350775890969,0.00199668612049554,0.00261141233679168,0.00271030426007796,0.00307416474690346,0.00326573505826723,0.00352076020234865,0.00358156480435143,0.00352449388248764,0.00351831880379081,0.0033634914960934,0.0032127175534707,0.00266733588709566,0.00221496651813128,0.00184370506990382,0.00164596018056621,0.00151769759221221,0.0012009876621522,0.00103889780590045,0.000713244818490511,0.000512421901210467,0.000378744690040141,0.000245622928248327
"405",0.279740072650604,0.276156166899026,0.27405993063318,0.27188313561175,0.269063607842074,0.267079265433876,0.265077814797238,0.263139850309288,0.261747596405214,0.258799754825349,0.256318511435256,0.254103146858032,0.251210288513536,0.249961351571486,0.246775826376276,0.24377239839091,0.239191750533441,0.237320888402901,0.234259570790933,0.232978545074983,0.232091332635093,0.231431962958422,0.230906241572236,0.229427428048692,0.228989439804155,0.227531052598498,0.228144905511233,0.229133143186694,0.231513384558265,0.23365831061514,0.235080607149478,0.237288980303948,0.237772631362306,0.241681680578114,0.246127414092868,0.249090954512912,0.251820606499326
"406",0.164625797855461,0.161135272046574,0.15704652487783,0.15383518441963,0.151278207894855,0.149107298510697,0.147603183314981,0.146930383006788,0.149458410930162,0.150109749194102,0.152322620039448,0.155853824935223,0.157476308030086,0.158365459678332,0.158841766184683,0.159744174072035,0.163179992966122,0.168513463036399,0.17373192985788,0.178579211936142,0.185141414634028,0.188873787382136,0.192994135864366,0.194149343306881,0.193318731900871,0.191721152898075,0.187033995165393,0.1833247330257,0.179048678712064,0.175928600419122,0.173048354765326,0.171169546998984,0.168420564227168,0.165795839447188,0.162586120958318,0.162887760610874,0.160312486882976
"407",0.216854514263487,0.218592719502754,0.222861584286972,0.22633467710227,0.227368110968172,0.229408410687974,0.231801005312103,0.233468882727932,0.233511608779019,0.233760238980773,0.231923366121725,0.230437979640466,0.229768147917243,0.23262924978648,0.231451905316941,0.230026569299584,0.224756256060554,0.21787881779182,0.20729565064175,0.196225248855531,0.178963694377503,0.166955097065762,0.151911152798441,0.143078267397532,0.146173877491365,0.150460585085916,0.167809206325884,0.178747124424852,0.192310542233858,0.199264368042631,0.205603008937583,0.211438287943207,0.216267410428892,0.221877017605196,0.228028492412389,0.230345873574029,0.234938600797791
"408",0.0737276536425956,0.0733676652009231,0.0725003779831046,0.0712504556938837,0.0694988348071601,0.0676810681179979,0.0662310765965328,0.0647911475263564,0.063289037911285,0.0611806666553261,0.0594644545455951,0.0577914842135703,0.055426547631524,0.0524761055142427,0.0501282098693208,0.0480156346577378,0.0462340168012129,0.043900660648305,0.0421710159859599,0.0409240255020581,0.0397736154918914,0.0387670385394155,0.0373024803206703,0.0362647246782298,0.0356040022193416,0.0346827222016229,0.0345794796964779,0.0344626909427165,0.0349834266373075,0.035808020370546,0.0363326358517084,0.0359567805987302,0.0355440094124234,0.03539630709409,0.0361744722344508,0.0354209018081716,0.035000732490069
"409",0.123801441472381,0.126056463402498,0.12907238752672,0.131786385153319,0.132777401017119,0.134243112270258,0.136446781732109,0.138135282265064,0.139324121428966,0.140751035329702,0.140806901258547,0.141626417039863,0.142420999897941,0.144801518876639,0.144656441278871,0.144441800057258,0.142963037819164,0.14049014733268,0.13681062772615,0.132794029165354,0.127704268923797,0.124487697099091,0.121086974510679,0.11869679432596,0.118478252483081,0.118458039144729,0.120672671314988,0.121745260984324,0.124460956111646,0.12522868123268,0.126531211741474,0.1274588877612,0.128491421504873,0.128452285186766,0.128846561913559,0.128375882132377,0.128704292182022
"410",0.326677168522523,0.32529929759167,0.326022609275439,0.326335009725441,0.325987856099434,0.325951498874568,0.326063176396453,0.325473964102547,0.323781509854506,0.320575236453874,0.316902346412935,0.313077869098016,0.30971326779187,0.308292182383179,0.304602326720575,0.301280169544247,0.29436824054832,0.287208351688608,0.276217081414142,0.265922750432438,0.250797690952226,0.239797854760092,0.226327587706178,0.216674533095083,0.217200622689328,0.217405597747429,0.231806285648839,0.241309657415609,0.253924300517044,0.261557226876581,0.267645446117534,0.272990450759434,0.276594162949228,0.283638866864462,0.29147686195566,0.294627350732764,0.29889361569764
"411",0.332011111448764,0.333907543457313,0.335990380684503,0.339396007323659,0.344913291678074,0.348950182365236,0.353757758519951,0.358346252217048,0.363983434803851,0.365750804666713,0.367991794487335,0.371361996035874,0.374801648517252,0.376025020707195,0.377671864763781,0.380895206833131,0.388172319204057,0.392935334316151,0.39639531952745,0.399579170482338,0.402098548883604,0.403008974082206,0.40384439909678,0.403627176561481,0.404647005207327,0.404307867249183,0.400245633593906,0.397717594802756,0.397795783685888,0.399248688522604,0.400955269800741,0.400684866184676,0.400876662002763,0.40138744028042,0.402527476365018,0.40389059754233,0.401442438980883
"412",0.247049103714562,0.249137061124779,0.252964198981249,0.256398470672505,0.258912282013072,0.261416404590021,0.26376039765983,0.266088696425175,0.267047624423961,0.266778425749193,0.265232518561273,0.26410729422164,0.263833837488527,0.267506465166463,0.267668113743353,0.267390185835639,0.264541147154523,0.260047919802318,0.252625983603971,0.24677848339497,0.236703743870319,0.23191840993237,0.22622222129207,0.225731687990714,0.231899443966166,0.238191840655067,0.252111653650779,0.262565421382821,0.274136185967682,0.281473398343075,0.287718988812549,0.294222189206624,0.298988664203023,0.30563009660342,0.312426176810806,0.316231853855398,0.320196464071131
"413",0.177719565821064,0.194067732055285,0.210346318790892,0.223930422625593,0.232557019967037,0.240964250138506,0.250263575215869,0.257159552071783,0.262433961859439,0.267953144214514,0.270156729097258,0.273602335080358,0.277838270086944,0.28326661976721,0.284832468282146,0.286878894077329,0.288028146779253,0.287075125947162,0.28330419841173,0.278096940855928,0.2706534680911,0.265551232091617,0.260659473968131,0.256556897294212,0.256175688185076,0.255981772915609,0.257184235502821,0.256727070030355,0.25917908144022,0.258672980119104,0.259712603136286,0.259972018971786,0.261060385495933,0.259556046961812,0.257733998757096,0.25679682960941,0.255368821189691
"414",0.29389497564847,0.290067419376686,0.287705067404823,0.285159755848311,0.282000237762892,0.279602881420041,0.277090950543745,0.274556172533764,0.272506421796136,0.268734728334953,0.265612645670048,0.26256527670363,0.258719385432408,0.256349457113743,0.25219381212243,0.248226098299261,0.242267213603663,0.239654329147397,0.235869128159113,0.23423116639083,0.233180255389846,0.232212075386977,0.231317477908806,0.229283503569589,0.228304614496633,0.226045433622305,0.22628550053387,0.227013676192202,0.229208698541528,0.231511501322176,0.232795187050148,0.234802038826212,0.234812709177799,0.239160710235775,0.244229066356491,0.247336460933755,0.250241906106386
"415",0.247378934347975,0.247796070448687,0.248060724504612,0.250153633708022,0.253517373516259,0.256476557581203,0.260364842040258,0.264500872972489,0.270939119484604,0.27473746862513,0.278562233196839,0.283886052135609,0.288274427967853,0.292239697760859,0.294548239730226,0.297501506429513,0.302833516291269,0.308062895664273,0.3119784109283,0.3155444145589,0.319579744544356,0.321815650821869,0.324427525058616,0.324896510148954,0.325204743840454,0.324518163185171,0.320748192279591,0.318195436682907,0.316933278048501,0.316328481185051,0.316154083069305,0.316181581305645,0.315826681532033,0.315910903527607,0.31579390672617,0.317637880446387,0.316768980885155
"416",0.0520176919094683,0.0564489718344683,0.0542590407616443,0.0540052810179571,0.0615753889413685,0.0631322360357158,0.0624097891797318,0.0663041115556401,0.0720251729887184,0.0711372797816598,0.0739020555881771,0.0776338679124413,0.0802184732034406,0.0861893572031163,0.0927035914180566,0.0968709310598558,0.10393216474622,0.108383243132345,0.113645647821233,0.12148074403387,0.12811379587054,0.134553443559259,0.140169688938002,0.146378982939381,0.151949068061893,0.157386599852888,0.164898015352968,0.172452714097898,0.179524127494349,0.184848146241997,0.189139273969941,0.195419531520983,0.199586061592882,0.205668768696633,0.211597459786763,0.21584769772313,0.220920604547503
"417",0.134519321573906,0.134590060892179,0.135251581807151,0.136009977046112,0.135541533868805,0.135764793741388,0.136851223229071,0.137641609985473,0.138860808409104,0.140003943977842,0.140461545248098,0.141811261375904,0.142623219911632,0.144131939511661,0.143740244100102,0.143540210923092,0.143076056152506,0.142639429684944,0.141520477408547,0.140016796599123,0.138839764261771,0.137879237457491,0.137134847833647,0.135632892761675,0.134358551847059,0.13282073029058,0.13078790572851,0.12839713325491,0.126819167163692,0.124793701353155,0.123462067134251,0.121674784862034,0.120087794340824,0.117025635370798,0.114034932040005,0.112208468665791,0.109302092887187
"418",0.115593955594465,0.113647360476078,0.112007886319187,0.110100727565148,0.107010325714966,0.104695452954107,0.102992680569704,0.101088558760886,0.0996150309473645,0.097929864596516,0.0964408870027248,0.0952484051482763,0.093083711515985,0.0902126932336653,0.0870834737189252,0.0844499997974092,0.0818893032716672,0.0801468835972344,0.0787187962065153,0.0771187424968872,0.0765448686045714,0.0751835884363228,0.0737351393475123,0.0710689702886488,0.0678344440123124,0.0637539380447029,0.0579057774549492,0.0517315132522966,0.0457842101154869,0.0414005056600654,0.0372186671810519,0.0307762099400145,0.0248267300464682,0.0187050416533868,0.0137469370722824,0.0104540779022574,0.00578802359359172
"419",0.290530443087462,0.291709853602965,0.292317581808432,0.293642589039886,0.297964480791123,0.300055501740395,0.300857461786232,0.3036339074424,0.306445661329036,0.304602658114356,0.304001842191388,0.304014225712255,0.304367531111451,0.308778242417079,0.311418575678616,0.313252370773768,0.315794731461879,0.31685336160542,0.316689515315258,0.32020926325347,0.321443630980605,0.324639722419457,0.327171792624975,0.331584273227277,0.338298307262091,0.34405549870322,0.351955220422709,0.359243251184322,0.367591283226977,0.374708620308182,0.380618685275412,0.385577875059424,0.389298903929151,0.394868690879863,0.400848171666752,0.404129610236348,0.40484932164226
"420",0.436095810813733,0.439309995323541,0.441681625204066,0.44467992854787,0.451727944686833,0.455289755402054,0.460242641285709,0.463704853476022,0.467624352296255,0.465801099243117,0.466170667019614,0.467134932167943,0.468852133793446,0.462821566370483,0.462359004426383,0.465610290887454,0.476963107611811,0.482871216211173,0.48822476257923,0.492167136438171,0.495117311690055,0.494479477182803,0.493188896451615,0.490806829340423,0.490074026994772,0.487072316862598,0.476285406787628,0.468094187280887,0.463673170530936,0.462985809577449,0.462795563166793,0.45773732761554,0.454757277244479,0.450948377061066,0.448305357941007,0.447213228884945,0.439889698638671
"421",0.258208387522526,0.255937497687256,0.255438333776634,0.255235791625391,0.253974371013974,0.253887419673618,0.254593192360639,0.254883101695739,0.256024155126174,0.25639910050598,0.256373510425968,0.257272133192359,0.257740872925767,0.25885454573755,0.257694919884992,0.257211924158952,0.256421853679727,0.257035004722144,0.25613594277378,0.255044802426567,0.254556802408801,0.253611524347247,0.253235221368376,0.250916106591657,0.248925453210319,0.245974030991936,0.241469317529014,0.237003138899912,0.233703753819564,0.230410817719656,0.227760217608063,0.224750390416733,0.221457045062737,0.217678029553462,0.213452208416583,0.211957179562331,0.207490426816678
"422",0.0457978661943973,0.0483829564837003,0.0509126756417129,0.0529109685309936,0.0535686757298153,0.0541834159887318,0.0557397072490888,0.0564746145938246,0.0563986186324759,0.0568399732492511,0.0563234450396361,0.0561599715842038,0.055959936682588,0.0551336962180802,0.0539451988325415,0.0531641574176741,0.0521815083797058,0.0489969646539864,0.0455671403913469,0.0410201740715985,0.0356119294963151,0.0313902960751083,0.0267748613251614,0.0231232126312793,0.0210799506520446,0.0190952422779204,0.0175983825932878,0.0150566185209698,0.0139038043749605,0.0122469103646266,0.0113317134465758,0.00865427982289443,0.00722764692976657,0.00448778096540197,0.00267281418050137,0.00139477683595947,0.000536016799005138
"423",0.363739984549207,0.362576641780822,0.362163809958314,0.361953550237567,0.362899829485829,0.363093443139013,0.363742861671257,0.363889622866431,0.364681352523311,0.362338652428966,0.361119116037292,0.360467176433183,0.359791150853279,0.357736737130183,0.356035597683108,0.355864233164047,0.357573049761989,0.3595308985923,0.360160093954426,0.361311861813449,0.362556632825465,0.362472128009853,0.362547541365425,0.361015221751992,0.360502983079022,0.358471969916006,0.354301711839577,0.351403509585879,0.350723805845078,0.351233905465556,0.351690748416277,0.351248793720603,0.350369062109989,0.351386634458665,0.352952209852878,0.354771449438732,0.353673090580918
"424",0.398197958318017,0.396224413368486,0.393696340579175,0.390618371737018,0.389688451436586,0.386681238500468,0.38254186794648,0.378454353334424,0.37482209536564,0.365778916284031,0.36005298382738,0.353469855179147,0.345385242054539,0.337621029399564,0.331243421507937,0.324768994362294,0.317448653858042,0.316296426749864,0.315726124917227,0.322216253338424,0.329312299004203,0.334180393991307,0.338102071940109,0.340822848148381,0.344021318250399,0.345172567911847,0.348647718858914,0.353688174203265,0.359739441336812,0.366819604094906,0.371632797173909,0.37611571915395,0.378322147711338,0.385411347655685,0.393012242466458,0.397136016656064,0.398515562391602
"425",0.287165576903621,0.285986691938198,0.286836842900243,0.288144139171567,0.288436510532675,0.289767470758359,0.292326869874554,0.293919322834203,0.29630535521798,0.297796709254484,0.298574880561529,0.300426190707793,0.302104896334749,0.30324284966627,0.302541680390128,0.303056467763282,0.304181511601191,0.305789423163936,0.305584675458854,0.304441357098211,0.303747757489129,0.30220251893414,0.301328297029842,0.298150730361096,0.295408350864242,0.291459130438832,0.284160320945873,0.276723997606938,0.270509737979216,0.264320671768384,0.259225615981357,0.252395762186236,0.245967525305782,0.235753495131261,0.222697450600061,0.215786794148004,0.200020450601767
"426",0.348346227623959,0.348651373320795,0.348231164157009,0.34940333721272,0.354016593997243,0.356702778866816,0.359960542838114,0.36372201170538,0.369706719572303,0.370731726194579,0.373418207890696,0.377289585008349,0.380719956697302,0.381325932074613,0.38323953188129,0.386806351378701,0.395642053774572,0.402319315345267,0.408088489031297,0.413694019135248,0.418911280733428,0.421254306916259,0.423271302828662,0.423745569416635,0.424897417184357,0.424428124869644,0.419075781801027,0.415849614547006,0.415171155449556,0.416712645777297,0.418346323647479,0.417663677212156,0.417525450769221,0.417914924274056,0.419070229116316,0.420425442507311,0.417338112331767
"427",0.00078605129646976,0.00120006333616134,0.00140054892774712,0.00161037625228956,0.00213481852934459,0.00227848084480411,0.00242967799268362,0.0027050342358634,0.00287750490562812,0.00266231468317114,0.00262433120905398,0.00262440461713124,0.00259746249926926,0.00244691616618367,0.00267801581487467,0.00287869299068287,0.00360877789066591,0.00342692746322105,0.00354085349434363,0.00384986685928876,0.00388519230338706,0.00415328888114789,0.00417380559781308,0.00481964403153452,0.00571318221884441,0.00680469766703896,0.00854040966068717,0.0103302266065815,0.0123460541243581,0.0141164541494001,0.0157359363120942,0.0169750377092429,0.0182962419761926,0.0189994940397666,0.0201728921472077,0.0200051987962924,0.0205081310693757
"428",0.236602792256249,0.236204877197302,0.237624370766985,0.239270271958657,0.239650310505486,0.240983001682977,0.243062096316108,0.244677163850979,0.246537719434416,0.2478086572607,0.248089610858334,0.249325820791901,0.250488237318202,0.253049819868976,0.252796097413861,0.252920685636445,0.252272814170037,0.251969227654224,0.249856655990283,0.247647455835138,0.245112172023232,0.243350786212226,0.241990753108799,0.239923778423198,0.239285096535392,0.238154820102025,0.237441345334486,0.236441332168348,0.237172842462806,0.236818832932229,0.237030098984551,0.237401983717364,0.237397028552001,0.237495808721005,0.237624024111102,0.238377477336014,0.238340021885047
"429",0.0272903698204603,0.0319789367471601,0.0314299734090508,0.032789891802446,0.0399471478579502,0.0424470932694988,0.0440696043731734,0.0484894758832008,0.0547819992264366,0.0564180458865507,0.0603256836358001,0.0653850430583519,0.0692199436409457,0.0738805812056927,0.0791448493041571,0.0831607734053252,0.0902540355440468,0.0947432551583644,0.0998438442599491,0.105857072653465,0.111529878247069,0.116470784044465,0.120975009696321,0.125402156973184,0.128910597684206,0.132440738367489,0.136652194443614,0.141289884181627,0.145676434882562,0.149022042404096,0.15188096162463,0.15639750273734,0.159468276798259,0.163495939722752,0.167488902415983,0.170570601286911,0.174409426480657
"430",0.0364624844897818,0.0411173312135841,0.0444629646381398,0.0479359921595155,0.0515578817356481,0.0538667670078776,0.0568264431877659,0.0596031140316516,0.0621659037916696,0.0641106013167339,0.0655278122302047,0.0677618352484734,0.0697529688477494,0.0717130332880657,0.0731900965737806,0.0745864934408297,0.0769234077846274,0.0767944457634031,0.0767245639990311,0.0763155504110816,0.0755099847855433,0.0754188681329154,0.0751182528712245,0.0755453363663809,0.0764223339873381,0.0775675263311121,0.0791483617060497,0.080426552205251,0.0823004679166618,0.0832231525013222,0.0844716462293249,0.0856184113069155,0.0868593844943059,0.086797268196963,0.0870812548642942,0.086858439338054,0.087185439616418
"431",0.278414531448534,0.27672053890726,0.275677649658476,0.275651694895258,0.276362542019832,0.277205188281512,0.278700067636537,0.280456207049249,0.284115191388701,0.285402946620422,0.28717831185147,0.290193953419726,0.292497280016359,0.294728354942128,0.295586359321349,0.297187970701217,0.300640045461727,0.304742007278347,0.307624598201632,0.310587900362128,0.31410408606274,0.315987160976764,0.318234956563608,0.318393283486267,0.31850351473147,0.317548729456314,0.314061142638043,0.311755382631461,0.310764202213971,0.310453346462699,0.310388992882992,0.310586703362238,0.310178779389316,0.310798080195611,0.311368135198926,0.313416177481714,0.312983232067124
"432",0.260383853446855,0.260098010187692,0.26195818344495,0.263845114510099,0.264410852467886,0.265870624339364,0.267985274688489,0.269491395270485,0.2707697027798,0.271380401965876,0.270900505606778,0.271194430237713,0.27171896553486,0.273801955125998,0.273064559804499,0.272775306344161,0.271240051099676,0.269676058795315,0.265884986421825,0.262050842450214,0.257102850744777,0.25373167605254,0.250555254088457,0.247448830217029,0.246982976001199,0.246103363306859,0.247182380137294,0.247500002735134,0.250117531009312,0.251022328599458,0.252358887625603,0.253612483729291,0.254433874200916,0.255764318141194,0.257369900408447,0.258552473592894,0.259438512777462
"433",0.0738921058292507,0.0716081650543503,0.0680852623974111,0.064266234695837,0.0607118641013772,0.0568479375015485,0.052990512289622,0.0495993641474934,0.0473099335861316,0.0433423094144948,0.0414004360412585,0.0393908565253441,0.0357895674060291,0.0302443417332269,0.0270998408399152,0.024434589352968,0.0239518951198379,0.0251951668890217,0.0281260516009638,0.0319575724619358,0.0373001086373922,0.0400828583831477,0.0424628696150787,0.0434475333970825,0.042544993828747,0.0409850518649955,0.0376850270429487,0.0354951110912168,0.0327307016368341,0.0321138354476719,0.0308875003898522,0.0294095402931529,0.0273792527645585,0.0267369966263375,0.0268407931172938,0.0266781940073941,0.0256719271694237
"434",0.323604915678201,0.321999700708037,0.322339251550381,0.322958351492824,0.322899821913924,0.323604799491873,0.32551848082822,0.326265175350865,0.327688429195056,0.327878525967193,0.327770127234147,0.32854461023029,0.329247421176184,0.328574108067367,0.326827301198244,0.326703065072766,0.327442565563144,0.328797805795917,0.328313507088419,0.326734629625463,0.325735213405398,0.323462329165618,0.321857061901354,0.317500670653849,0.313501304242375,0.307823365330262,0.297617463257234,0.286851782018797,0.276842052192621,0.266953656000473,0.257868965359853,0.244411939172388,0.230597373248709,0.206811463253766,0.169221360297257,0.138227469244244,0.020026369134413
"435",0.291148849454828,0.290149841128369,0.291559960912465,0.292882820302723,0.292856557992682,0.293812102704981,0.295534104247212,0.296337747493275,0.296784479067486,0.296555555232016,0.29534064537555,0.294730935038473,0.294432313355843,0.295055267898,0.293214283893276,0.29217113695416,0.289664336981735,0.287289997152108,0.282371122178865,0.276965087166889,0.270274707867434,0.265000485015315,0.25980266836029,0.254204369436845,0.251671667940305,0.248375895467518,0.246993367804663,0.244342154378216,0.244708915721493,0.243367388147178,0.242867089406884,0.24107829146168,0.239479507859701,0.237504623559742,0.235923580777305,0.234273475739495,0.231757104305975
"436",0.240823779378654,0.238658805005767,0.238340817175853,0.238104981278022,0.23655031555844,0.236225397061279,0.236496782121403,0.236443993474742,0.236792254660249,0.236606621808594,0.235846305151005,0.235815438597835,0.235463470815062,0.236510618247022,0.234958250724893,0.233777339218799,0.231378798053705,0.230250213227079,0.227531108433176,0.224955291827591,0.222448001949592,0.220446217960413,0.218793269352842,0.216089586853011,0.214502664106635,0.212211183105919,0.2104140940725,0.208309468984369,0.207790960774244,0.206611865338363,0.205846796507633,0.204977823781476,0.203632858815514,0.202753688987348,0.202112931424005,0.202005781237546,0.200974431019678
"437",0.109798404367635,0.119859276210653,0.126162800420209,0.133896718155761,0.142939098614546,0.149002686859752,0.155135350631605,0.161692707706837,0.168981338508494,0.173987444299813,0.178194346788932,0.183881816841937,0.188901056847321,0.195646639334498,0.199538497978146,0.202814122562613,0.206828269474224,0.209813682933168,0.211732296800503,0.213959669053389,0.216004851920289,0.21825627098015,0.220772224182266,0.22272162392672,0.224893572664609,0.226880762142488,0.229024742482388,0.23142861953781,0.234566658157042,0.236548851002618,0.238622949562551,0.242024143403401,0.244320982009798,0.247375654062453,0.250253501728679,0.253202329032955,0.25581058093369
"438",0.279165465173902,0.27684416986938,0.276480441824741,0.276201264972889,0.274858019371936,0.274586972945146,0.274944077343243,0.274795251776058,0.275041717726383,0.274412981958816,0.273391719336377,0.273050733880752,0.272494687967083,0.272811261316639,0.270870085619667,0.269609924914066,0.267385696094002,0.266511730073774,0.263843941606556,0.261224233293092,0.258715546623909,0.256406590330822,0.254513988838841,0.251180842412461,0.249015207575344,0.245846206856146,0.242534932760072,0.238997004508123,0.237246145615143,0.235155548641173,0.233536414895393,0.231404535311748,0.228862295438758,0.226804074280853,0.224908292033279,0.224130171186319,0.221532703982692
"439",0.090614017467069,0.0905610850354586,0.0892787131137522,0.0882410671980258,0.0879212542879506,0.0869256374733543,0.0861125859080175,0.0860740208634537,0.0869506469586656,0.0862229431037352,0.0864322063737966,0.0873052388994322,0.0872474993712844,0.0874649907782335,0.0878463800213471,0.0880647893544489,0.0897552298872608,0.0908650991289141,0.092530189318492,0.0949201633306526,0.0976452170093598,0.0998986931256144,0.101935406941568,0.103730719016768,0.104991823818638,0.106144311623171,0.107689853335323,0.109645613086208,0.11172622283044,0.113474454039109,0.114946347782012,0.117246227437734,0.118662826363654,0.12068142838864,0.123016688612974,0.124571441144482,0.12664703723515
"440",0.218726336637643,0.218765706280147,0.216121286316878,0.216137264667969,0.220619270143953,0.222828437352521,0.224852344567736,0.229240869074432,0.237127138121957,0.240249912783427,0.245052641127609,0.251434988627166,0.256226161888167,0.261837329384009,0.265965154446103,0.26979243911712,0.276522167537222,0.283277631645847,0.289109121771766,0.295530410929996,0.302150190429529,0.306688737952491,0.311247136100687,0.313901985989784,0.31607107663246,0.317341958642478,0.316686432183373,0.317409086040491,0.319124329280463,0.321246746737256,0.323196851754249,0.325818677929045,0.327375084318615,0.330516815326237,0.33366974243942,0.336979617446357,0.33818658285353
"441",0.0729944748601639,0.0736107155488711,0.0736281956573287,0.0736282621203768,0.0731912422702026,0.0726616067092651,0.0729357930665608,0.0730395133795608,0.0735742716707242,0.0737303717932806,0.0739357056232016,0.0747802336364114,0.074926081027385,0.0742644093684454,0.0736154217835236,0.0733478891658114,0.0741417549715738,0.0740590862891916,0.0743027829441564,0.0740465260207628,0.0743408142775658,0.0741823332026359,0.0739545576547118,0.0731732959207979,0.0719451535156259,0.0705101147626528,0.0677842595772421,0.064984814646837,0.0624901882367028,0.0604342409341623,0.0588730851960861,0.0563089826656719,0.0542693281989509,0.050613665572763,0.0473733594168777,0.045067491760207,0.041650403925803
"442",0.201729968200298,0.202214665661158,0.202347164253942,0.203865030517344,0.206332463100144,0.208409301437873,0.211021841495956,0.214258461153641,0.219317456314423,0.222246090478452,0.225206045540479,0.229576610044229,0.233059530569943,0.23756064874905,0.239816220291133,0.242088290520703,0.245578171209571,0.249376001351938,0.252066749275345,0.25497586067007,0.258300443343068,0.260706112602262,0.263484879065487,0.264650948221713,0.265634565242434,0.266004569642054,0.265162909395773,0.265113689610977,0.265955974692102,0.266607316327805,0.267442127654781,0.269315242588892,0.270241964103614,0.272145747480205,0.273887543739998,0.27649918708905,0.277800279708271
"443",0.288357513365504,0.287560282092013,0.288806386056365,0.289998532430773,0.290373572800634,0.291319198522036,0.292647908499404,0.293523580505144,0.293970339792887,0.293208744810026,0.291755859860548,0.290822117212937,0.290232069699204,0.291399776707116,0.290086336288256,0.289198926258667,0.286799704540127,0.284294255465811,0.279389843783723,0.27506187346589,0.269042977366357,0.265214399696232,0.261317306904508,0.258349963353547,0.258983256684126,0.259188798433549,0.263121903222077,0.266056891389005,0.271351345336939,0.274584281763638,0.27763588948923,0.280681230715472,0.282758277009286,0.28651265404126,0.290698730569108,0.293189747433049,0.295526764194894
"444",0.239611620051979,0.236609966466171,0.235587318069343,0.234514282509173,0.231797458548139,0.230603679196454,0.23004231784785,0.229022842912181,0.228439487596736,0.22760482642126,0.22625692594427,0.225498561860446,0.224241711463429,0.224052475498265,0.221334855845841,0.219101130706898,0.215253731877628,0.213356377628911,0.209942432730666,0.206405525674692,0.203330660313303,0.200362716638458,0.1977332622611,0.193371998418556,0.189713362847478,0.184912774161386,0.179549373319243,0.173291957922377,0.168327987407279,0.1633154578496,0.158863523965618,0.152253682444154,0.145475276812562,0.137403631609244,0.129161691918266,0.122865633036373,0.111794464113469
"445",0.352602190089504,0.349668204766905,0.347605122725577,0.345650055264013,0.344021709335854,0.342454721257012,0.341505217870992,0.339879661298478,0.339777717366147,0.337281576881323,0.336112187087297,0.335616494162579,0.334365467524705,0.331130776341271,0.327986005830443,0.326552398618896,0.326826215173149,0.329919652573795,0.33200776743381,0.333914185496447,0.337568688435043,0.338089105163683,0.33916377500412,0.336542288099081,0.333044773937377,0.327407711186209,0.316219110121096,0.305851418532414,0.295395420909108,0.287211306053963,0.278722649839988,0.267863997383432,0.255066605911648,0.240703572817609,0.221754235274865,0.21270789620283,0.183124732822587
"446",0.101351603524285,0.101083858367215,0.101395380848123,0.101238618459289,0.0994376378404593,0.0983855052539016,0.0981009311257377,0.0972809071835503,0.0960874296054687,0.0952510745114999,0.0937566926339658,0.0925175730240385,0.090859608999273,0.0891315834425009,0.0864624904590557,0.084156187332034,0.0808775028892754,0.0769749020344764,0.0726398973426391,0.0676272650093749,0.062147992433874,0.0574947638906428,0.0523343677427983,0.0473838133253891,0.0439106672555198,0.0399463135474856,0.036622298959978,0.032043782741639,0.0292017591036982,0.0263415082079103,0.0240960382532155,0.0190754164191662,0.0153535016539777,0.0107235590808469,0.00748286845002665,0.00462947980418329,0.00210339747370915
"447",0.391775665736379,0.391393048961866,0.391480914889134,0.391640699638934,0.393356890574861,0.393763312734309,0.39484247122367,0.394929524523686,0.395440499136724,0.39245918284882,0.390862870962545,0.38971059655303,0.388709044455146,0.384812270982192,0.38238992038542,0.382091348386772,0.384436392075953,0.386529453573409,0.387318909906227,0.388121411525155,0.38910849746932,0.388193974808181,0.387429354414303,0.384678045985606,0.382917994002615,0.379267715270057,0.372066593526197,0.366243630547258,0.362813300867274,0.361255227717247,0.359814817362319,0.356679386872459,0.353448444583986,0.351768075435794,0.3506118076781,0.351018637850278,0.347401838577642
"448",0.314105864810678,0.314807863370134,0.31690341973687,0.319093131114368,0.321783956359082,0.32387552034324,0.325966839512167,0.328001653268149,0.329363141495549,0.328202586719281,0.326867175093318,0.326020956716764,0.325861404971284,0.327513663146893,0.327430249413102,0.327739896751321,0.327701980603098,0.326231038352303,0.322519492663605,0.320365319653851,0.315873214386028,0.3140068093996,0.311899991274608,0.311816920648062,0.315608386469765,0.318826996477126,0.32543156543312,0.331055309347979,0.338590012767232,0.34430666195498,0.349288016612656,0.353614674398392,0.356866440000141,0.361907246457565,0.367383409672363,0.370492343925061,0.372022878533738
"449",0.044526952097323,0.0440549691430354,0.0421725882658825,0.0400178207109223,0.0383581062624762,0.0359969040259633,0.0337133149286962,0.031824590443979,0.0303728240604313,0.027610428934386,0.0261936482444789,0.0247318252113815,0.0224014809021137,0.0190139672048272,0.0173986377085756,0.0160054896698228,0.0160093190367408,0.0160242267136432,0.0171524979582544,0.0190651339291397,0.0215303706208672,0.0230266143170224,0.0240682911714866,0.0250046420341751,0.025208333360673,0.0251604404639178,0.0249105719936378,0.0252443678500855,0.0255024157619342,0.0265925922084367,0.0271995076803901,0.0274864291372665,0.0274742949186581,0.0279652484690047,0.0291391533021129,0.0291197046134481,0.0292581908125398
"450",0.315197685120227,0.31554826941347,0.315971704319851,0.317443152417589,0.321090272031031,0.323429677487571,0.325851431256948,0.328909247612278,0.333043070249934,0.333351391257447,0.334555378274572,0.336790812921154,0.338952563508706,0.341176200659301,0.342808443821208,0.345168121260583,0.350131878331333,0.35389628053127,0.356419236644777,0.359862574795707,0.362619653951311,0.364546794926665,0.366366595746995,0.367517056511124,0.369856261472365,0.371067405143196,0.370689780135381,0.371438601017895,0.374235512196805,0.377569857599738,0.380646613367932,0.382649787801704,0.384247894385956,0.387141888461643,0.390559819995204,0.393049031324581,0.392553210167232
"451",0.264529867692951,0.267930687732974,0.271557921965023,0.276241370866233,0.281774304583458,0.286254114959816,0.291107962980602,0.296005477845102,0.301419429287297,0.304154896251091,0.306406728263222,0.309880074080069,0.313404413975923,0.317496135106218,0.319698265552909,0.322400297303775,0.326711858160865,0.329592430705518,0.330838937185353,0.332413655984563,0.333219102964413,0.334043520398538,0.33504060321544,0.335566260046365,0.337491995148478,0.338637277787793,0.338839319554217,0.339664468414004,0.34242669760157,0.344930554642975,0.347506484848959,0.349667162839823,0.351366585824107,0.353940920111458,0.356784848725021,0.35927772522445,0.359586899078253
"452",0.418344253520746,0.419653739069182,0.418715609480964,0.418407242264041,0.423931394951487,0.425084822978587,0.425515926871567,0.427172194285001,0.43033336297762,0.425634448589973,0.425173217106399,0.425236922192539,0.425281897032585,0.422504872177986,0.423830024964714,0.426818921200568,0.436766177126881,0.443568195726028,0.450353829552656,0.45898415338505,0.465986998045197,0.469818760029619,0.472268730227369,0.474499340366376,0.478213535722909,0.479874222711689,0.476856350264506,0.476133500209868,0.478545754838709,0.484007717593464,0.488758600655863,0.488418616388977,0.489314761119132,0.490498061099289,0.493334485620979,0.493604374353351,0.487869996495378
"453",0.0638991281850745,0.0627116776489865,0.0605596002951063,0.0579999612542326,0.0553785415007955,0.0524729826776136,0.0497011529939338,0.0471477444092663,0.0448994626467615,0.0415314702829266,0.0393642000173666,0.0370187392899494,0.0336336071685044,0.0290155108731426,0.0260745313739192,0.0234654180257468,0.0218285825605059,0.0207570081728282,0.0208236377680057,0.0217921785018118,0.0234830281788408,0.0241946626284111,0.0244611195298776,0.0244511381960254,0.0238243435004727,0.0227461962932382,0.0215723792843744,0.0209665023236163,0.0204184129105417,0.0210165164651789,0.0210422636614237,0.0205167246822285,0.0196600246232522,0.019841674234584,0.0208195035226715,0.0205691138218098,0.0202807483980831
"454",0.294608093390359,0.298631660644827,0.303810009064263,0.309466023368755,0.315270594388607,0.320224585503167,0.325785771178751,0.330660835350346,0.335192754139307,0.337334808641614,0.338618858989093,0.340926381085463,0.343844037498287,0.346625288101234,0.347992490102717,0.35034140989141,0.354262248180286,0.355829664390676,0.355395946927956,0.354911977270412,0.35297987569017,0.351790274849265,0.350734217488953,0.349875585556065,0.351478655952328,0.352333208522553,0.352686323628644,0.353267673607483,0.356356762232474,0.358922907839444,0.361714021740058,0.363401568037616,0.365019191493192,0.367100717863238,0.369621358313425,0.371564820886178,0.371213283336081
"455",0.0840199116603523,0.0840414089862923,0.0838176006072983,0.0834257924615776,0.0822549583927684,0.0812796445316142,0.0810518168494111,0.0805988071746504,0.080392088594482,0.0799633198365223,0.079498690325136,0.0795300811422286,0.0788922455986927,0.0776253530327789,0.076211112162354,0.0751894633261959,0.0747341890803124,0.0736834311072617,0.0728802039055385,0.0716822144848827,0.0709462981192491,0.0699797892669379,0.0688828147901524,0.0673516650110365,0.0656684469226202,0.0636859125481829,0.06074431874861,0.0575752277192631,0.0549192755652781,0.0527539440059518,0.0510246730775452,0.047932045741044,0.0454190538838087,0.0415371480294202,0.0382773335297242,0.0356466057199617,0.0319604031282098
"456",0.0630366452731705,0.0636891360386218,0.0640529416504796,0.0641240584881679,0.063249253968957,0.0625114281390196,0.0626731472244704,0.0623236880384798,0.0619526643704525,0.0616794751103239,0.0611745078174757,0.0610792805886929,0.0604519283962517,0.058637065475338,0.0569807420643112,0.0558931748147934,0.0553935556882392,0.053864361060384,0.0526030222425623,0.0504784646987133,0.048710526318279,0.0467316996626321,0.0445768213507051,0.0420195479426899,0.0394214263367171,0.0364765705587638,0.0319663043095158,0.0269805405092956,0.0226292731872601,0.01907207506482,0.0162464689949683,0.0117076666986767,0.00847693533393488,0.00451793930324685,0.00193748816117756,0.000841717724323972,0.000119343677897854
"457",0.271213147295631,0.274632206076802,0.279333937755373,0.284452592029023,0.289225502951951,0.29360605015952,0.298577650823872,0.302968874269927,0.307142005597351,0.309481790565417,0.310758424736404,0.313103373872137,0.315884819699826,0.319346205761983,0.32064603649239,0.322603239910138,0.325288377781186,0.326390578419904,0.325459236961988,0.324560275527243,0.322443577594588,0.32128945855649,0.32037516714937,0.319543185946217,0.320959122259461,0.321790052274965,0.322731825574322,0.323704993654245,0.326895365521023,0.329153759255455,0.331664348050314,0.333742927176372,0.335465345638307,0.337780284301287,0.340355207288466,0.342536073461912,0.343056415026149
"458",0.300014184164576,0.299438308522304,0.299184421324671,0.300034114195942,0.302440898847692,0.304204629419291,0.306361664805587,0.308967602679396,0.313125012930321,0.314091396133301,0.315756178428741,0.318582737732725,0.321011149670461,0.32330186210781,0.324669444731042,0.326813793748315,0.331339838145303,0.335493244422848,0.338403521101379,0.341754506271489,0.345028675103754,0.346971335722848,0.349035514871942,0.34968154116664,0.35091119982851,0.351031543807802,0.348986429801878,0.348210190863596,0.349232356000239,0.350918501593414,0.352608158531642,0.353899213181874,0.354696683569668,0.356756209944348,0.359109151825946,0.361577147168804,0.361371597935199
"459",0.199500833951686,0.19561571596352,0.189690024521989,0.184236825726915,0.182511359954149,0.178825570196424,0.172658181190016,0.170392102667074,0.170584977683802,0.164290383497464,0.162564536718408,0.161091282522141,0.15762345255887,0.159569011222609,0.162413814602901,0.162811439376483,0.165643240324973,0.17016859771526,0.17589527452088,0.186828380850129,0.196422552087778,0.204815201987351,0.212046321992368,0.21911753014625,0.225439192799008,0.23100327399488,0.239134730926637,0.247538290463932,0.25549485153732,0.262063612282615,0.267044914662706,0.273871586496296,0.278063588492667,0.285482799173208,0.29272323410692,0.297752344425187,0.302470135772624
"460",0.437035624596986,0.435121852811504,0.430006027955077,0.424218207950569,0.422754463214265,0.417209065071217,0.409714109184876,0.402900993743453,0.401001293247292,0.389911693521829,0.38728700259804,0.384995079168536,0.37884946451995,0.367489957726616,0.363034749238279,0.360250972582597,0.36789358016016,0.384526183633065,0.401808860428294,0.419845677814121,0.438186633902238,0.446638912154303,0.453456166115431,0.455949914935939,0.456605319197626,0.454544943367363,0.444937873915843,0.439585912535361,0.435828822939882,0.437433783112203,0.437937565848498,0.436457716371039,0.434495087797125,0.436117193726573,0.438778144965801,0.441258217314948,0.437824745050069
"461",0.3045121900214,0.302618947215187,0.302507990719537,0.302575891905368,0.302094369146578,0.302281559697657,0.303132590941572,0.303416037271039,0.304153153127091,0.303496837096169,0.302687846814182,0.302600358774401,0.302415334219851,0.302501481772004,0.300882684104693,0.300207725255972,0.299367312504778,0.299444041282741,0.297731450618872,0.296058378864634,0.294466641068535,0.292726763831285,0.291424753170121,0.288594668364867,0.286912117960763,0.284122526623054,0.280529183181981,0.277110466924397,0.275593905332115,0.274034655107339,0.272899607325904,0.271342296206085,0.269370748885705,0.26817400995431,0.26711156931229,0.267294334718026,0.265404630903273
"462",0.00964644283612241,0.010741528616014,0.0108068321151387,0.0108982003819289,0.0115701723387185,0.0114419036909825,0.0115905410092846,0.0118538717011207,0.0123333818039228,0.0120894594191458,0.0123514467991619,0.0128674130812325,0.0130199326028199,0.0121364427718158,0.0123264611051162,0.0127091996169012,0.0146454602141101,0.0152037954762617,0.0164951240853614,0.017639811224991,0.018937523156218,0.0197563970925331,0.020257499930203,0.0209278688603474,0.0211537361441757,0.0214121925347299,0.0209719549366327,0.0207470850119973,0.0205800273692633,0.0207557943999106,0.0209975841700833,0.0206840781080253,0.0206626486664476,0.0197574888256319,0.0192986648745316,0.0185447778511707,0.0177544652017187
"463",0.282165838485365,0.287848261724233,0.291497476115799,0.297829032753266,0.307428040661716,0.314156477642993,0.321377087337652,0.328901787523492,0.338146659392919,0.342674902488806,0.347403948306508,0.35352442769214,0.359168250531269,0.362847704330781,0.366297126984809,0.370868868673326,0.379928845082724,0.386204401812236,0.391232834524116,0.395920294092549,0.399958772439313,0.402031543345889,0.403951581751906,0.404690495033749,0.406314826617841,0.406633206740471,0.402887537760758,0.400813872240577,0.401165816481382,0.402950357963715,0.404962524333416,0.405077650350828,0.405631862282917,0.40638952249732,0.407735592439446,0.409274550401275,0.406895538653706
"464",0.161521101906668,0.162820062577548,0.164956403527479,0.167197560930531,0.168238540068334,0.169750873867432,0.171869138940379,0.173799540863726,0.175780359263721,0.177412744940281,0.177992321990661,0.179522050610207,0.180865103432579,0.184101471428881,0.184542024268925,0.184868295262484,0.184298223024061,0.183486059911351,0.181395484967054,0.179438422359503,0.176997060444901,0.175824021314082,0.174825919112784,0.173980854049658,0.174474904825644,0.174912910227904,0.176816040473244,0.178242409423854,0.180923785725821,0.18204519386951,0.183464895642736,0.185486959399441,0.186894573302897,0.188439943221446,0.190117459263362,0.191469049093345,0.193153382020668
"465",0.199757633972596,0.198041656841018,0.197692111442022,0.197632794251707,0.196299752753244,0.196166685281974,0.196872127344921,0.197305087018774,0.198609903504545,0.199577982940579,0.199985160484,0.20138029460139,0.202167061364634,0.203861833673694,0.203150444524091,0.202809382867381,0.202068256366495,0.202493513427977,0.201779847445892,0.20080454016782,0.20051585821265,0.199941054477541,0.199863480250922,0.1981302419324,0.196416778942384,0.194058722624287,0.190464780974999,0.186750453779918,0.183832251888888,0.180742227558533,0.178345434125266,0.17573838336473,0.172982695857155,0.169210531664216,0.165068389458324,0.163336960645177,0.159279468855266
"466",0.000941802557189926,0.00191504726202002,0.00277706238141376,0.00402112702157804,0.00601917623342555,0.00738996557674549,0.00927283225588846,0.0112239247647771,0.0133398909195268,0.0148976171135494,0.016444021802329,0.0185908151723383,0.0205587716057327,0.0213797324506502,0.0229375356485208,0.0246515662769965,0.0283042741923424,0.0292334448146113,0.0307304834656524,0.0315523964110097,0.0322532234064205,0.0328430604819676,0.0331552350794826,0.033889698303953,0.0343780566315571,0.0350999082977629,0.0350088444335184,0.0349011137850564,0.0350019004983121,0.0349771558093081,0.0353472271283939,0.0351012375610079,0.0354229326362325,0.0338928784165761,0.0327219042324295,0.031575526067225,0.0304181521049238
"467",0.19745494713437,0.195619434024318,0.19379116198861,0.19275251241283,0.192314363985459,0.191973371948688,0.191835437250699,0.192614638950457,0.195135865787379,0.195690271759244,0.196914995289194,0.199267738349927,0.20062716944351,0.203454835638828,0.204496370964583,0.205400279570854,0.207148911386895,0.209978860079098,0.21215813486032,0.215147164265253,0.218719994106557,0.221437458789191,0.224407080612092,0.225925726984304,0.227054865650343,0.227637885560294,0.227908363829684,0.228924732863047,0.230519806667594,0.23183310406391,0.233012866582206,0.235588932864684,0.236833716882931,0.239671980368119,0.242455711968966,0.24542744873018,0.247762046780892
"468",0.400117780866204,0.399175785910079,0.397290166734858,0.395779422080965,0.397449209686236,0.396900551685716,0.396533356160368,0.396216070629705,0.39805505221963,0.394596097641841,0.394308298342507,0.394754586691166,0.394562637466645,0.390787548812845,0.389878975789047,0.391079466856105,0.397717635729993,0.404420200380053,0.410722532216123,0.41741531432213,0.424441943176975,0.427330452770841,0.429782486094632,0.429898293373491,0.430117287320224,0.428299533756907,0.42097992185181,0.416315654680275,0.413977384157115,0.41479681386374,0.415391517364092,0.413854103449393,0.412493365068293,0.412799894610725,0.413951221541826,0.415543880825467,0.412345819429119
"469",0.208559214838218,0.209556110865713,0.211314086452614,0.213976851520223,0.216136250328985,0.218663114281227,0.22211574066736,0.225321442115729,0.229638588762068,0.232849866042267,0.23524004634107,0.238969364328603,0.242173979310013,0.246176438202795,0.247565354102256,0.249278118524689,0.251535128213295,0.253994159043123,0.255021263375108,0.255765593234877,0.256846817778084,0.257511887230442,0.258713597725423,0.258372039908984,0.2582450994382,0.257536128609533,0.255420730140826,0.253699069801475,0.253095885783431,0.252115406289771,0.25174153351775,0.251951851977774,0.251726565826968,0.251409875813902,0.250767017905778,0.251925853424414,0.251492549379865
"470",0.155294434330365,0.15706227462614,0.158089635183611,0.160358086057701,0.163193070998705,0.165532839708324,0.168571500621532,0.171985636831895,0.176949494882158,0.18033563706523,0.183435502899177,0.187944899477924,0.191541663754094,0.196110842413621,0.198394206107457,0.200573128161516,0.203679177082943,0.206852397979444,0.20909947108417,0.211322691646691,0.214050454195738,0.216133743212777,0.218620070501231,0.219655313931699,0.220337808844122,0.22063341620078,0.219968501870708,0.219823938907069,0.220291691273188,0.220316544292271,0.220675332258384,0.222214582489953,0.222925848499225,0.22402518173519,0.224876077433443,0.226869340460632,0.228004477233089
"471",0.189247513238612,0.19080715511773,0.191019448072228,0.192097226508908,0.19552217772457,0.197110432132313,0.197638762164822,0.200314918956251,0.203560700009773,0.203354144524284,0.203988392257578,0.205524443019002,0.206779448844742,0.212401387397063,0.215555033191934,0.217368932410007,0.219248673444152,0.220545623462431,0.221081390115555,0.224482638898566,0.226620609172918,0.230215831681236,0.233479028292553,0.237766036505241,0.243134650660882,0.248103298058709,0.255772665180018,0.263064864056399,0.270736732338864,0.276489855133639,0.281248916370614,0.287248542721812,0.291256705572787,0.297532208236655,0.303742591912087,0.308063358791474,0.31197324123309
"472",0.169956494993458,0.172070940275361,0.173593171447084,0.176206445566349,0.179420383208631,0.181994249416747,0.184976898900274,0.18848946987458,0.193166394209031,0.196090602794395,0.198686729705884,0.202613437706709,0.205879871289304,0.210750897198851,0.213090318220163,0.215176846348158,0.217860187092053,0.220454319365164,0.221990719859841,0.223918438692018,0.225960630240759,0.227889635927775,0.230138066122185,0.231439731291898,0.23288483005663,0.233974442390243,0.234945683679097,0.236332299046337,0.238543268596373,0.239956068375959,0.2414720632071,0.244203721722622,0.245868017986652,0.248470425213847,0.250948075583698,0.253692011083127,0.255863347583668
"473",0.167004713993821,0.172718584032325,0.177547401023475,0.182970052167797,0.188552855649373,0.192858007428813,0.197196605413005,0.201904928267015,0.206702741247838,0.209804622966375,0.211961374510129,0.215346088645572,0.218637801173417,0.224504335199942,0.227200183347549,0.22938356005598,0.231413111478736,0.232548162171123,0.232263425974685,0.232773879577123,0.232469753542734,0.233442768834447,0.234595711268231,0.236083252116162,0.238862840526682,0.241472448420291,0.245532284046794,0.249404058486363,0.254330064960452,0.25757969554133,0.260684323192814,0.264844774669756,0.267758743889109,0.27183793079742,0.275876420045812,0.279149617202287,0.282162905600848
"474",0.189209477756972,0.187854020501229,0.186491097856648,0.186455845371467,0.186715389263449,0.187437313424507,0.189269752132006,0.191326951817825,0.195923002676379,0.199063243426514,0.202323138191221,0.207075622154091,0.210496370924083,0.213817449083581,0.21527734901339,0.217146812623046,0.220594734931734,0.225104597177454,0.22868245103412,0.231704527434146,0.235958117326643,0.238339016068014,0.24129664088905,0.241632681409822,0.240873075743895,0.239355410188401,0.234887584435891,0.231169691040516,0.227641621878415,0.224606488325994,0.222171347517742,0.22049055045505,0.218307756222311,0.215564502514732,0.211980390584677,0.212133611245424,0.209324697754399
"475",0.289935107837854,0.285129980976277,0.281560514563447,0.277508766862435,0.272823396020949,0.268789124431935,0.263947292491617,0.259363821099444,0.255005350175261,0.248247107970821,0.242709237628584,0.236292251513041,0.228138984435293,0.222089597951857,0.214407300300307,0.205739745584052,0.192231787330103,0.184440607251964,0.176110192983347,0.174389739858984,0.173350231154183,0.173148244978209,0.171961212477408,0.171302096011785,0.17269189570339,0.172246274575082,0.180687869976857,0.18929732462811,0.198330685545232,0.206596986119132,0.21157030622113,0.217990866783485,0.220692064874644,0.230432263823797,0.240599074263869,0.245903626894611,0.252116920607266
"476",0.219368306327682,0.21414285222635,0.205788872138055,0.199577194130585,0.198293349144026,0.19554686552795,0.192689095234832,0.193211260379379,0.200948908689571,0.202712711243977,0.208858556074975,0.216774758467723,0.221322427499629,0.224801679676155,0.228645598240983,0.232496435917379,0.241275297175625,0.251822100386556,0.261663326032543,0.271199061055615,0.281831109910521,0.288090553567236,0.294365513885583,0.29719073928762,0.298088987091909,0.297888460341954,0.294137481627691,0.292333181146657,0.290705506459798,0.290499543863669,0.290189215992965,0.291301616110911,0.291125924988909,0.2927804687364,0.294143230336576,0.297395354572134,0.298108428351229
"477",0.189961937762266,0.196592773837707,0.201351249843416,0.207601635203853,0.215123562204073,0.220604129760862,0.226148933546144,0.23221479359466,0.239130715360048,0.243372107945089,0.246980026549628,0.252020313957594,0.256638472319686,0.262851723376307,0.266278272941186,0.269470852758543,0.273745506574382,0.277087272937122,0.279008992478584,0.281423928775445,0.283407383149317,0.285427602797309,0.28768647217531,0.289296583200787,0.291621516260476,0.293427148088555,0.294866763210341,0.296806171040195,0.300023478724919,0.302515712689569,0.305016511164849,0.308134994257499,0.310310660304383,0.313551477792559,0.316789351554671,0.319846445991236,0.321549340539611
"478",0.260567509078084,0.258642238770952,0.257590623460426,0.257221377241843,0.257121164214581,0.257361672489743,0.257983572897615,0.258976031273874,0.261353125490404,0.261763726669904,0.262517579288831,0.264333429977922,0.265553919931313,0.267790029190798,0.268157279591512,0.268887395688269,0.270375052398083,0.272873001352481,0.274186968146692,0.276118091933753,0.278440232555273,0.279988033843478,0.281883110530031,0.282231084061138,0.28280592473381,0.282550820364026,0.281398011354595,0.281069797474553,0.281949166227944,0.282843148938656,0.283753692898409,0.285383279623313,0.286008353915354,0.288175428796284,0.290387402043923,0.29302834138723,0.294193969763381
"479",0.229457553225466,0.225386661159015,0.222898520248904,0.22037013053118,0.216385440497293,0.213926098406192,0.211951334645719,0.209754068869797,0.208541219681344,0.20683272213327,0.20526574348405,0.204232755970424,0.202183469253522,0.200630123423603,0.197150485414638,0.194197113792299,0.190256729703115,0.189450191802379,0.187883453153369,0.186488690271694,0.186663101621029,0.185661869005655,0.185131695957937,0.181935943149442,0.178000745007482,0.172608568552838,0.16477863400835,0.156496685343533,0.148032072511814,0.140939747696517,0.133797789945035,0.124017499956562,0.113007644675624,0.100969969023168,0.0879663426928362,0.0794867241772238,0.061210153485483
"480",0.27286272230075,0.271405287264677,0.269780438641531,0.269444718747902,0.270986886119692,0.271918431642809,0.273015592093734,0.275169290120563,0.279535822087536,0.280571723490711,0.282701007785656,0.2861039745239,0.288660508057246,0.29177794697915,0.293633984404741,0.295831315008566,0.300261585397957,0.305086531147912,0.308873390210307,0.313347247880207,0.318042354945491,0.321113792581646,0.324308552949583,0.325791321447734,0.327299138498843,0.327795173511189,0.326432513484607,0.326376688711806,0.327660424256053,0.329468350001964,0.331154933393103,0.333123307080041,0.334207779777436,0.336895013556543,0.339722083951411,0.342686477444536,0.343383480701728
"481",0.253271645259973,0.250515606543642,0.249777195958997,0.24926270343968,0.247190574965326,0.246699784490341,0.247246523622929,0.247080363570765,0.247859125572503,0.248378799942925,0.248324407398233,0.249209856190863,0.249549092986727,0.25004322162638,0.24821151150535,0.247271155895775,0.245880738369866,0.246355111504172,0.245309635097401,0.243465869894925,0.242689893436919,0.240978456259394,0.239985395916686,0.236225806770522,0.232183973263434,0.226804849483723,0.217781124477499,0.207756637339576,0.197656539618712,0.187552889576993,0.178191182622385,0.164623873594898,0.150517076438351,0.126719397993248,0.0917070555899092,0.0648733614034879,0.00232456048995533
"482",0.286882394281913,0.282649305777638,0.279813089617154,0.276777240806162,0.273054272305529,0.270186210814175,0.26714464507013,0.264146803021085,0.261815471528383,0.257761071412835,0.254525320702637,0.251329174996136,0.247097593033937,0.244206796798586,0.239633043585225,0.235198470148707,0.228840195895993,0.226482418247513,0.223283067072287,0.222387034290245,0.222546994709179,0.222240946639339,0.222046011010811,0.220255128421006,0.21891836917966,0.216175292958022,0.215303096468569,0.215178367071271,0.216239451303149,0.217948588322395,0.218551189813713,0.219968368386387,0.219245115435924,0.223260567009894,0.228075794337995,0.231096723387384,0.233796369589451
"483",0.309994321942295,0.307118550695806,0.305955013789559,0.30476400725191,0.302919864635495,0.301836627142318,0.301188341185091,0.30002930524161,0.299335160812179,0.297237796881102,0.295322228669851,0.29386160823116,0.292052665646833,0.290678432398857,0.287626607361249,0.285414588893259,0.282247794395982,0.281183171767332,0.278450282467483,0.276168864679274,0.27437125186262,0.272256751642003,0.270539486461323,0.26692127803405,0.26420511303402,0.260065275050029,0.255525827221257,0.251060600922144,0.248309919351558,0.245968935294215,0.243702664971767,0.240767953065941,0.23694872799354,0.235000741962481,0.233536642362082,0.232962652645231,0.230074195554881
"484",0.345888179438615,0.344581066576365,0.344489356700756,0.344431621689675,0.344931979967739,0.345066260281188,0.345453794531171,0.345426213856196,0.345457048818233,0.342885195942545,0.340905165811216,0.33930153397646,0.337838727422814,0.336524779920242,0.33450262969309,0.33347886135592,0.332579454841858,0.332032606712521,0.329713759923772,0.328504707595251,0.326680498923659,0.325240520448765,0.323884874953765,0.322083048529303,0.322414324314165,0.321605968199636,0.32179754202247,0.322407977197521,0.325306804980862,0.328022696615085,0.330344517048026,0.332232973750794,0.333182024548791,0.336549611183033,0.340494323263479,0.343126598249367,0.344086062100498
"485",0.494327529198355,0.500548063534616,0.504091730695427,0.507669101390005,0.517682550953,0.521408480836222,0.526428141943147,0.529354362082608,0.531750421948655,0.526193415629505,0.524589626363854,0.523004057706284,0.522773046493864,0.5114718540022,0.509732831681224,0.512839658990264,0.526760042018253,0.532848683325899,0.539173845554487,0.544165784981692,0.547504940813437,0.546366953730852,0.543876314851462,0.541079512227517,0.540604521375341,0.537368373774231,0.524952285352719,0.515892867328603,0.511599124099966,0.512548129339331,0.513686834355601,0.507650925677699,0.504612552740664,0.50075943935254,0.499097699292693,0.497207200609236,0.488064237395296
"486",0.495628747916709,0.502410260612869,0.506698349747855,0.510972504666725,0.521682083735613,0.525971320687303,0.531602550782236,0.53496412334126,0.537232785685595,0.531590516032785,0.529647878792502,0.527620855312977,0.527257599015951,0.515839247893141,0.514044072114296,0.517125770374118,0.530767758487248,0.535845241621339,0.54096490785984,0.544780146413326,0.546528218782997,0.544554526360057,0.541254290676431,0.538141019857733,0.537886692893181,0.534985229946832,0.523776928010428,0.515611703914314,0.512439276511487,0.514109113738293,0.515967189775574,0.510440886853948,0.507982975266552,0.504594241140362,0.503510652713222,0.501558080847016,0.492584163758914
"487",0.0613117062896209,0.0620246199017825,0.0618773269697399,0.0615871716856541,0.0611636566536504,0.0603442926677236,0.0600619191781017,0.0598051009690359,0.0597313121434691,0.0590059636752837,0.0585874660513877,0.0585701669339968,0.0579362762449632,0.0566165197609138,0.0557852280788245,0.0551991203849526,0.0556613226884484,0.0549675885187258,0.0548332869090456,0.0546888942931546,0.0547574653591043,0.0547025236657268,0.0543568037842457,0.0541312416495836,0.0538136594782046,0.0534027255459155,0.0528330647927205,0.0523034919329245,0.0521988353411314,0.0522600293051953,0.0524038634510858,0.0519047433212125,0.051562560110278,0.050530139811797,0.0501474674964669,0.0492037432780392,0.0482642124474399
"488",0.290573475330143,0.292952319600468,0.296651784219899,0.300995790889088,0.305361859481307,0.309374299583151,0.314173209440904,0.318319542473158,0.322613362560193,0.32480782673802,0.326246220469744,0.328775482021104,0.331620705639795,0.334253106609554,0.33534865055474,0.337435554045001,0.340989919001988,0.342980778972471,0.343091506898762,0.342987703100149,0.342038910836155,0.341240524841399,0.340720004952436,0.339648261048314,0.340358783674073,0.340243963000491,0.338937248046155,0.338094249496238,0.339565570099636,0.340774902780874,0.342397470596091,0.343301470410803,0.344129189498041,0.345320992683884,0.346773594761079,0.348486891578856,0.347989629524022
"489",0.286166992209204,0.284819375724265,0.282532598582421,0.281806134112181,0.284236140087222,0.28525895483525,0.286065583946977,0.288587428064935,0.293745230478632,0.294425048094988,0.296932754554147,0.300736829799132,0.30357605432269,0.306951163573104,0.309561906332977,0.312405173594675,0.318301498672109,0.324186584020781,0.329172293431872,0.335146577554757,0.341044225747232,0.344948767751059,0.348722008620693,0.350916936740208,0.353200357638442,0.354339825364689,0.353356393895716,0.353881122583692,0.355905163671948,0.358722377014609,0.361230642408872,0.363477769396014,0.364947817537321,0.368075522547458,0.371510283404599,0.374495810155991,0.374700767606148
"490",0.184673272266309,0.18337564239245,0.182524612007168,0.182106364111369,0.181523801072691,0.181309147225907,0.181362991075069,0.181958931196969,0.183528878192286,0.183802051794866,0.184182890037695,0.185495274269649,0.186124889601037,0.188529459753858,0.188864102125831,0.189030766940653,0.189168004962432,0.190073439710016,0.190241357910384,0.191261323965467,0.1925490888472,0.19390395683077,0.195467298808791,0.196289832766066,0.197315594442743,0.197974058818531,0.199323667094675,0.200986794901503,0.203378134795122,0.205008459697536,0.206503078748853,0.20922270859653,0.210702526362643,0.213563781199214,0.216490409396346,0.219112921501293,0.221675864394525
"491",0.242324210182928,0.240498868038479,0.239507490942359,0.239141141073637,0.238888605265845,0.239033525199271,0.239499241425309,0.240411136834858,0.242585213580182,0.242990101946029,0.243633804006287,0.24531312941938,0.246385252366521,0.248868657143747,0.249267206460507,0.249834162240132,0.250807020194794,0.252815838346212,0.253701034574802,0.25533292185083,0.257301382701254,0.258810625929787,0.260650085362898,0.261174877437673,0.261962834410034,0.262057095276253,0.261841726871413,0.262285362078611,0.263812455706225,0.265057200307426,0.26625610261655,0.268393507851311,0.26939432378762,0.271989470728917,0.274618164357573,0.277405192141963,0.279147097113161
"492",0.213104637301248,0.212569615356628,0.212755079314515,0.213677386010289,0.21442022783816,0.215554678587004,0.217269703167979,0.21919670298083,0.222273917841094,0.224015732549209,0.225472322761622,0.228111946798513,0.230177903235589,0.233548410340581,0.23450078859639,0.235587070260365,0.23700288176077,0.239010292978122,0.239807487043956,0.240880757878057,0.242274199753413,0.243381968010834,0.244905820163864,0.24513629535173,0.245593591282551,0.245503448684487,0.244873485887018,0.244703712635822,0.245559619278095,0.24595179039828,0.24658015158884,0.248123210638862,0.248791072237337,0.250320866345005,0.251761394967924,0.253923125196125,0.255115986999953
"493",0.368568051143217,0.365580905557063,0.363081287096226,0.360100202406092,0.357825811724397,0.354828229988505,0.351243235294035,0.347348165916611,0.343767624711643,0.336641346646023,0.331519492628515,0.325796873012821,0.318845124957516,0.312122871883141,0.305202385674082,0.298473979766433,0.289316503426359,0.285856295253317,0.281823028995567,0.282516721915047,0.284665001202091,0.285500932380042,0.286101045988758,0.284868896032551,0.284285003675031,0.281495044512997,0.281951316608377,0.284025272974959,0.287442422431639,0.292277328080901,0.294811157118996,0.29814430261443,0.298449645490888,0.305822469840701,0.313914008212478,0.318572853092601,0.322084517316278
"494",0.223846444823512,0.223900782984815,0.226124880368057,0.228492492186605,0.228874487589298,0.230612346905606,0.233476491362122,0.235396325377118,0.237508351531946,0.239673680022708,0.240360838838868,0.242101023503363,0.243764910537601,0.246356691992273,0.245933107583045,0.246090016992659,0.245374617774755,0.244991861103296,0.242665916201328,0.239457937184784,0.236101093979104,0.233270000334053,0.230960242474939,0.227356136564733,0.224916046219117,0.221873458616257,0.217821602933162,0.212873687741372,0.209561878977289,0.205113140001577,0.202013460025457,0.197594175384905,0.193895063013501,0.186789979605453,0.178437723896999,0.173343129476333,0.164399650258871
"495",0.232076508449507,0.230652545061113,0.230248373527829,0.230227042886832,0.2299936852342,0.230196695823995,0.230578206903779,0.231369457757142,0.232842894623629,0.232811926928771,0.232732931312895,0.233512800652651,0.233916721380516,0.236434180793975,0.236543927072526,0.236591880482562,0.236223924334614,0.23662644190448,0.235795565860143,0.236075891124414,0.236197967520573,0.236878718996832,0.237773116032905,0.238242284850749,0.239669247017482,0.240610029863747,0.242795357735987,0.245175562387639,0.248703184792206,0.251232182241755,0.253501713655239,0.256786193810211,0.2587322295721,0.262479975125731,0.266333160106064,0.269451127930885,0.272196223933071
"496",0.114478942508112,0.116306354431563,0.115928047861629,0.117112371014192,0.120299608365285,0.122049164368059,0.124290921137365,0.127567935969863,0.13296789014519,0.136029536032732,0.139675805658299,0.1447413772728,0.14850324853351,0.152825423315753,0.155795030699468,0.158438468584368,0.162844373483378,0.166958704472872,0.170680580286462,0.174462601865863,0.178867114432202,0.182155212966811,0.185672607423006,0.187722613499873,0.188865782993848,0.189720528044211,0.189671949689165,0.190294372067736,0.191111676190763,0.191606376687203,0.192243627104919,0.194345025887505,0.195426826741951,0.197080608792197,0.198529849819973,0.200801769222016,0.202592615644622
"497",0.195701834709187,0.19902354840345,0.203622554314664,0.207732464184893,0.210470636336587,0.213236949626455,0.21596083284963,0.218640097945647,0.220064852557394,0.220815054567763,0.220007867905177,0.219799705069157,0.220249473805739,0.224637499233846,0.225265814036387,0.225281687630533,0.222796030520758,0.218828616147928,0.212403173452091,0.207147974198268,0.198457457666293,0.194400412217617,0.18966630962877,0.189200593729174,0.194163491408319,0.199465958430906,0.211425888437904,0.220594162873052,0.230918259835507,0.237189543390826,0.242681812872782,0.248867728174556,0.253434884631642,0.25950306569938,0.265682557954154,0.269279265852276,0.273771157366045
"498",0.0984937016099576,0.123440900662782,0.14044028867517,0.155968967554431,0.169735264843986,0.179366255106296,0.188574295032279,0.197125299446843,0.204846544603596,0.21080708123317,0.214688687270182,0.220000222651417,0.225372564726625,0.233095381826803,0.237014220150653,0.240347305834505,0.243612603843288,0.245101954166424,0.244881749687723,0.244955464558287,0.243904556988097,0.244425069167799,0.245198274823314,0.246510685098361,0.249402235449364,0.252237200610559,0.256234410471838,0.259878206731149,0.264752049913055,0.267751035415841,0.270848644732471,0.274812870046828,0.277793972763497,0.281392042740159,0.284902710957893,0.287914101484773,0.290521735028234
"499",0.25116755837871,0.248184350810475,0.24595125012916,0.244780762687994,0.24365967598902,0.243435251148582,0.24430819523064,0.245210605841396,0.248794399641483,0.250774085237939,0.253190185111779,0.257009217360374,0.259580417160629,0.261468056917027,0.261867195322841,0.26316544302659,0.266368418921929,0.271262526873977,0.27506804902437,0.278235892549003,0.282835522918855,0.284941977341563,0.287669130634132,0.287250836852507,0.28573775079719,0.283051567393571,0.27620954268199,0.270294849431366,0.264589107773456,0.259972609605606,0.255921654259472,0.251995801756824,0.247608341023506,0.24231749863435,0.235577796417195,0.234429963617912,0.227976188428804
"500",0.161925451020692,0.162320511518424,0.161881812676864,0.162079101838813,0.16355353089675,0.164093623134723,0.164200143064436,0.165786798521034,0.168168579015354,0.168121816295353,0.168699536791309,0.170173381115156,0.171084436539506,0.175060024035395,0.177074752723606,0.1781854920309,0.179479120523594,0.180595664033167,0.181230948067235,0.183836459188848,0.185907890928327,0.188791458962386,0.191526188788307,0.194645714249521,0.198306779685893,0.201746037104476,0.207368156316773,0.212970365485036,0.218942688311467,0.22330102749542,0.22694891289641,0.232188715123498,0.235588416378076,0.240983559347408,0.246330723482872,0.250264665887806,0.254501748986011
"501",0.254553992162761,0.254084925909749,0.255171689973156,0.256703918101168,0.257566861510859,0.259063932776712,0.26124268450547,0.263131699672653,0.265556663955865,0.266825556157654,0.267449768177477,0.269097264330379,0.270612435305178,0.273215937248312,0.273373273188586,0.274006626535636,0.274578674741967,0.275425909943083,0.274582480526308,0.273832511802401,0.272929963984406,0.272302075106127,0.272101676943958,0.270935175857814,0.270876927629546,0.270176443540709,0.269241968276667,0.268487694334145,0.269376182449024,0.269609295312694,0.270226381587417,0.271161864416137,0.271522741218484,0.272539545347673,0.273586688188502,0.275242350106462,0.27571048060713
"502",0.254359348629831,0.251302231134626,0.24902178744144,0.247409541093536,0.245952408446281,0.245115572453132,0.244730074954224,0.244761964678435,0.246741737282922,0.246853777359139,0.247671126443901,0.249593351915072,0.250531622279218,0.252035585565587,0.251940411008524,0.252317116560077,0.253767794204127,0.257068552892387,0.259440917018875,0.262203888478354,0.265969733841184,0.268114939048803,0.270689297093233,0.270959844957562,0.27070081891048,0.269478755298869,0.266363421681106,0.264273273539468,0.262954616160352,0.262211062239737,0.26157882912628,0.261817806825171,0.261050706976684,0.261697882345465,0.262229409926529,0.264301390468583,0.264448121120884
"503",0.405668344424951,0.407803637206537,0.409908525237887,0.412640451666195,0.418290015185933,0.421514764523077,0.425864090506201,0.429068907471375,0.432647776335403,0.431525285938846,0.431838495492349,0.43284532456179,0.434488357407055,0.430868088031211,0.430615420576793,0.433243141143761,0.441756809020758,0.446304015465421,0.449831228561493,0.452514670685665,0.454315484053644,0.453709144418486,0.452781808359753,0.450820018110868,0.45054215324652,0.448387956029298,0.440675440728621,0.434949197691534,0.432595312601049,0.432792724579855,0.433397940076926,0.430453985247845,0.428831161647792,0.427043140256305,0.426233927180203,0.426219518908895,0.421226021225097
"504",0.320076271889039,0.316508634005604,0.313939632131374,0.311148582012751,0.308548533295411,0.306017854398746,0.302963069805367,0.300162762147088,0.297821692659196,0.292710002775194,0.288918886050894,0.284968933031508,0.280140141329653,0.277178874163584,0.273014566100437,0.268788934595443,0.262763646050178,0.260304623002965,0.256966536528933,0.257407094801609,0.258092971747405,0.259040208075918,0.259776307298062,0.260119187811614,0.261794639722558,0.262231111411413,0.266291938263126,0.270901717134738,0.27661647994485,0.281900234182469,0.285591548935296,0.290216894456961,0.292447325559569,0.299163845637463,0.306241301227626,0.310607121172684,0.314329011565672
"505",0.00176833509382696,0.00232503825643405,0.00266422160130228,0.00298261786515713,0.00339674640895272,0.00351337146102268,0.00385186417856282,0.00408621208082602,0.00422221540740753,0.00421319066473827,0.00424646875107176,0.00437442048270967,0.0044245871606156,0.00386253903536512,0.00379116500016378,0.0038705933150932,0.00452885742706401,0.00430702474501469,0.00435140029246665,0.00415142214899883,0.00391136887069559,0.00365840801427245,0.00329483515391746,0.00310974832575114,0.00294740050401053,0.00280691970059,0.00245316941608967,0.00209912788007471,0.00187194332772521,0.00172544973981241,0.00165573921486218,0.00134094690299429,0.00120322409228219,0.000850574738400538,0.000637458319589201,0.000464577015207968,0.000312554206108531
"506",0.148755828539203,0.143770305218694,0.137671199337583,0.131926945873826,0.126998179713966,0.122208885196129,0.11743891500163,0.113852377556118,0.113999684925968,0.111429489186247,0.11213794478269,0.113829223126588,0.112842072180599,0.109753152000695,0.108475624941486,0.10784646764086,0.111610895575311,0.118631272373658,0.126517306909509,0.134165237852445,0.143876717398064,0.149227520678832,0.154650794621699,0.156653561825363,0.155742286550206,0.153940098759635,0.148607421809945,0.14465888536505,0.139406072427484,0.136334791567248,0.133014129439374,0.13081058852566,0.127312314201225,0.125048394365926,0.122582387388408,0.123253433519049,0.120964572424489
"507",0.0283980785071825,0.0391539028592041,0.0473711079217267,0.0555195372971446,0.064089311439105,0.069570177634926,0.0749905099717491,0.0804328729665307,0.0848406765684458,0.0880486826572316,0.0901540272019513,0.0932344731234725,0.0964617680687966,0.101487991806911,0.104689452388867,0.107086217662253,0.109612251470275,0.109080498402471,0.10808234236617,0.107517336499755,0.105578510774701,0.105773232383259,0.105658738291308,0.107546359818982,0.110919444933639,0.114744956026396,0.121043529570965,0.126495551012429,0.132480912358656,0.136126876421121,0.139599923440982,0.143957945095209,0.147430139260132,0.150852768410634,0.15440312260633,0.156542326093954,0.160007727967111
"508",0.183429248811567,0.184321861286895,0.186908631363448,0.18951421867528,0.19010864840215,0.191835795183785,0.194560598288292,0.196519644189811,0.198498101645213,0.200693438774123,0.201364910594148,0.203053474057156,0.204627225563401,0.207577604925677,0.207422166798933,0.207531731085272,0.206510863195516,0.205548622094211,0.202891236411644,0.199559376217033,0.195881537775375,0.193179026378229,0.190825604152314,0.187848499194411,0.186217360035692,0.184312388821768,0.182532514861357,0.17986508699295,0.178827851138354,0.176408391134845,0.175099926021212,0.173135606467174,0.171623248619425,0.16796854029381,0.164017573572999,0.16159569614788,0.157873476568913
"509",0.366659186495348,0.364831555961045,0.363949986110772,0.362916832230426,0.362503804221717,0.361580330687843,0.360913575915462,0.359547859053795,0.358429584684356,0.354545964715304,0.351747541574125,0.349123500871694,0.346319721266348,0.342706415377904,0.338991181391388,0.336565938148504,0.334148230125388,0.333490842675499,0.331300297476238,0.330163746757463,0.329406176218743,0.327832635713969,0.326474409660524,0.323316532756083,0.321352672302523,0.31762425442162,0.313481855070574,0.310194482376862,0.30907624921376,0.309052061252968,0.308591851329147,0.307554084120415,0.305353722688086,0.306695505179189,0.308873504681367,0.310627591108922,0.310218866163219
"510",0.329288614883914,0.326594480486986,0.325589007512722,0.32441891482399,0.322705087958038,0.321530172013129,0.320751243754346,0.319259311812419,0.317941590880349,0.315057298776403,0.312432375055033,0.310056254930029,0.307422847910334,0.30495847672094,0.301035101579657,0.29806120637669,0.293660626466044,0.291437812986912,0.287285804468719,0.283596764345747,0.280178833041388,0.276637542652485,0.273364002994355,0.268136707607078,0.264262856832353,0.258593609661124,0.253151811431064,0.247379648212779,0.243731299758571,0.240608004792848,0.237371202069753,0.23251036150966,0.226533577809182,0.223149764459045,0.220741190009565,0.218494608020214,0.213359360828358
"511",0.263077159214052,0.260339542515311,0.258417027967678,0.257111559375687,0.256082046309858,0.255503041199671,0.255242465779041,0.255440832060629,0.257296773565609,0.257120107559427,0.257615494772851,0.259136600537647,0.259855290497789,0.261454226394426,0.26140479916634,0.2617490795353,0.262972361901065,0.265780874732532,0.267584779162239,0.270074890035924,0.273264107755394,0.275237869918468,0.277565241771711,0.277991973714608,0.278279213601773,0.277647910015883,0.275798462982571,0.274933722061396,0.27508744894512,0.275551235802216,0.275983662842331,0.27726414604353,0.277442411356213,0.279365376089682,0.281315574861713,0.283939121991648,0.284983483162001
"512",0.226722925787589,0.22459019352194,0.222475413524266,0.220920873076102,0.220505392298068,0.219757044514588,0.218463381977412,0.218659107465008,0.220089182996605,0.218681065893382,0.218421514866867,0.218947331965336,0.218737727279095,0.221535526630724,0.222530472837089,0.222877842220017,0.223512557976103,0.225178029396802,0.226252016906404,0.229722075397067,0.232936389003161,0.236288117643213,0.239525969495811,0.242485874934965,0.245870629690373,0.248689299972562,0.253186520985971,0.258064294363059,0.263539181985812,0.267962491909504,0.2715590955452,0.276506111416752,0.279552635946136,0.28512269562238,0.290699689158162,0.294832618577439,0.298469825439456
"513",0.126364306103491,0.126916040214973,0.126552135858378,0.127160152967778,0.128353817276262,0.129193042096806,0.130778537992125,0.132828818745926,0.136568045159466,0.138917112891992,0.141456938951445,0.145284056495934,0.148014149133168,0.151135348757805,0.152824196022277,0.154487601054779,0.157437232655243,0.160452091901257,0.163056557666397,0.165514710660687,0.168763287655516,0.171042047609821,0.173634970998081,0.174708814867396,0.174951891181234,0.174879404870559,0.173608938291723,0.172841629428558,0.172296089185668,0.171606890777845,0.171263042866362,0.171965982231578,0.171996208210489,0.171989493118498,0.171782239638245,0.172925902810501,0.173263209235243
"514",0.260675959611194,0.264821605591313,0.271336382543743,0.277807098417135,0.282155398434963,0.287112657618322,0.293347701201269,0.297926814414444,0.302027100576644,0.305551964469904,0.307068315074012,0.309725138693953,0.312884627888493,0.315962121250867,0.316536748856342,0.318166297329847,0.320053830037072,0.320469816326596,0.318462234909349,0.315195115049068,0.310820473546935,0.307277423820586,0.304198229828492,0.300441081006311,0.298962934222741,0.296915078695114,0.293829906128762,0.290079733493844,0.288928943560905,0.286388772201824,0.285310170824794,0.283014422241651,0.28163628471163,0.277655314405289,0.272978052918621,0.270777466911413,0.266105292720824
"515",0.0782573949701235,0.0782671798589788,0.0776013172484941,0.0768571519966317,0.0758724529519082,0.0747313128342183,0.0741449554010506,0.0736391181382008,0.0735660106515751,0.0728065216355328,0.0724250143584501,0.0725260451813777,0.0718597152234565,0.070603729916677,0.0696154341945419,0.0688920042039314,0.0692081816551589,0.068869927167547,0.0690465331960324,0.0692334222333372,0.0698996073589335,0.0701656320644174,0.0702410471196902,0.0700197382849921,0.0694379598508002,0.0686577199883736,0.0673774959739749,0.0662320662349892,0.0654222997982311,0.0649604941946086,0.0646156379658186,0.0637489053101425,0.0629367924821617,0.0615550411977314,0.0607731619239335,0.0598039095761074,0.0585397280512606
"516",0.144054290846161,0.142264357279764,0.141074095705676,0.139936614924904,0.137691350285808,0.136357589406906,0.135749817209629,0.13503365514293,0.135115560700751,0.134919982231001,0.134645277994472,0.135100660940817,0.134688201979227,0.134472942117711,0.132965406283669,0.131803745381446,0.130690172535687,0.130477278390646,0.129997098201673,0.129309917659579,0.129564843718698,0.129231933079164,0.129123657112171,0.127609586253261,0.125599549898353,0.123015132155642,0.119017056837537,0.114885876782783,0.111071791071411,0.10775789893243,0.10492392114316,0.101211584939116,0.0975655456937239,0.0927472666876342,0.0880608816112389,0.0852211862361174,0.0800636508516297
"517",0.238851371905531,0.240781639064506,0.242160766763321,0.245203048460795,0.249844744045594,0.253416027673844,0.257371043104621,0.261946915337168,0.268134259200321,0.271397282493017,0.274671105110465,0.279352208063934,0.283421794723343,0.288147189657151,0.290872906147645,0.29383213133652,0.29865617436722,0.302956995479177,0.305929398028195,0.309200284131821,0.312396681829693,0.314676153377758,0.317189411713619,0.318383479326497,0.31996422211665,0.320730992407021,0.319900442554589,0.32004591811771,0.321637765016586,0.323290245727808,0.32503743869234,0.327039114455074,0.328339225388179,0.330694639952533,0.33311567992534,0.335840387433784,0.33651727051277
"518",0.396824811124271,0.396450876840997,0.395767093616385,0.395397443600292,0.397621986001659,0.397927503043829,0.39867166735081,0.399001358544081,0.400552034920085,0.397541991987517,0.396793578465699,0.39666399690909,0.396395999366044,0.392830526107171,0.391573918507132,0.392452045497637,0.397701570549076,0.40236107223089,0.4062582139292,0.41047452471145,0.41482006428547,0.416196599365858,0.417364154575361,0.416614583912905,0.416504080907254,0.414495792842497,0.407944531457859,0.403571731957199,0.401677521281424,0.402328652432943,0.402876629489476,0.401413086520871,0.400101592264989,0.400345112858513,0.401387950473329,0.402844743654533,0.399973539661573
"519",0.141177031959006,0.140277067015102,0.13906931835276,0.138225401217548,0.137574495840394,0.136884547111786,0.136400250893396,0.136638414718766,0.137883553415926,0.137716498137095,0.13803353419121,0.139187945309809,0.139488977780164,0.141101327698594,0.141491150448763,0.141629959073653,0.142297444242853,0.143272169149009,0.144104010474254,0.145812624302542,0.147866868257955,0.14977244275189,0.151707602193807,0.153104372768625,0.154316677414859,0.155296424032481,0.156972803106901,0.158997678161876,0.161417256531775,0.163188256156037,0.164728832462242,0.16748209501939,0.169046953318369,0.171758923656314,0.174616879126122,0.176940067658017,0.179583240889043
"520",0.312752064341571,0.311208162499195,0.310967719573224,0.310980589562629,0.311267968877299,0.311596770141287,0.312193051047708,0.312700030048327,0.313640556921125,0.312346475264909,0.311379546796443,0.311064662406117,0.310713589120453,0.311172706166678,0.310227242701054,0.309965261800522,0.309915139980999,0.310355934623603,0.309198661029273,0.309037023384264,0.308510078289765,0.308191038933244,0.308064597732762,0.307287770060995,0.308054483501344,0.307880734661047,0.308167686628898,0.30894679079594,0.311623632053958,0.313999625931824,0.316135639241851,0.3182951654364,0.319482614807562,0.322683549440136,0.32624976514715,0.329010274988757,0.330257815406935
"521",0.217477514354795,0.214351500527852,0.212839173953475,0.211353967771023,0.208407158502132,0.206898081144224,0.205985497999173,0.204831311475756,0.204416756072309,0.203655391045922,0.202641412870014,0.202288582597499,0.201212546467432,0.201064507021613,0.198682869074905,0.19670899572919,0.193690797971527,0.192733035097958,0.19073262976415,0.188783795830736,0.187717880842227,0.186301993484617,0.185283918202647,0.182425050208188,0.179598483085599,0.175792988535879,0.170951228511751,0.165773346516977,0.161362774191087,0.157295046166055,0.153634142920441,0.14887065924411,0.143748384516432,0.138147719058478,0.132548933125014,0.129047441562864,0.122195790362014
"522",0.112254043815838,0.127326196753957,0.132205520317292,0.141583875525103,0.157328299626787,0.165765248418618,0.173150436569152,0.182664309236297,0.194258527166357,0.200528659675014,0.207217796867425,0.215538184511196,0.222404761270461,0.23083058835943,0.236659056624646,0.241520320335897,0.248491576903988,0.254328510326152,0.259117519940717,0.264520893124678,0.269720717005401,0.273968785375643,0.278287141739089,0.281428537692057,0.284375787528182,0.286770482465578,0.288362851576682,0.290796129597657,0.294040103288722,0.296803555634137,0.29940489915999,0.30304769570094,0.305465019721566,0.309230674926807,0.312891458486351,0.316407712504383,0.318562940686646
"523",0.0244733812120788,0.0268436993783168,0.0284469056592299,0.0299652443479715,0.0312526945732184,0.0319322123977181,0.0334424745667809,0.0345014177370123,0.0354250526264028,0.0362154995000957,0.0367411854242417,0.0377769210634962,0.0385125377505057,0.0379628992723406,0.0379153525398816,0.0382803475916351,0.0398685778195315,0.0393508582169218,0.0392214187967027,0.0382241305860133,0.0372507772107298,0.0362813329030605,0.0350980184970833,0.0340844161109898,0.0330927629042206,0.0321346807306412,0.0301221403303954,0.0278390007091427,0.0260480369826414,0.0244315388034249,0.0234171258919337,0.0211500053274666,0.0198154841581677,0.0166138913794133,0.0139313770794713,0.0119562138364764,0.00959238991574037
"524",0.0531057089893596,0.0532923425115226,0.0513747253987187,0.049372563553551,0.0490483266046711,0.0471379831422667,0.0446377679201233,0.0434911052516471,0.042749744465111,0.0394089757407428,0.0379633799411897,0.0364754737045833,0.0341569477222285,0.0324962436183125,0.03260353161748,0.0320966060044031,0.0333618195781504,0.0335339026119737,0.0351271345049463,0.0390819663170137,0.0425240136491116,0.0459852870872035,0.0485521234462519,0.0523944309266291,0.0560589424070826,0.0597188323887516,0.0655775390186291,0.0716111660382448,0.0773380053676251,0.0821347014796972,0.0858289378121866,0.0903396991645659,0.0935252570108168,0.0978748350472746,0.102644332102362,0.104987161842395,0.108766120014553
"525",0.0963775820793285,0.0963643070306921,0.094685591212021,0.0937154787527442,0.0940822940359672,0.0935439817275799,0.0933258068276437,0.0940982014530048,0.096565625697541,0.0970551165301528,0.0986993184967059,0.101365285580507,0.102811872649773,0.104299408719952,0.105752536311429,0.107056262986048,0.110414305389081,0.11340691283775,0.116740738013202,0.120367534007984,0.124662230471602,0.12779251740251,0.130906733097639,0.132960053937164,0.133947293644592,0.1347327180082,0.13493141356172,0.135766330576473,0.136573294781376,0.137303592882632,0.137983626998069,0.139804512172333,0.140719211812424,0.14211796701496,0.143594008490058,0.145255240640365,0.146877968681542
"526",0.176561208481677,0.1723919787629,0.166761556668582,0.161273383426392,0.158139623795708,0.153827495687337,0.147595586717212,0.144275411158822,0.142973286038652,0.136440811603529,0.133833542098433,0.131177705676597,0.126355156262684,0.125300286899692,0.125785427512373,0.12439016580742,0.125334139638213,0.128633328001806,0.133681527057218,0.14380947800605,0.153107062363033,0.160949060983589,0.167656564040522,0.174180675556086,0.179711681085968,0.184611449715739,0.192293178264961,0.20041875595534,0.207922908367226,0.214159289682536,0.218753240094684,0.225500652145359,0.229533051333228,0.236899863338505,0.244127860793551,0.2491083191795,0.25451988369114
"527",0.341193945152383,0.33928504355459,0.338492643733351,0.337875161000794,0.337743731604117,0.337483226795956,0.337649026837384,0.337405657740331,0.337859364064202,0.335823807262141,0.334561920705976,0.333893226383371,0.333041860266042,0.331683042888455,0.329785501366375,0.329090233103121,0.329291627306191,0.330518510496257,0.330321812905338,0.33070835458487,0.331394876237115,0.331093528429986,0.331089639053825,0.329362752595261,0.328495951780802,0.326243532651344,0.32252908603238,0.319787140160622,0.318972634284887,0.318957992966208,0.318919348068522,0.318524257490549,0.317418143902517,0.318334270460835,0.319660602808335,0.321460858131867,0.320877033653879
"528",0.233499784188959,0.230222088995951,0.227847162635642,0.225692621566168,0.223319329274437,0.221610235768489,0.219863215808938,0.218729553307715,0.218709969755458,0.216988214083453,0.215950937099805,0.215552760853471,0.214289848359936,0.214895371066309,0.213707690668089,0.21244886641927,0.210883912863394,0.21139882541942,0.211260430341769,0.212717373291738,0.21470767237725,0.216383178116498,0.218219751108547,0.218986242966599,0.219902039754154,0.22014032589114,0.221334185091007,0.223137373554946,0.225718473815661,0.227931612141073,0.22963582203239,0.232640857641789,0.234010240312409,0.237870071238675,0.241904720468258,0.245168091197448,0.248150667852661
"529",0.275991926610198,0.275214892210374,0.276782760093115,0.278277734813703,0.278371109258452,0.279458053220404,0.281231710169024,0.282242124610166,0.282896247723319,0.282932564044526,0.281905505624397,0.28152539029794,0.28143433353805,0.282703323821155,0.281262628400997,0.280413481728589,0.278007188801474,0.275672037080752,0.270881774995674,0.265849813441856,0.259463803289646,0.254766197654816,0.250135921042842,0.24553930135105,0.244075343299733,0.242085347232981,0.242548854504121,0.241889200911237,0.243982220060795,0.244198121173362,0.244992790981759,0.245185880891375,0.245200019269159,0.245498724303232,0.246225506449812,0.246397850374589,0.246329284554134
"530",0.2354316559173,0.235213865794916,0.236384259447577,0.237820848679145,0.238605282183324,0.239874114308925,0.24148906754832,0.243126261213945,0.244939715955283,0.245604869936357,0.245620432493049,0.246509240576766,0.247363041785973,0.250349131334631,0.250555843119805,0.250801961800394,0.250251600191428,0.249844336651953,0.247763769020187,0.246416720411986,0.244378385980992,0.243612040736346,0.243062243484156,0.242613665022898,0.243925613055714,0.244876451882295,0.247589602426439,0.250072565931094,0.254066832592765,0.256602868858778,0.259057172781104,0.262219563255878,0.264287095118906,0.26773455513611,0.271323335543614,0.274103531004393,0.276599592725597
"531",0.238701477730752,0.238727922343663,0.239870483058987,0.241619931456891,0.24305204716406,0.244824395252253,0.247144736843305,0.249463511483013,0.252476819799586,0.254092925088077,0.255178023975409,0.257367549813554,0.259322235366018,0.262657629000889,0.263476208961669,0.264548804788417,0.265755437034289,0.267136720762861,0.266987492569208,0.267170595621141,0.267211343038155,0.267483444652603,0.26813551273416,0.267935880655625,0.268658672304887,0.268816729774951,0.268907458855404,0.269301356113008,0.271133744200095,0.272255819198664,0.273578469976548,0.275510472158796,0.276629230736228,0.278722511868854,0.280839980395238,0.283190896048535,0.284517791574236
"532",0.185418272991593,0.188693682743849,0.190736019455969,0.194687631963353,0.199858075853988,0.203935455176664,0.208709103632203,0.213840084290782,0.220837310219285,0.225501508825469,0.229755322748174,0.235558407652106,0.240396658033325,0.245875326526262,0.248912631402653,0.251992631280646,0.256578347449245,0.260985562511072,0.264138942553903,0.267172453473811,0.270568118613732,0.27294517286965,0.275737158843549,0.276828891903478,0.277743023215485,0.278036818986688,0.276621006817375,0.27602524522725,0.276399493196207,0.276637321397193,0.277225586133864,0.278701935986095,0.279442023579779,0.280751116761318,0.281816343551065,0.284169130547839,0.284919574561913
"533",0.374491803008129,0.378674175107908,0.382861295748095,0.388010559294731,0.396123012826636,0.401499990229723,0.407630406000544,0.413047217409592,0.418337288440428,0.418759037310504,0.41995670897987,0.421967682828531,0.4248562160922,0.42382328405018,0.425135552822994,0.428745175374776,0.437874892572192,0.442001547093515,0.444906067313243,0.447450150996079,0.448247606043915,0.447875436713401,0.447036732617248,0.446330808794152,0.448071297787837,0.448292312227367,0.444542476685919,0.442300255904246,0.443521936894463,0.446530829415556,0.44967500736946,0.448926289455511,0.449436408408395,0.449693517787671,0.451188449246711,0.451656099676645,0.447401179317157
"534",0.269935859457039,0.265247519450809,0.260316542401443,0.25629454877382,0.253605632003947,0.251118568092721,0.248834140717687,0.247710281275774,0.250449833666658,0.249976639608176,0.25189471364964,0.255154793397426,0.256482987338175,0.257249066942854,0.257662188678214,0.258732655530442,0.262937104476949,0.269983245576688,0.276446417864152,0.283060610979228,0.29114923404516,0.295593254166072,0.300290122510395,0.301631554887309,0.301452338703633,0.299999407097705,0.294931656085331,0.291628151793658,0.288651251760383,0.287299618355439,0.28589154953864,0.285526488792376,0.283974506854963,0.284294596790691,0.284356962182518,0.286880920596309,0.286430293715974
"535",0.109794110582269,0.108742608462624,0.107925285923387,0.106643129462661,0.10435021917011,0.102463605805101,0.100794579780011,0.099177592606963,0.0972092458069613,0.0947581457774058,0.0922938345191239,0.0897521598337409,0.0866050408392387,0.0841256168520042,0.0811439244911168,0.0780819087127595,0.0738812055178679,0.0693040570725161,0.0646696378890261,0.0611058672680316,0.0567583300329315,0.0539055483611457,0.0502754779210281,0.0482495936504331,0.0482549134534994,0.0480536830891183,0.0516478945411329,0.0546093058720381,0.0588017605576659,0.0620844432097705,0.0645856453847413,0.0664040089884905,0.0676428313564876,0.0700434446669983,0.0735358121171347,0.0739161594237423,0.0757516621284014
"536",0.354276137182236,0.355892796055943,0.358331407172223,0.361810985019835,0.366738745397627,0.370624726713839,0.375875402838109,0.380032381572046,0.385051396124848,0.386688727823259,0.388575101362765,0.391519741195449,0.3946960222245,0.394133200493964,0.394775852053282,0.397686048633938,0.405104751180896,0.409721405920713,0.412959501657645,0.415079805377302,0.416767728125538,0.416394006516953,0.416094049856055,0.41423644472348,0.413529816155918,0.411243121761838,0.403767341212215,0.397816898408157,0.394575374462878,0.393063920075303,0.392288408359322,0.389153758791731,0.387027373378481,0.384116902675226,0.381383541742761,0.381136960528746,0.376263963278731
"537",0.181982619107719,0.181595008144891,0.181706111340168,0.182540159154296,0.18297159777996,0.183897118535403,0.18559855431701,0.18739208273551,0.190456987643722,0.192561069875374,0.194301670870047,0.1972694236251,0.199489707168406,0.202691956640946,0.203584992018835,0.204619125161783,0.206042608895223,0.208097675098591,0.209152415308468,0.210146357127756,0.211755925541959,0.212855240786577,0.214416866581538,0.214445321274,0.214272628397585,0.213622452547896,0.211948346952262,0.210635849167139,0.210031897671285,0.209109056743945,0.208633616351207,0.208993813760697,0.208725493946504,0.208562648239856,0.20816901186287,0.209272960920609,0.209251864708995
"538",0.00221768330042752,0.00287216321803355,0.0033008147596906,0.00368759516366644,0.00413636577041999,0.00426566778175541,0.00464616052377989,0.00488687338493341,0.00496968493212093,0.00492894187898609,0.00489906339141214,0.00495674565686322,0.00494882579626202,0.00431520306665681,0.00417977018853808,0.00420488846780137,0.00475676441563448,0.00438485739600024,0.0042619508243962,0.00390057495088412,0.00347987194712644,0.00312056685929537,0.00267409110140538,0.00243042088158992,0.00226488392242896,0.00212071678726596,0.0018518472967171,0.00156173703237582,0.00139970309083678,0.00128492103114345,0.00123494160855819,0.00097232855750398,0.000860771372935281,0.00058519423342723,0.000426549175356691,0.000295016711911263,0.000188439273860749
"539",0.175521327475048,0.177195001645811,0.178111974413136,0.180176127291347,0.183259977904736,0.185526542306006,0.18799540497124,0.19131002457878,0.19588295508931,0.198359049407914,0.200804475747834,0.204552459795447,0.207614959705869,0.2125332527971,0.215015879490804,0.217127132279926,0.219922128171857,0.222663052549517,0.22441829783157,0.226857270258198,0.229328774497963,0.231684354180593,0.234284289520744,0.236039836599423,0.237951016671551,0.239482477492253,0.24115382279515,0.243283350155959,0.246199187960188,0.248276651466332,0.250283026424371,0.253576031694925,0.255622498363259,0.258947545627834,0.262177580560607,0.265317252622296,0.267910789928827
"540",0.3748283759762,0.374850575451441,0.374988723302398,0.375931320430224,0.379155076897282,0.380947931971319,0.383646206934663,0.385842545263768,0.389437028566989,0.388962460950297,0.389905016952228,0.391781965757112,0.39360416388049,0.391880733345048,0.391920345758552,0.394149527179892,0.40109820195782,0.40630560653099,0.410486729482825,0.414187800594153,0.417803624391117,0.418682250772448,0.419471671614143,0.418429833306591,0.418133384215531,0.416086457131986,0.408879592158182,0.403646686679537,0.400954432810987,0.400548034327141,0.4004492643277,0.398190333311202,0.396512100814952,0.395279880749261,0.39459442436434,0.395378346600115,0.391642106281421
"541",0.253832471856197,0.252320352027169,0.251657788033382,0.251688834555293,0.251977789606347,0.252539240772679,0.25345567656887,0.254763046797975,0.257307169440114,0.257925693875123,0.258748152658371,0.260637641085157,0.262008669502298,0.264619956120083,0.265204741978907,0.266055880086346,0.267516157244497,0.269765442132173,0.270784597981738,0.272479312724557,0.274400967564267,0.275835485919757,0.277596780176596,0.278056784103905,0.278915346154187,0.279025501950502,0.278607555157324,0.278898628887894,0.280425714857,0.281739408789947,0.283038967743598,0.285087299093124,0.28609752410306,0.288638008765981,0.291231564762736,0.294000750977596,0.295474160061109
"542",0.000284499266128402,0.000809870192351418,0.00159344902343697,0.00274703908069547,0.00424340289649432,0.00549291172418703,0.00736427412094626,0.00902919679541417,0.0104811965763928,0.0119355642376975,0.0129676419855178,0.0144496969408084,0.0159707373041364,0.0163676369564913,0.0172348106094139,0.0183785411970871,0.0207996142466437,0.0205898360066285,0.0206973768628098,0.0198708943274283,0.0187338321118298,0.0178918919831122,0.0168416048805218,0.0163528441967653,0.0160979406468622,0.0160585227964761,0.0153409684218805,0.0143310813088495,0.01374775225357,0.0130007677801545,0.0127789232674217,0.0116301829825881,0.0112983315219317,0.00924465604773636,0.00758611952718749,0.00632630410716276,0.0050447211413672
"543",0.247762759393226,0.244228468255483,0.241576004746969,0.239162346615424,0.236679141617654,0.234805169853315,0.232843453279597,0.231526396914706,0.23147971234501,0.229505287293188,0.228422952818987,0.227983539578749,0.226614672379193,0.226986741115061,0.225705007128678,0.224421530615369,0.223041209020517,0.224024903294858,0.224373775920302,0.226389696967999,0.229062663959302,0.231092553455836,0.233298248860593,0.234169658782236,0.235042225498782,0.23512682711261,0.235823399098262,0.237304695932644,0.239572733136297,0.241702221519604,0.243297319629412,0.246188016237883,0.247405527008705,0.251289699790928,0.255339961287219,0.258723895148812,0.261558705846668
"544",0.196968101396549,0.196591093363269,0.197826171435119,0.19906787157473,0.198749691737933,0.199471530795775,0.200839592753019,0.201860173622386,0.202899819216362,0.203757405489256,0.203548269698451,0.204154664670428,0.204620923624399,0.206950398444795,0.206340792825832,0.205820914496083,0.203901888964659,0.202284751415171,0.199064885356621,0.19586521246845,0.192113109967296,0.189691383306407,0.18744527991293,0.185150465057025,0.184591586935971,0.183801254170104,0.184649201359457,0.184817509457109,0.186650999173437,0.186968021446983,0.187720793612883,0.188616783237966,0.189111224650308,0.18965860349841,0.190457661028728,0.191001180411455,0.191663062937621
"545",0.19543102179381,0.194923858024999,0.195524186505301,0.196367054530811,0.196305000807741,0.196928341492835,0.198034010244478,0.199173816856855,0.200719148240743,0.201549393970611,0.201753317399612,0.202863087247309,0.203650919895039,0.206344342496469,0.20637249060527,0.206367683199315,0.205592004812267,0.205247788077964,0.203633900972012,0.202479408438625,0.201146412294146,0.200651632389071,0.200410409366669,0.199849806780436,0.200328451792879,0.200520187646874,0.201890045197724,0.20311477080814,0.205538844683996,0.206773344740735,0.208129119801879,0.210287314608155,0.211545527568277,0.213656016041522,0.215889815451738,0.217840204368605,0.219801651238169
"546",0.250501969070788,0.250675189037647,0.253384262034406,0.255985269889317,0.256582873668537,0.258436002241144,0.261229048843899,0.263004638377274,0.264387797119693,0.265696503879276,0.265432506593741,0.266001514099476,0.266869930510487,0.269025926592528,0.268096985000061,0.267760275124048,0.26591190824882,0.263932988708863,0.259488790604334,0.254235508253277,0.247731075768614,0.242772650658714,0.23798583751158,0.232900900451968,0.230631478734571,0.227921269647619,0.226581239854798,0.223801988561049,0.223768241406683,0.221681554881448,0.22082880206512,0.218715610894134,0.217214015511512,0.213805566383384,0.210313917005846,0.207574735893454,0.203750242905368
"547",0.0991284316429548,0.102224949293135,0.105100792722748,0.108113511553179,0.110192900442254,0.112137824908128,0.114961383054787,0.117399793052002,0.119965879654133,0.122341301107071,0.123734492363203,0.126151823226654,0.12819962540071,0.131007517078355,0.131902785548396,0.132794396640302,0.133692880278143,0.133592819174839,0.13283259355894,0.131634196435108,0.130366849995409,0.129726689562817,0.129227756996184,0.128580338227296,0.128418625018549,0.128290056780895,0.12823085135508,0.127803338175428,0.128230130267658,0.127675648665654,0.127764612423988,0.127893789362022,0.128092874100769,0.126948188229421,0.125883341041573,0.125344604201632,0.124665897357003
"548",0.0535010349895814,0.0533204731228321,0.0523662573408118,0.0510428553459237,0.0493706902418717,0.0474983333312925,0.0461032432373552,0.0445882217361804,0.0431507792761541,0.0411870943016169,0.0397803016103094,0.0384214500645135,0.0363445790013743,0.0329203784920234,0.030644300007895,0.0288318797423754,0.0278688194167673,0.0265098649390977,0.0259195932430587,0.0253571714028237,0.0252858166050076,0.0246667601207223,0.0237354872590937,0.0226039947763605,0.0212050345646113,0.0194640520680676,0.0171292637004737,0.0149839531932228,0.0131804098138165,0.0122846308146756,0.0113502826599747,0.00954289320128176,0.00803837195001606,0.00668736856870138,0.00591422043761891,0.00505233224018138,0.0039639568672807
"549",0.103791227209861,0.125075663923881,0.141508989787292,0.155824970976975,0.167277191068309,0.175989040360585,0.184604612093446,0.192167073017001,0.198424023972525,0.20384801035411,0.206778105895159,0.211023548497316,0.215642112831164,0.222846257753635,0.226024395206488,0.228693048223665,0.230557554068655,0.230530377804998,0.228565407358798,0.226662163426458,0.2231631163123,0.222053713269503,0.221134271897155,0.221480344463069,0.224211695617735,0.22713639193557,0.232196215655067,0.236333936944203,0.241866091466894,0.244895408999294,0.248135309017871,0.252174625826773,0.25535112361321,0.258787250929783,0.262158662514438,0.264843877534246,0.267677438825324
"550",0.152840298153313,0.16102726277154,0.164096565189946,0.170490385866306,0.180857091761365,0.187230709949901,0.193505229986755,0.201107507722045,0.210936403439367,0.216700025144031,0.222548482757035,0.230026794084059,0.236198458289284,0.243362909951839,0.248072386375246,0.252314151598739,0.258609538149502,0.264173791042305,0.26859190363529,0.273272289986045,0.278015493470917,0.281615118111863,0.28542213268028,0.287750655840262,0.289865301473633,0.291362611714399,0.291496567900811,0.292579778593252,0.294600023612993,0.296406600846278,0.298255021175108,0.301039563747204,0.302814669415817,0.305693365062392,0.308449243999675,0.311595114535913,0.313189631489993
"551",0.29432423413295,0.292056378274886,0.290530408918342,0.289647884475733,0.289519416044677,0.289429029069764,0.289609003550844,0.290193132265233,0.292305659295126,0.291846530273848,0.292236228461536,0.293608162254517,0.29439010933796,0.295671971128402,0.295731822898645,0.296402900196766,0.29843401052083,0.301528175974185,0.303503913455468,0.30625493872795,0.309401456627278,0.311288248829729,0.313424439047039,0.313845996020779,0.31450513847145,0.314103396099012,0.312260336956674,0.311562148358187,0.312268859727214,0.313463981025106,0.314555329441953,0.31600112963812,0.316499064012775,0.318829490171689,0.321332410722206,0.324089882951722,0.32481713986576
"552",0.263842472064301,0.259123672987622,0.253717831293545,0.248449508791986,0.245387354674525,0.241375336201297,0.235377820342074,0.232019291243483,0.230744982785878,0.224007084316178,0.221061105848949,0.21812849532448,0.213205115898284,0.212741827182689,0.212632564406322,0.21084434550094,0.210517880439214,0.213943988145351,0.218372916247787,0.228431523780096,0.23773777713635,0.245483880559233,0.252207997975255,0.258306223673225,0.263882420891514,0.268423804188163,0.275246960677747,0.282688752793996,0.290054583821984,0.296609618257319,0.301498346298108,0.307762407248863,0.311490579583596,0.318775673710476,0.326013868483595,0.330886022760015,0.334720177975599
"553",0.184398201875566,0.190779652394266,0.19426939258242,0.198118725658137,0.205426142106418,0.208903016666777,0.209939815213987,0.214104479026259,0.217109143179865,0.215529977494506,0.214629209611867,0.214145206146924,0.214389471901619,0.222574753751314,0.227255242633811,0.229344342831583,0.230101582956984,0.22840127867654,0.225516064304836,0.228145142084288,0.226881276038968,0.230779144210427,0.233543895593223,0.241063836456688,0.25152753936789,0.261237888902959,0.276159814092021,0.288439693068326,0.300330972674914,0.308875705387601,0.315737619870775,0.32321355128112,0.328415493081289,0.335954066066199,0.343422568794641,0.347919498756295,0.351607880771932
"554",0.102385525968499,0.102364815662198,0.100275779673213,0.0987756102122751,0.099411309895128,0.0985150035059686,0.0971460036338034,0.0975782999773242,0.0993607270380513,0.0981996978764179,0.0987934924732693,0.100145826413127,0.100425412808531,0.102245801658737,0.10419940372538,0.105343430244172,0.10830101530787,0.110622927884551,0.113550397109201,0.11815999829159,0.122673490378674,0.126777631620664,0.130497940220035,0.134189708717029,0.137327215408784,0.140334189230894,0.14469068529973,0.149451389921018,0.154116757820105,0.157782633747875,0.160747451385272,0.165348959398232,0.168292600148823,0.172834169518686,0.177433540689104,0.180748829182465,0.184844186739725
"555",0.300844887313559,0.297339234203029,0.293936958368821,0.291209515094148,0.289891606155039,0.288370746369825,0.286793303298481,0.286168069304291,0.288077813080834,0.286596448924662,0.287099474191778,0.288633727049904,0.288979163608039,0.289545302538246,0.28960883885614,0.290236810951429,0.293213429215984,0.298280048523689,0.302671512986565,0.30807050082562,0.314285658459375,0.317944142036524,0.321700256555184,0.323051620329765,0.323860037224816,0.323417030933405,0.320696660918246,0.319643146617062,0.319672591096619,0.320847620147889,0.321723872860058,0.323149722679205,0.323417559016369,0.326000760510593,0.328740208995802,0.331870818364935,0.332592549128051
"556",0.0078725441376328,0.00817001793796722,0.00755905296229224,0.00690276344995182,0.00664718837866946,0.00591941150832511,0.00537914151771853,0.0049307064602638,0.00476342235466246,0.00414105288864336,0.00403699469671752,0.00400242716634791,0.00366216478142757,0.00266723601970202,0.00242013406136842,0.00231980499970361,0.00293814742893994,0.00338574909677312,0.00434354580466055,0.00534067002005352,0.00677344401775793,0.00753587624885336,0.00811596629475211,0.00846174377428372,0.00817669860302952,0.00778688191767883,0.00649746638939228,0.0055716031850464,0.00461757999706262,0.00424863509542075,0.00389099456283136,0.00328016373877934,0.00282745872303838,0.0022673812195921,0.00191101350803534,0.00165542367336587,0.00128414596963444
"557",0.0045303061953501,0.00536717580647802,0.00534857107385776,0.0055696266846987,0.00644045073731515,0.00667928704814391,0.00732885922218737,0.00806656960201182,0.00947875834542399,0.0102324262821637,0.0115224411146436,0.0133565729759793,0.014683004591185,0.0143097721195639,0.0151625628764292,0.0163864320985164,0.0200378081517885,0.0221016003236926,0.0250148092665412,0.0271598872554483,0.0298767063427049,0.0313693736712793,0.0326616607374198,0.033437509161921,0.033068350485395,0.0326805407470799,0.0301429245213297,0.0279587661979177,0.0255709660835036,0.0239989016833706,0.0228452887042706,0.0210454099138446,0.0198539964731857,0.0171413862900039,0.0147458672370798,0.0134202856468353,0.0113756013237458
"558",0.150480838532719,0.155682104998094,0.158355717969828,0.16331223865883,0.170057754540406,0.174895047083934,0.180362379779937,0.186299322301782,0.194232599363335,0.199614889274979,0.204594312899991,0.211179303374672,0.216591819215868,0.222675601929004,0.226281020512816,0.2297123517454,0.234696101171761,0.239364237769293,0.242901155838322,0.246281970335803,0.250087052784185,0.252852140913887,0.256020490368816,0.257493755006524,0.25856490337618,0.259126835026878,0.258139987885426,0.257926878269015,0.258460722805339,0.258732429794474,0.2593429833497,0.261094199098059,0.262017006124422,0.263455831412248,0.26459257915414,0.267019701746624,0.268118855459477
"559",0.240927343126357,0.238108595288394,0.236181065971157,0.234423323228831,0.23267714788053,0.231329928372085,0.229697289417948,0.228851872326426,0.228727105693569,0.226610410101799,0.225127994778517,0.224142703286241,0.222530496308088,0.223616631578245,0.222707833415932,0.221444257645465,0.219392477268913,0.218923214966373,0.217631042135975,0.218675514419115,0.219541950511439,0.221097421921489,0.222608354813646,0.224099009550652,0.226555074775785,0.228449321366365,0.232856957614037,0.237435472186346,0.242818338047888,0.247037622535876,0.25039046163751,0.255043903520799,0.257780250784865,0.263273233646752,0.26889270586904,0.272830806555038,0.27669412494884
"560",0.108471178455811,0.109413593744232,0.109749929901773,0.110630477435452,0.111434742599382,0.112092187121785,0.113578879237,0.115168538387731,0.117821562842825,0.119670213672645,0.121400024088911,0.12423509756805,0.126217908111526,0.12841043375527,0.129364832369014,0.130401874983138,0.13238496694708,0.134050831515687,0.135447044003037,0.136545930721044,0.138296225102833,0.139509352545956,0.140958731543828,0.14131901061552,0.141101261121692,0.140677117746333,0.139226057208851,0.137977084225015,0.137024000691691,0.13588384104428,0.135216856345868,0.135006672735134,0.134537719204475,0.133289961646445,0.13198160916371,0.131906134342669,0.131061188366444
"561",0.128153245164235,0.128610976132831,0.128819499189376,0.129609048323161,0.130142674141185,0.130788465570002,0.132262314719684,0.13383007976968,0.136532600195775,0.138458969123172,0.1401700799172,0.143026968894292,0.1450388335997,0.147537271267395,0.148417843697475,0.14938168816613,0.151051938039862,0.152766546512288,0.154001608656622,0.154997293580512,0.15667438565305,0.157828628608344,0.159299547308578,0.159519401336687,0.159234386261374,0.158671365009983,0.157084260656636,0.155716389031385,0.154726144106605,0.15350089941394,0.152760535853937,0.152598494826778,0.152074884316104,0.150966052721734,0.149723761010337,0.149875093456403,0.14913669751412
"562",0.511143505278286,0.519492535850177,0.525064971580206,0.530613108017025,0.543170416485644,0.548552969636054,0.555811535010787,0.560093448275609,0.562838727912048,0.557242710784627,0.555443342019079,0.55347678798191,0.553555365723903,0.540026159956618,0.538037747316692,0.541804994286393,0.557952009559452,0.56344538592049,0.569204889293722,0.572581625549605,0.57358315426249,0.570309832474978,0.565573902963402,0.561100281691339,0.559701607165708,0.555398216330037,0.540915596921614,0.529644970489971,0.523797792617468,0.52336064198489,0.52348995034656,0.515262462862453,0.510861211185695,0.504507264214039,0.500376031165781,0.497015436320036,0.485882988051205
"563",0.00267435619990249,0.00357347447215713,0.00408221879347525,0.00468125247538774,0.00560506487297591,0.00603275340981075,0.0068145820613629,0.00753925546561347,0.0083399605964997,0.00879362950474727,0.00937047381091641,0.0102549470721446,0.0109524110513182,0.0105675390705243,0.0109825786179795,0.0116427403372053,0.0137190586026154,0.014101805588976,0.0150316901104965,0.0154433639920269,0.0158955671318323,0.0160710725732827,0.0160078566707345,0.0161431556511948,0.0160145205464812,0.0159660761228272,0.0150305841724244,0.0141396965722038,0.0134085346263065,0.0129187295082496,0.0127050118895657,0.0118090543282794,0.011436684521057,0.00991941582279461,0.00876446012644256,0.00781436598267441,0.00673130618340814
"564",0.264813576265725,0.262285502087308,0.26164881971134,0.26115818521067,0.259501272404881,0.259059104814211,0.259304839611263,0.259102484400436,0.25952445766595,0.259223793633498,0.258536950087472,0.258619956230796,0.258331697050144,0.258863318178653,0.257082357937007,0.255950399441788,0.254027922170821,0.25368234025335,0.251734030789819,0.249726759021438,0.248177177026008,0.246472003643786,0.245267015175872,0.242288051223744,0.23994929898717,0.236596769756384,0.232325038777566,0.227883806169482,0.224821032234761,0.221662430237288,0.21906443875592,0.215867148260767,0.212329607448166,0.20864021660921,0.204784981005796,0.203007920475268,0.198546381415215
"565",0.108592868710427,0.11326366629151,0.117953389025434,0.122318106657088,0.12534132364213,0.128061062472313,0.13128621311297,0.134166010696673,0.13634287782461,0.138387379139596,0.138999422948009,0.140470509069982,0.14205231754316,0.145713200664415,0.146696427002706,0.147322933962974,0.146859614118601,0.144866196960753,0.141692118195293,0.138595230418929,0.13413889370976,0.131983968222993,0.129641670472463,0.128929139912099,0.130511529552167,0.132452419838466,0.137263332223087,0.140972562853869,0.145942040005669,0.148516018611616,0.151233563946173,0.154395548598396,0.157000941969094,0.159385477842793,0.162023340555368,0.163409479944991,0.165968171674267
"566",0.337183620690413,0.336249903351939,0.336736838613032,0.337688508387547,0.338887984277316,0.340148479595405,0.342450935079942,0.343871084606315,0.346089614123911,0.346172297470751,0.346413477573646,0.347564165470605,0.348711332659275,0.348174860559599,0.347263345215858,0.348017999153907,0.350702441131188,0.353176539965844,0.354036123490378,0.354264819672306,0.354736721048134,0.353807335590073,0.353321034982093,0.350726296024402,0.348843781549228,0.345500577935556,0.338531692360403,0.332330400285295,0.328023606380394,0.324638139016638,0.321946736633842,0.317948790291845,0.314155051091626,0.309760756842324,0.304823195625541,0.30350079256252,0.297615051527129
"567",0.0434588625546694,0.0510036865049548,0.0570043916558206,0.0628402877983425,0.0684748882055666,0.0722983728816131,0.076477325026831,0.0804552048323829,0.0836095488291672,0.0861213172254382,0.0875569144319366,0.0898627198627603,0.0922458730488563,0.0958944737357302,0.0980018207666261,0.0996384587617106,0.101330986045195,0.100297166504014,0.0988295819162296,0.0974443497666141,0.0948826346190515,0.0942160991252302,0.0932530285266514,0.094042332194468,0.0963290321365444,0.0990632698702899,0.103924526135323,0.107991336339377,0.112816167592072,0.115602682443236,0.118430476795476,0.121701344795448,0.124497649614028,0.126736755577669,0.129239245078695,0.130465881533977,0.132943548475112
"568",0.013009414686293,0.014452589553065,0.0147710550707436,0.0151827065620866,0.0161667909582748,0.0162895120679413,0.0168688872266562,0.0174817997326422,0.0184022262565867,0.0186052974737827,0.0192419596897039,0.0202924095255961,0.0208997898691613,0.0201656826262957,0.020542503518996,0.021205608180387,0.0237355745151176,0.0245353085754652,0.0260870906972017,0.0272067353341611,0.0285746351313461,0.0293487985032589,0.0298450197444271,0.0303434738583419,0.0302731303218697,0.0302293279498899,0.0290694901129875,0.0281006007945852,0.0272071319299982,0.0267313421840803,0.0264971040676287,0.0255925732605633,0.0251409729756323,0.0234372740736065,0.0221643066513091,0.0210378768018341,0.0196286371577239
"569",0.0805692328649267,0.0852139375168101,0.0861963012807853,0.0890492660506318,0.0949738024058095,0.0980971130697052,0.101409045670614,0.10601851561517,0.11244957315381,0.116008776631477,0.120190795750715,0.125785925599513,0.130150502250712,0.135253111858429,0.139135485926916,0.142389953330513,0.147521339750233,0.151562188128375,0.155340448465101,0.159338551990243,0.163634723074086,0.16716117559224,0.170784481692836,0.173429348515111,0.175312135933373,0.177051951491335,0.178478980051708,0.180452452711254,0.182586839427191,0.184042098029603,0.185505393045677,0.18852776619918,0.1904123335869,0.192951818113395,0.195332664235826,0.197952947756823,0.200541012135142
"570",0.290406622851427,0.28724247504231,0.285326293910165,0.283843092539524,0.28213827956311,0.281215196585964,0.280929538400161,0.280499811729305,0.281678545403171,0.281197994124041,0.281264647506772,0.282292288406206,0.282550494815747,0.282647050904636,0.28138021635264,0.281054168107432,0.281649725804568,0.28432078498427,0.285841806837843,0.287405427173296,0.290142588977243,0.291076359505872,0.292560037639013,0.291344423694709,0.28969765025696,0.286755106909542,0.280876115381622,0.275866367243088,0.271668014279644,0.268501272842262,0.26563348303452,0.262798006894792,0.259246385894097,0.25640469342434,0.253133023900752,0.25316589877343,0.249545585243271
"571",0.27654120117481,0.274753114242692,0.272484087866258,0.271623668878441,0.273098252203047,0.273768974302706,0.274511688000878,0.276576499851363,0.281247202532547,0.282176035615421,0.284577240931968,0.28829248365831,0.290986150257683,0.294092070656281,0.29618348000049,0.298605577500397,0.303675119960349,0.30920725376823,0.313788479019766,0.319075514219127,0.324623062654408,0.328172346490167,0.331775133265886,0.333510480907762,0.335112941745257,0.335634517917446,0.333986097542299,0.333803114345554,0.334944056610172,0.336817584980364,0.338528283707955,0.340444602811055,0.341488918874455,0.344193439126062,0.347060885978203,0.350058915163943,0.350594296575425
"572",0.154801552419939,0.177811319587391,0.199279889363836,0.215889021632257,0.225569616498041,0.235136076277635,0.245665847528697,0.25309088468354,0.25838525918232,0.264536120868797,0.266741782794557,0.270190872235057,0.274612448757307,0.280208203166066,0.281608018682547,0.283550781921324,0.284153522533259,0.282383407959996,0.277449994088693,0.270441057936968,0.260503676753117,0.253265194381247,0.245958530436839,0.2396795053131,0.238133763868982,0.237061574008171,0.237930928591983,0.236096631092243,0.23792051097819,0.235658412390803,0.235796164467715,0.234114372248059,0.234412036540241,0.229307213930797,0.223205472911552,0.218494996231099,0.212993021746668
"573",0.117152629582618,0.119565315565253,0.122154007998822,0.12478139079969,0.126302344364958,0.127936486204607,0.130320978284719,0.132403396871953,0.134481032469308,0.136385487834172,0.137267683752805,0.13909666303775,0.140654284882962,0.1434569195779,0.144047345852187,0.144562561174313,0.14463653700015,0.143911788653911,0.14233710953204,0.140562177644936,0.138466869823687,0.137388795955734,0.136402471183306,0.135577489388554,0.135688990495476,0.135850837449748,0.136867219839995,0.137399938727716,0.138983887989236,0.139276010107191,0.140051880331897,0.14103297769521,0.141840905379242,0.141871447419562,0.142082571812031,0.142239534879122,0.142673022727334
"574",0.271345105292139,0.269004924704165,0.268774228534134,0.268627614181027,0.267109837814106,0.266895648418164,0.267481470843172,0.267398400702022,0.267749109841735,0.267558421597616,0.266768109110887,0.266724254350917,0.266436465908859,0.266812665520112,0.264802265537241,0.263560697680166,0.261321593277553,0.260498746470026,0.257846317025246,0.254815052618343,0.252068812991088,0.24931622979473,0.247061886483187,0.242955895208908,0.23973024924747,0.235372771004257,0.229841370774497,0.223645018667178,0.218952269454609,0.213959000329093,0.209781719513442,0.203890316103274,0.198014900165221,0.190287730647225,0.181666669963342,0.176088519688475,0.165356985224837
"575",0.34863161127411,0.345326602925295,0.343029619993534,0.340186327533383,0.337448290466395,0.334492231832289,0.330888573787535,0.327035462014407,0.322928961099053,0.315868230907708,0.310085939938293,0.303393151272784,0.295576895631379,0.289327926205398,0.281770331513416,0.273743439790116,0.260570353670753,0.251961440453948,0.241333452972081,0.23656160620128,0.231389288438023,0.228115483753443,0.223617607641443,0.220293491740885,0.221165631484969,0.219807629603949,0.230175490922833,0.239759062247985,0.250423339295939,0.25969521307816,0.265402726124044,0.271873680987925,0.27461923227823,0.284841826446761,0.29552736236621,0.300775707349258,0.306279236253456
"576",0.729550412196049,0.765206803403618,0.783262137826636,0.799218271445587,0.842881588701786,0.856257247018493,0.872835194864323,0.881784516571405,0.883949744948936,0.858295278317781,0.850743698942561,0.839915808310972,0.834453813845333,0.783689022780081,0.779396034157219,0.790024924108938,0.844217356103587,0.861597903191681,0.889103929197297,0.910578575253367,0.922398620252433,0.917650447951014,0.903227610536324,0.897477014756002,0.898918584611655,0.893984803753311,0.856921570859495,0.830447947580117,0.817709423158412,0.825092850138753,0.832746104391783,0.806715345684404,0.797896804632476,0.776224842374743,0.764789712710263,0.746256944663398,0.709817092593587
"577",0.310030773620731,0.307297062756706,0.306701927951653,0.305798258674701,0.303717425085177,0.302591317028217,0.301844229257522,0.300321367708806,0.298474880696761,0.29567764511468,0.292544665875764,0.289487323605725,0.286317224790366,0.284198886640065,0.279782409271308,0.275979487269239,0.269128012361134,0.264020418897336,0.256186106874687,0.248450830647721,0.239447151001032,0.231725343710113,0.223377411969985,0.213960543785702,0.208150641198977,0.200342029138948,0.197401558542019,0.192268773356604,0.191295031264755,0.189242806668141,0.187047485863696,0.181358761076286,0.174882041385222,0.171585970912689,0.170832544729542,0.165927385849225,0.160411499896461
"578",0.0801893253824482,0.0805595460955269,0.0806791060278044,0.0805396716541853,0.0796131910109065,0.0787813342829228,0.0786027907857589,0.0782206753318893,0.0778136341327354,0.0771792155198967,0.0764166367254795,0.0760456804272334,0.0751392479938224,0.0738870321475586,0.072443370510478,0.0712804970741907,0.0703804917691357,0.0685684533188893,0.0669384672931945,0.0651162326165948,0.0633515544923654,0.0618751572357276,0.0601235439849716,0.0585429257212025,0.0573714809878279,0.0560280184566041,0.0547906217494862,0.0532397495405821,0.052493031057677,0.0517922664568392,0.0513507638054254,0.0497355209782825,0.0485458598646909,0.046397501922507,0.0450202317024002,0.0431729187928191,0.0411251989050307
"579",0.31466153111154,0.314030181433131,0.314835252551634,0.316140418161751,0.317622688368004,0.31918747252551,0.321520343584674,0.323337276870135,0.325764678524694,0.326124894059932,0.326435033762859,0.327671087685102,0.328949549740441,0.329792162783065,0.329519352279545,0.330402003404733,0.332541438601947,0.334396940158674,0.33457159795006,0.33467122904712,0.334604695880896,0.334000404674407,0.333752952396749,0.332171844065377,0.331757099138318,0.330256925971672,0.327035665966134,0.324513590716685,0.324073770420061,0.323890307259396,0.324101474748037,0.323791525370225,0.32326080951622,0.32344214491896,0.323804293535546,0.325140241012456,0.324083119488487
"580",0.0428386511179664,0.0450970930178949,0.0457402023897739,0.0466701985545818,0.0483702336844163,0.0489154346135188,0.0500090099074156,0.0513594798168048,0.0532429068369836,0.0540088570251445,0.0551720030115302,0.0570772733635337,0.0583369262883367,0.0589131876748745,0.0599557341556862,0.0610642181253799,0.0639821044465699,0.0650696451797139,0.0667007593830328,0.0681514793818319,0.0698129976131989,0.0711237092499004,0.0722295570389721,0.0732978794171833,0.073890625192234,0.0745402788459319,0.0747203324348303,0.07509010416395,0.0756446430130865,0.0760514789498547,0.0766354093299006,0.0772381062454903,0.0777930374432564,0.0774482844342343,0.0774593757694662,0.0772958461156388,0.0772506794573078
"581",0.240889340054472,0.239169425924464,0.238810866583636,0.238915051302309,0.238368329295924,0.238677530650559,0.239628362238311,0.240507569837988,0.242363786893984,0.243148331221541,0.243646611051846,0.245163323026804,0.246199157286046,0.248302717473958,0.248081769086122,0.248261234994469,0.248409804453977,0.249616591036983,0.24947392892129,0.249507090623089,0.249966270898471,0.250123802572635,0.250755913604775,0.249882444076133,0.249375615059501,0.248152654252056,0.24617638705479,0.24456183141606,0.244136068649537,0.243457791002041,0.243130794465369,0.243347809983473,0.242872592473825,0.2431028646391,0.243274112484067,0.244594590610578,0.244582562510365
"582",0.23098239715207,0.229125941273116,0.228311810700203,0.228088863025437,0.227497129823952,0.227637599580997,0.228371823698866,0.229250635582864,0.23141342150798,0.232314606201843,0.233162119461012,0.235098604859432,0.236374869673699,0.238693906757737,0.238817018160549,0.239256589179021,0.239996918655664,0.241902179592209,0.242649837014192,0.243653030313099,0.245259261208588,0.246237078615651,0.247674927886743,0.247444078326162,0.247232691386681,0.24631419388069,0.244418256277063,0.243071023881875,0.242694220492982,0.242212633889125,0.241999227280211,0.242567288619877,0.242308824027987,0.242933270016847,0.24346298993545,0.2451619630536,0.245540101696696
"583",0.395036033861054,0.393707666733164,0.391986274972108,0.390470910767679,0.391233135952165,0.39037631220476,0.38991095129382,0.389035490101474,0.389971837539024,0.386526274171233,0.385691937696534,0.385515721530309,0.384730945084637,0.380478715223279,0.37849195238805,0.378667920761521,0.383200558068321,0.388739176736032,0.39370131951166,0.398834010791858,0.404845658458509,0.406906807501726,0.408875717784259,0.408004758365675,0.406943778315961,0.403788597424647,0.395080918175334,0.38873450421048,0.384219767850622,0.382781946253732,0.381212322508298,0.378175743418035,0.374913177557877,0.373612713202851,0.372773180246871,0.374061400749316,0.370450722290103
"584",0.371611111320892,0.373035321848065,0.37500491158023,0.377584811260963,0.382203003386158,0.385186668375371,0.388925767480359,0.391986103065301,0.395285175312001,0.394692337213361,0.394914280206973,0.395897324025916,0.397429293942632,0.396223808007145,0.396357844545135,0.398478244795886,0.404439696971852,0.407615650919861,0.409400916050159,0.411068195935298,0.411749065714371,0.411319935217677,0.410763279755707,0.409585728372866,0.410306450221185,0.409584054332782,0.40578385548083,0.403331720046055,0.403848010257197,0.405679285738045,0.407669995630235,0.40725343918492,0.407372499063772,0.408025835956369,0.409517546099681,0.410689208406365,0.408069074251717
"585",0.23333606581695,0.243127204989585,0.253403520143752,0.263540301567493,0.271639750323645,0.279083861226714,0.287511123102906,0.294300517903529,0.300659094908112,0.305703276320887,0.308631984957691,0.312873307544363,0.317488597673449,0.321906710439622,0.323874610576525,0.326726660799369,0.330717202972874,0.332621607752553,0.33236005250563,0.331179310627741,0.328967696274883,0.327296227129006,0.326057592602917,0.324324892768915,0.324530803503019,0.324167848354637,0.322429680866365,0.32073207291535,0.32140243908273,0.32124388334058,0.322032625015717,0.322140444089748,0.322604392090904,0.322129295292751,0.321554123936384,0.322279480161244,0.320967679138068
"586",0.28395458317955,0.28150409873634,0.280967500362899,0.280591159490914,0.279206367200094,0.27891421319326,0.279365455139753,0.279242725091789,0.279747623428138,0.27934484381325,0.278636450496043,0.278695850625503,0.27845501907927,0.278641282382812,0.276761038584848,0.275730528290608,0.274178816129448,0.274125430322626,0.272379632653746,0.270449400784361,0.269000696329713,0.267178590153145,0.265896272415262,0.262621750963629,0.259978436394058,0.256160412371175,0.250856561621561,0.245407898613221,0.241371564163967,0.237407319140281,0.234061251969043,0.22975930056501,0.225188824857977,0.220080087160425,0.214500215022936,0.211748802329463,0.205191733142593
"587",0.22509460457644,0.221823017814439,0.21984243874083,0.218391253762883,0.215908430465971,0.214857456186665,0.214855123645454,0.214571809568635,0.216168732083245,0.217170327598115,0.218182313517304,0.220362809773026,0.221460537194864,0.222346869674285,0.221350598473854,0.221156939606918,0.221636863460756,0.224331652774818,0.226062461918624,0.227106096835382,0.229813965222714,0.230606199366676,0.232131273924909,0.23052933230903,0.227702009282428,0.223723181413163,0.215643529217629,0.2075673656612,0.198937191387692,0.191147356736658,0.183956883254192,0.175303013895921,0.16618643549495,0.152865892506179,0.135472407361615,0.126763277258091,0.104739824461279
"588",0.250440538110414,0.247539940700602,0.246189898647138,0.244978729510362,0.242879754846848,0.241840059323061,0.241184758552061,0.240492606729776,0.240547233150871,0.239591857010343,0.238612828386556,0.238315934409107,0.237463116975824,0.237963787111205,0.236239147951389,0.23484389396524,0.232611353441284,0.232227766826814,0.230592219949723,0.229614056159651,0.229120712018723,0.22857842308262,0.228400632405024,0.226872001401152,0.225910552756312,0.224128899999054,0.222601733170919,0.221310288882451,0.221265109515837,0.221023015746685,0.220818054843705,0.221106112720406,0.220406472297873,0.22129671433866,0.222463258348633,0.223867848368812,0.224434623624634
"589",0.334381725110794,0.334207055071821,0.335053887081409,0.336611135999334,0.339091702564736,0.341125491451297,0.344016775684597,0.346387101363969,0.34963605623087,0.350113322693067,0.350930960080563,0.352732028607684,0.354570307397111,0.354884960590553,0.355005429553223,0.356637074950946,0.360830647484281,0.364060252100438,0.365805390870652,0.367297101854006,0.368632006308067,0.368676564653441,0.368953872088329,0.367715570041359,0.367480168121179,0.365940685738266,0.361373402361288,0.3579793360738,0.356833293633512,0.356639408759,0.356837747973636,0.355957450275997,0.355158821942719,0.354909667666523,0.354938422728631,0.356158071430631,0.354177311958105
"590",0.00012964747926281,0.000231642324143824,0.000271339808973282,0.000322267472440384,0.000496323758847891,0.000546866736739204,0.000606719950111507,0.000723345365831442,0.000845557993516751,0.000792496782544458,0.000835565745273336,0.000911663908259577,0.000959567721990098,0.000890125900937648,0.00103720935629352,0.00119236557250969,0.00175809831993465,0.00183235113552104,0.00213594758685757,0.00253301198890553,0.00283450697467488,0.00317126560988447,0.00333313114258539,0.00386539925023609,0.00443476411242621,0.00513089646192373,0.00597839657391294,0.00690679418743139,0.00793726626946236,0.00894073873290659,0.00989226433348335,0.0104967328087084,0.0112492391739284,0.0113927982191978,0.0118879933869811,0.0115847843921343,0.0116250544485464
"591",0.25697914757167,0.253193108466603,0.249788782154388,0.247245865060701,0.245261901638818,0.243846275496152,0.242952075247171,0.242676060099748,0.24524296553568,0.245563827311353,0.247151260122006,0.250008888921551,0.251450469247528,0.252744222129329,0.25291246776606,0.25371930774653,0.25654580075161,0.261642201266895,0.26595505489407,0.270333048659218,0.276093995661232,0.279208985306846,0.282755773061327,0.283327126309615,0.282754622754171,0.281053096124869,0.276218257862467,0.272704616812882,0.269603140522868,0.267665769916302,0.265883324747631,0.264979686863475,0.263093188046123,0.262428752496628,0.261401146460714,0.263132000845839,0.262013806617338
"592",0.116387338116438,0.114951177168975,0.113875951697661,0.112462195498866,0.109895018131425,0.107972432298985,0.106502509969922,0.104934632890075,0.103410301105666,0.101604463607866,0.0997896887589173,0.098157535484236,0.0957841571619683,0.0935179530406827,0.0906659542718618,0.0880200238566204,0.0847925626329571,0.0817795494127437,0.0788093499328767,0.0761655045913331,0.073690185424205,0.0715573430663127,0.0690671591547452,0.0666016497471128,0.0647984534657106,0.062511155084459,0.0611642778917649,0.059508046740799,0.0589030246324611,0.0585878179536777,0.0581528825406043,0.0564367758268664,0.0547309012126506,0.0533775332588588,0.0531542685000516,0.0515894898615059,0.0500002434664664
"593",0.309487114113104,0.307422148838597,0.307244734674095,0.307200928991517,0.306442158643536,0.306472974842809,0.307285003808336,0.307343724989542,0.307866327609762,0.307157829395371,0.306250590506791,0.306050877456423,0.305733581689463,0.30533488318769,0.303301634085335,0.302373281983728,0.301236854989303,0.301214963386594,0.299350978587061,0.297204350018354,0.29533761010775,0.29305940437841,0.291292100430678,0.287546577641273,0.28472394986233,0.280577265329351,0.274748025224051,0.268798298886935,0.26456690704889,0.260472735499681,0.257020867055799,0.252270643122226,0.247345371475139,0.241852447407873,0.235849715819974,0.232766982387442,0.225422058650878
"594",0.126710688740751,0.123412477090482,0.119099712224961,0.115033909035164,0.11166703179851,0.108202220155808,0.104741094796377,0.102332470781262,0.102194900697617,0.0998250587878376,0.0997018278335582,0.100271027481596,0.0989653811218251,0.0968309290115267,0.0958427054487909,0.0950629115994411,0.0971268438896052,0.100953138827676,0.105778990751833,0.111200441500634,0.118041194714527,0.122209962517952,0.12628887512852,0.128320973719792,0.128386433832054,0.127884309816202,0.125840831978862,0.124936098359712,0.123522937821692,0.123251809818222,0.122644284921643,0.123143799456433,0.122489241709013,0.123187564147535,0.124125408349247,0.125604097009917,0.126357411933343
"595",0.0772784860878151,0.0767615882240088,0.0750484991006392,0.0736643049451399,0.0726533512674832,0.0713390440724406,0.0707797721503983,0.0704752276092117,0.0716526002535154,0.0717494996956834,0.0727796722710962,0.0746543796544329,0.0752966102607379,0.0744713163934449,0.0743505233934109,0.0747022073961116,0.0773934783547315,0.0798472374565055,0.0829462680037968,0.0855099906538758,0.0892693172425377,0.0912940334861589,0.0933624062533055,0.093908626494501,0.09291983854057,0.0915760137354488,0.0877981576882066,0.0844705862831271,0.0807376795629877,0.0780664724932652,0.0757650142174619,0.0731332142485355,0.0706012253622532,0.066827646718967,0.0631376993969398,0.0614525977069538,0.0578592028464392
"596",0.0262792803952496,0.0274577328038389,0.0278011470160577,0.0278896319632365,0.0278123504592645,0.0272528060801169,0.0272819269108321,0.0270366816744033,0.0266789628887949,0.0260363155556764,0.0255698374531443,0.0252996576306772,0.0246506783586861,0.0226960928624949,0.0216982661138605,0.0211189755238429,0.0215298297598082,0.020632114964061,0.0202862903902361,0.0195207063124904,0.0188981190996211,0.0180920270639086,0.0170399247553842,0.0160996596211439,0.0151292534432683,0.0140629521451816,0.0123698210992511,0.0106755462095526,0.00935991245823771,0.00848603318003027,0.00782048879945367,0.00639058973148511,0.00545471725548125,0.00408612460075473,0.00316578624273898,0.00244564407027016,0.00167357593977327
"597",0.129567638574965,0.129163722878667,0.129563184493906,0.129768388139013,0.128432906223264,0.127962655953651,0.128266695221977,0.128189630681169,0.128139873261144,0.128251628187847,0.127642367157976,0.127635677238237,0.127181509230994,0.127386097612274,0.125883700172075,0.124603509943957,0.122503488038632,0.120310535625744,0.117456163557794,0.114209894383495,0.110905236189208,0.108274773008535,0.105570823431312,0.10264105105393,0.100596426982358,0.0982494485050198,0.096199155252669,0.093354850917136,0.0917699392143385,0.0897127328973436,0.0883084995929432,0.0854435710943615,0.0831489826087804,0.079229191621656,0.0758883880612933,0.0727467382440949,0.0687579300944269
"598",0.222060839574492,0.221577987811653,0.222298829259409,0.223598769588102,0.224193072939235,0.225490239640254,0.2275437278444,0.229443857386623,0.232231738264431,0.23406716918968,0.235279166462906,0.237637370215663,0.239575958239518,0.242642355589452,0.243146566840813,0.243963897683514,0.244822432827429,0.246241943244918,0.246242671049425,0.246226767480786,0.246472780720504,0.246615514856748,0.247245231153464,0.246552606987379,0.246315503690047,0.245501374790691,0.243966042504876,0.242689681262532,0.242617842401563,0.242043913971067,0.241941380331865,0.242416930805775,0.24232017826411,0.242528182441491,0.242590470053396,0.243873298937583,0.243940665722951
"599",0.239860530973101,0.241983735145675,0.244180662173882,0.247678153622372,0.251951325013254,0.255578038515159,0.259738824498051,0.264103198419069,0.269634509720807,0.272813147663122,0.275599556779399,0.27973481440019,0.28347617001024,0.287925986894833,0.290182946638628,0.292768307508494,0.296769785559228,0.300221259461386,0.302205769622712,0.304360958139622,0.306368820069115,0.30785871763284,0.309663797599516,0.310309366642768,0.311583770759783,0.312117076040832,0.311329672688035,0.311311640049986,0.312817973767627,0.3141599017465,0.315707237525741,0.317521666403119,0.318704523271949,0.320753887558917,0.322839364198499,0.325354252259187,0.326012749769316
"600",0.279382660294892,0.277802064420451,0.2784155609986,0.279139751828782,0.278573278558405,0.279143578054889,0.280577959598384,0.281227165592769,0.282106362589023,0.28233719451677,0.28179062072519,0.282034710771844,0.282254716925458,0.283072831274664,0.281532367830043,0.280829509741274,0.27931882766166,0.278579053408878,0.275806920316016,0.272561610401152,0.269173548320283,0.266105092576156,0.263494567770439,0.259425952739598,0.256753682301441,0.253102208678606,0.24877181784685,0.243838604945629,0.240868787595359,0.23723946989764,0.234527208656987,0.230566882699103,0.226777092110751,0.221658054323287,0.216088639863594,0.212778362286134,0.206318088297743
"601",0.207803016415244,0.20193257120696,0.196803127073345,0.191220362084076,0.184556609707197,0.178985903374106,0.172831057675755,0.167021713360321,0.162415444946402,0.155854267714175,0.151200285896616,0.145927051924947,0.137947641647771,0.12901683183108,0.120199923605174,0.11104595662622,0.100824618726789,0.0988729487189507,0.0991693849470824,0.103340897331339,0.110830774720016,0.114101221385515,0.117069769016077,0.116634813661771,0.113553969402927,0.108262899488323,0.101890522760566,0.0975426918044569,0.0920901209300219,0.0915636864617329,0.088396259676119,0.085617574369736,0.079201221013411,0.082032931642634,0.0868284066805839,0.0891954514730874,0.0899445910476589
"602",0.345707359089222,0.343465762432647,0.342483805044588,0.341410461310904,0.340514270583019,0.339581727436691,0.338912464697492,0.337697057893996,0.336777038167121,0.333552578335426,0.33106174502526,0.328842602249177,0.326413734020303,0.323896297800149,0.320588628909195,0.318316935000686,0.3156065058217,0.314678930127082,0.312123975194228,0.310577078503396,0.30927323246685,0.307594885479853,0.306160592373733,0.30317974039833,0.30151236137498,0.298330011431551,0.295363376914548,0.292994977899909,0.292721554535854,0.293016966445327,0.292969115729914,0.292627502723534,0.291136103953666,0.292804172312511,0.295190341697125,0.297047791581539,0.297233642013251
"603",0.310366068559264,0.313519400921957,0.317814063658223,0.322770532818008,0.328250417106874,0.332860215067224,0.338223064817371,0.342863107999176,0.347441634261781,0.349368595913271,0.35073135739084,0.353120799494589,0.356033402849633,0.35806424644092,0.359258886986513,0.361706585781749,0.36636225507361,0.368616780396055,0.369021784594522,0.369202752390737,0.368203789669183,0.367301582008004,0.36653368097283,0.365513656878732,0.3666138691747,0.366777192379325,0.365439122000423,0.364692638068634,0.366555610709223,0.368437008943155,0.370644516171154,0.371492701034795,0.372491422622487,0.373813555246088,0.375610400370505,0.377234967931353,0.376161432630078
"604",0.278114041202021,0.275052098813439,0.27383845700643,0.272747573521603,0.270557774631733,0.26959848710925,0.269329677023526,0.268559400274406,0.268604328312494,0.267820442738275,0.266901620606579,0.266712460213662,0.26601590455526,0.265715431687133,0.263368918024668,0.261842200717681,0.259693722060638,0.2596674049929,0.258143036639857,0.256487412937739,0.255724773439083,0.254215196961434,0.253289017256098,0.249964412717946,0.246778088013933,0.242259815095632,0.235661493515605,0.228845828620944,0.222923929750534,0.217454079166245,0.212473721544253,0.206033190174785,0.199084860531568,0.191043670641019,0.181951964503649,0.176841370922657,0.165398977321489
"605",0.213222830695219,0.208449472898332,0.204865535713047,0.200920812578137,0.195734721855705,0.191762683722769,0.18753557971977,0.183531152151019,0.180096730555341,0.175435789885212,0.171581203344869,0.167427001567383,0.161700162772511,0.156893527386199,0.150854559014915,0.144583317773559,0.136037055965256,0.131777964071083,0.12770825476161,0.12644416034859,0.126616945771524,0.126096772183842,0.125264344746625,0.123181932964351,0.12108279777615,0.117470851498003,0.116429057740751,0.116204148605414,0.116761819289719,0.118851783977129,0.119199980067005,0.119777641563114,0.118082677322465,0.121997040166037,0.127350139078746,0.129450096239413,0.132008297902179
"606",0.211143593657952,0.213734937612755,0.217790969933558,0.221124874312879,0.223341901097454,0.225459331154441,0.2270583924784,0.228971415884476,0.229025501879171,0.228046497602061,0.22561173722674,0.223275436469423,0.221891235761671,0.225993751472049,0.226081738958837,0.225058318623198,0.220107064762371,0.21280147580428,0.202076729192357,0.193752114366889,0.178456822626507,0.171262835162308,0.161604926348756,0.162392228654005,0.173761631721572,0.185089721225192,0.207660269928059,0.223542152074827,0.239140223473346,0.248703389885173,0.256427568210535,0.264725113108872,0.27068362204597,0.27881594020194,0.286939953628601,0.291324510667959,0.296679272244305
"607",0.243425486498214,0.242152534963782,0.243037825664025,0.244157311279501,0.24357221480147,0.244429776373276,0.246394756260318,0.247517615360383,0.249160401575596,0.250646561132804,0.251050409010857,0.252467139072384,0.253650100018286,0.255394348426939,0.254456784527961,0.254268509317503,0.253464116768875,0.253533624407143,0.251789902091195,0.249212636945967,0.246951941585173,0.244615355483746,0.242893864907591,0.239270870508936,0.236267247194136,0.232356326138342,0.226419388905455,0.219706111984019,0.214180991225624,0.208049076319553,0.203145886905332,0.196342310253841,0.190097798186525,0.179540635644011,0.16654257533151,0.158412642363238,0.142525953709487
"608",0.0559964646798012,0.0572317462846119,0.0574762030092747,0.0575690464951611,0.0576950539620202,0.0572036555203751,0.0571436618473158,0.0571999680265812,0.0572675816506557,0.056569816774686,0.0561410279304747,0.0560839674616477,0.0555300694300524,0.0546131969810277,0.0541357588201186,0.0537554092119073,0.0543171930907261,0.0533654433588183,0.0529412123732474,0.0527339856309191,0.0524173686664425,0.0523834955671095,0.05196797922185,0.0521635501524408,0.0526071722972045,0.0530832227202265,0.0541649444856609,0.0552018641844814,0.0567271437413389,0.0579638998401646,0.0591251291746308,0.0599027099526015,0.0606297073243929,0.0608781371735872,0.0617717744071285,0.061509776872423,0.0617949751798803
"609",0.327999723417125,0.326280881451628,0.325942972919766,0.325802819702563,0.32582927654791,0.325962224760495,0.326585827266428,0.326775563190539,0.327474675348496,0.326038237119606,0.324974637981781,0.324551119665685,0.324061490051646,0.323487596511358,0.321898143644764,0.321373861445117,0.321332538072315,0.322004798606633,0.321055792573739,0.320570427065081,0.320102998707662,0.319217602016024,0.318650624246591,0.316709002680482,0.315968879980024,0.314028499287705,0.311293266816615,0.309211881791091,0.30915265786974,0.309386118166127,0.309693717089849,0.309711086480292,0.30907490518831,0.310158593387474,0.311616924101646,0.31335587548941,0.313110459983708
"610",0.403219354018602,0.403243177374872,0.403550641975285,0.40375154842518,0.405789118173728,0.406096095026871,0.406880127011381,0.406628138966259,0.40636674009338,0.40228073377195,0.399769092503428,0.397444189877018,0.395401753396474,0.390644529645388,0.387600093064151,0.386599985665238,0.387722621966148,0.388547622844059,0.387972390449117,0.387965878603912,0.387806613114049,0.386337083027221,0.384884611128002,0.381976061324636,0.380655148083478,0.377456844545617,0.372261613818146,0.368368512852583,0.367221914058534,0.367693089542273,0.367942426612205,0.366535449839935,0.36478730838088,0.365537934622645,0.367206604504325,0.368610202683975,0.366786025661042
"611",0.451908953142997,0.453084197894864,0.452636301340226,0.451823736581347,0.454690191404479,0.453885763675027,0.453298876754657,0.451499415026985,0.450537135142813,0.443663179867948,0.440582298535106,0.437511541398977,0.434077281718524,0.424866512190608,0.420513951029056,0.419044046626095,0.422836224764269,0.427810850148708,0.43279328345666,0.438500350221989,0.445215475243533,0.446923338398521,0.448170608767072,0.446476208586406,0.444730289857718,0.440237637695844,0.429173486877144,0.421115076873315,0.415255656705059,0.41391976629406,0.411926580807947,0.407425431541942,0.402586697208643,0.401238054408588,0.400985680256467,0.402174784558036,0.397521416617389
"612",0.212642610118608,0.212670860273918,0.212098315476118,0.212923122141103,0.21532301523587,0.217001730742999,0.218844665812403,0.221798010921455,0.226634997415039,0.228768228168141,0.231398462026619,0.23538080535419,0.238487238210775,0.243053011984932,0.245523433354817,0.247823045630289,0.251456835870363,0.255389314135544,0.258307690804051,0.261930466521983,0.265757519168762,0.268728248188906,0.271928212537653,0.273761030828304,0.275536134487139,0.276668964509577,0.277082293143503,0.278345289418341,0.280533756610928,0.282444251847189,0.28425782648095,0.287117905517083,0.288789742655176,0.291965017697041,0.295084408225864,0.298304131658437,0.300275512680851
"613",0.291529136321015,0.286434222879455,0.282214130196852,0.278010358694999,0.273476445025056,0.269769946864211,0.266046943210815,0.262480216852518,0.261031326730562,0.257475515793715,0.255706391454061,0.254491264545334,0.25158357353999,0.248281041483946,0.244311383551791,0.2411190491568,0.238800713173839,0.241914358271355,0.244876392699975,0.248797208692014,0.255154578600525,0.257989554712378,0.261285094415741,0.260704156190483,0.258276264892142,0.254093053813182,0.246283957172111,0.239809450401053,0.232779214078773,0.228356356756919,0.223289788943197,0.218617794532563,0.211779134619991,0.208284901085909,0.204671525481879,0.20504680931413,0.200246752517484
"614",0.279559696186919,0.280541708199933,0.28145729735473,0.283880912194145,0.288048211861604,0.291244317295952,0.294917388927569,0.299036700729496,0.304733222029286,0.30717918675025,0.309929085425201,0.313987710507374,0.317614455040541,0.32106539026526,0.323281377954994,0.326175255851818,0.33161010544192,0.336159679627085,0.339381206918801,0.342806087130876,0.346036749269816,0.3480157782322,0.3501325187867,0.35090623154808,0.352289887518416,0.352636069794895,0.350655274088065,0.349892208904958,0.350945029983432,0.352561389713562,0.354286681872598,0.355569012249109,0.356474767486858,0.358333226580651,0.360442233297974,0.362810854852602,0.36247685956931
"615",0.175985756738439,0.173391631364036,0.171832621365275,0.170311623029088,0.167562864169051,0.165968025448726,0.164947681426181,0.163878965404492,0.163608681769977,0.162951284753792,0.162221973022546,0.16216369198257,0.161256150501762,0.161068824761525,0.159151275556646,0.157514418118315,0.155392648676443,0.154795903509379,0.15366537624231,0.152667826630995,0.152574937297357,0.152056247762513,0.15180459273702,0.150088527908661,0.148136219654551,0.145493890002823,0.142046039462779,0.138540778903905,0.13560162308914,0.133022637778242,0.130745389796567,0.127995244973237,0.124912094342061,0.121700691954577,0.118782531468941,0.117086041332132,0.113642134034729
"616",0.274532997009942,0.278924974830296,0.282722963540772,0.288475226009528,0.295872718568033,0.30168224297916,0.308304090323362,0.314708573646361,0.322494045120406,0.32683171357192,0.330835746114973,0.336234330380798,0.341283944400669,0.344941501823398,0.347682720429314,0.351488154733785,0.358676435184641,0.363851915589803,0.36758044151789,0.370852673463863,0.373742741271572,0.37514361696569,0.376671137109607,0.376847966917957,0.377830183818461,0.377675656963495,0.374060184176739,0.37178964036064,0.371689655885914,0.372500663825008,0.373715934939476,0.373808850714208,0.374101500844718,0.374569753167601,0.375320467357499,0.37694382039734,0.375253143865053
"617",0.226516010312875,0.233534676684688,0.242968431618067,0.251104563346307,0.25599807892928,0.261401637496111,0.267529575904433,0.272069906856598,0.274823660438393,0.277701115179676,0.277857311169267,0.278875359003648,0.280983780118793,0.285194731238567,0.285588074823337,0.286328296506859,0.285074006142954,0.281663800462562,0.274893222041033,0.266984235355954,0.255115680397328,0.247020513971296,0.238216487024732,0.232226266676604,0.232942444933888,0.234292744043987,0.241382939449945,0.245292859407862,0.252567141587839,0.255384551378294,0.259028985248975,0.261914548940732,0.264919364174729,0.266980503806049,0.269348373126734,0.270203356166302,0.271863124298436
"618",0.335266018553518,0.333406430123722,0.330144011685319,0.328123947140903,0.330255933707773,0.330255477488755,0.329628258616269,0.331037401334291,0.335451031317049,0.333983518599232,0.335682221229257,0.338508561308451,0.340311831425616,0.34188728386189,0.344205531523917,0.347058881308751,0.354381852388124,0.361486817339198,0.368022197034457,0.375909209049278,0.383423182237264,0.388033510308802,0.392096687063552,0.394605323329017,0.397314361099725,0.398526611630306,0.396654538055234,0.396743228162873,0.39873617071317,0.402371023091821,0.40549724639326,0.407136677174044,0.40842880710924,0.411293675886283,0.414825279166621,0.417286199448127,0.415903675440923
"619",0.0120220205450711,0.015145456120727,0.0169402403469682,0.0192897148028487,0.0226593404465997,0.0246370251169427,0.0273367409556013,0.030037120830075,0.0332126608832476,0.0354384672453511,0.0377150210139379,0.0408622894023295,0.043485048184576,0.0448512827597272,0.0467739090317818,0.0488350665485931,0.0530739699761723,0.0547276181436901,0.0568844896871179,0.0583034055468339,0.0598989086439445,0.0610658346964316,0.0620714477162572,0.0630067439489952,0.063355413111102,0.0638557141987363,0.0632003763628327,0.0626458437827803,0.0622210728938838,0.0617246654050539,0.0617101339237573,0.0613805844055285,0.0614598295158424,0.0596888676970857,0.0581512448639254,0.057106170431213,0.055781437817388
"620",0.00879291379804603,0.0105452953883554,0.0113574731779077,0.0123201869064213,0.0138951592300139,0.0145467776881339,0.0156497528454991,0.0167769593682437,0.0180718410234124,0.0186800119053501,0.0195400814111299,0.0208604147684215,0.0218538112010992,0.0216731947580652,0.0224375347524444,0.0234144749932132,0.0261977128993881,0.0268397538697935,0.0281508201697073,0.02901289131199,0.029910393835748,0.0305197621582114,0.0308305077969526,0.0314175848983566,0.0316703554202121,0.0320438580515882,0.0316392834549379,0.0313164712256407,0.0311660536348941,0.0311328900687246,0.0313579454706169,0.0309475355546037,0.0309921232849344,0.0296110170570344,0.0286629415462039,0.0276089188209219,0.0264947409434845
"621",0.211562535060542,0.211691027314945,0.213056368285871,0.214408188185879,0.215020145584286,0.215979530417144,0.21694594827133,0.218195623738244,0.219099704425214,0.21893762069069,0.21805201075596,0.217779735771539,0.217620761205439,0.220722966401257,0.220770253241066,0.220376558503161,0.218226950269144,0.215822115287094,0.211694029165907,0.209052930525709,0.204749069251713,0.203231884222326,0.201521795278773,0.201725352338649,0.204918691935395,0.208061686059847,0.215605401092831,0.221976805359803,0.229507365035805,0.234408774314373,0.238652094751214,0.243846168916724,0.247427470111326,0.252862245899803,0.258433805409319,0.26196789954629,0.266061942474187
"622",0.21113564260371,0.209016200671513,0.20805807522003,0.207434305748603,0.205996787769063,0.205521993048355,0.205604619588201,0.205756626844522,0.206897476035424,0.207205825576475,0.207348146998144,0.208418477186361,0.208827721259407,0.210481635969112,0.209885081351169,0.209508849095701,0.208855051645596,0.209528714579673,0.209178663315852,0.209133257599914,0.20969479722228,0.209986603093476,0.210687499104689,0.209967889677037,0.20934782561403,0.208120405906526,0.206489622616051,0.20512499122921,0.204651544308927,0.20392902279332,0.203466511866577,0.203654535964248,0.203070140743931,0.20319955798794,0.203357560496545,0.204419984209302,0.204547089067347
"623",0.157841395606027,0.158309338021301,0.158958373343467,0.159878559388956,0.160555609891271,0.161228744343465,0.162088608136065,0.163441320327908,0.165139492132769,0.165720528342996,0.166008805156822,0.167153306348563,0.167919479708802,0.170962320697413,0.171718975491547,0.172062727803149,0.171924240244389,0.17164153353644,0.17054497884529,0.170448509457889,0.169946498409763,0.170553302282612,0.171188032819218,0.172188165427686,0.174146588373132,0.176012832660868,0.179868743994608,0.18353231834829,0.187974242590082,0.190872872122107,0.19349386562937,0.197310920975342,0.199829419318251,0.20359175893543,0.207456759411481,0.210278352512563,0.213667058049519
"624",0.0842906796289834,0.0884043336726123,0.0924832288564958,0.0963377559511839,0.0987395069953584,0.101033554868509,0.104261636282077,0.106794162026387,0.108912950583183,0.111258756978181,0.112246198283604,0.114138096091811,0.115910853391368,0.11843259993574,0.119004980421363,0.119607535770636,0.119813501649206,0.118475722373215,0.116362768822129,0.113548404299558,0.110142051705097,0.107972312167696,0.105754304122757,0.104055433813596,0.103583000135528,0.103310912673955,0.103697469375865,0.103237003124345,0.10401635676096,0.103425178662245,0.103658398179356,0.103255841308878,0.103407053719355,0.101422124762675,0.0996821167732978,0.0980576316909477,0.0965342116121814
"625",0.262913324855604,0.258777660433658,0.256113746775641,0.253121322594717,0.249266230775484,0.246315582686704,0.242936291815442,0.239822656229864,0.236832951240537,0.23219537353394,0.228105549496164,0.223685780468088,0.218273244633317,0.215376397697366,0.210426447284176,0.204981856004814,0.196120353751916,0.190449842891517,0.183636771711421,0.180515536386716,0.177003643566576,0.175235845739426,0.172834730466104,0.171472750939134,0.172751578466192,0.173030557702638,0.180271170555568,0.187041925075413,0.194846525530383,0.201152031662391,0.20543002067017,0.21078867848658,0.213470467984694,0.220977491996672,0.22900194206887,0.23325761256447,0.23854499608508
"626",0.271693726670486,0.265952785063092,0.25989135587097,0.254522783425264,0.250195303251832,0.246291550809026,0.242540144452147,0.239882939574982,0.241830672024576,0.240529491458881,0.242309459423618,0.245454913168447,0.246121045040098,0.245365525720593,0.244876109490733,0.245323143308624,0.249654048671174,0.258087031164952,0.266099015072489,0.273865137049762,0.28363505704713,0.288684328306324,0.294022088769131,0.295241220215224,0.294244834290139,0.291784132324733,0.284572593303147,0.279217906289221,0.273453942863477,0.269986059777601,0.266386255979208,0.263872669032858,0.259951001393873,0.257804229003884,0.254952365562217,0.25666566136312,0.2538731325058
"627",0.0903587923047221,0.101498432147006,0.104881913778261,0.113230527728944,0.126388922484732,0.134335921104355,0.142880990280714,0.152023839368813,0.164291519482469,0.172406088321785,0.180297524703511,0.189902750825062,0.197434923595534,0.204682938627106,0.209733573703229,0.214443183769714,0.221583308866901,0.228108126745357,0.233589165177679,0.238502195551867,0.244099532912518,0.247878579981423,0.252048725677971,0.254022228977131,0.254991544877991,0.255429027230487,0.253550937110283,0.252658143903172,0.252190260465711,0.251762425968938,0.251755281660141,0.253072891411974,0.253596115046975,0.254376674360043,0.254676643578933,0.256966762591958,0.257633302453663
"628",0.106945564388765,0.106385825971824,0.10607460377756,0.105601203923899,0.103976145595271,0.102942583803845,0.10269352535787,0.102153077648747,0.101886709031571,0.101579492619992,0.101014416749649,0.100999801253999,0.100316429845798,0.0994169648057395,0.0977408223784741,0.0964413817222357,0.0951860610961178,0.093804689259204,0.0923556497685184,0.0904717854303321,0.0890754316321913,0.0875718300140966,0.0860243191770767,0.0838188695128132,0.0816017675810323,0.0789687680202708,0.0753502091628943,0.0712810232016094,0.0678481072653122,0.0648210385420549,0.0623582767487985,0.0582167155587379,0.0547187008073083,0.0495349810594523,0.0449051696741245,0.0413382286425601,0.036149603854361
"629",0.207068784105722,0.203019743412655,0.199353356724617,0.196151524765419,0.192870974142517,0.190396783744549,0.188243658976378,0.186728585447927,0.187511751714656,0.186653081681348,0.187025495400634,0.188398479598116,0.188258302000876,0.188395122141702,0.187507976686255,0.186961631692653,0.187736277816579,0.191199103770864,0.194430378966746,0.198061148893805,0.2032794422872,0.206258807211144,0.209618136305287,0.2103044440048,0.209554752333548,0.207919826415491,0.204181157844966,0.201450278805076,0.19865413402937,0.196848421436975,0.195032943110804,0.194327018071548,0.192433901256429,0.191905449395465,0.191232945697382,0.192604882762024,0.192032401048404
"630",0.274291315326585,0.272652852300599,0.272992098127238,0.273527445296237,0.273007432105059,0.273503494263478,0.274761868863558,0.275448525213354,0.276535490477347,0.27677254673579,0.276408314906026,0.276874743275838,0.277224264991891,0.278336803065479,0.277135528455908,0.276656431113629,0.27559740807487,0.275373889860273,0.273306831392319,0.27107291498672,0.268829376623398,0.266794899965466,0.265225872636275,0.262302673019026,0.260566290240905,0.257951846239699,0.254840386997105,0.251565375557575,0.250092596513531,0.248129716111648,0.246805891765804,0.245088158048045,0.243144408386507,0.241171444609909,0.239149964931218,0.238606838517969,0.23619536115597
"631",0.104973736713541,0.104628251310975,0.103821230263238,0.102922172244472,0.101917944171319,0.100733532137656,0.0996829781634178,0.0991356085609901,0.0988208849360822,0.0973958015649822,0.0963841038552319,0.095745037574365,0.0944403956186361,0.0940616422981767,0.0932939725991229,0.0922942580558642,0.0915228178023152,0.0902256942750344,0.0892172826221742,0.0893597140938003,0.0893237965309484,0.0899254777370313,0.09015375047443,0.091105909669799,0.0925698024487036,0.0939822123425869,0.0973300918050663,0.100643219986421,0.104425276311554,0.107313838081113,0.109684971788788,0.112624090109584,0.114600817938883,0.117483238231294,0.120863496482631,0.122516007696046,0.125225893732975
"632",0.178996947552647,0.175670379315563,0.172128805756962,0.168854902130262,0.166155189867066,0.163530929539315,0.160510483810212,0.158799719783153,0.158677841115534,0.156160987563463,0.155276987179613,0.154979497649128,0.153326145818446,0.153387204550646,0.152865873621953,0.151897003238269,0.15184388230705,0.153649729843617,0.155793248186103,0.15999062793956,0.164780669428553,0.168577077874955,0.172224673009871,0.174889765778846,0.176879281759429,0.178368413104395,0.18089566974879,0.184213040085684,0.187648130763046,0.190701507411464,0.192974696783061,0.196984493362273,0.199100111170513,0.20372682396211,0.208449882505226,0.212085551931551,0.215961358814384
"633",0.276732779480244,0.274217325750336,0.273469996581166,0.272894828123419,0.271452668973384,0.27101627439076,0.271167135687069,0.270963017808102,0.271414447401958,0.270817780519582,0.270038970349571,0.270004204968971,0.269618774916794,0.270042343834402,0.268346812876799,0.267310245305589,0.26568796588274,0.265600539229046,0.263938901743091,0.262471422244196,0.261402896671781,0.260145510058702,0.259354422031727,0.256914343939418,0.255202962640403,0.252485971263276,0.249148329274591,0.245938958028647,0.24422899208149,0.242469391133606,0.241065925594306,0.239553457954906,0.237444122372626,0.236168659151449,0.234994262285892,0.235100063244392,0.233373834409747
"634",0.160003709328367,0.158417552004153,0.157296166768603,0.156512837844023,0.155076748947115,0.15434802679485,0.154273336940558,0.154348236931657,0.155556000244337,0.156060405112585,0.156580157424481,0.158051239462139,0.158638026415781,0.159913470165074,0.159547468632273,0.159359880405034,0.159466018134523,0.160497660358467,0.16104865780948,0.161651234358764,0.163108362970316,0.163949615837644,0.165113621899464,0.164833354924283,0.164072334517915,0.162846192327508,0.160694753348793,0.158799845399679,0.157326032053762,0.155883755302524,0.154781081939226,0.154131907559236,0.152970830924227,0.151756364531787,0.150551180899009,0.15061473788784,0.149608528803963
"635",0.0979477723219882,0.0987500629165606,0.0984717648319507,0.0987230795040713,0.0994707063254526,0.0996732596277942,0.100433775619317,0.101665937174395,0.103998756168744,0.105082634760319,0.106522264037617,0.108963329569351,0.110501389251898,0.112294015942587,0.113387031163782,0.114417687995748,0.116727286354737,0.118495312866031,0.120306337982994,0.122192285042628,0.124603561162757,0.126466564656315,0.12839893115679,0.129552947219779,0.130095447743301,0.130497414271866,0.130450124617199,0.130748195255898,0.131268178341778,0.131509834627476,0.131911125209826,0.133087695897521,0.133671102362404,0.134194077220859,0.134823725282304,0.135773180396421,0.136626735724625
"636",0.276490355999568,0.276031019199112,0.274817371959654,0.275271976596602,0.278482018552645,0.280402287995091,0.282362656894853,0.285659426216047,0.291272185326903,0.292876659851463,0.295697519424451,0.299854750885064,0.303193243126071,0.306915039426472,0.309551270257575,0.312507975864912,0.318255747244124,0.323700973021871,0.328089403501662,0.333176779307148,0.338187750807846,0.341501014002163,0.344801660446392,0.346590878568176,0.348594309334637,0.349524484678114,0.348327895257334,0.348521415595892,0.350261901572564,0.352657885900051,0.354890073468148,0.356921509841952,0.358259753613894,0.361041027881255,0.364082049948881,0.366939858385069,0.36713697101449
"637",0.0886143614237844,0.0883634473872947,0.0857951604985653,0.0843500885167108,0.0849754149594492,0.0844148212060319,0.0843762631467025,0.0855008708992117,0.0892474970777434,0.0905899743656744,0.0935338316918042,0.097723643977823,0.100263457931317,0.101984024192834,0.104083424856905,0.106181915776894,0.111218185696391,0.115954243318969,0.121019201252411,0.125844241268412,0.131677457073383,0.135511941707616,0.13942059606415,0.141572403456554,0.142082047299844,0.142295934630837,0.140824769935121,0.140185143153758,0.139238446387495,0.138688721722094,0.138277475799409,0.13902180977229,0.139004839047082,0.139087185938982,0.139064244488728,0.140264173931849,0.140718234304439
"638",0.316193271896426,0.315292644880414,0.316149774944852,0.317058540783507,0.317763117086057,0.318644144664824,0.319934507944371,0.320734783754095,0.321325486468839,0.320114849350946,0.318686618097981,0.317781851043502,0.317193053959256,0.317487732961127,0.316095366374163,0.315466739470948,0.31426126065551,0.312935192799615,0.309450274591973,0.306591545356728,0.302563944322569,0.299846132802689,0.29722138639329,0.294758672559655,0.295112022454689,0.294703255110736,0.296346051446848,0.297704304927655,0.301451246795684,0.304065844993193,0.306543761785061,0.308756567276469,0.310146398456538,0.313320027389656,0.316967748019496,0.319356018431414,0.320766605738406
"639",0.167931299669024,0.165459169870924,0.164347591429432,0.162658463987515,0.159292781812293,0.157038892325019,0.154786184779735,0.152514878952553,0.149550075844887,0.146252776586591,0.142478626017951,0.138301752885118,0.133555282533733,0.13092752688917,0.12630344198193,0.121210373415842,0.112278866913632,0.103479110191986,0.0929153974835811,0.0838736490446818,0.071506116510915,0.0627298043431117,0.051484525345701,0.0444645420820444,0.044721458432953,0.0445706650756651,0.0568775139514917,0.0659429411735958,0.0771713135633289,0.0848738448274418,0.0904441790725191,0.0950374409099896,0.0981085963446973,0.104332979846402,0.111841135517125,0.113634454841637,0.118260534432006
"640",0.416958782250075,0.418382578687032,0.419700632781737,0.421366081303778,0.425706209772612,0.42775117599553,0.430982197935414,0.432816547251898,0.435162983458026,0.433061068176186,0.432661362878286,0.432857964367348,0.433527447975291,0.428576714334699,0.42719120207935,0.428876075736529,0.436122971974936,0.440500179199461,0.443894071069702,0.446268537038549,0.448377412391947,0.447524270795947,0.44652042554587,0.443697864714281,0.442018453880762,0.438206014203056,0.428024153598827,0.419784530568999,0.41445367887659,0.411941158752041,0.409909472743957,0.404582743810471,0.400339563816939,0.395798274003111,0.391587488484262,0.390442710390901,0.383385502014513
"641",0.63254216756322,0.653276632252224,0.665323266375082,0.676074815388791,0.701837821051423,0.710744253337313,0.722597745155163,0.728214960010597,0.728291259204984,0.713262556851749,0.70679387621565,0.69833273710968,0.694060923600249,0.662571161586864,0.656743598056184,0.660820276486982,0.686469490434544,0.691333388151323,0.698798525849848,0.702054497892314,0.700891204029032,0.692786372679179,0.68140739926632,0.672212911573828,0.667950921636245,0.658874404147877,0.634398001628182,0.614590824074513,0.602695869195274,0.60025239833147,0.597740844273149,0.580331756218439,0.5685183397767,0.555020735397897,0.545477662030297,0.536752697693891,0.515895174851431
"642",0.0688514109909132,0.0680462467789577,0.0662988575631766,0.0645734317052757,0.0627553573615066,0.0608601942810733,0.0597275125066245,0.0585719544267914,0.0585123868779743,0.0577378869986824,0.0578303689109705,0.0584980072809183,0.058014011926812,0.0555547227453604,0.0542029320547726,0.0535448705557357,0.0550382027501836,0.0565036912407257,0.0588389786464072,0.060512248957664,0.0635260732599823,0.0646957540025784,0.065846235133118,0.0654540219654145,0.063463478712489,0.0609613962183271,0.0553431762636548,0.0499848778148617,0.0440710416416681,0.0398772136322714,0.0360821453089678,0.0310320517764256,0.0265422429685377,0.0208409029642346,0.015642033808452,0.0131040859918374,0.00866859054857406
"643",0.247470975868298,0.244630299021673,0.242445579397377,0.240935382573515,0.239724784860022,0.238991271121734,0.238573452216772,0.238738816249636,0.240739910295891,0.240756995143545,0.24150395048973,0.243329277628503,0.244214145266391,0.246046692398062,0.246199221267124,0.246642853623451,0.248027831314108,0.25109075825941,0.253262604781732,0.256085865739005,0.259718257434155,0.262022482512134,0.264684902933335,0.265362693501142,0.265675784266461,0.265129897861583,0.263340931793696,0.262536243118948,0.262564169287135,0.262884929847686,0.263181970512194,0.264505843701503,0.26467485625069,0.266529769187909,0.268355940109794,0.270981024022573,0.272147875325559
"644",0.0142223887353839,0.016277539901288,0.0178359924574092,0.0191805282342651,0.020249369587458,0.0207611855283565,0.0219092944702871,0.0226149733063485,0.0228371000263837,0.0230361006292348,0.0229317918320049,0.0230780671148448,0.0231389185285744,0.0221550510538402,0.021749890380854,0.0216801152900816,0.0223402925095198,0.0209313525909348,0.0198275081298811,0.0181060154480275,0.0160736677704703,0.0145253283100286,0.0127555953641318,0.0116126696381357,0.0109931714350329,0.0104501865207851,0.0098367813877222,0.00891143030398863,0.00852201950625898,0.00804676101759753,0.00786965139107106,0.00681100566090554,0.00634314541222284,0.00498446577884072,0.00405639764468472,0.00317118111005936,0.00237397804641303
"645",0.123953011681782,0.119162480002225,0.112738889832256,0.106992221620749,0.102248611994539,0.0976743008524258,0.0939029692309577,0.0909741243469291,0.0928919000571847,0.0924713526119247,0.0953025400577545,0.0994973641740746,0.100698420456363,0.0980945256861461,0.0976236600830166,0.0983733717036093,0.10443722720255,0.112969642168977,0.121996131428915,0.129400590808628,0.139268341100045,0.144256880596039,0.149544366262773,0.150811127281215,0.148651059718032,0.145499435755846,0.136560806342899,0.128383882884703,0.117589340535547,0.109417076331342,0.101221175252989,0.0923863774296997,0.0825569780722672,0.0699888924018433,0.0545497876856038,0.0495289580379976,0.0337803517250742
"646",0.028833594220515,0.031080567146507,0.0324864523859004,0.0339432459095531,0.0351534947336164,0.0358516266558246,0.0375717226666368,0.038762892565302,0.0401599151910797,0.0414487559778434,0.0425000760301085,0.0442284067572885,0.0454742477373569,0.0450786968576155,0.0451727424923579,0.0458070897998378,0.0480117874240967,0.0483262719604072,0.0490504499554009,0.0486175278726511,0.0486074531666625,0.0480839375318023,0.0474782253429441,0.046432147545835,0.0448654684668247,0.0432175035398704,0.0394039834233169,0.0353450406091701,0.0315053108719173,0.0282356196777714,0.0258264963472063,0.0219625110729927,0.0193065064487331,0.0143215567741162,0.00992795527481304,0.00753799862914851,0.00448765479067176
"647",0.0404919012084138,0.0436741359177863,0.042249779517729,0.0431901831144203,0.0487122111602808,0.0509781522403562,0.0537393507281748,0.0581149821559318,0.0656073158066161,0.0694949934532635,0.0750138048066875,0.0819807917391143,0.0870518175081529,0.0909216226468172,0.0952261165159846,0.0991865624837101,0.106613518809001,0.112448070677025,0.118487815726897,0.124003922992189,0.130240416657225,0.134553328740103,0.13889181309804,0.141661953098037,0.142794175039177,0.143774485194213,0.143163170052749,0.143353326563069,0.143242073971596,0.143200706384593,0.143355153764974,0.144847382662227,0.145582754861345,0.146196748200493,0.146613533904335,0.148145043194666,0.149196853958744
"648",0.279351622455671,0.275057988438814,0.271945296778728,0.268943454228248,0.265460253496482,0.262906751316559,0.260535884456795,0.258260115113576,0.257521391496918,0.255113474386395,0.2537070063216,0.252918382519799,0.250987792240355,0.249459142812598,0.246588498653121,0.244327293465064,0.242165697360731,0.243678420806915,0.244526243165417,0.246263073479355,0.249643349284467,0.251061092361979,0.252942840305762,0.251985162866862,0.250186730230099,0.247011592553102,0.241856912676828,0.237681676246048,0.23392464692067,0.231570098496806,0.22897038784333,0.226896317432963,0.2233686013288,0.222380935520859,0.221551600570816,0.222621375356702,0.221021029243193
"649",0.326803668645276,0.327342789934554,0.328858103464685,0.331067511738963,0.334313881381583,0.336879414811434,0.340070714872837,0.342934688217517,0.34632197651684,0.346810248697757,0.34750789781171,0.349149514039492,0.351009127442242,0.352057252410153,0.352594711014408,0.354369085678016,0.358360122720882,0.36098640803211,0.362036980904064,0.363234929731384,0.363801251603972,0.363811769020675,0.363952244349475,0.363282493116991,0.364128654346608,0.3638592171414,0.361775725687519,0.360638237418721,0.361858870338574,0.363536155262955,0.365363084389796,0.366120117484729,0.366763325878371,0.368293975058385,0.370287878357019,0.372190916851765,0.371323961604626
"650",0.43104576422239,0.433583315599784,0.435832779605775,0.438253500095678,0.443835425773299,0.44643407081645,0.450112484889821,0.452234862851449,0.454124168966079,0.451102664059489,0.449898678477951,0.449060742891309,0.44911322670746,0.443288005925801,0.441669688944738,0.443242774586304,0.450443428232481,0.453710030828488,0.455904008977608,0.457330834659016,0.457819272975329,0.456089130462143,0.454040526329973,0.45099381798211,0.449940476829425,0.446837966647151,0.438556650097898,0.432123634076032,0.429257173902987,0.428988860674147,0.429063108011475,0.425410224557537,0.423005639539035,0.420830081052902,0.419730207073954,0.419404961329494,0.414124750421381
"651",0.236765975958713,0.235910364299406,0.235946570882592,0.236742323235869,0.237485741412006,0.23861914039811,0.24032400712707,0.242208214251148,0.245283282125456,0.246803612141638,0.248144464801092,0.250652052531778,0.252645559533339,0.25574587892956,0.256571320248007,0.257683067489311,0.259321678530175,0.261564858704847,0.262498969600201,0.263729015062416,0.265244025272686,0.266324751490725,0.267822100274435,0.267925463792025,0.26835639946291,0.268112556094745,0.267058921541564,0.26659078404754,0.267315361725913,0.267756843592761,0.268417550943857,0.269820210259749,0.270383869958984,0.271949587240869,0.273462399955268,0.275712327496124,0.276672128038593
"652",0.0306163334843546,0.0315703252441423,0.0317422567034923,0.031427383353159,0.0308774473558972,0.0298151598294316,0.0290611925376923,0.0281695763864429,0.0267415734904128,0.0249067479569789,0.0233108077443374,0.021578782426201,0.0196091904094756,0.0170601540832219,0.0154260667503727,0.0139978322781868,0.0126934980470723,0.0104447650987189,0.00864662250271018,0.00723076053726739,0.00559933919578814,0.00456552143800234,0.00338403539119204,0.0028389569147764,0.00278725755041776,0.00269894904480405,0.00337506725121363,0.00395229130893085,0.00494585290260988,0.00591093359513675,0.00670927682684516,0.00690677039219848,0.0071587343839837,0.00747535522236997,0.00831389720316407,0.00788922496131111,0.00791172636428398
"653",0.530733370966245,0.539650285276254,0.545216567000215,0.549913313649704,0.561780692007767,0.56550876637177,0.570372860936536,0.571925981280621,0.570476555460989,0.560541055245506,0.554805443168114,0.547924890344999,0.543122075061437,0.527007094034481,0.521444058645992,0.520707631900304,0.527067122928086,0.52554591228547,0.522715910127033,0.519590948502032,0.513441956127614,0.50609477555459,0.497324753077607,0.489435959388313,0.486845419782544,0.481137001550526,0.474921184768807,0.470003780927942,0.470814482417413,0.474696884304054,0.477621400941134,0.474059568451766,0.471756056374249,0.472474096898212,0.475802786920821,0.475113518636178,0.469399291484087
"654",0.17379676014998,0.1719369952338,0.170578682532434,0.169678668095722,0.168279177556381,0.167597057573193,0.167548623177843,0.167737262048214,0.169282716751527,0.169936964061017,0.170703652466295,0.172499601293952,0.173354943830641,0.174971597555974,0.174837543599054,0.174885117735946,0.175354591946005,0.176970465369931,0.178008094246052,0.179149923291632,0.181219854557753,0.182477082830294,0.184115039070199,0.184087608879693,0.183488035641616,0.182359165842768,0.180142467013659,0.17832756109314,0.176922531909474,0.175584297850406,0.174554757871353,0.174229473180687,0.173232695043372,0.172473120410549,0.171629862176706,0.172219884907945,0.171642976080136
"655",0.281542284579949,0.281170530914872,0.282434331031514,0.284020334217588,0.28523514862863,0.286799303314737,0.288881621912664,0.290668180777121,0.292645641569828,0.293080953655787,0.293026382628418,0.293831297102503,0.294761885563906,0.296798844172412,0.296675227794083,0.297114964292883,0.297458637376096,0.297682419856648,0.296037567245592,0.294787374673005,0.292874431242807,0.291714862248105,0.29084144155856,0.289594992532575,0.290181358544369,0.290105767794559,0.290661286452774,0.291286667917471,0.293878117132617,0.295601380385597,0.297445118931458,0.299379062912344,0.300601470871232,0.303019860638161,0.305673361115589,0.30796236489854,0.309113115828521
"656",0.00107010465536406,0.00151555637896746,0.00173012637174351,0.0019893074409116,0.0024907076109322,0.00267712552114137,0.00303833388597582,0.00341027940313967,0.00383847947165897,0.00398593168473742,0.00428182131164691,0.00474892725781431,0.00509670475220923,0.00475436697950267,0.00501231468516654,0.00541625284782603,0.00683951805212995,0.00712494049936995,0.00785964323126264,0.00832556517672812,0.00880030562546183,0.00906151255689229,0.00910538776872704,0.0093711917611769,0.00943943044964746,0.0095750620947509,0.00913928491200043,0.00877130686966047,0.00850193731614974,0.00841673673290494,0.00847017678043365,0.00801375698452073,0.00790921424154519,0.00700582073770337,0.0064008815396537,0.00576740847150327,0.00510580394999652
"657",0.158999439291817,0.157965644517194,0.157288976598474,0.157116915439919,0.15640593237812,0.156298082003171,0.156960982435461,0.157733234660848,0.159762237878915,0.161055189190509,0.162227586344226,0.164494497588692,0.165882491810765,0.167921126057971,0.168145905394426,0.168550466217091,0.169409995796366,0.17101383270211,0.172002168502202,0.172869316845427,0.174581344596634,0.175613324649678,0.177036929773183,0.176898169237836,0.176234482061212,0.175123344522568,0.172814494877968,0.17078034635228,0.169157761641963,0.167487264676776,0.166273674815654,0.16560674169628,0.16448215737038,0.16303893050816,0.161426982140288,0.161500756841838,0.160300421019384
"658",0.275170932936989,0.273140382181262,0.272607087554121,0.271820775126872,0.270789850845188,0.2699898632216,0.26861393635345,0.267743642607133,0.266202350857985,0.262627938285644,0.259079719647719,0.255355749540019,0.251662364011857,0.252218307235432,0.250098745289121,0.247222625070954,0.240970928767189,0.234952500281822,0.226581161937608,0.222127624182023,0.214230420472361,0.211475099869064,0.207563560521546,0.20880163265755,0.215842984327659,0.222398761804969,0.237878284779316,0.250113088602294,0.262632423024328,0.271284402103945,0.277964170986127,0.285338859987361,0.290206081815708,0.298318591255203,0.306519753158395,0.311075117984734,0.31585238033023
"659",0.346685712549053,0.345540990188267,0.345819432982017,0.346425368204623,0.347247362661947,0.348105389345667,0.349997450703279,0.35088564495037,0.352477691460667,0.351957271988729,0.351705674051339,0.35226575572311,0.352838950257287,0.351521705850977,0.350005929247522,0.350272526501756,0.352312359094263,0.354403360600446,0.354858721961925,0.354620973275356,0.354748855489113,0.353377381208894,0.35248222200176,0.349257101786927,0.346675504134056,0.342472031905677,0.334335152594883,0.326772834850597,0.320943568254761,0.316109739678546,0.311968151664833,0.306024767355726,0.300235025647117,0.293137426098618,0.284805029167306,0.28131114174603,0.27128263165442
"660",0.131855832483386,0.140658087709779,0.148441830696586,0.156403890086851,0.16304294984733,0.168655267696915,0.174905118888235,0.180475761693271,0.185980312934444,0.190753427398719,0.193742826078025,0.198096837056621,0.202276124133783,0.208103925581021,0.210599557595851,0.212894192482385,0.214982875176046,0.216099779052738,0.215702303431458,0.215061264863912,0.213964536395054,0.213833013014534,0.214092235211676,0.214120439449206,0.215159638868745,0.216143930792806,0.21750393249883,0.218626111001285,0.220945917220413,0.221747349174344,0.223088527958131,0.2252548258115,0.226881296894362,0.228272298691469,0.229485158334891,0.231200179032647,0.232661450909435
"661",0.252188229206938,0.252188046115027,0.254086921596754,0.256067465105275,0.256956098396312,0.25853958534874,0.260633460375284,0.262342666141302,0.263857878812136,0.264512855956368,0.264173980065529,0.264631654044471,0.265297317584185,0.267854496809208,0.267543848030071,0.267500812492241,0.266302997791199,0.264984494161559,0.261575046230415,0.258482906185545,0.254250776773928,0.251730763639706,0.249384230261704,0.247411446167428,0.248004669509683,0.248267642998027,0.250783391425753,0.252664119257536,0.256552216077867,0.258666003057573,0.260917513570746,0.26344999461433,0.265198100650995,0.267955136091102,0.27095135461235,0.273118549938289,0.275076742895999
"662",0.038144031098233,0.0420109664780428,0.0449741031316239,0.0476475529473538,0.0501093754743127,0.0515397720855496,0.0534175911782209,0.0551412834243833,0.0560945044037158,0.056624088463169,0.0566057522560973,0.0570289254549298,0.0574764803558615,0.0582928925006558,0.0587878870304415,0.0591433153416772,0.0597530850073644,0.0576191996782193,0.0555031353858757,0.0534431026834823,0.0502232402368918,0.0486943351619681,0.0466304129571367,0.0465264890403668,0.0480192067797455,0.0499053599736764,0.0539310788306417,0.0571918068972889,0.0613026347978669,0.0638986410586836,0.0664469432976651,0.0685873614803881,0.0707194650360736,0.0719467004242812,0.0737802431350794,0.0738189331576288,0.0751309435781213
"663",0.256294524817312,0.253444210221446,0.251265032319477,0.249780689883925,0.248672140895181,0.248002042993746,0.247662589561584,0.24787902238221,0.249972500264941,0.249983142761823,0.25076664832578,0.25263766130669,0.253584809192127,0.255341514664944,0.255494511542073,0.256014982785181,0.257610243205644,0.260862471882538,0.263183166494702,0.26611935260034,0.269860969882835,0.272168652260407,0.27483466581463,0.27544961569167,0.275720585115282,0.275075492156142,0.272980539273092,0.271932790194782,0.271783624052184,0.272030906924888,0.27226834942391,0.273437680572756,0.27349729368876,0.275243197332684,0.276965998543583,0.279568048234195,0.280531476179711
"664",0.38585211086611,0.389762357564422,0.394337309852489,0.399362821974593,0.406640846401664,0.411546466816515,0.417373596042621,0.421959678189528,0.425761232044233,0.425307743929633,0.42534018399012,0.425990337208799,0.427849053271623,0.42583731463921,0.426123603816535,0.428857722019751,0.436229745055677,0.438624141645514,0.439413287776934,0.439672515248306,0.437867512310923,0.4357642305948,0.433330507161159,0.431390259085979,0.432584206636651,0.432406784211227,0.429491970017148,0.427543617669262,0.429221591214045,0.432013283525903,0.435035326628879,0.434447595188246,0.434995113992347,0.435377540609792,0.436924724581253,0.4374282708347,0.43377720900894
"665",0.28968585261751,0.287701108446,0.287045527705479,0.286857318476755,0.286601595083024,0.28683732827831,0.287634429154958,0.288311267239665,0.290023110743497,0.289955460676751,0.290062205749705,0.291099419432201,0.291771587914307,0.292856785489606,0.292309651745375,0.292518595011166,0.293350181515235,0.295151489021702,0.295534204921298,0.296230606468968,0.297293242065613,0.297621559507236,0.298368857626402,0.297437673395849,0.297027650870458,0.2956072095408,0.292862020378106,0.290853801265627,0.290359735797804,0.290101273656669,0.290053329235061,0.290224896914987,0.289699094821571,0.290425145392649,0.291235936212828,0.29302189172762,0.292882441198948
"666",0.274901972506514,0.272563867714514,0.271100736816326,0.270295893942564,0.269861061058926,0.269762209861635,0.270050324789326,0.270679083467879,0.272850556873773,0.272894314580153,0.273506336085391,0.275158990071272,0.276153486875273,0.277824780316648,0.277909432525838,0.278512392745016,0.280140123871746,0.282995822010654,0.284711770064541,0.2870079496314,0.289846912805999,0.291539372190199,0.293581172979507,0.293807090369883,0.294112358426137,0.293454970539865,0.291411663496922,0.290362524257902,0.290535482552614,0.291044437750093,0.29157726889854,0.292714320747752,0.292893095611812,0.29468239567936,0.29652927115352,0.299054670667758,0.299785655421191
"667",0.056194625321886,0.0569748730860158,0.0575954051619178,0.0576110564277273,0.0565237895718197,0.0555104668337089,0.0551342735637313,0.0542544387973477,0.052669217439018,0.0512310602953981,0.0494354537849142,0.0476030455918016,0.0454926828963134,0.0426647523381994,0.0400682319251308,0.0378552068719884,0.0351490665017588,0.0310933260793243,0.0270772566973091,0.0227465486079668,0.0178722997125524,0.0141356230422909,0.0101931590960516,0.0073118153974895,0.00584506387618034,0.00435337054094807,0.00387342747300574,0.00298860063615184,0.00284122990862614,0.00260908000603904,0.00243035800305053,0.00156693986741256,0.00107655778442774,0.000669467819696142,0.000521575170866584,0.0002581263587328,0.000119263679170054
"668",0.125534800388039,0.121005883202465,0.115591324793241,0.109664475270959,0.104007389100642,0.0981656934205964,0.0912783385761181,0.0854707615819917,0.0808639228715445,0.0729146866177078,0.0681494850732326,0.0624020582986371,0.053727526564544,0.0438342890867554,0.0372701819689936,0.0301855718326123,0.0249610571489243,0.0256403025751185,0.0296190675516785,0.0385381718254143,0.0488289555949996,0.055265077205207,0.0604956198960001,0.0644476622724562,0.0662000842870904,0.067009880081734,0.0691486334338387,0.0731027365600854,0.0761974640826925,0.080771106567449,0.0832697789529472,0.0870743102164766,0.0885425301332952,0.094095368748508,0.100308883411415,0.103568229574872,0.107710872291259
"669",0.329318705497298,0.326359794557643,0.324824179658118,0.323047325772744,0.321037272093463,0.319313144394872,0.317565554739942,0.31546600490704,0.313471801453036,0.309413915189313,0.30599633250154,0.302563217621453,0.298693056848882,0.295820083832031,0.291497223842784,0.287666472105489,0.281785819072606,0.278540241413876,0.273553199294563,0.270495205929065,0.267430109656272,0.264918014493098,0.262382934387439,0.259033058051358,0.257708146086937,0.254934729169515,0.255481674004842,0.256239039632569,0.259105309055804,0.26183433606862,0.263516738228541,0.265422452153456,0.265447204715232,0.270011582269802,0.275433076774213,0.278452109047964,0.281080502858091
"670",0.084251733450487,0.0859674022816732,0.0862662667945947,0.0872264936942366,0.0888778768377041,0.0897016910515786,0.0911939113491263,0.0930737055124633,0.0960865280786003,0.097837282800995,0.0998412493508249,0.102930049602695,0.105108316497687,0.1072894484766,0.108820656719248,0.110305489187261,0.113271052062895,0.115372302676936,0.117506396774314,0.119486921835022,0.121999500736708,0.123898919426968,0.125889789168084,0.12705569182823,0.127526806286132,0.127894334528329,0.127528258603606,0.12748746825101,0.127625691682526,0.127510237570929,0.127672565377211,0.12853081392895,0.12894616513593,0.128935475357572,0.128970010939418,0.129609193122461,0.130005886461704
"671",0.0666335435348803,0.0663643425091401,0.0646991186627733,0.0632299309139272,0.0623479116897456,0.0608934444944459,0.0599553376185511,0.0594189064799396,0.0600757593751372,0.059448216980949,0.0599291002644831,0.0610630772975056,0.0610754884362015,0.0597733778894618,0.0595461469298467,0.0596637813202838,0.0621075251383444,0.0640403371769546,0.0668412603228474,0.0694870186678218,0.0730568754599009,0.0751523575223986,0.0771112156857108,0.078061968045282,0.0777166827270223,0.0771192565842343,0.0749143474428811,0.0732564662633162,0.0713867243035714,0.0703621526525874,0.0694562168356119,0.0684462262156649,0.0673407958328204,0.0656668159922625,0.0643606601871627,0.0636937701702275,0.0622186497472688
"672",0.33123584370865,0.327264225221518,0.323705478360962,0.319950024522076,0.317003291049295,0.313703805733715,0.309558346430789,0.306002123017142,0.303602177516567,0.297499458548119,0.293739917794926,0.289851920007447,0.28454990051966,0.280710194404731,0.276588669585312,0.272375525782183,0.267840126294,0.268306063496166,0.268834742965182,0.273640630644604,0.279320340752487,0.28325748980878,0.286885304576711,0.288912510437569,0.290883843975716,0.291408099074551,0.293378470145502,0.296786057853647,0.301004149160404,0.305787608252364,0.309026011081108,0.31325550717144,0.315128976323663,0.321502413487499,0.32817232699735,0.33264687736227,0.335680095075666
"673",0.139715125377093,0.136760407287662,0.132960881483806,0.129074018002484,0.126105365491814,0.122641944727777,0.118248297801992,0.115485435165917,0.113672863159258,0.108816269313537,0.106150936648853,0.103364751791915,0.0990598044228766,0.0967865486470538,0.0953911374653729,0.0930038377314657,0.0916012422388147,0.0915302546994197,0.0929059508545852,0.0982216380406111,0.103301255240054,0.108055579233445,0.111944398701944,0.116411228427868,0.120523035072441,0.124257370032864,0.1310615503578,0.138175975841305,0.144901245545518,0.150478950415902,0.154559667009845,0.160363683831269,0.163900274775238,0.170219514620534,0.17669093729265,0.180707127939791,0.185895101653841
"674",0.238365094865135,0.240752182579642,0.242969579549394,0.246745336315616,0.251478494349478,0.255455778554517,0.260096220699944,0.26488793101673,0.271128626609306,0.274877145752607,0.278237798419669,0.283020664714999,0.287262272244059,0.291799683734828,0.294268612246923,0.297164396993409,0.301845091639709,0.305936630676337,0.308584770611224,0.311186598547934,0.313788957304503,0.315489214976108,0.317524778807681,0.318116011098681,0.319122675691988,0.319314942271327,0.317566356351742,0.316741380074859,0.317428850970872,0.31820911098609,0.319296668279757,0.320573259300278,0.321350717529494,0.322798414846642,0.324232259945971,0.326528803662641,0.326695496498074
"675",0.106300833952248,0.107453224796386,0.108804785322071,0.109975685427564,0.110058431295434,0.110381962882985,0.111348158346164,0.11210238869397,0.112681249286657,0.113142066704967,0.112904621403853,0.113300178999669,0.113396159499827,0.114415781727717,0.113918943975012,0.113415449302459,0.112388209123454,0.11043019542345,0.107954370997478,0.105421588403671,0.102405980249135,0.10055944664578,0.0985204018381536,0.097131968335929,0.096966326414491,0.09685537420543,0.0981816147380245,0.0988927203371492,0.100749988711914,0.101472082445291,0.102471818266664,0.103134230369441,0.103778025515174,0.103724482478062,0.104214603530981,0.103814290921198,0.104017533500088
"676",0.0551336647123429,0.0544141556692027,0.0529533442979727,0.0509879901250654,0.0486056907807529,0.046080943323553,0.0438736427182245,0.0415759216800125,0.0392398126146853,0.0362852233225111,0.0340772515086228,0.0316503756731803,0.0284340954337263,0.0239211041764096,0.0208135035690139,0.0181639524255756,0.0159317425702406,0.0140126532617982,0.0128702810514701,0.0121683151615695,0.0119482338818165,0.0112397669128194,0.0102400352063059,0.00910103374507695,0.00787616713736294,0.00633325327618711,0.00488364192246879,0.00374442470606426,0.00290316550610103,0.00269318181969041,0.00230283405890496,0.00160250041668355,0.00101037785317618,0.000842526486454572,0.000865817667795178,0.000703521166675078,0.000509770771374457
"677",0.345373176951219,0.346509914219212,0.348650540406891,0.351444012254068,0.35543888712107,0.358493687795886,0.362372982607454,0.365571959380655,0.369085170054992,0.369489502867181,0.370123935803127,0.371650654331721,0.373591610761561,0.373705052608971,0.37403223612928,0.376012705778856,0.380875889945644,0.383640545870617,0.384806514734801,0.385746834272938,0.385894153682694,0.385287101753929,0.384764414210486,0.383440921499252,0.383848888229011,0.383007474291039,0.379631472051622,0.377303708009867,0.37766598145123,0.378805343590713,0.380256385320684,0.38004853099751,0.380129227270547,0.380695227594255,0.381821992327046,0.383146663333268,0.381263379947649
"678",0.251506389027926,0.24956091463239,0.247566402962385,0.246390558266608,0.24675291885494,0.246605153095925,0.246069545597682,0.246967865228093,0.249460069069843,0.248792477033387,0.249354665006267,0.250904560488773,0.251719550506676,0.254833489529673,0.256265466400379,0.257376132586255,0.259482625537079,0.262471300512817,0.26465227845984,0.268684042188164,0.272613654543316,0.276012230993054,0.279393230135138,0.28191435655813,0.284731218892564,0.286796685000448,0.289263972226378,0.292494579593939,0.296655418236569,0.30036092020323,0.303467936812354,0.307487003062624,0.309951125924501,0.314692942076667,0.319512537765252,0.323309490110341,0.325847192037326
"679",0.0252259627118202,0.0269262909645351,0.0273421232013283,0.0278027977066247,0.0287441437249523,0.0287723347592514,0.0293315261023178,0.0299239803699361,0.0307790949065263,0.0308578917537247,0.0313406399404527,0.0322871845621534,0.0327307964087005,0.0319647428966233,0.032191942911256,0.0326877200346944,0.0349455146994778,0.035402787664243,0.0365780984910496,0.0374148884342205,0.0384547603056177,0.0390716888540616,0.0394004212050007,0.0398156809634132,0.0398051349467317,0.0398191919439148,0.0390182905904372,0.0383556077039205,0.0378735704612597,0.0376620779012244,0.0376647968039368,0.0370303841889787,0.0367667875743748,0.035291527254194,0.0343045389427603,0.0332201262877829,0.0319694257429018
"680",0.189444580106728,0.189975580394486,0.192224734794351,0.194137496555178,0.194277931938057,0.195300163042322,0.196704237017285,0.197803481314912,0.198176744843285,0.1984635817388,0.197373708538472,0.196835931442668,0.196516647518156,0.199034258220825,0.198241149080334,0.197208573327722,0.193706482256535,0.189673386867168,0.183538767056319,0.177770573250076,0.169711278028413,0.164853358899474,0.159453915753439,0.156429958464183,0.157732437671332,0.159295975459935,0.166409009441629,0.171555326598032,0.178655068919407,0.182514360033611,0.186171550560659,0.190084164084909,0.193079149049661,0.196917748733428,0.201187531065891,0.203208759633959,0.206656608147696
"681",0.185101401957145,0.185241483635092,0.186021550781802,0.187340536001391,0.18814109000076,0.189338629728612,0.191124970154378,0.193027358282552,0.195730587139749,0.197490612863317,0.198715427045685,0.201058240576555,0.20290689135455,0.206306254426789,0.207155183115625,0.207991150556512,0.208731105114816,0.209820174631255,0.209775440733277,0.209981814627508,0.21035113991784,0.210925515853457,0.211862894803956,0.211933102714303,0.21241333276284,0.212545575548589,0.212791340107221,0.213200791137318,0.214578420052584,0.21512911240505,0.215935889721333,0.217678879348507,0.21859073562801,0.220100343567807,0.221564402570512,0.223454817645433,0.224910038767434
"682",0.264777932013817,0.261985860730745,0.261105763589453,0.260319907488406,0.258294757102872,0.257549428229167,0.257464140826355,0.256923398967148,0.25700269530067,0.256413181470775,0.255482568755122,0.255265386882038,0.254625446251079,0.25479779792191,0.252662925635012,0.251176038627166,0.248729751802378,0.248098312759754,0.245891772994063,0.243638633054268,0.241939364768205,0.240030873256561,0.238615885672437,0.23530721882624,0.232560732443364,0.228710602183379,0.223856959151926,0.218717724948004,0.214869932255643,0.211045874386526,0.20775675324849,0.203533963827019,0.198951277899979,0.194039474390565,0.188902019366199,0.18606932209554,0.179885502535326
"683",0.245425139477985,0.243735061579916,0.243338871753262,0.243459224210625,0.243082331241341,0.243472152329364,0.244482813966108,0.24547141472169,0.247506598875251,0.248320481726128,0.248926238246039,0.250571691816296,0.25172904338243,0.253905966756472,0.253829482424631,0.254167341328264,0.254641040441767,0.256129369865783,0.256275253624683,0.256639678892216,0.257424756305353,0.257816101602444,0.258673574100631,0.258000755811459,0.257673316737392,0.25660632498827,0.254702202246442,0.253254305429324,0.253010615084645,0.252568588252858,0.252436378885607,0.252890159257753,0.252606843326804,0.253166294470273,0.253674613171568,0.25526068209296,0.255473278485574
"684",0.351538083082219,0.350676741581761,0.351392044107092,0.352156923443953,0.353052649564883,0.353832849971955,0.355380890867546,0.355914046612582,0.356425193397179,0.354848552783591,0.353408428126185,0.352489187835609,0.351874787925285,0.350193888014564,0.348010334334819,0.347363968052939,0.347270401209847,0.347055985133153,0.344814747206364,0.342326977659094,0.339412180374331,0.336328541380505,0.333545299970969,0.329388857696434,0.327095568314685,0.323384993594483,0.318594444071809,0.313927931741136,0.311875086037527,0.309993830692041,0.308605645533804,0.305815258703916,0.30297262537714,0.300800378940438,0.298958696441554,0.298280045398081,0.294868884112895
"685",0.0419187044225116,0.0446790055884757,0.0462982660674718,0.0477528615812261,0.0493907167086388,0.0499970662343057,0.0509562149004033,0.0520244175671481,0.0527013373408649,0.0526136352258614,0.0524765080125148,0.0527406963454141,0.0528041106925167,0.0529914817776448,0.0533279439012372,0.0535515051602526,0.0544801658202244,0.0530787004129616,0.0520138019866957,0.0512545199190132,0.049779536158724,0.049377266984015,0.0484845024074895,0.049038758453875,0.0505030720744308,0.0522227569099948,0.0555293414123384,0.0584560237358008,0.0619697481169009,0.0644311497083475,0.0667253823640424,0.0688143456359359,0.0707232614068142,0.0720830243723329,0.0740295403429396,0.0743167630360162,0.0756989013025665
"686",0.378575821192154,0.377743072229728,0.377824663520144,0.377912966206567,0.378916532648781,0.379138317428619,0.380044099503945,0.37991013272112,0.380021530215956,0.377262125308659,0.37544013038392,0.374032028154057,0.372772789218899,0.369360108384515,0.36659186480509,0.365710996230711,0.366355158661743,0.367225359008615,0.366500035630891,0.365734815380381,0.365139893275229,0.363242674290789,0.361628986634844,0.358003009318652,0.355515686015434,0.351193150291744,0.344167356561494,0.33795745816154,0.334038465182806,0.331459435794996,0.329084527616778,0.325088261506849,0.320808770517222,0.317912768119604,0.315362040261157,0.314736141060605,0.310134577922492
"687",0.254078004874812,0.252298323955458,0.251485937790629,0.251555516373758,0.251615828891495,0.25228739870898,0.253777802839162,0.25529652682819,0.258543792592807,0.260174028483708,0.261857269802547,0.264789807961019,0.266981587065998,0.269386458112144,0.269921013911421,0.271099861486928,0.273442475049125,0.276780407794219,0.278858054801099,0.280801469764304,0.283508246025838,0.284860069465559,0.286730425256775,0.28639769299347,0.285847950513523,0.284356720328419,0.280481096770355,0.277446781516669,0.275423351454236,0.273819862099427,0.272662905895165,0.271956562004521,0.270692909571468,0.2698669039476,0.268715984795261,0.269904133281694,0.26865669024942
"688",0.273172860448651,0.27123567468147,0.270001080498436,0.269562344434739,0.26976432882882,0.270102028986089,0.270807373895749,0.271963636842438,0.274718687092833,0.275142538405706,0.276140605951055,0.278243231365071,0.279709814207199,0.281873809583877,0.282455730448637,0.283510327375555,0.28581687041453,0.289022395047142,0.291070113105985,0.293708443694554,0.296747549861016,0.29866154857537,0.300881343939359,0.30140469245893,0.302081412187856,0.301819562898999,0.300169712942294,0.299545883372925,0.300206532328189,0.301151148803608,0.302097850884744,0.303585205713931,0.304140021389956,0.306264889735235,0.3084617960373,0.311146439835361,0.311990763241481
"689",0.0884349321880657,0.0882978586870912,0.08800722616719,0.0874921737867616,0.08614411693231,0.0850330274958683,0.0845843337143442,0.0839538886144474,0.0834589574562059,0.0827181297779484,0.0819327086764911,0.0815626542629493,0.0805527704270245,0.0791376353435169,0.0774981508411817,0.0761835590026459,0.0751768340096545,0.0736128483721834,0.0722573417365503,0.0707017070731593,0.0694458523193627,0.0682044304029702,0.066757956631173,0.065135288240772,0.0636422900672232,0.0618694991713096,0.059763209952582,0.0574139056180096,0.0557497108113031,0.0544007596819567,0.0533427637414009,0.0510424878128682,0.0491648073134025,0.0463420313209395,0.0442693799884034,0.0421246204052107,0.0393910087841598
"690",0.0280871467445436,0.0327705139552318,0.0361199124127519,0.0395902349488697,0.043409761129851,0.0457521170241637,0.0486424240793471,0.0514291877296691,0.0538861052877199,0.0556307430543942,0.056926098954661,0.0589675615078219,0.0608390212909059,0.0626835188147631,0.0642491878071794,0.0656849363091822,0.0681308766416625,0.0678498029596298,0.0677202678596348,0.067361778716,0.066449999413385,0.0663938245050221,0.0660427373186723,0.0667053492889734,0.0679381779999735,0.0694884698381754,0.071760756589533,0.0736967949177603,0.076201659514722,0.0776534557432765,0.0793153519144769,0.0808868961602526,0.0824877743464443,0.0829051799969452,0.0837145414092815,0.0836979150466485,0.084438136957737
"691",0.0721401090764275,0.0768533421104293,0.0797658923142125,0.0838498357502615,0.0883222676866934,0.0916594958423327,0.0962190015330007,0.100434907087274,0.105933950947223,0.110465946997801,0.114360618782879,0.119663461106026,0.123947478938445,0.12781965200456,0.130261681643003,0.132779405660115,0.136742517019535,0.139705799116306,0.142227639618736,0.1438635146029,0.146228427097707,0.147793262298707,0.149723439371486,0.150253382869127,0.149927065187673,0.149450578269231,0.147068484470176,0.14485774055874,0.142766586220818,0.140475247521147,0.139001708833287,0.137917125420405,0.136913063565016,0.13401497665943,0.13060489435927,0.129696064063983,0.127239578783748
"692",0.201643906333481,0.197622139710202,0.193663421729741,0.189866887402099,0.186497642908208,0.183368006533408,0.179673219331334,0.177284902099635,0.176485892374415,0.173119948881462,0.17155579604625,0.170423230931907,0.167820887296067,0.167162759749748,0.16590090004732,0.164148619326705,0.163054077766205,0.164605242830945,0.166556045286553,0.171089403477823,0.176277419685574,0.180341010690213,0.184207969662195,0.186997395116231,0.189128950693738,0.190631770554899,0.193455562327737,0.197160918091755,0.20099243925115,0.204501200615511,0.207034123066134,0.211379387773745,0.213611530867269,0.218849854194363,0.224186041752234,0.228183431848267,0.232331357974338
"693",0.206807119008461,0.20578009898104,0.205845538736028,0.206381752327046,0.206156428186874,0.206720904355654,0.207959207418166,0.209175236876372,0.211301764080591,0.212603080814456,0.213438240490541,0.215342239476146,0.216716374343521,0.219372161228871,0.219545717554341,0.219919478288795,0.220142030004282,0.221170249427004,0.220988558394476,0.220923177336942,0.221242764456292,0.221483260570129,0.222165361595291,0.221579259611414,0.221286404549021,0.220477180619413,0.219239213064393,0.218209896067495,0.218198462757537,0.217680859042159,0.217547822487988,0.218100235583022,0.217985691897346,0.218279490220278,0.21849410299834,0.219711028073677,0.220008476971748
"694",0.111867633113946,0.111067512300834,0.110032198461026,0.108720974895216,0.107126932318252,0.1054686886911,0.103738852259706,0.102561436609104,0.101289330973651,0.0988504005647435,0.0968225670713452,0.0948541894856803,0.0922519338034114,0.091039044442832,0.0894364773646387,0.0874239564236032,0.0849334450958488,0.0819463128795154,0.0792197035894243,0.0784026308575511,0.0768681945878426,0.0767901945131727,0.0760413775049595,0.0770442260421486,0.0794149752777317,0.0817505060746737,0.087737781830203,0.0932974958719388,0.0993245155297591,0.103889501878006,0.107462921663141,0.111604959253584,0.11445016214481,0.118775955750123,0.123661707145532,0.125874324267755,0.129643940514539
"695",0.170330236549456,0.169399780364653,0.169200509055294,0.169152872941103,0.168339766091815,0.168121145421146,0.168278532993779,0.168657735365939,0.169496683974543,0.169594757792327,0.169389785131078,0.169957126414196,0.170024548862159,0.171873579429163,0.17154154422377,0.171076190233315,0.16996164619339,0.169306033021147,0.167831048960635,0.167030361576524,0.166199655398227,0.166089000636502,0.166092340802543,0.165924812318,0.166513820087373,0.166873438947327,0.168624204222817,0.170284962625305,0.172878713783956,0.174412135674553,0.175885665391039,0.178205322556355,0.179541929548265,0.181847364028297,0.184384808654855,0.186275181570601,0.188524696797347
"696",0.497848618152793,0.504485104996465,0.508825580980601,0.512821348245567,0.522824187527847,0.526497835835112,0.531307632392745,0.53366753064178,0.534321138475749,0.52747461929252,0.524134145136276,0.520417759315499,0.518453296580631,0.506635019339577,0.503631657148946,0.505139103963275,0.515084895841456,0.517611179516162,0.519615438737893,0.520951482089172,0.520148552814178,0.51690868997625,0.512591402011431,0.508641440404109,0.508096193279575,0.505023589703551,0.496415940105361,0.490141189629847,0.488733606071579,0.491148194934763,0.493465899995802,0.489361793014463,0.487492055940234,0.485870035554647,0.48643593697461,0.485297211657974,0.478105657421104
"697",0.131242179096176,0.131316569331026,0.131113727905904,0.131431994992466,0.131637778128644,0.131905209767097,0.132828466265889,0.134031295364951,0.136333280647268,0.137690933558968,0.139030577820364,0.141438942030101,0.143008693963637,0.145279159122484,0.146042397260706,0.146802481248248,0.148230399473669,0.14975440649411,0.150889172547719,0.152061871067906,0.15382866955309,0.155172509330589,0.156758428332985,0.157285891282445,0.157396339557561,0.157249928546391,0.156556935578725,0.156144367448839,0.156143185869332,0.155809872982955,0.155765979962424,0.156510197190817,0.156654617640541,0.156779102796572,0.156902533621174,0.157783145971875,0.158229045031924
"698",0.213891834542884,0.225290011522876,0.236401309663615,0.247021605418415,0.255627453005134,0.263158483960102,0.271273647872985,0.278093683144791,0.28418747825074,0.288970117788113,0.291618255229738,0.295546301878329,0.299941483509599,0.30516119953871,0.307414161789536,0.310140444075697,0.31336562314833,0.314563616040804,0.313554303332864,0.312087668330627,0.309252374582836,0.307687209715667,0.30646198631329,0.305432876475737,0.306733379664059,0.307685737619409,0.308684720257225,0.30944056453013,0.312403825251787,0.314007245487777,0.316190950363915,0.318091397420209,0.319846110138916,0.321459098319608,0.323149762418131,0.324962648322022,0.325395857986634
"699",0.436598016993281,0.439273738847461,0.440010657261838,0.441098797346451,0.447748263128358,0.449749587422849,0.451455139243471,0.453425817303079,0.455754694901394,0.450584473638894,0.449124625398192,0.447917237100081,0.447305676839646,0.442760443518177,0.44303869422954,0.445544455867481,0.454902155025458,0.460016224618147,0.46496116640675,0.47163369480267,0.476399731474454,0.478768236314957,0.479807189183889,0.481237137477218,0.484841383625528,0.486377490544404,0.48356887630447,0.482833115128955,0.485526321038345,0.491215161618598,0.496197596521813,0.495558743660091,0.496394467014369,0.497329006716393,0.500068426208136,0.499987521406259,0.493773423637656
"700",0.100620340414247,0.113619198748633,0.122729762704583,0.13173766828005,0.141288515728302,0.147476917748111,0.152960206615532,0.159123750999521,0.164453455283919,0.167767429467651,0.16997862140728,0.173335798683367,0.176893184989521,0.184086831766763,0.187889992509453,0.190518132413526,0.192582084840742,0.192690918219043,0.19156864577247,0.191831410110072,0.190478180399258,0.191631733513414,0.192660047757282,0.195496466707615,0.20017528194257,0.20495399144982,0.21275650394253,0.219644901109632,0.227118132439601,0.231993005537199,0.236346036625171,0.24202545961371,0.246087155445428,0.251460908464753,0.256743682004629,0.260499542482537,0.264710560896514
"701",0.47269760334384,0.475650033810654,0.47630756902103,0.476810896375361,0.482160951322065,0.48282842633775,0.484308496148112,0.484207843545548,0.485082399436035,0.47922500620391,0.477489831824062,0.47598727795507,0.474600524318793,0.464560405489466,0.461605519216945,0.462632997405117,0.472100648910175,0.479177339017657,0.486407991233285,0.492832310491569,0.499485407478737,0.500425230982695,0.500543745981332,0.498252061762364,0.496404796819136,0.491646808288987,0.477528010980536,0.466739408615886,0.458842042853653,0.456173077297568,0.45335500215888,0.446055815520186,0.439859808424352,0.434686499266838,0.430428523750925,0.429538226551319,0.420845135401163
"702",0.242976880470899,0.240552165575686,0.239656906234395,0.239076081905914,0.237577166106443,0.23717846280225,0.237425592506601,0.237511541258544,0.238556799812551,0.238742853812467,0.238702710918435,0.239576291697875,0.239894102315744,0.241173504878334,0.240178988266619,0.23965596807363,0.238819719582661,0.239509028788369,0.238901594131329,0.238412366148554,0.23857140974775,0.238306146746112,0.238544708004488,0.237030906658893,0.235726393527746,0.233595539881626,0.230479097119297,0.227599691499793,0.225789424610108,0.223945165487795,0.222512102597936,0.221327296630324,0.219546173029486,0.21821019860014,0.216781790285324,0.217016467339304,0.215486022631642
"703",0.355198469423595,0.354527501438229,0.354005652546212,0.354264504342216,0.356661447158246,0.357859193226306,0.35954013928986,0.361264512189561,0.364440979494291,0.363673586987354,0.364354114451443,0.365970380157548,0.367382501399571,0.366907017737238,0.367211494507901,0.369063707551336,0.37458436004807,0.379234897195844,0.38283646059636,0.386702074200391,0.390460279131431,0.392060703658477,0.393587731448999,0.39352677137563,0.394195431662678,0.393351211580198,0.388943714637323,0.386296793437024,0.385937404063619,0.38723808817167,0.388544801344637,0.388385973668944,0.388236404199193,0.3892570765888,0.390872019029956,0.392690178511052,0.390827243574864
"704",0.0577085081432109,0.0595414295274101,0.0604113929954887,0.0613772461833981,0.0622456963767753,0.062588366609367,0.0637286658920225,0.064732924193883,0.0660909669588301,0.0669318340298491,0.0677290671098479,0.0692604047482825,0.0701995523702668,0.0704312019646699,0.0706635693147656,0.0711521074324199,0.0728889979063179,0.0731626459269999,0.0737350777467188,0.0738065502657427,0.0741956915647846,0.0743550460875722,0.0744165089679928,0.074236604920974,0.0737465711193473,0.0732231524781554,0.0718029759878406,0.0703390437203775,0.0692324192193373,0.0681642511131983,0.0675685958109219,0.06637489362135,0.0655821566395688,0.0632016811660947,0.0611778888537739,0.0596535501028154,0.0575984999528089
"705",0.259673966054935,0.25947460451297,0.259873028756374,0.261510386336507,0.263724254812638,0.265954695929699,0.269011789504483,0.272126530642677,0.276919143034982,0.279548534983405,0.282092811515227,0.285981089681373,0.289262594227609,0.292524759994019,0.294023912728078,0.296194401343834,0.300103765348694,0.304079202583681,0.306674269991011,0.309111322064418,0.311900614259263,0.313415884629394,0.315342280021184,0.315396431881816,0.315598728035372,0.314860877415059,0.311695507839101,0.309530331793184,0.308762488105027,0.308383650829926,0.308406911902427,0.30863992267297,0.308429589151751,0.308789548003033,0.309024954895166,0.310858085256775,0.310307676971308
"706",0.1043209277934,0.103910761340665,0.103296874282314,0.102713698676559,0.10156621413205,0.10064687615562,0.100380049392966,0.100141826491245,0.100496298275369,0.100328722787587,0.100260902095002,0.100861181889298,0.100677855605312,0.100410913477412,0.0995842791046965,0.0989882600249043,0.0990107247401673,0.0988585601191815,0.0988270501854437,0.0987126093851259,0.0991874452962075,0.0993202500614768,0.0994504167859931,0.0989239875752265,0.0980594043416724,0.0969288787473989,0.0951553606608391,0.0934280727556707,0.0921067436379048,0.0909714353913303,0.0901272647149891,0.0889210404114282,0.0877075394926433,0.0857908726692515,0.0842969633071565,0.0832030401722583,0.0814687587013884
"707",0.102211599578809,0.104491938534066,0.105957434894646,0.107781650033375,0.109677180618424,0.110963618022228,0.112723148217069,0.114777937244619,0.117265942055176,0.118774408876517,0.120007554600394,0.122211703624815,0.12389785869381,0.126715315259786,0.128027583647204,0.129070137274268,0.130517883045154,0.13104017829313,0.131215979658065,0.131679696478541,0.132077297448782,0.132969242765339,0.133886563828265,0.134832505615834,0.136037629181837,0.137262016503486,0.139252887711254,0.141211159836516,0.1437330668458,0.145193864270414,0.146730262079095,0.149126774068046,0.15078757105213,0.152586984912525,0.154523309808556,0.156061210609485,0.158082911157918
"708",0.134040708985248,0.132777463384372,0.130391654863857,0.128553943189951,0.127962496172714,0.126719683166133,0.125299091923695,0.125276275685048,0.126788843817906,0.125930209286108,0.12645919440934,0.127838708953723,0.128066092574366,0.129682425709624,0.130802708511937,0.131416283730082,0.133425421520158,0.135752284956594,0.138344389181825,0.142280181673038,0.146555751012284,0.150133746049234,0.15357764152117,0.156355202614612,0.158493024048368,0.160365945665373,0.162990986901414,0.1662059229558,0.169507463984348,0.172184130220631,0.174353127068467,0.178131584616032,0.180349072420367,0.184224405261557,0.188155604243701,0.191289631973511,0.194816409961943
"709",0.378470231315707,0.376228534966944,0.374391102914855,0.372429878995718,0.37146458516755,0.369737295415783,0.368260460887731,0.366104253363687,0.365013259126002,0.360690577860964,0.358251688878691,0.356123546974224,0.353324190613657,0.348475234330625,0.344414540667697,0.342013049459928,0.341111914599441,0.343294306313991,0.344658457122165,0.346782648588305,0.350469653518679,0.351127888521434,0.352105192757932,0.349792473892898,0.347043011542291,0.34206665318033,0.333033832042247,0.325539949152033,0.319034206381387,0.315286953358506,0.311022218058569,0.305841543510038,0.299129792299703,0.295865263949147,0.292876982906872,0.293043249965011,0.28777939491203
"710",0.413091950464816,0.41591322664973,0.41825118802114,0.421304354540252,0.428053108981644,0.431716696403854,0.436328747593189,0.440021493234277,0.444006433953197,0.44255385814534,0.44290752259629,0.443908259587889,0.445658640645599,0.441840624146098,0.44202377657332,0.445138011869027,0.454905756354087,0.459857838552435,0.463983914429098,0.467519455840205,0.469778788317711,0.469598472038748,0.468831076221685,0.4675257277789,0.46819616219058,0.466965092944517,0.46016089358957,0.455519797530649,0.454521928726601,0.456338559519252,0.458353914548243,0.456069791257888,0.455333024515678,0.454411481857083,0.454841691450814,0.454876419781731,0.449624679008216
"711",0.241170996890659,0.237996347868543,0.236462783770505,0.234889045266612,0.232164496928327,0.230627069081321,0.229357012464467,0.228042601661664,0.22720167108856,0.225537974175683,0.223790819613245,0.22250292478993,0.220629668441974,0.220399171154933,0.217847620556643,0.215472655915119,0.211520097077845,0.209596488833115,0.206424823392445,0.204174302612765,0.202197895413903,0.200678257969768,0.199342105040754,0.197113766630702,0.195904155474249,0.193894946611511,0.193411039671271,0.192884326814727,0.193777268265104,0.194252934641966,0.194526771619557,0.195143430335647,0.194639271578111,0.196217599516931,0.198374370679177,0.199746023151054,0.20095728005432
"712",0.253182331831355,0.250105026475668,0.248673406203005,0.24735048600775,0.244996630808568,0.243817390177796,0.243095174932417,0.242219476993701,0.242109397426731,0.241118769679355,0.240067518929551,0.239689013559747,0.238724663244817,0.238896038720987,0.236853240094802,0.235241578321288,0.232739316595134,0.23227787945114,0.230539925642773,0.229256898872381,0.228623442861814,0.227754886897563,0.227303582767877,0.225203694656172,0.223515979305496,0.220883441031076,0.21798055518099,0.215222526822001,0.213655647637467,0.212141958773193,0.210799181718848,0.209575560861588,0.207532489986028,0.206717316344423,0.206153057252746,0.206454908360134,0.205341177254514
"713",0.344666481144485,0.344684383710436,0.346145381893313,0.348007680283906,0.3503242874328,0.352340809255952,0.355329517011559,0.357362642809776,0.35969607550962,0.359649097525698,0.359649264985591,0.36046884044645,0.361608614142138,0.361083849072393,0.36037294790619,0.361349627476298,0.364291405131547,0.366129554384006,0.366196789812265,0.365760689831633,0.364931606090136,0.363361973423253,0.362098685085697,0.3594717917262,0.358332990058977,0.355883698014653,0.350867952992801,0.346566338910965,0.344759076414706,0.343533576808573,0.342915577189497,0.340949686970452,0.339257931649471,0.33765683888237,0.336229441033687,0.336426856596425,0.333458191719792
"714",0.332879258045216,0.333996922762373,0.334691748374216,0.336882221703478,0.342054054964222,0.345375457666102,0.349105750181974,0.353298081042511,0.359032985300973,0.360239131423461,0.362572558993876,0.366054919798927,0.36936709255794,0.370897284230264,0.372941003791127,0.376304356173289,0.383967076150026,0.389431571090882,0.393799365580961,0.39833876686304,0.402239939407279,0.404219130994787,0.405962921638559,0.406631236499372,0.408321009026453,0.408603084687615,0.405261066713285,0.403621326991914,0.404457868342664,0.406825864986365,0.409196560978108,0.409550119177961,0.410194994145477,0.411506196631063,0.413540282167914,0.415220565481999,0.412966548489013
"715",0.266413157772797,0.269024956838075,0.272698804879186,0.277141257244844,0.281483721683919,0.285542057151192,0.290341705597431,0.294659614060445,0.29935620333619,0.302138891751593,0.304056395880594,0.307169647076225,0.310387257824412,0.313888263113378,0.31536090758868,0.317550430885366,0.320922563159581,0.323155467314424,0.323586380964437,0.323882907352333,0.323578596765102,0.323360395068084,0.323481835812035,0.322874085719028,0.323685331280374,0.323758881118862,0.322732510655839,0.322173344511616,0.323631711650393,0.324714757381503,0.326198981663893,0.327403758194874,0.328340296508642,0.329709564507491,0.331210220120438,0.333137297090471,0.333110274931257
"716",0.279255801591201,0.275757744794933,0.272385446510774,0.269081413569683,0.267239631199029,0.264772829154073,0.260884126625169,0.258809514099054,0.257577113294921,0.252192566285171,0.248982905254305,0.245708906605923,0.241442090165191,0.241759800923487,0.241006638746011,0.238967116196694,0.236333986053446,0.235986433984859,0.235596316576955,0.24090663746399,0.245084053561188,0.250177323460662,0.254440470173723,0.259662655841067,0.265876627833097,0.271130033618821,0.280161533776701,0.288891007630227,0.297737543194037,0.305028646889686,0.310576406755036,0.317069820552616,0.321127428253505,0.32855775258136,0.336011774129688,0.340683231783352,0.344355068813279
"717",0.328333495174614,0.328889969315464,0.331929326642974,0.33505942264119,0.337192225801341,0.339856067597393,0.343887242537364,0.346252177214025,0.348273650023128,0.349172003871205,0.349032038243927,0.349704813340765,0.350969859672074,0.350782302105087,0.34951136735718,0.349981117048543,0.3511364077602,0.351063184386955,0.34853495390568,0.344452446353636,0.339460742868758,0.334565190868591,0.330077551139297,0.324038875546094,0.32013883980188,0.31493252585176,0.307206318421499,0.298263869913342,0.291948103606024,0.284453024283137,0.278657485532831,0.268769620281098,0.260340939543849,0.244092260706986,0.221925442456836,0.204128276786951,0.165323059846971
"718",0.332168015361064,0.331485113841044,0.332859453644982,0.334011549120524,0.334702057347275,0.335560838351023,0.336877863402752,0.337319237956909,0.336932679668458,0.334941559785,0.332487936570868,0.330268422448137,0.328637717701981,0.327834553089433,0.325322757732479,0.323684269752468,0.320387254244243,0.316552845818652,0.309746948746086,0.30313438236458,0.293941440171543,0.287232320027238,0.279997437973427,0.273992097006035,0.273245069668746,0.271855547372858,0.276115398970733,0.278642909893628,0.284543980388291,0.287961418091764,0.291158181734216,0.293495867185958,0.295083950467937,0.298685720743002,0.303088277209514,0.30498435181618,0.306849681423443
"719",0.180963795106313,0.181110328237507,0.180520478544481,0.181024566722032,0.182847934318401,0.183963207006676,0.18510648802565,0.187445761945432,0.191329751184196,0.192835439172634,0.194843097136922,0.198084380275531,0.20048676269197,0.204854631020804,0.207130952818776,0.208960480096443,0.211648062991123,0.214609098593554,0.21680549125879,0.21997987071908,0.223288434373285,0.226231647821058,0.229340745053401,0.231514417392556,0.233625693095533,0.235313467965443,0.237252495864984,0.239760975787485,0.242908626028167,0.245313809169023,0.247484968551789,0.251080057221904,0.253248029172162,0.257018140650375,0.260707961633884,0.264105436850302,0.267020488764367
"720",0.392452029084805,0.392359091100998,0.392640059515609,0.393069739555564,0.395302922050981,0.396051095171084,0.397453942043131,0.397959009157598,0.398888600434057,0.396097578029015,0.394743740584848,0.393873681142973,0.393228538727659,0.389639929355982,0.387695467899191,0.387880041092858,0.391104428981347,0.393552460691196,0.394742938343045,0.396017363400811,0.397230250204662,0.396618903473361,0.396057851571185,0.393828930557565,0.392785998476429,0.389951114340429,0.383707128329457,0.378975753382754,0.376836845988678,0.376518890634886,0.376285448530729,0.374269367372664,0.372307407072868,0.371831629621955,0.372035960873164,0.37302193552869,0.370233780467381
"721",0.187975065411616,0.189451421639364,0.190925904584321,0.193442851816852,0.196119134628744,0.198612516208227,0.201733567403124,0.205084100253714,0.209641785936893,0.212692825238626,0.215239025495592,0.219129687664566,0.222388637571526,0.226912929122893,0.228862442696903,0.230804065446636,0.233349154873967,0.235990413722429,0.237418852677773,0.238971392791193,0.240764883694889,0.242263240281908,0.244176934873474,0.244852442189336,0.245670779522463,0.246031920319484,0.245719857959051,0.245872987157478,0.246983262432689,0.247518003836356,0.24834437195912,0.250174358892754,0.251162448058898,0.252793171787773,0.254258162188924,0.25652716680151,0.257850114176153
"722",0.0425303917751614,0.0426729343404689,0.0419050638678309,0.0405544254126273,0.0390971006433543,0.037105951628607,0.0351517219878588,0.0333176725202049,0.0309593907181091,0.0277806656906543,0.0252531525665678,0.0223330757066583,0.0190151936234099,0.015504132884505,0.0131944032254841,0.0109825551258813,0.00865764675706099,0.00619497775407567,0.0043832178715586,0.0035608133336399,0.00257484685835841,0.0020958751209838,0.00145481826697497,0.00133361161704076,0.00160241403919207,0.00183078528947338,0.00337626001721841,0.00520969463336875,0.00767448430430486,0.0102078760966335,0.0121821781039549,0.0137034357324688,0.0148591975023318,0.0168909609933481,0.0197252144443867,0.0199644949823845,0.0212510584471584
"723",0.329457394457601,0.327251752231363,0.326698350545766,0.326113792584933,0.325189682139979,0.324676601491832,0.32466783625549,0.323975742297932,0.323530332450553,0.321391477032088,0.319455446335354,0.317952983806596,0.316347812733783,0.314752290278896,0.311861875706652,0.310032713975048,0.307596871023821,0.306572473404124,0.30368162399653,0.301099503895541,0.29861985295238,0.295993350815745,0.293709516091983,0.289773778663897,0.287218524837731,0.283226065938459,0.278974575072913,0.274794671703742,0.272748462979831,0.270947219331799,0.26929658801595,0.266817758206099,0.263650984992651,0.262270004074565,0.261415871745007,0.261186830777715,0.258797191053655
"724",0.0844957419088447,0.0873499232597752,0.0893750430639676,0.090996765569783,0.0926933908199136,0.0933480514324573,0.0937150118755493,0.094753156841555,0.0947816706230343,0.0936044653072488,0.092155208515371,0.0908587316744711,0.0896798461706515,0.0913317325077719,0.0918087504200882,0.0913533770542345,0.0898516478160415,0.0858235463693048,0.0814239292262828,0.0791645429842241,0.0743574844173032,0.0733106374816026,0.0712225822602421,0.0734996821110827,0.0790396157675516,0.0849190196463448,0.096497982219029,0.106140755590734,0.11593001375203,0.122465147518327,0.127810284682364,0.133945652585627,0.138518874045553,0.144238637071048,0.15024848626512,0.153222221740907,0.1582061478376
"725",0.218443637300563,0.217322804939515,0.216314417558511,0.216313603462491,0.21706663098019,0.217779212254285,0.218804344114222,0.220613058904132,0.224137142177579,0.22553945741058,0.22733830933092,0.230377670101633,0.232583982319393,0.236142880978907,0.237648555873948,0.239146406774613,0.241613326085586,0.244832815245223,0.247068045595706,0.249929533442191,0.25320178418036,0.255654829890833,0.258414533085291,0.259689134101249,0.260852429142131,0.26137559355172,0.261199869922062,0.261817827194298,0.2633117404302,0.264577980249566,0.265821597702901,0.268184812230826,0.269387297385656,0.272041503314639,0.274630315405833,0.277574775348798,0.279418629601002
"726",0.093868487363599,0.106971574717277,0.116306610108777,0.125909516149231,0.135560568398996,0.14221466014929,0.148767543679699,0.155362951135666,0.161688351174057,0.166356269245166,0.169677174159352,0.174345977766829,0.178832099430422,0.18566517480218,0.189292419447847,0.192177625794315,0.195041234762862,0.196375673670555,0.196510782447333,0.197106960503197,0.196932968316169,0.198074253896125,0.199382329405463,0.201137576850737,0.203904449254794,0.206716682964548,0.210898809770808,0.214797646720039,0.219516460599874,0.222378453784339,0.225238635004785,0.229360822296275,0.232332313341067,0.235983891564035,0.239521922194959,0.242516582660111,0.245716963517316
"727",0.308338874191318,0.309542899199082,0.312811238135772,0.316359707811445,0.319291435656002,0.322439211311305,0.326618635150581,0.329673581401445,0.332543331347549,0.333902949978686,0.334330729567325,0.335679790480761,0.337524669228403,0.338833547006496,0.338687366283841,0.339823801340838,0.341797176665256,0.342435122653515,0.34088230544656,0.33863505169,0.335423349653735,0.332647113619516,0.330222776764617,0.327105597331673,0.326189300967246,0.324410607216306,0.321648011397235,0.318838816866906,0.318680111537255,0.317914586172457,0.317995379997299,0.317023392536213,0.316385269043289,0.31524833093831,0.314186732086993,0.314282575515039,0.312228728507031
"728",0.130965684499382,0.134790087158517,0.138645877978218,0.142562988986589,0.145503409075641,0.148198339522402,0.151403998845795,0.154446020411517,0.157297333316661,0.159668427485276,0.160832553526661,0.163021674525225,0.165114266773945,0.16924330613696,0.170569369334541,0.171577561679281,0.171872090629374,0.171252857523059,0.16945866249011,0.167858589757354,0.16552211763482,0.164744046119585,0.164063314720492,0.164007542055272,0.165386041399157,0.166881211092646,0.170173175128064,0.172899823929513,0.176720944575698,0.178675833931301,0.180818618460428,0.183767657902547,0.185969542662602,0.18832395299234,0.190763876071019,0.192594626459691,0.1950388662424
"729",0.342329762365802,0.340393231399769,0.339555402088998,0.338876747840141,0.338699827509167,0.338374815185487,0.338456513330875,0.33813196980345,0.338498719984371,0.336350373359853,0.33501048119056,0.334244720316159,0.333286986487958,0.331825507397936,0.329849999936658,0.329073647295122,0.329167011737706,0.330345022690636,0.330110915608853,0.330504514460421,0.331212211345345,0.330922888923174,0.330924946417684,0.329199081284745,0.328330305925244,0.326063531018145,0.322377906612895,0.319676980850895,0.318901164564935,0.318943801563638,0.318934364618686,0.318579226865644,0.317483002865127,0.318489534848633,0.319922339643851,0.32176919115381,0.321246975581695
"730",0.0505909171550673,0.0725169040428541,0.0882188715187424,0.103372691628732,0.116586292534972,0.126050185186737,0.135885100755056,0.144352808922053,0.152561704847172,0.159636495940149,0.164492834736363,0.170882147119302,0.176810245964089,0.183841313848235,0.187576705430654,0.190943229831074,0.194609906455132,0.196744785905841,0.197570023041548,0.197846899261416,0.197885066714842,0.19853010758474,0.199597343250645,0.200198485569113,0.201278728044952,0.20238331365727,0.203221192725817,0.203942019562709,0.205575738470171,0.205825358919051,0.206758455577565,0.208626666058701,0.210092877370623,0.210804962067892,0.211187681930968,0.212584369326262,0.213639251015136
"731",0.186865227070231,0.182441703784388,0.177430258813712,0.172852184889862,0.169263547348273,0.165720604259201,0.161781584555075,0.159388455554375,0.159752871234806,0.157174114631647,0.157146156945707,0.157966149540333,0.156818683438601,0.156321233041176,0.155992897914179,0.155503913609269,0.157391750780002,0.162056778726688,0.167194437225408,0.173671080740101,0.181348870797036,0.186391641665864,0.191395866502018,0.194132982595159,0.195216208969011,0.195584118907447,0.195183969100769,0.196117667827629,0.196894578391793,0.198248995579312,0.19903521964437,0.201699408414759,0.202552584217966,0.205921152824822,0.209302988435047,0.212714830605649,0.215597345649921
"732",0.132421177942318,0.142655552792652,0.153037344223294,0.161869395892395,0.167795720944971,0.173199246828184,0.178854437838159,0.183584856417355,0.18654513667169,0.189695266829509,0.190284833064944,0.191772246141239,0.194048260200804,0.199638330911092,0.201092130967421,0.202035295051305,0.200678021983299,0.197196589181708,0.191268471913692,0.18522478298201,0.175838135610011,0.170685136794092,0.164942671630994,0.162934091852481,0.166219975056905,0.170254154128675,0.179942699709079,0.18691937997194,0.195624921637551,0.20014429920775,0.204667487281052,0.209612044324212,0.213713471693098,0.217871112702522,0.22218324749057,0.224543189130235,0.228313478815655
"733",0.325243737673732,0.320527312104909,0.316466566239463,0.312066016888185,0.307759660991475,0.303587826644297,0.298710669087429,0.294028983801029,0.290628226407301,0.284103155591307,0.279831580125207,0.275285512875641,0.268830766926552,0.262773052782757,0.256307144937537,0.249876772355855,0.242445067147604,0.242412407463403,0.242873906378813,0.247287263959354,0.253992156662511,0.257520557767567,0.261006626005169,0.261379559805276,0.260560552037738,0.257802677859013,0.255176427134377,0.254647696511985,0.254525699723737,0.256680430443906,0.25706823880971,0.258990687074076,0.257945103631986,0.263493305856621,0.26966723987305,0.274171273010426,0.27735831898355
"734",0.124098702035496,0.125159692074648,0.126321450527022,0.127498681897884,0.127982104202933,0.128536860609472,0.129525467497448,0.13063188843667,0.131774025965667,0.132358486141988,0.132412459409698,0.133210287435939,0.133675082027429,0.13572190761059,0.135907798636552,0.13586082096413,0.135319206742445,0.134125635384363,0.132321231646726,0.130980738781066,0.129186099468007,0.128604252785441,0.127934778169339,0.127889169777865,0.128930086915895,0.130019792549089,0.132959607402432,0.135499987475912,0.138940043626455,0.140948993303273,0.142925898303461,0.145499506186403,0.147339038167646,0.149507340210103,0.151985125985891,0.153431637657309,0.155704080445548
"735",0.131693514309634,0.143774935549961,0.152568420749185,0.161737990152108,0.171111667348827,0.177701095258692,0.18402413279668,0.190604268033533,0.196951224429905,0.201314828618257,0.2044146759668,0.208854800355553,0.213227209519147,0.220268644980105,0.223883293292508,0.226790402894677,0.229666093379199,0.231156683828118,0.231206967487799,0.231994632109512,0.231817900479191,0.233046113782525,0.234439554457444,0.236325456469327,0.239512764890829,0.242590253606022,0.247098707102021,0.251350854378915,0.256597226679461,0.26003980860678,0.263346432496404,0.267732020966165,0.270870431405266,0.275059281261246,0.279170641810642,0.282512796161079,0.285589001012788
"736",0.313279369895303,0.312020903435934,0.310721018508596,0.310605288505734,0.312600848947858,0.313746918061255,0.315219112230981,0.31737986938216,0.321637572238748,0.322164562389865,0.323988726299308,0.326998595799948,0.329376925568241,0.331121800021881,0.332513667728258,0.334813496823965,0.340224664437744,0.34544301000462,0.349606431278857,0.354197287247404,0.358878161402885,0.361494352248745,0.364127878987114,0.365004253413395,0.366163511626973,0.36604484799298,0.36299521393716,0.361553084465442,0.361909967403789,0.363438505530618,0.364925980607255,0.365809861062596,0.366280893501223,0.36809268854232,0.370255641138482,0.372663827163634,0.371973469830835
"737",0.191792783543583,0.193912112628691,0.195028221343716,0.197179388205963,0.200998584450817,0.203408016569614,0.205389599512194,0.208791460989729,0.213000233563178,0.214423261632034,0.216101778462271,0.218926087670659,0.221371886583449,0.226852835869995,0.229735783017422,0.231849163541138,0.234339461050872,0.236411267291489,0.237453947603544,0.240147888236375,0.242166248657683,0.244897885789259,0.247625205493128,0.250450817222902,0.254084570138505,0.2573285606235,0.261994430371717,0.266773287781647,0.272331415960546,0.276521547813265,0.280174295639859,0.284972481533162,0.288171812316379,0.293224864210798,0.298248974325062,0.302098254663199,0.305354598746529
"738",0.267892793925466,0.264116267013651,0.261824952864211,0.259697151511393,0.256720277502417,0.254915922985521,0.253595024071271,0.252120702358985,0.251919279947735,0.250601013427488,0.249666765980104,0.249465377975525,0.248389681758719,0.247745246734454,0.245324796063045,0.243585772697703,0.241633051643735,0.242541427317329,0.242433069194491,0.242622112088381,0.24419452820777,0.244372743155093,0.245114999590804,0.243197205394992,0.24075327399051,0.237012723374286,0.231067901306372,0.225536834586803,0.220485311220197,0.216436504515687,0.212535656857157,0.208345279196281,0.203188434002849,0.198829458474101,0.194168619335049,0.192684553230828,0.187184782906284
"739",0.215671223555806,0.213030213002267,0.212026449921569,0.211161996461836,0.208825360590046,0.20792315523604,0.207791020759222,0.207319489798419,0.20766248093252,0.207746738079193,0.207386476013775,0.207856782445289,0.207680147959329,0.208320317600338,0.206608221286304,0.205374083091859,0.203385308137676,0.203117452499778,0.201684880000274,0.200003144853298,0.199172784375833,0.197936421362209,0.19719817719166,0.194519764232105,0.19181056181887,0.188203423167186,0.183028421160816,0.177472694425315,0.172602618823703,0.167867874885176,0.16380135837599,0.158597081412051,0.153293696200175,0.146361788852388,0.138779685101589,0.134398348607207,0.125694904896308
"740",0.306531548354025,0.305760249529743,0.305702524596158,0.306599905776445,0.308542980959198,0.310186164604215,0.312478786213245,0.314808378766674,0.318569229934112,0.319557173365021,0.321012038034612,0.323602759115523,0.325856345386015,0.327518513982113,0.3283274481241,0.330165300957475,0.334285889767979,0.338145383868638,0.340670503320031,0.343281827974366,0.345988200906761,0.347277157575285,0.348806758443844,0.348673064263935,0.349080754179369,0.348324726042604,0.344963971824093,0.342844721091652,0.342556945621015,0.343054597535068,0.343765313862571,0.344057489982922,0.344020391107383,0.344965378629583,0.346112933501585,0.348111332119236,0.347329721883886
"741",0.21415461956042,0.210989175014401,0.209038933514569,0.207279396833667,0.204557867959935,0.203001518893393,0.201923985288665,0.200920057804888,0.201034606459236,0.200354905914481,0.199813293955858,0.20004883873883,0.199404585302856,0.199716827867221,0.198081974285467,0.19675870948879,0.1950975484425,0.195511911922572,0.195158566833318,0.19518810579363,0.196251653713257,0.196584471750094,0.197328096138696,0.196221282026598,0.194787041478434,0.192543668997642,0.189390783010042,0.18655661606628,0.184329953269299,0.182439289827851,0.18072733917787,0.179349287454049,0.177174061233613,0.1758176918929,0.174571608408455,0.174676339202707,0.173218394326076
"742",0.294894550021373,0.304671391081504,0.31630021039095,0.326252083125189,0.334473411371177,0.341510980462939,0.34879455808396,0.354545655446107,0.357452352551005,0.358701938506023,0.357822335940071,0.3574488474963,0.359055106108267,0.361927766308226,0.362607236252987,0.364095081920616,0.364916659381003,0.360899145584572,0.352921164043221,0.344373975870672,0.329112055308488,0.31951411789598,0.308263998727108,0.30375237848964,0.309817398623654,0.316362451880273,0.330845324631321,0.34026604621388,0.352218523363073,0.359509659482225,0.366341842937988,0.371202846560626,0.37565721906033,0.380398056410459,0.385750589958516,0.387981260612977,0.388943841110887
"743",0.528009573348355,0.537571618058089,0.544011761134383,0.549991947646956,0.563386771340108,0.568722331710519,0.57586950016704,0.5795311331336,0.580585102443893,0.573046318707249,0.569512314824685,0.565381118751442,0.563708843530665,0.54815209240634,0.544779858530536,0.547296565086136,0.561172673225274,0.564117113722642,0.566870916699285,0.567394572850242,0.565045529414604,0.559539154110775,0.552652070880546,0.546383875729026,0.544088128682563,0.538824363223203,0.525613583071471,0.514889960347053,0.509976782712487,0.509719050969933,0.509896108778514,0.501833824134098,0.497183426830993,0.491522119687231,0.488289313599123,0.484876582881741,0.474487812783342
"744",0.0851056488353234,0.135163718741706,0.159588491909963,0.182466378426926,0.203717839912743,0.217165708205526,0.229725421480965,0.241375076639576,0.253111699241377,0.261185606047685,0.267449021235439,0.275291625301691,0.282563417842789,0.290377853456741,0.295181696466206,0.299886753723881,0.306504493501126,0.31103020736892,0.313918758448483,0.316685115254053,0.318813359113801,0.320693115697469,0.322819432649079,0.324204207979971,0.326435394524272,0.328052971068829,0.328158131959989,0.32894214347957,0.331355702085278,0.333391453735763,0.335697014038932,0.337984933948467,0.339832847078787,0.34209858883316,0.344413494890108,0.346955913388998,0.347433752095525
"745",0.184912356203947,0.182505143125025,0.181050411162508,0.179890581667488,0.177746124514132,0.176695330120278,0.176364009392462,0.17601599949709,0.176870286430349,0.177179261526985,0.177430029773517,0.17861916602858,0.178908337732213,0.179808804202446,0.178838664086129,0.178215731762172,0.177642963191275,0.178586079743509,0.178852485266745,0.179029824464917,0.180287228272032,0.180707407788396,0.181574623539187,0.180535574839758,0.178920307557546,0.176618435411715,0.172723401807748,0.168982933674228,0.165593373858713,0.162533377302057,0.159943603140275,0.157338793951943,0.154355802980839,0.150850110000741,0.147108399993537,0.145765215058809,0.142059645127532
"746",0.228410297224469,0.224610105810646,0.220945155948378,0.218196265649603,0.216018443573131,0.214418394313038,0.21334478149678,0.213043611182713,0.21573169080148,0.216298813791392,0.218168683976579,0.221353336549061,0.222956843009524,0.224538574493043,0.224962926714371,0.225850701029074,0.228735988356199,0.233881540690044,0.238393469886448,0.242930468407412,0.248928286290724,0.252324206178575,0.256154937545079,0.25703695540814,0.256548383489185,0.255076060170136,0.250731755263251,0.247603562398351,0.244624554556441,0.24266064701846,0.240856473555767,0.240173172357599,0.238439736802865,0.237793280713168,0.23673771382994,0.238419504506137,0.237566481999963
"747",0.183884207561452,0.183528531234084,0.1831620483214,0.183915150738448,0.184933447197364,0.186123816698443,0.188110364041605,0.190430751784643,0.194596881478817,0.197297797637137,0.199932677494733,0.203945793573881,0.206961313281771,0.210672587217503,0.212247868553456,0.213961836861197,0.216698836442357,0.22009821067678,0.222541599681456,0.224877445000993,0.227993389701069,0.230039959741357,0.232558887410353,0.233178367641774,0.233250847316466,0.232754674236535,0.230665090393453,0.229226484109978,0.228367095312855,0.227454208017742,0.226944006142024,0.22746480969552,0.22724364044044,0.227340836592499,0.227111362596489,0.228673623691939,0.228806035080652
"748",0.010191653232497,0.0122305677122722,0.0137478066179251,0.0151136567702637,0.0164770906390252,0.0171217764745537,0.0182316348179057,0.0190785656510364,0.0194012135277325,0.0195004983724389,0.0193931567911792,0.019494937794406,0.0195740620327916,0.0189191589519297,0.0188482217584727,0.0189612536032333,0.0198009342170894,0.0184494765681113,0.0174325222452557,0.0160990547447114,0.0142744015123137,0.013127954275817,0.0116913939153877,0.0111660614584653,0.011279422116621,0.0115497627382299,0.012282306919914,0.0126875133033941,0.0136280932872273,0.0142170754679607,0.0149662258699955,0.0148461135801373,0.0152093558034828,0.0144610544383284,0.0142139162193079,0.013220149667685,0.0125835125849488
"749",0.274770938798846,0.272596988129552,0.272189719289716,0.271971909867771,0.270935620041309,0.270824871513102,0.271280554873004,0.271410822234521,0.272087929614907,0.271677846530725,0.270997662224748,0.271075881441273,0.270896143770214,0.27170110149431,0.270308217296727,0.269510599590658,0.268107545891679,0.267927409785342,0.266104725787837,0.264548469169968,0.263143593906289,0.261838799407055,0.260953940421647,0.258753335807214,0.257563958043857,0.25549207996652,0.253313920340277,0.251248347868146,0.2508302792125,0.250084522151805,0.249640543893214,0.249283195589359,0.248275943942066,0.248300187129696,0.248503860440172,0.249401157753422,0.248986133469289
"750",0.121650511442865,0.122137698989125,0.121592225564406,0.121781720858925,0.122752269504352,0.123139631188982,0.123907644506333,0.125442829553158,0.128307308356067,0.129555641712044,0.131248073903609,0.134044317442767,0.135893727977249,0.138660416614647,0.140220059447098,0.141526157974353,0.143937522362936,0.14618125351558,0.148225861649583,0.150677038987941,0.153580919985996,0.155978997049983,0.158498868136936,0.160140557057892,0.161265104368447,0.162187756204408,0.163033162443858,0.164319973829684,0.165897354155796,0.166948116377587,0.168000857929661,0.170308902193669,0.17160631697477,0.17356590519677,0.175527597705928,0.177601012780915,0.179689068743676
"751",0.242291232149065,0.242056995665433,0.243288544944169,0.245305898727024,0.2464760497706,0.248503463157021,0.251692932404573,0.254286228741997,0.258023983249634,0.260829494377757,0.262801966603469,0.266062497094105,0.268877293733337,0.271820331913141,0.272422159940262,0.273769491436583,0.275815665922002,0.278272210882863,0.279140662733415,0.279360890561255,0.280088874969109,0.280038346796592,0.280623791005609,0.279193422105945,0.277932943385489,0.275828214221904,0.271215086472845,0.266923077228912,0.26379085920336,0.260628183819489,0.258356746880407,0.255962264485837,0.253573417468946,0.249962719263743,0.245502942856388,0.244593272826569,0.240467118020452
"752",0.374658428215473,0.373649933694738,0.372961898768136,0.372536196852231,0.373846076451968,0.373973731503743,0.374477113185621,0.374618826896449,0.375683047753368,0.373023727789216,0.371977499388449,0.371524495859606,0.37095726122865,0.368504569331288,0.36705648978625,0.367275090252512,0.370267508445829,0.373349810270182,0.375366371085882,0.377999660542452,0.380778049316967,0.381597144248919,0.382431304382278,0.381542640500354,0.38145678200123,0.379733938429547,0.375098181290985,0.37212284728921,0.371395579555934,0.372339965621941,0.373139493818831,0.372740849234337,0.372028592787985,0.37321438930604,0.375033955479735,0.376968980779506,0.375507569868634
"753",0.20516531979513,0.202621050226322,0.201244508620477,0.2000100511655,0.197858328554562,0.196709250202186,0.195932593362765,0.195310164551478,0.19546323749491,0.194807159801696,0.194114650758441,0.19413312105168,0.193461184131777,0.194274572094455,0.19296231600745,0.191746912331903,0.189835233677373,0.189433957525295,0.188171387215569,0.187589004014064,0.187506012480641,0.187468663089488,0.187692811303915,0.186888454836311,0.186407661665004,0.185361566206263,0.184842407860296,0.184503555570577,0.185097232319081,0.185322165578118,0.185539516384735,0.186442928694454,0.186368928645771,0.187575635833681,0.189059193444895,0.190492067991935,0.191618572105721
"754",0.30407622732283,0.301796981000825,0.301258449944561,0.300918045541507,0.299987180068222,0.299827269617853,0.300375494630196,0.300348211359771,0.300994883636822,0.30029793676207,0.299558898076095,0.299572009641818,0.299340951973194,0.299155048896821,0.297342109730654,0.296542207894923,0.295719775513097,0.29620853754817,0.295033746595944,0.293783708333912,0.292993656266826,0.291589327240182,0.290702674158633,0.287806894632511,0.285574272927046,0.28208547349631,0.276900649219519,0.271934529056037,0.26853291398665,0.265452277502766,0.262862375283131,0.259602955107673,0.255961560214241,0.252594503750813,0.249025716342413,0.247891960418043,0.243541752338189
"755",0.060521162620122,0.0610669877065623,0.0609668287906268,0.0607044593902442,0.059967133778688,0.0591040416737716,0.0590141571760682,0.0586704011939268,0.0585747301334883,0.0581832997107729,0.0579232174373838,0.0581191525394384,0.0576586454619533,0.0559972577833892,0.0548009359865585,0.0540910190688116,0.0544717297956812,0.053883664687414,0.0537943013993623,0.0531490221507608,0.0530263351405515,0.0524071118959853,0.051623277179134,0.0503998970929436,0.0487732269377713,0.0468871987774501,0.0435688362627796,0.0401406693558652,0.0370363504687975,0.0346734487000436,0.0327645973735197,0.0294816458454611,0.0269281444807193,0.023002446871225,0.0196961283432126,0.0173382911090384,0.0140451057522823
"756",0.36493266223807,0.366940932456546,0.369104093455709,0.372475158268795,0.378339787695106,0.382397732148303,0.387547066334202,0.39201243038342,0.397452826328058,0.398594735407674,0.400552621652259,0.403528340694354,0.406753343186577,0.405966935068076,0.40705600768791,0.41043055647331,0.419149370334362,0.424428598196783,0.428568257191879,0.431927320662021,0.434556727005539,0.434909884816526,0.43505521745882,0.434031908585876,0.434346323533,0.43301993451384,0.426505193790502,0.42187077375949,0.420240743924668,0.420745476032319,0.421679370275013,0.419732221057969,0.41884217133392,0.417749819398382,0.417427155069292,0.417930300557995,0.413825285407493
"757",0.314383035513693,0.316404686566066,0.320048776862649,0.324184582634985,0.328348956208023,0.332179599726962,0.33695164102512,0.340764558149135,0.344504646547442,0.346097008175767,0.347009188671932,0.348898326159653,0.351295373837457,0.352767378407056,0.353270141740138,0.355125026988661,0.358704046156035,0.360361954975457,0.360041925990604,0.359236154756797,0.357425920120934,0.355735748297036,0.354302976941166,0.352323186552513,0.352424422783103,0.351591406718484,0.349278815949745,0.347384304002949,0.348125339997036,0.348728186582732,0.34990087948645,0.349907570448499,0.350144775980258,0.350430119234667,0.351029988568454,0.352144663707366,0.350802863664124
"758",0.267943709245303,0.263393848656997,0.2601951004361,0.257049225555149,0.253009597590801,0.250199833577838,0.247712961664604,0.245141013285531,0.244085647289114,0.241802161476408,0.240322446846485,0.239447939627866,0.237347008491928,0.235368856275576,0.231916807393465,0.229167456856012,0.226272260258237,0.227400634971639,0.227902064545104,0.22889360964181,0.231893205229838,0.23271397565336,0.234113016278689,0.232223006443194,0.22909603110287,0.224380928115225,0.216565224961523,0.209209464448762,0.201498808787691,0.19564222292538,0.189515843106808,0.18254391909133,0.173888785415875,0.16637073145719,0.158186718494306,0.154790165836096,0.144202167357071
"759",0.245092560370732,0.24247382433049,0.241244425749112,0.24038938845666,0.238807684020606,0.238250795031924,0.238296827591233,0.23829261619972,0.239438725579837,0.239544403468095,0.239617641112291,0.240633150560223,0.240998774467098,0.242248231880547,0.241364678847297,0.240953967225019,0.240489056622308,0.241680451987804,0.241679558751276,0.241882192114599,0.242862483120082,0.243154060365304,0.24395023565376,0.242850772877566,0.241753972594406,0.23979792670278,0.236644951709135,0.23391744020833,0.232150091771938,0.230512250797215,0.229204480217842,0.228329632631392,0.226735864237402,0.225859939593646,0.224886950177822,0.2255847306914,0.224499761120962
"760",0.215142259377293,0.213632624731357,0.211642967243798,0.210973266338992,0.211802345138993,0.21227872321056,0.213001824598918,0.214905260044929,0.219205521745504,0.220825019017906,0.223349719230293,0.227234585988712,0.229954466619529,0.233751741686445,0.235807626087267,0.237811256480251,0.241441660523611,0.245947084244407,0.249608012840918,0.253836358159182,0.25864922010504,0.262007901810829,0.265629567596392,0.267391832724677,0.268637679403206,0.269164666145685,0.268444024390542,0.268768017162872,0.269820554856282,0.270944989396613,0.27201924159787,0.274301919005018,0.275379255180519,0.277996084676603,0.280503002854063,0.28358316157731,0.285317066639558
"761",0.00311562923655684,0.0234724306555527,0.0404033433750843,0.0580650709804458,0.0761436081448239,0.0871788897124624,0.0975936754752183,0.107427387955062,0.116730342692425,0.123682578067513,0.129034745615967,0.135867877119144,0.142170976678201,0.149905904748951,0.154817197212026,0.158838124112383,0.163543628392375,0.165956900769037,0.167496752980343,0.169036642096384,0.170080424684451,0.171921911890005,0.173930917127478,0.176071813454052,0.17857753540449,0.181228777452612,0.184498819786876,0.187660464214573,0.191385891957081,0.193476911205126,0.195760194524121,0.199380700305747,0.202064716065484,0.2048408767907,0.207432066873307,0.209951021671794,0.212777623867011
"762",0.162760738361515,0.1578436421216,0.151858304054299,0.145997674328165,0.14130380511298,0.136346237572978,0.13052067453968,0.126474430846431,0.125261123033105,0.12037209967557,0.119081196704983,0.118227873967537,0.114831947028996,0.11139876124355,0.109893433852724,0.108097700382447,0.109905629422313,0.115300192043387,0.122167994365857,0.130964957704058,0.140876533523297,0.147260400861101,0.153222701938673,0.156936878851729,0.158465032210873,0.159287958087016,0.159687310816431,0.161635696111453,0.163035688164352,0.165246928564998,0.16650879617305,0.169800670744423,0.171019953554605,0.175201958286867,0.179507405453634,0.183157044857416,0.186740675347451
"763",0.02706709494925,0.0307914871142974,0.0333319951979915,0.0361251029380612,0.0391104328240914,0.0410116170253809,0.0437897755182379,0.0462354098140763,0.0487943711318032,0.0508688733508957,0.0525715170230147,0.055111031043998,0.0572435175614392,0.0584480726778266,0.0596886209357913,0.061128740263885,0.0640573018254048,0.0646310887495114,0.0654640777883255,0.0655018887882687,0.0656020849818809,0.0656929624227874,0.0656636624071793,0.0656992927983615,0.0655595050549861,0.0655628014896876,0.0646362933153637,0.0635540485155738,0.0628619786165284,0.0619332810482314,0.0616293123247917,0.0606845662685476,0.0603571964184654,0.0578706658858716,0.0556486195216326,0.0540010842320221,0.0519670581294822
"764",0.297686161944299,0.29754219348854,0.297785940519639,0.299176805701525,0.302012040314155,0.304210670449764,0.306898786274337,0.30989728253672,0.314342855623951,0.315705073274868,0.317557727901324,0.320596254574191,0.323298360144058,0.32573634223994,0.32719078573171,0.329474295154978,0.334146571756695,0.338231986091552,0.341006088819861,0.344070004147004,0.347007612893412,0.34869672989144,0.350535913169288,0.35099316767357,0.35211216247739,0.352137765158576,0.349909257481858,0.348906352212623,0.349760411003898,0.351247503018088,0.352816862536221,0.353922447054577,0.354626681596688,0.356425498248419,0.358505590310698,0.360836103659322,0.360468848533029
"765",0.148003344513342,0.143677908021494,0.139614659036255,0.134933796558364,0.129375683185803,0.12444349672072,0.118919335644181,0.113840407129295,0.108952380155246,0.102224442984376,0.0969374198444422,0.0905266097217353,0.0818857170222453,0.0728674818962685,0.0646605707704177,0.0557238571386317,0.04451744211857,0.0379317682727626,0.0331780820026511,0.0338446806898486,0.0357978500504617,0.0367905063758041,0.0366026651270623,0.0365816931420619,0.0366590201120132,0.035258658494457,0.0389376049709443,0.0438277095539299,0.0488120146501806,0.0551289522882305,0.0584555097509742,0.0620646031102914,0.0630525616849197,0.0698950431090325,0.0779350357842833,0.0808209605503999,0.0852506000831602
"766",0.214113089736713,0.215189549259107,0.217697315362847,0.220222702138145,0.221670583624081,0.223554146209968,0.225740803111625,0.227829920042952,0.229572406513133,0.230530981127477,0.230384845268617,0.231050934529874,0.231912486701442,0.235456955901914,0.235798998074618,0.235972617674633,0.234699591967189,0.233030169549487,0.229451769046529,0.22658571093411,0.222296290942489,0.220320552930867,0.21837242298284,0.217608565628256,0.219579395868861,0.221487097046477,0.226644275195721,0.230881087422733,0.236676039204731,0.240156408411744,0.243463146135272,0.247477727586272,0.250334747830651,0.254425060815586,0.258672621077311,0.261541575466373,0.264722969639309
"767",0.205308167862958,0.214970330699555,0.225013172831199,0.234187158898023,0.241290249003177,0.247622049963211,0.254212477778658,0.259903433148096,0.264312299224215,0.267817784380158,0.269150041813172,0.271557127358965,0.274731373884587,0.280224644870828,0.282105516208436,0.283992530492164,0.285009525718056,0.284045871435913,0.280598964387072,0.277218379863228,0.271499455465453,0.268661355626038,0.265881941321659,0.264917683945483,0.267649584527639,0.270435867186529,0.276085882557115,0.28044467934661,0.286801915626177,0.290519919845051,0.294355483005917,0.29828404664699,0.301485363467596,0.305188044509763,0.309029684725641,0.311678100332044,0.313925972533782
"768",0.314294921761017,0.311265278957986,0.309522337562491,0.307576977398264,0.30561511739374,0.303840815851524,0.301715733819451,0.299717143145077,0.297793508443351,0.293500172017503,0.289973123081948,0.286361008347665,0.282281457702795,0.280377747928897,0.276821963652509,0.273246335089625,0.267473661197414,0.263996937879276,0.258981646083084,0.257147059854996,0.254659689946646,0.253716791726735,0.252488412390894,0.251935972708195,0.253956494770293,0.254990838633845,0.260977908615637,0.266700449626201,0.273771873037865,0.279527416486692,0.283787788393768,0.288739824152449,0.291469391830427,0.298188647039412,0.305279935162893,0.309438803027599,0.313251334712374
"769",0.000611557369123882,0.000840064439670039,0.000919517967784337,0.000975218625894711,0.00114904228023503,0.0011282884030103,0.00113763082195795,0.00116694325981788,0.00114317153614939,0.000977091872800112,0.000903765463724287,0.000838848390815282,0.000753416457348005,0.000576735393680349,0.000565008954506093,0.000563594230459607,0.000709287618417574,0.000624544522258782,0.000631976836399645,0.00067223442473106,0.000664028234655372,0.000686471011643823,0.000646704895958533,0.000732683336713581,0.000865057360302361,0.00103214993420284,0.00131382882422479,0.00162731382978004,0.00203343349114533,0.00246616615594064,0.00288443559485717,0.00308209584172324,0.0033681889502522,0.00340390992431674,0.00364170001324777,0.00342804747684684,0.00338149897080716
"770",0.23634860220338,0.236059855862286,0.237486601648957,0.239433603241572,0.240158060419138,0.241909861439702,0.24474270540593,0.246921577719342,0.24986737065754,0.25221449089487,0.253557580724144,0.256082099795891,0.258305695615168,0.261080334001449,0.261260548813488,0.262083173078624,0.262968775570958,0.264318032421247,0.263991423306817,0.263072188505718,0.262463544382619,0.261604205931753,0.26135911547102,0.259408869235374,0.257953269882532,0.255764561908181,0.251809084125227,0.247841914033295,0.245170178826796,0.24209948610881,0.239971635347555,0.237606301019948,0.235307905700013,0.231633496125064,0.227226241069094,0.22588462574858,0.221763042453351
"771",0.414964069643366,0.416541123229816,0.418489301089161,0.420343615901814,0.424365024388793,0.42616362590732,0.428732241147423,0.429862690375933,0.430294418979658,0.426705874204684,0.424366452638494,0.42218886989659,0.420896781039885,0.415951899291996,0.413444083872598,0.413403280120235,0.416212141456732,0.41649740897214,0.41500357152902,0.413403360387628,0.410535730225375,0.407198675650805,0.40371149394899,0.399739680515271,0.398610958308314,0.395764758893243,0.391473864720986,0.388006998989251,0.388071796919029,0.389193438408829,0.39037483370844,0.388952402474548,0.387878809659357,0.38824946161383,0.389708774515156,0.390431121882419,0.387901452255606
"772",0.20681827622815,0.204805020266494,0.203923078502208,0.203371654762463,0.201990652210815,0.201560438467161,0.201696628177545,0.20189946711935,0.20306731396689,0.203438015392938,0.203613042689928,0.204718998739875,0.205168159201467,0.206873154341481,0.206321001682222,0.205971192835952,0.205332586110314,0.205956790161383,0.205572507677774,0.205475410561214,0.205964990075112,0.206227499875703,0.206890618933673,0.206181252764344,0.205581319509817,0.204401444962242,0.202863594552509,0.201564407186695,0.201148247472325,0.200446242802123,0.200013895183814,0.200226032961128,0.199685638147762,0.199797026939907,0.199939871521023,0.20095928002541,0.201095412756912
"773",0.151333651625014,0.154530674240653,0.15719163459899,0.160758689723862,0.164341007893475,0.167384454158655,0.171047057409319,0.17483687194138,0.179511374372539,0.182931264541365,0.185609029154574,0.189622331589975,0.193051444312366,0.197895744625567,0.200092322507871,0.202102521365362,0.204487617925827,0.206591673280716,0.207604563128896,0.208687311821884,0.209891958457414,0.211177408265993,0.21283406123365,0.213614580891784,0.214591957002996,0.215316388369387,0.215851987706121,0.216621489445396,0.218219472533109,0.21891653187981,0.21992728774758,0.222038447551501,0.223328797716367,0.224987592008065,0.22648214033608,0.22858104941617,0.230218022528771
"774",0.100583607431502,0.100503331108573,0.100255982152859,0.100127002552024,0.0992873126301518,0.0987643983323663,0.0991407236696898,0.099329574527021,0.100240516122395,0.100862109211391,0.101380446544777,0.102718141981306,0.10325201611572,0.103357087499829,0.102778910801998,0.102578345110624,0.10316503411148,0.103538001565473,0.103919862214259,0.103742199297082,0.104360838004108,0.104363829534013,0.104503213661234,0.103551773944499,0.101978397598365,0.100071555539748,0.0964616087094338,0.0927324509655705,0.0892011599181937,0.0860897374871264,0.0836222514943746,0.0802312829645009,0.0772830730073959,0.072374465884834,0.0675292995102435,0.0646219505524222,0.0597053547228528
"775",0.372306325477583,0.372797978549485,0.374853423473264,0.376856519368448,0.379349534750114,0.381158008165722,0.383866808807155,0.385187304882427,0.385858204931858,0.384090827414857,0.382372784994222,0.381049617601644,0.380499837989569,0.378089518944277,0.375911712898175,0.375625332002091,0.376319534802667,0.37540568889569,0.372111703834152,0.368187174914822,0.362832110372868,0.357938636479768,0.35309929245459,0.34766004671232,0.345345163787292,0.341677611161538,0.337909852766184,0.333836403458097,0.333258262196553,0.332308455782571,0.331999029997023,0.329595320780624,0.327587011710139,0.325923917804346,0.324896285855061,0.324082831902661,0.320965811583687
"776",0.283790678835099,0.284632595229339,0.286535453470338,0.289253147395562,0.292331842967674,0.295198065353485,0.298718593591925,0.302023953978868,0.306008836305526,0.307796013040462,0.309242585250256,0.311814929454057,0.314380379426119,0.317130250278689,0.318223440396663,0.320092332806749,0.323334738920131,0.325814671145971,0.326648741539419,0.327574023934618,0.328100095967713,0.328356672705142,0.328910728709782,0.328520501932188,0.329322601146566,0.329258822601537,0.327903098925135,0.327234255984059,0.328516923440283,0.329729575406483,0.331201839388354,0.332401012514024,0.333216871113237,0.33482475567138,0.336624151487643,0.338735707846583,0.338738216045461
"777",0.582224929773738,0.596548907670367,0.604043209043703,0.61094590287025,0.630059948948938,0.636405871171239,0.644487924370107,0.648993548509796,0.651094469880082,0.639952841493459,0.636366519221179,0.631837664062349,0.629961351019033,0.60786854681873,0.605198227047785,0.610211295900706,0.634431052311679,0.642919121568375,0.653949720607356,0.662735723063678,0.667845706561644,0.66576100067758,0.66033053969411,0.656887623086124,0.657253500046427,0.653846181338206,0.635841242626934,0.623064788853445,0.61750313238879,0.621071566445781,0.624661533592793,0.61417601045176,0.610184751207802,0.602674423272658,0.599527818406198,0.593549507043185,0.577034987378593
"778",0.00354826864123349,0.00460928182043942,0.00519422894904633,0.00582559953509499,0.00682362158717377,0.00721801866698978,0.00790310685802336,0.00857414632282536,0.00919999349683356,0.00939465266505814,0.00973403687206443,0.0103122478981218,0.0107408609528056,0.0103214434241012,0.0106704016720454,0.0111830142198005,0.0129161320569318,0.0129450839932725,0.0134921662923208,0.0137519736358899,0.0138851448622549,0.0139909293884811,0.0138116635833468,0.0140858690654703,0.0143268602345508,0.0146839190685496,0.0147048802343497,0.0147156682824922,0.014936317640872,0.0151929648399219,0.0155957180532927,0.0153508235841665,0.0155128610338656,0.0146061254971526,0.0141083423608022,0.0132726169226068,0.0125323512563091
"779",0.156927141856646,0.157062885218693,0.158652240319139,0.160147442173638,0.159598964482345,0.160272852399842,0.161973628561612,0.162954720148437,0.163982712032309,0.165472800906358,0.165652056529928,0.166708265701395,0.167486493922458,0.169262735627145,0.168386344156758,0.167810976572623,0.166096392750962,0.164502150413296,0.161597650109258,0.157849103323918,0.153982742679538,0.150858412141047,0.147939818923739,0.14427960607519,0.141622162121496,0.138604219450204,0.135141744954398,0.130469873340193,0.127187091170831,0.122916176833198,0.119909148484531,0.11493749379998,0.111015316312584,0.103321361671234,0.0951339218118792,0.08905050150443,0.0800161206935167
"780",0.228845486438753,0.224560790037484,0.220769403647866,0.217227120730552,0.213762596876758,0.210904454763023,0.207851995802865,0.205691494186515,0.205372360962926,0.202902556397559,0.201926523047041,0.201618109256736,0.199899350615306,0.199449490423426,0.197964276724277,0.196464947287998,0.19564982682912,0.197921782353889,0.200108959196123,0.203918698247493,0.208901342434509,0.212207176988113,0.215654761000354,0.217115730682553,0.21769043383257,0.217417344764857,0.216909086093398,0.217527030629766,0.218471901025219,0.219844385069987,0.220655580506919,0.223030015304549,0.223632965504774,0.227024088955662,0.230547001391086,0.233859171732401,0.236526664008255
"781",0.0236215801487002,0.0258832241928377,0.0266299037109437,0.0276315405569621,0.0294545845528364,0.0300937415161068,0.0312853003059542,0.0326212621200299,0.0343968015831079,0.0351788769045736,0.0363649742057086,0.03820007129735,0.0394805869591032,0.0396267744168942,0.040635942466506,0.0418197237302779,0.0450450367879328,0.046171756133851,0.0479772300889166,0.0493924450216004,0.0510084281565871,0.0521556683764086,0.0530501086372063,0.0539657262317932,0.0543337093727882,0.0547830975256467,0.0543922906126393,0.0541821088018788,0.0540995480440947,0.054096950779252,0.0543485581095523,0.054261028332874,0.0544213110208938,0.0532770754671778,0.0525260118945964,0.0517559055575868,0.0509031303897664
"782",0.277394744273051,0.277669339196076,0.279712116102959,0.282074920333758,0.283831124312129,0.285986177895626,0.288803947782714,0.291122809413341,0.293522664404331,0.294567778051575,0.294841036815295,0.296040136406188,0.297445685041557,0.299769231534187,0.299834071868351,0.300543423346217,0.30121538731962,0.301488852402177,0.299780629836337,0.298146025777986,0.29576440818077,0.294178956166462,0.292921331045547,0.291261715410292,0.291527597170232,0.291165081828385,0.291175110394397,0.291157121492085,0.293227840721698,0.294363255859359,0.29583105080849,0.297241561527319,0.298170933645149,0.29984481203413,0.301708118077051,0.303559387784209,0.304212889602824
"783",0.385049094505894,0.383399471702345,0.382219510653843,0.380455495121287,0.379865539828306,0.377940593300701,0.375363484842527,0.372357835192697,0.368633156917571,0.361002540788743,0.355003763619906,0.348001690475245,0.340415859385769,0.334042337325493,0.327363232113498,0.320558975536985,0.309464227467763,0.301075265048024,0.290130805344652,0.2854084248683,0.278745455766646,0.275412453299857,0.270567698086762,0.268948461112199,0.273205033756956,0.275543263605179,0.2897121400179,0.301573825025496,0.314105259822525,0.32432618792541,0.331285636539597,0.338051645967879,0.341757950788007,0.351127842642733,0.360861971286483,0.36550769806871,0.369077159851144
"784",0.230070404483507,0.228570209980829,0.22915552953792,0.229684949054254,0.228492703864002,0.228646148360092,0.229481309939224,0.22979183617685,0.230107041476547,0.230271707378649,0.229422800415548,0.229267212724274,0.228996122382847,0.230358213699814,0.22878526408795,0.227531331048208,0.224522859779253,0.222294874255863,0.218163441199128,0.213859385668813,0.20899411744641,0.20533807018449,0.201847162730135,0.19788206169095,0.195898970241247,0.193384434962114,0.19237396623757,0.190412728570768,0.190548115760861,0.189329745700968,0.188762310226017,0.187535296738975,0.186243224985455,0.184632492129947,0.183378263782322,0.182165352254711,0.180445034051965
"785",0.309682856363392,0.307031085950359,0.305905495142417,0.304955360354606,0.303655314441906,0.302987353257983,0.302865475912128,0.302329940858032,0.302627058198959,0.301298843045982,0.300279752916472,0.299949437140286,0.299235557094861,0.298585966812865,0.296523253911673,0.295431554353855,0.294424236644614,0.295152312725922,0.294408640229743,0.293929861734003,0.294117156787734,0.293410550357195,0.29318631207355,0.290847866074037,0.288950719989033,0.285736140654676,0.280894570540024,0.276589781356198,0.273741445968984,0.271514298882683,0.269517707148205,0.267239896363082,0.264261526915289,0.262561086718324,0.260936228430837,0.261135219164357,0.258626371896307
"786",0.269073405585601,0.267614124973368,0.267110282611334,0.267283944089685,0.267761308278232,0.268466328626845,0.269569560903786,0.270943327699152,0.273489507516968,0.27400808000833,0.274738102867804,0.276513468516619,0.277860345080149,0.280179029361034,0.28063158097255,0.281508623326925,0.283148933571587,0.285444741391131,0.286427719286542,0.288014811401281,0.28976842963275,0.290976806062094,0.292510403028634,0.292717825548312,0.293453238031459,0.293358032162231,0.292495841177457,0.292397011487148,0.293696547243645,0.294916616449942,0.296156448891245,0.297917162950743,0.298754343614469,0.301079401677108,0.303500747108534,0.306147551831457,0.307247217483754
"787",0.309623860259906,0.306601079049625,0.305269215531048,0.303811582111352,0.301705563352718,0.300312759517651,0.299164658691643,0.297604196176188,0.296323997409529,0.293551952216164,0.291026227334679,0.288771593096075,0.286139637771715,0.284391337622659,0.280851090336376,0.277934812810734,0.273417638824323,0.271203050587655,0.267257758639641,0.264280182276748,0.261510931251552,0.258950574820726,0.256605101186222,0.252885806196537,0.250609428258535,0.246969399049829,0.244708250868653,0.242495203294899,0.242291765111733,0.242169745264536,0.241717986316356,0.241052525579949,0.239126335775578,0.240351273567909,0.242426140694407,0.243621156658448,0.243913219313527
"788",0.0108898941279261,0.0124417554406927,0.013446080244922,0.0141631822109828,0.0148216631630364,0.0148569249126999,0.0152091576246015,0.0153615709148813,0.014932931707934,0.0142715016174845,0.013567985620948,0.0128767653364406,0.0121771226192258,0.0109833542900956,0.0104152260102001,0.00998182158432433,0.00984158372934054,0.00826074526053256,0.00698666364234292,0.00577825839644249,0.00426814286448064,0.0034131838225839,0.00247462118385718,0.00214246899919846,0.00224081086450601,0.00239186721600327,0.00312328623301782,0.00371304824480804,0.00469720328405608,0.0054850332231141,0.00627037129515945,0.00648096159018228,0.00690976737503046,0.00689685052311298,0.00728522577773008,0.00675445068208267,0.00662814009033269
"789",0.174428568101476,0.174891341167242,0.175889079950903,0.177510945057122,0.17851834766066,0.17995290354767,0.182170230211772,0.18434698294513,0.187471881258591,0.189809739637666,0.191504335426294,0.194405660878339,0.196715481369926,0.200199747491409,0.201178656400861,0.202238857684943,0.203414395720706,0.204921085141983,0.205332014135849,0.205662381790587,0.206374057060097,0.206985762830394,0.208035382110096,0.207884833385528,0.207840758569611,0.207422996520605,0.206412435166681,0.205584371678803,0.205605451436352,0.205016964616763,0.204908081145234,0.205577400515795,0.205678037787631,0.205758463140947,0.205658492247637,0.2067469089454,0.207005616289094
"790",0.459892759356711,0.463572143331994,0.4650455324473,0.46657197196678,0.47388149190343,0.475942719592582,0.477978985808427,0.479564724564621,0.481019515066338,0.474751219537045,0.472429778884173,0.470115653567752,0.468613592781919,0.461644259773743,0.460791217264674,0.462760309200786,0.472106742012851,0.47674886453732,0.481334448923172,0.487441098010526,0.491669188682928,0.493248726689232,0.493444437191265,0.494060554099079,0.497067372660072,0.497847404486056,0.493849047888263,0.492156635893992,0.494213010176564,0.499704649910952,0.504502645830506,0.503186078381539,0.503600285568927,0.504091896332219,0.506561652011313,0.506143458036153,0.499326311228363
"791",0.255517383649072,0.253715705571998,0.253030561978403,0.252946945670911,0.252736319677396,0.253089201016325,0.253963581096757,0.254978097434454,0.257199007775691,0.257831471485086,0.258513577563292,0.260247961114341,0.261455561662378,0.263627620920307,0.26374919611871,0.264291510141375,0.265298107301155,0.26730670797053,0.268031771155864,0.269149367329785,0.27068014936815,0.271613380976701,0.272965639809345,0.272757866231975,0.272845325184018,0.272135326751745,0.27050466512211,0.26953369767317,0.269788890797253,0.269977366332053,0.270338100609201,0.271353627496012,0.271503321235459,0.272868459093197,0.274233936293984,0.276386057575328,0.277097895156157
"792",0.237731903386882,0.233485245282282,0.228746581768104,0.224195287710601,0.221432998898972,0.217991566468447,0.212920150205541,0.210242773680625,0.209251941975504,0.203703732064499,0.201147872347785,0.198703870511146,0.194635863831948,0.194841653218977,0.194815606919163,0.193270912881608,0.19253806283315,0.19463037087526,0.197463541509363,0.205389637856617,0.212694423298425,0.219311269875742,0.225099073240533,0.230722040881849,0.236094896648626,0.240642259929948,0.247963300144133,0.255645816703776,0.26319242746706,0.269555616652149,0.274330587561566,0.280763288946956,0.284616023663098,0.2919157135861,0.299129219457782,0.304044874103322,0.308514174401705
"793",0.0811552547037066,0.082891696269033,0.0844933376641254,0.0859270120553093,0.0863504964959139,0.0868304189818348,0.0881623226854887,0.0890817460345961,0.089887185316716,0.0907142432998583,0.0908770752050939,0.0917121617553738,0.0921911511664293,0.0927206355859201,0.0922981797933522,0.0920844186407391,0.0919514936988898,0.090551293620922,0.0889177451583225,0.086731588438795,0.0843941330013648,0.0826741755127847,0.080816421844173,0.0791572393424073,0.078133276451077,0.0771021203178807,0.0761008105022321,0.0745336975322063,0.0739207641631477,0.0727842339228214,0.0722808140515907,0.0707081671289889,0.0697726409361075,0.0669449698578586,0.0646019262357877,0.0623703401021385,0.0598166108115257
"794",0.21364275981432,0.211474100457488,0.210751540523849,0.21027277527471,0.208611346796236,0.208147842309636,0.208382375882396,0.208436774412865,0.209335375136061,0.209728167557425,0.209716289167509,0.210606330573036,0.210899742216245,0.212264163749248,0.211251167440693,0.210587710108331,0.209382313976465,0.209561853521143,0.2085780956236,0.207587620687646,0.207235408419747,0.206666478189709,0.206559442690227,0.204878329401572,0.203360324025155,0.201153994722862,0.198146984151372,0.195129810432232,0.193047136917142,0.190795374773796,0.189051672946956,0.187349519592194,0.185241860354324,0.182981232598484,0.180623408796943,0.179960141145341,0.177597449142888
"795",0.0103109557374972,0.0190039896734967,0.0273596642571925,0.0357217451657395,0.0436078743461438,0.0492201857120261,0.0553282918263087,0.0606389455022954,0.0646537527040499,0.0683706475056447,0.0704680398074521,0.0734905890433484,0.076767524273212,0.0807575777688432,0.0832700033940646,0.0854156463180156,0.0877525988497507,0.0866325605309409,0.0850483445687879,0.0829658358289898,0.0795231648763907,0.078083800684889,0.0763262663083631,0.0765009947973921,0.0783596443617348,0.0808208902071491,0.0850180599100164,0.0882416449446925,0.0923918907152335,0.0944677067558073,0.0969160581017824,0.0993223246224685,0.101799914042691,0.102720912981443,0.103937031685608,0.104127919417782,0.105499644588502
"796",0.204521574955086,0.203261441676217,0.203736202354295,0.203902862168785,0.202551211267461,0.202212764927621,0.202042031053749,0.201809131954401,0.20102137491876,0.199847958733025,0.197780181542908,0.195992251119799,0.194185786253731,0.195320711690876,0.193449752011051,0.19126153318332,0.186219048086488,0.181242246207118,0.174269035473102,0.168330342409707,0.160108239909819,0.155180564924279,0.149471566575992,0.146431503681197,0.147998834943612,0.149638175443734,0.15808373914309,0.164505621101872,0.172691000137461,0.177673617742014,0.181900630735566,0.186500453760298,0.189724381003177,0.19477937327037,0.20035766005414,0.20297949478437,0.207205590705236
"797",0.0803295720569349,0.0801305680356508,0.0789106592661054,0.0777120263332161,0.0767973177851256,0.0754305743229532,0.0743720083063399,0.0737704330926728,0.0738223518091737,0.0726563979162589,0.0722999816310681,0.0724235085100071,0.0716622460518949,0.0705947957517774,0.070047792081665,0.069569988431757,0.0704779201507089,0.0707981089232784,0.0718257981933178,0.0733567611151579,0.0753159132398025,0.0767597444437788,0.0779374082640489,0.0789285584325233,0.0794169360015332,0.0797613635509362,0.0801645877958939,0.0809327990779904,0.0818810618337513,0.0829070950698031,0.0837405433916673,0.0847815140287504,0.0853385070691306,0.0860827847391001,0.0873469258345708,0.0878408192627831,0.0886420419158408
"798",0.05529759444832,0.0554031941195668,0.0546928301998663,0.0533676425957566,0.0518927153445159,0.0498916076285834,0.0478150027663495,0.0459872738765807,0.0434752039419188,0.0399647097960215,0.0370278800107049,0.0336000375386028,0.0297245265338334,0.026092730785387,0.0234786980309758,0.0207161906596511,0.0174444766038695,0.0135214567952974,0.0102571561172269,0.0087012869178258,0.00648645945257378,0.00555126211640944,0.00417784686775787,0.00418976741872652,0.00535617319650554,0.00658660932774796,0.011212761922743,0.015943218829018,0.0214566914581855,0.0262081300243355,0.02985365261327,0.0330439448123507,0.0355050101256517,0.0390978329039455,0.0435854898121977,0.0444676433399153,0.0470667083617266
"799",0.33155187632662,0.328887087447001,0.327134955196842,0.325714648272569,0.324812317703101,0.323982533393634,0.323627200267073,0.323063462517514,0.32395013194993,0.322329090930541,0.32179233378968,0.322052912749237,0.321721297509954,0.320570585242406,0.318968642665018,0.318605841609694,0.319829514199775,0.322793486687953,0.32464991305907,0.326840132920924,0.329969600883035,0.331021784923718,0.332447651219045,0.331330998036381,0.330127393879155,0.327416255934673,0.321669568716003,0.317233210470875,0.314140547907592,0.312475648627553,0.310883463137265,0.309115642187659,0.306618132613108,0.305826068790562,0.30511088697095,0.306438276296304,0.304492194161607
"800",0.276219916339793,0.273709491177777,0.271228243049797,0.269094430586117,0.268726043843348,0.267534641193625,0.265190186436895,0.264659385984706,0.265018956709274,0.261423078550005,0.259621535556279,0.258194422640175,0.256182228951693,0.258254840965789,0.258873641697339,0.258542709426747,0.258236169141281,0.259067023698982,0.259354058015322,0.263811281380804,0.267194546672457,0.271393836876555,0.275052637913945,0.279376454598373,0.284809174035175,0.289387821125489,0.296677122911868,0.303898021645789,0.311663881542608,0.318138481375214,0.323257161324001,0.329011391464209,0.332735166732739,0.339313995471448,0.345993541966699,0.350277252651891,0.353250519526865
"801",0.00855558941251498,0.00984300816872921,0.0100058171828515,0.0102431164225165,0.0113108405890856,0.0113815424878385,0.0116019660345535,0.0121105613605546,0.0128066546781688,0.0125446134065287,0.0128708471621253,0.0134604833139177,0.0137223835605129,0.0132264917388562,0.0138057990634292,0.0144382392754482,0.016725722964407,0.0173330818862258,0.0187244789648598,0.0202279943483514,0.0216773303792713,0.0228662711834084,0.0236489430870346,0.0249333688991624,0.0259165242014577,0.0270226513134935,0.0279942099930302,0.0291692529124615,0.030413335008553,0.0316702212744459,0.0328401796004482,0.0336685032652656,0.034578152986289,0.0347035975918641,0.0353302288136906,0.0350536092202217,0.0351744209756606
"802",0.194841762690293,0.189805169525955,0.185834345626786,0.181378231842451,0.175488946378663,0.170868111573945,0.165974977534187,0.161191150448737,0.156918545918687,0.1514871346414,0.147000938145238,0.141923255491994,0.13488700229794,0.127742430539029,0.119852997711476,0.111697701507019,0.10091902592208,0.0953886383842469,0.090658821827271,0.0890347881769174,0.0896783334909717,0.0886075393519008,0.0870444640584162,0.083405387844559,0.0789205971024747,0.0719493490376836,0.066419398946247,0.0619820047915663,0.0579629473863783,0.058230223331938,0.0557379346367853,0.0519358537553794,0.0450373401259828,0.0476949352921569,0.0530857644244115,0.0537948333230692,0.0538550732754855
"803",0.0458348206282996,0.0503627642795661,0.0521468969798441,0.0548734355050714,0.059574239268303,0.0619814923403547,0.0646887668156087,0.0681555078073863,0.0724651895657622,0.074793757046451,0.0775185109464012,0.0813362962213294,0.0843894501311274,0.087664887801483,0.0905937903923509,0.093096196143119,0.097421616104625,0.099734825116542,0.102253966800696,0.10489587203406,0.107564941771817,0.110041513339316,0.112402660636599,0.114662786791288,0.116458426525029,0.118347324460885,0.120356586384517,0.122607063449128,0.124998316897793,0.126597394248347,0.128215453377645,0.130827077888769,0.132712739463297,0.134514366117917,0.136399908409658,0.137991126934237,0.14007320550078
"804",0.162891423993082,0.162519802247678,0.162382577296013,0.1628449006375,0.162996675321314,0.163503396471775,0.164670741770665,0.166066206901745,0.168620395819658,0.170221455417212,0.171621472053986,0.174157853855956,0.17592272537002,0.178749724497761,0.179516139541412,0.180306577320788,0.181455612488161,0.183103672069695,0.183996111876803,0.184986631888802,0.186546060081931,0.187740137321458,0.189292884385216,0.189592006207715,0.189667539666165,0.189375368469238,0.188522890812413,0.187982731514789,0.18804766170095,0.187698008649933,0.187665000309173,0.188548339304419,0.188712188572729,0.189142436497737,0.189479483037959,0.190759197531515,0.191393514398698
"805",0.266923171154752,0.265407340819397,0.264607237233991,0.264353011411149,0.264783805095475,0.265108361061151,0.265345712498548,0.266319383106802,0.26818736979187,0.267596963828477,0.267529530418295,0.268317963220262,0.268763020886726,0.271264158424462,0.27181396855092,0.272348693036391,0.273184368670484,0.274636904296292,0.27489276410165,0.276733773561638,0.27825737659018,0.279987161467452,0.281809149401025,0.283173015104072,0.285512328617374,0.287143569404553,0.289639385427243,0.292611693888747,0.296831482874609,0.300367375562661,0.303412310421807,0.307127567806616,0.30944897962816,0.313901811336232,0.318508825614729,0.322029275602208,0.324389677951038
"806",0.260047627154084,0.259679624165149,0.261830581242081,0.263963264241732,0.264227561652257,0.265785920803337,0.26834527294974,0.269871360689187,0.271207124661572,0.272377167757725,0.272140612705768,0.272753321353822,0.273574063196378,0.275329281783062,0.274217584904522,0.273838487599852,0.272216655464625,0.270713991712486,0.266851727918611,0.262119992775274,0.256550840943386,0.252044604488528,0.247852959549977,0.242796060467896,0.239975019121865,0.236477907099791,0.233234546488277,0.228693382617547,0.226645323745031,0.222975631923768,0.220653657305557,0.216619061776705,0.213360212235257,0.207326684513915,0.200659509651373,0.195835573518589,0.188240972885631
"807",0.423293724880928,0.425663603214397,0.428484652018415,0.431270213892715,0.436255504649374,0.438885683558609,0.442732298961279,0.444648364302791,0.445766649062577,0.442910533432748,0.441125574918895,0.439605634145991,0.439175030996431,0.433553055533232,0.43118547524753,0.431872450950957,0.436542458992239,0.43762332646248,0.436950371809802,0.435094117147773,0.431988130351753,0.427762853735723,0.423456781410402,0.418114602175986,0.415363677374649,0.410626208625864,0.402187417917391,0.394428541746573,0.390357467730093,0.387644114005918,0.38565826133418,0.379973741672595,0.375442339737785,0.370290065683653,0.365567299447061,0.362833841035443,0.355126031533657
"808",0.236656189866649,0.238370094355045,0.242791023171908,0.246806359930892,0.248333677267411,0.251072492876836,0.254726604831185,0.257182501864895,0.258742015355929,0.260509743406372,0.260232239143951,0.260765653205989,0.261859348337683,0.264693921837604,0.264035362717962,0.263823664428193,0.261596584049631,0.25860175708935,0.252764488383087,0.245894413226755,0.23670183217835,0.229976290547609,0.223012312903289,0.216834810889601,0.215018109109069,0.213198992526386,0.214808330599878,0.214170531460682,0.216903214232637,0.216412918344921,0.217211995732638,0.216742658083624,0.216983954328026,0.215319257790413,0.213876750669196,0.211973486170781,0.210330501756465
"809",0.401221321094021,0.402627044074871,0.40374794439616,0.405438657096814,0.410270700260722,0.41262749124227,0.415664808816775,0.418103799274625,0.421128999322251,0.419219019529503,0.419134160926248,0.419705007770095,0.420722918174196,0.417665561605221,0.417489110776135,0.419734307374358,0.427282285485848,0.431738639035122,0.435267918915754,0.43874018681276,0.441380112037897,0.441782382058059,0.441784373509648,0.440891445116563,0.441590232913287,0.440501140173364,0.434883443618184,0.431259459816632,0.430794046767987,0.432688004397912,0.434616375070654,0.433321980285799,0.43289868447775,0.433032285567776,0.434270485679421,0.435090978119676,0.431249954852866
"810",0.3318930676072,0.332672862831338,0.3330355246226,0.334647198714161,0.339296297960945,0.342022910064411,0.34477752590566,0.348324360416207,0.353144632766057,0.353355056686339,0.354896119598515,0.357479601123557,0.359994549420368,0.36178237171194,0.363762408058777,0.366706316579083,0.3733139525466,0.378039176944833,0.381681534198465,0.386158314062579,0.38979102909293,0.392060977269249,0.394030247825767,0.395324984077111,0.397833010163315,0.399027037684181,0.397712916778066,0.397826722013286,0.400254972548644,0.40378515011557,0.407049561431548,0.408451245889224,0.409830902666547,0.412227457688332,0.415354258488136,0.417405515469808,0.415775177121826
"811",0.239765223105603,0.237997078159104,0.238055148481152,0.238251733703103,0.237176738825072,0.237260454584933,0.237985066074839,0.238369509830966,0.239151267017405,0.239371414002957,0.238930579635039,0.239294192173709,0.239394446007824,0.24089045503731,0.239742899456679,0.238970380922402,0.237152007943693,0.236360957474203,0.233938455986915,0.231598416218563,0.229252188827154,0.227443640271333,0.226011750352219,0.223593559279043,0.222322533975305,0.220412751275385,0.218910312933007,0.217145829513886,0.216974214558964,0.21603745025376,0.215559729918908,0.215115725917836,0.214212311703724,0.213670606379481,0.213278682608506,0.213503803807312,0.212844685844013
"812",0.00881335141970504,0.0100600636087217,0.010672725277113,0.0112132052888337,0.0118450497567724,0.011938377636391,0.0125115802623843,0.0128627964211008,0.0131538393528762,0.0131912389055882,0.0133242806518493,0.0136925787615019,0.0138257103468675,0.0127591462625237,0.012545874267797,0.0126606404881171,0.0138978914891579,0.0136756528540581,0.013944339493591,0.0136930787819044,0.0135177315582406,0.0131316136767728,0.0125415752627923,0.0120826588555743,0.0114981501390296,0.0109133419343193,0.00957383418435873,0.00826101313125284,0.00720908498415435,0.00647776245125644,0.00599120777110428,0.00491597354617403,0.00430273118803903,0.0031239009191913,0.00230233678647115,0.00174869056227124,0.00116701852213004
"813",0.256954368239342,0.253521011331686,0.25118720715078,0.249102468444516,0.246736982007,0.245128955281382,0.243647769378685,0.242538014427112,0.242669133771526,0.241122359973469,0.240232745421179,0.240052572053944,0.2390330076894,0.239355631827116,0.237921987561448,0.236723743314432,0.235419603684206,0.236441358829621,0.236614630540258,0.237970200810663,0.240113977187202,0.241486947430744,0.243167811651629,0.243201810726652,0.243223385246898,0.242361091823874,0.241418495508868,0.241254488841412,0.242008996893644,0.24289450539535,0.243497628379067,0.245139645241346,0.245373111621727,0.247955571811758,0.250725791087086,0.25346710653096,0.255303960474324
"814",0.264924094354919,0.263386781409875,0.263935226403748,0.264663029052972,0.264081980926512,0.264677622704609,0.266131836942172,0.266918945911177,0.268080941956694,0.268653161453079,0.268434505916924,0.269083557570055,0.269608506029152,0.270899949196165,0.269709309061276,0.269236359478799,0.268051847432774,0.267702391459869,0.26547224463747,0.262855699311594,0.260256348617535,0.257886896196325,0.256012468041542,0.252682223303357,0.250480462133486,0.247409389090799,0.243579187009228,0.23934926605386,0.236855193653205,0.233775876299267,0.231543122842845,0.228541079377976,0.225575260863589,0.221631355964548,0.21733149682282,0.215200866486334,0.210502704918691
"815",0.306481316854279,0.304658441034432,0.3048069437404,0.304969743495841,0.304372020447432,0.304494322592338,0.305215639136395,0.305270006568867,0.305393899224778,0.304287710375459,0.302852934069065,0.301977206332707,0.301149167557294,0.30092578506273,0.298783898287705,0.297502786474398,0.295299200415291,0.29392123712206,0.29045849840458,0.287077791427943,0.283276549354186,0.280054671657399,0.277122022328823,0.273167410986399,0.271164212632903,0.268116108168085,0.26575498041682,0.263073308875253,0.26274629292517,0.261816743430721,0.261259813084573,0.260068887152432,0.258450344392229,0.257880060959548,0.257743605183112,0.257811937578163,0.256565086352416
"816",0.194349146003574,0.196837647103687,0.198945782096249,0.202295252163531,0.206218512416712,0.209502854269677,0.213280338327296,0.217408541278912,0.2227373324653,0.226151301059879,0.229073606620863,0.233382843224311,0.237102887714675,0.242157277583001,0.244594297102189,0.246974166988075,0.250172214736256,0.253195620085025,0.254926686279302,0.256900890140752,0.258932747059371,0.260691082525851,0.262817633782523,0.263822343857554,0.265122726413509,0.265925008480923,0.266088296817848,0.266791910339145,0.268575534710647,0.269773008745089,0.271164118442807,0.273485476317852,0.274901646071195,0.277187106694075,0.279355899780191,0.282015871586332,0.283589150080983
"817",0.194479881701432,0.197980194785127,0.202423762615616,0.207266215527708,0.210792723150995,0.214557253192203,0.219169778069657,0.223154938240561,0.227350271440035,0.2308950020212,0.232930537126485,0.236226420696541,0.239422388253842,0.243984010181643,0.24540798075575,0.247016987534111,0.248400809376101,0.249357015947782,0.248571267237539,0.247472670543569,0.246019582190992,0.245268766699668,0.244985785063476,0.244062773555301,0.244284791744073,0.244200129083873,0.244019194308531,0.243692967287499,0.244870576517616,0.244850180667533,0.245491348581217,0.246595919382706,0.247350723923668,0.247831222193575,0.248136107455478,0.249368761438853,0.249777885625552
"818",0.185403309013847,0.184228578054482,0.185086517248145,0.185693753189498,0.183973517339727,0.183866203909025,0.184668726887629,0.184704532571243,0.184575353200135,0.185026228203598,0.184141590554306,0.183904355249017,0.183467354019105,0.184289163048366,0.182203620985857,0.180468392521216,0.176697576970168,0.173470415329101,0.16850685177098,0.162595342054998,0.156062301517878,0.150620971859976,0.145066184457554,0.138771191060714,0.134359578859733,0.129230172373226,0.12448626820687,0.117487519810264,0.112693101062082,0.106493518143763,0.101744253546636,0.0925988032971683,0.085002217267855,0.0717680607705149,0.0577539699215384,0.0451531693223194,0.027312541620795
"819",0.000615519459441378,0.000884203612204388,0.000935011273015664,0.00103377790937208,0.00138014141832796,0.0014784373510967,0.00167045803035397,0.00193680372116506,0.00235872370429739,0.00247258293965995,0.00281272490602465,0.00332875289657923,0.00371061904302908,0.00348953934499482,0.00385720472023222,0.00434493810866012,0.00598772654205845,0.00668436958726804,0.00793366832104896,0.00901366903799227,0.0102208078513988,0.011010848676663,0.0115593156532861,0.012249670446179,0.0125117188870418,0.0128438067792322,0.0123958988487135,0.0121366772309508,0.0118712998236704,0.01189754405578,0.0120342014749022,0.0117023443765575,0.0116936593062278,0.0108006828793851,0.0102260319912635,0.00958375589501048,0.00887694091449999
"820",0.191430410889911,0.192946744229014,0.194319072989891,0.196944038110853,0.199915009327502,0.202635770866193,0.206078581699179,0.209735662863721,0.214861508650923,0.218330191630199,0.221335905040037,0.225757187744837,0.229430494819689,0.234068219915028,0.236208587431108,0.238425039490942,0.241550291755775,0.244801193268682,0.246825723117502,0.248825917731236,0.251197550691845,0.252939626269461,0.255129877101315,0.25580333412599,0.25643726572994,0.256532981346787,0.255426056180182,0.254919306624482,0.255350155497502,0.255431153215681,0.255876780582386,0.25726881043589,0.257903539148427,0.259055260270991,0.259978152873407,0.26209879242036,0.262950301938697
"821",0.22698844292841,0.223653696812173,0.2202458447241,0.217200801619597,0.215315889027281,0.213178132614442,0.21019312587441,0.208931026139304,0.209134159996957,0.206122782484525,0.204922299620748,0.204263918901242,0.202499985523731,0.203908393335831,0.204128421554163,0.203519075945286,0.20333660820891,0.205035553265124,0.206664080130478,0.211442988585011,0.216120865121747,0.220494366717483,0.224570023723014,0.228234304441307,0.231928433955934,0.23498294239973,0.240041325389448,0.245604680084978,0.251466537660047,0.25635613912789,0.260146837618932,0.265542009915864,0.268743527911203,0.27491548584358,0.281071698582081,0.285517186238827,0.289660003340075
"822",0.00379485803306655,0.00454871945497669,0.0049043036178263,0.0051763916948835,0.00555430568022409,0.00553010771547021,0.00574961329813598,0.00585767833149276,0.00583591078484398,0.00560614510315395,0.00548522844740175,0.00543904153651229,0.00528573744190808,0.00450685786489375,0.00430289654488601,0.00425437932894164,0.00475675829198627,0.00442544005060502,0.00438221508453121,0.00417172023389173,0.00392165262982063,0.00366984500471161,0.00329464161485064,0.00311587672927638,0.00297754207686611,0.00284893121593402,0.00258479690071969,0.00231516734979448,0.00217040562679019,0.00210789205499971,0.00209389426120501,0.00179586050540533,0.00166655054714104,0.00131178371375683,0.00111179403975423,0.000881606883351318,0.000676121456683081
"823",0.182025478853145,0.180154036174065,0.17783187927552,0.176351425815177,0.175881011940509,0.175232522684465,0.174644122918654,0.175266619110787,0.177836186857078,0.17814065585461,0.179474690268927,0.181936665722107,0.183247252331703,0.186039932914223,0.187369133448284,0.188415635880178,0.190617375219964,0.193836404713771,0.196644393254742,0.200400083976446,0.204750199128453,0.208076301249825,0.211566265740968,0.213632223780071,0.215092732033541,0.216055892247794,0.216839052844877,0.21841700681089,0.220391634438509,0.222060484570278,0.223486924664099,0.226475750896247,0.228006041217994,0.231248164463855,0.234427818330061,0.237608678547253,0.240343981439532
"824",0.188711901213755,0.19089515816923,0.192994564399013,0.196054189384743,0.199316477302371,0.202179278573888,0.205509786600686,0.209130414919321,0.213682035359986,0.216634270176672,0.219004535677469,0.222680024326083,0.225876674717666,0.230684544230921,0.232781261745325,0.234758121198276,0.237154328546238,0.239417050924415,0.240400661672632,0.241717923048626,0.243001639542009,0.244374674197087,0.24610259601804,0.246974164492023,0.248307037759411,0.249241395947578,0.250070042714976,0.251250321727768,0.253483325264054,0.254877445116122,0.256432041728512,0.258998814950361,0.260601062926305,0.263085953802779,0.265474847928541,0.268128908541179,0.270038782387659
"825",0.211307987477682,0.221928813790532,0.230472117623837,0.239526696650623,0.249096062778248,0.256102514468133,0.262812774423487,0.269703656458843,0.276256230993586,0.280064790050847,0.282787147802891,0.286773270813493,0.291051159852245,0.297260812760825,0.300593261305623,0.303782746650751,0.307817144476636,0.309851018708438,0.310100731122348,0.311136488151471,0.310740480510055,0.311580916915654,0.312495753979046,0.313996773076644,0.317469781351857,0.320447767403126,0.32402222493449,0.32756350154104,0.332769733356875,0.336812893800422,0.340663925742725,0.344338441757499,0.347208347764892,0.35109870637676,0.355204935900862,0.358197898698192,0.359477850263732
"826",0.284797994872551,0.279410750163914,0.2747253845111,0.269706876154641,0.264550839171689,0.259842038837587,0.254149073972453,0.249125877749297,0.245369705714909,0.238521493173895,0.233935088239093,0.228881956536741,0.221595590519331,0.215679720053326,0.209278790723829,0.202235279118083,0.193859292225535,0.192908243013666,0.193096041036648,0.198575010282943,0.205816279082109,0.21048626360359,0.214742522020639,0.216869524996649,0.217974172596284,0.217568493880938,0.219383576399727,0.222933672378142,0.226580260316953,0.231198424622743,0.233771226296368,0.238301706892277,0.239716171355223,0.246977769185922,0.254552168265995,0.259573476556286,0.264321183550164
"827",0.274275325284169,0.271386837457893,0.269966931770114,0.268818912575021,0.267121677850143,0.266310846559717,0.265977425208403,0.265544960838798,0.266145481522709,0.265393976165231,0.26483362875356,0.265075077338398,0.264749490180259,0.265191642756,0.263742657250611,0.262894088827154,0.261937793539672,0.262841212029154,0.262466245525174,0.262533910796965,0.263316744477087,0.263388246779713,0.263927482155281,0.262570954793313,0.261441431539135,0.259290399531893,0.25612076601978,0.253498850970696,0.252071230990707,0.250922863504769,0.249939496857644,0.249319551785782,0.247829947275144,0.247729884903948,0.247715058361351,0.248909110748569,0.24834067961798
"828",0.0311091874180826,0.031418337525575,0.030446760369917,0.0292885967783801,0.0284954098274541,0.0270336005057113,0.0258956547969889,0.0248892227369604,0.0242129320250578,0.0226645487155147,0.0219952356533133,0.0214491517708451,0.0202501956941313,0.0177717712876325,0.0167405020525709,0.0160342964414358,0.0167566648913394,0.0168804193290862,0.0178947069636444,0.0190213918092474,0.0206217378164612,0.0214023397284826,0.0218527598300442,0.0221350598618375,0.0217770944194495,0.0212395882292695,0.0199006245567337,0.0189365582790987,0.0179935813101522,0.0178356961473534,0.0175809918419567,0.0167332261688997,0.016024998093811,0.0151021756179472,0.0147035755681046,0.0140050981077619,0.0130853234423655
"829",0.375977167189778,0.37606834175818,0.377415498477052,0.378880128095042,0.381103292443122,0.382598426923819,0.38510621684822,0.386281482852841,0.387403162347214,0.385868829255029,0.384742574336749,0.38416681984632,0.384085739867749,0.381381518299522,0.379394087466271,0.379524661222898,0.381670851013217,0.382643772880185,0.381752453383021,0.380133167561445,0.378086407369092,0.37514699174416,0.372479990941427,0.368186972128534,0.365587696773362,0.361310619077119,0.354060389531511,0.347246418603502,0.343133975320921,0.339818374626865,0.337200359380422,0.33229281737981,0.327837911556302,0.322897591174325,0.317814316660845,0.315447874459378,0.308463012393862
